Epoch,PRN,PR_Residual
121,5,-35.156219
121,10,3.697131
121,13,-53.915414
121,15,-60.913527
121,18,-22.089861
121,20,-22.273252
121,25,-26.600651
121,26,7.521582
121,29,-61.674234
122,5,-32.8792
122,10,1.156489
122,13,-51.42819
122,15,-59.666188
122,18,-23.675571
122,20,-24.683194
122,26,5.238618
122,29,-61.429906
123,5,-30.313261
123,10,-1.905011
123,13,-48.490436
123,15,-58.229478
123,18,-26.009478
123,20,-27.809417
123,26,2.147924
123,29,-61.471559
124,5,-28.933166
124,10,-3.65578
124,13,-46.68639
124,15,-57.25856
124,18,-27.757345
124,20,-29.762138
124,26,-0.041758
124,29,-61.659207
125,5,-28.083584
125,10,-4.679851
125,13,-45.492905
125,15,-56.527126
125,18,-28.844833
125,20,-30.896574
125,26,-1.449145
125,29,-61.687774
126,5,-27.998707
126,10,-4.683779
126,13,-45.151857
126,15,-56.126247
126,18,-29.067803
126,20,-30.911318
126,26,-1.814214
126,29,-61.530566
127,5,-28.073173
127,10,-4.522582
127,13,-45.014632
127,15,-55.856351
127,18,-29.16549
127,20,-30.770188
127,26,-1.989958
127,29,-61.411891
128,5,-27.978883
128,10,-4.545478
128,13,-44.677908
128,15,-55.473064
128,18,-29.391759
128,20,-30.805173
128,26,-2.353168
128,29,-61.26737
129,5,-28.236743
129,10,-4.404116
129,13,-44.689662
129,15,-55.389096
129,18,-29.851265
129,20,-30.898959
129,26,-2.765569
129,29,-61.529957
130,5,-28.233514
130,10,-4.459136
130,13,-44.424087
130,15,-55.109185
130,18,-30.302806
130,20,-31.092364
130,26,-3.284435
130,29,-61.610478
131,5,-28.460299
131,10,-4.153168
131,13,-44.440442
131,15,-54.923836
131,18,-30.359303
131,20,-30.840884
131,26,-3.366409
131,29,-61.54811
132,5,-28.793699
132,10,-3.801909
132,13,-44.633753
132,15,-54.916983
132,18,-30.401565
132,20,-30.58993
132,26,-3.352576
132,29,-61.618039
133,5,-28.837731
133,10,-3.666931
133,13,-44.54522
133,15,-54.7225
133,18,-30.398875
133,20,-30.437728
133,26,-3.412626
133,29,-61.484811
134,5,-28.83015
134,10,-3.557156
134,13,-44.451309
134,15,-54.539238
134,18,-30.304359
134,20,-30.262686
134,26,-3.392043
134,29,-61.294944
135,5,-28.78703
135,10,-3.49918
135,13,-44.288317
135,15,-54.308359
135,18,-30.296703
135,20,-30.158189
135,26,-3.474912
135,29,-61.119871
136,5,-28.677038
136,10,-3.363143
136,13,-44.082069
136,15,-53.976705
136,18,-30.009228
136,20,-29.834452
136,26,-3.346804
136,29,-60.691402
137,5,-28.816856
137,10,-3.105449
137,13,-44.044526
137,15,-53.760604
137,18,-29.980421
137,20,-29.571079
137,26,-3.374844
137,29,-60.541007
138,5,-28.583811
138,10,-3.187197
138,13,-43.630526
138,15,-53.326477
138,18,-30.024921
138,20,-29.550729
138,26,-3.611139
138,29,-60.226834
139,5,-28.587412
139,10,-3.056655
139,13,-43.516425
139,15,-53.105331
139,18,-29.949083
139,20,-29.360163
139,26,-3.619716
139,29,-60.023343
140,5,-28.450287
140,10,-3.012958
140,13,-43.219012
140,15,-52.725911
140,18,-29.877045
140,20,-29.200473
140,26,-3.712622
140,29,-59.689997
141,5,-28.081724
141,10,-3.263646
141,13,-42.704696
141,15,-52.285584
141,18,-29.985924
141,20,-29.338754
141,26,-4.033036
141,29,-59.390886
142,5,-27.736744
142,10,-3.602324
142,13,-42.12439
142,15,-51.823261
142,18,-30.413385
142,20,-29.693933
142,26,-4.652369
142,29,-59.276192
143,5,-27.482805
143,10,-3.789541
143,13,-41.668722
143,15,-51.408429
143,18,-30.65113
143,20,-29.85263
143,26,-5.064073
143,29,-59.09144
144,5,-27.184723
144,10,-4.066144
144,13,-41.172521
144,15,-51.004524
144,18,-30.984826
144,20,-30.128684
144,26,-5.567894
144,29,-58.966905
145,5,-26.827644
145,13,-40.716173
145,15,-50.660727
145,18,-31.131297
145,20,-30.340829
145,26,-5.886427
145,29,-58.760541
146,5,-26.63248
146,10,-4.47384
146,13,-40.334984
146,15,-50.285244
146,18,-31.300375
146,20,-30.419639
146,26,-6.210853
146,29,-58.569773
147,5,-26.457619
147,13,-40.015803
147,15,-49.94113
147,16,14.008656
147,18,-31.324486
147,20,-30.386164
147,26,-6.386421
147,29,-58.31474
148,5,-26.364413
148,13,-39.813381
148,15,-49.646297
148,18,-31.17363
148,20,-30.176398
148,26,-6.36866
148,29,-57.998633
149,5,-26.150455
149,13,-39.506863
149,15,-49.293522
149,18,-30.998214
149,20,-30.014852
149,26,-6.369294
149,29,-57.608883
150,5,-26.011016
150,13,-39.299783
150,15,-49.056293
150,18,-30.901382
150,20,-29.917446
150,26,-6.388173
150,29,-57.359783
151,5,-25.884685
151,13,-39.036805
151,15,-48.756932
151,18,-30.929008
151,20,-29.871822
151,26,-6.542729
151,29,-57.145482
152,5,-25.187295
152,10,-4.792606
152,13,-38.469617
152,15,-48.304851
152,18,-30.295737
152,20,-29.696728
152,25,-27.211977
152,26,-6.236266
152,29,-56.333462
153,5,-25.096012
153,13,-38.185471
153,15,-47.940912
153,18,-30.339102
153,20,-29.598769
153,25,-26.986558
153,26,-6.423221
153,29,-56.088597
154,5,-25.012945
154,10,-4.703479
154,13,-37.936906
154,15,-47.615396
154,16,13.122665
154,18,-30.348304
154,20,-29.488796
154,26,-6.563182
154,29,-55.850903
155,5,-24.943609
155,10,-4.623177
155,13,-37.679978
155,15,-47.258147
155,18,-30.345469
155,20,-29.340555
155,26,-6.701281
155,29,-55.585389
156,5,-24.662113
156,10,-4.75207
156,13,-37.187235
156,15,-46.761315
156,18,-30.44239
156,20,-29.367566
156,26,-7.018021
156,29,-55.252009
157,5,-24.633704
157,10,-4.696689
157,13,-36.950838
157,15,-46.443475
157,18,-30.575909
157,20,-29.313919
157,25,-26.15915
157,26,-7.261171
157,29,-55.103929
158,5,-25.036631
158,10,-4.037533
158,13,-37.03287
158,15,-46.101291
158,18,-30.380316
158,20,-28.634589
158,26,-7.136288
158,29,-54.798616
159,5,-25.070162
159,10,-3.98487
159,13,-37.004931
159,15,-46.032236
159,18,-30.422466
159,20,-28.596779
159,26,-7.193696
159,29,-54.778427
160,5,-23.169367
160,10,-4.697934
160,13,-35.732101
160,15,-45.031008
160,18,-28.036226
160,20,-27.743097
160,25,-25.494609
160,26,-5.666702
160,29,-52.329294
161,5,-22.958254
161,10,-4.339814
161,13,-35.517761
161,15,-44.54875
161,18,-27.049152
161,20,-26.875446
161,25,-24.964937
161,26,-4.962827
161,29,-51.350357
162,5,-23.286776
162,10,-3.993677
162,13,-35.402895
162,15,-44.176748
162,16,12.464823
162,18,-27.489491
162,20,-26.737068
162,25,-24.46665
162,26,-5.449827
162,29,-51.404019
163,5,-23.015367
163,10,-4.158936
163,13,-35.267258
163,15,-44.129807
163,18,-27.215611
163,20,-26.716815
163,25,-24.582448
163,26,-5.257897
163,29,-51.161844
164,5,-22.188227
164,10,-4.798239
164,13,-34.762968
164,15,-43.966836
164,18,-26.73743
164,20,-26.931213
164,25,-25.052213
164,26,-5.012761
164,29,-50.632884
165,5,-20.682909
165,10,-5.943681
165,13,-33.579659
165,15,-43.341545
165,18,-26.172753
165,20,-27.381169
165,25,-25.730862
165,26,-4.970572
165,29,-49.627966
166,5,-19.593929
166,10,-6.472349
166,13,-32.420762
166,15,-42.332766
166,18,-25.595785
166,20,-27.265813
166,25,-25.693996
166,26,-4.986726
166,29,-48.404788
167,5,-18.68571
167,10,-7.029236
167,13,-31.341302
167,15,-41.431514
167,16,13.005599
167,18,-25.482377
167,20,-27.422635
167,25,-25.723033
167,26,-5.362858
167,29,-47.568293
168,5,-17.599639
168,10,-7.577824
168,13,-29.96895
168,15,-40.180298
168,16,12.51491
168,18,-25.229672
168,20,-27.423775
168,25,-25.576933
168,26,-5.767714
168,29,-46.374001
169,5,-16.369656
169,10,-8.104126
169,13,-28.482584
169,15,-38.782889
169,18,-24.673687
169,20,-27.22642
169,25,-25.348064
169,26,-5.96949
169,29,-44.870043
170,5,-15.247914
170,10,-8.563343
170,13,-27.026428
170,15,-37.374641
170,18,-24.25913
170,20,-27.044348
170,25,-25.053282
170,26,-6.288173
170,29,-43.460872
171,5,-14.499216
171,10,-8.713005
171,13,-25.82658
171,15,-36.06036
171,16,10.952545
171,18,-23.98629
171,20,-26.717422
171,25,-24.536137
171,26,-6.640838
171,29,-42.258063
172,5,-13.590457
172,10,-8.795342
172,13,-24.699121
172,15,-34.794363
172,18,-23.034959
172,20,-26.020582
172,25,-24.003155
172,26,-6.374601
172,29,-40.6505
173,5,-12.260623
173,10,-9.318739
173,13,-23.064188
173,15,-33.220548
173,18,-22.381128
173,20,-25.732792
173,25,-23.689834
173,26,-6.567925
173,29,-38.948732
174,5,-10.498718
174,10,-10.28335
174,13,-21.212258
174,15,-31.686942
174,18,-21.613553
174,20,-25.735354
174,25,-23.778031
174,26,-6.715242
174,29,-37.145178
175,5,-9.503517
175,10,-10.750764
175,13,-19.948486
175,15,-30.509858
175,18,-21.320696
175,20,-25.673263
175,25,-23.602793
175,26,-7.042414
175,29,-35.993205
176,5,-7.678471
176,10,-11.811571
176,13,-18.402814
176,15,-29.407272
176,18,-20.152926
176,20,-25.655231
176,25,-23.997154
176,26,-6.673715
176,29,-34.24129
177,5,-5.628393
177,10,-12.987339
177,13,-16.579821
177,15,-28.054825
177,18,-18.923158
177,20,-25.636527
177,25,-24.370182
177,26,-6.377417
177,29,-32.243858
178,5,-4.822984
178,10,-13.438522
178,13,-15.566451
178,15,-27.160578
178,16,10.07761
178,18,-18.811422
178,20,-25.716413
178,25,-24.316342
178,26,-6.738188
178,29,-31.430865
179,5,-4.424317
179,10,-13.519631
179,13,-14.851512
179,15,-26.370361
179,18,-18.768523
179,20,-25.572132
179,25,-23.994447
179,26,-7.055389
179,29,-30.79058
180,5,-4.645348
180,10,-13.057285
180,13,-14.926839
180,15,-26.153813
180,16,9.518219
180,18,-18.430109
180,20,-25.003756
180,25,-23.496364
180,26,-6.783723
180,29,-30.461599
181,5,-4.729506
181,10,-12.600683
181,13,-14.848519
181,15,-25.761779
181,16,9.448057
181,18,-17.913084
181,20,-24.312038
181,25,-22.922441
181,26,-6.433615
181,29,-29.87975
182,5,-5.224889
182,10,-11.679001
182,13,-15.179456
182,15,-25.545133
182,16,9.505069
182,18,-17.15298
182,20,-23.188614
182,25,-22.042905
182,26,-5.723432
182,29,-29.330161
183,5,-5.459268
183,10,-10.964237
183,13,-15.145574
183,15,-25.034367
183,16,9.3481
183,18,-16.517285
183,20,-22.21489
183,25,-21.193289
183,26,-5.280164
183,29,-28.612098
184,5,-5.547872
184,10,-10.300887
184,13,-14.928911
184,15,-24.343041
184,16,9.141623
184,18,-15.801957
184,20,-21.199624
184,25,-20.301902
184,26,-4.853587
184,29,-27.697007
185,5,-5.470244
185,10,-9.822491
185,13,-14.725424
185,15,-23.793007
185,16,9.192907
185,18,-14.944868
185,20,-20.289283
185,25,-19.643072
185,26,-4.272764
185,29,-26.772202
186,5,-4.951628
186,10,-9.863227
186,13,-14.161884
186,15,-23.162591
186,16,9.233252
186,18,-14.283279
186,20,-19.850921
186,25,-19.384851
186,26,-3.978642
186,29,-25.849453
187,5,-4.60923
187,10,-9.811818
187,13,-13.876672
187,15,-22.800018
187,16,9.448922
187,18,-13.585519
187,20,-19.387128
187,25,-19.180362
187,26,-3.523255
187,29,-25.118894
188,5,-4.436239
188,10,-9.577578
188,13,-13.530794
188,15,-22.240524
188,16,9.318641
188,18,-13.1043
188,20,-18.843554
188,25,-18.716159
188,26,-3.310875
188,29,-24.40466
189,5,-4.005651
189,10,-9.770157
189,13,-13.011383
189,15,-21.75785
189,16,9.179599
189,18,-12.923263
189,20,-18.7891
189,25,-18.646916
189,26,-3.393766
189,29,-23.893401
190,5,-4.020173
190,10,-9.312498
190,13,-12.519797
190,15,-20.872442
190,16,8.542365
190,18,-12.744648
190,20,-18.146743
190,25,-17.822177
190,26,-3.547831
190,29,-23.15881
191,5,-4.326939
191,10,-8.507237
191,13,-11.999217
191,15,-19.716966
191,16,7.454646
191,18,-12.77989
191,20,-17.280785
191,25,-16.559946
191,26,-3.94737
191,29,-22.403055
192,5,-4.590093
192,10,-7.857486
192,13,-11.879958
192,15,-19.144854
192,18,-12.459582
192,20,-16.496112
192,25,-15.728373
192,26,-3.812678
192,29,-21.83742
193,5,-4.356419
193,10,-7.42203
193,13,-11.16526
193,15,-18.01535
193,16,6.527676
193,18,-11.905339
193,20,-15.631492
193,25,-14.815426
193,26,-3.749654
193,29,-20.665184
194,5,-4.693459
194,10,-6.532936
194,13,-10.835855
194,15,-17.033879
194,16,5.753718
194,18,-11.617167
194,20,-14.585049
194,25,-13.577016
194,26,-3.780084
194,29,-19.838125
195,5,-4.553223
195,10,-5.814769
195,13,-9.911223
195,15,-15.466513
195,16,4.821754
195,18,-11.068126
195,20,-13.405974
195,25,-12.207085
195,26,-3.864174
195,29,-18.37037
196,5,-4.061656
196,10,-5.552821
196,13,-8.887625
196,15,-14.087903
196,16,4.181421
196,18,-10.509258
196,20,-12.613749
196,25,-11.322158
196,26,-3.932026
196,29,-16.982924
197,5,-3.590281
197,10,-5.378776
197,13,-8.282776
197,15,-13.267933
197,16,4.175488
197,18,-9.625867
197,20,-11.860562
197,25,-10.797575
197,26,-3.492532
197,29,-15.796686
198,5,-3.393096
198,10,-5.151848
198,13,-8.039628
198,15,-12.837491
198,16,4.270717
198,18,-8.952149
198,20,-11.259543
198,25,-10.411775
198,26,-3.058298
198,29,-15.052532
199,5,-3.248534
199,10,-4.88892
199,13,-7.495835
199,15,-12.020689
199,16,3.761627
199,18,-8.754355
199,20,-10.772844
199,25,-9.790032
199,26,-3.19666
199,29,-14.331788
200,5,-2.843143
200,10,-4.864331
200,13,-6.834504
200,15,-11.226544
200,16,3.446831
200,18,-8.4165
200,20,-10.405003
200,25,-9.389149
200,26,-3.24262
200,29,-13.50644
201,5,-2.665381
201,10,-4.842316
201,13,-6.467966
201,15,-10.779005
201,16,3.181048
201,18,-8.348443
201,20,-10.250806
201,25,-9.1511
201,26,-3.373374
201,29,-13.122934
202,5,-2.052316
202,10,-5.143426
202,13,-5.433593
202,15,-9.754519
202,16,2.465952
202,18,-8.523136
202,20,-10.327065
202,25,-8.899966
202,26,-4.01539
202,29,-12.41915
203,5,-1.728151
203,10,-5.012838
203,13,-4.615813
203,15,-8.700705
203,18,-8.420803
203,20,-9.932916
203,25,-8.273099
203,26,-4.360025
203,29,-11.563816
204,5,-0.878282
204,10,-5.482316
204,13,-3.335369
204,15,-7.498265
204,18,-8.55936
204,20,-10.078822
204,25,-8.081002
204,26,-5.075095
204,29,-10.67971
205,5,-0.077481
205,10,-5.877147
205,13,-2.28247
205,15,-6.519239
205,18,-8.39803
205,20,-10.073948
205,25,-7.944873
205,26,-5.422312
205,29,-9.778061
206,5,0.229551
206,10,-5.874765
206,13,-2.053733
206,15,-6.255163
206,18,-7.815445
206,20,-9.727391
206,25,-7.832458
206,26,-5.03208
206,29,-9.193801
207,5,0.342722
207,10,-5.594367
207,13,-1.802249
207,15,-5.776968
207,16,0.769237
207,18,-7.289378
207,20,-9.146818
207,25,-7.374437
207,26,-4.737579
207,29,-8.51745
208,5,-0.501152
208,10,-4.59942
208,13,-2.725507
208,15,-6.212066
208,16,1.196993
208,18,-6.606793
208,20,-8.157275
208,25,-6.754711
208,26,-3.796982
208,29,-8.522458
209,5,-1.18262
209,10,-3.801173
209,13,-3.187079
209,15,-6.225188
209,16,1.048732
209,18,-6.43815
209,20,-7.469683
209,25,-6.078958
209,26,-3.515059
209,29,-8.518952
210,5,-1.18216
210,10,-3.488686
210,13,-3.030512
210,15,-5.835899
210,18,-6.049266
210,20,-6.951999
210,25,-5.632363
210,26,-3.29529
210,29,-8.004279
211,5,-1.162658
211,10,-3.113308
211,13,-2.78233
211,15,-5.296834
211,18,-5.606149
211,20,-6.325351
211,25,-5.060596
211,26,-3.08269
211,29,-7.347254
212,5,-1.394196
212,10,-2.624876
212,13,-2.470817
212,15,-4.598054
212,16,0.016775
212,18,-5.750592
212,20,-5.861236
212,25,-4.291483
212,26,-3.42892
212,29,-6.967675
213,5,-1.708966
213,10,-1.709425
213,13,-1.869479
213,15,-3.272584
213,16,-1.162404
213,18,-5.701319
213,20,-4.832409
213,25,-2.855539
213,26,-3.807068
213,29,-6.033778
214,5,-2.571629
214,10,-0.36769
214,13,-1.886988
214,15,-2.394299
214,16,-2.147686
214,18,-5.600493
214,20,-3.55724
214,25,-1.273353
214,26,-3.877305
214,29,-5.45835
215,5,-2.808065
215,10,0.321142
215,13,-1.678441
215,15,-1.690385
215,16,-2.612304
215,18,-5.242389
215,20,-2.695056
215,25,-0.348272
215,26,-3.756955
215,29,-4.768059
216,5,-3.158021
216,10,1.053637
216,13,-1.154078
216,15,-0.573061
216,16,-3.829455
216,18,-5.540927
216,20,-2.023182
216,25,0.841951
216,26,-4.375866
216,29,-4.197725
217,5,-2.973955
217,10,1.222296
217,13,-0.370424
217,15,0.471178
217,16,-4.721751
217,18,-5.720627
217,20,-1.740291
217,25,1.506549
217,26,-4.953432
217,29,-3.537156
218,5,-3.465773
218,10,1.89329
218,13,-0.567401
218,15,0.686882
218,16,-5.011912
218,18,-5.597021
218,20,-1.118833
218,25,2.186654
218,26,-4.828042
218,29,-3.370355
219,5,-3.545116
219,10,2.089664
219,13,-0.352315
219,15,1.076063
219,16,-5.439254
219,18,-5.733912
219,20,-0.945658
219,25,2.553225
219,26,-5.0814
219,29,-3.184802
220,5,-3.971435
220,10,2.629681
220,13,-0.306423
220,15,1.497529
220,16,-6.089119
220,18,-5.990387
220,20,-0.56124
220,25,3.23641
220,26,-5.395122
220,29,-3.093709
221,5,-3.749946
221,10,2.621959
221,13,0.128939
221,15,2.00772
221,16,-6.399371
221,18,-5.941341
221,20,-0.425323
221,25,3.479094
221,26,-5.57343
221,29,-2.669249
222,5,-3.779619
222,10,2.731668
222,13,0.499921
222,15,2.527185
222,16,-7.043918
222,18,-6.305212
222,20,-0.398514
222,25,3.844141
222,26,-6.093689
222,29,-2.521953
223,5,-4.013096
223,10,3.262729
223,13,0.709951
223,15,3.132098
223,16,-7.591154
223,18,-6.240359
223,20,0.177589
223,25,4.596653
223,26,-6.209495
223,29,-2.078491
224,5,-3.845229
224,10,3.388154
224,13,0.96783
224,15,3.516242
224,16,-7.628947
224,18,-5.858408
224,20,0.547564
224,25,4.878737
224,26,-6.023044
224,29,-1.547949
225,5,-3.613817
225,10,3.218666
225,13,0.982312
225,15,3.415056
225,16,-7.278559
225,18,-5.536433
225,20,0.551405
225,25,4.671749
225,26,-5.72838
225,29,-1.392625
226,5,-3.460193
226,10,3.164011
226,13,0.650838
226,15,2.973757
226,16,-6.422566
226,18,-4.764925
226,20,0.78272
226,25,4.378572
226,26,-4.878773
226,29,-1.216888
227,5,-3.401419
227,10,3.257486
227,13,0.637309
227,15,3.015082
227,16,-6.228721
227,18,-4.400703
227,20,1.040484
227,25,4.465581
227,26,-4.565141
227,29,-0.956462
228,5,-3.411295
228,10,3.327299
228,13,0.509118
228,15,2.906164
228,16,-5.988847
228,18,-4.128318
228,20,1.200869
228,25,4.462464
228,26,-4.270128
228,29,-0.868157
229,5,-3.542744
229,10,3.428725
229,13,0.413097
229,15,2.862066
229,16,-6.035123
229,18,-4.187308
229,20,1.239255
229,25,4.532226
229,26,-4.284592
229,29,-0.950621
230,5,-4.20745
230,10,3.912589
230,13,-0.083419
230,15,2.605061
230,16,-6.261351
230,18,-4.524324
230,20,1.384896
230,25,4.839643
230,26,-4.383654
230,29,-1.421995
231,5,-4.061808
231,10,3.814679
231,13,0.022525
231,15,2.663823
231,16,-6.203946
231,18,-4.43211
231,20,1.368586
231,25,4.781496
231,26,-4.344938
231,29,-1.303611
232,5,-4.28673
232,10,4.104499
232,13,-0.048188
232,15,2.77532
232,16,-6.379931
232,18,-4.433857
232,20,1.614343
232,25,5.08746
232,26,-4.345155
232,29,-1.251471
233,5,-3.850793
233,10,3.831362
233,13,0.400167
233,15,3.121184
233,16,-6.421963
233,18,-4.290479
233,20,1.555551
233,25,5.016111
233,26,-4.415545
233,29,-0.859974
234,5,-3.323895
234,10,3.196208
234,13,0.441109
234,15,2.739285
234,16,-5.772916
234,18,-4.041317
234,20,1.104273
234,25,4.272257
234,26,-4.141441
234,29,-0.913835
235,5,-2.697458
235,10,2.403304
235,13,0.21917
235,15,1.934104
235,16,-4.55169
235,18,-3.461615
235,20,0.59578
235,25,3.170756
235,26,-3.425401
235,29,-1.057769
236,5,-2.558211
236,10,2.309345
236,13,0.175776
236,15,1.815162
236,16,-4.245033
236,18,-3.183811
236,20,0.631696
236,25,3.020377
236,26,-3.149064
236,29,-0.955403
237,5,-1.970316
237,10,1.779469
237,13,0.144457
237,15,1.409829
237,16,-3.285569
237,18,-2.462854
237,20,0.484645
237,25,2.334036
237,26,-2.439293
237,29,-0.732975
238,5,-2.017271
238,10,1.532361
238,13,-0.242463
238,15,0.787274
238,16,-2.848891
238,18,-2.562222
238,20,0.104418
238,25,1.822116
238,26,-2.298076
238,29,-1.244281
239,5,-2.040623
239,10,1.584297
239,13,-0.245475
239,15,0.818265
239,16,-2.863037
239,18,-2.526727
239,20,0.168397
239,25,1.881291
239,26,-2.271648
239,29,-1.202563
240,5,-2.297602
240,13,-0.62514
240,15,0.385056
240,16,-2.71954
240,18,-2.731937
240,20,-0.016575
240,26,-2.258692
240,29,-1.668736
241,5,-2.254858
241,13,-0.605883
241,15,0.413623
241,16,-2.659835
241,18,-2.613088
241,20,0.056372
241,26,-2.16594
241,29,-1.569901
242,5,-2.020881
242,10,1.398702
242,13,-0.587211
242,15,0.286604
242,16,-2.335115
242,18,-2.376944
242,20,-0.022805
242,25,1.457119
242,26,-1.94313
242,29,-1.487774
243,5,-2.085087
243,13,-0.592905
243,15,0.295085
243,16,-2.447408
243,18,-2.519554
243,20,-0.076053
243,25,1.484639
243,26,-2.06679
243,29,-1.575428
244,5,-2.233699
244,13,-0.397733
244,15,0.664979
244,16,-2.981537
244,18,-2.827258
244,20,0.010103
244,25,1.850844
244,26,-2.458899
244,29,-1.514408
245,5,-2.249546
245,13,-0.162375
245,15,1.025919
245,16,-3.358053
245,18,-2.957244
245,20,0.119907
245,25,2.135828
245,26,-2.706843
245,29,-1.335389
246,5,-1.924169
246,10,1.652605
246,13,0.256048
246,15,1.464339
246,16,-3.464177
246,18,-2.722368
246,20,0.274054
246,25,2.270637
246,26,-2.706227
246,29,-0.837364
247,5,-1.462956
247,13,0.756735
247,15,1.919309
247,16,-3.501676
247,18,-2.431237
247,20,0.368646
247,25,2.307964
247,26,-2.684452
247,29,-0.276776
248,5,-1.304108
248,13,1.074988
248,15,2.27586
248,16,-3.748399
248,18,-2.45295
248,20,0.415669
248,25,2.456076
248,26,-2.862473
248,29,-0.013725
249,5,-1.2273
249,13,1.182514
249,15,2.368662
249,16,-3.808491
249,18,-2.473803
249,20,0.386641
249,25,2.457587
249,26,-2.929397
249,29,0.050504
250,5,-1.234369
250,13,1.165165
250,15,2.391911
250,16,-3.754446
250,18,-2.340914
250,20,0.508574
250,25,2.522244
250,26,-2.81252
250,29,0.147805
251,5,-1.268284
251,13,1.185235
251,16,-3.836199
251,18,-2.385518
251,20,0.530818
251,25,2.587034
251,26,-2.866642
251,29,0.155598
252,5,-1.249725
252,13,1.245819
252,16,-3.902795
252,18,-2.406711
252,20,0.539582
252,25,2.627392
252,26,-2.916429
252,29,0.199332
253,5,-1.244185
253,13,1.32128
253,16,-3.977569
253,18,-2.336098
253,20,0.667954
253,25,2.763744
253,26,-2.902888
253,29,0.346195
254,5,-1.17213
254,10,1.606987
254,13,1.440676
254,15,2.831456
254,16,-4.012142
254,18,-2.19962
254,20,0.807257
254,25,2.879012
254,26,-2.850078
254,29,0.560319
255,5,-1.121696
255,10,1.641884
255,13,1.564705
255,15,3.001464
255,16,-4.105042
255,18,-2.150415
255,20,0.896752
255,25,2.990304
255,26,-2.874705
255,29,0.71932
256,5,-1.122311
256,13,1.569786
256,16,-4.120643
256,18,-2.175158
256,20,0.878466
256,25,2.985482
256,26,-2.897836
256,29,0.706017
257,5,-1.151157
257,10,1.668152
257,13,1.56897
257,15,3.025696
257,16,-4.159457
257,18,-2.191032
257,20,0.902406
257,25,3.028183
257,26,-2.915296
257,29,0.710427
258,5,-1.037431
258,10,1.562257
258,13,1.623485
258,15,3.01844
258,16,-4.081172
258,18,-2.137304
258,20,0.845999
258,25,2.931025
258,26,-2.883728
258,29,0.75229
259,5,-1.263645
259,13,1.473326
259,15,2.916051
259,16,-4.227087
259,18,-2.392776
259,20,0.778062
259,25,2.985297
259,26,-3.042175
259,29,0.497788
260,5,-1.485823
260,10,1.764037
260,13,1.327452
260,15,2.813857
260,16,-4.376701
260,18,-2.656856
260,20,0.700226
260,25,3.033728
260,26,-3.209415
260,29,0.238826
261,5,-1.8405
261,10,1.870461
261,13,1.032745
261,15,2.544703
261,16,-4.535407
261,18,-3.090279
261,20,0.508896
261,25,3.01774
261,26,-3.449339
261,29,-0.258443
262,5,-1.972269
262,13,0.834319
262,15,2.294841
262,16,-4.478189
262,18,-3.262362
262,20,0.347201
262,25,2.882397
262,26,-3.494603
262,29,-0.556988
263,5,-2.049518
263,13,0.698414
263,15,2.145456
263,16,-4.391991
263,18,-3.275388
263,20,0.319209
263,25,2.825662
263,26,-3.438087
263,29,-0.680447
264,5,-2.340087
264,10,1.954264
264,13,0.397351
264,15,1.857296
264,16,-4.414329
264,18,-3.538993
264,20,0.196822
264,25,2.781601
264,26,-3.524849
264,29,-1.080685
265,5,-2.519853
265,10,1.95151
265,13,0.178368
265,15,1.600736
265,16,-4.406991
265,18,-3.776436
265,20,0.020451
265,25,2.667815
265,26,-3.619476
265,29,-1.42915
266,5,-2.504721
266,13,0.142632
266,16,-4.324151
266,18,-3.718978
266,20,0.022796
266,25,2.624577
266,26,-3.548768
266,29,-1.430736
267,5,-2.67183
267,10,1.994066
267,13,-0.002955
267,15,1.417487
267,16,-4.382865
267,18,-3.896898
267,20,-0.047717
267,25,2.624145
267,26,-3.636305
267,29,-1.649465
268,5,-2.841023
268,10,2.00136
268,13,-0.244992
268,15,1.13875
268,16,-4.307703
268,18,-4.054461
268,20,-0.182644
268,25,2.504315
268,26,-3.650427
268,29,-1.964218
269,5,-3.196427
269,10,2.119401
269,13,-0.523127
269,16,-4.49195
269,18,-4.490765
269,20,-0.359951
269,26,-3.90247
269,29,-2.442304
270,5,-3.356466
270,10,2.13761
270,13,-0.659806
270,16,-4.576309
270,18,-4.739777
270,20,-0.500152
270,26,-4.051814
270,29,-2.714294
271,5,-3.563066
271,10,2.165557
271,13,-0.912119
271,15,0.477123
271,16,-4.549408
271,18,-4.952795
271,20,-0.645539
271,26,-4.111452
271,29,-3.064628
272,5,-3.727599
272,10,2.204185
272,13,-1.077042
272,15,0.311666
272,16,-4.58197
272,18,-5.138679
272,20,-0.744281
272,26,-4.193462
272,29,-3.313991
273,5,-3.813117
273,13,-1.158034
273,15,0.243216
273,16,-4.597367
273,18,-5.207041
273,20,-0.763944
273,26,-4.215804
273,29,-3.413129
274,5,-3.814467
274,13,-1.1455
274,15,0.260172
274,16,-4.622852
274,18,-5.224978
274,20,-0.767384
274,26,-4.237871
274,29,-3.410402
275,5,-3.900715
275,10,2.297797
275,13,-1.209306
275,15,0.222311
275,16,-4.661017
275,18,-5.28886
275,20,-0.766234
275,26,-4.26686
275,29,-3.484784
276,5,-3.790045
276,13,-1.051204
276,15,0.424648
276,16,-4.693915
276,18,-5.127584
276,20,-0.621738
276,25,2.506032
276,26,-4.209848
276,29,-3.227067
277,5,-3.589305
277,10,2.244987
277,13,-0.708852
277,15,0.779064
277,16,-4.923869
277,18,-5.149024
277,20,-0.611064
277,25,2.613243
277,26,-4.395153
277,29,-2.959564
278,5,-3.685277
278,10,2.259899
278,13,-0.851082
278,15,0.622067
278,16,-4.867542
278,18,-5.212056
278,20,-0.666236
278,25,2.554903
278,26,-4.378651
278,29,-3.120496
279,5,-3.502086
279,13,-0.935049
279,15,0.401881
279,16,-4.439453
279,18,-4.89783
279,20,-0.693349
279,25,2.284517
279,26,-4.041082
279,29,-3.06735
280,5,-3.508037
280,13,-0.872161
280,15,0.528717
280,16,-4.517578
280,18,-4.848336
280,20,-0.580596
280,25,2.412804
280,26,-4.038891
280,29,-2.945133
281,5,-3.656294
281,13,-0.703924
281,15,0.905928
281,16,-4.971973
281,18,-5.005171
281,20,-0.374068
281,25,2.830164
281,26,-4.29176
281,29,-2.782725
282,5,-3.858308
282,13,-0.846457
282,15,0.830448
282,16,-5.066364
282,18,-5.146401
282,20,-0.357794
282,25,2.919226
282,26,-4.357024
282,29,-2.94394
283,5,-3.995556
283,13,-0.92588
283,15,0.791418
283,16,-5.170289
283,18,-5.293355
283,20,-0.379701
283,25,2.976754
283,26,-4.453135
283,29,-3.074805
284,5,-3.815636
284,13,-0.836518
284,15,0.820274
284,16,-5.017301
284,18,-5.100483
284,20,-0.362739
284,25,2.886565
284,26,-4.317687
284,29,-2.915612
285,5,-3.922762
285,13,-0.770359
285,15,1.018202
285,16,-5.25592
285,18,-5.164006
285,20,-0.215485
285,25,3.139275
285,26,-4.426838
285,29,-2.821351
286,5,-3.727464
286,10,2.551654
286,13,-0.551018
286,15,1.178585
286,16,-5.323301
286,18,-5.175529
286,20,-0.298676
286,25,3.089793
286,26,-4.532363
286,29,-2.688665
287,5,-3.302617
287,10,2.293931
287,13,-0.232439
287,15,1.376937
287,16,-5.148213
287,18,-4.859518
287,20,-0.296415
287,25,2.945851
287,26,-4.390345
287,29,-2.305273
288,5,-2.900959
288,10,2.040781
288,13,0.019699
288,15,1.498749
288,16,-4.901927
288,18,-4.514297
288,20,-0.293987
288,25,2.766662
288,26,-4.189221
288,29,-1.962471
289,5,-1.716043
289,10,1.056677
289,13,1.030169
289,15,2.031608
289,16,-4.783331
289,18,-4.301963
289,20,-0.819738
289,25,2.161199
289,26,-4.411598
289,29,-1.314809
290,5,0.044535
290,10,-0.731278
290,13,2.313195
290,15,2.35151
290,16,-4.417275
290,18,-4.325271
290,20,-2.121748
290,25,0.768664
290,26,-4.889564
290,29,-0.899419
291,5,1.418536
291,10,-2.210473
291,13,2.988138
291,15,2.15095
291,16,-3.607643
291,18,-4.074832
291,20,-3.174176
291,25,-0.626017
291,26,-4.850832
291,29,-0.73976
292,5,1.936736
292,10,-2.78034
292,13,3.063589
292,15,1.849869
292,16,-2.994873
292,18,-3.767613
292,20,-3.528412
292,25,-1.284528
292,26,-4.557186
292,29,-0.714689
293,5,2.442488
293,10,-3.30307
293,13,3.434968
293,15,1.939695
293,16,-2.901047
293,18,-3.795451
293,20,-3.920207
293,25,-1.691901
293,26,-4.714356
293,29,-0.610111
294,5,3.43318
294,10,-4.331183
294,13,4.22566
294,15,2.189643
294,16,-2.829979
294,18,-3.940972
294,20,-4.718111
294,25,-2.452816
294,26,-5.133515
294,29,-0.406926
295,5,3.895569
295,10,-4.734063
295,13,4.723108
295,15,2.511548
295,16,-2.977429
295,18,-4.029709
295,20,-4.995157
295,25,-2.639743
295,26,-5.422841
295,29,-0.1762
296,5,4.336103
296,10,-4.980358
296,13,5.088471
296,15,2.772746
296,16,-2.843526
296,18,-3.706058
296,20,-4.966342
296,25,-2.745717
296,26,-5.301276
296,29,0.256264
297,5,4.697079
297,10,-5.349358
297,13,5.246871
297,15,2.709572
297,16,-2.586387
297,18,-3.577142
297,20,-5.199718
297,25,-3.104146
297,26,-5.229761
297,29,0.327461
298,5,4.734074
298,10,-5.595009
298,13,4.985728
298,15,2.234324
298,16,-2.197782
298,18,-3.598932
298,20,-5.506178
298,25,-3.546659
298,26,-5.087933
298,29,-0.026538
299,5,4.681482
299,10,-5.488443
299,13,4.852168
299,15,2.142569
299,16,-2.009769
299,18,-3.370226
299,20,-5.334838
299,25,-3.512552
299,26,-4.832227
299,29,0.038279
300,5,4.47158
300,10,-5.200108
300,13,4.743994
300,15,2.206833
300,16,-2.088124
300,18,-3.281687
300,20,-5.057358
300,25,-3.236089
300,26,-4.732483
300,29,0.11468
301,5,4.051595
301,10,-4.809333
301,13,4.433126
301,15,2.102627
301,18,-3.339174
301,20,-4.811064
301,25,-2.943397
301,26,-4.667387
301,29,-0.04175
302,5,3.237238
302,13,3.819105
302,15,2.078409
302,16,-2.18163
302,18,-2.84859
302,20,-3.7681
302,25,-2.063232
302,26,-4.04147
302,29,0.14676
303,5,3.091457
303,10,-3.298134
303,13,3.622252
303,15,2.13122
303,16,-1.869761
303,18,-2.147033
303,20,-3.073013
303,25,-1.691854
303,26,-3.377202
303,29,0.590884
304,5,2.920569
304,10,-3.609297
304,13,3.093624
304,15,1.302301
304,16,-1.488006
304,18,-2.547454
304,20,-3.693763
304,25,-2.339233
304,26,-3.421133
304,29,-0.270205
305,5,2.512231
305,10,-3.871927
305,13,1.989747
305,15,-0.181718
305,16,-0.56319
305,18,-2.786881
305,20,-4.348431
305,25,-3.272974
305,26,-3.033144
305,29,-1.535766
306,5,2.879241
306,10,-4.303443
306,13,2.335705
306,15,-0.056152
306,18,-3.008209
306,20,-4.756498
306,25,-3.572086
306,26,-3.357948
306,29,-1.538446
307,5,2.312793
307,10,-3.530219
307,13,2.177075
307,15,0.276128
307,18,-2.954901
307,20,-4.065143
307,25,-2.741765
307,26,-3.316106
307,29,-1.326456
308,5,1.976776
308,10,-3.201528
308,13,1.887188
308,15,0.152584
308,18,-2.916178
308,20,-3.823745
308,25,-2.518188
308,26,-3.169865
308,29,-1.429215
309,5,1.822149
309,10,-3.298886
309,13,1.219333
309,15,-0.713033
309,18,-2.673856
309,20,-3.977337
309,25,-3.038687
309,26,-2.603313
309,29,-1.929209
310,5,1.739599
310,10,-3.395926
310,13,0.569988
310,15,-1.561021
310,18,-2.245605
310,20,-4.03631
310,25,-3.562626
310,26,-1.883599
310,29,-2.297236
311,10,-3.301917
311,13,0.549381
311,15,-1.528448
311,18,-1.976761
311,20,-3.826566
311,25,-3.482383
311,26,-1.648688
311,29,-2.110338
312,10,-2.828049
312,13,0.453245
312,15,-1.324199
312,18,-1.916715
312,20,-3.389406
312,25,-2.974885
312,26,-1.599322
312,29,-1.962117
313,10,-2.21959
313,13,0.07636
313,15,-1.364901
313,18,-1.779195
313,20,-2.867668
313,25,-2.4745
313,26,-1.351973
313,29,-1.965383
314,5,0.665751
314,10,-1.871502
314,13,-0.005835
314,15,-1.230205
314,16,0.270591
314,18,-1.669477
314,20,-2.518165
314,25,-2.113394
314,26,-1.252172
314,29,-1.826191
315,10,-1.857981
315,13,0.262391
315,15,-0.904482
315,16,0.12003
315,18,-1.563409
315,20,-2.382243
315,25,-1.950158
315,26,-1.299571
315,29,-1.510091
316,5,1.07117
316,10,-1.998871
316,13,0.754566
316,15,-0.409699
316,16,-0.293882
316,18,-1.737887
316,20,-2.461959
316,25,-1.820289
316,26,-1.691158
316,29,-1.228033
317,5,1.532371
317,10,-2.366434
317,13,1.383689
317,15,0.095539
317,18,-1.934487
317,20,-2.723006
317,25,-1.880927
317,26,-2.14809
317,29,-0.930088
318,5,1.665708
318,10,-2.426708
318,13,1.599413
318,15,0.311981
318,18,-1.947096
318,20,-2.725942
318,25,-1.827025
318,26,-2.264373
318,29,-0.766346
319,5,1.537344
319,10,-2.348843
319,13,1.237346
319,15,-0.072407
319,16,-0.375664
319,18,-1.693147
319,20,-2.630557
319,25,-1.962918
319,26,-1.864179
319,29,-0.90742
320,5,1.298962
320,10,-1.996525
320,13,0.93639
320,15,-0.201947
320,16,-0.131951
320,18,-1.309772
320,20,-2.205032
320,25,-1.74527
320,26,-1.412117
320,29,-0.796927
321,5,0.80237
321,10,-1.474583
321,13,0.44545
321,15,-0.438695
321,16,0.003901
321,18,-1.100505
321,20,-1.758984
321,25,-1.420309
321,26,-1.03264
321,29,-0.895738
322,5,0.376486
322,13,-0.059463
322,15,-0.814139
322,16,0.199985
322,18,-1.025663
322,20,-1.551244
322,25,-1.314892
322,26,-0.743199
322,29,-1.168659
323,5,0.293208
323,13,-0.285212
323,15,-0.932502
323,18,-0.502779
323,20,-1.139629
323,25,-1.197852
323,26,-0.195383
323,29,-0.950223
324,5,0.56053
324,13,0.117655
324,15,-0.455505
324,18,-0.243052
324,20,-0.900638
324,25,-0.979016
324,26,-0.176947
324,29,-0.419605
325,5,0.437883
325,13,0.000987
325,15,-0.491037
325,18,-0.143754
325,20,-0.740958
325,25,-0.866854
325,26,-0.04686
325,29,-0.398822
326,5,0.397443
326,13,-0.102549
326,15,-0.644453
326,18,-0.216817
326,20,-0.847353
326,25,-0.977426
326,26,-0.052299
326,29,-0.558726
327,5,0.89042
327,13,0.491054
327,15,-0.289642
327,18,-0.597133
327,20,-1.359594
327,25,-1.244023
327,26,-0.634306
327,29,-0.477472
328,5,1.240005
328,13,0.997091
328,15,0.167143
328,16,-0.080008
328,18,-0.667106
328,20,-1.45642
328,25,-1.207236
328,26,-0.9338
328,29,-0.150762
329,5,1.045537
329,13,0.872671
329,15,0.214506
329,18,-0.498226
329,20,-1.13822
329,25,-0.938874
329,26,-0.753788
329,29,-0.035173
330,5,0.915444
330,13,0.818889
330,15,0.271535
330,16,-0.159686
330,18,-0.457297
330,20,-0.96767
330,25,-0.756859
330,26,-0.709828
330,29,0.017501
331,5,0.999216
331,10,-1.146476
331,13,0.924056
331,15,0.338673
331,16,-0.22297
331,18,-0.522883
331,20,-1.051824
331,25,-0.796609
331,26,-0.812323
331,29,0.03559
332,5,1.121966
332,10,-1.27219
332,13,1.106865
332,15,0.474693
332,18,-0.649244
332,20,-1.178285
332,25,-0.830972
332,26,-1.004221
332,29,0.071509
333,5,1.055985
333,13,1.370924
333,15,0.974931
333,18,-0.65908
333,20,-0.860488
333,25,-0.348609
333,26,-1.179059
333,29,0.423892
334,5,1.010191
334,13,1.521275
334,15,1.254955
334,16,-1.075412
334,18,-0.705721
334,20,-0.707316
334,25,-0.080949
334,26,-1.313679
334,29,0.595718
335,5,1.089797
335,10,-0.863616
335,13,1.74375
335,15,1.513492
335,16,-1.308778
335,18,-0.792024
335,20,-0.700653
335,25,0.039495
335,26,-1.503166
335,29,0.740856
336,5,1.085357
336,10,-0.876746
336,13,1.768302
336,15,1.535861
336,16,-1.370528
336,18,-0.862777
336,20,-0.740021
336,25,0.044176
336,26,-1.576665
336,29,0.714453
337,5,0.859134
337,10,-0.717126
337,13,1.471299
337,15,1.289147
337,16,-1.227067
337,18,-0.822218
337,20,-0.654468
337,25,0.060731
337,26,-1.404752
337,29,0.535905
338,5,0.792317
338,10,-0.691908
338,13,1.305048
338,15,1.106365
338,16,-1.058982
338,18,-0.749035
338,20,-0.641127
338,25,-0.011198
338,26,-1.257537
338,29,0.439511
339,5,0.670015
339,10,-0.615695
339,13,1.13933
339,15,0.960393
339,18,-0.739896
339,20,-0.611626
339,25,-0.016135
339,26,-1.172071
339,29,0.326173
340,5,0.395227
340,13,0.863574
340,15,0.767244
340,16,-0.95332
340,18,-0.795718
340,20,-0.531636
340,25,0.06675
340,26,-1.099392
340,29,0.12441
341,5,0.205823
341,13,0.654356
341,15,0.607319
341,16,-0.905208
341,18,-0.819335
341,20,-0.479421
341,25,0.105231
341,26,-1.025787
341,29,-0.025273
342,5,0.094779
342,13,0.457218
342,15,0.418222
342,16,-0.748499
342,18,-0.747259
342,20,-0.433538
342,25,0.069679
342,26,-0.868158
342,29,-0.131313
343,5,0.018666
343,13,0.298678
343,15,0.273807
343,16,-0.585195
343,18,-0.623661
343,20,-0.352388
343,25,0.052067
343,26,-0.685365
343,29,-0.170477
344,5,-0.096194
344,10,-0.096322
344,13,0.172299
344,15,0.158989
344,16,-0.575824
344,18,-0.696109
344,20,-0.375501
344,25,0.045457
344,26,-0.688688
344,29,-0.308914
345,5,-0.219797
345,13,0.019423
345,15,0.05748
345,16,-0.491922
345,18,-0.618744
345,20,-0.267666
345,25,0.097122
345,26,-0.554685
345,29,-0.348978
346,5,-0.142427
346,13,0.036152
346,15,0.028223
346,16,-0.399863
346,18,-0.550419
346,20,-0.29453
346,25,0.016885
346,26,-0.496146
346,29,-0.321897
347,5,0.559272
347,13,0.774187
347,15,0.493335
347,16,-0.597442
347,18,-0.67
347,20,-0.718385
347,25,-0.286615
347,26,-0.918302
347,29,0.015646
348,5,1.153925
348,13,1.343554
348,15,0.826831
348,16,-0.656552
348,18,-0.671718
348,20,-1.03299
348,25,-0.569458
348,26,-1.161375
348,29,0.316588
349,5,1.540093
349,13,1.56305
349,15,0.765706
349,16,-0.522778
349,18,-0.7646
349,20,-1.458692
349,25,-1.011156
349,26,-1.306298
349,29,0.253803
350,5,2.114022
350,13,2.058604
350,15,1.081073
350,16,-0.421974
350,18,-0.508393
350,20,-1.565499
350,25,-1.223633
350,26,-1.297514
350,29,0.692948
351,5,3.044689
351,13,2.64976
351,15,1.175306
351,16,-0.039886
351,18,-0.298775
351,20,-2.123996
351,25,-1.973354
351,26,-1.327264
351,29,0.976563
352,5,3.999215
352,13,3.450154
352,15,1.358975
352,18,-0.812527
352,20,-3.216426
352,25,-2.856006
352,26,-2.071647
352,29,0.896079
353,5,4.044422
353,13,3.159959
353,15,0.748038
353,18,-1.078601
353,20,-3.790724
353,29,0.293457
354,5,3.264674
354,13,2.395787
354,15,0.136333
355,5,2.545788
355,13,2.008243
356,5,2.60691
356,18,-3.396676
356,25,-2.686843
357,5,-4.5e-05
357,20,-3.175809
357,25,1.436852
357,29,-1.245843
358,5,-0.689067
358,18,-0.512337
358,20,1.187316
358,25,2.109
358,26,-1.006846
359,5,-3.525363
359,18,-5.156984
359,20,-1.867546
359,25,0.807706
359,26,-3.579711
360,5,-0.893533
360,15,0.582389
360,18,-4.881813
360,20,-2.739071
360,25,0.098607
360,26,-4.595496
360,29,-2.564666
361,5,1.033312
361,15,1.422392
361,18,-1.069912
361,20,-0.922441
361,25,-0.053543
361,26,-1.724681
361,29,0.503753
362,5,2.190906
362,15,1.493977
362,18,0.525726
362,20,-0.604516
362,25,-0.687791
362,26,-0.496659
362,29,1.615011
363,5,3.459742
363,15,2.14064
363,18,1.448053
363,20,-0.592438
363,25,-1.114517
363,26,-0.128014
363,29,2.757092
364,5,4.560266
364,15,2.258383
364,18,2.491267
364,20,-0.631896
364,25,-1.79754
364,26,0.577152
364,29,3.566468
365,5,4.566758
365,15,2.333945
365,18,3.141892
365,20,-0.091194
365,25,-1.576696
365,26,1.157908
365,29,4.00866
366,5,4.30011
366,15,2.302523
366,18,3.015783
366,20,0.014874
366,25,-1.383079
366,26,1.106045
366,29,3.884658
367,5,4.300998
367,15,2.427607
367,18,2.994636
367,20,0.064755
367,25,-1.285159
367,26,1.040848
367,29,3.962986
368,5,5.496462
368,15,3.074393
368,18,3.245356
368,20,-0.384789
368,25,-1.814319
368,26,0.794113
368,29,4.696676
369,5,5.646343
369,15,3.26782
369,18,3.071531
369,20,-0.54057
369,25,-1.83909
369,26,0.529979
369,29,4.747979
370,5,5.561706
370,15,3.04934
370,18,3.060215
370,20,-0.597158
370,25,-1.947198
370,26,0.614077
370,29,4.571632
371,5,5.617767
371,15,3.118924
371,18,3.017387
371,20,-0.639937
371,25,-1.954144
371,26,0.536491
371,29,4.601188
372,5,4.996569
372,15,2.853816
372,18,2.380246
372,20,-0.762466
372,25,-1.748371
372,26,0.16346
372,29,3.969541
373,5,4.683603
373,15,2.593808
373,18,1.947576
373,20,-0.97917
373,25,-1.779666
373,26,-0.084476
373,29,3.491606
374,5,3.821539
374,15,1.910934
374,18,1.793381
374,20,-0.751023
374,25,-1.575004
374,26,0.195113
374,29,2.818373
375,5,3.037931
375,15,1.552043
375,18,1.107441
375,20,-0.826796
375,25,-1.304681
375,26,-0.155485
375,29,2.074979
376,5,1.983882
376,15,0.810533
376,18,0.821683
376,20,-0.572734
376,25,-0.998911
376,26,0.062725
376,29,1.263729
377,5,1.636295
377,15,0.781197
377,18,0.840397
377,20,-0.28547
377,25,-0.688706
377,26,0.163921
377,29,1.221462
378,5,1.700014
378,13,1.513445
378,15,0.841068
378,18,0.240692
378,20,-0.772321
378,25,-0.848921
378,26,-0.433551
378,29,0.914801
379,5,2.238816
379,18,-0.0736
379,20,-1.289934
379,25,-1.167378
379,26,-0.958061
379,29,1.014641
380,5,2.877161
380,13,2.871611
380,18,-0.361162
380,20,-1.759994
380,25,-1.402265
380,26,-1.551312
380,29,1.289132
381,5,3.543709
381,13,3.623336
381,15,2.061157
381,18,-0.970093
381,20,-2.588765
381,25,-1.877888
381,26,-2.395685
381,29,1.258218
382,5,3.916095
382,15,2.150872
382,18,-1.465766
382,20,-3.235198
382,25,-2.280145
382,26,-2.972398
382,29,1.062812
383,5,4.376955
383,15,2.305211
383,18,-2.081443
383,20,-4.013649
383,25,-2.741796
383,26,-3.703683
383,29,0.851614
384,5,4.66577
384,13,4.676998
384,15,2.084512
384,18,-2.776561
384,20,-4.912474
384,25,-3.375031
384,26,-4.339722
384,29,0.301659
385,5,4.854931
385,13,4.787746
385,15,1.972927
385,18,-3.09739
385,20,-5.379052
385,25,-3.728449
385,26,-4.642369
385,29,0.045246
386,5,5.418696
386,13,5.274419
386,15,2.077965
386,18,-3.487952
386,20,-6.094574
386,25,-4.273291
386,26,-5.167509
386,29,-0.059953
387,5,5.668059
387,13,5.520107
387,15,2.149529
387,18,-3.741124
387,20,-6.460217
387,25,-4.512825
387,26,-5.484945
387,29,-0.13611
388,5,5.753024
388,13,5.620446
388,15,2.269311
388,18,-3.613384
388,20,-6.367478
388,25,-4.461051
388,26,-5.427084
388,29,0.034644
389,5,5.88037
389,13,5.732852
389,15,2.445554
389,18,-3.232804
389,20,-6.083206
389,25,-4.33986
389,26,-5.16112
389,29,0.400538
390,5,5.739068
390,13,5.538192
390,15,2.406926
390,18,-2.794221
390,20,-5.646104
390,25,-4.129603
390,26,-4.706821
390,29,0.618838
391,5,5.475066
391,15,2.497731
391,18,-2.338178
391,20,-5.024038
391,25,-3.689325
391,26,-4.255728
391,29,0.932325
392,5,5.300812
392,13,5.267337
392,18,-2.125084
392,20,-4.648963
392,25,-3.368857
392,26,-4.062557
392,29,1.132188
393,5,5.094452
393,18,-2.003827
393,20,-4.364296
393,25,-3.112154
393,26,-3.918313
393,29,1.212086
394,5,5.141626
394,18,-1.917089
394,20,-4.257607
394,25,-3.012301
394,26,-3.900261
394,29,1.375245
395,5,5.173647
395,18,-1.798258
395,20,-4.040325
395,25,-2.775476
395,26,-3.89723
395,29,1.656731
396,5,5.340191
396,15,3.506441
396,18,-1.715973
396,20,-3.889081
396,25,-2.559528
396,26,-4.006586
396,29,2.030248
397,5,5.234976
397,13,5.820432
397,18,-1.92737
397,20,-3.881437
397,25,-2.377929
397,26,-4.239578
397,29,2.012395
398,5,5.180522
398,13,5.840748
398,18,-2.510809
398,20,-4.340325
398,25,-2.547914
398,26,-4.743133
398,29,1.592395
399,5,6.086352
399,13,6.44763
399,18,-2.274018
399,20,-4.828091
399,25,-3.22654
399,26,-4.771384
399,29,1.920669
400,5,6.419371
400,15,3.514225
400,18,-2.235182
400,20,-5.186439
400,25,-3.709884
400,26,-4.734343
400,29,1.817365
401,5,6.235409
401,13,5.883599
401,15,3.0206
401,18,-1.052578
401,20,-4.379867
401,25,-3.662302
401,26,-3.410183
401,29,2.135415
402,5,5.594457
402,13,4.860637
402,15,2.420537
402,18,0.335742
402,20,-3.090744
402,25,-3.218828
402,26,-1.755926
402,29,2.457749
403,5,3.89926
403,13,2.592222
403,15,0.88555
403,18,1.87344
403,20,-1.310375
403,25,-2.520517
403,26,0.599409
403,29,2.088615
404,5,3.08633
404,13,0.551569
404,15,-1.651799
404,18,1.898013
404,20,-1.975197
404,25,-3.875102
404,26,1.698844
404,29,0.157423
405,5,2.000501
405,13,-1.142074
405,15,-3.275747
405,18,2.112608
405,20,-1.77596
405,25,-4.154153
405,26,2.712008
405,29,-1.008717
406,5,1.718795
406,13,-2.534863
406,15,-5.023463
406,18,2.970805
406,20,-1.811023
406,25,-5.1489
406,26,4.199056
406,29,-1.819461
407,5,1.840112
407,13,-2.898767
407,15,-5.538321
407,18,3.647513
407,20,-1.66157
407,25,-5.535111
407,26,4.990552
407,29,-1.792171
408,5,1.559416
408,13,-3.442554
408,15,-6.038913
408,18,4.006655
408,20,-1.416981
408,25,-5.602534
408,26,5.566262
408,29,-1.975359
409,5,2.018194
409,13,-3.419048
409,15,-6.227224
409,18,4.783502
409,20,-1.295272
409,25,-6.01262
409,26,6.262422
409,29,-1.61999
410,5,2.265543
410,13,-3.619902
410,15,-6.612523
410,16,9.464002
410,18,5.426417
410,20,-1.207308
410,25,-6.419302
410,26,6.948669
410,29,-1.507333
411,5,1.667063
411,13,-4.310842
411,15,-7.177783
411,16,9.646937
411,18,5.318743
411,20,-1.095597
411,25,-6.3506
411,26,7.178342
411,29,-2.040489
412,5,1.974385
412,10,-2.956185
412,13,-4.39521
412,15,-7.461416
412,16,10.319423
412,18,5.867736
412,20,-1.075918
412,25,-6.75205
412,26,7.727186
412,29,-1.903533
413,5,1.951698
413,10,-3.106154
413,13,-4.631336
413,15,-7.845126
413,16,10.59533
413,18,5.819871
413,20,-1.299026
413,25,-7.066118
413,26,7.822904
413,29,-2.220062
414,5,1.872026
414,10,-3.017704
414,13,-4.849569
414,15,-8.054613
414,16,10.87591
414,18,6.047493
414,20,-1.167552
414,25,-7.113042
414,26,8.128135
414,29,-2.249645
415,5,1.895884
415,10,-3.211182
415,13,-5.144521
415,15,-8.542732
415,16,11.332057
415,20,-1.383946
415,25,-7.528152
415,26,8.37301
415,29,-2.563157
416,5,2.199076
416,10,-3.380864
416,13,-4.891307
416,15,-8.364015
416,18,6.358201
416,20,-1.362481
416,25,-7.614372
416,26,8.457319
416,29,-2.273896
417,5,2.142443
417,10,-3.430308
417,13,-4.872907
417,15,-8.366929
417,16,11.241447
417,20,-1.540665
417,25,-7.633318
417,26,8.199048
417,29,-2.453235
418,5,2.065584
418,10,-3.318008
418,13,-4.874974
418,15,-8.293937
418,18,6.065497
418,20,-1.440271
418,25,-7.500911
418,26,8.185941
418,29,-2.409907
419,5,2.149281
419,10,-3.514787
419,13,-5.130262
419,15,-8.741028
419,16,11.668577
419,18,6.265762
419,20,-1.59274
419,25,-7.910619
419,26,8.513809
419,29,-2.619124
420,5,2.03317
420,10,-3.511832
420,13,-5.368138
420,15,-9.023932
420,16,11.844886
420,18,6.243685
420,20,-1.663965
420,25,-8.044316
420,26,8.618486
420,29,-2.85365
421,5,1.813045
421,10,-3.475175
421,13,-5.547109
421,15,-9.202516
421,16,11.705433
421,18,5.901608
421,20,-1.84143
421,25,-8.066957
421,26,8.408391
421,29,-3.207575
422,5,1.961095
422,10,-3.711564
422,13,-5.447823
422,15,-9.240206
422,16,11.693635
422,18,5.744025
422,20,-2.106397
422,25,-8.279066
422,26,8.240584
422,29,-3.319041
423,5,1.934572
423,10,-3.773348
423,13,-5.647777
423,15,-9.524817
423,16,11.956088
423,18,5.809533
423,20,-2.184874
423,25,-8.478801
423,26,8.408445
423,29,-3.496183
424,5,2.192653
424,10,-4.177529
424,13,-5.667359
424,15,-9.82421
424,16,12.289327
424,18,5.805815
424,20,-2.561585
424,25,-8.979592
424,26,8.453557
424,29,-3.70282
425,5,2.605183
425,10,-4.62969
425,13,-5.440346
425,15,-9.862441
425,18,5.83811
425,20,-2.899244
425,25,-9.400039
425,26,8.405706
425,29,-3.682447
426,5,2.561183
426,10,-4.716478
426,13,-5.5777
426,15,-10.082888
426,18,5.719557
426,20,-3.071755
426,25,-9.572758
426,26,8.381526
426,29,-3.922027
427,5,2.73856
427,10,-5.125814
427,13,-5.659726
427,15,-10.454829
427,16,12.841272
427,18,5.549379
427,20,-3.549264
427,25,-10.096743
427,26,8.313394
427,29,-4.287345
428,5,2.41316
428,10,-4.922347
428,13,-5.925709
428,15,-10.628472
428,16,12.739419
428,18,5.338107
428,20,-3.534712
428,25,-9.982591
428,26,8.247829
428,29,-4.568611
429,5,2.288004
429,10,-4.909894
429,13,-6.079987
429,15,-10.800827
429,16,12.749577
429,18,5.19637
429,20,-3.631944
429,25,-10.042377
429,26,8.202822
429,29,-4.792386
430,5,1.994427
430,10,-4.719107
430,13,-6.229313
430,15,-10.84042
430,16,12.497799
430,18,4.899415
430,20,-3.638766
430,25,-9.865851
430,26,8.002314
430,29,-5.021712
431,5,1.798485
431,10,-4.531093
431,13,-6.226304
431,15,-10.702365
431,16,12.185774
431,18,4.684182
431,20,-3.568518
431,25,-9.614006
431,26,7.794117
431,29,-5.063215
432,5,1.615911
432,10,-4.402141
432,13,-6.199152
432,15,-10.571724
432,16,11.81831
432,18,4.360265
432,20,-3.59774
432,25,-9.406598
432,26,7.483433
432,29,-5.172942
433,5,1.52269
433,10,-4.224317
433,13,-5.955381
433,15,-10.150995
433,16,11.291313
433,18,4.109896
433,20,-3.489444
433,25,-9.023469
433,26,7.119356
433,29,-5.016684
434,5,1.896352
434,10,-4.639441
434,13,-5.607518
434,15,-10.012081
434,16,11.206853
434,18,3.939322
434,20,-3.857822
434,25,-9.30534
434,26,6.82598
434,29,-4.987455
435,5,2.593518
435,10,-5.198778
435,13,-4.904285
435,15,-9.553077
435,16,11.100768
435,18,3.972931
435,20,-4.166073
435,25,-9.580157
435,26,6.538959
435,29,-4.575695
436,5,2.934617
436,10,-5.384313
436,13,-4.362497
436,15,-9.029035
436,16,10.751349
436,18,3.90041
436,20,-4.226019
436,25,-9.484376
436,26,6.208418
436,29,-4.205008
437,5,3.354349
437,10,-5.714111
437,13,-3.801956
437,15,-8.578016
437,16,10.442971
437,18,3.752409
437,20,-4.448992
437,25,-9.542982
437,26,5.815022
437,29,-3.927109
438,5,3.530124
438,10,-5.880424
438,13,-3.319486
438,15,-8.098394
438,16,9.843162
438,18,3.30598
438,20,-4.6856
438,25,-9.413615
438,26,5.185246
438,29,-3.821569
439,5,3.630986
439,10,-6.148518
439,13,-3.147281
439,15,-8.059146
439,16,9.567976
439,18,2.848688
439,20,-5.103081
439,25,-9.584843
439,26,4.717774
439,29,-4.055732
440,5,3.238289
440,10,-5.71602
440,13,-3.392525
440,15,-8.059464
440,16,9.436829
440,18,2.860395
440,20,-4.76699
440,25,-9.206967
440,26,4.816125
440,29,-4.080658
441,5,3.167137
441,13,-3.529955
441,15,-8.202692
441,16,9.552148
441,18,2.899739
441,20,-4.753021
441,25,-9.25073
441,26,4.919015
441,29,-4.171734
442,5,3.539695
442,13,-3.249162
442,15,-8.117941
442,16,9.620156
442,18,2.908711
442,20,-5.010259
442,25,-9.535224
442,26,4.813017
442,29,-4.077994
443,5,3.989731
443,13,-2.812067
443,15,-7.882627
443,16,9.536139
443,18,2.824438
443,20,-5.324183
443,25,-9.789236
443,26,4.548464
443,29,-3.921251
444,5,4.819027
444,13,-1.930137
444,15,-7.362532
444,16,9.230076
444,18,2.536818
444,20,-5.959878
444,25,-10.214774
444,26,3.906315
444,29,-3.643879
445,5,5.35343
445,13,-1.326663
445,15,-6.876022
445,16,9.094249
445,18,2.653419
445,20,-6.054443
445,25,-10.292266
445,26,3.722513
445,29,-3.176196
446,5,5.636388
446,13,-1.046633
446,15,-6.626583
446,16,9.143002
446,18,2.901803
446,20,-5.963828
446,25,-10.297536
446,26,3.803076
446,29,-2.826456
447,5,5.686834
447,13,-0.827964
447,15,-6.298294
447,16,8.930633
447,18,2.961751
447,20,-5.78415
447,25,-10.057421
447,26,3.730826
447,29,-2.545474
448,5,6.038304
448,13,-0.345204
448,15,-5.93605
448,16,8.609432
448,18,2.7156
448,20,-6.074521
448,25,-10.148165
448,26,3.290504
448,29,-2.396776
449,5,6.397043
449,13,0.182588
449,15,-5.490003
449,18,2.523145
449,20,-6.284732
449,25,-10.163092
449,26,2.869306
449,29,-2.153589
450,5,6.853876
450,13,0.742496
450,15,-5.141779
450,18,2.167551
450,20,-6.755324
450,25,-10.391821
450,26,2.306809
450,29,-2.071952
451,5,7.205285
451,13,1.238034
451,15,-4.740329
451,18,1.979014
451,20,-6.980276
451,25,-10.436237
451,26,1.906424
451,29,-1.86032
452,5,7.860751
452,13,1.900627
452,15,-4.307092
452,18,2.00862
452,20,-7.272053
452,25,-10.695513
452,26,1.63108
452,29,-1.475433
453,5,8.27772
453,10,-9.919094
453,13,2.392024
453,15,-3.964884
453,18,1.86851
453,20,-7.545631
453,25,-10.841546
453,26,1.282025
453,29,-1.275122
454,5,8.66119
454,10,-10.194239
454,13,2.798858
454,15,-3.667474
454,18,1.926182
454,20,-7.6617
454,25,-10.947742
454,26,1.142437
454,29,-0.994876
455,5,8.741183
455,10,-10.134152
455,13,3.04362
455,15,-3.334781
455,18,1.958171
455,20,-7.526486
455,25,-10.739119
455,29,-0.724919
456,5,9.103707
456,10,-10.547552
456,13,3.576387
456,15,-2.961798
456,18,1.513261
456,20,-7.975189
456,25,-10.876947
456,29,-0.684123
457,5,9.015682
457,10,-10.645471
457,13,3.634695
457,15,-2.939061
457,18,0.980928
457,20,-8.303028
457,25,-10.896196
457,26,-0.090893
457,29,-0.987769
458,5,8.948369
458,10,-10.757679
458,13,3.673696
458,15,-2.951338
458,18,0.507556
458,20,-8.620933
458,25,-10.950962
458,26,-0.518784
458,29,-1.281451
459,5,8.620187
459,10,-10.393566
459,13,3.587263
459,15,-2.801555
459,18,0.365101
459,20,-8.378778
459,25,-10.54358
459,26,-0.632838
459,29,-1.278459
460,5,8.554219
460,10,-10.199944
460,13,3.627579
460,15,-2.626467
460,18,0.49812
460,20,-8.127594
460,25,-10.303865
460,26,-0.55616
460,29,-1.076925
461,5,8.384324
461,10,-10.059669
461,13,3.600207
461,15,-2.556597
461,18,0.306172
461,20,-8.098053
461,25,-10.126631
461,29,-1.151278
462,5,8.148986
462,10,-9.560939
462,13,3.568578
462,15,-2.267018
462,18,0.63342
462,20,-7.494399
462,25,-9.584113
462,26,-0.466553
462,29,-0.76209
463,5,8.266686
463,10,-9.5223
463,13,3.630702
463,15,-2.179585
463,18,0.978433
463,20,-7.278164
463,25,-9.546411
463,26,-0.201115
463,29,-0.489277
464,5,8.387281
464,10,-9.53335
464,13,3.651889
464,15,-2.17386
464,18,1.288382
464,20,-7.134958
464,25,-9.588218
464,26,0.059475
464,29,-0.297988
465,5,8.62592
465,10,-9.807249
465,13,3.780213
465,15,-2.207143
465,18,1.287966
465,20,-7.351597
465,25,-9.846579
465,26,0.014421
465,29,-0.309356
466,5,8.762906
466,10,-10.026637
466,13,3.65047
466,15,-2.518456
466,18,1.435604
466,20,-7.516289
466,25,-10.207155
466,26,0.230208
466,29,-0.449272
467,5,8.816567
467,10,-10.079247
467,13,3.659767
467,15,-2.545264
467,18,1.479802
467,20,-7.540885
467,25,-10.272393
467,26,0.267208
467,29,-0.442549
468,5,8.802215
468,10,-10.103634
468,13,3.550933
468,15,-2.694923
468,18,1.53418
468,20,-7.566149
468,25,-10.373089
468,26,0.372776
468,29,-0.526468
469,5,8.579716
469,10,-9.957167
469,13,3.267881
469,15,-2.935022
469,18,1.53761
469,20,-7.505641
469,25,-10.361125
469,26,0.510168
469,29,-0.721902
470,5,8.468946
470,13,3.089595
470,15,-3.120253
470,18,1.528139
470,20,-7.519002
470,25,-10.413352
470,29,-0.876252
471,5,8.510585
471,13,2.957094
471,15,-3.345948
471,18,1.650713
471,20,-7.578189
471,25,-10.616306
471,26,0.774189
471,29,-0.973627
472,5,8.683586
472,10,-10.170093
472,13,3.047855
472,15,-3.352666
472,18,1.720577
472,20,-7.671489
472,25,-10.773727
472,26,0.800738
472,29,-0.929115
473,5,8.67871
473,10,-10.16161
473,13,2.928929
473,15,-3.4963
473,18,1.881676
473,20,-7.618505
473,25,-10.854609
473,29,-0.945825
474,5,8.62927
474,10,-10.2846
474,13,2.662366
474,15,-3.899181
474,18,1.845865
474,20,-7.818631
474,25,-11.15426
474,29,-1.274709
475,5,8.607428
475,10,-10.342762
475,13,2.453785
475,15,-4.193506
475,18,1.943609
475,20,-7.880492
475,25,-11.359469
475,26,1.319849
475,29,-1.442581
476,5,8.62212
476,13,2.519713
476,15,-4.057803
476,18,2.081696
476,20,-7.713525
476,25,-11.230152
476,26,1.396944
476,29,-1.262272
477,5,8.09055
477,13,2.116486
477,15,-4.241279
477,18,1.881974
477,20,-7.523025
477,25,-10.918587
477,26,1.394853
477,29,-1.553937
478,5,7.895878
478,13,1.868744
478,15,-4.383411
478,18,2.108664
478,20,-7.260191
478,25,-10.801164
478,26,1.702108
478,29,-1.543796
479,5,7.768911
479,15,-4.743245
479,18,1.999964
479,20,-7.429266
479,25,-11.006151
479,29,-1.888055
480,5,7.799599
480,13,1.463132
480,15,-4.969855
480,18,2.071797
480,20,-7.518905
480,25,-11.210856
480,26,1.893284
480,29,-2.016988
481,5,7.824069
481,13,1.329081
481,15,-5.222198
481,18,2.058527
481,20,-7.682994
481,25,-11.450078
481,26,1.962443
481,29,-2.215315
482,5,7.777236
482,13,1.088341
482,15,-5.558189
482,18,2.110823
482,20,-7.781084
482,25,-11.676261
482,26,2.139468
482,29,-2.442856
483,5,7.923578
483,13,1.075933
483,15,-5.654483
483,18,2.359466
483,20,-7.76074
483,25,-11.843883
483,26,2.372092
483,29,-2.363869
484,5,7.835115
484,13,0.87608
484,15,-5.830073
484,18,2.575354
484,20,-7.612248
484,25,-11.859393
484,26,2.656486
484,29,-2.378565
485,5,7.915749
485,13,0.738752
485,15,-6.051591
485,18,2.871815
485,20,-7.566335
485,25,-12.058457
485,26,2.99362
485,29,-2.370172
486,5,8.037918
486,13,0.522786
486,15,-6.470795
486,18,3.088281
486,20,-7.721656
486,25,-12.481043
486,26,3.315293
486,29,-2.55435
487,5,8.049449
487,13,0.500775
487,15,-6.374563
487,18,3.567081
487,20,-7.308546
487,25,-12.307308
487,26,3.728459
487,29,-2.205862
488,5,7.800614
488,13,0.185183
488,15,-6.548908
488,18,3.876612
488,20,-6.953084
488,25,-12.147215
488,26,4.138321
488,29,-2.175527
489,5,7.489038
489,13,-0.258508
489,15,-6.913167
489,18,4.04825
489,20,-6.752766
489,25,-12.116316
489,26,4.499885
489,29,-2.372022
490,5,6.67148
490,13,-1.100794
490,15,-7.520665
490,18,3.880955
490,20,-6.522553
490,26,4.746231
490,29,-2.979879
491,5,5.066672
491,13,-2.386039
491,15,-8.164096
491,18,3.345157
491,20,-5.941412
491,25,-10.988939
491,26,4.842639
491,29,-3.877478
492,5,3.405766
492,13,-3.732698
492,15,-8.984853
492,18,2.369582
492,20,-5.748294
492,25,-10.291718
492,26,4.600507
492,29,-5.166845
493,5,3.10281
493,13,-4.232381
493,15,-9.370969
493,18,2.80432
493,20,-5.362156
493,26,5.216868
493,29,-5.225317
494,5,2.945661
494,13,-4.591284
494,15,-9.847489
494,18,2.66593
494,20,-5.589804
494,26,5.290377
494,29,-5.676084
495,5,2.78931
495,13,-4.793064
495,15,-9.823965
495,18,3.319857
495,20,-4.939136
495,29,-5.29021
496,5,2.3273
496,13,-5.305523
496,15,-10.204701
496,18,3.30223
496,20,-4.768426
496,29,-5.617278
497,5,1.16136
497,13,-6.353482
497,15,-10.718242
497,18,3.385839
497,20,-4.002882
497,25,-9.362879
497,29,-6.027806
498,5,-0.074533
498,10,-3.019445
498,13,-7.434869
498,15,-11.150981
498,18,3.681511
498,20,-2.971756
498,25,-8.470538
498,29,-6.25813
499,5,-0.348875
499,10,-2.761924
499,13,-7.72212
499,15,-11.324043
499,18,3.753874
499,20,-2.777616
499,25,-8.335906
499,26,7.610797
499,29,-6.364701
500,5,-0.475752
500,10,-2.809934
500,13,-7.935204
500,15,-11.605965
500,18,3.561737
500,20,-2.968944
500,25,-8.49199
500,26,7.558691
500,29,-6.697946
501,5,-0.418173
501,10,-2.749927
501,13,-8.084397
501,15,-11.765692
501,18,4.051941
501,20,-2.720073
501,25,-8.575558
501,26,8.063716
501,29,-6.532083
502,5,-0.294747
502,10,-2.90961
502,13,-8.02584
502,15,-11.804526
502,18,4.025803
502,20,-2.862756
502,25,-8.733342
502,26,8.023438
502,29,-6.571155
503,5,-0.138526
503,10,-2.905481
503,13,-7.973889
503,15,-11.75739
503,16,12.241343
503,18,4.432643
503,20,-2.651531
503,25,-8.757166
503,26,8.353609
503,29,-6.292345
504,5,-0.565719
504,10,-3.216829
504,13,-8.76553
504,15,-12.887529
504,16,12.4826
504,18,3.587147
504,20,-3.546917
504,25,-9.475021
504,26,8.054766
504,29,-7.661446
505,5,-0.277756
505,10,-3.444037
505,13,-8.696287
505,15,-12.974262
505,18,3.90564
505,20,-3.584536
505,25,-9.757153
505,26,8.317397
505,29,-7.527258
506,5,-0.596264
506,13,-9.188771
506,15,-13.238514
506,18,4.654915
506,20,-2.87637
506,25,-9.510407
506,26,9.19298
506,29,-7.312502
507,5,-1.06492
507,10,-2.002439
507,13,-9.533456
507,15,-13.065149
507,16,13.665072
507,18,5.528746
507,20,-1.715628
507,25,-8.725835
507,26,10.067996
507,29,-6.70441
508,5,-1.367108
508,10,-1.470684
508,13,-9.947682
508,15,-13.230371
508,16,14.133891
508,18,6.232555
508,25,-8.422341
508,26,10.862345
508,29,-6.44049
509,5,-1.516448
509,10,-0.959287
509,13,-10.114816
509,15,-13.116349
509,16,14.485195
509,18,7.02513
509,20,-0.203726
509,25,-8.013751
509,26,11.606001
509,29,-5.905829
510,5,-1.654326
510,10,-0.711738
510,13,-10.192668
510,15,-13.04972
510,16,14.498555
510,18,7.207858
510,20,0.089032
510,25,-7.786975
510,26,11.788133
510,29,-5.75975
511,5,-1.580869
511,10,-0.650546
511,13,-10.229215
511,15,-13.069886
511,18,7.598682
511,20,0.32133
511,25,-7.792385
511,26,12.146876
511,29,-5.546507
512,5,-1.816023
512,10,-0.66656
512,13,-10.525683
512,15,-13.424165
512,16,14.778259
512,18,7.25602
512,20,0.065803
512,25,-7.936658
512,26,12.004467
512,29,-6.027863
513,5,-1.624587
513,10,-0.796585
513,13,-10.453974
513,15,-13.437814
513,16,14.994162
513,18,7.475812
513,20,0.070597
513,25,-8.087211
513,26,12.171307
513,29,-5.902257
514,5,-1.366398
514,10,-1.098149
514,13,-10.389669
514,15,-13.572208
514,18,7.564198
514,20,-0.145779
514,25,-8.431465
514,29,-5.940279
515,5,-1.54643
515,10,-0.960559
515,13,-10.542562
515,15,-13.660684
515,16,15.220174
515,18,7.50141
515,20,-0.090008
515,25,-8.346449
515,26,12.255692
515,29,-6.055837
516,5,-1.719134
516,10,-0.755859
516,13,-10.590756
516,15,-13.577964
516,18,7.454703
516,20,0.062324
516,25,-8.121698
516,26,12.224138
516,29,-6.03234
517,5,-1.771553
517,10,-0.450719
517,13,-10.672592
517,15,-13.493136
517,18,8.014404
517,20,0.585808
517,25,-7.882504
517,26,12.735604
517,29,-5.64952
518,5,-1.745113
518,10,-0.515487
518,13,-10.576115
518,15,-13.415221
518,16,15.165445
518,18,7.835839
518,20,0.467361
518,25,-7.882144
518,26,12.533598
518,29,-5.694828
519,5,-1.505061
519,10,-0.680797
519,13,-10.341137
519,15,-13.250651
519,18,7.913897
519,20,0.415512
519,25,-7.961129
519,26,12.492117
519,29,-5.514439
520,5,-1.298875
520,10,-0.884985
520,13,-10.228075
520,15,-13.258662
520,16,15.282962
520,18,7.975351
520,20,0.288129
520,25,-8.155463
520,26,12.503682
520,29,-5.475995
521,5,-1.134531
521,13,-10.070357
521,15,-13.117904
521,16,15.331251
521,18,8.141639
521,20,0.355209
521,25,-8.162783
521,29,-5.266896
522,5,-1.628834
522,10,-0.655351
522,13,-10.395954
522,15,-13.292823
522,16,15.004757
522,18,7.66521
522,20,0.306691
522,25,-7.933703
522,26,12.302725
522,29,-5.703752
523,5,-1.782498
523,10,-0.660742
523,13,-10.592896
523,15,-13.525769
523,16,15.009752
523,18,7.454981
523,20,0.150207
523,25,-8.025862
523,29,-6.011929
524,5,-1.988381
524,10,-0.451112
524,13,-10.850968
524,15,-13.700478
524,16,15.171119
524,18,7.598264
524,20,0.342068
524,25,-7.944252
524,29,-6.074502
525,5,-1.907498
525,10,-0.473992
525,13,-10.774796
525,15,-13.6302
525,16,15.203428
525,18,7.693951
525,20,0.386884
525,25,-7.944814
525,26,12.516551
525,29,-5.963966
526,5,-1.841575
526,10,-0.560362
526,13,-10.889494
526,15,-13.836813
526,16,15.506871
526,18,7.872637
526,20,0.362897
526,25,-8.145252
526,26,12.742335
526,29,-6.015755
527,5,-1.635846
527,10,-0.766063
527,13,-10.846321
527,15,-13.933998
527,16,15.75229
527,18,8.023039
527,20,0.258005
527,25,-8.395296
527,26,12.869134
527,29,-5.993827
528,5,-1.415324
528,10,-0.899612
528,13,-10.616126
528,15,-13.753971
528,16,15.740126
528,18,8.112486
528,20,0.239267
528,25,-8.440579
528,26,12.837316
528,29,-5.796728
529,5,-1.496926
529,10,-0.773353
529,13,-10.73973
529,15,-13.825389
529,16,15.878705
529,18,8.283856
529,20,0.403689
529,25,-8.387102
529,26,13.044302
529,29,-5.758541
530,5,-1.662894
530,10,-0.5883
530,13,-10.778862
530,15,-13.743775
530,16,15.707808
530,18,8.206017
530,20,0.525648
530,25,-8.176149
530,26,12.982605
530,29,-5.752799
531,5,-1.716332
531,10,-0.614561
531,13,-10.943471
531,15,-13.961785
531,16,15.87111
531,18,8.212224
531,20,0.461506
531,25,-8.307069
531,26,13.078312
531,29,-5.91942
532,5,-1.273432
532,13,-10.747481
532,15,-14.104489
532,16,16.120921
532,18,8.180697
532,20,-0.006069
532,25,-8.862848
532,29,-6.025176
533,5,-0.925124
533,13,-10.451254
533,15,-14.018286
533,16,16.078172
533,18,8.030616
533,20,-0.366447
533,25,-9.160384
533,26,12.734973
533,29,-6.031085
534,5,-0.776744
534,13,-10.371373
534,15,-13.99683
534,16,16.204968
534,18,8.176518
534,20,-0.364683
534,25,-9.257172
534,26,12.829364
534,29,-5.92566
535,5,-0.845485
535,13,-10.445259
535,15,-14.096256
535,16,16.165692
535,18,8.021842
535,20,-0.478449
535,25,-9.307515
535,26,12.73498
535,29,-6.096321
536,5,-1.176234
536,13,-10.67542
536,15,-14.326172
536,16,15.842775
536,18,7.392214
536,20,-0.810514
536,25,-9.311847
536,26,12.301443
536,29,-6.652952
537,5,-1.592746
537,13,-11.167482
537,15,-14.779615
537,16,15.931076
537,18,7.175639
537,20,-0.868116
537,25,-9.33422
537,29,-7.144958
538,5,-1.701778
538,13,-11.390866
538,15,-15.057085
538,16,16.082359
538,18,7.117142
538,20,-0.967057
538,25,-9.474057
538,26,12.426629
538,29,-7.396895
539,5,-1.67506
539,13,-11.308733
539,15,-14.963372
539,16,15.987606
539,18,7.070779
539,20,-0.974912
539,25,-9.432288
539,26,12.343638
539,29,-7.353655
540,5,-1.602027
540,10,-1.544202
540,13,-11.164104
540,15,-14.823878
540,16,15.849997
540,18,6.98993
540,20,-1.024114
540,25,-9.404163
540,26,12.200659
540,29,-7.293244
541,5,-1.655917
541,10,-1.397298
541,13,-11.063212
541,15,-14.602942
541,16,15.651412
541,18,6.986241
541,20,-0.864953
541,25,-9.169173
541,26,12.133035
541,29,-7.132877
542,5,-1.727216
542,10,-1.205218
542,13,-11.106214
542,15,-14.534827
542,16,15.715626
542,18,7.212659
542,20,-0.593087
542,25,-8.997794
542,26,12.340826
542,29,-6.956684
543,5,-1.420412
543,10,-1.321326
543,13,-10.831717
543,15,-14.300232
543,16,15.837996
543,18,7.538508
543,20,-0.472113
543,25,-9.032971
543,26,12.491609
543,29,-6.578418
544,5,-1.103964
544,10,-1.48391
544,13,-10.568767
544,15,-14.109253
544,16,15.968554
544,18,7.816003
544,20,-0.4196
544,25,-9.124122
544,26,12.60954
544,29,-6.260778
545,5,-0.753102
545,10,-1.706534
545,13,-10.240643
545,15,-13.876236
545,16,16.011798
545,18,7.990203
545,20,-0.453867
545,25,-9.234837
545,26,12.60654
545,29,-5.969187
546,5,-0.656048
546,10,-1.856637
546,13,-10.17293
546,15,-13.894693
546,16,15.999228
546,18,7.891868
546,20,-0.619654
546,25,-9.36592
546,26,12.496344
546,29,-6.037707
547,5,-0.791423
547,10,-1.711749
547,13,-10.188811
547,15,-13.81148
547,16,15.825164
547,18,7.794602
547,20,-0.537482
547,25,-9.186645
547,26,12.408567
547,29,-6.039602
548,5,-1.186624
548,10,-1.521809
548,13,-10.461859
548,15,-13.991026
548,16,15.553079
548,18,7.346987
548,20,-0.647944
548,25,-9.046758
548,26,12.145699
548,29,-6.454845
549,5,-1.319445
549,10,-1.456445
549,13,-10.494583
549,15,-13.976627
549,16,15.353818
549,18,7.120488
549,20,-0.704127
549,25,-8.953542
549,26,11.959381
549,29,-6.582914
550,5,-1.166282
550,10,-1.542356
550,13,-10.361028
550,15,-13.881306
550,16,15.400883
550,18,7.231987
550,20,-0.694404
550,25,-9.000821
550,26,11.993832
550,29,-6.441538
551,5,-0.95263
551,13,-10.207676
551,15,-13.808089
551,16,15.502777
551,18,7.369044
551,20,-0.726918
551,25,-9.120085
551,26,12.04524
551,29,-6.299497
552,5,-0.773065
552,10,-1.841512
552,13,-10.029746
552,15,-13.697109
552,16,15.480542
552,18,7.376619
552,20,-0.811616
552,25,-9.201158
552,26,11.969312
552,29,-6.204892
553,5,-0.876878
553,10,-1.781949
553,13,-10.034635
553,15,-13.654847
553,16,15.293027
553,18,7.188814
553,20,-0.847426
553,25,-9.104693
553,26,11.802646
553,29,-6.288024
554,5,-0.7277
554,10,-1.757578
554,13,-9.83848
554,15,-13.414235
554,16,15.300738
554,18,7.425904
554,20,-0.661029
554,25,-9.001538
554,26,11.905732
554,29,-5.964456
555,5,-0.659707
555,10,-1.72313
555,13,-9.66428
555,15,-13.184016
555,16,15.165261
555,18,7.467404
555,20,-0.564015
555,25,-8.868092
555,29,-5.764936
556,5,-0.73725
556,10,-1.663027
556,13,-9.603294
556,15,-13.061523
556,16,14.916992
556,18,7.271995
556,20,-0.585676
556,25,-8.731467
556,29,-5.790033
557,5,-0.951802
557,13,-9.647241
557,15,-12.968945
557,16,14.651905
557,18,7.086048
557,20,-0.501392
557,25,-8.484999
557,26,11.48405
557,29,-5.838569
558,5,-0.691764
558,10,-1.773348
558,13,-9.387686
558,15,-12.862671
558,16,14.538027
558,18,6.899664
558,20,-0.806155
558,25,-8.687177
558,29,-5.855284
559,5,-0.477021
559,13,-9.152429
559,15,-12.630648
559,16,14.563053
559,18,7.117439
559,20,-0.694104
559,25,-8.659063
559,26,11.277638
559,29,-5.546451
560,5,-0.732557
560,13,-9.279654
560,15,-12.66725
560,16,14.316942
560,18,6.818953
560,20,-0.730481
560,25,-8.503175
560,26,11.071664
560,29,-5.759432
561,5,-1.051357
561,13,-9.450732
561,15,-12.650114
561,16,14.137156
561,18,6.727773
561,20,-0.525279
561,25,-8.199259
561,29,-5.815209
562,5,-1.313159
562,13,-9.626371
562,15,-12.78363
562,16,13.917596
562,18,6.351173
562,20,-0.667619
562,25,-8.133528
562,26,10.814589
562,29,-6.146681
563,5,-1.181723
563,10,-1.367929
563,13,-9.535778
563,15,-12.747382
563,16,13.98346
563,18,6.428689
563,20,-0.697239
563,25,-8.216345
563,26,10.842693
563,29,-6.070975
564,5,-0.975755
564,10,-1.513773
564,13,-9.394115
564,15,-12.68479
564,16,14.09355
564,18,6.569234
564,20,-0.726425
564,25,-8.336941
564,26,10.902579
564,29,-5.935878
565,5,-1.125012
565,10,-1.250018
565,13,-9.741358
565,15,-12.949733
565,16,14.60208
565,18,7.111371
565,20,-0.319251
565,25,-8.306499
565,26,11.545681
565,29,-5.835616
566,5,-1.542128
566,10,-1.000149
566,13,-10.119973
566,15,-13.224011
566,16,14.520833
566,18,6.857147
566,20,-0.310644
566,25,-8.182828
566,26,11.505533
566,29,-6.210611
567,5,-1.431026
567,10,-1.12066
567,13,-10.17104
567,15,-13.377655
567,16,14.787193
567,18,7.019311
567,20,-0.356916
567,25,-8.387908
567,26,11.685296
567,29,-6.232167
568,5,-1.108689
568,10,-1.489495
568,13,-10.029318
568,15,-13.463775
568,16,14.996596
568,18,7.064161
568,20,-0.635046
568,25,-8.764992
568,26,11.677561
568,29,-6.260572
569,5,-1.063221
569,10,-1.586472
569,13,-10.117952
569,15,-13.641784
569,16,15.195975
569,18,7.125238
569,20,-0.7176
569,25,-8.946954
569,26,11.786502
569,29,-6.36169
570,5,-1.010021
570,10,-1.570076
570,13,-10.131883
570,15,-13.659073
570,16,15.364347
570,18,7.337637
570,20,-0.605359
570,25,-8.97226
570,26,11.980389
570,29,-6.253386
571,5,-1.249022
571,10,-1.328906
571,13,-10.479345
571,15,-13.924993
571,16,15.642362
571,18,7.563168
571,20,-0.36899
571,25,-8.919058
571,26,12.346992
571,29,-6.339502
572,5,-1.85979
572,10,-0.993755
572,13,-11.04011
572,15,-14.352155
572,16,15.509092
572,18,7.137006
572,25,-8.768385
572,26,12.246651
572,29,-6.937187
573,5,-2.291397
573,10,-0.843618
573,13,-11.653489
573,15,-14.981688
573,16,15.753786
573,18,6.95166
573,20,-0.522647
573,25,-8.912745
573,26,12.400309
573,29,-7.543672
574,5,-2.620915
574,10,-0.317535
574,13,-11.894496
574,15,-14.930971
574,16,15.844555
574,18,7.333204
574,20,0.075643
574,25,-8.476361
574,26,12.826798
574,29,-7.302527
575,5,-3.304049
575,10,0.60893
575,13,-12.469097
575,15,-15.016434
575,18,7.894906
575,20,1.037529
575,25,-7.774978
575,26,13.560536
575,29,-7.076653
576,5,-3.434548
576,10,1.017995
576,13,-12.672067
576,15,-15.015913
576,18,8.593387
576,20,1.689157
576,25,-7.511821
576,26,14.25492
576,29,-6.684187
577,5,-3.464471
577,10,1.28896
577,13,-12.63373
577,15,-14.804715
577,18,8.996179
577,20,2.13764
577,25,-7.22885
577,26,14.570448
577,29,-6.296029
578,5,-3.799186
578,10,1.731724
578,13,-12.861138
578,15,-14.785282
578,18,9.176453
578,20,2.567959
578,25,-6.853726
578,26,14.819322
578,29,-6.193803
579,5,-3.823746
579,10,1.698784
579,13,-12.941282
579,15,-14.904753
579,16,16.574207
579,18,9.142676
579,20,2.501141
579,25,-6.937775
579,26,14.836122
579,29,-6.307438
580,5,-3.694483
580,10,1.652597
580,13,-12.606555
580,15,-14.526771
580,16,16.219307
580,18,8.993456
580,20,2.475953
580,25,-6.778579
580,26,14.530704
580,29,-6.101042
581,5,-3.734596
581,13,-12.562855
581,15,-14.457506
581,16,16.056495
581,18,8.844814
581,20,2.431524
581,25,-6.712341
581,26,14.376614
581,29,-6.136749
582,5,-4.001448
582,13,-12.788363
582,15,-14.689262
582,18,8.395416
582,20,2.186336
582,26,14.100447
582,29,-6.583083
583,5,-4.0914
583,13,-12.929236
583,15,-14.928957
583,18,8.063741
583,20,1.880646
583,25,-6.914061
583,29,-6.961155
584,5,-1.405325
584,13,-10.058385
584,15,-12.506142
584,16,15.71692
584,18,9.532632
584,20,2.040971
584,25,-7.218544
584,26,13.757582
584,29,-4.168409
585,5,-1.321853
585,10,-0.056054
585,13,-9.899214
585,15,-12.447974
585,16,15.440171
585,18,9.126135
585,20,1.687601
585,25,-7.331999
585,29,-4.355258
586,5,-1.201081
586,13,-9.861645
586,15,-12.558152
586,16,15.471229
586,18,8.96879
586,20,1.408428
586,26,13.190786
586,29,-4.527086
587,5,-1.043997
587,13,-9.663474
587,15,-12.422126
587,16,15.351637
587,18,8.867722
587,20,1.270826
587,29,-4.477215
588,5,-0.831651
588,13,-9.345781
588,15,-12.209331
588,16,15.046131
588,18,8.543721
588,20,0.954335
588,29,-4.49376
589,5,-1.247409
589,13,-9.514948
589,15,-12.220263
589,16,14.566382
589,18,7.998766
589,20,0.874365
589,29,-4.831069
590,5,-1.012801
590,10,-0.616165
590,13,-9.313737
590,15,-12.085284
590,16,14.636572
590,18,8.152132
590,20,0.868581
590,25,-7.527045
590,26,12.205233
590,29,-4.633844
591,5,-0.525083
591,10,-0.974099
591,13,-8.913543
591,15,-11.860969
591,16,14.765671
591,18,8.375908
591,20,0.752553
591,25,-7.772828
591,26,12.214789
591,29,-4.318836
592,5,0.260898
592,10,-1.978784
592,13,-8.34612
592,15,-11.848514
592,16,14.768845
592,18,7.977818
592,20,-0.204566
592,25,-8.605179
592,26,11.633284
592,29,-4.509731
593,5,0.833982
593,10,-2.657148
593,13,-7.942137
593,15,-11.820443
593,20,-0.79754
593,25,-9.173172
593,26,11.318275
593,29,-4.565562
594,5,1.081258
594,10,-2.740753
594,13,-7.691951
594,15,-11.589714
594,16,14.89182
594,18,8.057668
594,20,-0.691071
594,25,-9.175527
594,26,11.40904
594,29,-4.241448
595,5,1.887394
595,10,-3.384994
595,13,-7.160384
595,15,-11.414716
595,16,15.306185
595,20,-0.932497
595,25,-9.731802
595,26,11.557059
595,29,-3.831336
596,5,1.873416
596,10,-3.331173
596,13,-7.157458
596,15,-11.378803
596,16,15.313712
596,18,8.558539
596,20,-0.852919
596,25,-9.678348
596,26,11.606959
596,29,-3.771734
597,5,2.539793
597,10,-4.130158
597,13,-6.860773
597,15,-11.572854
597,16,15.708007
597,18,8.57481
597,20,-1.496728
597,25,-10.487588
597,26,11.519459
597,29,-3.890356
598,5,2.951575
598,10,-4.565166
598,13,-6.550217
598,15,-11.49653
598,16,15.760354
598,18,8.53314
598,20,-1.832267
598,25,-10.834722
598,26,11.347445
598,29,-3.844232
599,5,3.438399
599,10,-4.98689
599,13,-6.387605
599,15,-11.613043
599,16,16.284687
599,18,8.944677
599,20,-1.97966
599,25,-11.329536
599,26,11.652824
599,29,-3.685398
600,5,3.718494
600,10,-5.20964
600,13,-6.170125
600,15,-11.51088
600,16,16.369634
600,18,9.055895
600,20,-2.07343
600,25,-11.498133
600,26,11.650065
600,29,-3.537492
601,5,3.77526
601,10,-5.208796
601,13,-6.323437
601,15,-11.716733
601,16,16.800441
601,18,9.436123
601,20,-1.932495
601,25,-11.655269
601,26,12.067045
601,29,-3.480476
602,5,3.870545
602,10,-5.307676
602,13,-6.446801
602,15,-11.948792
602,16,17.18574
602,18,9.692091
602,20,-1.933571
602,25,-11.895499
602,26,12.365552
602,29,-3.513093
603,5,4.0692
603,10,-5.660245
603,13,-6.411483
603,15,-12.14273
603,16,17.311522
603,18,9.537613
603,20,-2.319057
603,25,-12.282374
603,26,12.235221
603,29,-3.746585
604,5,4.262595
604,10,-5.45254
604,13,-6.200292
604,15,-11.783402
604,16,17.554535
604,18,10.263208
604,20,-1.730945
604,25,-12.036493
604,26,12.746764
604,29,-3.055581
605,5,4.100604
605,10,-5.159521
605,13,-6.332796
605,15,-11.757756
605,16,17.658625
605,18,10.540427
605,20,-1.366845
605,25,-11.807791
605,26,13.041467
605,29,-2.887589
606,5,4.175031
606,10,-5.239694
606,13,-6.216342
606,15,-11.669229
606,16,17.55529
606,18,10.449603
606,20,-1.452573
606,25,-11.82636
606,26,12.904608
606,29,-2.872653
607,5,4.307339
607,10,-5.260305
607,13,-6.012633
607,15,-11.443436
607,16,17.476273
607,18,10.538425
607,20,-1.37621
607,25,-11.753045
607,26,12.87509
607,29,-2.648365
608,5,4.036372
608,10,-4.905461
608,13,-6.246775
608,15,-11.494498
608,16,17.560357
608,18,10.745171
608,20,-1.01557
608,25,-11.495656
608,26,13.158055
608,29,-2.582842
609,5,3.887502
609,10,-4.36274
609,13,-6.196096
609,15,-11.090903
609,16,17.556992
609,18,11.321809
609,20,-0.234326
609,25,-10.908881
609,26,13.601369
609,29,-1.954142
610,5,3.704889
610,10,-4.069157
610,13,-6.389262
610,15,-11.139441
610,16,17.72746
610,18,11.618967
610,20,0.123861
610,25,-10.718781
610,26,13.946561
610,29,-1.832336
611,5,3.848365
611,10,-4.340758
611,13,-6.403725
611,15,-11.341167
611,16,17.881154
611,18,11.526996
611,20,-0.171143
611,25,-11.046985
611,26,13.892193
611,29,-2.038626
612,5,4.179692
612,10,-4.593105
612,13,-6.151207
612,15,-11.219956
612,16,18.000803
612,18,11.688332
612,20,-0.259211
612,25,-11.241718
612,26,13.916459
612,29,-1.8472
613,5,4.08445
613,10,-4.497001
613,13,-6.410178
613,15,-11.482033
613,16,18.344424
613,18,11.940568
613,20,-0.119553
613,25,-11.323423
613,26,14.271109
613,29,-1.91227
614,5,4.516345
614,10,-4.905337
614,13,-6.122075
614,15,-11.422422
614,18,12.045238
614,20,-0.367475
614,25,-11.678341
614,26,14.236956
614,29,-1.797461
615,5,4.768912
615,10,-5.231382
615,13,-6.169004
615,15,-11.715072
615,18,12.219116
615,20,-0.594768
615,25,-12.139314
615,26,14.437772
615,29,-1.919869
616,5,4.973364
616,10,-5.54848
616,13,-6.107359
616,15,-11.855788
616,18,12.118912
616,20,-0.915331
616,25,-12.477778
616,26,14.338082
616,29,-2.082726
617,5,4.854549
617,10,-5.329898
617,13,-6.051667
617,15,-11.639894
617,16,18.857521
617,18,12.125373
617,20,-0.698392
617,25,-12.184132
617,26,14.29889
617,29,-1.921022
618,5,4.785828
618,10,-5.207872
618,13,-6.118092
618,15,-11.644757
618,16,18.922244
618,18,12.252872
618,20,-0.544023
618,25,-12.10087
618,26,14.438564
618,29,-1.858759
619,5,4.84748
619,10,-5.247625
619,13,-5.974175
619,15,-11.495437
619,16,18.769627
619,18,12.16838
619,20,-0.582799
619,25,-12.055496
619,26,14.289527
619,29,-1.794183
620,5,4.746493
620,10,-5.115406
620,13,-6.013538
620,15,-11.45447
620,16,18.712905
620,18,12.181858
620,20,-0.466047
620,25,-11.923705
620,26,14.313532
620,29,-1.762251
621,5,4.167035
621,10,-4.499903
621,13,-6.462055
621,15,-11.578899
621,16,18.672397
621,18,12.263267
621,20,0.017224
621,25,-11.450586
621,26,14.584404
621,29,-1.833203
622,5,3.679983
622,10,-4.113727
622,13,-6.902108
622,15,-11.840971
622,16,18.648767
622,18,12.15065
622,20,0.201782
622,25,-11.217906
622,26,14.695467
622,29,-2.117014
623,5,2.95935
623,10,-3.776029
623,13,-7.564173
623,15,-12.37778
623,18,11.524726
623,20,0.041657
623,25,-11.080447
623,26,14.476779
623,29,-2.9096
624,5,2.299498
624,10,-3.248791
624,13,-8.035598
624,15,-12.56976
624,16,18.168626
624,18,11.212288
624,20,0.252255
624,25,-10.656983
624,26,14.419382
624,29,-3.257161
625,10,-2.264752
625,13,-8.431867
625,15,-12.383868
625,16,17.905856
625,20,1.149187
625,25,-9.727014
625,29,-3.016771
626,10,-1.478263
626,13,-8.845255
626,15,-12.324231
626,16,17.352736
626,18,11.072482
626,20,1.590516
626,25,-8.944544
626,26,14.613095
626,29,-3.199392
627,10,-1.514205
627,13,-8.441149
627,15,-11.824382
627,16,16.49581
627,18,10.381967
627,20,1.336243
627,25,-8.632648
627,26,13.790275
627,29,-3.209171
628,5,0.875773
628,10,-1.724738
628,13,-7.60711
628,15,-10.907602
628,16,15.170546
628,18,9.382342
628,20,0.888263
628,25,-8.228208
628,26,12.475438
628,29,-3.066762
629,5,0.484005
629,10,-1.456592
629,13,-7.771188
629,15,-10.899375
629,16,14.753715
629,18,8.950151
629,20,0.885877
629,25,-7.91998
629,26,12.165266
629,29,-3.318587
630,5,-0.193445
630,10,-0.889956
630,13,-8.288768
630,15,-11.12428
630,16,14.562916
630,18,8.724825
630,20,1.161711
630,25,-7.489171
630,26,12.207732
630,29,-3.640568
631,5,-0.011845
631,10,-1.112891
631,13,-8.166167
631,15,-11.127878
631,16,14.588282
631,18,8.663132
631,20,0.961201
631,25,-7.682573
631,26,12.1029
631,29,-3.675766
632,5,-0.062948
632,10,-1.243335
632,13,-8.209022
632,15,-11.251616
632,16,14.436947
632,18,8.300114
632,20,0.659606
632,25,-7.803508
632,26,11.815199
632,29,-3.98026
633,5,0.141534
633,10,-1.382531
633,13,-8.000962
633,15,-11.100662
633,16,14.426327
633,18,8.363522
633,20,0.616791
633,25,-7.867788
633,29,-3.825083
634,5,0.013364
634,10,-1.166595
634,13,-8.006988
634,15,-10.963309
634,16,14.309414
634,18,8.418291
634,20,0.838117
634,25,-7.620261
634,26,11.806821
634,29,-3.694168
635,5,-0.937998
635,10,-0.477997
635,13,-8.619551
635,15,-11.193639
635,16,13.730693
635,18,7.730162
635,20,0.981795
635,25,-7.009238
635,26,11.484922
635,29,-4.288016
636,5,-1.515437
636,10,-0.326812
636,13,-9.066108
636,15,-11.584568
636,16,13.295872
636,18,6.871141
636,20,0.597828
636,25,-6.927316
636,26,10.958661
636,29,-5.091941
637,5,-1.414824
637,10,-0.450948
637,13,-9.026766
637,15,-11.624149
637,16,13.364474
637,18,6.873817
637,20,0.496285
637,25,-7.059365
637,26,10.948769
637,29,-5.120369
638,5,-1.41097
638,10,-0.370069
638,13,-9.114818
638,15,-11.692478
638,16,13.613101
638,18,7.16788
638,20,0.686341
638,25,-7.068502
638,26,11.250884
638,29,-5.008981
639,5,-1.226717
639,10,-0.601916
639,13,-8.930068
639,15,-11.62163
639,16,13.517992
639,18,7.012491
639,20,0.449601
639,25,-7.218777
639,26,11.030354
639,29,-5.039455
640,5,-1.159642
640,10,-0.547755
640,13,-8.929407
640,15,-11.60211
640,16,13.730171
640,18,7.326682
640,20,0.647807
640,25,-7.213142
640,26,11.304211
640,29,-4.847484
641,10,-0.412221
641,13,-9.017078
641,15,-11.612987
641,16,13.654225
641,18,7.270155
641,20,0.72207
641,25,-7.090249
641,26,11.293484
641,29,-4.893567
642,5,-1.065608
642,10,-0.493587
642,13,-8.762151
642,15,-11.374381
642,16,13.693164
642,18,7.499813
642,20,0.822676
642,25,-7.08748
642,29,-4.576003
643,5,-0.99549
643,10,-0.55831
643,13,-8.710847
643,15,-11.35912
643,16,13.71485
643,18,7.51399
643,20,0.783815
643,25,-7.1423
643,26,11.354524
643,29,-4.556683
644,5,-0.777648
644,10,-0.746149
644,13,-8.541588
644,15,-11.288399
644,16,13.769609
644,18,7.571726
644,20,0.683877
644,25,-7.287578
644,26,11.327135
644,29,-4.466453
645,5,-0.797791
645,10,-0.804042
645,13,-8.58806
645,15,-11.379644
645,16,13.761612
645,18,7.454827
645,20,0.56396
645,25,-7.366209
645,29,-4.605545
646,5,-1.071161
646,10,-0.507979
646,13,-8.842808
646,15,-11.491178
646,16,13.831049
646,18,7.561854
646,25,-7.17441
646,26,11.466768
646,29,-4.640046
647,5,-1.843882
647,10,0.268396
647,13,-9.379733
647,15,-11.60312
647,16,13.620875
647,18,7.495371
647,20,1.355861
647,25,-6.525627
647,26,11.648284
647,29,-4.784203
648,5,-2.793898
648,10,1.273816
648,13,-10.093946
648,15,-11.780637
648,16,13.509171
648,18,7.589659
648,20,2.132002
648,25,-5.729478
648,29,-4.89218
649,5,-3.577635
649,10,2.032801
649,13,-10.776139
649,15,-12.087756
649,16,13.534884
649,18,7.648895
649,20,2.675258
649,25,-5.209804
649,26,12.425146
649,29,-5.11588
650,5,-4.116151
650,10,2.399522
650,13,-11.1509
650,15,-12.267561
650,16,13.240269
650,18,7.248353
650,20,2.723401
650,25,-4.904938
650,26,12.251751
650,29,-5.494267
651,5,-3.922778
651,10,2.212629
651,13,-10.946772
651,15,-12.147189
651,16,13.168739
651,18,7.186101
651,20,2.576683
651,25,-5.006004
651,26,12.099991
651,29,-5.433435
652,5,-3.954842
652,13,-10.921751
652,15,-12.216318
652,16,12.88622
652,18,6.681802
652,20,2.178416
652,25,-5.12206
652,26,11.654662
652,29,-5.773011
653,5,-4.200521
653,10,2.296309
653,13,-11.119623
653,15,-12.276395
653,16,12.889923
653,20,2.396336
653,25,-4.92317
653,26,11.794193
653,29,-5.795343
654,5,-4.679823
654,10,2.698662
654,13,-11.386225
654,15,-12.306308
654,16,12.564603
654,18,6.44444
654,20,2.556122
654,25,-4.531596
654,26,11.655891
654,29,-5.994774
655,5,-4.793221
655,10,2.761944
655,13,-11.58791
655,15,-12.511412
655,16,12.727257
655,20,2.586213
655,25,-4.583184
655,26,11.807657
655,29,-6.128074
656,5,-4.974873
656,10,2.803892
656,13,-11.969014
656,15,-12.948256
656,16,13.046321
656,20,2.544918
656,25,-4.762831
656,26,12.047348
656,29,-6.44873
657,5,-5.129552
657,10,2.937182
657,13,-12.235084
657,15,-13.188928
657,16,13.29084
657,18,6.690251
657,20,2.670533
657,25,-4.785725
657,26,12.319864
657,29,-6.552881
658,5,-5.768658
658,10,3.532756
658,13,-12.734395
658,15,-13.379663
658,16,13.182837
658,18,6.613543
658,20,3.048116
658,25,-4.333396
658,26,12.485701
658,29,-6.758139
659,5,-6.020918
659,10,3.91015
659,13,-12.990985
659,15,-13.450597
659,16,13.379212
659,18,6.952722
659,20,3.486063
659,25,-4.087405
659,26,12.901242
659,29,-6.628726
660,5,-5.946843
660,10,3.910947
660,13,-12.916232
660,15,-13.368107
660,16,13.422657
660,18,7.080591
660,20,3.566724
660,25,-4.069975
660,26,12.975235
660,29,-6.492662
661,5,-5.961247
661,10,3.968249
661,13,-13.001642
661,15,-13.444225
661,16,13.603053
661,18,7.267407
661,20,3.685279
661,26,13.184186
661,29,-6.448129
662,5,-6.143484
662,13,-12.994947
662,15,-13.264569
662,16,13.352666
662,18,7.196202
662,20,3.876077
662,25,-3.773302
662,26,13.104153
662,29,-6.353746
663,5,-6.224549
663,10,4.188677
663,13,-12.949501
663,15,-13.206702
663,16,13.045917
663,18,6.837496
663,20,3.697071
663,25,-3.708827
663,26,12.766342
663,29,-6.513062
664,5,-6.536941
664,10,4.21123
664,13,-13.141767
664,15,-13.388164
664,16,12.660846
664,18,6.182429
664,20,3.358861
664,25,-3.667899
664,26,12.292657
664,29,-7.028512
665,5,-5.997849
665,10,3.669244
665,13,-12.717716
665,15,-13.248857
665,16,12.715952
665,18,6.161779
665,20,2.965088
665,25,-4.084017
665,26,12.080587
665,29,-6.922884
666,5,-5.82851
666,10,3.449974
666,13,-12.676432
666,15,-13.352854
666,16,12.868479
666,18,6.178478
666,20,2.784071
666,25,-4.334119
666,26,12.088151
666,29,-6.992015
667,5,-5.153024
667,10,2.731945
667,13,-12.180219
667,15,-13.245676
667,16,12.970375
667,20,2.231039
667,25,-4.917012
667,26,11.81493
667,29,-6.929966
668,5,-4.138688
668,10,1.669137
668,13,-11.365407
668,15,-12.985205
668,16,13.001765
668,18,5.972327
668,20,1.403333
668,25,-5.719902
668,26,11.310399
668,29,-6.794096
669,5,-3.570737
669,10,1.049737
669,13,-11.104376
669,15,-13.106038
669,16,13.374091
669,18,6.101887
669,20,0.967782
669,25,-6.355184
669,26,11.322873
669,29,-6.80642
670,5,-3.176307
670,10,0.72834
670,13,-10.895831
670,15,-13.092764
670,16,13.67617
670,18,6.377041
670,20,0.858914
670,25,-6.684293
670,26,11.47367
670,29,-6.636488
671,5,-2.417143
671,10,0.149311
671,13,-10.434268
671,15,-12.965605
671,16,14.174938
671,18,6.907085
671,20,0.700949
671,25,-7.232661
671,26,11.728161
671,29,-6.229215
672,5,-2.149783
672,10,-0.409971
672,13,-10.256769
672,15,-13.10628
672,16,14.011526
672,18,6.348275
672,20,-0.026301
672,25,-7.707964
672,26,11.174304
672,29,-6.64896
673,5,-2.144
673,10,-0.752299
673,13,-10.302075
673,15,-13.36355
673,16,13.81446
673,18,5.72783
673,20,-0.642478
673,25,-8.034171
673,26,10.673187
673,29,-7.19819
674,5,-1.782908
674,10,-1.004416
674,13,-9.992722
674,15,-13.174368
674,16,13.900353
674,18,5.906645
674,20,-0.70768
674,25,-8.201204
674,26,10.679705
674,29,-6.947095
675,5,-1.62435
675,10,-1.088099
675,13,-9.976205
675,15,-13.230878
675,16,14.192653
675,18,6.200649
675,20,-0.64069
675,25,-8.35466
675,26,10.935991
675,29,-6.825729
676,5,-1.799976
676,10,-1.007597
676,13,-10.101377
676,15,-13.316356
676,16,14.06786
676,18,5.993011
676,20,-0.697415
676,25,-8.289877
676,26,10.81641
676,29,-7.013342
677,5,-2.231285
677,10,-0.848895
677,13,-10.431333
677,15,-13.575688
677,16,13.767371
677,18,5.434127
677,20,-0.901471
677,25,-8.178282
677,26,10.493091
677,29,-7.536583
678,5,-2.686976
678,10,-0.783198
678,13,-10.862867
678,15,-14.01517
678,16,13.519187
678,18,4.746643
678,20,-1.277103
678,25,-8.213834
678,26,10.116999
678,29,-8.271843
679,5,-3.43822
679,10,-0.371323
679,13,-11.594746
679,15,-14.591434
679,16,13.41576
679,18,4.260954
679,20,-1.319608
679,25,-8.038903
679,26,10.060803
679,29,-9.004732
680,5,-3.204689
680,10,-0.482887
680,13,-11.531115
680,15,-14.616627
680,16,13.780127
680,18,4.665059
680,20,-1.213868
680,25,-8.221118
680,26,10.390543
680,29,-8.796285
681,5,-3.159583
681,10,-0.646521
681,13,-11.594101
681,15,-14.801273
681,16,13.871164
681,18,4.5534
681,20,-1.431557
681,25,-8.438034
681,26,10.33688
681,29,-9.003298
682,5,-3.29651
682,10,-0.504089
682,13,-11.719591
682,15,-14.858616
682,16,13.897728
682,18,4.591176
682,20,-1.316056
682,25,-8.345578
682,26,10.430574
682,29,-9.03051
683,5,-3.40192
683,10,-0.385966
683,13,-11.900858
683,15,-15.007845
683,16,14.089331
683,18,4.751292
683,20,-1.17937
683,25,-8.339885
683,26,10.663953
683,29,-9.060258
684,5,-3.160256
684,10,-0.616042
684,13,-11.740942
684,15,-14.977824
684,16,14.183955
684,18,4.808861
684,20,-1.320248
684,25,-8.542766
684,26,10.642774
684,29,-9.003041
685,5,-3.144987
685,10,-0.662337
685,13,-11.740759
685,15,-15.008186
685,16,14.182275
685,18,4.760182
685,20,-1.385028
685,25,-8.591621
685,26,10.6034
685,29,-9.055451
686,5,-3.250489
686,10,-0.772629
686,13,-11.806186
686,15,-15.137896
686,16,13.9474
686,18,4.296986
686,20,-1.720519
686,25,-8.673623
686,26,10.237593
686,29,-9.418406
687,5,-3.565582
687,10,-0.666605
687,13,-12.100341
687,15,-15.401783
687,16,13.820105
687,18,3.938433
687,20,-1.868558
687,25,-8.643857
687,26,10.075292
687,29,-9.829985
688,5,-3.66714
688,10,-0.703559
688,13,-12.144666
688,15,-15.462871
688,16,13.619016
688,18,3.608714
688,20,-2.068806
688,25,-8.650002
688,26,9.811483
688,29,-10.064663
689,5,-3.950906
689,10,-0.56664
689,13,-12.357673
689,15,-15.609644
689,16,13.440695
689,18,3.300362
689,20,-2.144066
689,25,-8.544852
689,26,9.647742
689,29,-10.356345
690,5,-4.436358
690,10,-0.262966
690,13,-12.664186
690,15,-15.745122
690,16,13.08466
690,18,2.837568
690,20,-2.16435
690,25,-8.257805
690,26,9.388671
690,29,-10.727846
691,5,-4.61136
691,10,-0.041203
691,13,-12.646151
691,15,-15.564012
691,16,12.808519
691,18,2.726766
691,20,-2.009614
691,25,-7.953847
691,26,9.2691
691,29,-10.652232
692,5,-4.578141
692,10,0.02541
692,13,-12.425936
692,15,-15.247815
692,16,12.526669
692,18,2.667923
692,20,-1.919604
692,26,9.09483
692,29,-10.439732
693,5,-4.597234
693,10,0.119658
693,13,-12.213538
693,15,-14.916223
693,16,12.152985
693,18,2.514974
693,20,-1.850826
693,25,-7.464197
693,26,8.840116
693,29,-10.268287
694,5,-3.838151
694,10,-0.49639
694,13,-11.640779
694,15,-14.666885
694,16,12.405807
694,18,2.821458
694,20,-2.119508
694,25,-7.951418
694,26,8.836724
694,29,-9.895369
695,5,-3.099262
695,10,-0.95404
695,13,-10.926832
695,15,-14.140434
695,16,12.476641
695,18,3.200228
695,20,-2.173532
695,25,-8.17711
695,26,8.811032
695,29,-9.266882
696,5,-3.045996
696,10,-0.822319
696,13,-10.646958
696,15,-13.713383
696,16,12.188294
696,18,3.256606
696,20,-1.954631
696,25,-7.865621
696,26,8.702001
696,29,-8.903625
697,5,-1.940377
697,10,-1.58983
697,13,-9.739131
697,15,-13.180462
697,16,12.530754
697,18,3.87107
697,20,-2.129889
697,25,-8.407931
697,26,8.796687
697,29,-8.135122
698,5,-1.162011
698,10,-2.09786
698,13,-8.986269
698,15,-12.639667
698,16,12.581287
698,18,4.216774
698,20,-2.235498
698,25,-8.666906
698,26,8.722986
698,29,-7.514332
699,5,-0.887196
699,10,-2.383384
699,13,-8.554601
699,15,-12.294579
699,16,12.183568
699,18,3.897706
699,20,-2.53456
699,25,-8.702799
699,26,8.223908
699,29,-7.422097
700,5,-0.787719
700,10,-2.482447
700,13,-8.458659
700,15,-12.246217
700,16,12.160895
700,18,3.871894
700,20,-2.611996
700,25,-8.765086
700,26,8.155151
700,29,-7.399641
701,5,-0.254753
701,10,-2.882349
701,13,-8.135603
701,15,-12.155773
701,16,12.521992
701,18,4.261312
701,20,-2.709219
701,25,-9.150596
701,26,8.346752
701,29,-7.108812
702,5,0.031652
702,10,-3.127246
702,13,-7.777982
702,15,-11.885796
702,16,12.333219
702,18,4.161148
702,20,-2.887185
702,25,-9.224662
702,26,8.078407
702,29,-6.953282
703,5,0.371554
703,10,-3.410822
703,13,-7.488645
703,15,-11.736588
703,16,12.376998
703,18,4.238831
703,20,-3.034124
703,25,-9.422737
703,26,8.006241
703,29,-6.792501
704,5,0.770362
704,10,-3.766839
704,13,-7.23603
704,15,-11.687425
704,16,12.575555
704,18,4.399362
704,20,-3.217434
704,25,-9.74844
704,26,8.031182
704,29,-6.663271
705,5,1.162192
705,10,-4.120256
705,13,-7.069564
705,15,-11.747443
705,16,12.925921
705,18,4.659821
705,20,-3.373447
705,25,-10.141955
705,26,8.190888
705,29,-6.563929
706,5,1.558165
706,10,-4.231464
706,13,-6.862454
706,15,-11.617989
706,16,13.426932
706,18,5.375327
706,20,-3.084057
706,25,-10.309116
706,26,8.716314
706,29,-6.063829
707,5,1.54125
707,10,-4.255911
707,13,-6.892943
707,15,-11.669537
707,16,13.422746
707,18,5.313875
707,20,-3.142915
707,25,-10.34638
707,26,8.680124
707,29,-6.140982
708,5,1.53388
708,10,-4.17712
708,13,-6.946637
708,15,-11.694497
708,16,13.58113
708,18,5.524998
708,20,-2.985303
708,25,-10.327133
708,26,8.891331
708,29,-6.045738
709,5,1.576793
709,10,-4.196956
709,13,-6.896356
709,15,-11.649867
709,16,13.575938
709,18,5.549021
709,20,-2.978925
709,25,-10.329639
709,26,8.886418
709,29,-5.999805
710,5,1.547029
710,10,-4.204591
710,13,-6.993465
710,15,-11.776073
710,16,13.683736
710,18,5.572114
710,20,-2.999758
710,25,-10.402701
710,26,8.960164
710,29,-6.088397
711,5,1.211273
711,10,-4.024363
711,13,-7.315535
711,15,-12.029655
711,16,13.622986
711,18,5.338322
711,20,-3.02839
711,25,-10.321831
711,26,8.918994
711,29,-6.421566
712,5,1.247726
712,10,-4.112154
712,13,-7.35982
712,15,-12.145319
712,16,13.723312
712,20,-3.123298
712,25,-10.456097
712,26,8.941018
712,29,-6.518722
713,5,1.218849
713,10,-4.119046
713,13,-7.285319
713,15,-12.048012
713,16,13.500637
713,18,5.126212
713,20,-3.206331
713,25,-10.380593
713,26,8.720898
713,29,-6.558775
714,5,1.745732
714,10,-4.373767
714,13,-6.886239
714,15,-11.775903
714,16,13.832585
714,18,5.694053
714,20,-3.067997
714,25,-10.583496
714,26,9.019334
714,29,-6.02975
715,5,2.064128
715,10,-4.556975
715,13,-6.639326
715,15,-11.621139
715,16,13.996255
715,18,5.969421
715,20,-3.041455
715,25,-10.725658
715,26,9.138305
715,29,-5.756513
716,5,2.190864
716,10,-4.615237
716,13,-6.532445
716,15,-11.540867
716,16,14.059197
716,18,6.097613
716,20,-3.006479
716,25,-10.76474
716,26,9.196567
716,29,-5.6246
717,5,2.283454
717,10,-4.797888
717,13,-6.459035
717,15,-11.56795
717,16,13.987085
717,18,5.909746
717,20,-3.242203
717,25,-10.909411
717,26,9.000874
717,29,-5.752281
718,5,2.242032
718,10,-4.614764
718,13,-6.43416
718,15,-11.425251
718,16,14.002267
718,18,6.124433
718,20,-2.967829
718,25,-10.717797
718,26,9.166753
718,29,-5.524667
719,5,2.085872
719,10,-4.379618
719,13,-6.541958
719,15,-11.403619
719,16,14.031328
719,18,6.269959
719,20,-2.712749
719,25,-10.524828
719,26,9.341019
719,29,-5.430752
720,5,2.062218
720,10,-4.403294
720,13,-6.673932
720,15,-11.585668
720,16,14.208165
720,18,6.326035
720,20,-2.741591
720,25,-10.645288
720,26,9.463801
720,29,-5.545019
721,5,2.054619
721,10,-4.398704
721,13,-6.966686
721,15,-11.964397
721,16,14.764671
721,18,6.706661
721,20,-2.633117
721,25,-10.893759
721,26,9.959218
721,29,-5.633234
722,5,1.847101
722,10,-4.100509
722,13,-7.210736
722,15,-12.074771
722,16,14.986262
722,18,7.006616
722,20,-2.282899
722,25,-10.73579
722,26,10.340844
722,29,-5.55732
723,5,1.645946
723,10,-3.900651
723,13,-7.680913
723,15,-12.536724
723,16,15.574455
723,18,7.428927
723,20,-2.022589
723,25,-10.856722
723,26,10.959258
723,29,-5.688771
724,5,1.352116
724,10,-3.709731
724,13,-8.049276
724,15,-12.852934
724,16,15.720218
724,18,7.408627
724,20,-1.9527
724,25,-10.834899
724,26,11.131973
724,29,-5.951859
725,5,0.874249
725,10,-3.392594
725,13,-8.476987
725,15,-13.139092
725,16,15.628083
725,18,7.158012
725,20,-1.891586
725,25,-10.642926
725,26,11.12692
725,29,-6.319676
726,5,-0.00064
726,10,-2.8328
726,13,-9.222666
726,15,-13.62467
726,16,15.365291
726,18,6.605658
726,20,-1.833215
726,25,-10.272485
726,26,11.015792
726,29,-7.012075
727,10,-2.903606
727,13,-9.372329
727,15,-13.841356
727,16,15.335984
727,18,6.348506
727,20,-2.056877
727,25,-10.394095
727,26,10.874661
727,29,-7.327159
728,10,-3.194108
728,13,-9.224295
728,15,-13.873437
728,16,15.554987
728,18,6.488381
728,20,-2.217212
728,25,-10.698129
728,26,10.933604
728,29,-7.276444
729,10,-3.26263
729,13,-9.123088
729,15,-13.804362
729,16,15.590819
729,18,6.567481
729,20,-2.216155
729,25,-10.743276
729,26,10.952374
729,29,-7.180891
730,5,0.762222
730,10,-3.555898
730,13,-8.818164
730,15,-13.6618
730,16,15.86782
730,18,6.934444
730,20,-2.231903
730,25,-11.008678
730,26,11.126244
730,29,-6.867588
731,5,0.88195
731,10,-3.773841
731,13,-8.864639
731,15,-13.870599
731,16,16.065693
731,18,6.919277
731,20,-2.449067
731,25,-11.303528
731,26,11.150268
731,29,-7.042176
732,5,0.878424
732,10,-3.893416
732,13,-8.997933
732,15,-14.1128
732,16,16.208483
732,18,6.84172
732,20,-2.62832
732,25,-11.514357
732,26,11.16127
732,29,-7.27786
733,5,1.025925
733,10,-4.026516
733,13,-8.943439
733,15,-14.147598
733,16,16.358693
733,18,6.951154
733,20,-2.683734
733,25,-11.673065
733,26,11.235611
733,29,-7.247267
734,5,1.18978
734,10,-4.138819
734,13,-8.931644
734,15,-14.229744
734,16,16.653422
734,18,7.211791
734,20,-2.660001
734,25,-11.864009
734,26,11.465651
734,29,-7.170311
735,5,1.398268
735,10,-4.362311
735,13,-8.857001
735,15,-14.301379
735,16,16.836999
735,18,7.297021
735,20,-2.803904
735,25,-12.11722
735,26,11.512345
735,29,-7.182128
736,5,1.309995
736,10,-4.353942
736,13,-9.072168
736,15,-14.561658
736,16,17.041043
736,18,7.330665
736,20,-2.835338
736,25,-12.242596
736,26,11.659401
736,29,-7.371002
737,5,1.371225
737,10,-4.419308
737,13,-9.125112
737,15,-14.681542
737,16,17.243067
737,18,7.457179
737,20,-2.848604
737,25,-12.384601
737,26,11.803807
737,29,-7.398283
738,5,1.316678
738,10,-4.281546
738,13,-9.178136
738,15,-14.664088
738,16,17.336925
738,18,7.64336
738,20,-2.648988
738,25,-12.289699
738,26,11.99024
738,29,-7.285056
739,5,1.203124
739,10,-4.167826
739,13,-9.345423
739,15,-14.797609
739,16,17.480527
739,18,7.751098
739,20,-2.537422
739,25,-12.273874
739,26,12.171134
739,29,-7.333683
740,5,1.285364
740,10,-4.219509
740,13,-9.366939
740,15,-14.873088
740,16,17.688032
740,18,7.928681
740,20,-2.506164
740,25,-12.392214
740,26,12.3428
740,29,-7.298112
741,5,1.080074
741,10,-3.926253
741,13,-9.611581
741,15,-14.988426
741,16,17.91454
741,18,8.226359
741,20,-2.161681
741,25,-12.242262
741,26,12.724421
741,29,-7.227742
742,5,1.066752
742,10,-3.875865
742,13,-9.682382
742,15,-15.051787
742,16,18.06829
742,18,8.384427
742,20,-2.059362
742,25,-12.259588
742,26,12.900516
742,29,-7.193583
743,5,0.848867
743,10,-3.507052
743,13,-9.79835
743,15,-14.954019
743,16,18.081523
743,18,8.625271
743,20,-1.639963
743,25,-11.92939
743,26,13.157854
743,29,-6.987226
744,5,0.651319
744,10,-3.556984
744,13,-10.061135
744,15,-15.287403
744,16,18.044019
744,18,8.263475
744,20,-1.922622
744,25,-12.067554
744,26,12.985054
744,29,-7.451783
745,5,0.594272
745,10,-3.563134
745,13,-10.122462
745,15,-15.361262
745,16,18.014199
745,18,8.15628
745,20,-1.994103
745,25,-12.090497
745,26,12.924723
745,29,-7.572093
746,5,0.602653
746,10,-3.631543
746,13,-10.146598
746,15,-15.4347
746,16,18.021693
746,18,8.073565
746,20,-2.101184
746,25,-12.17382
746,26,12.868901
746,29,-7.678609
747,5,0.703943
747,10,-3.702056
747,13,-10.046103
747,15,-15.365201
747,16,18.022276
747,18,8.106854
747,20,-2.123729
747,25,-12.212804
747,26,12.847463
747,29,-7.608986
748,5,0.922227
748,10,-3.81794
748,13,-9.850893
748,15,-15.221106
748,16,18.096214
748,18,8.282143
748,20,-2.096537
748,25,-12.284067
748,26,12.901943
748,29,-7.402712
749,5,1.10455
749,10,-3.837173
749,13,-9.645684
749,15,-15.002428
749,16,18.148535
749,18,8.53185
749,20,-1.943879
749,25,-12.247099
749,26,13.011669
749,29,-7.09687
750,5,1.084642
750,10,-3.817272
750,13,-9.62696
750,15,-14.964496
750,16,18.081891
750,18,8.485769
750,20,-1.942445
750,25,-12.204843
750,26,12.96013
750,29,-7.095722
751,5,1.184106
751,10,-3.820952
751,13,-9.534309
751,15,-14.867497
751,16,18.156009
751,18,8.662207
751,20,-1.838907
751,25,-12.198181
751,26,13.065901
751,29,-6.925852
752,5,1.169433
752,10,-3.815202
752,13,-9.573987
752,15,-14.915043
752,16,18.204097
752,18,8.682055
752,20,-1.834272
752,25,-12.222143
752,26,13.105291
752,29,-6.955649
753,5,1.126152
753,10,-3.727261
753,13,-9.483966
753,15,-14.740816
753,16,18.001266
753,18,8.607622
753,20,-1.766066
753,25,-12.048125
753,26,12.986211
753,29,-6.862796
754,5,0.943123
754,10,-3.580779
754,13,-9.548765
754,15,-14.707758
754,16,17.796302
754,18,8.428671
754,20,-1.733331
754,25,-11.868705
754,26,12.856614
754,29,-6.93802
755,5,0.90228
755,10,-3.573645
755,13,-9.525329
755,15,-14.666391
755,16,17.654237
755,18,8.284712
755,20,-1.788336
755,25,-11.817324
755,26,12.716697
755,29,-6.987767
756,5,1.148224
756,10,-3.71006
756,13,-9.197792
756,15,-14.366159
756,16,17.521193
756,18,8.325352
756,20,-1.809411
756,25,-11.807014
756,26,12.580525
756,29,-6.733176
757,5,1.264936
757,10,-3.801334
757,13,-8.928662
757,15,-14.090396
757,16,17.21129
757,18,8.136246
757,20,-1.912391
757,25,-11.723405
757,26,12.271022
757,29,-6.623728
758,5,1.388657
758,10,-3.979601
758,13,-8.76587
758,15,-14.004026
758,16,17.046078
758,18,7.932721
758,20,-2.128436
758,25,-11.80566
758,26,12.011342
758,29,-6.671285
759,5,1.757959
759,10,-4.309349
759,13,-8.334272
759,15,-13.700919
759,16,16.845216
759,18,7.817032
759,20,-2.372304
759,25,-11.937661
759,26,11.689464
759,29,-6.500911
760,5,2.12392
760,10,-4.629095
760,13,-7.981328
760,15,-13.494627
760,16,16.799535
760,18,7.817947
760,20,-2.572349
760,25,-12.129512
760,26,11.513059
760,29,-6.342786
761,5,2.292481
761,10,-4.817109
761,13,-7.874438
761,15,-13.496264
761,16,16.850658
761,18,7.809383
761,20,-2.719878
761,25,-12.300294
761,26,11.456459
761,29,-6.352868
762,5,2.53572
762,10,-4.87405
762,13,-7.623396
762,15,-13.251303
762,16,16.935989
762,18,8.109757
762,20,-2.566178
762,25,-12.295485
762,26,11.5872
762,29,-5.999472
763,5,2.677368
763,10,-5.042955
763,13,-7.520088
763,15,-13.241359
763,16,16.942583
763,18,8.061881
763,20,-2.715734
763,25,-12.435982
763,26,11.496762
763,29,-6.022059
764,5,3.092279
764,10,-5.494572
764,13,-7.092369
764,15,-13.020727
764,16,16.751807
764,18,7.841562
764,20,-3.120647
764,25,-12.69669
764,26,11.089966
764,29,-5.974767
765,5,3.212649
765,10,-5.5777
765,13,-6.950687
765,15,-12.908084
765,16,16.708963
765,20,-3.154468
765,25,-12.72249
765,26,11.026584
765,29,-5.883791
766,5,3.469638
766,10,-5.754758
766,13,-6.706834
766,15,-12.742446
766,16,16.730469
766,20,-3.203888
766,25,-12.825803
766,26,10.993982
766,29,-5.7008
767,5,3.69761
767,10,-5.605484
767,13,-6.337894
767,15,-12.224674
767,16,16.740722
767,18,8.478758
767,20,-2.729006
767,25,-12.548844
767,26,11.244499
767,29,-5.011749
768,5,3.473424
768,10,-5.77455
768,13,-6.790452
768,15,-12.867376
768,16,16.890947
768,18,8.042075
768,20,-3.203251
768,25,-12.924929
768,26,11.115217
768,29,-5.760243
769,5,3.371993
769,10,-5.68318
769,13,-7.034216
769,15,-13.116858
769,18,8.244907
769,20,-3.086842
769,25,-13.004262
769,26,11.423729
769,29,-5.848752
770,5,3.358304
770,10,-5.637489
770,13,-7.048999
770,15,-13.109648
770,18,8.317103
770,20,-3.01496
770,25,-12.976512
770,26,11.493404
770,29,-5.807021
771,5,3.172386
771,10,-5.527103
771,13,-7.29302
771,15,-13.331044
771,18,8.29632
771,20,-2.986401
771,25,-12.98136
771,26,11.603648
771,29,-5.995405
772,5,3.199847
772,10,-5.544569
772,13,-7.310837
772,15,-13.371739
772,18,8.370045
772,20,-2.971998
772,25,-13.03372
772,26,11.67946
772,29,-5.990941
773,5,3.485031
773,10,-5.872221
773,13,-6.998366
773,15,-13.205762
773,18,8.158097
773,20,-3.289656
773,25,-13.210303
773,26,11.336433
773,29,-5.981804
774,5,3.538201
774,10,-5.986172
774,13,-6.874283
774,15,-13.119045
774,20,-3.473226
774,25,-13.227005
774,26,11.063512
774,29,-6.047668
775,5,3.363657
775,10,-5.849535
775,13,-7.014298
775,15,-13.19155
775,18,7.848537
775,20,-3.418166
775,25,-13.126858
775,26,11.070466
775,29,-6.146356
776,5,3.307603
776,10,-5.863926
776,13,-7.11574
776,15,-13.322595
776,18,7.781167
776,20,-3.488559
776,25,-13.191531
776,26,11.067324
776,29,-6.289824
777,5,3.310787
777,10,-5.866014
777,13,-7.134129
777,15,-13.350295
777,20,-3.480561
777,25,-13.215235
777,26,11.104565
777,29,-6.298546
778,5,3.322531
778,10,-5.834234
778,13,-7.122277
778,15,-13.321267
778,18,7.898477
778,20,-3.407733
778,25,-13.192525
778,26,11.173117
778,29,-6.231879
779,5,3.368045
779,10,-5.878324
779,13,-7.046619
779,15,-13.257679
779,18,7.846929
779,20,-3.452567
779,25,-13.194132
779,26,11.08805
779,29,-6.213834
780,5,3.307771
780,10,-5.827408
780,13,-7.045081
780,15,-13.21609
780,18,7.762516
780,20,-3.445349
780,25,-13.114036
780,26,11.010152
780,29,-6.230152
781,5,3.397707
781,10,-5.837441
781,13,-6.854541
781,15,-12.991983
781,18,7.764931
781,20,-3.404624
781,25,-13.01904
781,26,10.907963
781,29,-6.056122
782,5,3.455226
782,10,-5.822409
782,13,-6.684148
782,15,-12.77346
782,18,7.745442
782,20,-3.356543
782,25,-12.899734
782,26,10.796278
782,29,-5.898146
783,5,3.541222
783,10,-5.784051
783,13,-6.551608
783,15,-12.597986
783,18,7.914524
783,20,-3.20834
783,25,-12.817807
783,26,10.870949
783,29,-5.671428
784,5,3.706734
784,10,-5.874056
784,13,-6.318622
784,15,-12.378638
784,18,7.929701
784,20,-3.223548
784,25,-12.799785
784,26,10.760361
784,29,-5.494943
785,5,4.169097
785,10,-6.147254
785,13,-5.8549
785,15,-12.021387
785,16,16.545113
785,18,8.179714
785,20,-3.236273
785,25,-12.928347
785,26,10.738898
785,29,-5.084298
786,5,4.426599
786,10,-6.449096
786,13,-5.523627
786,15,-11.809868
786,16,16.275487
786,18,7.909617
786,20,-3.553019
786,25,-13.047628
786,26,10.331821
786,29,-5.070887
787,5,4.623169
787,10,-6.480112
787,13,-5.191495
787,15,-11.43396
787,16,16.105991
787,18,8.010412
787,20,-3.449217
787,25,-12.919025
787,26,10.23933
787,29,-4.724304
788,5,5.162333
788,10,-7.091298
788,13,-4.559728
788,15,-11.059055
788,16,15.68057
788,18,7.571452
788,20,-4.049983
788,25,-13.204894
788,26,9.531729
788,29,-4.676943
789,5,5.342939
789,10,-7.215345
789,13,-4.288295
789,15,-10.811007
789,16,15.499234
789,18,7.511388
789,20,-4.121744
789,25,-13.188654
789,26,9.334561
789,29,-4.519188
790,5,5.42913
790,10,-7.364657
790,13,-4.162517
790,15,-10.748184
790,16,15.334062
790,18,7.300843
790,20,-4.324179
790,25,-13.253105
790,26,9.085673
790,29,-4.589025
791,5,5.311621
791,10,-7.143425
791,13,-4.122634
791,15,-10.549025
791,18,7.339666
791,20,-4.094603
791,25,-12.968858
791,26,9.087363
791,29,-4.412474
792,5,5.511256
792,10,-7.283235
792,13,-3.886688
792,15,-10.360547
792,16,15.086929
792,18,7.354444
792,20,-4.154599
792,25,-13.010405
792,26,8.976458
792,29,-4.261267
793,5,5.290518
793,10,-7.086748
793,13,-4.044448
793,15,-10.41293
793,16,15.012837
793,18,7.286562
793,20,-4.047881
793,25,-12.846864
793,26,8.993876
793,29,-4.340671
794,5,5.354154
794,10,-7.166705
794,13,-3.86878
794,15,-10.240884
794,18,7.082066
794,20,-4.171758
794,25,-12.797567
794,26,8.719542
794,29,-4.320261
795,5,5.33877
795,10,-7.192354
795,13,-3.829712
795,15,-10.201545
795,18,6.928175
795,20,-4.257248
795,25,-12.772878
795,26,8.562684
795,29,-4.376319
796,5,5.360176
796,10,-7.127062
796,13,-3.688059
796,15,-9.984773
796,16,14.457267
796,18,6.939616
796,20,-4.156409
796,25,-12.615166
796,26,8.491284
796,29,-4.202172
797,5,5.3694
797,10,-7.146512
797,13,-3.663218
797,15,-9.966174
797,18,6.894834
797,20,-4.188665
797,25,-12.617004
797,26,8.438409
797,29,-4.215474
798,5,5.417561
798,10,-7.113127
798,13,-3.543268
798,15,-9.801538
798,16,14.338947
798,18,6.953059
798,20,-4.100393
798,26,8.421759
798,29,-4.057475
799,5,5.374514
799,10,-7.000378
799,13,-3.540119
799,15,-9.727053
799,18,7.049101
799,20,-3.951938
799,26,8.499353
799,29,-3.949083
800,5,5.407924
800,10,-7.037122
800,13,-3.45101
800,15,-9.638495
800,16,14.208993
800,18,6.957064
800,20,-4.005769
800,26,8.370029
800,29,-3.932942
801,5,5.461822
801,10,-6.852841
801,13,-3.234761
801,15,-9.264818
801,18,7.217014
801,20,-3.661282
801,26,8.471808
801,29,-3.499492
802,5,5.383413
802,10,-6.854514
802,13,-3.203707
802,15,-9.208607
802,16,13.836495
802,18,6.926513
802,20,-3.791146
802,26,8.197455
802,29,-3.615257
803,5,5.34912
803,10,-6.718466
803,13,-3.145755
803,15,-9.050841
803,16,13.766302
803,18,7.024372
803,20,-3.606786
803,26,8.245442
803,29,-3.439827
804,5,5.219065
804,10,-6.644774
804,13,-3.300932
804,15,-9.187523
804,16,13.8057
804,18,6.981115
804,20,-3.599423
804,26,8.289081
804,29,-3.573231
805,5,5.047281
805,10,-6.476101
805,13,-3.360208
805,15,-9.135865
805,16,13.637685
805,18,6.875013
805,20,-3.510902
805,26,8.22006
805,29,-3.59066
806,5,4.935407
806,13,-3.376618
806,15,-9.088859
806,16,13.457227
806,18,6.71724
806,20,-3.514824
806,25,-11.503573
806,26,8.085594
806,29,-3.640668
807,5,4.798529
807,13,-3.580829
807,15,-9.336786
807,18,6.537055
807,20,-3.663431
807,25,-11.599039
807,26,8.039215
807,29,-3.936451
808,5,4.42308
808,13,-4.006812
808,15,-9.668871
808,18,6.49794
808,20,-3.545495
808,25,-11.508966
808,26,8.227615
808,29,-4.218537
809,5,4.245068
809,13,-4.253657
809,15,-9.868926
809,18,6.606476
809,20,-3.412416
809,25,-11.485518
809,26,8.452581
809,29,-4.31875
810,5,3.927422
810,10,-5.677031
810,13,-4.535536
810,15,-10.004842
810,16,13.810519
810,18,6.624211
810,20,-3.200262
810,25,-11.282824
810,26,8.610411
810,29,-4.414988
811,5,3.401007
811,10,-5.184928
811,13,-5.000396
811,15,-10.231656
811,16,13.82931
811,18,6.629503
811,20,-2.868509
811,25,-10.950136
811,26,8.850194
811,29,-4.586543
812,5,2.744422
812,10,-4.56296
812,13,-5.595811
812,15,-10.530394
812,16,13.891387
812,18,6.674112
812,20,-2.433441
812,25,-10.542711
812,26,9.191422
812,29,-4.791482
813,5,2.541625
813,10,-4.334722
813,13,-5.75483
813,15,-10.57088
813,16,13.898179
813,18,6.729621
813,20,-2.240248
813,25,-10.369726
813,26,9.318478
813,29,-4.792957
814,5,2.039136
814,10,-3.799941
814,13,-6.300473
814,15,-10.886695
814,16,14.183308
814,18,7.008143
814,20,-1.762021
814,25,-10.098172
814,26,9.843228
814,29,-4.886952
815,5,1.523318
815,10,-3.172753
815,13,-6.84001
815,15,-11.140802
815,16,14.512485
815,18,7.429266
815,20,-1.131417
815,25,-9.74376
815,26,10.486939
815,29,-4.854264
816,5,1.008644
816,10,-2.371446
816,13,-7.107381
816,15,-10.939515
816,16,14.4754
816,18,7.848394
816,20,-0.274607
816,25,-9.014454
816,26,10.971186
816,29,-4.460596
817,5,0.682877
817,10,-2.066059
817,13,-7.478217
817,15,-11.190228
817,16,14.654898
817,18,7.966
817,20,-0.03592
817,25,-8.885479
817,26,11.267548
817,29,-4.592957
818,5,0.705563
818,10,-1.91713
818,13,-7.402568
818,15,-11.015196
818,16,14.714517
818,18,8.245629
818,20,0.249798
818,25,-8.728747
818,26,11.467098
818,29,-4.305398
819,5,0.754338
819,10,-1.989002
819,13,-7.430645
819,15,-11.10449
819,16,14.831427
819,18,8.287048
819,20,0.19695
819,25,-8.84749
819,26,11.522822
819,29,-4.357615
820,5,1.038152
820,10,-2.268743
820,13,-7.205107
820,15,-11.025607
820,16,14.86077
820,18,8.288747
820,20,0.000935
820,25,-9.065334
820,26,11.411953
820,29,-4.302097
821,5,1.11841
821,10,-2.34625
821,13,-7.170684
821,15,-11.042446
821,16,14.93115
821,18,8.332567
821,20,-0.040069
821,25,-9.155147
821,26,11.435389
821,29,-4.296123
822,5,0.969662
822,10,-2.327043
822,13,-7.282597
822,15,-11.147556
822,18,8.057564
822,20,-0.1798
822,25,-9.132181
822,26,11.253751
822,29,-4.528518
823,5,1.06829
823,10,-2.508446
823,13,-7.178756
823,15,-11.133442
823,18,7.848016
823,20,-0.416375
823,25,-9.247265
823,26,11.019061
823,29,-4.635389
824,5,1.518795
824,10,-2.975554
824,13,-6.871704
824,15,-11.08741
824,16,14.78183
824,18,7.87155
824,20,-0.751669
824,25,-9.654673
824,26,10.889949
824,29,-4.597807
825,5,1.891839
825,10,-3.260182
825,13,-6.601584
825,15,-10.972696
825,16,14.954423
825,18,8.083017
825,20,-0.842483
825,25,-9.904486
825,26,10.939668
825,29,-4.402555
826,5,2.579435
826,10,-4.028633
826,13,-5.948154
826,15,-10.686954
826,16,14.717304
826,18,7.752522
826,20,-1.529737
826,25,-10.394449
826,26,10.317959
826,29,-4.370809
827,5,3.285119
827,10,-4.365039
827,13,-5.088482
827,15,-9.895807
827,16,14.547127
827,18,8.101957
827,20,-1.453684
827,25,-10.397737
827,26,10.165033
827,29,-3.56959
828,5,3.8966
828,10,-4.975263
828,13,-4.429419
828,15,-9.498369
828,16,14.2536
828,18,7.855452
828,20,-1.95648
828,25,-10.709296
828,26,9.607335
828,29,-3.402264
829,5,4.399212
829,10,-5.287431
829,13,-4.003678
829,15,-9.222384
829,16,14.433268
829,18,8.206098
829,20,-1.967745
829,25,-10.937194
829,26,9.694395
829,29,-3.006885
830,5,4.569746
830,10,-5.496801
830,13,-3.863178
830,15,-9.191437
830,16,14.400562
830,18,8.114652
830,20,-2.165098
830,25,-11.094668
830,26,9.544121
830,29,-3.038665
831,5,4.527944
831,10,-5.434077
831,13,-3.929238
831,15,-9.236623
831,16,14.486391
831,18,8.204543
831,20,-2.082636
831,25,-11.081446
831,26,9.65741
831,29,-3.028628
832,5,4.415525
832,10,-5.283212
832,13,-3.958353
832,15,-9.168211
832,16,14.398338
832,18,8.206572
832,20,-1.951979
832,25,-10.915493
832,26,9.668926
832,29,-2.973948
833,5,4.572617
833,10,-5.398942
833,13,-3.87992
833,15,-9.165451
833,16,14.547469
833,18,8.352855
833,20,-1.968581
833,25,-11.052883
833,26,9.759363
833,29,-2.899662
834,5,4.681184
834,10,-5.554779
834,13,-3.841994
834,15,-9.226982
834,16,14.607932
834,18,8.317612
834,20,-2.116924
834,25,-11.21821
834,26,9.713306
834,29,-2.973611
835,5,4.716826
835,10,-5.596667
835,13,-3.852895
835,15,-9.274163
835,16,14.685551
835,18,8.357541
835,20,-2.138918
835,25,-11.289886
835,26,9.756128
835,29,-2.993969
836,5,4.728307
836,10,-5.531115
836,13,-3.861636
836,15,-9.254302
836,16,14.802184
836,18,8.543303
836,20,-1.994475
836,25,-11.263955
836,26,9.922375
836,29,-2.881691
837,5,4.616121
837,10,-5.420201
837,13,-3.976372
837,15,-9.321462
837,16,14.846048
837,18,8.578665
837,20,-1.906132
837,25,-11.206123
837,26,10.012574
837,29,-2.917105
838,5,4.506565
838,10,-5.383014
838,13,-4.154651
838,15,-9.513812
838,16,14.949992
838,18,8.5542
838,20,-1.928819
838,25,-11.261768
838,26,10.088128
838,29,-3.084682
839,5,4.19768
839,10,-5.138981
839,13,-4.468664
839,15,-9.726937
839,16,15.000541
839,18,8.519348
839,20,-1.802877
839,25,-11.138028
839,26,10.221531
839,29,-3.269704
840,5,3.795309
840,10,-4.6894
840,13,-4.784646
840,15,-9.808787
840,16,15.011866
840,18,8.62308
840,20,-1.42588
840,25,-10.7958
840,26,10.470485
840,29,-3.272951
841,5,3.574491
841,10,-4.526522
841,13,-4.968994
841,15,-9.914551
841,16,14.956812
841,18,8.519535
841,20,-1.37302
841,25,-10.6792
841,26,10.474657
841,29,-3.411178
842,5,2.930219
842,10,-4.170829
842,13,-5.527544
842,15,-10.312548
842,16,14.71155
842,18,7.993959
842,20,-1.437376
842,25,-10.43576
842,26,10.305632
842,29,-3.99953
843,5,2.196415
843,10,-3.593768
843,13,-6.184594
843,15,-10.699928
843,16,14.646848
843,18,7.783415
843,20,-1.178025
843,25,-10.055394
843,26,10.461342
843,29,-4.407238
844,5,1.76662
844,10,-3.20481
844,13,-6.59922
844,15,-10.939388
844,16,14.721139
844,18,7.807296
844,20,-0.918347
844,25,-9.825547
844,26,10.697503
844,29,-4.577898
845,5,1.445776
845,10,-2.818983
845,13,-6.8293
845,15,-10.961043
845,16,14.714597
845,18,7.917326
845,20,-0.574541
845,25,-9.513362
845,26,10.907669
845,29,-4.530831
846,5,1.271895
846,10,-2.639224
846,13,-6.936957
846,15,-10.966751
846,16,14.648498
846,18,7.892476
846,20,-0.450064
846,25,-9.350466
846,26,10.938764
846,29,-4.547199
847,5,1.226317
847,10,-2.481159
847,13,-6.937414
847,15,-10.872251
847,16,14.689802
847,18,8.080956
847,20,-0.218284
847,25,-9.206084
847,26,11.099931
847,29,-4.371963
848,5,1.001944
848,10,-2.245192
848,13,-7.040441
848,15,-10.829216
848,16,14.535891
848,18,8.008484
848,20,-0.063931
848,25,-8.958616
848,26,11.084243
848,29,-4.373548
849,5,0.662577
849,10,-1.878528
849,13,-7.223752
849,15,-10.79459
849,16,14.366687
849,18,7.956439
849,20,0.198353
849,25,-8.601344
849,26,11.12622
849,29,-4.367729
850,5,0.486927
850,10,-1.646415
850,13,-7.366024
850,15,-10.817563
850,16,14.418499
850,18,8.082695
850,20,0.432379
850,25,-8.432475
850,29,-4.316258
851,5,0.262467
851,10,-1.395903
851,13,-7.455981
851,15,-10.749171
851,16,14.252893
851,18,8.022609
851,20,0.609028
851,25,-8.162332
851,26,11.296159
851,29,-4.290515
852,5,0.225969
852,10,-1.259299
852,13,-7.335296
852,15,-10.507173
852,16,14.054082
852,18,8.030379
852,20,0.767218
852,25,-7.927295
852,26,11.231239
852,29,-4.094405
853,5,0.396593
853,10,-1.456725
853,13,-7.061006
853,15,-10.291341
853,16,13.76427
853,18,7.782255
853,20,0.541149
853,25,-7.950476
853,26,10.867386
853,29,-4.062176
854,5,0.658681
854,10,-1.613981
854,13,-6.766101
854,15,-10.048342
854,16,13.719928
854,18,7.87892
854,20,0.518198
854,25,-8.000483
854,26,10.795458
854,29,-3.825561
855,5,0.779898
855,10,-1.765214
855,13,-6.629553
855,15,-9.979009
855,16,13.620615
855,18,7.758909
855,20,0.359295
855,25,-8.080025
855,26,10.619604
855,29,-3.840394
856,5,0.568695
856,10,-1.577454
856,13,-6.860363
856,15,-10.135364
856,16,13.709631
856,18,7.800216
856,20,0.490935
856,25,-7.996223
856,26,10.77786
856,29,-3.940007
857,5,0.524029
857,10,-1.529751
857,13,-6.915641
857,15,-10.173897
857,16,13.75174
857,18,7.83471
857,20,0.536547
857,25,-7.981435
857,26,10.837828
857,29,-3.953607
858,5,0.783125
858,10,-1.809852
858,13,-6.803946
858,15,-10.240838
858,16,13.942346
858,18,7.913093
858,20,0.347334
858,25,-8.286697
858,26,10.856142
858,29,-3.975002
859,5,0.746041
859,10,-1.839999
859,13,-6.905865
859,15,-10.385508
859,16,14.019196
859,18,7.871446
859,20,0.274898
859,25,-8.376156
859,26,10.877635
859,29,-4.114694
860,5,0.906475
860,10,-2.058144
860,13,-6.772455
860,15,-10.366009
860,16,13.96331
860,18,7.738971
860,20,0.048668
860,25,-8.537159
860,26,10.694847
860,29,-4.177323
861,5,0.813097
861,10,-1.992477
861,13,-6.877439
861,15,-10.449289
861,16,13.992344
861,18,7.724887
861,20,0.075322
861,25,-8.516665
861,26,10.738813
861,29,-4.251478
862,5,0.519441
862,10,-1.799777
862,13,-7.188076
862,15,-10.689416
862,16,14.024539
862,18,7.624465
862,20,0.125013
862,25,-8.436727
862,26,10.816195
862,29,-4.491628
863,5,0.587346
863,10,-1.940637
863,13,-7.193748
863,15,-10.79111
863,16,14.07762
863,18,7.550939
863,20,-0.038517
863,25,-8.598653
863,26,10.760055
863,29,-4.617042
864,5,0.547753
864,10,-1.987655
864,13,-7.3323
864,15,-10.993176
864,16,14.203928
864,18,7.515493
864,20,-0.132539
864,25,-8.732032
864,26,10.808108
864,29,-4.799321
865,5,0.514591
865,10,-1.95458
865,13,-7.409292
865,15,-11.071482
865,16,14.305856
865,18,7.584985
865,20,-0.089254
865,25,-8.757334
865,26,10.911761
865,29,-4.826462
866,5,0.479171
866,10,-2.025835
866,13,-7.514754
866,15,-11.243494
866,16,14.351878
866,18,7.466762
866,20,-0.235657
866,25,-8.879713
866,26,10.869058
866,29,-5.029134
867,5,0.564967
867,10,-2.222267
867,13,-7.494014
867,15,-11.344281
867,16,14.342818
867,18,7.29696
867,20,-0.487979
867,25,-9.069786
867,26,10.714984
867,29,-5.206007
868,5,0.633634
868,10,-2.318871
868,13,-7.493108
868,15,-11.413552
868,16,14.429954
868,18,7.309781
868,20,-0.569239
868,25,-9.19546
868,26,10.729848
868,29,-5.259407
869,5,0.477607
869,10,-2.136401
869,13,-7.704819
869,15,-11.561085
869,16,14.62459
869,18,7.488012
869,20,-0.373426
869,25,-9.143064
869,26,10.999385
869,29,-5.280189
870,5,0.384419
870,10,-1.972886
870,13,-7.782238
870,15,-11.554997
870,16,14.699312
870,18,7.642562
870,20,-0.172088
870,25,-9.029235
870,26,11.173865
870,29,-5.192406
871,5,0.311867
871,10,-1.878392
871,13,-7.775301
871,15,-11.478457
871,16,14.588774
871,18,7.602584
871,20,-0.103174
871,25,-8.900379
871,26,11.131729
871,29,-5.152745
872,5,0.185142
872,10,-1.846036
872,13,-7.94607
872,15,-11.659383
872,16,14.625662
872,18,7.502093
872,20,-0.163668
872,25,-8.936996
872,26,11.137433
872,29,-5.350191
873,5,0.111788
873,10,-1.783742
873,13,-8.019746
873,15,-11.707689
873,16,14.64228
873,18,7.501359
873,20,-0.125882
873,25,-8.905732
873,26,11.176206
873,29,-5.389591
874,5,-0.037759
874,10,-1.629884
874,13,-8.183398
874,15,-11.808121
874,16,14.72839
874,18,7.574551
874,20,0.00692
874,25,-8.833175
874,26,11.327335
874,29,-5.428859
875,5,-0.227047
875,10,-1.534577
875,13,-8.455303
875,15,-12.074887
875,16,14.864634
875,18,7.545931
875,20,0.011745
875,25,-8.869965
875,26,11.45094
875,29,-5.654686
876,5,-0.411291
876,10,-1.313499
876,13,-8.681941
876,15,-12.21485
876,16,15.05339
876,18,7.736388
876,20,0.244554
876,25,-8.782091
876,26,11.738734
876,29,-5.661894
877,5,-0.847331
877,10,-1.074217
877,13,-9.113454
877,15,-12.556182
877,16,14.990803
877,18,7.446834
877,20,0.217778
877,25,-8.664585
877,26,11.71555
877,29,-6.078694
878,5,-1.278247
878,10,-0.724505
878,13,-9.446249
878,15,-12.707426
878,18,7.271615
878,20,0.369508
878,25,-8.382156
878,29,-6.281807
879,5,-1.504571
879,10,-0.495356
879,13,-9.680139
879,15,-12.842289
879,16,14.954608
879,18,7.35559
879,20,0.558017
879,25,-8.260231
879,26,11.932299
879,29,-6.340108
880,5,-1.631591
880,10,-0.335226
880,13,-9.698856
880,15,-12.751147
880,18,7.316012
880,20,0.680223
880,25,-8.064722
880,26,11.902971
880,29,-6.286048
881,5,-1.822578
881,10,-0.139367
881,13,-9.827048
881,15,-12.771287
881,18,7.297994
881,20,0.817398
881,25,-7.894861
881,26,11.952659
881,29,-6.307633
882,5,-1.979033
882,10,0.093502
882,13,-9.885154
882,15,-12.686449
882,16,14.697737
882,18,7.37197
882,20,1.048784
882,25,-7.662402
882,26,12.043385
882,29,-6.196914
883,5,-2.051096
883,10,0.153497
883,13,-9.99347
883,15,-12.782753
883,16,14.785643
883,18,7.417306
883,20,1.097365
883,25,-7.666559
883,26,12.142914
883,29,-6.249859
884,5,-2.316932
884,10,0.596836
884,13,-10.080221
884,15,-12.59595
884,16,14.701297
884,18,7.627284
884,20,1.576028
884,25,-7.225947
884,26,12.362822
884,29,-5.980819
885,5,-2.513943
885,10,0.859061
885,13,-10.195622
885,15,-12.561908
885,16,14.67392
885,20,1.82493
885,25,-6.993836
885,26,12.494827
885,29,-5.903258
886,5,-2.54442
886,10,0.933315
886,13,-10.232781
886,15,-12.565835
886,16,14.746308
886,20,1.934732
886,25,-6.95605
886,26,12.611843
886,29,-5.84865
887,5,-2.662778
887,10,1.147139
887,13,-10.322614
887,15,-12.54341
887,16,14.831392
887,18,8.020823
887,20,2.198748
887,25,-6.79938
887,26,12.830904
887,29,-5.723224
888,5,-2.765783
888,10,1.229154
888,13,-10.329004
888,15,-12.483569
888,16,14.65184
888,20,2.203903
888,25,-6.665263
888,26,12.704544
888,29,-5.750655
889,5,-2.756248
889,10,1.256125
889,13,-10.214293
889,15,-12.319419
889,16,14.476634
889,18,7.806865
889,20,2.225046
889,25,-6.548714
889,26,12.579531
889,29,-5.657716
890,5,-2.768457
890,10,1.286019
890,13,-10.231042
890,15,-12.324382
890,16,14.511378
890,18,7.853913
890,20,2.270107
890,25,-6.537099
890,26,12.630677
890,29,-5.638255
891,5,-2.656395
891,10,1.144672
891,13,-10.131214
891,15,-12.29622
891,16,14.470181
891,18,7.775191
891,20,2.130349
891,25,-6.635804
891,26,12.511101
891,29,-5.663546
892,5,-2.544925
892,10,1.042267
892,13,-10.101602
892,15,-12.341271
892,16,14.610429
892,18,7.87228
892,20,2.090483
892,25,-6.774937
892,26,12.58506
892,29,-5.654291
893,5,-2.71357
893,10,1.216776
893,13,-10.257905
893,15,-12.416226
893,16,14.652023
893,18,7.91822
893,20,2.231125
893,25,-6.665407
893,26,12.708439
893,29,-5.686081
894,5,-2.873843
894,10,1.44279
894,13,-10.386028
894,15,-12.428053
894,16,14.713492
894,18,8.061057
894,20,2.470841
894,25,-6.501589
894,26,12.900156
894,29,-5.615817
895,5,-2.706509
895,10,1.341582
895,13,-10.262349
895,15,-12.360659
895,16,14.817308
895,18,8.209968
895,20,2.479882
895,25,-6.598196
895,26,12.967307
895,29,-5.490714
896,5,-2.654991
896,10,1.336412
896,13,-10.229663
896,15,-12.334435
896,16,14.889659
896,18,8.31802
896,20,2.534059
896,25,-6.617917
896,26,13.045996
896,29,-5.416228
897,5,-2.576324
897,10,1.293906
897,13,-10.185692
897,15,-12.319973
897,16,14.974276
897,18,8.418079
897,20,2.553473
897,25,-6.675317
897,26,13.112525
897,29,-5.356535
898,5,-2.523535
898,10,1.350154
898,13,-10.126383
898,15,-12.22565
898,16,15.06088
898,18,8.623706
898,20,2.715609
898,25,-6.629761
898,26,13.26063
898,29,-5.175543
899,5,-2.600448
899,10,1.399321
899,13,-10.093895
899,15,-12.13766
899,16,14.839037
899,18,8.439213
899,20,2.682231
899,25,-6.502404
899,26,13.078665
899,29,-5.201789
900,5,-2.561319
900,10,1.402075
900,13,-9.993526
900,15,-12.013165
900,16,14.748545
900,18,8.432666
900,20,2.706973
900,25,-6.441337
900,26,13.017714
900,29,-5.10856
901,5,-2.443655
901,10,1.373624
901,13,-9.965947
901,15,-12.023378
901,16,14.988472
901,18,8.708683
901,20,2.817241
901,25,-6.539232
901,26,13.248689
901,29,-4.977056
902,5,-2.444119
902,10,1.428814
902,13,-9.951978
902,15,-11.976806
902,16,15.020312
902,18,8.80489
902,20,2.915869
902,25,-6.492025
902,29,-4.89066
903,5,-2.47622
903,10,1.524381
903,13,-9.969827
903,15,-11.943315
903,16,15.072683
903,18,8.929286
903,20,3.056292
903,25,-6.421115
903,26,13.443572
903,29,-4.798639
904,5,-2.257429
904,10,1.55361
904,13,-9.639741
904,15,-11.542735
904,16,15.036971
904,18,9.23682
904,20,3.309351
904,25,-6.278334
904,29,-4.323446
905,10,1.199271
905,13,-9.568379
905,15,-11.670983
905,16,14.88057
905,18,8.807333
905,20,2.805444
905,25,-6.562413
905,26,13.123349
905,29,-4.661898
906,5,-2.089539
906,10,1.018962
906,13,-9.60002
906,15,-11.820588
906,16,14.858319
906,18,8.586215
906,20,2.530874
906,25,-6.74777
906,26,12.952238
906,29,-4.903409
907,5,-2.050877
907,10,1.091909
907,13,-9.427987
907,15,-11.562272
907,16,14.695185
907,18,8.629181
907,20,2.660294
907,25,-6.57086
907,26,12.89253
907,29,-4.676028
908,5,-1.954594
908,10,1.078117
908,13,-9.256002
908,15,-11.365116
908,16,14.598729
908,18,8.671974
908,20,2.710987
908,25,-6.50185
908,26,12.835449
908,29,-4.500384
909,5,-1.907745
909,10,0.937653
909,13,-9.206501
909,15,-11.386988
909,16,14.481028
909,18,8.456532
909,20,2.495526
909,25,-6.5912
909,26,12.622463
909,29,-4.63619
910,5,-1.957165
910,10,0.898259
910,13,-9.262323
910,15,-11.471653
910,16,14.419824
910,18,8.292215
910,20,2.369194
910,25,-6.630822
910,26,12.510599
910,29,-4.791657
911,5,-2.156142
911,10,1.066524
911,13,-9.426577
911,15,-11.552797
911,16,14.388033
911,18,8.239331
911,20,2.455992
911,25,-6.506666
911,26,12.5517
911,29,-4.879128
912,5,-1.971403
912,10,0.788959
912,13,-9.436215
912,15,-11.763109
912,16,14.624559
912,18,8.25268
912,20,2.208393
912,25,-6.864602
912,26,12.578715
912,29,-5.051661
913,5,-1.800251
913,10,0.620376
913,13,-9.327997
913,15,-11.753479
913,16,14.699553
913,18,8.292929
913,20,2.101638
913,25,-7.025023
913,26,12.559904
913,29,-5.031934
914,5,-1.679393
914,10,0.513819
914,13,-9.238674
914,15,-11.723176
914,16,14.740419
914,18,8.330246
914,20,2.044995
914,25,-7.118605
914,26,12.547117
914,29,-4.995046
915,5,-1.615761
915,10,0.468451
915,13,-9.116865
915,15,-11.60162
915,16,14.62242
915,18,8.27081
915,20,2.006733
915,25,-7.089983
915,26,12.42848
915,29,-4.933222
916,5,-1.630729
916,10,0.395644
916,13,-9.1954
916,15,-11.743597
916,16,14.666537
916,18,8.176112
916,20,1.877005
916,25,-7.203659
916,26,12.391975
916,29,-5.099605
917,5,-1.528292
917,10,0.339978
917,13,-9.06476
917,15,-11.625831
917,16,14.626597
917,18,8.206324
917,20,1.873496
917,25,-7.20759
917,26,12.348017
917,29,-4.995123
918,5,-1.433666
918,10,0.185271
918,13,-9.041924
918,15,-11.703618
918,16,14.679123
918,18,8.148819
918,20,1.712296
918,25,-7.373836
918,26,12.289971
918,29,-5.094703
919,5,-1.264791
919,10,0.06102
919,13,-8.85184
919,15,-11.559654
919,16,14.628192
919,18,8.164297
919,20,1.654619
919,25,-7.424025
919,26,12.201581
919,29,-4.979753
920,5,-1.307573
920,10,0.061917
920,13,-8.848986
920,15,-11.54557
920,16,14.508001
920,18,8.026207
920,20,1.591788
920,25,-7.385715
920,26,12.078582
920,29,-5.041732
921,5,-1.28563
921,10,-0.002843
921,13,-8.809951
921,15,-11.534615
921,16,14.422588
921,18,7.905753
921,20,1.486755
921,25,-7.412689
921,26,11.952847
921,29,-5.099694
922,5,-1.278138
922,10,-0.029591
922,13,-8.733231
922,15,-11.448894
922,16,14.260898
922,18,7.768449
922,20,1.41772
922,25,-7.365315
922,26,11.789831
922,29,-5.105419
923,5,-1.270815
923,10,-0.068634
923,13,-8.774146
923,15,-11.528202
923,16,14.325675
923,18,7.764851
923,20,1.37058
923,25,-7.440082
923,26,11.811705
923,29,-5.174058
924,5,-1.316741
924,10,-0.123874
924,13,-8.846108
924,15,-11.643701
924,16,14.288992
924,18,7.599583
924,20,1.225516
924,25,-7.507818
924,26,11.708372
924,29,-5.354872
925,5,-1.408255
925,10,-0.027209
925,13,-8.934173
925,15,-11.688542
925,16,14.321972
925,18,7.633038
925,20,1.30686
925,25,-7.451771
925,26,11.785523
925,29,-5.371706
926,5,-1.557552
926,10,0.063625
926,13,-9.109827
926,15,-11.839143
926,16,14.367542
926,18,7.589382
926,20,1.32503
926,25,-7.432882
926,26,11.843888
926,29,-5.512148
927,5,-1.563119
927,10,0.091067
927,13,-9.142183
927,15,-11.868413
927,16,14.450551
927,20,1.381451
927,25,-7.44467
927,26,11.937093
927,29,-5.493265
928,10,0.060604
928,13,-9.141248
928,15,-11.898564
928,16,14.560738
928,18,7.771324
928,20,1.399702
928,25,-7.512635
928,26,12.024615
928,29,-5.470957
929,10,0.439432
929,13,-9.246166
929,15,-11.764677
929,16,14.387446
929,18,7.800431
929,20,1.730423
929,25,-7.11389
929,26,12.099242
929,29,-5.336403
930,10,0.697043
930,13,-9.609451
930,15,-12.011574
930,16,14.284052
930,18,7.547975
930,20,1.75535
930,25,-6.938662
930,26,12.073654
930,29,-5.65283
931,10,1.20452
931,13,-10.067832
931,15,-12.218592
931,16,14.267128
931,18,7.52181
931,20,2.088537
931,25,-6.572278
931,26,12.294842
931,29,-5.811425
932,10,1.788703
932,13,-10.642302
932,15,-12.519729
932,16,14.341445
932,18,7.553572
932,20,2.489272
932,25,-6.195205
932,26,12.630683
932,29,-6.011755
933,10,2.163102
933,13,-10.788422
933,15,-12.431307
933,16,14.11974
933,18,7.482281
933,20,2.758821
933,25,-5.797528
933,26,12.640296
933,29,-5.963965
934,10,2.489546
934,13,-10.963042
934,15,-12.427368
934,16,14.117752
934,18,7.592614
934,20,3.062591
934,25,-5.528076
934,26,12.8283
934,29,-5.892514
935,10,3.015118
935,13,-11.239723
935,15,-12.395307
935,16,13.911665
935,18,7.543902
935,20,3.447012
935,25,-5.025361
935,26,12.927365
935,29,-5.871166
936,10,2.901551
936,13,-11.103889
936,15,-12.271513
936,16,13.498351
936,18,7.100066
936,20,3.171049
936,25,-4.962871
936,26,12.462468
936,29,-6.005408
937,10,3.338401
937,13,-11.312857
937,15,-12.204309
937,16,13.158232
937,18,6.886186
937,20,3.41492
937,25,-4.483278
937,26,12.379848
937,29,-6.043602
938,10,3.900352
938,13,-11.523884
938,15,-12.067019
938,16,12.885239
938,18,6.857494
938,20,3.858011
938,25,-3.901794
938,26,12.458987
938,29,-5.926167
939,10,4.401968
939,13,-11.716717
939,15,-11.974504
939,16,12.894659
939,18,7.117006
939,20,4.385485
939,25,-3.467296
939,26,12.784979
939,29,-5.700065
940,10,4.305571
940,13,-11.787506
940,15,-12.10295
940,16,12.740643
940,18,6.782452
940,20,4.124554
940,25,-3.535889
940,26,12.532984
940,29,-5.977637
941,10,4.944006
941,13,-12.010977
941,15,-11.978488
941,16,12.94503
941,18,7.355285
941,20,4.914488
941,25,-3.038998
941,26,13.150149
941,29,-5.560682
942,5,-6.90943
942,10,5.72949
942,13,-12.455116
942,15,-11.952232
942,16,12.50749
942,18,7.105194
942,20,5.398533
942,25,-2.252664
942,26,13.159079
942,29,-5.633232
943,5,-7.572038
943,10,6.411791
943,13,-12.754093
943,15,-11.81874
943,16,12.017382
943,18,6.84692
943,20,5.821511
943,25,-1.506682
943,26,13.081985
943,29,-5.628866
944,5,-8.312273
944,10,7.176523
944,13,-13.256457
944,15,-11.895892
944,16,11.817674
944,18,6.793341
944,20,6.363941
944,25,-0.836762
944,26,13.298887
944,29,-5.683878
945,5,-8.619804
945,10,7.706703
945,13,-13.442559
945,15,-11.786893
945,16,11.921707
945,18,7.191816
945,20,6.983719
945,25,-0.40296
945,26,13.744393
945,29,-5.371824
946,5,-9.129253
946,10,8.186017
946,13,-13.77733
946,15,-11.850197
946,16,11.711602
946,18,7.03983
946,20,7.263538
946,25,0.038486
946,26,13.787842
946,29,-5.47806
947,5,-10.001067
947,10,8.853561
947,13,-14.268593
947,15,-11.92683
947,16,11.015377
947,18,6.343635
947,20,7.420916
947,25,0.779852
947,29,-5.861912
948,5,-10.680245
948,10,9.359426
948,13,-14.625897
948,15,-11.959707
948,16,10.405614
948,18,5.736089
948,20,7.506658
948,25,1.373536
948,29,-6.172848
949,5,-10.839151
949,10,9.554715
949,13,-14.510655
949,15,-11.658774
949,16,9.940458
949,18,5.4857
949,20,7.595543
949,25,1.755833
949,29,-6.051327
950,5,-11.135265
950,10,9.778565
950,13,-14.760255
950,15,-11.799068
950,16,9.872262
950,18,5.355348
950,20,7.6754
950,25,1.923611
950,29,-6.218235
951,5,-11.439223
951,10,10.041078
951,13,-14.927025
951,15,-11.804729
951,16,9.654089
951,18,5.169065
951,20,7.784812
951,25,2.2049
951,29,-6.304486
952,5,-11.665259
952,10,10.281955
952,13,-15.046391
952,15,-11.779058
952,16,9.532907
952,18,5.121146
952,20,7.950985
952,25,2.447087
952,29,-6.296661
953,5,-11.406103
953,13,-14.778869
953,15,-11.605855
953,16,9.467544
953,18,5.110615
953,20,7.811518
953,25,2.329092
953,29,-6.174139
954,5,-11.249332
954,13,-14.774827
954,15,-11.786864
954,16,9.603455
954,18,5.028042
954,20,7.528526
954,25,2.01535
954,29,-6.372023
955,5,-11.091911
955,13,-14.718986
955,15,-11.835207
955,16,9.766342
955,18,5.132429
955,20,7.454295
955,25,1.827379
955,29,-6.364438
956,5,-10.685756
956,10,9.255147
956,13,-14.490635
956,15,-11.83934
956,16,10.018739
956,18,5.306269
956,20,7.246732
956,25,1.433365
956,29,-6.297667
957,5,-10.057489
957,10,8.602502
957,13,-14.209606
957,15,-11.975425
957,18,5.542064
957,20,6.835979
957,25,0.714218
957,26,12.720065
957,29,-6.317693
958,5,-9.577568
958,10,8.176278
958,13,-13.966507
958,15,-12.003487
958,16,10.868704
958,18,5.837388
958,20,6.648517
958,25,0.237528
958,26,12.857623
958,29,-6.211373
959,5,-9.293877
959,10,7.926436
959,13,-13.883714
959,15,-12.102209
959,16,11.222558
959,18,6.099447
959,20,6.565316
959,25,-0.104282
959,26,13.051695
959,29,-6.169879
960,5,-8.646757
960,10,7.324341
960,13,-13.526836
960,15,-12.114575
960,16,11.644875
960,18,6.400067
960,20,6.249417
960,25,-0.735234
960,26,13.133855
960,29,-6.057489
961,5,-8.101042
961,10,6.866667
961,13,-13.157331
961,15,-12.006176
961,16,11.915543
961,18,6.66674
961,20,6.051548
961,25,-1.168742
961,26,13.174896
961,29,-5.859543
962,5,-7.722296
962,10,6.596147
962,13,-12.988475
962,15,-12.02582
962,16,12.336971
962,18,7.071897
962,20,6.037739
962,25,-1.528267
962,26,13.447228
962,29,-5.684935
963,5,-7.405294
963,10,6.277382
963,13,-12.820943
963,15,-12.055038
963,16,12.534345
963,18,7.178345
963,20,5.840648
963,25,-1.86105
963,26,13.456835
963,29,-5.67093
964,5,-6.861388
964,10,5.678938
964,13,-12.625675
964,15,-12.256139
964,16,13.004039
964,18,7.377365
964,20,5.440475
964,25,-2.553998
964,26,13.539709
964,29,-5.761027
965,5,-6.059949
965,10,5.051093
965,13,-12.1489
965,15,-12.163065
965,16,13.585783
965,18,7.954333
965,20,5.259881
965,25,-3.229035
965,26,13.798565
965,29,-5.42886
966,5,-5.894307
966,10,4.76518
966,13,-12.201107
966,15,-12.431058
966,16,13.846814
966,18,7.946288
966,20,4.984522
966,25,-3.617442
966,26,13.829963
966,29,-5.661589
967,5,-5.636738
967,10,4.372058
967,13,-12.317146
967,15,-12.867579
967,16,14.379843
967,18,8.091287
967,20,4.667633
967,25,-4.222833
967,26,14.035712
967,29,-5.957023
968,5,-5.321737
968,10,3.962258
968,13,-12.222288
968,15,-13.042542
968,16,14.620997
968,18,8.096638
968,20,4.322981
968,25,-4.683059
968,26,13.998618
968,29,-6.115548
969,5,-4.886586
969,10,3.421637
969,13,-12.15271
969,15,-13.35396
969,16,15.10803
969,18,8.242481
969,20,3.919156
969,25,-5.363363
969,26,14.103428
969,29,-6.318922
970,5,-4.594239
970,10,3.081358
970,13,-12.072333
970,15,-13.506186
970,16,15.39234
970,18,8.343415
970,20,3.678399
970,25,-5.773916
970,26,14.157274
970,29,-6.408363
971,5,-4.176222
971,10,2.645312
971,13,-11.874891
971,15,-13.584772
971,16,15.683158
971,18,8.482924
971,20,3.398043
971,25,-6.246393
971,26,14.181193
971,29,-6.424907
972,5,-3.901618
972,10,2.343096
972,13,-11.80105
972,15,-13.721191
972,16,15.973277
972,18,8.617239
972,20,3.205675
972,25,-6.62346
972,26,14.267187
972,29,-6.483546
973,5,-3.700098
973,10,2.114302
973,13,-11.655266
973,15,-13.700862
973,16,15.989999
973,18,8.575654
973,20,3.015636
973,25,-6.813925
973,26,14.154692
973,29,-6.501992
974,5,-3.260974
974,10,1.815741
974,13,-11.362719
974,15,-13.585015
974,16,16.297079
974,18,8.946715
974,20,2.991223
974,25,-7.127845
974,26,14.326158
974,29,-6.241417
975,5,-3.043239
975,10,1.733105
975,13,-10.978097
975,15,-13.168688
975,16,16.028682
975,18,8.943048
975,20,3.010394
975,25,-7.005813
975,26,14.108109
975,29,-5.918359
976,5,-3.069906
976,10,1.7921
976,13,-11.000132
976,15,-13.162308
976,16,16.068061
976,18,9.013661
976,20,3.091366
976,25,-6.969771
976,26,14.18308
976,29,-5.877195
977,5,-2.895835
977,10,1.673122
977,13,-10.934498
977,15,-13.186382
977,16,16.295498
977,18,9.228372
977,20,3.100211
977,25,-7.147383
977,26,14.340228
977,29,-5.797468
978,5,-2.985253
978,10,1.668653
978,13,-11.01552
978,15,-13.27512
978,16,16.208576
978,18,9.042621
978,20,2.989657
978,25,-7.148826
978,26,14.223049
978,29,-5.963586
979,5,-2.967028
979,10,1.552394
979,13,-11.014596
979,15,-13.341054
979,16,16.131787
979,18,8.851367
979,20,2.795742
979,25,-7.239661
979,26,14.057127
979,29,-6.120076
980,5,-3.000544
980,10,1.59589
980,13,-10.979691
980,15,-13.26319
980,16,16.016615
980,18,8.789022
980,20,2.814868
980,25,-7.149378
980,26,13.982358
980,29,-6.089243
981,5,-3.187777
981,10,1.791024
981,13,-11.189786
981,15,-13.396287
981,16,16.142839
981,18,8.892267
981,20,2.987553
981,25,-7.064473
981,26,14.189872
981,29,-6.135702
982,5,-3.383744
982,10,2.064487
982,13,-11.280197
982,15,-13.323385
982,16,16.08423
982,18,8.971316
982,20,3.249516
982,25,-6.803566
982,26,14.306258
982,29,-6.025984
983,5,-3.981723
983,10,2.623751
983,13,-11.637209
983,15,-13.349779
983,16,15.758148
983,18,8.734937
983,20,3.556951
983,25,-6.248276
983,26,14.288062
983,29,-6.137363
984,5,-4.332415
984,10,2.998949
984,13,-11.801716
984,15,-13.280458
984,16,15.52825
984,18,8.635851
984,20,3.809575
984,25,-5.850254
984,29,-6.11355
985,5,-4.392202
985,10,3.158291
985,13,-11.713932
985,15,-13.063026
985,16,15.358849
985,18,8.664533
985,20,3.989001
985,25,-5.611088
985,29,-5.919458
986,5,-4.599044
986,10,3.351497
986,13,-11.774382
986,15,-12.987436
986,16,15.117248
986,18,8.495897
986,20,4.070384
986,25,-5.357696
986,29,-5.934738
987,5,-4.924757
987,10,3.700669
987,13,-11.901257
987,15,-12.887371
987,16,14.850929
987,18,8.369817
987,20,4.296206
987,25,-4.961445
987,29,-5.900725
988,5,-5.284942
988,10,4.067864
988,13,-12.129281
988,15,-12.905874
988,16,14.716689
988,18,8.309816
988,20,4.544037
988,25,-4.62252
988,29,-5.927106
989,5,-5.754025
989,10,4.426069
989,13,-12.476942
989,15,-13.060384
989,16,14.510929
989,18,8.044082
989,20,4.658265
989,26,14.121868
989,29,-6.164489
990,5,-6.130617
990,13,-12.711863
990,15,-13.096046
990,16,14.316691
990,18,7.888213
990,20,4.837605
990,26,14.111463
990,29,-6.253136
991,5,-6.433408
991,13,-12.780978
991,15,-12.995445
991,16,13.838266
991,18,7.45799
991,20,4.809974
991,25,-3.620413
991,26,13.766725
991,29,-6.376617
992,5,-6.652397
992,10,5.348378
992,13,-12.725861
992,15,-12.667391
992,16,13.520826
992,18,7.470123
992,20,5.163953
992,25,-3.13179
992,26,13.739833
992,29,-6.089979
993,5,-6.847506
993,10,5.566622
993,13,-12.816122
993,15,-12.622702
993,16,13.402201
993,18,7.433244
993,20,5.321962
993,25,-2.903951
993,26,13.75561
993,29,-6.061737
994,5,-7.120574
994,10,5.868239
994,13,-12.853969
994,15,-12.440664
994,16,13.046781
994,18,7.25246
994,20,5.501337
994,25,-2.496777
994,26,13.612294
994,29,-5.990673
995,5,-7.327618
995,10,6.213409
995,13,-12.86929
995,15,-12.224857
995,16,12.881891
995,18,7.346557
995,20,5.853675
995,25,-2.105636
995,26,13.698874
995,29,-5.753686
996,5,-7.289203
996,10,6.295012
996,13,-12.785849
996,15,-12.081846
996,16,12.91349
996,18,7.530566
996,20,6.033955
996,25,-2.013123
996,26,13.814688
996,29,-5.544806
997,5,-7.113021
997,10,6.181209
997,13,-12.704626
997,15,-12.082857
997,16,13.121556
997,18,7.742239
997,20,6.049841
997,25,-2.174932
997,26,13.960477
997,29,-5.448071
998,5,-7.096706
998,10,6.223746
998,13,-12.738914
998,15,-12.114274
998,16,13.290909
998,18,7.932631
998,20,6.168598
998,25,-2.203311
998,26,14.1498
998,29,-5.377429
999,5,-7.342235
999,10,6.430644
999,13,-12.819359
999,15,-12.047028
999,16,12.995276
999,18,7.695704
999,20,6.225597
999,25,-1.922375
999,26,13.983257
999,29,-5.43043
1000,5,-7.310896
1000,10,6.385463
1000,13,-12.817501
1000,15,-12.078508
1000,16,13.032941
1000,18,7.696938
1000,20,6.185903
1000,25,-1.981011
1000,26,13.986275
1000,29,-5.458447
1001,5,-7.351065
1001,10,6.421459
1001,13,-12.746617
1001,15,-11.952811
1001,16,12.814842
1001,18,7.547526
1001,20,6.166559
1001,25,-1.850779
1001,26,13.814756
1001,29,-5.431027
1002,5,-7.173688
1002,10,6.349293
1002,13,-12.624984
1002,15,-11.877717
1002,16,12.989887
1002,18,7.797233
1002,20,6.247773
1002,25,-1.948615
1002,26,13.970277
1002,29,-5.252745
1003,5,-7.251983
1003,10,6.482333
1003,13,-12.580407
1003,15,-11.726906
1003,16,12.82783
1003,18,7.769228
1003,20,6.366176
1003,25,-1.749919
1003,26,13.919297
1003,29,-5.139636
1004,5,-7.347766
1004,10,6.575142
1004,13,-12.669212
1004,15,-11.773888
1004,16,12.847721
1004,18,7.78117
1004,20,6.433803
1004,25,-1.693016
1004,26,13.98059
1004,29,-5.166789
1005,5,-7.336758
1005,10,6.536221
1005,13,-12.605538
1005,15,-11.711543
1005,16,12.705606
1005,18,7.645736
1005,20,6.351433
1005,25,-1.664922
1005,26,13.8271
1005,29,-5.18712
1006,5,-6.898725
1006,10,6.068804
1006,13,-12.421828
1006,15,-11.831619
1006,16,13.047449
1006,18,7.802282
1006,20,6.047245
1006,25,-2.192118
1006,26,13.872668
1006,29,-5.233786
1007,5,-6.50509
1007,10,5.675518
1007,13,-12.122184
1007,15,-11.741926
1007,16,13.105134
1007,18,7.816197
1007,20,5.772357
1007,25,-2.513686
1007,26,13.724079
1007,29,-5.179423
1008,5,-6.10334
1008,10,5.231812
1008,13,-11.906359
1008,15,-11.795157
1008,16,13.303208
1008,18,7.862848
1008,20,5.446402
1008,25,-2.958315
1008,26,13.653176
1008,29,-5.22607
1009,5,-5.835143
1009,10,4.930841
1009,13,-11.680649
1009,15,-11.721925
1009,16,13.260875
1009,18,7.771959
1009,20,5.18792
1009,25,-3.17578
1009,26,13.451729
1009,29,-5.231414
1010,5,-5.494283
1010,10,4.562807
1010,13,-11.427608
1010,15,-11.667307
1010,16,13.293145
1010,18,7.733903
1010,25,-3.477351
1010,26,13.28274
1010,29,-5.229634
1011,5,-5.337461
1011,10,4.379249
1011,13,-11.347872
1011,15,-11.700526
1011,16,13.369931
1011,18,7.736007
1011,20,4.755029
1011,25,-3.663386
1011,26,13.244437
1011,29,-5.267358
1012,5,-5.067209
1012,13,-11.24563
1012,15,-11.842241
1012,16,13.489346
1012,18,7.630347
1012,20,4.379
1012,25,-4.060559
1012,26,13.101791
1012,29,-5.457054
1013,5,-4.636372
1013,10,3.576424
1013,13,-10.932834
1013,15,-11.755885
1013,16,13.60332
1013,18,7.703766
1013,20,4.117097
1013,26,12.998032
1013,29,-5.378197
1014,5,-4.292568
1014,13,-10.834349
1014,15,-11.9105
1014,16,13.974126
1014,18,7.901417
1014,20,3.906917
1014,26,13.125565
1014,29,-5.427668
1015,5,-3.710636
1015,13,-10.508779
1015,15,-11.874539
1015,16,14.445655
1015,18,8.351377
1015,20,3.784014
1015,26,13.348818
1015,29,-5.20705
1016,13,-10.332821
1016,15,-11.921284
1016,16,14.46513
1016,18,8.20523
1016,20,3.406997
1016,25,-5.740178
1016,26,13.127718
1016,29,-5.341633
1017,5,-2.873087
1017,13,-9.993132
1017,15,-11.889026
1017,16,14.736119
1017,18,8.387848
1017,20,3.104443
1017,25,-6.252095
1017,26,13.106895
1017,29,-5.259829
1018,5,-2.658314
1018,13,-9.936894
1018,15,-11.988942
1018,16,14.990902
1018,20,2.992995
1018,25,-6.540366
1018,26,13.213828
1018,29,-5.280864
1019,5,-2.163438
1019,13,-9.558259
1019,15,-11.943109
1019,16,14.900417
1019,18,8.259197
1019,20,2.385676
1019,26,12.762952
1019,29,-5.422159
1020,5,-1.443679
1020,13,-9.206893
1020,15,-12.088304
1020,16,15.321051
1020,18,8.382429
1020,20,1.807432
1020,25,-7.856601
1020,26,12.687546
1020,29,-5.528943
1021,5,-1.051534
1021,13,-8.803506
1021,15,-11.782972
1021,16,15.32251
1021,18,8.558967
1021,20,1.763599
1021,26,12.619126
1021,29,-5.216494
1022,5,-0.640942
1022,13,-8.46971
1022,15,-11.669939
1022,16,15.315968
1022,20,1.433038
1022,25,-8.313935
1022,26,12.389031
1022,29,-5.181927
1023,5,-0.525553
1023,13,-8.49358
1023,15,-11.853536
1023,16,15.443099
1023,20,1.188994
1023,25,-8.588219
1023,26,12.339631
1023,29,-5.382648
1024,5,0.127445
1024,13,-8.173984
1024,15,-11.97809
1024,16,15.837689
1024,18,8.565706
1024,20,0.688044
1024,26,12.292973
1024,29,-5.461654
1025,5,0.266205
1025,13,-8.393013
1025,15,-12.535305
1025,16,16.21651
1025,18,8.414318
1025,20,0.18585
1025,25,-9.947997
1025,26,12.292397
1025,29,-6.009685
1026,5,1.646663
1026,13,-7.47645
1026,15,-12.371781
1026,16,16.757485
1026,18,8.775384
1026,20,-0.613609
1026,25,-11.17579
1026,26,12.112791
1026,29,-5.788224
1027,5,2.466868
1027,10,-4.232323
1027,13,-6.763147
1027,15,-12.191789
1027,16,16.389172
1027,18,8.130326
1027,20,-1.710554
1027,25,-11.900332
1027,26,11.152746
1027,29,-6.030674
1028,5,3.416203
1028,10,-5.027546
1028,13,-5.925409
1028,15,-11.737642
1028,16,16.458471
1028,18,8.338249
1028,20,-2.125688
1028,25,-12.468037
1028,26,10.872175
1028,29,-5.619895
1029,5,3.889782
1029,10,-5.335211
1029,13,-5.401059
1029,15,-11.320617
1029,16,16.374622
1029,18,8.488096
1029,20,-2.204568
1029,25,-12.59285
1029,26,10.710465
1029,29,-5.236674
1030,5,4.616756
1030,10,-6.029749
1030,13,-4.721995
1030,15,-10.965019
1030,16,16.250541
1030,18,8.411914
1030,20,-2.700006
1030,25,-13.038807
1030,26,10.266505
1030,29,-5.03755
1031,5,5.58787
1031,10,-6.879472
1031,13,-3.821739
1031,15,-10.459249
1031,16,16.188573
1031,18,8.487687
1031,20,-3.21049
1031,25,-13.595973
1031,26,9.833047
1031,29,-4.654448
1032,5,6.497146
1032,10,-7.703993
1032,13,-3.010894
1032,15,-10.044501
1032,16,16.164385
1032,18,8.540558
1032,20,-3.730903
1032,25,-14.167536
1032,26,9.429681
1032,29,-4.353979
1033,5,6.79996
1033,10,-8.033593
1033,13,-2.482493
1033,15,-9.580131
1033,16,15.552379
1033,18,8.085857
1033,20,-4.109797
1033,25,-14.12506
1033,26,8.729191
1033,29,-4.229803
1034,5,6.885957
1034,10,-8.066788
1034,13,-2.353772
1034,15,-9.448165
1034,16,15.495302
1034,18,8.116654
1034,20,-4.093621
1034,25,-14.103425
1034,26,8.682741
1034,29,-4.115583
1035,5,7.069202
1035,10,-8.016955
1035,13,-2.014044
1035,15,-9.014153
1035,16,15.373729
1035,18,8.351726
1035,20,-3.85549
1035,25,-13.917353
1035,26,8.695041
1035,29,-3.655191
1036,5,7.505255
1036,10,-8.518427
1036,13,-1.498774
1036,15,-8.695729
1036,16,14.974571
1036,18,7.975671
1036,20,-4.356343
1036,25,-14.12275
1036,26,8.074309
1036,29,-3.620323
1037,5,7.816406
1037,10,-8.900181
1037,13,-1.068134
1037,15,-8.394338
1037,16,14.530176
1037,18,7.56961
1037,20,-4.783833
1037,25,-14.21857
1037,26,7.473235
1037,29,-3.605893
1038,5,8.020082
1038,10,-9.045171
1038,13,-0.786119
1038,15,-8.144346
1038,16,14.361886
1038,18,7.530092
1038,20,-4.863623
1038,25,-14.223154
1038,26,7.278155
1038,29,-3.438855
1039,5,8.503181
1039,10,-9.54311
1039,13,-0.16838
1039,15,-7.697449
1039,16,13.887231
1039,18,7.17339
1039,20,-5.327055
1039,25,-14.368674
1039,26,6.615202
1039,29,-3.291669
1040,5,8.95654
1040,10,-9.974161
1040,13,0.44761
1040,15,-7.209804
1040,16,13.407696
1040,18,6.867106
1040,20,-5.707063
1040,25,-14.447296
1040,26,5.996603
1040,29,-3.083037
1041,5,9.376853
1041,10,-10.40091
1041,13,0.985866
1041,15,-6.816569
1041,16,13.000312
1041,18,6.569775
1041,20,-6.098163
1041,25,-14.569478
1041,26,5.430229
1041,29,-2.945248
1042,5,9.420231
1042,10,-10.32747
1042,13,1.326914
1042,15,-6.324767
1042,16,12.497163
1042,18,6.40165
1042,20,-6.025943
1042,25,-14.223116
1042,26,5.083145
1042,29,-2.632908
1043,5,9.705908
1043,10,-10.577925
1043,13,1.694271
1043,15,-6.035703
1043,16,12.263653
1043,18,6.283228
1043,20,-6.216715
1043,25,-14.283206
1043,26,4.770235
1043,29,-2.47988
1044,5,10.278427
1044,10,-11.074832
1044,13,2.500138
1044,15,-5.356571
1044,16,11.653099
1044,18,5.960413
1044,20,-6.617209
1044,25,-14.325217
1044,26,4.028338
1044,29,-2.130461
1045,5,10.662066
1045,10,-11.339829
1045,13,3.09609
1045,15,-4.790453
1045,18,5.814406
1045,20,-6.777723
1045,25,-14.258195
1045,26,3.559681
1045,29,-1.770261
1046,5,10.741688
1046,10,-11.476695
1046,13,3.164846
1046,15,-4.7907
1046,16,11.134226
1046,18,5.683461
1046,20,-6.945205
1046,25,-14.349294
1046,26,3.404772
1046,29,-1.847096
1047,5,10.782537
1047,10,-11.512878
1047,13,3.151117
1047,15,-4.841755
1047,16,11.240982
1047,18,5.757445
1047,20,-6.946792
1047,25,-14.42944
1047,26,3.477274
1047,29,-1.858597
1048,5,10.665183
1048,10,-11.357891
1048,13,3.039702
1048,15,-4.881521
1048,18,5.86563
1048,20,-6.783859
1048,25,-14.339071
1048,26,3.633193
1048,29,-1.831692
1049,5,10.781096
1049,10,-11.396489
1049,13,3.226597
1049,15,-4.680904
1049,16,11.217521
1049,18,5.902409
1049,20,-6.755593
1049,25,-14.290727
1049,26,3.557552
1049,29,-1.660126
1050,5,10.594508
1050,10,-11.165892
1050,13,3.080202
1050,15,-4.709081
1050,16,11.254795
1050,18,5.997533
1050,20,-6.539061
1050,25,-14.12219
1050,26,3.72088
1050,29,-1.625123
1051,5,10.520905
1051,10,-11.140608
1051,13,3.072756
1051,15,-4.684479
1051,18,5.824669
1051,20,-6.598315
1051,25,-14.041462
1051,26,3.570002
1051,29,-1.691297
1052,5,10.527506
1052,10,-11.154764
1052,13,3.213123
1052,15,-4.501119
1052,16,10.79558
1052,18,5.62372
1052,20,-6.669901
1052,25,-13.91285
1052,26,3.309895
1052,29,-1.646627
1053,5,10.398601
1053,10,-10.977449
1053,13,3.14441
1053,15,-4.467126
1053,16,10.774685
1053,18,5.684099
1053,20,-6.498544
1053,25,-13.753515
1053,26,3.398728
1053,29,-1.582099
1054,5,10.428962
1054,10,-10.944516
1054,13,3.231028
1054,15,-4.341762
1054,16,10.720971
1054,18,5.735768
1054,20,-6.423446
1054,25,-13.679961
1054,26,3.392775
1054,29,-1.458534
1055,5,10.454745
1055,10,-10.866334
1055,13,3.32185
1055,15,-4.186448
1055,16,10.698444
1055,18,5.864675
1055,20,-6.27058
1055,25,-13.572319
1055,26,3.452211
1055,29,-1.270636
1056,5,10.466959
1056,10,-10.961478
1056,13,3.245976
1056,15,-4.343821
1056,16,10.783352
1056,18,5.803705
1056,20,-6.403389
1056,25,-13.719741
1056,26,3.441693
1056,29,-1.436466
1057,5,10.547907
1057,10,-11.099435
1057,13,3.313271
1057,15,-4.34687
1057,16,10.71642
1057,18,5.676577
1057,20,-6.570415
1057,25,-13.81386
1057,26,3.2908
1057,29,-1.513668
1058,5,10.404459
1058,10,-10.930881
1058,13,3.177716
1058,15,-4.404946
1058,16,10.783882
1058,18,5.762628
1058,20,-6.411476
1058,25,-13.713869
1058,26,3.441104
1058,29,-1.510934
1059,5,10.414624
1059,10,-10.862563
1059,13,3.217523
1059,15,-4.320071
1059,16,10.811899
1059,18,5.889675
1059,20,-6.280932
1059,25,-13.648583
1059,26,3.528391
1059,29,-1.381024
1060,5,10.393343
1060,10,-10.829101
1060,13,3.333905
1060,15,-4.136804
1060,16,10.545084
1060,18,5.734091
1060,20,-6.29436
1060,25,-13.488749
1060,26,3.321511
1060,29,-1.310785
1061,5,10.435799
1061,10,-10.893367
1061,13,3.357229
1061,15,-4.151352
1061,18,5.701783
1061,20,-6.361597
1061,25,-13.547514
1061,26,3.278869
1061,29,-1.346372
1062,5,10.357657
1062,10,-10.882521
1062,13,3.351623
1062,15,-4.129656
1062,16,10.342816
1062,18,5.480119
1062,20,-6.456082
1062,25,-13.466973
1062,26,3.083889
1062,29,-1.438675
1063,5,10.249571
1063,10,-10.807602
1063,13,3.289237
1063,15,-4.144759
1063,16,10.248327
1063,18,5.377825
1063,20,-6.451206
1063,25,-13.378973
1063,26,3.02655
1063,29,-1.498459
1064,5,10.051224
1064,10,-10.523843
1064,15,-4.141778
1064,16,10.313431
1064,18,5.548938
1064,20,-6.151273
1064,25,-13.168426
1064,26,3.256794
1064,29,-1.397609
1065,5,9.709669
1065,10,-9.91815
1065,15,-3.985578
1065,16,10.42328
1065,18,6.005113
1065,20,-5.437853
1065,25,-12.67073
1065,26,3.757798
1065,29,-1.014347
1066,10,-9.362968
1066,15,-4.391559
1066,16,10.848631
1066,18,6.350267
1066,20,-4.927296
1066,25,-12.457287
1066,26,4.409334
1066,29,-1.138026
1067,10,-9.118078
1067,13,2.040764
1067,15,-4.612632
1067,16,11.083281
1067,18,6.52331
1067,20,-4.700135
1067,25,-12.390473
1067,26,4.732759
1067,29,-1.218308
1068,5,8.517013
1068,10,-8.771544
1068,13,1.491125
1068,15,-5.062466
1068,16,11.39818
1068,18,6.632173
1068,20,-4.47154
1068,25,-12.322204
1068,26,5.140174
1068,29,-1.505249
1069,5,8.196298
1069,10,-8.561574
1069,13,1.070292
1069,15,-5.437594
1069,16,11.599149
1069,18,6.623697
1069,20,-4.389097
1069,25,-12.309816
1069,26,5.371313
1069,29,-1.798337
1070,5,7.641749
1070,10,-7.976068
1070,13,0.487537
1070,15,-5.774032
1070,16,11.903752
1070,18,6.891151
1070,20,-3.879258
1070,25,-12.013784
1070,26,5.935645
1070,29,-1.901174
1071,5,7.261084
1071,10,-7.701661
1071,13,0.076044
1071,15,-6.084812
1071,16,11.985866
1071,18,6.81441
1071,20,-3.768042
1071,25,-11.892312
1071,26,6.100336
1071,29,-2.170591
1072,5,7.015692
1072,10,-7.604603
1072,13,-0.206018
1072,15,-6.348614
1072,16,11.979802
1072,18,6.615189
1072,20,-3.842016
1072,25,-11.875641
1072,26,6.084227
1072,29,-2.473712
1073,5,6.322549
1073,10,-6.698192
1073,13,-0.839164
1073,15,-6.55029
1073,16,12.36743
1073,18,7.196627
1073,20,-2.909108
1073,25,-11.311099
1073,26,6.952548
1073,29,-2.294818
1074,5,5.674752
1074,10,-6.041294
1074,13,-1.565222
1074,15,-7.01966
1074,16,12.787564
1074,18,7.512358
1074,20,-2.347537
1074,25,-11.027561
1074,26,7.642339
1074,29,-2.475469
1075,5,5.370752
1075,10,-5.768418
1075,13,-2.015798
1075,15,-7.410495
1075,16,13.176627
1075,18,7.735128
1075,20,-2.108179
1075,25,-11.031261
1075,26,8.09593
1075,29,-2.66564
1076,5,5.368494
1076,10,-5.821321
1076,13,-2.299695
1076,15,-7.830839
1076,16,13.71097
1076,18,8.004013
1076,20,-2.100555
1076,25,-11.360342
1076,26,8.498492
1076,29,-2.881407
1077,5,5.371034
1077,10,-5.946985
1077,13,-2.581881
1077,15,-8.286643
1077,16,14.168862
1077,18,8.128338
1077,20,-2.225271
1077,25,-11.73183
1077,26,8.772815
1077,29,-3.200115
1078,5,4.730639
1078,10,-5.24524
1078,13,-3.363022
1078,15,-8.812974
1078,16,14.782442
1078,18,8.641034
1078,20,-1.545255
1078,25,-11.491465
1078,26,9.66939
1078,29,-3.329134
1079,5,4.272822
1079,10,-5.023146
1079,13,-4.087481
1079,15,-9.558762
1079,18,8.629392
1079,20,-1.527577
1079,25,-11.645124
1079,26,10.074395
1079,29,-3.9195
1080,5,3.73619
1080,10,-4.423685
1080,13,-4.603068
1080,15,-9.80197
1080,18,8.892731
1080,20,-0.990567
1080,25,-11.291602
1080,26,10.598305
1080,29,-3.947987
1081,5,3.111785
1081,10,-3.900982
1081,13,-5.258971
1081,15,-10.249098
1081,16,15.654196
1081,20,-0.677613
1081,25,-11.031677
1081,26,10.974285
1081,29,-4.269082
1082,5,2.781834
1082,10,-3.584438
1082,13,-5.533758
1082,15,-10.366631
1082,16,15.647444
1082,18,8.887654
1082,20,-0.463313
1082,25,-10.798725
1082,26,11.121462
1082,29,-4.347333
1083,5,2.21849
1083,10,-2.932292
1083,13,-6.057587
1083,15,-10.586571
1083,16,15.884155
1083,20,0.137128
1083,25,-10.397158
1083,26,11.684412
1083,29,-4.334478
1084,5,1.637469
1084,10,-2.296324
1084,13,-6.552085
1084,15,-10.768089
1084,16,15.987204
1084,18,9.358481
1084,20,0.668388
1084,25,-9.953829
1084,26,12.112852
1084,29,-4.355186
1085,5,0.979757
1085,10,-1.546567
1085,13,-7.104919
1085,15,-10.948984
1085,16,16.124852
1085,18,9.604832
1085,20,1.323979
1085,25,-9.42846
1085,26,12.642634
1085,29,-4.329818
1086,5,0.285492
1086,10,-0.914591
1086,13,-7.680986
1086,15,-11.208403
1086,16,16.062147
1086,18,9.5082
1086,20,1.708438
1086,25,-8.94968
1086,26,12.883262
1086,29,-4.539054
1087,5,-0.216702
1087,10,-0.602476
1087,13,-8.465263
1087,15,-11.978611
1087,16,16.624124
1087,18,9.628897
1087,20,1.854271
1087,25,-9.070996
1087,26,13.440896
1087,29,-5.078637
1088,5,-0.288648
1088,10,-0.573707
1088,13,-8.697578
1088,15,-12.265066
1088,16,16.943563
1088,18,9.776834
1088,20,1.892179
1088,25,-9.227705
1088,26,13.70697
1088,29,-5.238946
1089,5,-0.417742
1089,10,-0.546641
1089,13,-9.078965
1089,15,-12.74052
1089,16,17.408941
1089,18,9.93985
1089,20,1.899098
1089,25,-9.481004
1089,26,14.072698
1089,29,-5.543883
1090,5,-0.094763
1090,10,-1.013839
1090,13,-9.279919
1090,15,-13.359659
1090,16,18.231629
1090,18,10.254194
1090,20,1.574524
1090,25,-10.299407
1090,26,14.473824
1090,29,-5.930237
1091,5,0.330955
1091,10,-1.548621
1091,13,-9.113931
1091,15,-13.536682
1091,16,18.496394
1091,18,10.251796
1091,20,1.131757
1091,25,-10.876208
1091,26,14.382412
1091,29,-6.117696
1092,5,0.516444
1092,10,-1.734073
1092,13,-9.055578
1092,15,-13.610959
1092,16,18.70119
1092,18,10.373548
1092,20,1.035397
1092,25,-11.120113
1092,26,14.459477
1092,29,-6.137314
1093,5,0.939408
1093,10,-2.169082
1093,13,-8.752923
1093,15,-13.547973
1093,16,18.787675
1093,18,10.391085
1093,20,0.725305
1093,25,-11.496458
1093,26,14.305346
1093,29,-6.115566
1094,5,1.075787
1094,10,-2.361518
1094,13,-8.732865
1094,15,-13.662613
1094,18,10.390231
1094,20,0.556402
1094,25,-11.730616
1094,26,14.295743
1094,29,-6.226429
1095,5,1.055669
1095,10,-2.447617
1095,13,-8.80048
1095,15,-13.794489
1095,18,10.23076
1095,20,0.388401
1095,25,-11.829568
1095,26,14.195036
1095,29,-6.417978
1096,5,0.937897
1096,10,-2.395984
1096,13,-8.758711
1096,15,-13.673726
1096,18,9.901678
1096,20,0.292674
1096,25,-11.631857
1096,26,13.879113
1096,29,-6.476273
1097,5,0.75166
1097,10,-2.13689
1097,13,-8.920159
1097,15,-13.710416
1097,16,18.641242
1097,18,10.080119
1097,20,0.569862
1097,25,-11.46749
1097,26,14.128936
1097,29,-6.404741
1098,5,0.682426
1098,10,-2.141952
1098,13,-8.976924
1098,15,-13.77078
1098,18,9.921588
1098,20,0.478058
1098,25,-11.458032
1098,26,14.021987
1098,29,-6.531974
1099,5,1.002359
1099,10,-2.406946
1099,13,-8.661258
1099,15,-13.57144
1099,18,9.954989
1099,20,0.331849
1099,25,-11.618011
1099,26,13.872166
1099,29,-6.380548
1100,5,1.587739
1100,10,-2.847206
1100,13,-8.104702
1100,15,-13.212257
1100,18,10.141956
1100,20,0.157641
1100,25,-11.906757
1100,26,13.720618
1100,29,-6.042302
1101,5,2.080916
1101,10,-3.221336
1101,13,-7.663862
1101,15,-12.950612
1101,18,10.331285
1101,20,0.015889
1101,25,-12.182543
1101,26,13.637369
1101,29,-5.776245
1102,5,2.747334
1102,10,-4.008814
1102,13,-7.02195
1102,15,-12.670548
1102,16,18.265859
1102,18,9.909724
1102,20,-0.732882
1102,25,-12.649083
1102,26,12.899513
1102,29,-5.816232
1103,5,3.445807
1103,10,-4.70841
1103,13,-6.390126
1103,15,-12.372052
1103,18,9.79809
1103,20,-1.261106
1103,25,-13.117026
1103,26,12.441287
1103,29,-5.688577
1104,5,3.896053
1104,10,-5.041318
1104,13,-6.073463
1104,15,-12.248553
1104,16,18.40834
1104,18,10.108229
1104,20,-1.339991
1104,25,-13.456927
1104,26,12.536188
1104,29,-5.473868
1105,5,4.457607
1105,10,-5.675011
1105,13,-5.402934
1105,15,-11.817476
1105,16,17.879024
1105,18,9.63976
1105,20,-1.96485
1105,25,-13.696147
1105,26,11.737861
1105,29,-5.402914
1106,5,4.717188
1106,10,-5.825902
1106,13,-4.928054
1106,15,-11.319762
1106,16,17.457344
1106,18,9.505844
1106,20,-2.046968
1106,25,-13.559475
1106,26,11.345042
1106,29,-5.082507
1107,5,5.053674
1107,10,-6.029499
1107,13,-4.179342
1107,15,-10.492306
1107,16,16.615431
1107,18,9.131387
1107,20,-2.221364
1107,25,-13.242028
1107,26,10.580337
1107,29,-4.614618
1108,5,5.180543
1108,10,-5.911645
1108,13,-3.534099
1108,15,-9.580189
1108,16,15.762567
1108,18,8.914903
1108,20,-2.057948
1108,25,-12.63593
1108,26,10.012696
1108,29,-3.978506
1109,5,5.293671
1109,10,-5.802502
1109,13,-2.988892
1109,15,-8.806935
1109,16,15.071635
1109,18,8.772382
1109,20,-1.892527
1109,25,-12.126061
1109,26,9.568691
1109,29,-3.419615
1110,5,5.399725
1110,10,-5.841508
1110,13,-2.459738
1110,15,-8.126066
1110,16,14.212277
1110,18,8.306014
1110,20,-2.014793
1110,25,-11.700422
1110,26,8.84792
1110,29,-3.098709
1111,5,5.529407
1111,10,-5.888969
1111,13,-2.040418
1111,15,-7.610329
1111,16,13.647523
1111,18,8.049721
1111,20,-2.074071
1111,25,-11.423539
1111,26,8.377228
1111,29,-2.812267
1112,5,5.469244
1112,10,-5.81772
1112,13,-1.982821
1112,15,-7.476145
1112,16,13.434809
1112,18,7.929756
1112,20,-2.051336
1112,25,-11.261107
1112,26,8.236377
1112,29,-2.758531
1113,5,5.691342
1113,10,-5.871167
1113,13,-1.804559
1113,15,-7.330915
1113,16,13.654036
1113,18,8.294705
1113,20,-1.886761
1113,25,-11.351158
1113,26,8.456722
1113,29,-2.478702
1114,5,6.451882
1114,10,-6.617022
1114,13,-1.242684
1114,15,-7.173017
1114,16,13.811296
1114,18,8.382289
1114,20,-2.381466
1114,25,-11.987358
1114,26,8.213962
1114,29,-2.375382
1115,5,7.120888
1115,10,-7.081032
1115,13,-0.662091
1115,15,-6.819984
1115,16,14.001274
1115,18,8.75957
1115,20,-2.483235
1115,25,-12.357854
1115,26,8.214735
1115,29,-1.956926
1116,5,7.97803
1116,10,-8.096288
1116,13,-0.174999
1116,15,-6.931169
1116,16,14.276162
1116,18,8.678756
1116,20,-3.317089
1116,25,-13.320169
1116,26,7.867707
1116,29,-2.171402
1117,5,8.155138
1117,10,-8.494837
1117,13,-0.019038
1117,15,-6.970327
1117,16,13.984315
1117,18,8.174739
1117,20,-3.871916
1117,25,-13.557127
1117,26,7.332336
1117,29,-2.475601
1118,5,8.715747
1118,10,-9.108659
1118,13,0.345794
1118,15,-6.954479
1118,16,14.127466
1118,18,8.16802
1118,20,-4.339327
1118,25,-14.112692
1118,26,7.118367
1118,29,-2.520816
1119,5,9.339887
1119,10,-9.767874
1119,13,0.798737
1119,15,-6.859578
1119,16,14.216067
1119,18,8.148793
1119,20,-4.831978
1119,25,-14.668232
1119,26,6.84223
1119,29,-2.512376
1120,5,10.332694
1120,10,-10.824809
1120,13,1.638499
1120,15,-6.54519
1120,16,14.089531
1120,18,7.935181
1120,20,-5.678974
1120,25,-15.424927
1120,26,6.171569
1120,29,-2.451629
1121,5,10.685139
1121,10,-11.164429
1121,13,2.090031
1121,15,-6.202853
1121,16,13.76113
1121,18,7.726312
1121,20,-5.971818
1121,25,-15.512316
1121,26,5.724999
1121,29,-2.306843
1122,5,10.707915
1122,10,-11.08154
1122,13,2.30731
1122,15,-5.868189
1122,16,13.468221
1122,18,7.683456
1122,20,-5.863975
1122,25,-15.265744
1122,26,5.558621
1122,29,-2.055527
1123,5,9.853921
1123,10,-10.39197
1123,13,1.700861
1123,15,-6.08637
1123,16,13.061869
1123,18,7.229693
1123,20,-5.600409
1123,25,-14.605561
1123,26,5.502316
1123,29,-2.389336
1124,5,9.296508
1124,10,-10.044779
1124,13,1.515522
1124,15,-5.985053
1124,16,12.218467
1124,18,6.418795
1124,20,-5.708383
1124,25,-13.998574
1124,26,4.886893
1124,29,-2.661031
1125,5,8.586981
1125,10,-9.216853
1125,13,1.343111
1125,15,-5.578934
1125,16,11.485198
1125,18,6.141753
1125,20,-5.13254
1125,25,-12.964277
1125,26,4.734258
1125,29,-2.398045
1126,5,8.20607
1126,10,-8.540463
1126,13,1.219504
1126,15,-5.292035
1126,18,6.542851
1126,20,-4.367113
1126,25,-12.329277
1126,26,5.156207
1126,29,-1.927365
1127,5,7.12367
1127,10,-7.519411
1127,15,-5.292612
1127,16,10.79933
1127,18,6.087223
1127,20,-3.809708
1127,25,-11.259266
1127,26,5.106473
1127,29,-2.057268
1128,5,6.391663
1128,10,-7.466284
1128,15,-5.95959
1128,18,4.737683
1128,20,-4.551721
1128,25,-11.12715
1128,26,4.301616
1128,29,-3.22012
1129,5,5.935134
1129,10,-7.204047
1129,13,-0.653843
1129,15,-6.477528
1129,18,4.606545
1129,20,-4.515731
1129,25,-11.097673
1129,26,4.517001
1129,29,-3.678307
1130,10,-7.187923
1130,13,-0.363357
1130,15,-6.157037
1130,16,10.504742
1130,18,5.114574
1130,20,-4.194993
1130,25,-11.083791
1130,26,4.79781
1130,29,-3.186135
1131,10,-6.896723
1131,13,-0.76231
1131,15,-6.459534
1131,16,10.727434
1131,18,5.214551
1131,20,-3.983209
1131,25,-10.99406
1131,26,5.116325
1131,29,-3.361178
1132,5,5.432024
1132,10,-6.450605
1132,13,-1.270385
1132,15,-6.802683
1132,16,11.058165
1132,18,5.455967
1132,20,-3.592839
1132,25,-10.824567
1132,26,5.623071
1132,29,-3.48995
1133,5,4.858516
1133,10,-5.887562
1133,13,-1.90067
1133,15,-7.212895
1133,16,11.388552
1133,18,5.676415
1133,20,-3.136552
1133,25,-10.573871
1133,26,6.181893
1133,29,-3.672313
1134,5,4.460045
1134,10,-5.370124
1134,13,-2.321465
1134,15,-7.413208
1134,16,11.739215
1134,18,6.082203
1134,20,-2.584544
1134,25,-10.320363
1134,26,6.783612
1134,29,-3.603728
1135,5,3.968646
1135,10,-4.96781
1135,13,-2.909891
1135,15,-7.871602
1135,16,12.027297
1135,18,6.162549
1135,20,-2.327797
1135,25,-10.198009
1135,26,7.195181
1135,29,-3.903501
1136,5,3.92815
1136,10,-4.986237
1136,13,-3.196462
1136,15,-8.26905
1136,16,12.500826
1136,18,6.385049
1136,20,-2.310845
1136,25,-10.475225
1136,26,7.559635
1136,29,-4.124675
1137,5,3.638396
1137,10,-4.715889
1137,13,-3.707375
1137,15,-8.75367
1137,16,13.065867
1137,18,6.731144
1137,20,-2.031
1137,25,-10.567159
1137,26,8.162942
1137,29,-4.333877
1138,5,3.403752
1138,10,-4.448515
1138,13,-4.054037
1138,15,-9.02908
1138,16,13.440251
1138,18,7.024988
1138,20,-1.738119
1138,25,-10.545718
1138,26,8.624267
1138,29,-4.399305
1139,5,2.900125
1139,10,-4.039313
1139,13,-4.587364
1139,15,-9.402971
1139,16,13.582131
1139,20,-1.508649
1139,25,-10.346056
1139,26,8.914484
1139,29,-4.677279
1140,5,2.685054
1140,10,-3.819311
1140,13,-4.797518
1140,15,-9.51698
1140,16,13.66286
1140,20,-1.330808
1140,25,-10.221509
1140,26,9.094551
1140,29,-4.722316
1141,5,2.080453
1141,10,-3.314614
1141,13,-5.321824
1141,15,-9.796544
1141,16,13.599913
1141,18,6.914153
1141,20,-1.075636
1141,25,-9.847879
1141,26,9.259535
1141,29,-4.978163
1142,5,1.709683
1142,10,-3.027273
1142,13,-5.592801
1142,15,-9.908373
1142,16,13.425622
1142,18,6.700277
1142,20,-0.981551
1142,25,-9.575245
1142,26,9.226606
1142,29,-5.144605
1143,5,1.247896
1143,10,-2.564187
1143,13,-6.072797
1143,15,-10.196341
1143,18,6.860789
1143,20,-0.60651
1143,25,-9.340065
1143,26,9.647126
1143,29,-5.264304
1144,5,0.581681
1144,10,-1.786705
1144,13,-6.733098
1144,15,-10.513306
1144,18,7.287448
1144,20,0.131192
1144,25,-8.911805
1144,26,10.407688
1144,29,-5.256731
1145,5,0.133527
1145,10,-1.195918
1145,13,-7.165347
1145,15,-10.677722
1145,16,14.35252
1145,18,7.706594
1145,20,0.75262
1145,25,-8.579414
1145,26,11.029655
1145,29,-5.14624
1146,5,-0.413066
1146,10,-0.585117
1146,13,-7.595669
1146,15,-10.79496
1146,16,14.396003
1146,18,7.843613
1146,20,1.261863
1146,25,-8.119935
1146,26,11.400249
1146,29,-5.126
1147,5,-1.20549
1147,10,0.311422
1147,13,-8.197046
1147,15,-10.927361
1147,16,14.423284
1147,18,8.035263
1147,20,2.012218
1147,25,-7.422435
1147,26,11.918093
1147,29,-5.067236
1148,5,-1.555087
1148,10,0.881346
1148,13,-8.45669
1148,15,-10.894827
1148,16,14.6442
1148,18,8.494364
1148,20,2.675203
1148,25,-7.027298
1148,26,12.475479
1148,29,-4.781341
1149,5,-2.655037
1149,10,2.205097
1149,13,-9.357096
1149,15,-11.132126
1149,16,14.92296
1149,18,9.024709
1149,20,3.894533
1149,25,-6.09241
1149,26,13.46725
1149,29,-4.612601
1150,5,-3.444405
1150,10,2.947507
1150,13,-9.888263
1150,15,-11.241349
1150,16,14.614979
1150,18,8.791524
1150,20,4.32634
1150,25,-5.39507
1150,26,13.568692
1150,29,-4.743656
1151,5,-3.45567
1151,10,2.97857
1151,13,-9.87203
1151,15,-11.201368
1151,16,14.588567
1151,18,8.800397
1151,20,4.362458
1151,25,-5.352783
1151,26,13.568343
1151,29,-4.706658
1152,5,-3.575934
1152,10,3.043871
1152,13,-9.817667
1152,15,-11.052401
1152,16,14.192308
1152,18,8.47337
1152,20,4.283119
1152,25,-5.123416
1152,26,13.247449
1152,29,-4.733149
1153,5,-3.453077
1153,10,2.91697
1153,13,-9.676268
1153,15,-10.960348
1153,16,14.103209
1153,18,8.403908
1153,20,4.17108
1153,25,-5.176812
1153,26,13.105047
1153,29,-4.704307
1154,5,-3.166999
1154,10,2.579479
1154,13,-9.452508
1154,15,-10.912093
1154,16,14.065847
1154,18,8.295484
1154,20,3.871354
1154,25,-5.432403
1154,26,12.880696
1154,29,-4.747656
1155,5,-2.909049
1155,10,2.26319
1155,13,-9.250332
1155,15,-10.87389
1155,16,14.016354
1155,18,8.17087
1155,20,3.577997
1155,25,-5.668338
1155,26,12.6544
1155,29,-4.804699
1156,5,-2.923456
1156,10,2.261246
1156,13,-9.163769
1156,15,-10.74963
1156,16,13.786386
1156,18,7.999839
1156,20,3.518155
1156,25,-5.560138
1156,26,12.453225
1156,29,-4.785255
1157,5,-2.718637
1157,10,2.16013
1157,13,-8.899222
1157,15,-10.501388
1157,16,13.712343
1157,18,8.086565
1157,20,3.531497
1157,25,-5.562913
1157,26,12.377006
1157,29,-4.556733
1158,5,-2.656057
1158,10,2.181433
1158,13,-8.772181
1158,15,-10.336677
1158,16,13.658154
1158,18,8.163981
1158,20,3.617404
1158,25,-5.490669
1158,26,12.37249
1158,29,-4.388665
1159,5,-2.865362
1159,10,2.271677
1159,13,-8.922645
1159,15,-10.431343
1159,16,13.464658
1159,18,7.881348
1159,20,3.531446
1159,25,-5.368359
1159,26,12.210612
1159,29,-4.588118
1160,5,-2.108281
1160,10,1.992482
1160,13,-8.095337
1160,15,-9.675744
1160,16,13.627706
1160,18,8.617535
1160,20,3.821434
1160,25,-5.492047
1160,26,12.381775
1160,29,-3.669976
1161,5,-1.851417
1161,10,1.934205
1161,13,-7.895151
1161,15,-9.516362
1161,16,13.905973
1161,18,9.058909
1161,20,4.021846
1161,25,-5.608495
1161,26,12.65759
1161,29,-3.347184
1162,5,-2.068294
1162,10,2.114589
1162,13,-8.09129
1162,15,-9.629435
1162,16,13.902673
1162,18,9.012492
1162,20,4.115292
1162,25,-5.485662
1162,26,12.73179
1162,29,-3.445174
1163,5,-1.872841
1163,10,1.935484
1163,13,-7.990208
1163,15,-9.645233
1163,16,14.055529
1163,18,9.123339
1163,20,4.029914
1163,25,-5.694829
1163,26,12.772649
1163,29,-3.425999
1164,5,-1.735763
1164,10,1.839277
1164,13,-7.844887
1164,15,-9.538
1164,16,14.040004
1164,18,9.163023
1164,20,3.996931
1164,25,-5.746726
1164,26,12.724115
1164,29,-3.332633
1165,5,-1.341847
1165,10,1.519252
1165,13,-7.633648
1165,15,-9.538038
1165,16,14.380246
1165,18,9.46573
1165,20,3.900174
1165,25,-6.137523
1165,29,-3.226474
1166,5,-1.390661
1166,10,1.755873
1166,13,-7.79714
1166,15,-9.639397
1166,16,14.890472
1166,18,10.051383
1166,20,4.344677
1166,25,-6.15451
1166,29,-3.021482
1167,5,-1.68924
1167,10,1.918514
1167,13,-8.300204
1167,15,-10.163763
1167,16,15.280994
1167,18,10.120918
1167,20,4.401516
1167,25,-6.282056
1167,26,13.844306
1167,29,-3.399867
1168,5,-1.894338
1168,10,1.962424
1168,13,-8.647073
1168,15,-10.558791
1168,16,15.467054
1168,18,10.021506
1168,20,4.311131
1168,25,-6.403707
1168,26,13.960494
1168,29,-3.762077
1169,5,-2.053858
1169,10,2.074165
1169,13,-9.023483
1169,15,-10.979762
1169,16,15.942789
1169,18,10.262164
1169,20,4.432043
1169,25,-6.581811
1169,26,14.395769
1169,29,-3.983947
1170,5,-2.124686
1170,10,2.056269
1170,13,-9.284469
1170,15,-11.332288
1170,16,16.273942
1170,18,10.35051
1170,20,4.393739
1170,25,-6.798513
1170,26,14.628558
1170,29,-4.232237
1171,5,-2.050902
1171,10,1.968948
1171,13,-9.34471
1171,15,-11.487768
1171,16,16.522918
1171,18,10.485353
1171,20,4.363053
1171,25,-6.998838
1171,26,14.785055
1171,29,-4.307104
1172,5,-2.164541
1172,10,2.263829
1172,13,-9.452452
1172,15,-11.459764
1172,16,16.790181
1172,18,10.908769
1172,20,4.798368
1172,25,-6.850617
1172,26,15.224734
1172,29,-4.066911
1173,5,-2.026005
1173,10,2.133888
1173,13,-9.363172
1173,15,-11.448486
1173,16,16.858432
1173,18,10.956746
1173,20,4.725294
1173,25,-6.982891
1173,26,15.216499
1173,29,-4.051021
1174,5,-2.181806
1174,10,2.315725
1174,13,-9.492498
1174,15,-11.489382
1174,16,16.899522
1174,18,11.022385
1174,20,4.88809
1174,25,-6.859599
1174,26,15.351605
1174,29,-4.039765
1175,5,-2.319234
1175,10,2.412507
1175,13,-9.689117
1175,15,-11.672423
1175,16,17.034261
1175,18,11.054456
1175,20,4.942542
1175,25,-6.872228
1175,26,15.49665
1175,29,-4.166418
1176,5,-2.358252
1176,10,2.4402
1176,13,-9.824067
1176,15,-11.837467
1176,16,17.247938
1176,18,11.173769
1176,20,4.990105
1176,25,-6.967103
1176,26,15.683106
1176,29,-4.245528
1177,5,-2.434854
1177,10,2.425147
1177,13,-9.984292
1177,15,-12.04471
1177,20,4.90837
1177,25,-7.063927
1177,26,15.721946
1177,29,-4.445876
1178,5,-2.435983
1178,10,2.331071
1178,13,-10.020689
1178,15,-12.142474
1178,16,17.306307
1178,20,4.740955
1178,25,-7.150304
1178,26,15.602771
1178,29,-4.609076
1179,5,-2.596268
1179,10,2.289937
1179,13,-10.341676
1179,15,-12.558232
1179,16,17.464532
1179,20,4.545394
1179,25,-7.336139
1179,26,15.637256
1179,29,-5.030597
1180,5,-2.742225
1180,10,2.326566
1180,13,-10.542435
1180,15,-12.772623
1180,16,17.504955
1180,18,10.65162
1180,20,4.473021
1180,25,-7.370114
1180,26,15.647368
1180,29,-5.258545
1181,5,-3.411865
1181,10,2.515217
1181,13,-11.386743
1181,15,-13.630385
1181,16,17.53386
1181,18,10.024793
1181,20,4.148905
1181,25,-7.414652
1181,26,15.588369
1181,29,-6.218955
1182,5,-3.864321
1182,10,2.801164
1182,13,-11.839102
1182,15,-13.968646
1182,16,17.501226
1182,18,9.786888
1182,20,4.186974
1182,25,-7.242647
1182,26,15.644311
1182,29,-6.574583
1183,5,-3.821351
1183,10,2.663155
1183,13,-11.83225
1183,15,-14.042352
1183,18,9.615294
1183,20,3.98525
1183,25,-7.353588
1183,26,15.489707
1183,29,-6.727476
1184,5,-3.866207
1184,10,2.646978
1184,13,-11.941455
1184,15,-14.189806
1184,16,17.528079
1184,18,9.582644
1184,20,3.929375
1184,25,-7.432062
1184,26,15.526551
1184,29,-6.865297
1185,5,-3.716493
1185,10,2.44889
1185,13,-12.000523
1185,15,-14.424728
1185,16,17.865675
1185,18,9.722224
1185,20,3.801628
1185,25,-7.774315
1185,26,15.686967
1185,29,-7.013577
1186,5,-3.748826
1186,10,2.467665
1186,13,-12.109858
1186,15,-14.560545
1186,18,9.808113
1186,20,3.832006
1186,25,-7.852764
1186,26,15.82911
1186,29,-7.085203
1187,5,-3.782357
1187,10,2.394384
1187,13,-12.224624
1187,15,-14.747152
1187,18,9.694602
1187,20,3.686048
1187,25,-7.97689
1187,26,15.797518
1187,29,-7.296803
1188,5,-3.700087
1188,10,2.192538
1188,13,-12.316059
1188,15,-15.004658
1188,18,9.647849
1188,20,3.460965
1188,25,-8.274404
1188,26,15.811532
1188,29,-7.548083
1189,5,-3.824939
1189,10,2.282163
1189,13,-12.403763
1189,15,-15.041996
1189,18,9.554307
1189,20,3.477337
1189,25,-8.183345
1189,26,15.781674
1189,29,-7.614285
1190,5,-3.941017
1190,10,2.373061
1190,13,-12.617721
1190,15,-15.260627
1190,18,9.667197
1190,20,3.55985
1190,25,-8.244081
1190,26,16.00944
1190,29,-7.733668
1191,5,-4.024114
1191,10,2.284869
1191,13,-12.761519
1191,15,-15.476854
1191,18,9.396942
1191,20,3.321045
1191,25,-8.346038
1191,26,15.855851
1191,29,-8.04124
1192,5,-4.153242
1192,10,2.318974
1192,13,-12.953618
1192,15,-15.686509
1192,18,9.311082
1192,20,3.265869
1192,25,-8.39121
1192,26,15.894407
1192,29,-8.248426
1193,5,-4.207039
1193,10,2.223655
1193,13,-13.01505
1193,15,-15.800425
1193,18,9.007798
1193,20,3.025292
1193,25,-8.439689
1193,26,15.663017
1193,29,-8.48882
1194,5,-4.082233
1194,10,2.103283
1194,13,-12.79225
1194,15,-15.590642
1194,18,8.846336
1194,20,2.896334
1194,25,-8.400592
1194,26,15.390076
1194,29,-8.406441
1195,5,-3.974979
1195,10,2.002965
1195,13,-12.68795
1195,15,-15.53258
1195,18,8.835087
1195,20,2.826281
1195,25,-8.46409
1195,26,15.320248
1195,29,-8.377082
1196,5,-3.947329
1196,10,1.976532
1196,13,-12.685459
1196,15,-15.554008
1196,18,8.864585
1196,20,2.816961
1196,25,-8.511017
1196,26,15.346575
1196,29,-8.386323
1197,5,-3.871836
1197,10,1.808643
1197,13,-12.683396
1197,15,-15.660614
1197,20,2.60938
1197,25,-8.679718
1197,26,15.236838
1197,29,-8.547347
1198,5,-4.184302
1198,10,2.015635
1198,13,-13.106482
1198,15,-16.047146
1198,18,8.749445
1198,20,2.697821
1198,25,-8.681279
1198,26,15.49581
1198,29,-8.837561
1199,5,-4.373157
1199,10,2.180006
1199,13,-13.17157
1199,15,-15.993023
1199,20,2.750683
1199,25,-8.451806
1199,26,15.383315
1199,29,-8.857039
1200,5,-5.009851
1200,10,2.64059
1200,13,-13.589686
1200,15,-16.130947
1200,20,2.828109
1200,25,-7.933456
1200,26,15.17832
1200,29,-9.153721
1201,5,-5.766086
1201,10,3.147206
1201,13,-14.058395
1201,15,-16.273665
1201,18,7.331589
1201,20,2.831163
1201,25,-7.302658
1201,26,14.804432
1201,29,-9.549573
1202,5,-6.088223
1202,10,3.509608
1202,13,-13.971023
1202,15,-15.859692
1202,16,16.290021
1202,18,6.944659
1202,20,2.999458
1202,25,-6.648058
1202,26,14.411571
1202,29,-9.353779
1203,5,-6.63088
1203,10,3.942817
1203,13,-14.082721
1203,15,-15.611104
1203,16,15.42298
1203,18,6.259745
1203,25,-5.911652
1203,26,13.871735
1203,29,-9.417396
1204,5,-7.536753
1204,10,4.748863
1204,13,-14.404404
1204,15,-15.347551
1204,16,14.376761
1204,18,5.48689
1204,20,3.335946
1204,25,-4.796558
1204,26,13.37829
1204,29,-9.470021
1205,5,-7.903231
1205,10,5.176851
1205,13,-14.327612
1205,15,-14.900465
1205,16,13.635128
1205,18,5.112438
1205,20,3.566403
1205,25,-4.068753
1205,26,13.003104
1205,29,-9.233832
1206,5,-7.645005
1206,10,5.152691
1206,13,-13.880595
1206,15,-14.37721
1206,16,13.4278
1206,18,5.294489
1206,20,3.736712
1206,25,-3.89953
1206,26,12.902891
1206,29,-8.733015
1207,5,-7.29077
1207,10,4.970105
1207,13,-13.147404
1207,15,-13.558458
1207,16,12.684533
1207,18,5.048086
1207,20,3.635455
1207,25,-3.595033
1207,26,12.252947
1207,29,-8.200739
1208,5,-7.277735
1208,10,5.001845
1208,13,-12.832676
1208,15,-13.103258
1208,16,12.079825
1208,18,4.725011
1208,20,3.59066
1208,25,-3.243613
1208,26,11.782214
1208,29,-7.974578
1209,5,-7.243213
1209,10,5.021434
1209,13,-12.493478
1209,15,-12.627053
1209,16,11.472008
1209,18,4.412349
1209,20,3.545633
1209,25,-2.89641
1209,26,11.306187
1209,29,-7.727815
1210,5,-6.564666
1210,10,4.885612
1210,13,-11.645316
1210,15,-11.74659
1210,16,11.543594
1210,18,5.184917
1210,20,3.984901
1210,25,-2.849342
1210,26,11.492683
1210,29,-6.686296
1211,5,-6.857346
1211,10,5.19682
1211,13,-11.857105
1211,15,-11.791452
1211,16,11.509612
1211,18,5.196482
1211,20,4.21918
1211,25,-2.590264
1211,26,11.630477
1211,29,-6.686368
1212,5,-7.142271
1212,10,5.65004
1212,13,-11.815314
1212,15,-11.412692
1212,16,11.130039
1212,18,5.196715
1212,20,4.636888
1212,25,-1.99288
1212,26,11.608729
1212,29,-6.334237
1213,5,-6.976029
1213,10,5.779803
1213,13,-11.431579
1213,15,-10.871921
1213,16,10.977936
1213,18,5.502985
1213,20,4.987514
1213,25,-1.714361
1213,26,11.655989
1213,29,-5.748007
1214,5,-6.715952
1214,10,5.559526
1214,13,-11.043118
1214,15,-10.523764
1214,16,10.647795
1214,18,5.339179
1214,20,4.807412
1214,25,-1.697491
1214,26,11.282237
1214,29,-5.562724
1215,5,-7.076696
1215,10,6.047242
1215,13,-10.952813
1215,15,-10.03066
1215,16,9.971481
1215,18,5.097342
1215,20,5.155866
1215,25,-0.934327
1215,26,11.017019
1215,29,-5.221667
1216,5,-6.986064
1216,10,6.16729
1216,13,-10.780856
1216,15,-9.766326
1216,16,10.036435
1216,18,5.425142
1216,20,5.456676
1216,25,-0.805096
1216,26,11.208503
1216,29,-4.85033
1217,5,-7.042333
1217,10,6.44253
1217,13,-10.635857
1217,15,-9.4115
1217,16,9.907854
1217,18,5.646878
1217,20,5.84145
1217,25,-0.455106
1217,26,11.322139
1217,29,-4.436848
1218,5,-7.351044
1218,10,6.773401
1218,13,-10.752096
1218,15,-9.305015
1218,16,9.640481
1218,18,5.516557
1218,20,6.050726
1218,25,-0.058646
1218,26,11.277904
1218,29,-4.374629
1219,5,-7.672992
1219,10,7.126135
1219,13,-10.914109
1219,15,-9.248312
1219,16,9.461156
1219,18,5.454143
1219,20,6.300012
1219,25,0.311815
1219,26,11.321209
1219,29,-4.320072
1220,5,-7.856493
1220,10,7.38314
1220,13,-10.98598
1220,15,-9.161345
1220,16,9.388934
1220,18,5.514059
1220,20,6.541444
1220,25,0.568834
1220,26,11.419622
1220,29,-4.196626
1221,5,-7.971463
1221,10,7.628912
1221,13,-11.051614
1221,15,-9.097232
1221,16,9.501827
1221,18,5.767873
1221,20,6.86384
1221,25,0.740944
1221,26,11.686554
1221,29,-4.006864
1222,5,-8.392244
1222,10,8.06452
1222,13,-11.300434
1222,15,-9.087267
1222,16,9.314687
1222,18,5.6814
1222,20,7.155593
1222,25,1.173031
1222,26,11.760428
1222,29,-3.991673
1223,5,-8.522577
1223,10,8.097974
1223,13,-11.451905
1223,15,-9.238084
1223,16,9.288354
1223,18,5.532698
1223,20,7.080625
1223,25,1.178296
1223,26,11.720272
1223,29,-4.176163
1224,5,-8.893543
1224,10,8.332967
1224,13,-11.753164
1224,15,-9.41521
1224,16,9.106839
1224,18,5.239474
1224,20,7.08402
1224,25,1.403804
1224,26,11.641195
1224,29,-4.424565
1225,5,-8.945927
1225,10,8.506699
1225,13,-11.692663
1225,15,-9.229276
1225,16,9.042816
1225,18,5.366564
1225,20,7.313422
1225,25,1.609898
1225,26,11.720946
1225,29,-4.199597
1226,5,-8.414427
1226,10,8.39553
1226,13,-11.112692
1226,15,-8.662636
1226,16,9.282209
1226,18,6.080687
1226,20,7.682727
1226,25,1.544163
1226,26,12.013226
1226,29,-3.437255
1227,5,-8.390996
1227,10,8.50705
1227,13,-10.996431
1227,15,-8.455678
1227,16,9.250325
1227,18,6.244534
1227,20,7.886549
1227,25,1.690778
1227,26,12.09232
1227,29,-3.185746
1228,5,-8.663677
1228,10,8.921125
1228,13,-10.953826
1228,15,-8.09806
1228,16,8.856206
1228,18,6.198109
1228,20,8.247376
1228,25,2.257581
1228,26,12.029455
1228,29,-2.872959
1229,5,-9.024812
1229,10,9.240727
1229,13,-11.067752
1229,15,-7.972703
1229,16,8.404988
1229,18,5.865328
1229,20,8.353477
1229,25,2.7201
1229,26,11.804818
1229,29,-2.884304
1230,5,-9.401809
1230,10,9.673964
1230,13,-11.168104
1230,15,-7.769095
1230,16,8.024799
1230,18,5.713053
1230,20,8.648281
1230,25,3.265458
1230,29,-2.740305
1231,5,-9.634208
1231,10,9.867559
1231,13,-11.349455
1231,15,-7.848334
1231,16,7.957262
1231,18,5.621783
1231,20,8.736524
1231,25,3.433947
1231,26,11.762458
1231,29,-2.823755
1232,5,-9.685562
1232,10,10.003755
1232,13,-11.399932
1232,15,-7.838359
1232,16,8.091697
1232,18,5.823246
1232,20,8.939795
1232,25,3.495828
1232,29,-2.712097
1233,5,-9.962662
1233,10,10.187504
1233,13,-11.768037
1233,15,-8.171002
1233,16,8.282745
1233,18,5.82051
1233,20,9.015264
1233,25,3.503773
1233,26,12.193156
1233,29,-2.962684
1234,5,-10.029702
1234,10,10.226395
1234,13,-11.98126
1234,15,-8.432088
1234,16,8.59769
1234,18,5.979585
1234,20,9.072502
1234,25,3.359305
1234,26,12.463465
1234,29,-3.099676
1235,5,-9.989385
1235,10,10.185906
1235,13,-11.930444
1235,15,-8.395329
1235,16,8.561325
1235,18,5.953096
1235,20,9.036104
1235,25,3.34692
1235,29,-3.085658
1236,5,-10.178929
1236,10,10.437455
1236,13,-12.122104
1236,15,-8.479422
1236,16,8.72809
1236,18,6.14716
1236,20,9.305688
1236,25,3.471697
1236,26,12.701595
1236,29,-3.04112
1237,5,-10.376101
1237,10,10.584545
1237,13,-12.252262
1237,15,-8.520961
1237,16,8.59627
1237,18,5.998565
1237,20,9.337985
1237,25,3.634693
1237,29,-3.123866
1238,5,-10.50658
1238,10,10.639565
1238,13,-12.385767
1238,15,-8.635984
1238,16,8.558207
1238,18,5.871859
1238,20,9.296896
1238,25,3.67034
1238,29,-3.266373
1239,5,-10.628282
1239,10,10.805433
1239,13,-12.408361
1239,15,-8.544999
1239,16,8.450694
1239,18,5.866677
1239,20,9.438067
1239,25,3.866956
1239,26,12.631535
1239,29,-3.176588
1240,5,-10.3732
1240,10,10.51658
1240,13,-12.220432
1240,15,-8.511615
1240,16,8.454221
1240,18,5.812556
1240,20,9.198727
1240,25,3.633696
1240,29,-3.204283
1241,5,-10.143645
1241,10,10.313065
1241,13,-12.126593
1241,15,-8.563244
1241,16,8.699263
1241,18,5.993705
1241,20,9.122089
1241,25,3.359483
1241,29,-3.188573
1242,5,-9.848071
1242,10,9.965804
1242,13,-12.036768
1242,15,-8.712944
1242,16,8.968553
1242,18,6.080689
1242,20,8.871931
1242,26,12.603951
1242,29,-3.309435
1243,5,-9.764909
1243,10,9.850521
1243,13,-12.172058
1243,15,-8.993512
1243,16,9.377918
1243,18,6.28881
1243,20,8.832076
1243,26,12.870956
1243,29,-3.458165
1244,5,-9.798337
1244,10,9.601706
1244,13,-12.418423
1244,15,-9.448046
1244,16,9.487624
1244,18,5.966128
1244,20,8.400691
1244,26,12.731875
1244,29,-3.994869
1245,5,-9.482753
1245,10,9.170349
1245,13,-12.387183
1245,15,-9.728223
1245,16,9.836738
1245,18,6.014015
1245,20,8.042985
1245,26,12.755859
1245,29,-4.248309
1246,5,-9.611015
1246,13,-12.58307
1246,15,-9.912517
1246,16,10.004073
1246,18,6.081942
1246,20,8.117633
1246,25,1.711221
1246,26,12.935547
1246,29,-4.357022
1247,5,-9.706066
1247,10,9.248673
1247,13,-12.884236
1247,15,-10.31686
1247,18,6.134091
1247,20,8.049792
1247,25,1.476513
1247,26,13.163216
1247,29,-4.664503
1248,5,-9.900398
1248,10,9.272818
1248,13,-13.362785
1248,15,-10.914219
1248,16,10.826984
1248,18,6.204629
1248,20,7.989495
1248,25,1.184984
1248,26,13.513069
1248,29,-5.115397
1249,5,-9.779751
1249,10,9.084118
1249,13,-13.510656
1249,15,-11.261858
1249,16,11.284238
1249,18,6.391635
1249,20,7.871052
1249,25,0.778869
1249,26,13.768476
1249,29,-5.33669
1250,5,-9.792514
1250,10,9.057039
1250,13,-13.709996
1250,15,-11.555891
1250,16,11.652256
1250,18,6.565311
1250,20,7.879255
1250,25,0.551735
1250,26,14.043629
1250,29,-5.502628
1251,5,-9.425426
1251,10,8.578996
1251,13,-13.847408
1251,15,-12.119827
1251,16,12.474586
1251,18,6.914955
1251,20,7.578634
1251,26,14.435531
1251,29,-5.860952
1252,5,-9.162898
1252,10,8.27692
1252,13,-13.882423
1252,15,-12.414948
1252,16,12.977341
1252,18,7.165718
1252,20,7.414886
1252,26,14.679665
1252,29,-6.025222
1253,5,-9.065022
1253,13,-13.909669
1253,15,-12.628854
1253,16,12.955956
1253,18,6.877493
1253,20,7.012555
1253,25,-1.065073
1253,26,14.440468
1253,29,-6.357469
1254,5,-8.281899
1254,10,7.168613
1254,13,-13.754932
1254,15,-13.096033
1254,16,13.990098
1254,18,7.456959
1254,20,6.585076
1254,25,-2.23891
1254,26,14.860188
1254,29,-6.576077
1255,5,-7.981636
1255,13,-13.614053
1255,15,-13.150968
1255,16,14.233564
1255,18,7.607503
1255,20,6.424531
1255,26,14.910366
1255,29,-6.589124
1256,5,-7.743534
1256,13,-13.605333
1256,15,-13.445747
1256,16,14.350937
1256,18,7.366517
1256,20,5.90345
1256,26,14.690358
1256,29,-6.985547
1257,13,-13.05567
1257,15,-13.248864
1257,16,14.607584
1257,18,7.642682
1257,20,5.589203
1257,25,-3.66379
1257,26,14.606061
1257,29,-6.778882
1258,5,-6.840757
1258,13,-13.046024
1258,15,-13.410247
1258,16,14.792046
1258,18,7.653699
1258,20,5.385923
1258,26,14.610574
1258,29,-6.932847
1259,5,-6.440918
1259,13,-12.673285
1259,15,-13.207657
1259,16,14.734049
1259,18,7.646053
1259,20,5.140022
1259,26,14.381104
1259,29,-6.81494
1260,5,-5.779472
1260,13,-12.137236
1260,15,-12.986045
1260,16,14.816552
1260,18,7.749152
1260,20,4.768735
1260,26,14.150813
1260,29,-6.660854
1261,5,-5.371788
1261,13,-11.788527
1261,15,-12.842306
1261,16,14.773488
1261,18,7.697245
1261,20,4.454807
1261,26,13.895679
1261,29,-6.615494
1262,5,-5.214251
1262,13,-11.802499
1262,15,-13.031678
1262,16,14.99845
1262,18,7.734381
1262,20,4.264292
1262,26,13.937129
1262,29,-6.780648
1263,5,-4.961291
1263,13,-11.702309
1263,15,-13.195503
1263,16,14.976014
1263,18,7.44397
1263,20,3.75379
1263,25,-5.706995
1263,26,13.617917
1263,29,-7.091803
1264,5,-4.795349
1264,13,-11.793963
1264,15,-13.641319
1264,18,6.923357
1264,20,3.008278
1264,26,13.207898
1264,29,-7.741974
1265,5,-4.622924
1265,13,-11.864413
1265,15,-13.866433
1265,18,7.340523
1265,20,3.081041
1265,25,-6.602756
1265,26,13.621266
1265,29,-7.75929
1266,5,-3.870596
1266,10,2.240482
1266,13,-11.341764
1266,15,-13.686849
1266,16,15.97144
1266,18,7.835641
1266,20,2.915459
1266,25,-7.219899
1266,26,13.746382
1266,29,-7.467699
1267,5,-3.955135
1267,10,2.504595
1267,13,-11.398959
1267,15,-13.616491
1267,16,16.192645
1267,18,8.221939
1267,20,3.317158
1267,25,-7.077098
1267,26,14.127201
1267,29,-7.21578
1268,5,-3.247735
1268,10,1.970213
1268,13,-10.807752
1268,15,-13.3004
1268,16,16.400508
1268,18,8.570271
1268,20,3.139687
1268,25,-7.538219
1268,26,14.081038
1268,29,-6.872414
1269,5,-2.83621
1269,10,1.657653
1269,13,-10.530419
1269,15,-13.213783
1269,16,16.668908
1269,18,8.861831
1269,20,3.060098
1269,25,-7.886729
1269,26,14.173396
1269,29,-6.714704
1270,5,-2.428425
1270,10,1.485695
1270,13,-10.1918
1270,15,-12.973905
1270,16,16.980579
1270,18,9.369626
1270,20,3.221017
1270,25,-8.10584
1270,26,14.422222
1270,29,-6.323432
1271,5,-2.557183
1271,10,1.623204
1271,13,-10.386305
1271,15,-13.140446
1271,16,17.195532
1271,18,9.516976
1271,20,3.366059
1271,25,-8.113186
1271,26,14.671749
1271,29,-6.382043
1272,5,-2.456491
1272,13,-10.278659
1272,15,-13.084496
1272,16,17.113398
1272,18,9.43087
1272,20,3.24243
1272,25,-8.172444
1272,26,14.531315
1272,29,-6.390568
1273,5,-2.251122
1273,10,1.401977
1273,13,-10.287732
1273,15,-13.228528
1273,16,17.655789
1273,18,9.90914
1273,20,3.372251
1273,25,-8.500276
1273,26,14.962115
1273,29,-6.315913
1274,5,-2.189035
1274,10,1.220658
1274,13,-10.411473
1274,15,-13.516086
1274,16,17.885675
1274,18,9.884023
1274,20,3.168615
1274,25,-8.800903
1274,26,15.013596
1274,29,-6.584172
1275,5,-2.006892
1275,10,1.072792
1275,13,-10.274374
1275,15,-13.462814
1275,16,17.962256
1275,18,9.972218
1275,20,3.109497
1275,25,-8.944921
1275,26,15.010064
1275,29,-6.523121
1276,5,-1.969691
1276,10,1.051538
1276,13,-10.323785
1276,15,-13.560953
1276,16,18.165951
1276,18,10.118059
1276,20,3.146043
1276,25,-9.065369
1276,26,15.17029
1276,29,-6.545653
1277,5,-1.921307
1277,10,0.997592
1277,13,-10.408136
1277,15,-13.728772
1277,16,18.438542
1277,18,10.276858
1277,20,3.150903
1277,25,-9.25417
1277,26,15.362649
1277,29,-6.623127
1278,5,-1.620365
1278,10,0.832391
1278,13,-10.2701
1278,15,-13.731005
1278,16,18.867966
1278,18,10.722363
1278,20,3.241208
1278,25,-9.564281
1278,26,15.675711
1278,29,-6.456176
1279,5,-1.612654
1279,10,0.826503
1279,13,-10.339066
1279,15,-13.83838
1279,16,19.042737
1279,18,10.831242
1279,20,3.269827
1279,25,-9.662673
1279,26,15.814932
1279,29,-6.500656
1280,5,-1.392883
1280,10,0.726127
1280,13,-10.207101
1280,15,-13.786792
1280,16,19.316181
1280,18,11.158795
1280,20,3.362429
1280,25,-9.846785
1280,26,16.027346
1280,29,-6.333404
1281,5,-1.133276
1281,10,0.595011
1281,13,-10.065261
1281,15,-13.751389
1281,16,19.652741
1281,18,11.537261
1281,20,3.453274
1281,25,-10.084823
1281,26,16.278756
1281,29,-6.161301
1282,5,-0.816431
1282,10,0.330698
1282,13,-9.874225
1282,15,-13.728963
1282,16,19.879782
1282,18,11.74113
1282,20,3.355874
1282,25,-10.391748
1282,26,16.344342
1282,29,-6.090405
1283,5,-0.82224
1283,10,0.284716
1283,13,-9.96758
1283,15,-13.884141
1283,16,20.011335
1283,18,11.74923
1283,20,3.296248
1283,25,-10.515798
1283,26,16.408212
1283,29,-6.222078
1284,5,-0.400908
1284,10,-0.121325
1284,13,-9.730602
1284,15,-13.902767
1284,16,20.275045
1284,18,11.922008
1284,20,3.068355
1284,25,-10.962617
1284,26,16.417211
1284,29,-6.214915
1285,5,-0.204026
1285,10,-0.33636
1285,13,-9.635798
1285,15,-13.947155
1285,16,20.401726
1285,18,11.968639
1285,20,2.919732
1285,25,-11.202306
1285,26,16.400972
1285,29,-6.260268
1286,5,-0.203357
1286,10,-0.412278
1286,13,-9.739612
1286,15,-14.133647
1286,16,20.536252
1286,18,11.946008
1286,20,2.816623
1286,25,-11.358551
1286,26,16.44345
1286,29,-6.434345
1287,5,-0.27534
1287,10,-0.478943
1287,13,-9.861188
1287,15,-14.311386
1287,16,20.490931
1287,18,11.725534
1287,20,2.626393
1287,25,-11.43337
1287,26,16.320905
1287,29,-6.684711
1288,5,-0.344846
1288,10,-0.682628
1288,13,-9.965332
1288,15,-14.526561
1288,16,20.225853
1288,20,2.168742
1288,25,-11.540374
1288,29,-7.119408
1289,5,-0.271672
1289,10,-0.724883
1289,13,-9.693182
1289,15,-14.186142
1289,16,19.798065
1289,18,10.954621
1289,20,2.09084
1289,25,-11.339176
1289,26,15.53515
1289,29,-6.948561
1290,5,-0.421935
1290,10,-0.668941
1290,13,-9.690122
1290,15,-14.096321
1290,16,19.391925
1290,18,10.572729
1290,20,1.965877
1290,25,-11.114939
1290,26,15.19567
1290,29,-7.035282
1291,5,-0.426629
1291,10,-0.623565
1291,13,-9.66525
1291,15,-14.040475
1291,16,19.388209
1291,18,10.624319
1291,20,2.036435
1291,26,15.228126
1291,29,-6.966045
1292,5,-0.714501
1292,10,-0.485169
1292,13,-9.846964
1292,15,-14.122515
1292,16,19.068019
1292,18,10.223051
1292,20,1.932493
1292,26,14.983095
1292,29,-7.190557
1293,5,-0.797564
1293,10,-0.494624
1293,13,-9.942071
1293,15,-14.231492
1293,16,19.005879
1293,18,10.056229
1293,20,1.82467
1293,26,14.892952
1293,29,-7.354735
1294,13,-10.026751
1294,15,-14.315364
1294,16,19.192967
1294,18,10.217708
1294,20,1.935813
1294,26,15.088999
1294,29,-7.350106
1295,5,-0.745614
1295,10,-0.517402
1295,13,-9.995077
1295,15,-14.344552
1295,16,19.268034
1295,18,10.253597
1295,20,1.882959
1295,26,15.102123
1295,29,-7.372405
1296,5,-0.501889
1296,13,-9.715785
1296,15,-14.11925
1296,16,19.202418
1296,18,10.315443
1296,20,1.831397
1296,26,14.988853
1296,29,-7.186097
1297,13,-9.659281
1297,15,-13.923116
1297,16,18.976535
1297,18,10.259476
1297,20,1.966568
1297,26,14.908041
1297,29,-7.033958
1298,5,-0.575337
1298,13,-9.551517
1298,15,-13.799425
1298,16,18.781752
1298,18,10.123563
1298,20,1.895383
1298,26,14.723267
1298,29,-6.999084
1299,5,-0.49998
1299,13,-9.378671
1299,15,-13.618355
1299,16,18.533387
1299,18,9.962428
1299,20,1.793024
1299,25,-10.667883
1299,26,14.476547
1299,29,-6.932896
1300,5,-0.55049
1300,10,-0.485092
1300,13,-9.270502
1300,15,-13.377248
1300,16,18.33712
1300,18,9.973005
1300,20,1.95586
1300,25,-10.422419
1300,26,14.423635
1300,29,-6.717735
1301,5,-0.419449
1301,10,-0.707162
1301,13,-9.299054
1301,15,-13.575127
1301,16,18.518303
1301,18,9.954728
1301,20,1.741757
1301,25,-10.719877
1301,26,14.423155
1301,29,-6.916868
1302,5,-0.470219
1302,10,-0.656275
1302,13,-9.274738
1302,15,-13.498066
1302,16,18.375337
1302,18,9.864979
1302,20,1.751971
1302,25,-10.607469
1302,26,14.330404
1302,29,-6.889346
1303,5,-0.828183
1303,10,-0.452445
1303,13,-9.547805
1303,15,-13.652706
1303,16,18.123797
1303,18,9.501709
1303,20,1.702553
1303,25,-10.369951
1303,26,14.175064
1303,29,-7.147322
1304,5,-1.063112
1304,10,-0.180581
1304,13,-9.687552
1304,15,-13.636324
1304,16,18.063368
1304,20,1.920713
1304,25,-10.120339
1304,26,14.277745
1304,29,-7.097071
1305,5,-1.188914
1305,10,0.036068
1305,13,-9.665448
1305,15,-13.456744
1305,16,17.91422
1305,18,9.55133
1305,20,2.135645
1305,25,-9.848574
1305,26,14.297624
1305,29,-6.91349
1306,5,-1.479943
1306,10,0.304542
1306,13,-9.644961
1306,15,-13.18629
1306,16,17.30885
1306,18,9.14864
1306,20,2.195779
1306,25,-9.331259
1306,26,13.931744
1306,29,-6.833553
1307,5,-1.654406
1307,10,0.537991
1307,13,-9.622901
1307,15,-12.978521
1307,16,17.026383
1307,18,9.056346
1307,20,2.367884
1307,25,-8.985893
1307,26,13.840351
1307,29,-6.677631
1308,5,-1.815091
1308,10,0.585914
1308,13,-9.568044
1308,15,-12.811564
1308,16,16.456061
1308,18,8.548272
1308,20,2.189973
1308,25,-8.684407
1308,26,13.357663
1308,29,-6.752965
1309,5,-1.690886
1309,10,0.533021
1309,13,-9.248769
1309,15,-12.42789
1309,16,16.069189
1309,18,8.401997
1309,20,2.151195
1309,25,-8.498527
1309,26,13.036166
1309,29,-6.511513
1310,5,-1.511583
1310,10,0.351977
1310,13,-9.043651
1310,15,-12.289749
1310,16,15.93756
1310,18,8.312107
1310,20,1.996427
1310,25,-8.569602
1310,26,12.831855
1310,29,-6.461979
1311,5,-1.507609
1311,10,0.372264
1311,13,-9.077523
1311,15,-12.333407
1311,18,8.418358
1311,20,2.055663
1311,25,-8.612487
1311,29,-6.452999
1312,5,-1.600308
1312,10,0.435421
1312,13,-9.274005
1312,15,-12.552249
1312,18,8.522729
1312,20,2.113836
1312,25,-8.700103
1312,29,-6.582206
1313,5,-1.558496
1313,10,0.421085
1313,13,-9.389606
1313,15,-12.745884
1313,20,2.197835
1313,25,-8.905622
1313,29,-6.631129
1314,5,-1.383645
1314,10,0.258407
1314,13,-9.41123
1314,15,-12.926153
1314,18,9.044598
1314,20,2.163342
1314,25,-9.235572
1314,26,13.707343
1314,29,-6.694989
1315,5,-1.517354
1315,10,0.195888
1315,13,-9.771278
1315,15,-13.420265
1315,18,8.956785
1315,20,1.981596
1315,25,-9.504507
1315,26,13.846541
1315,29,-7.14509
1316,5,-1.60918
1316,10,0.139435
1316,13,-10.029666
1316,15,-13.782391
1316,18,8.881585
1316,20,1.835246
1316,25,-9.70836
1316,26,13.935849
1316,29,-7.481667
1317,5,-1.538595
1317,10,0.180819
1317,13,-9.964026
1317,15,-13.701373
1317,18,9.120473
1317,20,1.998101
1317,25,-9.718996
1317,26,14.110292
1317,29,-7.313268
1318,5,-1.38426
1318,10,0.188951
1318,13,-9.691744
1318,15,-13.371539
1318,18,9.278244
1318,20,2.14282
1318,25,-9.610958
1318,26,14.087699
1318,29,-6.980422
1319,5,-1.542596
1319,10,0.364405
1319,13,-9.734627
1319,15,-13.290192
1319,18,9.200299
1319,20,2.254104
1319,25,-9.385054
1319,26,14.047697
1319,29,-6.927836
1320,5,-1.476341
1320,10,0.371796
1320,13,-9.630509
1320,15,-13.166593
1320,18,9.294777
1320,20,2.329094
1320,25,-9.355158
1320,26,14.070169
1320,29,-6.789628
1321,5,-1.549795
1321,10,0.386681
1321,13,-9.747735
1321,15,-13.300508
1321,16,17.488678
1321,18,9.244867
1321,20,2.29181
1321,25,-9.391662
1321,26,14.097878
1321,29,-6.920781
1322,5,-1.451288
1322,10,0.328032
1322,13,-9.644164
1322,15,-13.22077
1322,18,9.30012
1322,20,2.289441
1322,25,-9.429994
1322,26,14.084944
1322,29,-6.843093
1323,5,-1.453782
1323,10,0.347747
1323,13,-9.549418
1323,15,-13.075643
1323,16,17.305989
1323,18,9.204224
1323,20,2.285573
1323,25,-9.310303
1323,26,13.944017
1323,29,-6.765435
1324,5,-1.306733
1324,10,0.318055
1324,13,-9.360791
1324,15,-12.880682
1324,16,17.319585
1324,18,9.369383
1324,20,2.3799
1324,25,-9.305415
1324,26,13.977757
1324,29,-6.544282
1325,5,-1.498437
1325,10,0.519955
1325,13,-9.346207
1325,15,-12.689689
1325,16,16.95327
1325,18,9.158546
1325,20,2.467275
1325,25,-8.954173
1325,26,13.785445
1325,29,-6.454056
1326,5,-1.525684
1326,10,0.459328
1326,13,-9.331882
1326,15,-12.685832
1326,16,16.751053
1326,18,8.910727
1326,20,2.302425
1326,25,-8.92247
1326,26,13.556925
1326,29,-6.564942
1327,5,-1.549881
1327,10,0.423442
1327,13,-9.307748
1327,15,-12.65811
1327,16,16.5713
1327,18,8.715105
1327,20,2.186098
1327,25,-8.874957
1327,26,13.369187
1327,29,-6.63136
1328,5,-1.502211
1328,10,0.254036
1328,13,-9.246871
1328,15,-12.666887
1328,16,16.35343
1328,18,8.409581
1328,20,1.908308
1328,25,-8.928752
1328,26,13.059762
1328,29,-6.79027
1329,5,-1.347524
1329,10,-0.045746
1329,13,-9.173134
1329,15,-12.760742
1329,16,16.269849
1329,18,8.152821
1329,20,1.539269
1329,25,-9.16146
1329,26,12.784062
1329,29,-7.014801
1330,5,-1.273654
1330,10,-0.164118
1330,13,-9.014129
1330,15,-12.615798
1330,16,15.987124
1330,18,7.913401
1330,20,1.360887
1330,25,-9.11707
1330,26,12.474705
1330,29,-7.014208
1331,5,-1.238955
1331,10,-0.163473
1331,13,-8.838172
1331,15,-12.37683
1331,16,15.706808
1331,18,7.786398
1331,20,1.344852
1331,25,-8.957584
1331,26,12.256608
1331,29,-6.874845
1332,5,-1.271375
1332,10,-0.048237
1332,13,-8.78624
1332,15,-12.238531
1332,16,15.650425
1332,18,7.864404
1332,20,1.496424
1332,25,-8.814973
1332,26,12.297206
1332,29,-6.717557
1333,5,-1.148109
1333,10,-0.089048
1333,13,-8.652144
1333,15,-12.117184
1333,16,15.694058
1333,18,8.000741
1333,20,1.554557
1333,25,-8.84565
1333,26,12.337794
1333,29,-6.56988
1334,5,-1.218379
1334,10,-0.169346
1334,13,-8.922843
1334,15,-12.517192
1334,16,15.967089
1334,18,7.960913
1334,20,1.400408
1334,25,-9.102193
1334,26,12.465905
1334,29,-6.925768
1335,5,-1.439376
1335,10,0.13504
1335,13,-9.271331
1335,15,-12.795964
1335,16,16.47041
1335,18,8.388417
1335,20,1.78741
1335,25,-9.113733
1335,26,13.061925
1335,29,-6.939283
1336,5,-1.884875
1336,10,0.374803
1336,13,-9.85347
1336,15,-13.344706
1336,16,16.679728
1336,18,8.239886
1336,20,1.796118
1336,25,-9.107917
1336,26,13.286514
1336,29,-7.420426
1337,5,-2.148763
1337,10,0.552912
1337,13,-10.304212
1337,15,-13.808924
1337,16,17.096033
1337,18,8.380945
1337,20,1.914029
1337,25,-9.222697
1337,26,13.688278
1337,29,-7.720431
1338,5,-2.114978
1338,10,0.452681
1338,13,-10.388406
1338,15,-13.992173
1338,16,17.258136
1338,18,8.386412
1338,20,1.807082
1338,25,-9.409019
1338,26,13.743879
1338,29,-7.88347
1339,5,-2.090907
1339,10,0.321226
1339,13,-10.318783
1339,15,-13.960925
1339,16,16.996024
1339,18,8.074103
1339,20,1.562332
1339,25,-9.404923
1339,26,13.423541
1339,29,-8.007173
1340,5,-2.149102
1340,10,0.352457
1340,13,-10.316293
1340,15,-13.920097
1340,16,16.848562
1340,18,7.944858
1340,20,1.531606
1340,25,-9.312242
1340,26,13.30889
1340,29,-8.026065
1341,5,-2.152287
1341,10,0.417568
1341,13,-10.257797
1341,15,-13.807118
1341,16,16.80188
1341,18,7.999299
1341,20,1.628988
1341,25,-9.219863
1341,26,13.324099
1341,29,-7.905622
1342,5,-2.197592
1342,10,0.616229
1342,13,-10.004405
1342,15,-13.333448
1342,16,16.366295
1342,18,7.940946
1342,20,1.840094
1342,26,13.123082
1342,29,-7.51999
1343,5,-2.287761
1343,13,-9.911283
1343,15,-13.113742
1343,16,16.015391
1343,18,7.746101
1343,20,1.867561
1343,26,12.896381
1343,29,-7.40995
1344,5,-2.476807
1344,13,-9.993436
1344,15,-13.097709
1344,16,15.764529
1344,18,7.503468
1344,20,1.847903
1344,26,12.733627
1344,29,-7.483338
1345,5,-2.574533
1345,13,-9.887744
1345,15,-12.86296
1345,16,15.337947
1345,18,7.230406
1345,20,1.828414
1345,26,12.429572
1345,29,-7.394984
1346,5,-2.532169
1346,13,-9.633308
1346,15,-12.478417
1346,16,15.015194
1346,18,7.195887
1346,20,1.943356
1346,26,12.247224
1346,29,-7.087326
1347,5,-2.60923
1347,13,-9.660644
1347,15,-12.442562
1347,16,14.970806
1347,18,7.199062
1347,20,2.02778
1347,26,12.269398
1347,29,-7.045977
1348,5,-2.477013
1348,10,1.124023
1348,13,-9.405074
1348,15,-12.126664
1348,16,14.839098
1348,18,7.307723
1348,20,2.145974
1348,26,12.212474
1348,29,-6.74449
1349,5,-2.655239
1349,10,1.169982
1349,13,-9.491269
1349,15,-12.155054
1349,16,14.52034
1349,18,6.930312
1349,20,1.993266
1349,25,-7.354864
1349,26,11.931232
1349,29,-6.919256
1350,5,-2.729034
1350,10,1.232068
1350,13,-9.394432
1350,15,-11.955783
1350,16,14.150883
1350,18,6.686173
1350,20,1.959555
1350,25,-7.113924
1350,26,11.657752
1350,29,-6.850958
1351,5,-2.711025
1351,10,1.141817
1351,13,-9.369239
1351,15,-11.967924
1351,16,14.026636
1351,18,6.507949
1351,20,1.802914
1351,25,-7.140273
1351,29,-6.948208
1352,5,-2.724313
1352,10,1.127012
1352,13,-9.338668
1352,15,-11.925506
1352,16,13.89551
1352,18,6.386895
1352,20,1.74137
1352,25,-7.091302
1352,26,11.358723
1352,29,-6.967366
1353,5,-2.388911
1353,10,1.040579
1353,13,-8.735188
1353,15,-11.233398
1353,16,13.503304
1353,18,6.481485
1353,20,1.850216
1353,25,-6.871821
1353,29,-6.376758
1354,5,-2.280248
1354,10,1.055243
1354,13,-8.467131
1354,15,-10.885866
1354,16,13.274606
1354,18,6.507266
1354,20,1.938643
1354,25,-6.70117
1354,29,-6.082424
1355,5,-2.184828
1355,10,1.034127
1355,13,-8.140071
1355,15,-10.461707
1355,16,12.816999
1355,18,6.325123
1355,20,1.91332
1355,25,-6.449988
1355,29,-5.815473
1356,5,-2.191673
1356,10,1.020767
1356,13,-8.125902
1356,15,-10.445296
1356,16,12.746058
1356,18,6.252064
1356,20,1.871245
1356,25,-6.429707
1356,26,10.505904
1356,29,-5.83579
1357,5,-2.353783
1357,10,1.225093
1357,13,-8.041844
1357,15,-10.163089
1357,16,12.319015
1357,18,6.048784
1357,20,1.98054
1357,25,-6.031336
1357,26,10.278619
1357,29,-5.663158
1358,5,-2.31749
1358,10,1.135989
1358,13,-8.008144
1358,15,-10.170144
1358,16,12.236315
1358,18,5.92295
1358,20,1.851028
1358,25,-6.072842
1358,26,10.145913
1358,29,-5.73422
1359,5,-2.604371
1359,10,1.476798
1359,13,-8.123763
1359,15,-10.064613
1359,16,12.049622
1359,18,5.885453
1359,20,2.111557
1359,25,-5.695098
1359,26,10.189535
1359,29,-5.619526
1360,5,-2.881717
1360,10,1.789209
1360,13,-8.208068
1360,15,-9.929827
1360,16,11.782158
1360,18,5.772214
1360,20,2.319217
1360,25,-5.301399
1360,29,-5.515522
1361,5,-2.889755
1361,10,1.868153
1361,13,-8.055919
1361,15,-9.671172
1361,16,11.525803
1361,18,5.710999
1361,20,2.397706
1361,25,-5.082194
1361,26,10.002056
1361,29,-5.320195
1362,5,-3.267377
1362,10,2.256621
1362,13,-8.373933
1362,15,-9.800057
1362,16,11.570101
1362,18,5.757266
1362,20,2.691624
1362,25,-4.805143
1362,26,10.244136
1362,29,-5.355994
1363,5,-3.661933
1363,10,2.653116
1363,13,-8.63044
1363,15,-9.827923
1363,16,11.430265
1363,18,5.678463
1363,20,2.949703
1363,25,-4.425379
1363,26,10.337947
1363,29,-5.359043
1364,5,-4.241089
1364,10,3.167735
1364,13,-9.187597
1364,15,-10.161383
1364,16,11.538029
1364,18,5.662696
1364,20,3.271544
1364,25,-4.108333
1364,26,10.672706
1364,29,-5.570057
1365,5,-4.540935
1365,10,3.557858
1365,13,-9.42332
1365,15,-10.204339
1365,16,11.65363
1365,18,5.860656
1365,20,3.656093
1365,25,-3.844107
1365,26,11.000096
1365,29,-5.47312
1366,5,-4.999488
1366,10,3.941364
1366,13,-9.85086
1366,15,-10.459136
1366,16,11.674197
1366,18,5.774873
1366,20,3.859015
1366,25,-3.584015
1366,26,11.191932
1366,29,-5.665788
1367,5,-5.288618
1367,10,4.178685
1367,13,-10.157231
1367,15,-10.676125
1367,16,11.765676
1367,18,5.761953
1367,20,3.993252
1367,25,-3.467516
1367,26,11.372465
1367,29,-5.817543
1368,5,-5.653458
1368,10,4.542716
1368,13,-10.327496
1368,15,-10.605146
1368,16,11.48043
1368,18,5.589436
1368,20,4.199513
1368,25,-3.034734
1368,26,11.330663
1368,29,-5.781438
1369,5,-6.06382
1369,10,4.843614
1369,13,-10.554969
1369,15,-10.624339
1369,16,11.084094
1369,18,5.199832
1369,20,4.236003
1369,25,-2.623408
1369,26,11.129695
1369,29,-5.915672
1370,5,-6.22588
1370,10,5.045594
1370,13,-10.55324
1370,15,-10.462945
1370,16,10.840676
1370,18,5.106088
1370,20,4.374068
1370,25,-2.325299
1370,26,11.050591
1370,29,-5.795171
1371,5,-6.169993
1371,10,5.190763
1371,13,-10.220947
1371,15,-9.94071
1371,16,10.479915
1371,18,5.159299
1371,20,4.606752
1371,25,-1.958719
1371,26,10.899932
1371,29,-5.327464
1372,5,-6.310595
1372,10,5.491635
1372,13,-10.206969
1372,15,-9.728622
1372,16,10.422686
1372,18,5.34511
1372,20,4.964641
1372,25,-1.648507
1372,26,11.063673
1372,29,-5.038265
1373,5,-6.756912
1373,10,6.067298
1373,13,-10.430718
1373,15,-9.607943
1373,16,10.297113
1373,18,5.450794
1373,20,5.475417
1373,25,-1.099156
1373,26,11.305937
1373,29,-4.818654
1374,5,-7.093416
1374,10,6.431651
1374,13,-10.572358
1374,15,-9.507469
1374,16,10.040366
1374,18,5.334766
1374,20,5.714613
1374,26,11.297451
1374,29,-4.734199
1375,5,-6.982993
1375,13,-10.320463
1375,15,-9.141627
1375,16,9.996801
1375,18,5.612092
1375,20,6.002388
1375,25,-0.495189
1375,26,11.394446
1375,29,-4.307631
1376,5,-7.025786
1376,10,7.045199
1376,13,-10.34911
1376,15,-8.951244
1376,16,10.651432
1376,18,6.641963
1376,20,6.916867
1376,25,-0.326245
1376,26,12.338387
1376,29,-3.666722
1377,5,-7.153924
1377,10,7.220875
1377,13,-10.614116
1377,15,-9.20763
1377,16,11.09215
1377,18,6.976776
1377,20,7.165518
1377,25,-0.415897
1377,26,12.802638
1377,29,-3.717626
1378,5,-6.414455
1378,10,6.69041
1378,13,-9.849765
1378,15,-8.653093
1378,16,11.023888
1378,18,7.210642
1378,20,6.978639
1378,25,-0.72578
1378,26,12.536831
1378,29,-3.243268
1379,5,-6.591029
1379,10,6.860679
1379,13,-10.002244
1379,15,-8.724689
1379,16,11.039475
1379,18,7.211846
1379,20,7.095563
1379,25,-0.606037
1379,26,12.635826
1379,29,-3.278792
1380,5,-6.430455
1380,10,6.433413
1380,13,-9.904392
1380,15,-8.838587
1380,16,10.728746
1380,18,6.650386
1380,20,6.478521
1380,25,-0.848268
1380,26,12.070929
1380,29,-3.658754
1381,5,-6.399596
1381,10,6.32727
1381,13,-9.866033
1381,15,-8.843173
1381,16,10.591941
1381,18,6.460684
1381,20,6.305489
1381,25,-0.879605
1381,26,11.878702
1381,29,-3.754635
1382,5,-6.199042
1382,10,6.170636
1382,13,-9.702304
1382,15,-8.763187
1382,16,10.656916
1382,18,6.556255
1382,20,6.247936
1382,25,-1.023318
1382,26,11.862625
1382,29,-3.673206
1383,5,-6.476555
1383,10,6.340665
1383,13,-9.877604
1383,15,-8.821901
1383,16,10.389469
1383,18,6.246503
1383,20,6.216374
1383,25,-0.780624
1383,26,11.699166
1383,29,-3.823365
1384,5,-6.647734
1384,10,6.576513
1384,13,-9.971653
1384,15,-8.782172
1384,16,10.384643
1384,18,6.332872
1384,20,6.444825
1384,25,-0.577804
1384,26,11.839599
1384,29,-3.724003
1385,5,-6.734658
1385,10,6.770968
1385,13,-9.946722
1385,15,-8.624151
1385,16,10.326524
1385,18,6.444581
1385,20,6.675886
1385,25,-0.365199
1385,26,11.92922
1385,29,-3.523296
1386,5,-6.570195
1386,13,-9.835601
1386,15,-8.566226
1386,16,10.524965
1386,18,6.697398
1386,20,6.759317
1386,25,-0.495072
1386,26,12.08671
1386,29,-3.384111
1387,5,-6.563574
1387,10,6.74089
1387,13,-9.816143
1387,15,-8.526903
1387,16,10.558233
1387,18,6.774083
1387,20,6.831177
1387,25,-0.473821
1387,26,12.145508
1387,29,-3.316884
1388,5,-6.665385
1388,10,6.748698
1388,13,-9.984779
1388,15,-8.725787
1388,16,10.621448
1388,18,6.68254
1388,20,6.756474
1388,25,-0.531119
1388,26,12.16907
1388,29,-3.516272
1389,5,-6.350804
1389,10,6.429055
1389,13,-9.861734
1389,15,-8.827652
1389,18,6.851981
1389,20,6.577592
1389,25,-0.942171
1389,26,12.240164
1389,29,-3.577328
1390,5,-6.087847
1390,10,6.046257
1390,13,-9.908487
1390,15,-9.182095
1390,16,11.344217
1390,18,6.940498
1390,20,6.265192
1390,25,-1.504201
1390,26,12.34172
1390,29,-3.886848
1391,5,-6.044079
1391,10,6.01622
1391,13,-9.92153
1391,15,-9.23583
1391,16,11.479203
1391,18,7.039196
1391,20,6.280678
1391,25,-1.597661
1391,26,12.438606
1391,29,-3.896571
1392,5,-5.867285
1392,10,5.885679
1392,13,-9.783816
1392,15,-9.172212
1392,16,11.563498
1392,18,7.150107
1392,20,6.247368
1392,25,-1.731523
1392,26,12.45223
1392,29,-3.819493
1393,5,-5.597319
1393,10,5.535483
1393,13,-9.781357
1393,15,-9.443906
1393,16,11.945925
1393,18,7.267614
1393,20,5.989027
1393,25,-2.234333
1393,26,12.54998
1393,29,-4.045595
1394,5,-5.49169
1394,10,5.307974
1394,13,-9.773633
1394,15,-9.579556
1394,16,11.949317
1394,18,7.098599
1394,20,5.709923
1394,25,-2.449085
1394,26,12.392159
1394,29,-4.257804
1395,5,-4.944995
1395,10,4.697221
1395,13,-9.493313
1395,15,-9.681513
1395,16,12.232517
1395,18,7.174584
1395,20,5.264947
1395,25,-3.094411
1395,26,12.277746
1395,29,-4.398686
1396,5,-4.736472
1396,10,4.520496
1396,13,-9.340344
1396,15,-9.629862
1396,16,12.319652
1396,18,7.267022
1396,20,5.18548
1396,25,-3.270015
1396,26,12.264406
1396,29,-4.345895
1397,5,-4.351229
1397,10,4.056099
1397,13,-9.049837
1397,15,-9.579731
1397,16,12.256566
1397,18,7.113167
1397,20,4.768096
1397,25,-3.618864
1397,26,11.942075
1397,29,-4.433691
1398,5,-3.958963
1398,10,3.70652
1398,13,-8.710307
1398,15,-9.41218
1398,16,12.273144
1398,18,7.175583
1398,20,4.564181
1398,25,-3.886416
1398,26,11.784209
1398,29,-4.322698
1399,5,-3.609964
1399,10,3.322455
1399,13,-8.472205
1399,15,-9.388333
1399,16,12.327679
1399,18,7.154668
1399,20,4.267367
1399,25,-4.22426
1399,26,11.613476
1399,29,-4.367809
1400,5,-3.139287
1400,10,2.765375
1400,13,-8.240992
1400,15,-9.504545
1400,16,12.548985
1400,18,7.163357
1400,20,3.827969
1400,25,-4.801584
1400,26,11.469607
1400,29,-4.540748
1401,5,-2.840954
1401,10,2.504226
1401,13,-8.114192
1401,15,-9.569169
1401,16,12.871542
1401,18,7.405773
1401,20,3.735851
1401,25,-5.169202
1401,26,11.6034
1401,29,-4.536259
1402,5,-2.478633
1402,10,2.005438
1402,13,-7.768611
1402,15,-9.441546
1402,16,12.553823
1402,18,7.018677
1402,20,3.193571
1402,25,-5.423113
1402,26,11.038543
1402,29,-4.659055
1403,5,-2.094052
1403,10,1.588263
1403,13,-7.428879
1403,15,-9.298536
1403,16,12.444128
1403,18,6.901078
1403,20,2.846643
1403,25,-5.69661
1403,26,10.718399
1403,29,-4.650297
1404,5,-1.71529
1404,10,1.395869
1404,13,-7.111561
1404,15,-9.091236
1404,16,12.698654
1404,18,7.306648
1404,20,2.935583
1404,25,-5.930509
1404,26,10.881672
1404,29,-4.34862
1405,5,-1.243863
1405,10,0.981485
1405,13,-6.696455
1405,15,-8.876737
1405,16,12.709835
1405,18,7.385196
1405,20,2.69892
1405,25,-6.241492
1405,26,10.689516
1405,29,-4.20316
1406,5,-0.831576
1406,10,0.51737
1406,13,-6.519735
1406,15,-9.00687
1406,16,12.998542
1406,18,7.483458
1406,20,2.371
1406,25,-6.774112
1406,26,10.659744
1406,29,-4.339848
1407,5,-0.577554
1407,10,0.099528
1407,13,-6.464071
1407,15,-9.221598
1407,16,13.104993
1407,18,7.318442
1407,20,1.935123
1407,25,-7.204608
1407,26,10.470932
1407,29,-4.644016
1408,5,-0.228262
1408,10,-0.315842
1408,13,-6.206941
1408,15,-9.182986
1408,16,13.069679
1408,18,7.200777
1408,20,1.570447
1408,25,-7.527309
1408,26,10.200681
1408,29,-4.721367
1409,5,-0.058049
1409,10,-0.376034
1409,13,-6.088789
1409,15,-9.115898
1409,16,13.281331
1409,18,7.477513
1409,20,1.671588
1409,25,-7.658732
1409,26,10.373759
1409,29,-4.567801
1410,5,-0.170695
1410,10,-0.282684
1410,13,-6.229934
1410,15,-9.233507
1410,16,13.37101
1410,18,7.505016
1410,20,1.734629
1410,25,-7.642906
1410,26,10.4875
1410,29,-4.642431
1411,5,0.347855
1411,10,-0.625991
1411,13,-5.858899
1411,15,-9.076649
1411,16,13.747113
1411,18,7.967876
1411,20,1.72763
1411,25,-8.06398
1411,26,10.664842
1411,29,-4.382784
1412,5,0.348253
1412,10,-0.610652
1412,13,-5.932616
1412,15,-9.180995
1412,16,13.944641
1412,18,8.107923
1412,20,1.788479
1412,25,-8.157201
1412,26,10.835605
1412,29,-4.41349
1413,5,0.413117
1413,10,-0.492636
1413,13,-5.87408
1413,15,-9.077685
1413,16,14.205982
1413,18,8.516031
1413,20,2.0951
1413,25,-8.157236
1413,26,11.16582
1413,29,-4.152967
1414,5,0.326247
1414,10,-0.196525
1414,13,-5.893873
1414,15,-8.943675
1414,16,14.404079
1414,18,8.923418
1414,20,2.542066
1414,25,-7.977546
1414,26,11.54736
1414,29,-3.841761
1415,5,0.204878
1415,10,-0.084638
1415,13,-5.831746
1415,15,-8.749286
1415,16,14.023492
1415,18,8.67873
1415,20,2.544241
1415,25,-7.68804
1415,26,11.294835
1415,29,-3.765427
1416,5,-0.120448
1416,10,0.390923
1416,13,-5.82689
1416,15,-8.390548
1416,16,13.631495
1416,18,8.648873
1416,20,2.956393
1416,26,11.276492
1416,29,-3.416145
1417,5,-0.487364
1417,10,0.847334
1417,13,-5.979573
1417,15,-8.252784
1417,16,13.435115
1417,18,8.65459
1417,20,3.330875
1417,26,11.386185
1417,29,-3.23675
1418,5,-1.041122
1418,13,-6.42598
1418,15,-8.467453
1418,16,13.263411
1418,18,8.395903
1418,20,3.499594
1418,26,11.440906
1418,29,-3.453217
1419,5,-1.451611
1419,13,-6.685918
1419,15,-8.488569
1419,18,8.287858
1419,20,3.751443
1419,25,-5.778397
1419,26,11.514471
1419,29,-3.456041
1420,5,-2.521533
1420,10,2.455497
1420,13,-7.478453
1420,15,-8.833336
1420,16,12.469381
1420,18,7.496115
1420,20,3.884201
1420,26,11.315458
1420,29,-3.940957
1421,5,-2.199328
1421,13,-7.085709
1421,15,-8.433229
1421,16,12.558493
1421,18,7.905479
1421,20,4.110066
1421,26,11.437909
1421,29,-3.462267
1422,5,-2.311986
1422,10,2.523155
1422,13,-7.24064
1422,15,-8.556858
1422,16,12.732719
1422,18,8.03173
1422,20,4.246279
1422,25,-4.952125
1422,26,11.649399
1422,29,-3.497324
1423,5,-1.879858
1423,10,2.479758
1423,13,-6.892654
1423,15,-8.268626
1423,16,13.321524
1423,18,8.917867
1423,20,4.69581
1423,25,-5.19727
1423,26,12.223596
1423,29,-2.92096
1424,5,-2.636626
1424,13,-7.551947
1424,15,-8.599688
1424,16,13.323051
1424,18,8.821507
1424,20,5.106783
1424,25,-4.69313
1424,26,12.55991
1424,29,-3.132175
1425,5,-3.425414
1425,10,3.852899
1425,13,-8.307737
1425,15,-9.054966
1425,16,13.451934
1425,18,8.769277
1425,20,5.522515
1425,25,-4.259394
1425,26,12.995273
1425,29,-3.426633
1426,5,-4.742752
1426,10,4.95386
1426,13,-9.301441
1426,15,-9.438257
1426,16,12.964771
1426,18,8.185587
1426,20,6.005024
1426,25,-3.204562
1426,26,13.114092
1426,29,-3.809324
1427,5,-5.361851
1427,10,5.419126
1427,13,-9.729941
1427,15,-9.583858
1427,16,12.570525
1427,18,7.738241
1427,20,6.114834
1427,25,-2.674248
1427,26,12.992226
1427,29,-4.036884
1428,5,-5.705353
1428,10,5.632323
1428,13,-10.082736
1428,15,-9.854391
1428,16,12.552419
1428,18,7.548771
1428,20,6.135733
1428,25,-2.538104
1428,26,13.047455
1428,29,-4.303117
1429,5,-6.198681
1429,10,5.938405
1429,13,-10.600934
1429,15,-10.259291
1429,16,12.55119
1429,18,7.292354
1429,20,6.170165
1429,25,-2.355545
1429,26,13.147228
1429,29,-4.691978
1430,5,-6.546005
1430,10,6.119093
1430,13,-10.877016
1430,15,-10.427729
1430,16,12.293449
1430,18,6.907727
1430,20,6.090428
1430,25,-2.123406
1430,26,12.981198
1430,29,-4.95516
1431,5,-6.476331
1431,10,5.964173
1431,13,-10.852587
1431,15,-10.490898
1431,16,12.243058
1431,18,6.757252
1431,20,5.888871
1431,25,-2.241301
1431,26,12.830616
1431,29,-5.090121
1432,5,-6.644498
1432,10,6.106046
1432,13,-11.209676
1432,15,-10.881962
1432,16,12.719668
1432,18,7.008665
1432,20,6.047536
1432,25,-2.401465
1432,26,13.279305
1432,29,-5.293249
1433,5,-6.589908
1433,10,5.960497
1433,13,-11.209093
1433,15,-10.96934
1433,16,12.687626
1433,18,6.861523
1433,20,5.850322
1433,25,-2.523797
1433,26,13.146599
1433,29,-5.44546
1434,5,-6.628601
1434,10,5.808319
1434,13,-11.31607
1434,15,-11.173772
1434,16,12.579605
1434,18,6.531743
1434,20,5.538262
1434,25,-2.638091
1434,26,12.917557
1434,29,-5.766105
1435,5,-6.339182
1435,10,5.554711
1435,13,-10.990631
1435,15,-10.937653
1435,16,12.425043
1435,18,6.483143
1435,20,5.36574
1435,25,-2.740577
1435,26,12.669699
1435,29,-5.630165
1436,5,-6.158957
1436,10,5.516732
1436,13,-10.97627
1436,15,-11.021113
1436,16,12.947784
1436,18,6.991368
1436,20,5.568541
1436,25,-3.017493
1436,26,13.113761
1436,29,-5.50769
1437,5,-6.394669
1437,10,5.572479
1437,13,-11.355521
1437,15,-11.44813
1437,16,13.118089
1437,18,6.846339
1437,20,5.463276
1437,25,-3.120322
1437,26,13.221755
1437,29,-5.908146
1438,5,-6.905516
1438,10,5.971756
1438,13,-12.065897
1438,15,-12.091357
1438,16,13.643823
1438,18,7.012085
1438,20,5.729884
1438,25,-3.132662
1438,26,13.818627
1438,29,-6.313688
1439,5,-7.499142
1439,10,6.372557
1439,13,-12.792665
1439,15,-12.718127
1439,16,13.92978
1439,18,6.921542
1439,20,5.876428
1439,25,-3.035232
1439,26,14.197965
1439,29,-6.80511
1440,5,-7.752144
1440,10,6.536187
1440,13,-13.136124
1440,15,-13.039341
1440,16,14.121345
1440,18,6.913683
1440,20,5.938784
1440,25,-3.040246
1440,26,14.408921
1440,29,-7.048836
1441,5,-7.70282
1441,10,6.509224
1441,13,-13.137367
1441,15,-13.078172
1441,16,14.254546
1441,18,7.02205
1441,20,5.964289
1441,25,-3.129158
1441,26,14.507607
1441,29,-7.044008
1442,5,-7.919301
1442,10,6.547557
1442,13,-13.434188
1442,15,-13.399502
1442,16,14.272221
1442,18,6.786694
1442,20,5.821369
1442,26,14.48458
1442,29,-7.395063
1443,5,-8.248642
1443,10,6.772205
1443,13,-13.817302
1443,15,-13.71737
1443,16,14.389415
1443,18,6.713141
1443,20,5.898798
1443,25,-3.081964
1443,26,14.663335
1443,29,-7.652187
1444,5,-8.230847
1444,10,6.684574
1444,13,-13.913516
1444,15,-13.906882
1444,16,14.544754
1444,18,6.708192
1444,20,5.796055
1444,25,-3.256219
1444,26,14.718477
1444,29,-7.824473
1445,5,-8.40834
1445,10,6.799967
1445,13,-14.071085
1445,15,-14.008725
1445,16,14.487335
1445,18,6.586681
1445,20,5.80664
1445,25,-3.153826
1445,26,14.712842
1445,29,-7.938975
1446,5,-8.040063
1446,10,6.588994
1446,13,-13.761616
1446,15,-13.817513
1446,16,14.702084
1446,18,6.92763
1446,20,5.847188
1446,25,-3.392231
1446,26,14.822085
1446,29,-7.683018
1447,5,-8.029778
1447,10,6.422288
1447,13,-13.895667
1447,15,-14.092073
1447,16,14.800136
1447,18,6.769056
1447,20,5.594626
1447,25,-3.620808
1447,26,14.761998
1447,29,-7.996933
1448,5,-7.998206
1448,10,6.490071
1448,13,-13.704318
1448,15,-13.797152
1448,16,14.568668
1448,18,6.763231
1448,20,5.697171
1448,25,-3.413901
1448,26,14.642577
1448,29,-7.747481
1449,5,-7.934134
1449,10,6.334435
1449,13,-13.66019
1449,15,-13.828557
1449,16,14.451301
1449,18,6.563595
1449,20,5.477198
1449,25,-3.496911
1449,26,14.436136
1449,29,-7.875486
1450,5,-7.834911
1450,10,6.340376
1450,13,-13.442992
1450,15,-13.55366
1450,16,14.295669
1450,18,6.611199
1450,20,5.555104
1450,25,-3.378059
1450,26,14.34664
1450,29,-7.631239
1451,5,-7.947089
1451,10,6.478843
1451,13,-13.506423
1451,15,-13.538072
1451,16,14.275995
1451,18,6.633596
1451,20,5.674236
1451,25,-3.25351
1451,26,14.411472
1451,29,-7.589793
1452,5,-7.84724
1452,10,6.453619
1452,13,-13.406092
1452,15,-13.450121
1452,16,14.347488
1452,18,6.776179
1452,20,5.740664
1452,25,-3.292623
1452,26,14.477859
1452,29,-7.467542
1453,5,-7.823821
1453,10,6.419698
1453,13,-13.439239
1453,15,-13.526732
1453,16,14.456725
1453,18,6.824901
1453,20,5.725179
1453,25,-3.383251
1453,26,14.543058
1453,29,-7.518309
1454,5,-7.934076
1454,10,6.46266
1454,13,-13.513848
1454,15,-13.567707
1454,16,14.324376
1454,18,6.650703
1454,20,5.666346
1454,25,-3.296945
1454,26,14.437591
1454,29,-7.613768
1455,5,-7.973461
1455,10,6.645424
1455,13,-13.513961
1455,15,-13.475782
1455,16,14.472708
1455,18,6.934824
1455,20,5.959764
1455,25,-3.197861
1455,26,14.697268
1455,29,-7.401864
1456,5,-7.959959
1456,10,6.57328
1456,13,-13.497239
1456,15,-13.488819
1456,16,14.373651
1456,18,6.791913
1456,20,5.833908
1456,25,-3.216772
1456,26,14.560226
1456,29,-7.479937
1457,5,-7.720182
1457,10,6.347433
1457,13,-13.228509
1457,15,-13.301028
1457,18,6.71695
1457,20,5.660845
1457,25,-3.306527
1457,26,14.323698
1457,29,-7.390264
1458,5,-7.752379
1458,10,6.353393
1458,13,-13.282025
1458,15,-13.364234
1458,16,14.251604
1458,18,6.695376
1458,20,5.643941
1458,25,-3.325802
1458,26,14.339986
1458,29,-7.450934
1459,5,-7.68753
1459,10,6.38136
1459,13,-13.153125
1459,15,-13.194785
1459,16,14.218506
1459,18,6.800207
1459,20,5.747098
1459,25,-3.261034
1459,26,14.356356
1459,29,-7.268103
1460,5,-7.717211
1460,10,6.355097
1460,13,-13.146656
1460,15,-13.182905
1460,16,14.065759
1460,18,6.629026
1460,20,5.646809
1460,25,-3.213806
1460,26,14.201607
1460,29,-7.329298
1461,5,-7.67944
1461,10,6.307468
1461,13,-13.069825
1461,15,-13.108291
1461,16,13.946237
1461,18,6.5409
1461,20,5.581941
1461,25,-3.188619
1461,26,14.07659
1461,29,-7.310245
1462,5,-7.723547
1462,10,6.386897
1462,13,-13.016176
1462,15,-12.975902
1462,16,13.795436
1462,18,6.496471
1462,20,5.644994
1462,25,-3.034865
1462,26,14.008093
1462,29,-7.207067
1463,5,-7.740372
1463,10,6.399054
1463,13,-12.989018
1463,15,-12.923868
1463,16,13.696781
1463,18,6.428341
1463,20,5.631035
1463,25,-2.973268
1463,26,13.933164
1463,29,-7.189562
1464,5,-7.526688
1464,10,6.333028
1464,13,-12.721682
1464,15,-12.660153
1464,16,13.705048
1464,18,6.632881
1464,20,5.728287
1464,25,-2.989174
1464,26,13.949868
1464,29,-6.905559
1465,5,-7.098178
1465,10,6.052451
1465,13,-12.360438
1465,15,-12.450478
1465,18,6.949062
1465,20,5.707302
1465,25,-3.274927
1465,26,14.001928
1465,29,-6.657037
1466,5,-6.771385
1466,10,5.677496
1466,13,-12.087563
1466,15,-12.360087
1466,18,6.824299
1466,20,5.379427
1466,25,-3.530356
1466,26,13.713928
1466,29,-6.690191
1467,5,-6.464596
1467,10,5.261101
1467,13,-11.856828
1467,15,-12.339312
1467,16,13.683866
1467,18,6.595048
1467,20,4.956913
1467,25,-3.816392
1467,26,13.35788
1467,29,-6.827155
1468,5,-6.109373
1468,10,4.89571
1468,13,-11.481445
1468,15,-12.106141
1468,16,13.464484
1468,18,6.445557
1468,20,4.650077
1468,25,-3.982916
1468,26,12.9843
1468,29,-6.750725
1469,5,-5.62191
1469,10,4.404244
1469,13,-11.074822
1469,15,-11.943468
1469,16,13.431126
1469,18,6.4159
1469,20,4.293082
1469,25,-4.34868
1469,26,12.694403
1469,29,-6.706577
1470,5,-5.05495
1470,10,3.75704
1470,13,-10.656197
1470,15,-11.865592
1470,18,6.284174
1470,20,3.75328
1470,25,-4.859274
1470,26,12.301903
1470,29,-6.795851
1471,5,-4.285535
1471,10,3.019269
1471,13,-9.98318
1471,15,-11.545827
1471,18,6.280871
1471,20,3.250775
1471,25,-5.386625
1471,26,11.863118
1471,29,-6.651322
1472,5,-4.012057
1472,10,2.704019
1472,13,-9.745685
1472,15,-11.457188
1472,18,6.160254
1472,20,2.969847
1472,25,-5.588929
1472,26,11.601419
1472,29,-6.675579
1473,5,-3.35422
1473,10,2.096784
1473,13,-9.113673
1473,15,-11.089896
1473,16,13.076744
1473,18,6.132045
1473,20,2.562737
1473,25,-5.962052
1473,26,11.168979
1473,29,-6.481151
1474,5,-2.982118
1474,10,1.678634
1474,13,-8.846155
1474,15,-11.047402
1474,16,13.085729
1474,18,6.071023
1474,20,2.224418
1474,25,-6.306145
1474,26,10.93855
1474,29,-6.537273
1475,5,-2.691755
1475,10,1.326529
1475,13,-8.701456
1475,15,-11.120759
1475,16,13.203708
1475,18,6.054167
1475,20,1.936687
1475,25,-6.663661
1475,26,10.825344
1475,29,-6.66184
1476,5,-2.202161
1476,10,0.816602
1476,13,-8.216005
1476,15,-10.848504
1476,16,12.963391
1476,18,5.878714
1476,20,1.514759
1476,25,-6.93391
1476,26,10.354986
1476,29,-6.586729
1477,5,-1.535763
1477,10,0.26679
1477,13,-7.535508
1477,15,-10.389772
1477,16,12.811287
1477,18,5.943941
1477,20,1.21292
1477,25,-7.246555
1477,26,9.976243
1477,29,-6.27303
1478,5,-1.0156
1478,10,-0.263538
1478,13,-7.029734
1478,15,-10.110623
1478,16,12.596441
1478,18,5.797976
1478,20,0.791055
1478,25,-7.544068
1478,26,9.518481
1478,29,-6.18454
1479,5,-0.506895
1479,10,-0.696689
1479,13,-6.5404
1479,15,-9.811225
1479,16,12.530731
1479,18,5.859393
1479,20,0.547027
1479,25,-7.825297
1479,26,9.257884
1479,29,-5.9855
1480,5,0.060537
1480,10,-1.191849
1480,13,-6.244805
1480,15,-9.856449
1480,16,13.025942
1480,18,6.25245
1480,20,0.354802
1480,25,-8.467112
1480,26,9.41082
1480,29,-5.955345
1481,5,0.183403
1481,10,-1.491363
1481,13,-6.360156
1481,15,-10.213093
1481,16,13.25908
1481,18,6.147583
1481,20,0.013282
1481,25,-8.87945
1481,26,9.381615
1481,29,-6.3395
1482,5,0.114724
1482,10,-1.674575
1482,13,-6.501365
1482,15,-10.464639
1482,16,13.073464
1482,18,5.688905
1482,20,-0.392772
1482,25,-8.989282
1482,26,9.056973
1482,29,-6.752126
1483,5,0.01165
1483,10,-1.705042
1483,13,-6.533194
1483,15,-10.473677
1483,16,12.748673
1483,18,5.309593
1483,20,-0.600967
1483,25,-8.870505
1483,26,8.739173
1483,29,-6.910145
1484,5,-0.04172
1484,10,-1.790962
1484,13,-6.468579
1484,15,-10.385597
1484,16,12.282249
1484,18,4.837516
1484,20,-0.878694
1484,25,-8.717599
1484,26,8.277293
1484,29,-7.031721
1485,5,-0.034189
1485,10,-1.797915
1485,13,-6.474283
1485,15,-10.402229
1485,16,12.313141
1485,18,4.85535
1485,20,-0.877834
1485,25,-8.741371
1485,26,8.297176
1485,29,-7.042152
1486,5,-0.002155
1486,10,-1.91367
1486,13,-6.544013
1486,15,-10.57076
1486,16,12.410245
1486,18,4.796947
1486,20,-1.023677
1486,25,-8.909573
1486,26,8.286012
1486,29,-7.224147
1487,5,-0.285091
1487,10,-1.795724
1487,13,-6.798398
1487,15,-10.762091
1487,16,12.218026
1487,18,4.454324
1487,20,-1.134421
1487,25,-8.757031
1487,26,8.143573
1487,29,-7.494407
1488,5,-0.216725
1488,10,-1.841114
1488,13,-6.781448
1488,15,-10.791155
1488,16,12.345735
1488,18,4.560731
1488,20,-1.121936
1488,25,-8.858442
1488,26,8.227094
1488,29,-7.487921
1489,5,-0.292453
1489,10,-1.827713
1489,13,-6.973904
1489,15,-11.03717
1489,16,12.560277
1489,18,4.602125
1489,20,-1.135426
1489,25,-8.985559
1489,26,8.384849
1489,29,-7.675561
1490,5,-0.228124
1490,10,-1.873854
1490,13,-7.057542
1490,15,-11.215423
1490,16,12.909792
1490,18,4.834571
1490,20,-1.089159
1490,25,-9.212373
1490,26,8.643137
1490,29,-7.745153
1491,5,-0.138277
1491,10,-1.91812
1491,13,-7.054424
1491,15,-11.275941
1491,16,13.146306
1491,18,5.036962
1491,20,-1.034888
1491,25,-9.367532
1491,26,8.820711
1491,29,-7.728686
1492,5,-0.235354
1492,10,-1.807607
1492,13,-7.180684
1492,15,-11.373235
1492,16,13.282701
1492,18,5.135554
1492,20,-0.920322
1492,25,-9.355181
1492,26,8.991006
1492,29,-7.756603
1493,5,-0.158261
1493,10,-1.883944
1493,13,-7.15871
1493,15,-11.411763
1493,16,13.381007
1493,18,5.193678
1493,20,-0.956354
1493,25,-9.470617
1493,26,9.027574
1493,29,-7.781465
1494,5,0.063564
1494,10,-2.170141
1494,13,-7.057978
1494,15,-11.489806
1494,16,13.467138
1494,18,5.154879
1494,20,-1.205434
1494,25,-9.760364
1494,26,8.922727
1494,29,-7.909389
1495,5,-0.171385
1495,10,-2.255451
1495,13,-7.39801
1495,15,-11.914951
1495,16,13.325077
1495,18,4.628749
1495,20,-1.601006
1495,25,-9.83544
1495,26,8.664886
1495,29,-8.473876
1496,5,-0.267838
1496,10,-2.147533
1496,13,-7.429032
1496,15,-11.870646
1496,16,13.235132
1496,18,4.589288
1496,20,-1.529927
1496,25,-9.699508
1496,26,8.653012
1496,29,-8.436954
1497,5,-0.191167
1497,10,-2.167628
1497,13,-7.325419
1497,15,-11.764055
1497,16,13.227177
1497,18,4.660615
1497,20,-1.490898
1497,25,-9.696869
1497,26,8.652014
1497,29,-8.32795
1498,5,-0.267478
1498,10,-2.129025
1498,13,-7.349132
1498,15,-11.746585
1498,16,13.081433
1498,18,4.520282
1498,20,-1.526068
1498,25,-9.597016
1498,26,8.543832
1498,29,-8.362093
1499,5,-0.268586
1499,10,-2.21993
1499,13,-7.350833
1499,15,-11.786089
1499,16,12.941731
1499,18,4.308935
1499,20,-1.703985
1499,25,-9.615981
1499,26,8.354939
1499,29,-8.490876
1500,5,-0.465544
1500,10,-2.086949
1500,13,-7.52201
1500,15,-11.890481
1500,16,12.873229
1500,18,4.178745
1500,20,-1.684606
1500,25,-9.49256
1500,26,8.350601
1500,29,-8.606317
1501,5,-0.626162
1501,10,-1.975568
1501,13,-7.693068
1501,15,-12.022014
1501,16,12.896588
1501,18,4.123586
1501,20,-1.650049
1501,25,-9.433214
1501,26,8.412369
1501,29,-8.719641
1502,5,-0.575904
1502,10,-1.834766
1502,13,-7.59147
1502,15,-11.841185
1502,16,13.053739
1502,18,4.478198
1502,20,-1.338475
1502,25,-9.361269
1502,26,8.669414
1502,29,-8.417318
1503,5,-0.795919
1503,10,-1.841876
1503,13,-7.773804
1503,15,-12.005684
1503,16,12.712024
1503,18,3.960862
1503,20,-1.623746
1503,25,-9.238058
1503,26,8.323593
1503,29,-8.749356
1504,5,-0.954743
1504,10,-1.779402
1504,13,-7.980494
1504,15,-12.211022
1504,16,12.749043
1504,18,3.849074
1504,20,-1.6669
1504,25,-9.236939
1504,26,8.355917
1504,29,-8.952599
1505,5,-1.237006
1505,10,-1.673453
1505,13,-8.295592
1505,15,-12.498209
1505,16,12.681725
1505,18,3.565205
1505,20,-1.775248
1505,25,-9.164921
1505,26,8.304223
1505,29,-9.280253
1506,5,-1.12444
1506,10,-1.715426
1506,13,-8.213865
1506,15,-12.451761
1506,16,12.815738
1506,18,3.740472
1506,20,-1.713148
1506,25,-9.254819
1506,26,8.408742
1506,29,-9.18578
1507,5,-1.171651
1507,10,-1.7077
1507,13,-8.364624
1507,15,-12.652564
1507,16,13.022316
1507,18,3.807772
1507,20,-1.710035
1507,25,-9.375894
1507,26,8.563961
1507,29,-9.327686
1508,5,-1.226542
1508,10,-1.673725
1508,13,-8.480947
1508,15,-12.787247
1508,16,13.162087
1508,18,3.860698
1508,20,-1.682173
1508,25,-9.434245
1508,26,8.685698
1508,29,-9.415985
1509,5,-1.175032
1509,10,-1.685058
1509,13,-8.491727
1509,15,-12.836339
1509,16,13.351071
1509,18,4.026847
1509,20,-1.618373
1509,25,-9.539249
1509,26,8.840855
1509,29,-9.399069
1510,5,-1.199549
1510,10,-1.714145
1510,13,-8.619673
1510,15,-13.029232
1510,16,13.524953
1510,18,4.055133
1510,20,-1.660604
1510,25,-9.674627
1510,26,8.946079
1510,29,-9.555169
1511,5,-1.197122
1511,10,-1.728769
1511,13,-8.646146
1511,15,-13.077707
1511,16,13.575262
1511,18,4.066653
1511,20,-1.674182
1511,25,-9.71864
1511,26,8.973388
1511,29,-9.595706
1512,5,-1.184876
1512,10,-1.744995
1512,13,-8.648081
1512,15,-13.094986
1512,16,13.599163
1512,18,4.073728
1512,20,-1.685548
1512,25,-9.746958
1512,26,8.981348
1512,29,-9.612373
1513,5,-1.380486
1513,10,-1.671394
1513,13,-8.891741
1513,15,-13.332531
1513,16,13.613068
1513,18,3.912596
1513,20,-1.749867
1513,25,-9.730819
1513,26,8.993636
1513,29,-9.858479
1514,5,-1.62325
1514,10,-1.567969
1514,13,-9.158198
1514,15,-13.568038
1514,16,13.563624
1514,18,3.689876
1514,20,-1.821104
1514,25,-9.660447
1514,26,8.966377
1514,29,-10.120604
1515,5,-1.529308
1515,10,-1.684253
1515,13,-9.03092
1515,15,-13.472521
1515,16,13.408164
1515,18,3.565035
1515,20,-1.952056
1515,25,-9.671215
1515,26,8.773077
1515,29,-10.109258
1516,5,-1.437843
1516,10,-1.792615
1516,13,-8.956564
1516,15,-13.452364
1516,16,13.381881
1516,18,3.524588
1516,20,-2.04953
1516,25,-9.746672
1516,26,8.688193
1516,29,-10.127774
1517,5,-1.278821
1517,10,-2.091353
1517,13,-8.905983
1517,15,-13.577971
1517,16,13.34678
1517,18,3.310354
1517,20,-2.401468
1517,25,-9.998196
1517,26,8.457635
1517,29,-10.362774
1518,5,-0.933648
1518,10,-2.461141
1518,13,-8.717293
1518,15,-13.620877
1518,16,13.521322
1518,18,3.379154
1518,20,-2.655099
1518,25,-10.392326
1518,26,8.390151
1518,29,-10.437003
1519,5,-0.867936
1519,10,-2.430224
1519,13,-8.621425
1519,15,-13.500313
1519,16,13.574234
1519,18,3.541737
1519,20,-2.530693
1519,25,-10.373575
1519,26,8.476621
1519,29,-10.27453
1520,5,-0.894057
1520,10,-2.411759
1520,13,-8.574407
1520,15,-13.40995
1520,16,13.402712
1520,18,3.427552
1520,20,-2.55539
1520,25,-10.266184
1520,26,8.347023
1520,29,-10.241
1521,5,-0.811945
1521,10,-2.414196
1521,13,-8.400034
1521,15,-13.19255
1521,16,13.273918
1521,18,3.458892
1521,20,-2.502653
1521,25,-10.176103
1521,26,8.26644
1521,29,-10.05227
1522,5,-0.819837
1522,10,-2.313567
1522,13,-8.271173
1522,15,-12.956163
1522,16,13.101899
1522,18,3.482366
1522,20,-2.372345
1522,25,-9.977851
1522,26,8.210575
1522,29,-9.833379
1523,5,-0.729764
1523,10,-2.298615
1523,13,-8.119198
1523,15,-12.769973
1523,18,3.613126
1523,20,-2.263809
1523,25,-9.928468
1523,26,8.232977
1523,29,-9.631018
1524,5,-0.671942
1524,10,-2.247165
1524,13,-7.970618
1524,15,-12.557655
1524,16,13.014713
1524,18,3.721895
1524,20,-2.133672
1524,25,-9.823264
1524,26,8.239058
1524,29,-9.40898
1525,5,-0.592384
1525,10,-2.251149
1525,13,-7.849647
1525,15,-12.420102
1525,16,13.00145
1525,18,3.816366
1525,20,-2.065775
1525,25,-9.800366
1525,26,8.247952
1525,29,-9.263441
1526,5,-0.438927
1526,10,-2.251937
1526,13,-7.653026
1526,15,-12.206176
1526,16,13.072227
1526,18,4.066764
1526,20,-1.906206
1526,25,-9.802059
1526,26,8.348213
1526,29,-8.997051
1527,5,-0.50329
1527,10,-2.179893
1527,13,-7.600209
1527,15,-12.065771
1527,16,12.837963
1527,18,3.93652
1527,20,-1.889309
1527,25,-9.613448
1527,26,8.202257
1527,29,-8.91864
1528,5,-0.435987
1528,10,-2.178594
1528,13,-7.479266
1528,15,-11.919699
1528,16,12.790367
1528,18,4.00107
1528,20,-1.830449
1528,25,-9.569041
1528,26,8.184629
1528,29,-8.776154
1529,5,-0.449407
1529,10,-2.165607
1529,13,-7.503133
1529,15,-11.945124
1529,16,12.822887
1529,18,4.018205
1529,20,-1.816296
1529,25,-9.57851
1529,26,8.216049
1529,29,-8.791057
1530,5,-0.477261
1530,10,-2.124799
1530,13,-7.52097
1530,15,-11.942985
1530,16,12.834777
1530,18,4.041431
1530,20,-1.773221
1530,25,-9.551161
1530,26,8.250004
1530,29,-8.776191
1531,5,-0.651932
1531,10,-2.017532
1531,13,-7.638231
1531,15,-11.987308
1531,16,12.674224
1531,18,3.851639
1531,20,-1.791479
1531,25,-9.395798
1531,26,8.158977
1531,29,-8.866253
1532,5,-0.694413
1532,10,-2.022833
1532,13,-7.670223
1532,15,-12.016604
1532,16,12.594979
1532,18,3.737384
1532,20,-1.855607
1532,25,-9.368976
1532,26,8.078036
1532,29,-8.935336
1533,5,-0.773717
1533,10,-1.871459
1533,13,-7.686869
1533,15,-11.942445
1533,16,12.599737
1533,18,3.837377
1533,20,-1.678794
1533,25,-9.235768
1533,26,8.183178
1533,29,-8.813888
1534,5,-0.770678
1534,10,-1.823261
1534,13,-7.613745
1534,15,-11.816263
1534,16,12.515286
1534,18,3.856111
1534,20,-1.610254
1534,25,-9.138473
1534,26,8.156294
1534,29,-8.696513
1535,5,-0.789006
1535,10,-1.709045
1535,13,-7.626727
1535,15,-11.783516
1535,16,12.666296
1535,18,4.075653
1535,20,-1.410935
1535,25,-9.110485
1535,26,8.364357
1535,29,-8.572175
1536,5,-1.253527
1536,10,-1.192576
1536,13,-8.018177
1536,15,-11.929932
1536,16,12.794045
1536,18,4.21961
1536,20,-0.975731
1536,25,-8.766206
1536,26,8.756166
1536,29,-8.555059
1537,5,-2.143631
1537,10,-0.43541
1537,13,-8.736691
1537,15,-12.250964
1537,16,12.590293
1537,18,3.911819
1537,20,-0.608628
1537,25,-8.094738
1537,26,8.959619
1537,29,-8.805479
1538,5,-2.90372
1538,10,0.102697
1538,13,-9.424811
1538,15,-12.679995
1538,16,12.420859
1538,18,3.50244
1538,20,-0.475786
1538,25,-7.636695
1538,26,9.046691
1538,29,-9.219415
1539,5,-3.607795
1539,10,0.816229
1539,13,-10.048272
1539,15,-12.973567
1539,16,12.574857
1539,18,3.602388
1539,20,0.061044
1539,25,-7.163696
1539,26,9.552375
1539,29,-9.305775
1540,5,-4.487018
1540,10,1.52867
1540,13,-10.918773
1540,15,-13.547884
1540,16,12.700226
1540,18,3.442644
1540,20,0.421166
1540,25,-6.720727
1540,26,9.982595
1540,29,-9.718995
1541,5,-5.122434
1541,10,2.155937
1541,13,-11.420734
1541,15,-13.727481
1541,16,12.668263
1541,20,0.847764
1541,25,-6.214792
1541,26,10.289987
1541,29,-9.773948
1542,5,-5.989714
1542,10,2.935491
1542,13,-12.096473
1542,15,-13.987241
1542,16,12.478695
1542,18,3.170262
1542,20,1.276589
1542,25,-5.521169
1542,26,10.530876
1542,29,-9.942567
1543,5,-6.022169
1543,10,2.98674
1543,13,-12.0459
1543,15,-13.874922
1543,16,12.328273
1543,18,3.10485
1543,20,1.304097
1543,25,-5.392109
1543,26,10.444313
1543,29,-9.865452
1544,5,-6.614915
1544,10,3.647951
1544,13,-12.491831
1544,15,-13.979516
1544,16,12.367581
1544,18,3.217623
1544,20,1.841103
1544,25,-4.879813
1544,26,10.849169
1544,29,-9.798386
1545,5,-7.015866
1545,10,4.165563
1545,13,-12.787797
1545,15,-14.015218
1545,16,12.49454
1545,18,3.449054
1545,20,2.339252
1545,25,-4.516983
1545,26,11.260637
1545,29,-9.655947
1546,5,-7.510448
1546,10,4.726888
1546,13,-13.062789
1546,15,-13.951821
1546,16,12.311682
1546,18,3.428236
1546,20,2.765624
1546,25,-3.957907
1546,26,11.436025
1546,29,-9.514737
1547,5,-7.84061
1547,10,5.046594
1547,13,-13.17249
1547,15,-13.818932
1547,18,3.181957
1547,20,2.912067
1547,25,-3.492952
1547,26,11.298708
1547,29,-9.438846
1548,5,-8.05462
1548,10,5.284003
1548,13,-13.239957
1548,15,-13.716193
1548,16,11.716011
1548,18,3.087021
1548,20,3.064325
1548,25,-3.183271
1548,26,11.26679
1548,29,-9.347403
1549,5,-8.599018
1549,10,5.88339
1549,13,-13.627574
1549,15,-13.782128
1549,16,11.687841
1549,18,3.14116
1549,20,3.532883
1549,25,-2.684406
1549,26,11.581538
1549,29,-9.27914
1550,5,-9.150908
1550,10,6.376411
1550,13,-13.867814
1550,15,-13.660822
1550,16,11.109643
1550,18,2.713881
1550,20,3.72049
1550,25,-1.987134
1550,26,11.371542
1550,29,-9.247125
1551,5,-9.719377
1551,10,7.03809
1551,13,-14.252308
1551,15,-13.685128
1551,16,11.089436
1551,18,2.824918
1551,20,4.271127
1551,25,-1.43401
1551,26,11.737433
1551,29,-9.112474
1552,5,-10.262102
1552,10,7.652275
1552,13,-14.492002
1552,15,-13.521574
1552,16,10.737409
1552,18,2.710125
1552,20,4.709488
1552,25,-0.736065
1552,26,11.809627
1552,29,-8.911189
1553,5,-10.530024
1553,10,7.929743
1553,13,-14.604902
1553,15,-13.443055
1553,16,10.510479
1553,18,2.585574
1553,20,4.873291
1553,25,-0.388196
1553,26,11.781887
1553,29,-8.842403
1554,5,-10.89551
1554,10,8.470135
1554,13,-14.784148
1554,15,-13.312106
1554,16,10.521593
1554,18,2.828013
1554,20,5.423377
1554,26,12.131659
1554,29,-8.552255
1555,5,-11.151575
1555,10,8.78961
1555,13,-14.92017
1555,15,-13.259158
1555,16,10.459887
1555,18,2.874935
1555,20,5.697618
1555,26,12.272738
1555,29,-8.435501
1556,5,-11.329275
1556,10,8.85161
1556,13,-15.140583
1556,15,-13.475148
1556,16,10.461757
1556,18,2.713947
1556,20,5.628574
1556,26,12.273304
1556,29,-8.661464
1557,5,-11.468635
1557,10,9.003978
1557,13,-15.205061
1557,15,-13.440596
1557,16,10.371846
1557,18,2.67561
1557,20,5.731758
1557,26,12.287772
1557,29,-8.619608
1558,5,-11.239945
1558,13,-14.826195
1558,15,-13.114332
1558,16,9.749789
1558,18,2.174235
1558,20,5.300084
1558,26,11.593816
1558,29,-8.585153
1559,5,-10.580707
1559,13,-13.908301
1559,15,-12.292955
1559,16,8.978695
1559,18,1.854271
1559,20,4.865324
1559,26,10.712656
1559,29,-8.116123
1560,5,-10.622572
1560,10,7.971122
1560,13,-13.773714
1560,15,-12.12136
1560,16,8.274976
1560,18,1.180446
1560,20,4.459278
1560,26,10.025344
1560,29,-8.239612
1561,5,-10.05025
1561,13,-12.944578
1561,15,-11.393564
1561,16,7.379514
1561,18,0.644218
1561,20,3.889844
1561,26,9.00664
1561,29,-7.92832
1562,5,-10.184341
1562,13,-13.254204
1562,15,-11.809866
1562,16,7.572972
1562,18,0.507828
1562,20,3.715286
1562,26,9.081517
1562,29,-8.330317
1563,5,-9.874429
1563,10,6.882876
1563,13,-13.254956
1563,15,-12.157059
1563,16,7.926148
1563,18,0.506549
1563,20,3.303888
1563,26,9.067045
1563,29,-8.700226
1564,5,-9.396311
1564,10,6.554924
1564,13,-13.044058
1564,15,-12.2236
1564,16,8.586925
1564,18,1.102958
1564,20,3.333976
1564,26,9.4554
1564,29,-8.600548
1565,5,-9.204318
1565,10,6.430934
1565,13,-13.120176
1565,15,-12.493082
1565,16,9.252162
1565,18,1.587402
1565,20,3.428159
1565,26,9.932583
1565,29,-8.673656
1566,5,-9.006693
1566,10,6.262452
1566,13,-13.287747
1566,15,-12.921972
1566,16,10.085116
1566,18,2.117214
1566,20,3.482602
1566,26,10.506423
1566,29,-8.871277
1567,5,-8.934002
1567,10,6.227358
1567,13,-13.466799
1567,15,-13.249412
1567,16,10.718873
1567,18,2.540363
1567,20,3.604101
1567,26,10.997293
1567,29,-8.999276
1568,5,-8.742669
1568,10,5.992684
1568,13,-13.446098
1568,15,-13.41321
1568,16,10.970175
1568,18,2.627925
1568,20,3.440675
1568,26,11.056108
1568,29,-9.146257
1569,5,-8.549776
1569,13,-13.480753
1569,15,-13.733636
1569,16,11.051737
1569,18,2.357784
1569,20,2.932743
1569,26,10.824824
1569,29,-9.584206
1570,13,-13.055831
1570,15,-13.711953
1570,16,11.111219
1570,18,2.270031
1570,20,2.344832
1570,26,10.454269
1570,29,-9.727149
1571,5,-7.296876
1571,10,4.327197
1571,13,-12.473507
1571,15,-13.360112
1571,16,11.07145
1571,18,2.389431
1571,20,2.076178
1571,26,10.175772
1571,29,-9.484724
1572,5,-6.702149
1572,10,3.775658
1572,13,-12.098181
1572,15,-13.3255
1572,16,11.38952
1572,18,2.637884
1572,20,1.7863
1572,26,10.141656
1572,29,-9.46707
1573,5,-5.364672
1573,10,2.709591
1573,13,-10.939395
1573,15,-12.700444
1573,16,11.629279
1573,18,3.158697
1573,20,1.343652
1573,25,-5.137922
1573,26,9.835351
1573,29,-8.954547
1574,5,-5.200358
1574,10,2.445762
1574,13,-10.760974
1574,15,-12.619724
1574,16,11.357128
1574,18,2.861394
1574,20,1.014539
1574,25,-5.215832
1574,26,9.449919
1574,29,-9.040942
1575,5,-5.154732
1575,10,2.526928
1575,13,-10.663087
1575,15,-12.466619
1575,16,11.418975
1575,18,3.070187
1575,20,1.204737
1575,25,-5.156448
1575,26,9.578262
1575,29,-8.826482
1576,5,-4.943773
1576,10,2.383798
1576,13,-10.507756
1576,15,-12.401763
1576,16,11.565738
1576,18,3.2492
1576,20,1.195322
1576,25,-5.336126
1576,29,-8.73618
1577,5,-4.815725
1577,10,2.262764
1577,13,-10.3658
1577,15,-12.302965
1577,16,11.48512
1577,18,3.210544
1577,20,1.102921
1577,25,-5.384333
1577,26,9.508475
1577,29,-8.690636
1578,5,-4.88597
1578,10,2.438777
1578,13,-10.354792
1578,15,-12.182625
1578,16,11.498217
1578,18,3.360984
1578,20,1.330708
1578,25,-5.228131
1578,29,-8.507144
1579,5,-4.849972
1579,10,2.63667
1579,13,-10.120587
1579,15,-11.772374
1579,16,11.388744
1579,18,3.615999
1579,20,1.676826
1579,25,-4.953422
1579,26,9.730505
1579,29,-8.041771
1580,5,-5.381389
1580,10,3.131057
1580,13,-10.458869
1580,15,-11.809563
1580,16,11.118323
1580,18,3.400421
1580,20,1.93987
1580,25,-4.421145
1580,26,9.772548
1580,29,-8.060783
1581,5,-5.606771
1581,10,3.486991
1581,13,-10.382269
1581,15,-11.435194
1581,16,10.714117
1581,18,3.338571
1581,20,2.245265
1581,25,-3.880037
1581,26,9.683437
1581,29,-7.708056
1582,5,-5.659441
1582,10,3.735073
1582,13,-10.322762
1582,15,-11.223646
1582,16,10.791618
1582,18,3.649908
1582,20,2.621617
1582,25,-3.681791
1582,26,9.933494
1582,29,-7.378832
1583,5,-5.793591
1583,10,4.03653
1583,13,-10.294007
1583,15,-10.993683
1583,18,3.846074
1583,20,2.985623
1583,25,-3.374957
1583,26,10.102514
1583,29,-7.065127
1584,5,-6.203909
1584,10,4.521803
1584,13,-10.546354
1584,15,-10.970507
1584,16,10.680256
1584,18,3.908773
1584,20,3.387412
1584,25,-2.942033
1584,26,10.337877
1584,29,-6.936991
1585,5,-6.849346
1585,10,5.126776
1585,13,-11.156709
1585,15,-11.318613
1585,18,3.939887
1585,20,3.799078
1585,26,10.7769
1585,29,-7.106998
1586,5,-7.369951
1586,10,5.649817
1586,13,-11.565249
1586,15,-11.458513
1586,16,10.825386
1586,18,3.92817
1586,20,4.164608
1586,25,-2.14883
1586,26,11.046913
1586,29,-7.13344
1587,5,-7.501513
1587,10,5.957887
1587,13,-11.566463
1587,15,-11.273473
1587,18,4.191387
1587,20,4.558201
1587,25,-1.887605
1587,26,11.295302
1587,29,-6.832032
1588,5,-7.945506
1588,10,6.349338
1588,13,-11.837837
1588,15,-11.295369
1588,18,3.944583
1588,20,4.730824
1588,25,-1.429191
1588,26,11.264374
1588,29,-6.866136
1589,5,-8.184059
1589,10,6.593367
1589,13,-11.963254
1589,15,-11.264033
1589,18,3.861665
1589,20,4.880912
1589,25,-1.152611
1589,26,11.281305
1589,29,-6.825172
1590,5,-8.063621
1590,10,6.567001
1590,13,-11.861529
1590,15,-11.187272
1590,16,10.576892
1590,18,4.07494
1590,20,4.978385
1590,25,-1.233836
1590,26,11.407652
1590,29,-6.69203
1591,5,-8.332423
1591,10,6.865636
1591,13,-12.036202
1591,15,-11.194078
1591,16,10.530323
1591,18,4.084117
1591,20,5.207752
1591,25,-0.965729
1591,26,11.539993
1591,29,-6.640541
1592,5,-8.652504
1592,10,7.163876
1592,13,-12.234283
1592,15,-11.207944
1592,16,10.355772
1592,18,3.946924
1592,20,5.364502
1592,26,11.556985
1592,29,-6.645946
1593,5,-8.812003
1593,10,7.273539
1593,13,-12.462626
1593,15,-11.428568
1593,16,10.519577
1593,18,3.97095
1593,20,5.420709
1593,26,11.729814
1593,29,-6.80158
1594,5,-8.513279
1594,10,6.900244
1594,13,-12.318811
1594,15,-11.516389
1594,16,10.630896
1594,18,3.934452
1594,20,5.105796
1594,26,11.594139
1594,29,-6.956104
1595,5,-8.426984
1595,10,6.808698
1595,13,-12.236277
1595,15,-11.47393
1595,16,10.592876
1595,18,3.903672
1595,20,5.02948
1595,26,11.51298
1595,29,-6.948673
1596,5,-8.609228
1596,10,7.025957
1596,13,-12.305524
1596,15,-11.398142
1596,16,10.467748
1596,18,3.874635
1596,20,5.193251
1596,26,11.54148
1596,29,-6.856251
1597,5,-8.826923
1597,10,7.075579
1597,13,-12.757813
1597,15,-11.95141
1597,16,10.865454
1597,18,3.87266
1597,20,5.133182
1597,26,11.831552
1597,29,-7.309025
1598,5,-8.980252
1598,10,7.205319
1598,13,-12.840884
1598,15,-11.945475
1598,16,10.733006
1598,18,3.759153
1598,20,5.17755
1598,26,11.790491
1598,29,-7.320066
1599,10,7.173787
1599,13,-12.511181
1599,15,-11.624401
1599,16,10.972355
1599,18,4.271271
1599,20,5.459044
1599,26,12.037619
1599,29,-6.881078
1600,10,6.954067
1600,13,-12.219447
1600,15,-11.411764
1600,16,10.871261
1600,18,4.279699
1600,20,5.334711
1600,26,11.853282
1600,29,-6.741979
1601,10,6.951751
1601,13,-12.114921
1601,15,-11.321363
1601,16,11.045481
1601,18,4.540617
1601,20,5.475869
1601,26,12.021088
1601,29,-6.577213
1602,10,6.926512
1602,13,-11.958841
1602,15,-11.141226
1602,18,4.558132
1602,20,5.497213
1602,26,11.938458
1602,29,-6.426297
1603,10,6.761204
1603,13,-11.658612
1603,15,-10.920239
1603,16,11.060887
1603,18,4.833118
1603,20,5.544875
1603,25,-1.277287
1603,26,11.987848
1603,29,-6.17817
1604,10,6.484624
1604,13,-11.5961
1604,15,-11.049567
1604,18,4.844871
1604,20,5.319303
1604,26,11.950004
1604,29,-6.333753
1605,10,6.107519
1605,13,-11.424851
1605,15,-11.092825
1605,16,11.239552
1605,18,4.736332
1605,20,4.974431
1605,26,11.731855
1605,29,-6.477911
1606,10,5.79818
1606,13,-11.210771
1606,15,-11.070518
1606,16,11.419246
1606,18,4.878698
1606,20,4.814097
1606,26,11.712284
1606,29,-6.468364
1607,10,5.525051
1607,13,-11.113217
1607,15,-11.18818
1607,18,5.11329
1607,20,4.701445
1607,26,11.85041
1607,29,-6.53717
1608,13,-11.105334
1608,15,-11.419166
1608,16,11.967497
1608,18,5.055797
1608,20,4.382592
1608,26,11.783328
1608,29,-6.812314
1609,10,4.819383
1609,13,-10.763281
1609,15,-11.245217
1609,16,11.864898
1609,18,4.99714
1609,20,4.102652
1609,25,-3.325903
1609,26,11.500406
1609,29,-6.758106
1610,10,4.183273
1610,13,-10.410318
1610,15,-11.322612
1610,16,12.383152
1610,18,5.356056
1610,20,3.783212
1610,25,-4.116004
1610,26,11.572024
1610,29,-6.818827
1611,10,4.03019
1611,13,-10.365216
1611,15,-11.310988
1611,16,12.023458
1611,18,4.934882
1611,20,3.465453
1611,25,-4.067839
1611,26,11.164034
1611,29,-6.983857
1612,5,-5.012062
1612,10,3.400928
1612,13,-9.906311
1612,15,-11.118681
1612,16,11.639491
1612,18,4.525936
1612,20,2.825419
1612,25,-4.37717
1612,26,10.484314
1612,29,-7.082759
1613,5,-4.088536
1613,10,2.164119
1613,13,-9.339888
1613,15,-11.230333
1613,16,11.540444
1613,18,4.046886
1613,20,1.639235
1613,25,-5.370405
1613,26,9.649696
1613,29,-7.572823
1614,5,-3.015116
1614,10,0.741649
1614,13,-8.794198
1614,15,-11.527673
1614,16,11.723508
1614,18,3.68521
1614,20,0.337412
1614,25,-6.680266
1614,26,8.925244
1614,29,-8.212528
1615,5,-2.273607
1615,10,-0.103463
1615,13,-8.394099
1615,15,-11.647909
1615,16,12.023846
1615,18,3.724956
1615,20,-0.30227
1615,25,-7.544198
1615,26,8.673359
1615,29,-8.4592
1616,5,-1.409321
1616,10,-0.781257
1616,13,-7.639413
1616,15,-11.232357
1616,16,12.185294
1616,18,4.083071
1616,20,-0.567373
1616,25,-8.127934
1616,26,8.484764
1616,29,-8.118882
1617,5,-0.526639
1617,10,-1.456798
1617,13,-6.908287
1617,15,-10.862942
1617,16,12.474585
1617,20,-0.788718
1617,25,-8.778637
1617,26,8.402881
1617,29,-7.781744
1618,5,-0.178104
1618,10,-1.809262
1618,13,-6.659834
1618,15,-10.811098
1618,16,12.544873
1618,18,4.582456
1618,20,-1.026945
1618,25,-9.099098
1618,26,8.265009
1618,29,-7.794017
1619,5,-0.419214
1619,10,-1.609027
1619,13,-6.928349
1619,15,-11.01426
1619,16,12.66279
1619,18,4.590762
1619,20,-0.906581
1619,26,8.452662
1619,29,-7.925412
1620,5,0.11629
1620,10,-2.220677
1620,13,-6.490162
1620,15,-10.872194
1620,16,12.514395
1620,18,4.404698
1620,20,-1.433728
1620,26,7.983555
1620,29,-7.98795
1621,5,0.649219
1621,10,-2.595647
1621,13,-5.999021
1621,15,-10.561356
1621,16,12.624143
1621,18,4.690128
1621,20,-1.523647
1621,26,7.909562
1621,29,-7.704307
1622,5,1.8015
1622,10,-3.672137
1622,13,-4.850699
1622,15,-9.850385
1622,16,12.202462
1622,18,4.560996
1622,20,-2.275117
1622,26,7.018178
1622,29,-7.36068
1623,5,2.516394
1623,10,-4.329278
1623,13,-4.118775
1623,15,-9.375848
1623,16,11.911919
1623,18,4.478487
1623,20,-2.7284
1623,26,6.450831
1623,29,-7.119555
1624,5,3.172134
1624,10,-4.777917
1624,13,-3.4481
1624,15,-8.886066
1624,16,11.905871
1624,18,4.765849
1624,20,-2.841892
1624,25,-10.991849
1624,26,6.260018
1624,29,-6.700551
1625,5,3.752469
1625,10,-5.248762
1625,13,-2.944814
1625,15,-8.618624
1625,16,11.997039
1625,18,4.975116
1625,20,-3.048834
1625,25,-11.391622
1625,26,6.105656
1625,29,-6.498205
1626,5,4.186682
1626,10,-5.626755
1626,13,-2.586522
1626,15,-8.456357
1626,16,12.067189
1626,18,5.097381
1626,20,-3.24622
1626,25,-11.718684
1626,26,5.97013
1626,29,-6.395897
1627,5,4.045352
1627,10,-5.225094
1627,13,-2.622696
1627,15,-8.286685
1627,16,12.319494
1627,18,5.598342
1627,20,-2.669494
1627,25,-11.487688
1627,26,6.455377
1627,29,-6.011049
1628,5,4.342504
1628,10,-5.517117
1628,13,-2.361129
1628,15,-8.16289
1628,16,12.272272
1628,18,5.580615
1628,20,-2.876658
1628,25,-11.691535
1628,26,6.260383
1628,29,-5.972357
1629,5,4.487428
1629,10,-5.482554
1629,13,-2.209169
1629,15,-8.002025
1629,16,12.488865
1629,18,5.953497
1629,20,-2.640966
1629,25,-11.74882
1629,26,6.496416
1629,29,-5.708278
1630,5,4.977021
1630,10,-5.844492
1630,13,-1.663614
1630,15,-7.577311
1630,18,6.041704
1630,20,-2.797131
1630,25,-11.915344
1630,26,6.21084
1630,29,-5.395902
1631,5,4.782977
1631,10,-5.455169
1631,13,-1.847188
1631,15,-7.609158
1631,18,6.538985
1631,20,-2.266624
1631,25,-11.795333
1631,26,6.786785
1631,29,-5.183383
1632,5,4.658814
1632,10,-5.367836
1632,13,-1.947779
1632,15,-7.662127
1632,16,12.674902
1632,18,6.453044
1632,20,-2.251185
1632,25,-11.704448
1632,26,6.778109
1632,29,-5.243464
1633,5,4.778098
1633,10,-5.343063
1633,13,-1.760562
1633,15,-7.435491
1633,16,12.696154
1633,18,6.663451
1633,20,-2.090419
1633,25,-11.665608
1633,26,6.846366
1633,29,-4.981695
1634,5,4.85658
1634,10,-5.394991
1634,13,-1.707476
1634,15,-7.419687
1634,16,12.767336
1634,18,6.74121
1634,20,-2.088675
1634,25,-11.743473
1634,26,6.87934
1634,29,-4.955609
1635,5,4.936504
1635,10,-5.418047
1635,13,-1.57128
1635,15,-7.265949
1635,16,12.689284
1635,18,6.773898
1635,20,-2.063056
1635,25,-11.705514
1635,26,6.820033
1635,29,-4.824
1636,5,5.111058
1636,10,-5.599659
1636,13,-1.321067
1636,15,-7.048186
1636,16,12.409318
1636,18,6.603015
1636,20,-2.244959
1636,25,-11.691166
1636,26,6.499822
1636,29,-4.737897
1637,5,5.222439
1637,10,-5.685283
1637,13,-1.215846
1637,15,-6.983136
1637,16,12.415928
1637,18,6.642711
1637,20,-2.278607
1637,25,-11.758646
1637,26,6.463972
1637,29,-4.690039
1638,5,5.156977
1638,10,-5.55819
1638,13,-1.237033
1638,15,-6.933585
1638,16,12.446527
1638,18,6.743121
1638,20,-2.124829
1638,25,-11.663681
1638,26,6.571945
1638,29,-4.593892
1639,5,5.11845
1639,10,-5.533088
1639,13,-1.347511
1639,15,-7.074435
1639,16,12.621545
1639,18,6.824756
1639,20,-2.090241
1639,25,-11.749973
1639,26,6.716359
1639,29,-4.682824
1640,5,5.100293
1640,10,-5.566727
1640,13,-1.405729
1640,15,-7.167397
1640,18,6.765224
1640,20,-2.160271
1640,25,-11.803213
1640,26,6.699134
1640,29,-4.790514
1641,5,5.006228
1641,10,-5.470873
1641,13,-1.40156
1641,15,-7.072881
1641,16,12.454683
1641,18,6.655859
1641,20,-2.124201
1641,25,-11.620091
1641,26,6.6028
1641,29,-4.733232
1642,5,4.764973
1642,10,-5.28735
1642,13,-1.564325
1642,15,-7.118579
1642,16,12.285559
1642,18,6.474256
1642,20,-2.081371
1642,25,-11.392697
1642,26,6.552951
1642,29,-4.800395
1643,5,4.32506
1643,10,-5.032388
1643,13,-2.095249
1643,15,-7.591404
1643,16,12.413694
1643,18,6.287721
1643,20,-2.061077
1643,25,-11.309674
1643,26,6.738195
1643,29,-5.212413
1644,5,3.994325
1644,10,-4.868224
1644,13,-2.571752
1644,15,-8.076853
1644,18,6.192607
1644,20,-2.06708
1644,25,-11.358667
1644,26,6.966324
1644,29,-5.62179
1645,5,3.810921
1645,10,-4.758908
1645,13,-2.879511
1645,15,-8.40773
1645,16,12.925627
1645,18,6.244907
1645,20,-2.016039
1645,25,-11.448326
1645,29,-5.86313
1646,5,3.460823
1646,10,-4.451604
1646,13,-3.276593
1646,15,-8.708017
1646,16,13.143232
1646,18,6.306073
1646,20,-1.80589
1646,25,-11.342872
1646,26,7.537672
1646,29,-6.037595
1647,5,3.049335
1647,10,-3.966176
1647,13,-3.580518
1647,15,-8.764463
1647,16,13.210489
1647,18,6.439191
1647,20,-1.384042
1647,25,-10.982963
1647,26,7.871898
1647,29,-5.949455
1648,5,2.641746
1648,10,-3.586372
1648,13,-3.995964
1648,15,-9.03351
1648,16,13.386246
1648,18,6.495621
1648,20,-1.116034
1648,25,-10.792537
1648,26,8.205291
1648,29,-6.085157
1649,5,2.34898
1649,10,-3.272262
1649,13,-4.296469
1649,15,-9.215934
1649,16,13.588904
1649,18,6.63656
1649,20,-0.841543
1649,25,-10.658381
1649,26,8.537465
1649,29,-6.132882
1650,5,2.01579
1650,10,-2.910447
1650,13,-4.542841
1650,15,-9.27355
1650,16,13.591826
1650,18,6.671148
1650,20,-0.561103
1650,25,-10.3693
1650,26,8.742219
1650,29,-6.102315
1651,5,1.485909
1651,10,-2.402391
1651,13,-5.058291
1651,15,-9.579718
1651,16,13.78383
1651,18,6.742985
1651,20,-0.1952
1651,25,-10.085431
1651,26,9.159503
1651,29,-6.238727
1652,5,0.962644
1652,10,-2.040861
1652,13,-5.631448
1652,15,-10.031089
1652,16,13.892182
1652,18,6.574542
1652,20,-0.081784
1652,25,-9.900812
1652,26,9.393988
1652,29,-6.605048
1653,5,0.024356
1653,10,-1.51526
1653,13,-6.669916
1653,15,-10.898929
1653,16,13.900988
1653,18,5.998023
1653,20,-0.114852
1653,26,9.571596
1653,29,-7.423401
1654,5,-1.01854
1654,10,-0.80235
1654,13,-7.871452
1654,15,-11.891392
1654,16,14.24632
1654,18,5.727746
1654,20,0.120769
1654,26,10.135169
1654,29,-8.207338
1655,5,-1.727666
1655,10,-0.267468
1655,13,-8.601008
1655,15,-12.413484
1655,16,14.352769
1655,18,5.537703
1655,20,0.342399
1655,26,10.459221
1655,29,-8.605432
1656,5,-2.035984
1656,10,0.002581
1656,13,-8.750459
1656,15,-12.367871
1656,16,14.052184
1656,18,5.304797
1656,20,0.441481
1656,26,10.360585
1656,29,-8.594087
1657,5,-2.456313
1657,10,0.344243
1657,13,-9.074433
1657,15,-12.500964
1657,16,13.891684
1657,18,5.095745
1657,20,0.5753
1657,26,10.398723
1657,29,-8.710178
1658,5,-2.537931
1658,10,0.478088
1658,13,-8.91254
1658,15,-12.155322
1658,16,13.425051
1658,18,4.8945
1658,20,0.638791
1658,26,10.122104
1658,29,-8.463376
1659,5,-2.845644
1659,10,0.477885
1659,13,-9.169811
1659,15,-12.372097
1659,16,12.928995
1659,18,4.179031
1659,20,0.254001
1659,26,9.651868
1659,29,-8.88377
1660,5,-2.893004
1660,10,0.595078
1660,13,-9.21408
1660,15,-12.373028
1660,16,13.067209
1660,18,4.352036
1660,20,0.426889
1660,26,9.840769
1660,29,-8.806271
1661,5,-2.949558
1661,10,0.639622
1661,13,-9.262135
1661,15,-12.399781
1661,16,13.056501
1661,18,4.326639
1661,20,0.444066
1661,26,9.852327
1661,29,-8.830274
1662,5,-2.676518
1662,10,0.402907
1662,13,-9.036278
1662,15,-12.297434
1662,16,13.102296
1662,18,4.40542
1662,20,0.321899
1662,26,9.768074
1662,29,-8.76715
1663,5,-2.712069
1663,10,0.366758
1663,13,-9.087811
1663,15,-12.370443
1663,16,13.039048
1663,18,4.268205
1663,20,0.215852
1663,26,9.678809
1663,29,-8.88271
1664,5,-2.712381
1664,10,0.31578
1664,13,-9.108159
1664,15,-12.421351
1664,16,13.003237
1664,18,4.17539
1664,20,0.124012
1664,26,9.608347
1664,29,-8.968006
1665,5,-2.4848
1665,10,0.248002
1665,13,-8.892149
1665,15,-12.247961
1665,16,13.195875
1665,18,4.50754
1665,20,0.264736
1665,26,9.763195
1665,29,-8.728778
1666,5,-2.677489
1666,10,0.471102
1666,13,-8.96171
1666,15,-12.163708
1666,16,13.043014
1666,18,4.456046
1666,20,0.423122
1666,26,9.773042
1666,29,-8.633064
1667,5,-2.867667
1667,10,0.534025
1667,13,-9.090435
1667,15,-12.228794
1667,16,12.769891
1667,18,4.119073
1667,20,0.296117
1667,26,9.559941
1667,29,-8.787913
1668,5,-3.040579
1668,10,0.472736
1668,13,-9.355329
1668,15,-12.559447
1668,16,12.682639
1668,18,3.742996
1668,20,0.010591
1668,26,9.394604
1668,29,-9.20259
1669,5,-3.289727
1669,10,0.722206
1669,13,-9.526542
1669,15,-12.589974
1669,16,12.61743
1669,18,3.69985
1669,20,0.173128
1669,26,9.478821
1669,29,-9.194677
1670,5,-3.413904
1670,10,0.529603
1670,13,-9.775197
1670,15,-12.970412
1670,16,12.443521
1670,18,3.161401
1670,20,-0.29895
1670,26,9.152801
1670,29,-9.730153
1671,5,-3.567209
1671,10,0.453665
1671,13,-9.925571
1671,15,-13.1395
1671,16,12.119904
1671,18,2.656202
1671,20,-0.630394
1671,26,8.797995
1671,29,-10.054207
1672,5,-3.414037
1672,10,0.356365
1672,13,-9.80618
1672,15,-13.081762
1672,16,12.225528
1672,18,2.794478
1672,20,-0.626108
1672,26,8.841183
1672,29,-9.981525
1673,5,-3.265816
1673,10,0.300774
1673,13,-9.598215
1673,15,-12.868553
1673,16,12.165956
1673,18,2.887898
1673,20,-0.585382
1673,26,8.788936
1673,29,-9.784958
1674,5,-3.176236
1674,10,0.312566
1674,13,-9.425375
1674,15,-12.651079
1674,16,12.092648
1674,18,2.984419
1674,20,-0.491589
1674,26,8.765033
1674,29,-9.570401
1675,5,-2.860036
1675,10,0.026971
1675,13,-9.191397
1675,15,-12.579165
1675,16,12.193148
1675,18,3.087985
1675,20,-0.64381
1675,26,8.694852
1675,29,-9.535011
1676,5,-2.924769
1676,10,-0.000505
1676,13,-9.351411
1676,15,-12.80024
1676,16,12.3041
1676,18,3.022593
1676,20,-0.733837
1676,26,8.740134
1676,29,-9.749017
1677,5,-2.479246
1677,10,-0.277661
1677,13,-8.91901
1677,15,-12.494885
1677,16,12.407218
1677,18,3.318826
1677,20,-0.745857
1677,25,-8.053125
1677,26,8.713477
1677,29,-9.453598
1678,5,-2.188551
1678,10,-0.580404
1678,13,-8.759383
1678,15,-12.529381
1678,16,12.567654
1678,18,3.39805
1678,20,-0.941134
1678,25,-8.390263
1678,26,8.6687
1678,29,-9.519274
1679,5,-1.935972
1679,10,-0.914333
1679,13,-8.678897
1679,15,-12.674851
1679,16,12.728758
1679,18,3.381998
1679,20,-1.225321
1679,25,-8.767863
1679,26,8.5888
1679,29,-9.715474
1680,5,-1.803913
1680,10,-1.105496
1680,13,-8.656718
1680,15,-12.788445
1680,16,12.834648
1680,18,3.362536
1680,20,-1.397964
1680,26,8.549815
1680,29,-9.857534
1681,5,-1.938801
1681,10,-0.986626
1681,13,-8.747719
1681,15,-12.808581
1681,16,12.76806
1681,18,3.29815
1681,20,-1.342492
1681,26,8.557714
1681,29,-9.873565
1682,5,-2.308956
1682,10,-0.825781
1682,13,-9.102247
1682,15,-13.081526
1682,16,12.554193
1682,18,2.87985
1682,20,-1.470851
1682,26,8.422851
1682,29,-10.208079
1683,5,-2.20744
1683,13,-8.989845
1683,15,-13.033646
1683,16,12.331995
1683,18,2.636537
1683,20,-1.72058
1683,26,8.126251
1683,29,-10.286178
1684,5,-2.120654
1684,10,-1.117574
1684,13,-8.915653
1684,15,-13.008879
1684,16,12.28857
1684,18,2.585303
1684,20,-1.820532
1684,26,8.029009
1684,29,-10.305242
1685,5,-1.94732
1685,10,-1.284288
1685,13,-8.755845
1685,15,-12.92438
1685,16,12.248604
1685,18,2.572919
1685,20,-1.937225
1685,25,-8.870968
1685,26,7.908172
1685,29,-10.273879
1686,5,-1.815724
1686,10,-1.357957
1686,13,-8.741004
1686,15,-13.008886
1686,16,12.574814
1686,18,2.840516
1686,20,-1.876637
1686,25,-9.108052
1686,26,8.134786
1686,29,-10.275068
1687,5,-1.877305
1687,10,-1.498077
1687,13,-8.968781
1687,15,-13.376501
1687,16,12.669462
1687,18,2.61557
1687,20,-2.154206
1687,25,-9.319452
1687,26,8.076876
1687,29,-10.686741
1688,5,-2.344147
1688,10,-1.111652
1688,13,-9.326594
1688,15,-13.517592
1688,16,12.495726
1688,18,2.395156
1688,20,-1.993535
1688,26,8.130837
1688,29,-10.800208
1689,5,-2.742847
1689,10,-0.971023
1689,13,-9.701073
1689,15,-13.810703
1689,16,12.188879
1689,18,1.856021
1689,20,-2.199286
1689,26,7.900815
1689,29,-11.19369
1690,5,-2.714824
1690,10,-0.896043
1690,13,-9.52045
1690,15,-13.521348
1690,16,11.977095
1690,18,1.874448
1690,20,-2.083558
1690,26,7.804691
1690,29,-10.931324
1691,5,-2.758892
1691,10,-0.717376
1691,13,-9.260557
1691,15,-13.028008
1691,16,11.480686
1691,18,1.771524
1691,20,-1.913678
1691,26,7.55364
1691,29,-10.515633
1692,5,-2.540957
1692,10,-0.965888
1692,13,-9.080868
1692,15,-12.967689
1692,16,11.414345
1692,18,1.694055
1692,20,-2.127865
1692,26,7.358078
1692,29,-10.54202
1693,5,-2.412392
1693,10,-1.069335
1693,13,-8.883308
1693,15,-12.774652
1693,16,11.223599
1693,18,1.619911
1693,20,-2.208286
1693,25,-8.162643
1693,26,7.160321
1693,29,-10.426408
1694,5,-2.953908
1694,10,-0.549781
1694,13,-9.316486
1694,15,-12.941848
1694,16,11.190723
1694,18,1.558955
1694,20,-1.874216
1694,25,-7.736263
1694,26,7.411741
1694,29,-10.482291
1695,5,-2.913676
1695,10,-0.521756
1695,13,-9.101505
1695,15,-12.621985
1695,16,10.856804
1695,18,1.460191
1695,20,-1.845761
1695,25,-7.504649
1695,26,7.186663
1695,29,-10.241095
1696,5,-2.962582
1696,10,-0.188812
1696,13,-8.87348
1696,15,-12.122755
1696,16,10.690741
1696,18,1.751798
1696,20,-1.366868
1696,25,-7.082438
1696,26,7.314656
1696,29,-9.66167
1697,5,-2.639654
1697,10,-0.304397
1697,13,-8.389021
1697,15,-11.605001
1697,16,10.490052
1697,18,1.925724
1697,20,-1.280293
1697,25,-7.012836
1697,26,7.150921
1697,29,-9.195938
1698,5,-2.580443
1698,10,-0.250014
1698,13,-8.22939
1698,15,-11.374553
1698,16,10.410715
1698,18,2.035618
1698,20,-1.145907
1698,25,-6.899451
1698,26,7.148723
1698,29,-8.957456
1699,5,-2.932052
1699,10,0.319963
1699,13,-8.208498
1699,15,-10.931201
1699,16,10.045253
1699,18,2.117116
1699,20,-0.600139
1699,25,-6.186469
1699,26,7.234764
1699,29,-8.44364
1700,5,-3.148266
1700,10,0.547954
1700,13,-8.339168
1700,15,-10.92543
1700,16,9.964078
1700,18,2.080985
1700,20,-0.444357
1700,25,-5.955912
1700,26,7.299022
1700,29,-8.404986
1701,5,-3.551884
1701,10,0.872011
1701,13,-8.713972
1701,15,-11.153078
1701,16,9.958995
1701,18,1.959473
1701,20,-0.2976
1701,25,-5.713091
1701,26,7.450355
1701,29,-8.569991
1702,5,-3.766173
1702,10,1.060325
1702,13,-9.096649
1702,15,-11.55711
1702,16,10.443359
1702,18,2.195384
1702,20,-0.109546
1702,26,7.919232
1702,29,-8.796905
1703,5,-3.872263
1703,10,1.295004
1703,13,-9.21082
1703,15,-11.592056
1703,16,10.744857
1703,18,2.54049
1703,20,0.229702
1703,26,8.31304
1703,29,-8.669305
1704,5,-4.321171
1704,10,1.653559
1704,13,-9.746597
1704,15,-12.032435
1704,16,11.032497
1704,18,2.570528
1704,20,0.439824
1704,26,8.706096
1704,29,-8.957574
1705,5,-4.81894
1705,13,-10.471785
1705,15,-12.762254
1705,16,11.491339
1705,18,2.538009
1705,20,0.519259
1705,26,9.163751
1705,29,-9.522941
1706,5,-4.660157
1706,10,1.93262
1706,13,-10.232804
1706,15,-12.49214
1706,16,11.470866
1706,18,2.728775
1706,20,0.649575
1706,26,9.179246
1706,29,-9.238894
1707,5,-4.886455
1707,10,2.147627
1707,13,-10.348024
1707,15,-12.460309
1707,18,2.604009
1707,25,-5.496008
1707,26,9.154508
1707,29,-9.208728
1708,5,-5.610973
1708,10,2.749871
1708,13,-10.898018
1708,15,-12.668414
1708,18,2.259317
1708,20,1.008248
1708,25,-4.879279
1708,26,9.234754
1708,29,-9.370073
1709,5,-5.714995
1709,10,2.960735
1709,13,-10.761209
1709,15,-12.318829
1709,16,10.652807
1709,18,2.197077
1709,20,1.197109
1709,25,-4.479436
1709,26,9.101639
1709,29,-9.053209
1710,5,-6.023806
1710,10,3.611568
1710,13,-10.697028
1710,15,-11.807016
1710,16,10.483096
1710,18,2.560605
1710,20,1.95235
1710,25,-3.790237
1710,26,9.415556
1710,29,-8.373753
1711,5,-5.743972
1711,10,3.646709
1711,13,-10.37643
1711,15,-11.468957
1711,16,10.796405
1711,18,3.175403
1711,20,2.335965
1711,25,-3.880059
1711,26,9.757915
1711,29,-7.888268
1712,5,-5.895305
1712,10,3.957187
1712,13,-10.230509
1712,15,-11.041815
1712,16,10.413987
1712,18,3.169997
1712,20,2.640673
1712,25,-3.375561
1712,26,9.674118
1712,29,-7.467239
1713,5,-6.11916
1713,10,4.391134
1713,13,-10.170219
1713,15,-10.662213
1713,16,10.191118
1713,18,3.324098
1713,20,3.10787
1713,25,-2.855704
1713,26,9.794006
1713,29,-7.009982
1714,5,-6.058182
1714,10,4.25905
1714,13,-10.078807
1714,15,-10.602436
1714,16,9.961136
1714,18,3.094758
1714,20,2.907341
1714,25,-2.841298
1714,26,9.525635
1714,29,-7.060372
1715,5,-6.557424
1715,10,4.754126
1715,13,-10.419442
1715,15,-10.658961
1715,16,9.814217
1715,18,2.992732
1715,20,3.221614
1715,25,-2.362457
1715,26,9.681572
1715,29,-7.038008
1716,5,-6.704548
1716,10,4.829334
1716,13,-10.688303
1716,15,-10.965139
1716,16,10.069229
1716,18,3.034783
1716,20,3.246932
1716,25,-2.468076
1716,26,9.899667
1716,29,-7.267475
1717,5,-6.927199
1717,10,5.164452
1717,13,-10.943861
1717,15,-11.116093
1717,16,10.466631
1717,18,3.40912
1717,20,3.656235
1717,25,-2.411834
1717,26,10.417429
1717,29,-7.207517
1718,5,-7.300942
1718,10,5.448955
1718,13,-11.304843
1718,15,-11.354236
1718,16,10.470436
1718,18,3.278972
1718,20,3.767166
1718,25,-2.20689
1718,26,10.552154
1718,29,-7.39037
1719,5,-7.800562
1719,10,5.9357
1719,13,-11.778766
1719,15,-11.623136
1719,16,10.641316
1719,18,3.346012
1719,20,4.121199
1719,26,10.94592
1719,29,-7.494754
1720,5,-8.051584
1720,10,6.054083
1720,13,-12.243818
1720,15,-12.158201
1720,16,11.073514
1720,18,3.40324
1720,20,4.147525
1720,26,11.308055
1720,29,-7.903168
1721,5,-7.873206
1721,10,6.055375
1721,13,-12.079
1721,15,-12.012997
1721,16,11.337654
1721,18,3.801937
1721,20,4.367558
1721,26,11.557963
1721,29,-7.656119
1722,5,-7.970166
1722,10,6.184717
1722,13,-12.108465
1722,15,-11.956444
1722,16,11.278712
1722,18,3.808454
1722,20,4.478232
1722,25,-2.084849
1722,26,11.591215
1722,29,-7.580111
1723,5,-8.604436
1723,10,6.522754
1723,13,-12.501677
1723,15,-12.062003
1723,16,10.476896
1723,18,2.9292
1723,20,4.287719
1723,25,-1.406005
1723,26,11.082504
1723,29,-7.874393
1724,5,-8.546339
1724,10,6.433716
1724,13,-12.343982
1724,15,-11.881373
1724,16,10.145454
1724,18,2.697084
1724,20,4.138836
1724,25,-1.288597
1724,26,10.770632
1724,29,-7.813995
1725,5,-8.296856
1725,10,6.13561
1725,13,-12.001416
1725,15,-11.600345
1725,16,9.700688
1725,18,2.380515
1725,20,3.808391
1725,25,-1.274562
1725,26,10.252762
1725,29,-7.73921
1726,5,-8.146423
1726,10,5.971979
1726,13,-11.760378
1726,15,-11.371648
1726,16,9.375495
1726,18,2.17856
1726,20,3.626116
1726,25,-1.216381
1726,26,9.909615
1726,29,-7.644341
1727,5,-8.215281
1727,10,6.083164
1727,13,-11.764303
1727,15,-11.298442
1727,16,9.32563
1727,18,2.204713
1727,20,3.735432
1727,26,9.942819
1727,29,-7.551369
1728,5,-8.209606
1728,10,6.042153
1728,13,-11.706287
1728,15,-11.225336
1728,16,9.131018
1728,18,2.043669
1728,20,3.638978
1728,25,-1.015436
1728,26,9.761482
1728,29,-7.548883
1729,5,-8.170054
1729,10,5.932008
1729,13,-11.687098
1729,15,-11.257863
1729,16,9.038631
1729,18,1.893322
1729,20,3.477681
1729,25,-1.063545
1729,26,9.61175
1729,29,-7.646567
1730,5,-8.166342
1730,10,5.789475
1730,13,-11.797884
1730,15,-11.483157
1730,18,1.724461
1730,20,3.250232
1730,26,9.528958
1730,29,-7.919273
1731,5,-8.172095
1731,13,-11.661196
1731,15,-11.200921
1731,16,9.063652
1731,18,1.972558
1731,20,3.565978
1731,26,9.672002
1731,29,-7.56326
1732,5,-8.618005
1732,10,6.129552
1732,13,-12.144259
1732,15,-11.631001
1732,16,8.852766
1732,18,1.428447
1732,20,3.338086
1732,25,-0.848569
1732,26,9.512119
1732,29,-8.064397
1733,5,-8.798006
1733,10,6.382718
1733,13,-12.287997
1733,15,-11.66052
1733,16,8.986954
1733,18,1.599016
1733,20,3.607162
1733,26,9.772446
1733,29,-7.982791
1734,5,-8.790031
1734,10,6.491045
1734,13,-12.213223
1734,15,-11.513242
1734,16,9.024831
1734,18,1.778221
1734,20,3.801322
1734,26,9.890571
1734,29,-7.780122
1735,5,-8.943968
1735,10,6.701198
1735,13,-12.304005
1735,15,-11.490045
1735,16,9.048071
1735,18,1.862975
1735,20,4.005175
1735,25,-0.457903
1735,26,10.037793
1735,29,-7.689801
1736,5,-9.010413
1736,10,6.729929
1736,13,-12.243729
1736,15,-11.343861
1736,16,8.698681
1736,18,1.609153
1736,20,3.928485
1736,25,-0.236565
1736,26,9.77566
1736,29,-7.639098
1737,5,-9.307993
1737,10,6.958005
1737,13,-12.405507
1737,15,-11.334442
1737,16,8.388517
1737,18,1.328707
1737,20,3.965802
1737,25,0.114192
1737,26,9.644826
1737,29,-7.669456
1738,5,-9.592057
1738,13,-12.56009
1738,15,-11.31066
1738,16,8.174932
1738,18,1.170773
1738,20,4.091949
1738,26,9.62026
1738,29,-7.642008
1739,5,-9.768482
1739,10,7.409876
1739,13,-12.536522
1739,15,-11.099235
1739,16,7.785874
1739,18,0.959813
1739,20,4.167262
1739,25,0.828923
1739,26,9.428132
1739,29,-7.488526
1740,5,-9.945219
1740,10,7.506401
1740,13,-12.648941
1740,15,-11.132443
1740,16,7.573705
1740,18,0.723287
1740,20,4.119582
1740,25,1.015091
1740,26,9.297922
1740,29,-7.568597
1741,5,-10.230967
1741,10,7.785746
1741,13,-12.781345
1741,15,-11.067189
1741,16,7.325675
1741,18,0.564977
1741,20,4.264346
1741,25,1.383438
1741,26,9.259429
1741,29,-7.502343
1742,5,-10.550514
1742,10,8.16722
1742,13,-13.065993
1742,15,-11.187643
1742,16,7.515872
1742,18,0.748333
1742,20,4.620802
1742,25,1.588183
1742,26,9.630322
1742,29,-7.465504
1743,5,-11.016249
1743,10,8.513563
1743,13,-13.455428
1743,15,-11.390723
1743,16,7.352403
1743,18,0.478792
1743,20,4.716437
1743,25,1.937208
1743,26,9.664682
1743,29,-7.645255
1744,5,-10.874596
1744,10,8.433944
1744,13,-13.302516
1744,15,-11.267369
1744,16,7.36419
1744,18,0.571978
1744,20,4.723004
1744,25,1.879601
1744,26,9.646027
1744,29,-7.528815
1745,5,-10.795409
1745,10,8.542178
1745,13,-13.107568
1745,15,-10.97601
1745,16,7.369952
1745,18,0.832116
1745,20,4.980725
1745,25,2.000811
1745,26,9.757709
1745,29,-7.179156
1746,5,-10.884024
1746,10,8.723868
1746,13,-13.108704
1746,15,-10.862399
1746,16,7.364605
1746,18,0.952572
1746,20,5.195697
1746,25,2.168063
1746,26,9.87711
1746,29,-7.006716
1747,5,-10.597826
1747,10,8.684124
1747,13,-12.928702
1747,15,-10.777212
1747,16,7.929464
1747,18,1.615798
1747,20,5.50319
1747,25,1.852011
1747,26,10.350628
1747,29,-6.739263
1748,5,-10.988044
1748,10,8.901216
1748,13,-13.405374
1748,15,-11.209388
1748,16,8.041027
1748,18,1.430238
1748,20,5.503576
1748,25,1.924458
1748,26,10.511195
1748,29,-7.113879
1749,5,-11.443557
1749,10,9.216976
1749,13,-13.90804
1749,15,-11.608375
1749,16,8.147277
1749,18,1.2857
1749,20,5.603868
1749,25,2.085642
1749,26,10.730395
1749,29,-7.426595
1750,5,-11.762652
1750,10,9.466023
1750,13,-14.246507
1750,15,-11.857587
1750,16,8.238128
1750,18,1.231227
1750,20,5.723087
1750,26,10.918941
1750,29,-7.599506
1751,5,-11.833135
1751,10,9.536143
1751,13,-14.347253
1751,15,-11.949848
1751,16,8.353031
1751,18,1.291975
1751,20,5.790172
1751,25,2.204862
1751,26,11.045364
1751,29,-7.643098
1752,5,-11.612007
1752,10,9.097947
1752,13,-14.316574
1752,15,-12.18791
1752,16,8.330758
1752,18,0.985205
1752,20,5.270995
1752,25,1.824795
1752,26,10.732842
1752,29,-8.031559
1753,5,-11.505881
1753,13,-14.35069
1753,15,-12.39144
1753,16,8.38163
1753,18,0.82388
1753,20,4.973761
1753,26,10.601991
1753,29,-8.304927
1754,5,-11.159198
1754,10,8.49771
1754,13,-14.072615
1754,15,-12.292359
1754,16,8.362271
1754,18,0.808111
1754,20,4.715857
1754,26,10.390235
1754,29,-8.302072
1755,5,-11.002263
1755,10,8.231129
1755,13,-14.161605
1755,15,-12.623051
1755,16,8.70687
1755,18,0.854823
1755,20,4.482365
1755,26,10.479752
1755,29,-8.624251
1756,5,-10.426734
1756,10,7.778413
1756,13,-13.679044
1756,15,-12.380767
1756,16,8.866733
1756,18,1.126094
1756,20,4.314775
1756,26,10.384367
1756,29,-8.434514
1757,5,-9.790848
1757,10,7.269976
1757,13,-13.13941
1757,15,-12.105379
1757,16,9.011936
1757,18,1.397025
1757,20,4.110653
1757,26,10.248184
1757,29,-8.229271
1758,5,-9.231803
1758,10,6.680458
1758,13,-12.720011
1758,15,-11.996464
1758,16,9.02151
1758,18,1.372891
1758,20,3.67379
1758,26,9.923825
1758,29,-8.272167
1759,5,-8.642267
1759,10,6.076442
1759,13,-12.304589
1759,15,-11.918519
1759,16,9.131211
1759,18,1.428206
1759,20,3.259469
1759,26,9.671989
1759,29,-8.320486
1760,5,-8.602441
1760,10,6.05671
1760,13,-12.343882
1760,15,-12.014639
1760,16,9.34945
1760,18,1.578281
1760,20,3.301826
1760,26,9.832798
1760,29,-8.360619
1761,5,-8.413336
1761,10,5.916635
1761,13,-12.300031
1761,15,-12.115398
1761,16,9.709848
1761,18,1.852207
1761,20,3.313088
1761,26,10.043293
1761,29,-8.393429
1762,5,-8.057007
1762,10,5.566268
1762,13,-12.127932
1762,15,-12.189696
1762,16,10.003892
1762,18,2.033861
1762,20,3.125602
1762,26,10.076559
1762,29,-8.477748
1763,5,-7.840365
1763,10,5.403642
1763,13,-12.046756
1763,15,-12.256659
1763,16,10.334497
1763,18,2.298417
1763,20,3.121061
1763,26,10.252906
1763,29,-8.490197
1764,5,-7.479686
1764,10,5.01124
1764,13,-11.833216
1764,15,-12.281486
1764,16,10.464128
1764,18,2.335592
1764,20,2.839984
1764,26,10.127808
1764,29,-8.585976
1765,10,4.302771
1765,13,-10.954838
1765,15,-11.796228
1765,16,10.922564
1765,18,3.069821
1765,20,2.746202
1765,25,-3.473091
1765,26,10.170143
1765,29,-8.109302
1766,10,3.665733
1766,13,-10.344289
1766,15,-11.523743
1766,16,11.085852
1766,18,3.332407
1766,20,2.440787
1766,25,-4.058264
1766,26,9.971759
1766,29,-7.939731
1767,5,-5.183957
1767,10,3.275478
1767,13,-9.989321
1767,15,-11.422138
1767,16,11.434492
1767,18,3.705651
1767,20,2.346236
1767,25,-4.554748
1767,26,10.052644
1767,29,-7.827787
1768,5,-5.027963
1768,10,3.062107
1768,13,-9.918743
1768,15,-11.482334
1768,16,11.468171
1768,18,3.648274
1768,20,2.147997
1768,25,-4.757502
1768,26,9.945869
1768,29,-7.943901
1769,10,2.520095
1769,13,-9.598092
1769,15,-11.525887
1769,16,11.872884
1769,18,3.934401
1769,20,1.872408
1769,25,-5.426304
1769,26,9.963822
1769,29,-8.014703
1770,5,-4.010096
1770,10,1.965468
1770,13,-9.282105
1770,15,-11.494215
1770,16,11.765145
1770,18,3.731288
1770,20,1.361856
1770,25,-5.828545
1770,26,9.547877
1770,29,-8.171937
1771,5,-2.926609
1771,10,0.889048
1771,13,-8.408031
1771,15,-11.163715
1771,16,11.744682
1771,18,3.75657
1771,20,0.620027
1771,25,-6.677103
1771,26,8.940848
1771,29,-8.122393
1772,5,-2.417108
1772,10,0.43648
1772,13,-8.065471
1772,15,-11.101211
1772,16,12.007921
1772,18,3.99508
1772,20,0.406488
1772,25,-7.185813
1772,26,8.905823
1772,29,-8.099133
1773,5,-1.728786
1773,10,-0.251153
1773,13,-7.659683
1773,15,-11.131163
1773,16,12.368627
1773,18,4.216321
1773,20,-0.007904
1773,25,-7.951799
1773,26,8.801605
1773,29,-8.211234
1774,5,-1.259949
1774,10,-0.715456
1774,13,-7.296972
1774,15,-11.013328
1774,16,12.403231
1774,18,4.253047
1774,20,-0.319166
1774,25,-8.344291
1774,26,8.572447
1774,29,-8.204766
1775,5,-0.641873
1775,10,-1.151355
1775,13,-6.642396
1775,15,-10.520834
1775,16,12.320882
1775,18,4.471446
1775,20,-0.457642
1775,25,-8.609929
1775,26,8.313839
1775,29,-7.820861
1776,5,-0.24482
1776,10,-1.440538
1776,13,-6.279898
1776,15,-10.300365
1776,16,12.399704
1776,18,4.672975
1776,20,-0.539636
1776,25,-8.868731
1776,26,8.240305
1776,29,-7.640126
1777,5,0.419179
1777,10,-2.115001
1777,13,-5.621465
1777,15,-9.90734
1777,16,12.04836
1777,18,4.47722
1777,20,-1.076008
1777,25,-9.202645
1777,26,7.597307
1777,29,-7.517018
1778,5,1.140525
1778,10,-2.798018
1778,13,-4.999791
1778,15,-9.613815
1778,16,11.995122
1778,18,4.518095
1778,20,-1.520332
1778,25,-9.711674
1778,26,7.188862
1778,29,-7.409604
1779,5,1.089775
1779,10,-2.681238
1779,13,-4.936584
1779,15,-9.443992
1779,16,11.854955
1779,18,4.526902
1779,20,-1.399172
1779,25,-9.523244
1779,26,7.161466
1779,29,-7.240008
1780,5,1.399068
1780,10,-2.964418
1780,13,-4.60178
1780,15,-9.207076
1780,16,11.677373
1780,18,4.469878
1780,20,-1.599787
1780,25,-9.640455
1780,26,6.875398
1780,29,-7.121571
1781,5,1.813867
1781,10,-3.375076
1781,13,-4.235369
1781,15,-9.030233
1781,16,11.592041
1781,18,4.437705
1781,20,-1.894318
1781,25,-9.919031
1781,26,6.583927
1781,29,-7.074883
1782,5,2.327604
1782,10,-3.899334
1782,13,-3.815616
1782,15,-8.870062
1782,16,11.543723
1782,18,4.409117
1782,20,-2.275377
1782,25,-10.313541
1782,26,6.254396
1782,29,-7.066539
1783,5,2.617982
1783,10,-4.08975
1783,13,-3.620486
1783,15,-8.814332
1783,16,11.818698
1783,18,4.707817
1783,20,-2.2634
1783,25,-10.612418
1783,26,6.382213
1783,29,-6.975702
1784,5,2.84533
1784,10,-4.202691
1784,13,-3.371634
1784,15,-8.606392
1784,16,11.856016
1784,18,4.890808
1784,20,-2.223935
1784,25,-10.704747
1784,26,6.375227
1784,29,-6.773268
1785,5,2.86167
1785,10,-4.094716
1785,13,-3.336763
1785,15,-8.529556
1785,16,12.030538
1785,18,5.158685
1785,20,-1.99891
1785,25,-10.700204
1785,26,6.596811
1785,29,-6.607796
1786,5,2.963782
1786,10,-4.30699
1786,13,-3.388012
1786,15,-8.747804
1786,16,12.167985
1786,18,5.086693
1786,20,-2.22978
1786,25,-10.975092
1786,26,6.555831
1786,29,-6.864162
1787,5,3.23134
1787,10,-4.456714
1787,13,-3.116843
1787,15,-8.542802
1787,16,12.236229
1787,18,5.29295
1787,20,-2.207163
1787,25,-11.114947
1787,26,6.552756
1787,29,-6.66585
1788,5,3.340722
1788,10,-4.408434
1788,13,-2.954633
1788,15,-8.343846
1788,16,12.335762
1788,18,5.566941
1788,20,-2.003618
1788,25,-11.107325
1788,26,6.692363
1788,29,-6.408695
1789,5,3.011116
1789,10,-4.160818
1789,13,-3.387457
1789,15,-8.738218
1789,16,12.625372
1789,18,5.606811
1789,20,-1.86349
1789,25,-11.099332
1789,26,7.027535
1789,29,-6.679059
1790,5,2.784708
1790,10,-3.941086
1790,13,-3.545286
1790,15,-8.77126
1790,16,12.560455
1790,18,5.553476
1790,20,-1.729203
1790,25,-10.887419
1790,26,7.096158
1790,29,-6.676865
1791,5,2.737916
1791,10,-3.668759
1791,13,-3.56521
1791,15,-8.688794
1791,16,12.934311
1791,18,6.070082
1791,20,-1.258488
1791,25,-10.851502
1791,26,7.584451
1791,29,-6.397111
1792,5,1.945707
1792,10,-3.032167
1792,13,-4.276317
1792,15,-9.095337
1792,16,12.863083
1792,18,5.792712
1792,20,-0.982228
1792,25,-10.329906
1792,26,7.841726
1792,29,-6.684125
1793,5,1.38052
1793,10,-2.604665
1793,13,-4.845439
1793,15,-9.492977
1793,16,12.921858
1793,18,5.619341
1793,20,-0.811116
1793,25,-10.050116
1793,26,8.087035
1793,29,-6.979477
1794,5,0.945125
1794,10,-2.127152
1794,13,-5.261042
1794,15,-9.717415
1794,16,13.182631
1794,18,5.80948
1794,20,-0.396382
1794,25,-9.816932
1794,26,8.557554
1794,29,-7.009861
1795,5,0.601424
1795,10,-1.990924
1795,13,-5.638551
1795,15,-10.048429
1795,16,13.071784
1795,18,5.451391
1795,20,-0.523161
1795,25,-9.682221
1795,26,8.496306
1795,29,-7.367866
1796,5,-0.001008
1796,10,-1.438926
1796,13,-6.189767
1796,15,-10.353799
1796,16,13.170398
1796,18,5.418552
1796,20,-0.174508
1796,25,-9.309649
1796,26,8.862147
1796,29,-7.515322
1797,10,-0.809554
1797,13,-6.862638
1797,15,-10.744167
1797,16,13.232503
1797,18,5.29379
1797,20,0.173374
1797,25,-8.862368
1797,26,9.23099
1797,29,-7.744198
1798,5,-1.298155
1798,10,-0.578664
1798,13,-7.459106
1798,15,-11.244248
1798,16,12.987363
1798,18,4.675831
1798,20,-0.036982
1798,25,-8.595266
1798,26,9.08872
1798,29,-8.299681
1799,5,-1.768994
1799,10,-0.556363
1799,13,-7.94498
1799,15,-11.697245
1799,16,12.450028
1799,20,-0.549161
1799,26,8.582463
1799,29,-8.95348
1800,10,0.352756
1800,13,-8.784273
1800,15,-12.106754
1800,16,12.535074
1800,20,0.03699
1800,26,9.133995
1800,29,-9.116054
1801,10,0.708402
1801,13,-9.301226
1801,15,-12.451543
1801,16,12.377108
1801,18,3.306738
1801,20,0.064139
1801,29,-9.440081
1802,10,1.619749
1802,13,-10.174472
1802,15,-12.897816
1802,16,12.456669
1802,18,3.210397
1802,20,0.62863
1802,26,9.70496
1802,29,-9.642978
1803,10,2.588989
1803,13,-10.788801
1803,15,-13.07543
1803,16,12.913955
1803,18,3.741764
1803,20,1.587224
1803,26,10.63955
1803,29,-9.421793
1804,10,2.960252
1804,13,-11.350881
1804,15,-13.520658
1804,16,13.087268
1804,18,3.639405
1804,20,1.742792
1804,26,10.943008
1804,29,-9.747073
1805,13,-12.635003
1805,15,-14.43621
1805,18,3.061313
1805,20,1.979817
1805,26,11.329696
1805,29,-10.491765
1806,13,-13.514003
1806,15,-14.804198
1806,16,13.471804
1806,18,3.410628
1806,20,2.942766
1806,26,12.287572
1806,29,-10.446959
1807,13,-14.199139
1807,15,-14.966048
1807,16,13.400056
1807,18,3.392878
1807,20,3.641685
1807,26,12.78118
1807,29,-10.36942
1808,13,-14.556913
1808,15,-14.926735
1808,16,13.253787
1808,18,3.398468
1808,20,4.159982
1808,26,13.062354
1808,29,-10.181987
1809,5,-10.131692
1809,13,-14.961062
1809,15,-14.797414
1809,16,12.879134
1809,18,3.265537
1809,20,4.748527
1809,26,13.259683
1809,29,-9.920868
1810,5,-10.821339
1810,13,-15.517729
1810,15,-14.988659
1810,16,13.0411
1810,18,3.429459
1810,20,5.368635
1810,26,13.819241
1810,29,-9.86372
1811,5,-11.184824
1811,10,8.462544
1811,13,-15.845866
1811,15,-15.200084
1811,16,12.886999
1811,18,3.136912
1811,20,5.359027
1811,26,13.791288
1811,29,-10.077555
1812,5,-10.949638
1812,10,8.08575
1812,13,-15.727715
1812,15,-15.28804
1812,16,12.80193
1812,18,2.899787
1812,20,4.94605
1812,25,-1.724863
1812,26,13.483924
1812,29,-10.306858
1813,5,-11.668175
1813,10,8.762922
1813,13,-16.593546
1813,15,-15.981556
1813,16,13.491484
1813,18,3.204042
1813,20,5.488416
1813,25,-1.603228
1813,26,14.370546
1813,29,-10.654361
1814,5,-11.640451
1814,10,8.556662
1814,13,-16.614512
1814,15,-16.098608
1814,16,13.272948
1814,18,2.835229
1814,20,5.134701
1814,25,-1.670791
1814,26,14.047496
1814,29,-10.907462
1815,5,-11.446347
1815,10,8.483446
1815,13,-16.42365
1815,15,-15.949564
1815,18,3.078741
1815,20,5.223597
1815,25,-1.787883
1815,26,14.13663
1815,29,-10.727896
1816,5,-11.345677
1816,10,8.332051
1816,13,-16.340064
1816,15,-15.932173
1816,16,13.305335
1816,18,2.953206
1816,20,5.052027
1816,26,13.963801
1816,29,-10.784242
1817,5,-11.354571
1817,10,8.408656
1817,13,-16.240488
1817,15,-15.744568
1817,16,13.161064
1817,18,2.962446
1817,20,5.145829
1817,26,13.91271
1817,29,-10.605115
1818,5,-10.890391
1818,10,7.883207
1818,13,-15.85409
1818,15,-15.603939
1818,16,13.001396
1818,18,2.801053
1818,20,4.696084
1818,26,13.485966
1818,29,-10.652586
1819,5,-10.401835
1819,10,7.472486
1819,13,-15.51343
1819,15,-15.519233
1819,16,13.26869
1819,18,3.069695
1819,20,4.5328
1819,26,13.479269
1819,29,-10.598194
1820,5,-9.541905
1820,10,6.794658
1820,13,-14.798392
1820,15,-15.169516
1820,16,13.523764
1820,18,3.486118
1820,20,4.284789
1820,25,-3.178705
1820,26,13.340299
1820,29,-10.337803
1821,5,-8.57571
1821,10,6.027462
1821,13,-13.926564
1821,15,-14.66793
1821,16,13.623327
1821,18,3.842333
1821,20,3.965508
1821,25,-3.819778
1821,26,13.037982
1821,29,-9.986496
1822,10,5.528446
1822,13,-13.280651
1822,15,-14.290186
1822,16,13.907573
1822,18,4.346906
1822,20,3.899514
1822,25,-4.349751
1822,26,13.032791
1822,29,-9.636925
1823,10,4.907322
1823,13,-12.629338
1823,15,-13.928194
1823,16,13.880829
1823,18,4.485981
1823,20,3.561042
1823,25,-4.816234
1823,26,12.691137
1823,29,-9.433549
1824,5,-5.920484
1824,10,4.019072
1824,13,-11.779258
1824,15,-13.6608
1824,16,14.725899
1824,18,5.421015
1824,20,3.393898
1824,25,-5.984002
1824,26,12.912169
1824,29,-9.145425
1825,5,-5.366973
1825,10,3.46156
1825,13,-11.694427
1825,15,-14.077959
1825,16,15.632661
1825,18,5.936559
1825,20,3.157342
1825,25,-6.980686
1825,26,13.287258
1825,29,-9.483582
1826,5,-4.415026
1826,10,2.797203
1826,13,-10.903696
1826,15,-13.666862
1826,16,16.078936
1826,18,6.607647
1826,20,3.053792
1826,25,-7.733418
1826,26,13.324036
1826,29,-9.098301
1827,5,-3.144695
1827,10,1.714856
1827,13,-9.783661
1827,15,-13.071536
1827,16,16.138888
1827,18,6.937067
1827,20,2.500189
1827,25,-8.607835
1827,26,12.813197
1827,29,-8.750459
1828,5,-2.45197
1828,10,0.860126
1828,13,-9.212946
1828,15,-12.891291
1828,16,15.780338
1828,18,6.535094
1828,20,1.692418
1828,25,-9.110122
1828,26,12.028656
1828,29,-8.911351
1829,5,-2.395591
1829,10,0.716279
1829,13,-9.229858
1829,15,-13.002911
1829,16,15.778811
1829,18,6.413991
1829,20,1.50736
1829,26,11.92554
1829,29,-9.076656
1830,5,-2.107124
1830,10,0.518526
1830,13,-8.947732
1830,15,-12.810277
1830,16,15.813852
1830,20,1.464865
1830,25,-9.407955
1830,26,11.862476
1830,29,-8.918457
1831,5,-1.479973
1831,10,-0.28334
1831,13,-8.342693
1831,15,-12.512791
1831,16,15.207773
1831,20,0.639789
1831,26,10.917225
1831,29,-9.012047
1832,5,-0.520622
1832,10,-1.269049
1832,13,-7.591908
1832,15,-12.266961
1832,16,15.182255
1832,18,5.984903
1832,20,-0.069946
1832,26,10.343979
1832,29,-9.040061
1833,5,0.390535
1833,10,-2.066401
1833,13,-6.648271
1833,15,-11.620154
1833,16,14.823439
1833,18,5.968906
1833,20,-0.569166
1833,25,-10.911296
1833,26,9.65639
1833,29,-8.682026
1834,5,0.297977
1834,10,-1.97155
1834,13,-6.660372
1834,15,-11.548707
1834,16,14.673206
1834,18,5.883619
1834,20,-0.527051
1834,26,9.594473
1834,29,-8.626354
1835,5,0.535963
1835,10,-2.116758
1835,13,-6.40099
1835,15,-11.341691
1835,16,14.667215
1835,18,6.01351
1835,20,-0.538016
1835,26,9.529822
1835,29,-8.450287
1836,5,0.362765
1836,10,-2.011155
1836,13,-6.683406
1836,15,-11.647102
1836,16,14.919371
1836,18,6.053715
1836,20,-0.489074
1836,26,9.761252
1836,29,-8.677485
1837,5,0.443663
1837,10,-2.084496
1837,13,-6.579523
1837,15,-11.559755
1837,16,14.833743
1837,18,6.017316
1837,20,-0.54689
1837,26,9.656147
1837,29,-8.633534
1838,5,0.603137
1838,10,-2.254578
1838,15,-11.527523
1838,16,14.828641
1838,18,6.003431
1838,20,-0.675543
1838,26,9.553907
1838,29,-8.652712
1839,5,0.288319
1839,10,-1.878083
1839,13,-6.673565
1839,15,-11.545651
1839,16,14.862456
1839,18,6.094607
1839,20,-0.350668
1839,26,9.801172
1839,29,-8.557896
1840,5,0.077315
1840,10,-1.392204
1840,13,-6.681173
1840,15,-11.268406
1840,16,14.972927
1840,18,6.524073
1840,20,0.270096
1840,26,10.217094
1840,29,-8.091007
1841,5,-0.105489
1841,10,-1.096465
1841,13,-6.728034
1841,15,-11.130439
1841,16,14.937112
1841,18,6.651091
1841,20,0.577543
1841,26,10.379051
1841,29,-7.871915
1842,5,-0.769262
1842,10,-0.498634
1842,13,-7.131817
1842,15,-11.141649
1842,16,14.503011
1842,18,6.295445
1842,20,0.852012
1842,26,10.366179
1842,29,-7.844343
1843,5,-1.076234
1843,10,-0.189472
1843,13,-7.255353
1843,15,-11.036006
1843,16,14.202186
1843,18,6.119189
1843,20,1.016339
1843,26,10.309838
1843,29,-7.734146
1844,5,-1.967535
1844,10,0.648484
1844,13,-8.03067
1844,15,-11.41716
1844,16,14.288595
1844,18,6.062273
1844,20,1.555618
1844,26,10.82606
1844,29,-7.881272
1845,5,-2.769044
1845,10,1.414428
1845,13,-8.66582
1845,15,-11.656049
1845,16,14.229446
1845,18,5.951739
1845,20,2.038161
1845,26,11.196836
1845,29,-7.938719
1846,5,-3.052507
1846,10,1.626662
1846,13,-8.94464
1846,15,-11.846688
1846,16,14.240381
1846,18,5.848583
1846,20,2.116326
1846,26,11.304889
1846,29,-8.082539
1847,5,-3.748048
1847,10,2.2818
1847,13,-9.626911
1847,15,-12.269379
1847,16,14.511705
1847,18,5.918219
1847,20,2.573096
1847,26,11.862335
1847,29,-8.271895
1848,5,-4.431361
1848,10,3.15707
1848,13,-10.157766
1848,15,-12.391421
1848,16,14.856214
1848,18,6.347271
1848,20,3.42004
1848,26,12.651433
1848,29,-8.053118
1849,5,-4.830846
1849,10,3.638541
1849,13,-10.334897
1849,15,-12.256625
1849,16,14.656453
1849,18,6.33301
1849,20,3.797468
1849,26,12.786056
1849,29,-7.831172
1850,10,4.530683
1850,13,-10.87127
1850,15,-12.33189
1850,16,14.764876
1850,18,6.553133
1850,20,4.562914
1850,26,13.393838
1850,29,-7.626323
1851,10,4.997585
1851,13,-11.161359
1851,15,-12.385703
1851,16,14.838122
1851,18,6.6727
1851,20,4.963469
1851,26,13.72317
1851,29,-7.531034
1852,10,5.181018
1852,13,-11.263505
1852,15,-12.404357
1852,16,14.924276
1852,18,6.780353
1852,20,5.151102
1852,26,13.900032
1852,29,-7.475792
1853,5,-6.240262
1853,13,-11.385004
1853,15,-12.48032
1853,16,15.000041
1853,18,6.820092
1853,20,5.252421
1853,26,14.026086
1853,29,-7.501961
1854,5,-6.479263
1854,10,5.523057
1854,13,-11.703616
1854,15,-12.766093
1854,16,15.299969
1854,18,6.945326
1854,20,5.429705
1854,26,14.365983
1854,29,-7.661742
1855,10,5.477134
1855,13,-11.972812
1855,15,-13.08477
1855,16,15.176796
1855,18,6.548669
1855,20,5.149809
1855,25,-4.995406
1855,26,14.192398
1855,29,-8.05592
1856,5,-7.093284
1856,10,5.803717
1856,13,-12.40716
1856,15,-13.392471
1856,18,6.430366
1856,20,5.287182
1856,25,-4.790699
1856,26,14.399105
1856,29,-8.275633
1857,5,-6.863314
1857,10,5.698438
1857,13,-12.182937
1857,15,-13.225528
1857,16,15.374182
1857,18,6.679564
1857,20,5.357593
1857,25,-4.935138
1857,26,14.467116
1857,29,-8.091242
1858,5,-6.920945
1858,13,-12.235201
1858,15,-13.243644
1858,16,15.469883
1858,18,6.780895
1858,20,5.476718
1858,26,14.600263
1858,29,-8.057872
1859,5,-6.705877
1859,10,5.601973
1859,13,-12.046883
1859,15,-13.149548
1859,16,15.469192
1859,18,6.816256
1859,20,5.365273
1859,26,14.496584
1859,29,-8.01544
1860,5,-6.599362
1860,10,5.401288
1860,13,-11.884082
1860,15,-13.021336
1860,16,15.089176
1860,18,6.478016
1860,20,5.071257
1860,25,-5.011546
1860,26,14.076143
1860,29,-8.048569
1861,10,5.414282
1861,13,-11.677956
1861,15,-12.713298
1861,18,6.355334
1861,20,5.072358
1861,25,-4.780585
1861,26,13.830892
1861,29,-7.818151
1862,10,5.316241
1862,13,-11.365399
1862,15,-12.390077
1862,16,14.595205
1862,18,6.441518
1862,20,5.094395
1862,25,-4.753646
1862,29,-7.543767
1863,5,-6.678022
1863,13,-11.724342
1863,15,-12.679579
1863,18,6.23594
1863,20,5.094769
1863,26,13.765338
1863,29,-7.802182
1864,5,-6.828546
1864,10,5.763705
1864,13,-11.623202
1864,15,-12.337198
1864,16,14.210408
1864,18,6.156799
1864,20,5.301129
1864,26,13.642936
1864,29,-7.473607
1865,5,-6.820227
1865,13,-11.473607
1865,15,-12.060928
1865,16,14.132586
1865,18,6.32003
1865,20,5.534384
1865,26,13.69815
1865,29,-7.160528
1866,10,5.305037
1866,13,-10.913663
1866,15,-11.792574
1866,16,14.106368
1866,18,6.3919
1866,20,5.161793
1866,25,-4.442857
1866,26,13.353234
1866,29,-7.057123
1867,10,4.838418
1867,13,-10.360686
1867,15,-11.442262
1867,16,14.057189
1867,18,6.530713
1867,20,4.937152
1867,25,-4.772742
1867,26,13.080216
1867,29,-6.833315
1868,10,4.274547
1868,13,-9.838851
1868,15,-11.174332
1868,16,13.925021
1868,18,6.498298
1868,20,4.542473
1868,25,-5.146314
1868,26,12.669624
1868,29,-6.749981
1869,5,-4.555932
1869,10,3.905615
1869,13,-9.479932
1869,15,-11.029351
1869,16,14.114084
1869,18,6.741801
1869,20,4.408492
1869,25,-5.545344
1869,26,12.625904
1869,29,-6.650068
1870,10,3.286663
1870,13,-9.148932
1870,15,-11.121785
1870,16,14.56144
1870,18,7.020351
1870,20,4.064956
1870,25,-6.317714
1870,29,-6.803536
1871,5,-3.583882
1871,10,2.74538
1871,13,-9.038752
1871,15,-11.347776
1871,16,14.612353
1871,18,6.789686
1871,20,3.509523
1871,29,-7.191259
1872,5,-3.270069
1872,10,2.290871
1872,13,-8.985113
1872,15,-11.618648
1872,16,14.85305
1872,18,6.738872
1872,20,3.099605
1872,25,-7.359644
1872,26,12.202648
1872,29,-7.547829
1873,5,-2.795629
1873,10,1.725996
1873,13,-8.730261
1873,15,-11.709435
1873,16,14.995629
1873,18,6.708646
1873,20,2.646466
1873,25,-7.919692
1873,26,11.973081
1873,29,-7.771644
1874,5,-2.369579
1874,10,1.609553
1874,13,-8.362298
1874,15,-11.454076
1874,16,15.511882
1874,18,7.431504
1874,20,2.95397
1874,26,12.364852
1874,29,-7.388224
1875,5,-1.861068
1875,10,1.317928
1875,13,-7.871357
1875,15,-11.107764
1875,16,15.698748
1875,18,7.848451
1875,20,2.995708
1875,25,-8.593039
1875,26,12.390494
1875,29,-7.052377
1876,10,1.486337
1876,13,-8.033172
1876,15,-11.183047
1876,16,15.664491
1876,18,7.780915
1876,20,3.077332
1876,25,-8.442746
1876,26,12.450374
1876,29,-7.097387
1877,10,1.407449
1877,13,-7.925987
1877,15,-11.152605
1877,16,15.89385
1877,18,8.029073
1877,20,3.144641
1877,25,-8.633891
1877,26,12.596352
1877,29,-7.026268
1878,10,1.602761
1878,13,-8.253212
1878,15,-11.398276
1878,16,15.840893
1878,18,7.810425
1878,20,3.144842
1878,26,12.634649
1878,29,-7.251146
1879,10,1.737117
1879,13,-8.598189
1879,15,-11.653112
1879,16,15.514798
1879,18,7.286328
1879,20,2.948828
1879,25,-8.201183
1879,26,12.408914
1879,29,-7.580688
1880,10,1.926698
1880,13,-8.744488
1880,15,-11.670443
1880,16,15.334872
1880,18,7.116049
1880,20,3.005722
1880,25,-7.9472
1880,26,12.36809
1880,29,-7.598303
1881,5,-3.212333
1881,10,2.414214
1881,13,-8.909254
1881,15,-11.521501
1881,16,15.160608
1881,18,7.139773
1881,20,3.408031
1881,25,-7.431876
1881,26,12.530126
1881,29,-7.349422
1882,5,-3.860511
1882,10,2.996042
1882,13,-9.466514
1882,15,-11.796956
1882,16,15.157658
1882,18,7.020971
1882,20,3.742107
1882,26,12.835683
1882,29,-7.478735
1883,10,3.498103
1883,13,-9.898778
1883,15,-11.974551
1883,16,15.132115
1883,18,6.941914
1883,20,4.05172
1883,25,-6.557362
1883,26,13.087871
1883,29,-7.532743
1884,5,-5.10499
1884,10,4.107564
1884,13,-10.370205
1884,15,-12.056009
1884,16,14.706059
1884,18,6.539186
1884,20,4.299763
1884,25,-5.822564
1884,26,13.08401
1884,29,-7.565011
1885,5,-5.688558
1885,10,4.717979
1885,13,-10.728752
1885,15,-12.046106
1885,16,14.49599
1885,18,6.4363
1885,20,4.709693
1885,25,-5.197476
1885,26,13.271736
1885,29,-7.438175
1886,5,-6.348531
1886,10,5.325918
1886,13,-11.116539
1886,15,-12.028588
1886,16,14.052013
1886,18,6.093582
1886,20,5.001993
1886,25,-4.444328
1886,26,13.265186
1886,29,-7.369243
1887,10,5.292084
1887,13,-10.896366
1887,15,-11.832197
1887,16,14.242663
1887,18,6.441671
1887,20,5.178944
1887,25,-4.560959
1887,26,13.427041
1887,29,-7.118174
1888,10,5.173322
1888,13,-11.277129
1888,15,-12.347629
1888,16,14.240978
1888,18,6.002828
1888,20,4.791973
1888,25,-4.708546
1888,26,13.288013
1888,29,-7.706988
1889,10,5.150724
1889,13,-11.343811
1889,15,-12.434141
1889,16,14.208292
1889,18,5.892381
1889,20,4.70746
1889,26,13.235269
1889,29,-7.81771
1890,10,4.94837
1890,13,-11.302091
1890,15,-12.518028
1890,16,14.222668
1890,18,5.800448
1890,20,4.497552
1890,25,-4.904615
1890,26,13.115247
1890,29,-7.964982
1891,10,4.856349
1891,13,-11.211099
1891,15,-12.465739
1891,16,14.185417
1891,18,5.783624
1891,20,4.42931
1891,25,-4.957231
1891,26,13.035299
1891,29,-7.948877
1892,10,4.712441
1892,13,-11.35216
1892,15,-12.749514
1892,16,14.341272
1892,18,5.690823
1892,20,4.230216
1892,25,-5.191264
1892,26,13.041599
1892,29,-8.253317
1893,10,4.381353
1893,13,-11.239592
1893,15,-12.87851
1893,16,14.602075
1893,18,5.797615
1893,20,4.013362
1893,26,13.043406
1893,29,-8.418023
1894,5,-5.920732
1894,10,4.46135
1894,13,-11.207609
1894,15,-12.748377
1894,16,14.363441
1894,18,5.663591
1894,20,4.029712
1894,25,-5.415643
1894,26,12.90875
1894,29,-8.32449
1895,5,-5.917262
1895,10,4.340081
1895,13,-11.253758
1895,15,-12.861972
1895,16,14.267107
1895,18,5.446937
1895,20,3.814995
1895,25,-5.47518
1895,26,12.741507
1895,29,-8.510615
1896,10,4.108211
1896,13,-10.842962
1896,15,-12.558358
1896,16,14.387914
1896,18,5.771411
1896,20,3.849374
1896,25,-5.709228
1896,26,12.741189
1896,29,-8.223329
1897,5,-5.656989
1897,10,4.096654
1897,13,-10.943608
1897,15,-12.617443
1897,16,14.031511
1897,18,5.346124
1897,20,3.62406
1897,25,-5.527684
1897,26,12.430979
1897,29,-8.391054
1898,5,-5.62591
1898,10,4.067101
1898,13,-10.869369
1898,15,-12.528913
1898,16,13.907502
1898,18,5.27911
1898,20,3.584109
1898,29,-8.341966
1899,10,3.95667
1899,13,-10.634416
1899,15,-12.302636
1899,16,13.764465
1899,18,5.287706
1899,20,3.542827
1899,25,-5.46985
1899,26,12.164775
1899,29,-8.174739
1900,10,3.977973
1900,13,-10.626381
1900,15,-12.29567
1900,16,13.84334
1900,18,5.377159
1900,20,3.604057
1900,26,12.242306
1900,29,-8.141789
1901,10,3.918635
1901,13,-10.663562
1901,15,-12.316075
1901,16,13.511098
1901,18,4.999757
1901,20,3.372555
1901,26,11.928977
1901,29,-8.274947
1902,5,-5.59642
1902,10,3.972079
1902,13,-10.742028
1902,15,-12.375824
1902,16,13.521036
1902,18,4.969549
1902,20,3.388639
1902,26,11.96027
1902,29,-8.322673
1903,5,-5.644005
1903,10,4.04703
1903,13,-10.796007
1903,15,-12.410471
1903,16,13.621755
1903,18,5.058289
1903,20,3.482982
1903,26,12.082436
1903,29,-8.312347
1904,5,-5.55798
1904,10,3.854557
1904,13,-10.847947
1904,15,-12.614145
1904,16,13.733249
1904,18,4.974567
1904,20,3.265107
1904,26,12.033502
1904,29,-8.558001
1905,5,-5.294381
1905,10,3.612028
1905,13,-10.711814
1905,15,-12.655096
1905,16,13.966722
1905,18,5.139563
1905,20,3.157563
1905,26,12.075953
1905,29,-8.611441
1906,5,-5.063558
1906,10,3.420683
1906,13,-10.55405
1906,15,-12.622236
1906,16,14.111117
1906,18,5.279702
1906,20,3.088296
1906,26,12.084478
1906,29,-8.595682
1907,5,-4.778173
1907,10,3.244891
1907,13,-10.345354
1907,15,-12.542298
1907,16,14.371728
1907,18,5.581843
1907,20,3.117413
1907,26,12.203899
1907,29,-8.493544
1908,5,-4.598217
1908,13,-10.256363
1908,15,-12.587879
1908,16,14.468125
1908,18,5.606798
1908,20,2.96984
1908,26,12.155439
1908,29,-8.578539
1909,5,-4.357743
1909,10,2.773058
1909,13,-10.134212
1909,15,-12.641631
1909,16,14.595586
1909,18,5.646132
1909,20,2.779842
1909,26,12.093428
1909,29,-8.682771
1910,5,-4.410053
1910,10,2.680876
1910,13,-10.317137
1910,15,-12.930087
1910,16,14.690798
1910,18,5.49578
1910,20,2.590986
1910,26,12.079806
1910,29,-8.994316
1911,5,-4.246807
1911,10,2.571004
1911,13,-10.172933
1911,15,-12.847091
1911,16,14.75795
1911,18,5.610029
1911,20,2.578373
1911,26,12.079001
1911,29,-8.922813
1912,5,-3.928098
1912,10,2.334024
1912,13,-9.90707
1912,15,-12.714928
1912,16,14.882683
1912,18,5.80089
1912,20,2.515835
1912,25,-7.503228
1912,26,12.056255
1912,29,-8.820834
1913,5,-3.852586
1913,10,2.188833
1913,13,-9.971331
1913,15,-12.91849
1913,16,15.076945
1913,18,5.812404
1913,20,2.380071
1913,25,-7.752772
1913,26,12.103297
1913,29,-9.030831
1914,5,-3.613025
1914,10,2.176029
1914,13,-9.643111
1914,15,-12.564105
1914,16,15.156956
1914,18,6.174623
1914,20,2.605329
1914,26,12.204328
1914,29,-8.638429
1915,5,-3.629338
1915,10,2.357151
1915,13,-9.597203
1915,15,-12.429834
1915,16,15.329485
1915,18,6.492229
1915,20,2.918455
1915,26,12.469118
1915,29,-8.398414
1916,5,-3.523031
1916,10,2.326269
1916,13,-9.550262
1916,15,-12.443055
1916,16,15.579169
1916,18,6.734274
1916,20,3.01182
1916,25,-7.881407
1916,29,-8.357331
1917,5,-3.288009
1917,10,2.143377
1917,13,-9.417561
1917,15,-12.452828
1917,16,15.82435
1917,18,6.947041
1917,20,2.977504
1917,26,12.743466
1917,29,-8.358848
1918,5,-3.116544
1918,10,1.897196
1918,13,-9.371169
1918,15,-12.573801
1918,16,15.916141
1918,18,6.899377
1918,20,2.750607
1918,26,12.656209
1918,29,-8.538998
1919,5,-2.811434
1919,10,1.641451
1919,13,-9.15689
1919,15,-12.521667
1919,16,16.086069
1919,18,7.070047
1919,20,2.651198
1919,26,12.648949
1919,29,-8.516739
1920,10,1.406395
1920,13,-9.052519
1920,15,-12.546626
1920,16,16.059141
1920,18,6.977339
1920,20,2.426252
1920,29,-8.623522
1921,5,-2.893541
1921,10,1.684897
1921,13,-9.2443
1921,15,-12.596686
1921,16,16.079163
1921,18,7.005445
1921,20,2.641172
1921,25,-8.719858
1921,26,12.656528
1921,29,-8.592582
1922,5,-3.522489
1922,10,2.446638
1922,13,-9.603417
1922,15,-12.512488
1922,16,15.985721
1922,18,7.108786
1922,20,3.276776
1922,25,-8.025091
1922,26,13.040854
1922,29,-8.306169
1923,5,-3.996609
1923,10,2.710187
1923,13,-9.990476
1923,15,-12.723929
1923,16,15.612109
1923,18,6.594319
1923,20,3.189462
1923,25,-7.615225
1923,26,12.862793
1923,29,-8.556552
1924,5,-4.509787
1924,10,3.291797
1924,13,-10.268279
1924,15,-12.641106
1924,16,15.417696
1924,18,6.558856
1924,20,3.622016
1924,25,-7.0142
1924,26,13.057248
1924,29,-8.35142
1925,5,-4.883633
1925,10,3.7259
1925,13,-10.458033
1925,15,-12.557771
1925,16,15.264392
1925,18,6.540274
1925,20,3.952305
1925,25,-6.559444
1925,26,13.197999
1925,29,-8.178212
1926,5,-5.310354
1926,10,3.998863
1926,13,-10.729588
1926,15,-12.611867
1926,16,14.794969
1926,18,6.053406
1926,20,3.910948
1926,26,12.96675
1926,29,-8.283041
1927,5,-5.745118
1927,10,4.289467
1927,13,-10.969744
1927,15,-12.603235
1927,16,14.244085
1927,18,5.534979
1927,20,3.877539
1927,26,12.687057
1927,29,-8.337231
1928,5,-6.263603
1928,10,4.869879
1928,13,-11.138664
1928,15,-12.33672
1928,16,13.736543
1928,18,5.319559
1928,20,4.250938
1928,26,12.646931
1928,29,-8.019323
1929,5,-6.734291
1929,10,5.423723
1929,13,-11.17542
1929,15,-11.895265
1929,16,13.019753
1929,18,5.021206
1929,20,4.59218
1929,26,12.441023
1929,29,-7.578501
1930,10,5.959692
1930,13,-11.785788
1930,15,-12.154143
1930,16,12.448062
1930,18,4.31094
1930,20,4.605623
1930,25,-3.078228
1930,26,12.257892
1930,29,-7.848434
1931,5,-7.775881
1931,10,6.461788
1931,13,-11.758669
1931,15,-11.795606
1931,16,12.394129
1931,18,4.627842
1931,20,5.194962
1931,25,-2.59796
1931,26,12.554937
1931,29,-7.334429
1932,10,6.516333
1932,13,-11.747176
1932,15,-11.696057
1932,16,12.1123
1932,18,4.420798
1932,20,5.151224
1932,25,-2.385788
1932,26,12.36766
1932,29,-7.288812
1933,5,-8.500829
1933,10,7.003178
1933,13,-12.240963
1933,15,-11.900773
1933,16,11.804786
1933,18,4.020334
1933,20,5.287807
1933,25,-1.823671
1933,26,12.379077
1933,29,-7.444676
1934,5,-9.117759
1934,10,7.609819
1934,13,-12.558755
1934,15,-11.797508
1934,16,11.343335
1934,18,3.726961
1934,20,5.616171
1934,25,-1.047881
1934,26,12.373326
1934,29,-7.277993
1935,5,-9.842441
1935,10,8.397358
1935,13,-12.919317
1935,15,-11.63512
1935,16,10.915384
1935,18,3.547691
1935,20,6.145295
1935,26,12.509867
1935,29,-6.985472
1936,5,-10.345533
1936,10,9.051555
1936,13,-13.14094
1936,15,-11.447307
1936,16,10.75652
1936,18,3.645254
1936,20,6.713738
1936,26,12.790759
1936,29,-6.634339
1937,5,-11.018199
1937,10,9.595232
1937,13,-13.632801
1937,15,-11.605363
1937,16,10.405733
1937,18,3.246846
1937,20,6.901335
1937,26,12.806887
1937,29,-6.73364
1938,5,-11.531622
1938,10,10.096034
1938,13,-13.974889
1938,15,-11.648795
1938,16,10.220654
1938,18,3.104951
1938,20,7.200541
1938,26,12.947273
1938,29,-6.68007
1939,5,-12.210817
1939,10,10.72989
1939,13,-14.409148
1939,15,-11.682892
1939,16,9.868955
1939,18,2.820482
1939,20,7.531292
1939,26,13.031639
1939,29,-6.620414
1940,5,-13.200302
1940,10,11.772403
1940,13,-15.151369
1940,15,-11.882175
1940,16,9.883709
1940,18,2.857129
1940,20,8.298328
1940,26,13.638703
1940,29,-6.518014
1941,5,-13.869978
1941,10,12.582475
1941,13,-15.499214
1941,15,-11.734697
1941,16,9.691556
1941,18,2.914557
1941,20,8.957261
1941,26,13.980536
1941,29,-6.170668
1942,5,-14.018995
1942,10,12.704339
1942,13,-15.44265
1942,15,-11.496328
1942,16,9.178441
1942,18,2.589632
1942,20,8.928533
1942,26,13.662102
1942,29,-6.015576
1943,5,-14.239296
1943,10,12.877838
1943,13,-15.561172
1943,15,-11.479561
1943,16,8.943364
1943,18,2.385904
1943,20,8.961929
1943,26,13.574972
1943,29,-6.007381
1944,5,-14.567632
1944,10,13.025141
1944,13,-15.850781
1944,15,-11.66968
1944,16,8.67036
1944,18,1.972765
1944,20,8.840091
1944,26,13.416413
1944,29,-6.236173
1945,5,-14.877462
1945,13,-15.94452
1945,15,-11.573779
1945,16,7.761748
1945,18,1.110894
1945,26,12.717138
1945,29,-6.354846
1946,5,-14.693929
1946,10,12.817239
1946,13,-15.821202
1946,15,-11.579409
1946,16,7.666598
1946,20,8.20415
1946,26,12.483974
1946,29,-6.462849
1947,5,-14.711528
1947,10,12.67348
1947,13,-15.765297
1947,15,-11.511289
1947,16,7.161311
1947,20,7.864025
1947,29,-6.564124
1948,5,-14.628197
1948,10,12.559902
1948,13,-15.655368
1948,15,-11.423696
1948,16,6.985088
1948,18,0.324239
1948,20,7.726934
1948,26,11.793823
1948,29,-6.550165
1949,5,-14.498973
1949,10,12.401149
1949,13,-15.524797
1949,15,-11.348912
1949,16,6.851308
1949,18,0.214506
1949,20,7.566668
1949,25,5.540001
1949,26,11.599576
1949,29,-6.552233
1950,5,-14.234307
1950,10,12.150449
1950,13,-15.359352
1950,15,-11.344676
1950,16,6.99549
1950,18,0.3212
1950,20,7.431897
1950,25,5.249255
1950,26,11.56903
1950,29,-6.584701
1951,5,-14.005967
1951,10,11.731317
1951,13,-15.238212
1951,15,-11.428937
1951,16,6.772
1951,18,-0.054158
1951,20,6.92132
1951,26,11.12779
1951,29,-6.856403
1952,5,-13.522055
1952,10,11.415013
1952,13,-14.694643
1952,15,-10.983939
1952,16,6.673202
1952,18,0.141194
1952,20,6.851614
1952,26,10.912793
1952,29,-6.504238
1953,5,-13.027036
1953,10,10.969973
1953,13,-14.365308
1953,15,-10.936065
1953,16,6.93493
1953,18,0.371193
1953,20,6.638578
1953,26,10.867634
1953,29,-6.518721
1954,5,-12.872281
1954,10,10.500204
1954,13,-14.414485
1954,15,-11.258714
1954,16,6.762725
1954,18,-0.149825
1954,20,5.980662
1954,26,10.4097
1954,29,-7.04501
1955,5,-12.468312
1955,10,10.217079
1955,13,-14.100664
1955,15,-11.124661
1955,16,7.01669
1955,18,0.169328
1955,20,5.946313
1955,25,3.639953
1955,26,10.464613
1955,29,-6.922082
1956,5,-12.366406
1956,10,10.153582
1956,13,-14.118414
1956,15,-11.250636
1956,16,7.358019
1956,18,0.409487
1956,20,5.99608
1956,25,3.382509
1956,26,10.690137
1956,29,-6.986622
1957,5,-12.458609
1957,10,10.401272
1957,13,-14.396784
1957,15,-11.579634
1957,16,8.224363
1957,18,1.086227
1957,20,6.459541
1957,25,3.069625
1957,26,11.504002
1957,29,-7.038646
1958,5,-12.006441
1958,10,10.06413
1958,13,-14.355348
1958,15,-11.949945
1958,16,9.298232
1958,18,1.843502
1958,20,6.517847
1958,25,2.145318
1958,26,12.133959
1958,29,-7.25719
1959,5,-12.174518
1959,10,10.314561
1959,13,-14.659749
1959,15,-12.262894
1959,16,9.929046
1959,18,2.288554
1959,20,6.872829
1959,25,1.969686
1959,26,12.759062
1959,29,-7.35256
1960,5,-12.110114
1960,10,10.247038
1960,13,-14.757333
1960,15,-12.494012
1960,16,10.323305
1960,18,2.498267
1960,20,6.887942
1960,25,1.669346
1960,26,13.012131
1960,29,-7.51735
1961,5,-11.929702
1961,10,10.093142
1961,13,-14.833495
1961,15,-12.80208
1961,16,10.964074
1961,18,2.887129
1961,20,6.913591
1961,25,1.149657
1961,26,13.405188
1961,29,-7.726955
1962,5,-11.491664
1962,10,9.799293
1962,13,-14.730762
1962,15,-13.049499
1962,16,11.904624
1962,18,3.61103
1962,20,7.007909
1962,25,0.346392
1962,26,13.965874
1962,29,-7.838553
1963,5,-10.993472
1963,10,9.170688
1963,13,-14.43843
1963,15,-13.113003
1963,16,11.910768
1963,18,3.454929
1963,20,6.451222
1963,25,-0.18892
1963,26,13.589006
1963,29,-8.094115
1964,5,-10.302201
1964,10,8.61769
1964,13,-14.001403
1964,15,-13.067933
1964,16,12.476481
1964,18,3.979013
1964,20,6.300881
1964,25,-0.971884
1964,26,13.724872
1964,29,-8.070273
1965,5,-9.865583
1965,10,8.207646
1965,13,-13.752979
1965,15,-13.101465
1965,16,12.787078
1965,18,4.200445
1965,20,6.097124
1965,25,-1.496017
1965,26,13.728843
1965,29,-8.151741
1966,5,-9.236393
1966,10,7.628623
1966,13,-13.41413
1966,15,-13.177982
1966,16,13.308302
1966,18,4.576736
1966,20,5.835675
1966,25,-2.285688
1966,26,13.798278
1966,29,-8.276524
1967,5,-8.366044
1967,10,7.036936
1967,13,-12.718592
1967,15,-12.853116
1967,16,13.841258
1967,18,5.283808
1967,20,5.790687
1967,25,-3.060642
1967,26,13.916767
1967,29,-7.978147
1968,5,-7.997549
1968,10,6.729446
1968,13,-12.308028
1968,15,-12.537658
1968,16,13.642777
1968,18,5.274346
1968,20,5.606835
1968,25,-3.180195
1968,26,13.608762
1968,29,-7.789281
1969,5,-7.617702
1969,10,6.308221
1969,13,-12.031256
1969,15,-12.482411
1969,16,13.620684
1969,18,5.220253
1969,20,5.274381
1969,25,-3.516844
1969,26,13.345747
1969,29,-7.865364
1970,5,-7.619686
1970,10,6.309492
1970,13,-11.912571
1970,15,-12.284713
1970,16,13.300398
1970,18,5.04382
1970,20,5.221188
1970,25,-3.317572
1970,26,13.108659
1970,29,-7.738687
1971,5,-7.724425
1971,10,6.196621
1971,13,-11.83391
1971,15,-12.101052
1971,16,12.432141
1971,18,4.269114
1971,20,4.787961
1971,25,-2.900912
1971,26,12.357361
1971,29,-7.798768
1972,5,-7.447145
1972,10,5.812747
1972,13,-11.581669
1972,15,-11.996299
1972,16,12.126966
1972,18,3.968279
1972,20,4.370813
1972,25,-3.039912
1972,26,11.892806
1972,29,-7.882157
1973,5,-7.138705
1973,10,5.600833
1973,13,-11.228939
1973,15,-11.705765
1973,16,12.028123
1973,18,4.059229
1973,20,4.303521
1973,26,11.71975
1973,29,-7.665578
1974,5,-7.335478
1974,10,5.836285
1974,13,-11.20064
1974,15,-11.446518
1974,16,11.618733
1974,18,3.880362
1974,20,4.434169
1974,25,-2.686579
1974,26,11.557278
1974,29,-7.424827
1975,5,-7.772738
1975,10,6.358529
1975,13,-11.448288
1975,15,-11.386577
1975,16,11.538053
1975,18,3.931597
1975,20,4.859999
1975,26,11.808794
1975,29,-7.225639
1976,5,-7.450762
1976,10,6.211058
1976,13,-11.120771
1976,15,-11.132825
1976,16,11.693693
1976,18,4.267689
1976,20,4.954796
1976,25,-2.392476
1976,26,11.876068
1976,29,-6.964868
1977,5,-7.081031
1977,10,5.848925
1977,13,-10.783776
1977,15,-10.954065
1977,16,11.58623
1977,18,4.234909
1977,20,4.696705
1977,26,11.593529
1977,29,-6.913925
1978,5,-6.880945
1978,10,5.771347
1978,13,-10.469041
1978,15,-10.607884
1978,16,11.413451
1978,18,4.317036
1978,20,4.734439
1978,26,11.446846
1978,29,-6.616515
1979,5,-6.751515
1979,10,5.958027
1979,13,-10.073646
1979,15,-10.005888
1979,16,11.267157
1979,18,4.676125
1979,20,5.146087
1979,26,11.508573
1979,29,-5.962542
1980,5,-6.345713
1980,10,5.718518
1980,13,-9.547661
1980,15,-9.509786
1980,16,11.048745
1980,18,4.80336
1980,20,5.10857
1980,26,11.245915
1980,29,-5.567191
1981,5,-6.300286
1981,10,5.691043
1981,13,-9.165804
1981,15,-8.916105
1981,16,10.155454
1981,18,4.346828
1981,20,4.959935
1981,26,10.574312
1981,29,-5.171994
1982,5,-6.334223
1982,10,5.839107
1982,13,-9.012412
1982,15,-8.597983
1982,16,9.905612
1982,18,4.365592
1982,20,5.130925
1982,26,10.496267
1982,29,-4.854792
1983,5,-6.081772
1983,10,5.394347
1983,13,-8.908473
1983,15,-8.735386
1983,16,9.771271
1983,18,4.039037
1983,20,4.616911
1983,26,10.106193
1983,29,-5.169112
1984,5,-6.033566
1984,10,5.309054
1984,13,-8.95924
1984,15,-8.880994
1984,16,9.938055
1984,18,4.078429
1984,20,4.549417
1984,26,10.172782
1984,29,-5.30885
1985,5,-6.408005
1985,10,5.571437
1985,13,-9.204005
1985,15,-8.929413
1985,18,3.713554
1985,20,4.559944
1985,26,10.034225
1985,29,-5.369766
1986,5,-7.534908
1986,10,6.258707
1986,13,-10.371529
1986,15,-9.817811
1986,16,9.456134
1986,18,2.988424
1986,20,4.578366
1986,26,10.238723
1986,29,-6.130632
1987,5,-8.35438
1987,10,6.714529
1987,13,-11.283445
1987,15,-10.580144
1987,16,9.445943
1987,18,2.443713
1987,20,4.531944
1987,26,10.413422
1987,29,-6.799922
1988,5,-9.806291
1988,10,7.971419
1988,13,-12.648821
1988,15,-11.401632
1988,16,9.665606
1988,18,2.224682
1988,20,5.234584
1988,26,11.244112
1988,29,-7.231797
1989,5,-11.02945
1989,10,9.172195
1989,13,-13.752294
1989,15,-11.981262
1989,16,10.014672
1989,18,2.32268
1989,20,6.088737
1989,26,12.17394
1989,29,-7.393612
1990,5,-11.579467
1990,10,9.719205
1990,13,-14.17528
1990,15,-12.118457
1990,16,9.990265
1990,18,2.277554
1990,20,6.454324
1990,26,12.463786
1990,29,-7.378724
1991,5,-12.37837
1991,10,10.545753
1991,13,-14.753704
1991,15,-12.249074
1991,16,9.921541
1991,18,2.238972
1991,20,7.033237
1991,26,12.885073
1991,29,-7.282639
1992,5,-12.563416
1992,10,10.818702
1992,13,-14.704449
1992,15,-11.953786
1992,16,9.579439
1992,18,2.164825
1992,20,7.248422
1992,25,2.615036
1992,26,12.804977
1992,29,-6.972366
1993,5,-12.721478
1993,10,11.086079
1993,13,-14.758631
1993,15,-11.854785
1993,16,9.61814
1993,18,2.326058
1993,20,7.543248
1993,25,2.824259
1993,26,13.006549
1993,29,-6.777598
1994,5,-12.596359
1994,10,11.100771
1994,13,-14.523775
1994,15,-11.559514
1994,16,9.53761
1994,18,2.478393
1994,20,7.675929
1994,25,2.905603
1994,26,12.983881
1994,29,-6.481897
1995,5,-12.953783
1995,10,11.624137
1995,13,-14.825337
1995,15,-11.653616
1995,16,9.939416
1995,18,2.90304
1995,20,8.260253
1995,26,13.608692
1995,29,-6.324431
1996,5,-12.892708
1996,10,11.75016
1996,13,-14.714182
1996,15,-11.487662
1996,16,10.1552
1996,18,3.276434
1996,20,8.563681
1996,26,13.876437
1996,29,-6.059246
1997,5,-12.748255
1997,10,11.791534
1997,13,-14.436471
1997,15,-11.129778
1997,16,10.094401
1997,18,3.503484
1997,20,8.762742
1997,26,13.892501
1997,29,-5.684898
1998,5,-12.66562
1998,10,11.676638
1998,13,-14.229132
1998,15,-10.877492
1998,16,9.645927
1998,18,3.220002
1998,20,8.578523
1998,25,3.376776
1998,26,13.490893
1998,29,-5.56321
1999,5,-12.847656
1999,10,11.970324
1999,13,-14.180491
1999,15,-10.580419
1999,16,9.36067
1999,18,3.209346
1999,20,8.840334
1999,25,3.810512
1999,26,13.469337
1999,29,-5.230229
2000,5,-12.423678
2000,10,11.462994
2000,13,-13.662316
2000,15,-10.175141
2000,16,8.688911
2000,18,2.752309
2000,20,8.302038
2000,25,3.805112
2000,26,12.671693
2000,29,-5.120586
2001,5,-12.5984
2001,10,11.333692
2001,13,-13.930232
2002,5,-10.586692
2002,13,-11.246784
2002,15,-8.014543
2002,16,6.288068
2002,18,1.709914
2002,29,-3.949153
2003,5,-10.074548
2003,10,8.924158
2003,13,-10.680562
2003,15,-7.673181
2003,16,5.210214
2003,18,0.73224
2003,20,5.813436
2003,26,8.641337
2003,29,-4.09893
2004,5,-9.775918
2004,10,8.7499
2004,13,-10.422861
2004,15,-7.524123
2004,16,5.403554
2004,18,1.019509
2004,20,5.847377
2004,26,8.710162
2004,29,-3.948519
2005,5,-8.234573
2005,10,7.601778
2005,13,-9.063221
2005,15,-6.76071
2005,16,5.800312
2005,18,1.844716
2005,20,5.513661
2005,25,2.499984
2005,26,8.431926
2005,29,-3.400715
2006,5,-6.131625
2006,10,5.793144
2006,13,-7.361825
2006,15,-6.034475
2006,16,6.259627
2006,18,2.594742
2006,20,4.643461
2006,25,0.770389
2006,26,7.805999
2006,29,-3.079608
2007,10,4.838492
2007,13,-6.293852
2007,15,-5.535569
2007,16,6.916281
2007,18,3.509085
2007,20,4.456089
2007,25,-0.375321
2007,26,7.821412
2007,29,-2.69038
2008,5,-2.757383
2008,10,3.05528
2008,13,-4.574933
2008,15,-4.735475
2008,16,7.181185
2008,18,4.122653
2008,20,3.549938
2008,25,-1.966142
2008,26,7.061713
2008,29,-2.332059
2009,5,-0.123983
2009,10,0.827672
2009,13,-2.4126
2009,15,-3.76405
2009,16,7.746341
2009,18,5.108839
2009,20,2.520962
2009,25,-4.092215
2009,26,6.297556
2009,29,-1.858838
2010,5,1.900245
2010,10,-1.069458
2010,13,-0.290713
2010,15,-2.287334
2010,16,6.549767
2010,18,4.739839
2010,20,1.15634
2010,25,-4.878888
2010,26,4.37044
2010,29,-1.173617
2011,5,2.813553
2011,10,-2.177728
2011,13,1.012975
2011,15,-1.097541
2011,16,4.547593
2011,18,3.44399
2011,20,-0.117345
2011,25,-4.555855
2011,26,2.233761
2011,29,-0.739939
2012,5,3.880687
2012,10,-3.03931
2012,13,2.852846
2012,15,0.927939
2012,16,2.239719
2012,18,2.542875
2012,20,-0.881374
2012,25,-3.786025
2012,26,0.092575
2012,29,0.575789
2013,5,4.586019
2013,10,-3.58236
2013,13,4.15699
2013,15,2.421524
2013,16,0.52844
2013,18,1.884653
2013,20,-1.372823
2013,25,-3.135357
2013,26,-1.438838
2013,29,1.572281
2014,5,4.417682
2014,10,-3.602673
2014,13,4.658535
2014,15,3.399125
2014,16,-1.585815
2014,18,0.486713
2014,20,-1.917085
2014,25,-1.848611
2014,26,-3.039785
2014,29,2.092142
2015,5,3.858503
2015,10,-1.791442
2015,13,6.000096
2015,15,6.538592
2015,16,-3.841803
2015,18,0.973714
2015,20,0.171378
2015,25,1.215191
2015,26,-3.421127
2015,29,5.412266
2016,5,2.832032
2016,10,-1.37945
2016,13,4.622258
2016,15,5.152522
2016,16,-3.548855
2016,18,0.23675
2016,20,-0.100538
2016,25,1.288845
2016,26,-3.095268
2016,29,4.151982
2017,5,2.879852
2017,10,-1.073178
2017,13,5.109503
2017,15,6.006292
2017,16,-4.042221
2017,18,0.462557
2017,20,0.373596
2017,25,1.895736
2017,26,-3.213443
2017,29,5.02671
2018,5,0.8709
2018,10,1.1312
2018,13,3.901717
2018,15,6.127368
2018,16,-4.630354
2018,18,0.318938
2018,20,1.969747
2018,25,4.097141
2018,26,-2.358097
2018,29,5.692531
2019,5,0.794118
2019,10,1.395996
2019,13,4.163164
2019,15,6.693133
2019,16,-5.117953
2019,18,0.313627
2019,20,2.254147
2019,25,4.645233
2019,26,-2.528238
2019,29,6.254179
2020,5,0.215899
2020,10,1.74422
2020,13,3.854615
2020,15,6.728345
2020,16,-5.987876
2020,18,-0.494836
2020,20,2.124158
2020,25,5.448662
2020,26,-3.01405
2020,29,6.195077
2021,5,-0.466779
2021,10,2.430615
2021,13,3.430743
2021,15,6.733008
2021,16,-6.281708
2021,18,-0.679562
2021,20,2.547144
2021,25,6.197092
2021,26,-2.839582
2021,29,6.343376
2022,5,-0.690201
2022,10,3.048389
2022,13,4.105102
2022,15,8.197945
2022,16,-7.781445
2022,18,-0.948791
2022,20,3.107998
2022,25,7.698455
2022,26,-3.510402
2022,29,7.721558
2023,5,-0.902181
2023,10,3.23676
2023,13,4.142947
2023,15,8.480598
2023,16,-8.387723
2023,18,-1.314467
2023,20,3.114048
2023,25,8.232239
2023,26,-3.851964
2023,29,7.936383
2024,5,-0.774039
2024,10,2.969137
2024,13,4.061367
2024,15,8.177001
2024,16,-8.182537
2024,18,-1.389298
2024,20,2.829115
2024,25,7.866607
2024,26,-3.880012
2024,29,7.585363
2025,5,-0.465963
2025,10,2.612703
2025,13,4.296728
2025,15,8.240032
2025,16,-8.269297
2025,18,-1.485794
2025,20,2.525088
2025,25,7.623589
2025,26,-4.154305
2025,29,7.523552
2026,5,-0.615248
2026,10,2.616571
2026,13,4.164446
2026,15,8.141701
2026,16,-8.530896
2026,18,-1.831619
2026,20,2.342855
2026,25,7.773881
2026,26,-4.371588
2026,29,7.362739
2027,5,-0.778206
2027,10,2.689357
2027,13,4.193614
2027,15,8.343321
2027,16,-9.148298
2027,18,-2.291955
2027,20,2.203377
2027,25,8.212035
2027,26,-4.799375
2027,29,7.455366
2028,5,-0.993512
2028,10,2.879088
2028,13,4.358323
2028,15,8.844156
2028,16,-10.114115
2028,18,-2.851816
2028,20,2.149707
2028,25,8.974086
2028,26,-5.403101
2028,29,7.817427
2029,5,-1.401588
2029,10,3.351275
2029,13,4.137932
2029,15,8.917883
2029,16,-10.252563
2029,18,-2.856784
2029,20,2.511197
2029,25,9.457862
2029,26,-5.223258
2029,29,8.010755
2030,5,-1.784918
2030,10,3.436085
2030,13,3.728454
2030,15,8.563387
2030,16,-10.57668
2030,18,-3.457849
2030,20,2.224133
2030,25,9.695414
2030,26,-5.469823
2030,29,7.592999
2031,5,-1.655764
2031,10,3.232707
2031,13,3.831833
2031,15,8.586605
2031,16,-10.740376
2031,18,-3.639475
2031,20,1.986501
2031,25,9.623737
2031,26,-5.718294
2031,29,7.519608
2032,5,-1.619538
2032,10,3.224153
2032,13,3.948954
2032,15,8.754294
2032,16,-10.928121
2032,18,-3.698495
2032,20,1.977152
2032,25,9.739894
2032,26,-5.853948
2032,29,7.652269
2033,5,-1.496801
2033,10,3.112369
2033,13,4.064529
2033,15,8.824297
2033,16,-10.961447
2033,18,-3.693832
2033,20,1.906459
2033,25,9.671857
2033,26,-5.938408
2033,29,7.686294
2034,5,-1.521818
2034,10,3.049067
2034,13,4.087298
2034,15,8.870865
2034,16,-11.264352
2034,18,-3.976585
2034,20,1.727651
2034,25,9.801351
2034,26,-6.21191
2034,29,7.648796
2035,5,-2.063741
2035,10,3.458586
2035,13,3.574935
2035,15,8.547628
2035,16,-11.3004
2035,18,-4.203896
2035,20,1.870973
2035,25,10.145117
2035,26,-6.030577
2035,29,7.431357
2036,5,-2.625781
2036,10,4.126206
2036,13,3.153134
2036,15,8.452565
2036,16,-11.130094
2036,18,-3.995391
2036,20,2.456239
2036,25,10.600136
2036,26,-5.505543
2036,29,7.580168
2037,5,-3.137444
2037,10,4.732558
2037,13,2.852086
2037,15,8.506285
2037,16,-11.205377
2037,18,-3.930133
2037,20,2.949018
2037,25,11.158598
2037,26,-5.196918
2037,29,7.80977
2038,5,-3.571202
2038,10,5.030037
2038,13,2.3629
2038,15,8.107065
2038,16,-11.081018
2038,18,-4.072203
2038,20,3.038407
2038,25,11.308908
2038,26,-4.962394
2038,29,7.515293
2039,5,-4.040738
2039,10,5.40617
2039,13,1.891092
2039,15,7.784707
2039,16,-10.991174
2039,18,-4.175634
2039,20,3.217546
2039,25,11.550977
2039,26,-4.700083
2039,29,7.317864
2040,5,-4.502268
2040,10,5.869471
2040,13,1.519449
2040,15,7.64492
2040,16,-10.95952
2040,18,-4.178895
2040,20,3.539499
2040,25,11.913186
2040,26,-4.412319
2040,29,7.325426
2041,10,6.409126
2041,13,1.152036
2041,15,7.511882
2041,16,-10.690734
2041,18,-3.921456
2041,20,4.047115
2041,25,12.200221
2041,26,-3.889113
2041,29,7.417726
2042,10,6.833317
2042,13,0.817468
2042,15,7.315978
2042,16,-10.283171
2042,18,-3.590892
2042,20,4.494412
2042,25,12.304101
2042,26,-3.33098
2042,29,7.439941
2043,5,-5.514664
2043,10,7.068464
2043,13,0.58256
2043,15,7.17363
2043,16,-10.173566
2043,18,-3.553692
2043,20,4.665362
2043,25,12.428617
2043,26,-3.117433
2043,29,7.391971
2044,5,-5.862356
2044,10,7.430084
2044,13,0.212143
2044,15,6.917844
2044,16,-9.874594
2044,18,-3.392742
2044,20,4.973526
2044,25,12.539818
2044,26,-2.689777
2044,29,7.307394
2045,5,-6.211328
2045,10,7.691177
2045,13,-0.007469
2045,15,6.896724
2045,16,-10.206474
2045,18,-3.707073
2045,20,5.010814
2045,25,12.955068
2045,26,-2.799436
2045,29,7.294562
2046,5,-6.846162
2046,10,8.443534
2046,13,-0.496795
2046,15,6.766223
2046,16,-9.979152
2046,18,-3.45673
2046,20,5.674152
2046,25,13.445263
2046,26,-2.18222
2046,29,7.446196
2047,10,9.118174
2047,13,-1.516596
2047,15,6.011738
2047,16,-9.945333
2047,18,-3.915782
2047,20,5.834354
2047,25,13.94221
2047,26,-1.832678
2047,29,6.87759
2048,10,8.679591
2048,13,-1.470734
2048,15,5.879362
2048,16,-10.413981
2048,18,-4.571807
2048,20,5.164487
2048,25,13.843681
2048,26,-2.480247
2048,29,6.501192
2049,10,8.705487
2049,13,-1.815359
2049,15,5.544386
2049,16,-10.644469
2049,18,-5.070866
2049,20,4.886516
2049,26,-2.682683
2049,29,6.110987
2050,5,-8.238786
2050,10,9.018629
2050,13,-2.130711
2050,15,5.293137
2050,16,-10.203094
2050,18,-4.769005
2050,20,5.228209
2050,25,13.967789
2050,26,-2.169923
2050,29,6.048489
2051,5,-8.528768
2051,10,9.197356
2051,13,-2.615631
2051,15,4.753686
2051,16,-9.727549
2051,18,-4.68416
2051,20,5.318182
2051,26,-1.741173
2051,29,5.650451
2052,5,-8.746689
2052,10,9.303293
2052,13,-2.957363
2052,15,4.380876
2052,16,-9.492693
2052,18,-4.724411
2052,20,5.318707
2052,25,13.728809
2052,26,-1.529498
2052,29,5.350007
2053,10,9.699035
2053,13,-3.345783
2053,15,4.135068
2053,16,-9.240688
2053,18,-4.599336
2053,20,5.636426
2053,25,13.897352
2053,26,-1.117661
2053,29,5.276247
2054,5,-9.437093
2054,10,9.91616
2054,13,-3.609539
2054,15,3.990688
2054,16,-9.347613
2054,18,-4.789271
2054,20,5.682466
2054,25,14.135311
2054,26,-1.08694
2054,29,5.172873
2055,10,10.624592
2055,13,-4.23255
2055,15,3.604326
2055,16,-8.750084
2055,18,-4.373257
2055,20,6.354056
2055,25,14.352366
2055,26,-0.22886
2055,29,5.126604
2056,10,10.375179
2056,13,-4.230209
2056,15,3.453006
2056,16,-8.768814
2056,18,-4.553306
2056,20,6.055595
2056,25,14.145742
2056,26,-0.407165
2056,29,4.890441
2057,10,10.561853
2057,13,-4.309172
2057,15,3.435068
2057,16,-8.534639
2057,18,-4.29846
2057,20,6.316454
2057,25,14.164307
2057,26,-0.110066
2057,29,4.985574
2058,10,10.388853
2058,13,-4.334154
2058,15,3.272568
2058,16,-8.411192
2058,18,-4.329808
2058,20,6.146118
2058,25,13.936768
2058,26,-0.131029
2058,29,4.79299
2059,10,10.627016
2059,13,-4.361346
2059,15,3.333293
2059,16,-8.107311
2059,18,-3.932828
2059,20,6.527304
2059,25,13.962244
2059,26,0.260372
2059,29,5.001526
2060,10,10.534812
2060,13,-4.313642
2060,15,3.389528
2060,16,-8.403907
2060,18,-4.20606
2060,20,6.333043
2060,25,14.06639
2060,26,-0.022665
2060,29,4.969551
2061,10,10.417215
2061,13,-4.193073
2061,15,3.481644
2061,16,-8.538531
2061,18,-4.289003
2061,20,6.218603
2061,25,14.055418
2061,26,-0.188425
2061,29,5.002976
2062,10,10.423277
2062,13,-4.26696
2062,15,3.44624
2062,16,-8.765727
2062,18,-4.548675
2062,20,6.089994
2062,25,14.195064
2062,26,-0.367273
2062,29,4.921582
2063,5,-10.1016
2063,10,10.612427
2063,13,-4.366576
2063,15,3.426343
2063,16,-8.63427
2063,18,-4.400328
2063,20,6.300238
2063,25,14.276397
2063,26,-0.150612
2063,29,4.99255
2064,5,-10.072135
2064,10,10.700063
2064,13,-4.292405
2064,15,3.547694
2064,16,-8.528479
2064,18,-4.181587
2064,20,6.49124
2064,25,14.296854
2064,26,-3.8e-05
2064,29,5.173504
2065,10,10.600008
2065,13,-4.256658
2065,15,3.529416
2065,16,-8.544395
2065,18,-4.228516
2065,20,6.39028
2065,25,14.22286
2065,26,-0.072797
2065,29,5.12337
2066,5,-9.834026
2066,10,10.381176
2066,13,-4.167794
2066,15,3.49146
2066,16,-8.532976
2066,18,-4.282029
2066,20,6.194398
2066,25,14.031499
2066,26,-0.196876
2066,29,5.021541
2067,5,-9.686196
2067,10,10.207882
2067,13,-4.079567
2067,15,3.480084
2067,16,-8.513226
2067,18,-4.298538
2067,20,6.054775
2067,25,13.875159
2067,26,-0.284375
2067,29,4.963449
2068,5,-9.52069
2068,10,10.106993
2068,13,-3.915607
2068,15,3.598289
2068,16,-8.473482
2068,18,-4.179638
2068,20,6.055707
2068,25,13.776106
2068,26,-0.2992
2068,29,5.067451
2069,10,10.147576
2069,13,-4.065992
2069,15,3.438413
2069,16,-8.408799
2069,18,-4.235017
2069,20,6.033496
2069,25,13.763131
2069,26,-0.239025
2069,29,4.931147
2070,5,-9.629545
2070,10,10.196692
2070,13,-4.093811
2070,15,3.408401
2070,16,-8.258128
2070,18,-4.097575
2070,20,6.132336
2070,25,13.714413
2070,26,-0.092044
2070,29,4.951607
2071,5,-9.526914
2071,10,10.107639
2071,13,-4.029946
2071,15,3.411897
2071,16,-8.185453
2071,18,-4.034829
2071,20,6.096727
2071,25,13.598172
2071,26,-0.08586
2071,29,4.946694
2072,5,-9.601017
2072,10,10.093688
2072,13,-4.135953
2072,15,3.292429
2072,16,-8.240467
2072,18,-4.188764
2072,20,5.991875
2072,25,13.613369
2072,26,-0.148762
2072,29,4.809419
2073,5,-9.439453
2073,10,9.97894
2073,13,-3.954733
2073,15,3.440514
2073,16,-8.29488
2073,18,-4.144238
2073,20,5.950698
2073,25,13.560594
2073,26,-0.243397
2073,29,4.919548
2074,5,-9.290266
2074,10,9.780044
2074,13,-3.860501
2074,15,3.432818
2074,16,-8.340689
2074,18,-4.228551
2074,20,5.759382
2074,25,13.422001
2074,26,-0.397755
2074,29,4.842795
2075,10,9.441737
2075,13,-3.701195
2075,15,3.391115
2075,16,-8.284278
2075,18,-4.257603
2075,20,5.485847
2075,25,13.102977
2075,26,-0.558084
2075,29,4.708897
2076,5,-8.759436
2076,10,9.182848
2076,13,-3.509627
2076,15,3.453613
2076,16,-8.309805
2076,18,-4.274446
2076,20,5.293769
2076,25,12.906261
2076,26,-0.724938
2076,29,4.690718
2077,5,-8.631558
2077,10,9.062891
2077,13,-3.383352
2077,15,3.535647
2077,16,-8.367902
2077,18,-4.287019
2077,20,5.210464
2077,25,12.847042
2077,26,-0.832531
2077,29,4.729451
2078,5,-8.511366
2078,10,8.974701
2078,13,-3.324435
2078,15,3.515698
2078,16,-8.204222
2078,18,-4.14989
2078,20,5.208328
2078,25,12.675434
2078,26,-0.756497
2078,29,4.71956
2079,5,-8.412583
2079,10,8.966775
2079,13,-3.238316
2079,15,3.577447
2079,16,-8.036525
2079,18,-3.930864
2079,20,5.31889
2079,25,12.573968
2079,26,-0.620935
2079,29,4.820695
2080,5,-8.677634
2080,10,9.348366
2080,13,-3.399061
2080,15,3.611405
2080,16,-7.915876
2080,18,-3.721073
2080,20,5.711142
2080,25,12.826373
2080,26,-0.292785
2080,29,5.005169
2081,5,-8.935861
2081,10,9.667377
2081,13,-3.522215
2081,15,3.690781
2081,16,-8.003992
2081,18,-3.697697
2081,20,5.972435
2081,25,13.153983
2081,26,-0.162196
2081,29,5.172637
2082,5,-9.139084
2082,10,9.979545
2082,13,-3.6422
2082,15,3.726665
2082,16,-7.878548
2082,18,-3.492569
2082,20,6.310887
2082,25,13.345211
2082,26,0.128419
2082,29,5.338355
2083,5,-9.135534
2083,10,9.964405
2083,13,-3.648936
2083,15,3.709977
2083,16,-7.877855
2083,18,-3.507752
2083,20,6.28912
2083,25,13.33263
2083,26,0.119553
2083,29,5.319746
2084,5,-9.183562
2084,10,10.086918
2084,13,-3.665229
2084,15,3.74999
2084,16,-7.777921
2084,18,-3.355074
2084,20,6.461056
2084,25,13.379835
2084,26,0.277082
2084,29,5.424583
2085,5,-9.321904
2085,10,10.189812
2085,13,-3.784707
2085,15,3.687259
2085,16,-7.822323
2085,18,-3.434598
2085,20,6.488643
2085,25,13.490711
2085,26,0.29842
2085,29,5.385663
2086,5,-9.271748
2086,10,10.141654
2086,13,-3.719215
2086,15,3.747208
2086,16,-7.892392
2086,18,-3.465806
2086,20,6.446292
2086,25,13.497559
2086,26,0.221905
2086,29,5.421382
2087,10,10.175277
2087,13,-3.81139
2087,15,3.638368
2087,16,-7.769814
2087,18,-3.422905
2087,20,6.475049
2087,25,13.447164
2087,26,0.328818
2087,29,5.34812
2088,10,10.133661
2088,13,-3.657801
2088,15,3.78852
2088,16,-7.761503
2088,18,-3.30122
2088,20,6.526478
2088,25,13.41799
2088,26,0.327246
2088,29,5.496271
2089,5,-9.013891
2089,10,10.035309
2089,13,-3.469798
2089,15,3.932526
2089,16,-7.704626
2089,18,-3.143803
2089,20,6.55215
2089,25,13.311482
2089,26,0.329366
2089,29,5.630315
2090,5,-8.903161
2090,10,9.988759
2090,13,-3.306476
2090,15,4.108052
2090,16,-7.782177
2090,18,-3.08999
2090,20,6.57056
2090,25,13.331193
2090,26,0.259706
2090,29,5.785066
2091,5,-8.935566
2091,10,10.106183
2091,13,-3.198054
2091,15,4.347358
2091,16,-7.972739
2091,18,-3.074788
2091,20,6.702184
2091,25,13.560665
2091,26,0.205552
2091,29,6.034128
2092,5,-8.782871
2092,10,9.878537
2092,13,-3.058704
2092,15,4.40836
2092,16,-8.191756
2092,18,-3.284374
2092,20,6.438728
2092,25,13.506125
2092,26,-0.095438
2092,29,5.982983
2093,5,-8.633644
2093,10,9.650831
2093,13,-2.920981
2093,15,4.469658
2093,16,-8.421608
2093,18,-3.50463
2093,20,6.170046
2093,25,13.458139
2093,26,-0.404903
2093,29,5.929932
2094,5,-8.325567
2094,10,9.152563
2094,13,-2.735003
2094,15,4.420496
2094,16,-8.681773
2094,18,-3.885648
2094,20,5.603768
2094,26,-0.911138
2094,29,5.670311
2095,5,-8.179546
2095,10,8.911812
2095,13,-2.6401
2095,15,4.40855
2095,16,-8.834679
2095,18,-4.087856
2095,20,5.322878
2095,25,13.084589
2095,26,-1.175167
2095,29,5.553273
2096,5,-8.121329
2096,10,8.726702
2096,13,-2.570472
2096,15,4.441191
2096,16,-9.177528
2096,18,-4.438916
2096,20,5.017427
2096,25,13.139018
2096,26,-1.550757
2096,29,5.460593
2097,5,-7.97302
2097,10,8.488381
2097,13,-2.461978
2097,15,4.451254
2097,16,-9.353728
2097,18,-4.646614
2097,20,4.739073
2097,25,13.04702
2097,26,-1.829282
2097,29,5.362495
2098,5,-7.945268
2098,10,8.490311
2098,13,-2.470392
2098,15,4.414204
2098,16,-9.207442
2098,18,-4.526957
2098,20,4.792968
2098,25,12.960019
2098,26,-1.715354
2098,29,5.358634
2099,5,-7.648301
2099,10,8.212934
2099,13,-2.18437
2099,15,4.591647
2099,16,-9.319838
2099,18,-4.541963
2099,20,4.605835
2099,25,12.806731
2099,26,-1.950083
2099,29,5.435242
2100,5,-7.517316
2100,10,8.065479
2100,13,-2.07936
2100,15,4.62925
2100,16,-9.365556
2100,18,-4.580807
2100,20,4.482241
2100,25,12.714204
2100,26,-2.068883
2100,29,5.421613
2101,5,-7.375164
2101,10,7.831702
2101,13,-2.040286
2101,15,4.526332
2101,16,-9.365135
2101,18,-4.698212
2101,20,4.23409
2101,25,12.512832
2101,26,-2.217236
2101,29,5.244281
2102,5,-6.861439
2102,10,7.222861
2102,13,-1.653649
2102,15,4.620549
2102,16,-9.535399
2102,18,-4.8891
2102,20,3.700844
2102,25,12.110539
2102,26,-2.704032
2102,29,5.117332
2103,5,-6.75948
2103,10,7.145917
2103,13,-1.549743
2103,15,4.695892
2103,16,-9.551848
2103,18,-4.857001
2103,20,3.670429
2103,25,12.061921
2103,26,-2.753867
2103,29,5.171194
2104,5,-6.838042
2104,10,7.263336
2104,13,-1.573784
2104,15,4.748313
2104,16,-9.573553
2104,18,-4.818738
2104,20,3.784351
2104,25,12.178709
2104,26,-2.693917
2104,29,5.261852
2105,5,-6.455408
2105,10,6.887741
2105,13,-1.203711
2105,15,4.975836
2105,16,-9.762466
2105,18,-4.885944
2105,20,3.506168
2105,25,11.991868
2105,26,-3.042445
2105,29,5.343304
2106,5,-6.197926
2106,10,6.733521
2106,13,-0.860075
2106,15,5.311978
2106,16,-9.94181
2106,18,-4.822652
2106,20,3.473691
2106,25,11.991951
2106,26,-3.24017
2106,29,5.609675
2107,5,-6.023287
2107,10,6.648311
2107,13,-0.617731
2107,15,5.560274
2107,16,-10.048106
2107,18,-4.744714
2107,20,3.486249
2107,25,12.000769
2107,26,-3.348144
2107,29,5.821812
2108,5,-6.157233
2108,10,6.924574
2108,13,-0.600837
2108,15,5.763549
2108,16,-10.080926
2108,18,-4.572891
2108,20,3.807238
2108,25,12.266774
2108,26,-3.186821
2108,29,6.117171
2109,5,-6.201449
2109,10,6.955843
2109,13,-0.620866
2109,15,5.775657
2109,16,-10.151384
2109,18,-4.629408
2109,20,3.804221
2109,25,12.33816
2109,26,-3.220682
2109,29,6.128755
2110,5,-6.122501
2110,10,6.825166
2110,13,-0.563726
2110,15,5.780211
2110,16,-10.253758
2110,18,-4.749024
2110,20,3.648431
2110,25,12.292121
2110,26,-3.377158
2110,29,6.074536
2111,10,6.633213
2111,13,-0.428461
2111,15,5.825289
2111,16,-10.303388
2111,18,-4.792017
2111,20,3.490796
2111,25,12.164912
2111,26,-3.524887
2111,29,6.053586
2112,10,6.422123
2112,13,-0.296322
2112,15,5.896393
2112,16,-10.558935
2112,18,-5.025987
2112,20,3.229285
2112,25,12.147902
2112,26,-3.842788
2112,29,6.011674
2113,10,6.499278
2113,13,-0.375013
2113,15,5.87292
2113,16,-10.643646
2113,18,-5.118243
2113,20,3.237445
2113,25,12.264657
2113,26,-3.86378
2113,29,5.998298
2114,10,6.848948
2114,13,-0.542566
2114,15,5.869312
2114,16,-10.476637
2114,18,-4.897915
2114,20,3.604956
2114,25,12.459389
2114,26,-3.522618
2114,29,6.143373
2115,10,7.573277
2115,13,-1.179966
2115,15,5.545512
2115,16,-10.2307
2115,18,-4.796584
2115,20,4.143945
2115,25,12.903358
2115,26,-2.927324
2115,29,6.092079
2116,10,7.892887
2116,13,-1.462117
2116,15,5.404807
2116,16,-10.135115
2116,18,-4.763096
2116,20,4.376328
2116,25,13.108252
2116,26,-2.673691
2116,29,6.071163
2117,10,8.267819
2117,13,-1.888747
2117,15,5.144167
2117,16,-10.097327
2117,18,-4.875739
2117,20,4.559815
2117,25,13.388036
2117,26,-2.444032
2117,29,5.932096
2118,10,8.675639
2118,13,-2.22663
2118,15,4.995445
2118,16,-10.002512
2118,18,-4.836314
2118,20,4.859582
2118,26,-2.138957
2118,29,5.931031
2119,10,8.829611
2119,13,-2.488362
2119,15,4.717044
2119,16,-9.633718
2119,18,-4.661302
2119,20,5.016797
2119,25,13.55896
2119,26,-1.784311
2119,29,5.769716
2120,10,9.004384
2120,13,-2.588613
2120,15,4.661999
2120,16,-9.380378
2120,18,-4.421891
2120,20,5.255441
2120,26,-1.485528
2120,29,5.823017
2121,5,-8.648341
2121,10,9.383268
2121,13,-2.895549
2121,15,4.507492
2121,16,-9.172574
2121,18,-4.277379
2121,20,5.584298
2121,26,-1.110057
2121,29,5.829357
2122,5,-8.929291
2122,10,9.533789
2122,13,-3.273737
2122,15,4.134121
2122,16,-9.009491
2122,18,-4.387602
2122,20,5.584509
2122,25,13.745068
2122,26,-0.927753
2122,29,5.527252
2123,5,-9.264928
2123,10,9.741588
2123,13,-3.71755
2123,15,3.706958
2123,16,-8.775628
2123,18,-4.460556
2123,20,5.637418
2123,25,13.755651
2123,26,-0.661122
2123,29,5.201938
2124,5,-9.466816
2124,10,9.899558
2124,13,-3.890777
2124,15,3.619005
2124,16,-8.827294
2124,18,-4.559374
2124,20,5.69264
2124,25,13.917099
2124,26,-0.614019
2124,29,5.154865
2125,5,-9.664493
2125,10,10.034714
2125,13,-4.087338
2125,15,3.482554
2125,16,-8.844717
2125,18,-4.665713
2125,20,5.719734
2125,25,14.035831
2125,26,-0.558534
2125,29,5.057221
2126,5,-9.612653
2126,10,9.790814
2126,13,-4.206135
2126,15,3.185269
2126,16,-8.818246
2126,18,-4.913076
2126,20,5.370687
2126,25,13.799586
2126,26,-0.711374
2126,29,4.680645
2127,5,-9.678333
2127,10,9.698494
2127,13,-4.426102
2127,15,2.846838
2127,16,-8.689662
2127,18,-5.067115
2127,20,5.174012
2127,25,13.626587
2127,26,-0.697757
2127,29,4.330281
2128,5,-9.416387
2128,10,9.257615
2128,13,-4.32081
2128,15,2.712086
2128,16,-8.806024
2128,18,-5.358701
2128,20,4.681578
2128,25,13.320566
2128,26,-1.064005
2128,29,4.030448
2129,5,-9.158237
2129,10,8.834356
2129,13,-4.249128
2129,15,2.525889
2129,16,-8.805877
2129,18,-5.570671
2129,20,4.233453
2129,25,12.955541
2129,26,-1.333783
2129,29,3.706063
2130,5,-8.914665
2130,10,8.414752
2130,13,-4.208403
2130,15,2.299836
2130,16,-8.774516
2130,18,-5.78223
2130,20,3.782174
2130,25,12.572385
2130,26,-1.580887
2130,29,3.347741
2131,5,-9.265041
2131,10,8.743747
2131,13,-4.669149
2131,15,1.879149
2131,16,-8.291392
2131,18,-5.580069
2131,20,4.061451
2131,25,12.533609
2131,26,-1.046486
2131,29,3.11712
2132,5,-9.068691
2132,10,8.348845
2132,13,-4.720237
2132,15,1.540933
2132,16,-8.153976
2132,18,-5.770204
2132,20,3.621953
2132,25,12.100372
2132,26,-1.207032
2132,29,2.671459
2133,5,-8.993754
2133,10,8.163832
2133,13,-4.793028
2133,15,1.313717
2133,16,-8.027471
2133,18,-5.8513
2133,20,3.409263
2133,25,11.856744
2133,26,-1.239632
2133,29,2.405654
2134,10,8.2297
2134,13,-4.782911
2134,15,1.415099
2134,16,-8.255744
2134,18,-5.991274
2134,20,3.404822
2134,25,12.059255
2134,26,-1.366564
2134,29,2.490491
2135,5,-9.102985
2135,10,8.144485
2135,13,-4.855727
2135,15,1.30221
2135,16,-8.376423
2135,18,-6.216081
2135,20,3.213464
2135,25,12.057118
2135,26,-1.520829
2135,29,2.326573
2136,10,7.849834
2136,13,-4.815492
2136,15,1.17342
2136,16,-8.433923
2136,18,-6.420847
2136,20,2.873592
2136,25,11.839029
2136,26,-1.752787
2136,29,2.091321
2137,10,8.087235
2137,13,-4.989372
2137,15,1.085657
2137,16,-8.243352
2137,18,-6.262793
2137,20,3.114106
2137,25,11.919858
2137,26,-1.469004
2137,29,2.117786
2138,5,-9.199435
2138,10,8.114512
2138,13,-5.037708
2138,15,1.071557
2138,16,-8.357714
2138,18,-6.385475
2138,20,3.071731
2138,25,12.01415
2138,26,-1.54132
2138,29,2.093462
2139,5,-9.293912
2139,10,8.314583
2139,13,-5.067646
2139,15,1.14332
2139,16,-8.249849
2139,18,-6.189283
2139,20,3.327558
2139,25,12.12266
2139,26,-1.328926
2139,29,2.256574
2140,5,-9.24271
2140,10,8.187942
2140,13,-5.063705
2140,15,1.081666
2140,16,-8.316587
2140,18,-6.324673
2140,20,3.157095
2140,25,12.055542
2140,26,-1.460908
2140,29,2.142938
2141,5,-9.271406
2141,10,8.322977
2141,13,-5.027467
2141,15,1.196809
2141,16,-8.249566
2141,18,-6.144837
2141,20,3.363104
2141,25,12.136499
2141,26,-1.315126
2141,29,2.321945
2142,5,-9.207806
2142,10,8.310096
2142,13,-4.928039
2142,15,1.310882
2142,16,-8.28111
2142,18,-6.087392
2142,20,3.398788
2142,25,12.153066
2142,26,-1.334725
2142,29,2.43314
2143,5,-9.290183
2143,10,8.509828
2143,13,-4.932222
2143,15,1.416275
2143,16,-8.19315
2143,18,-5.884695
2143,20,3.662657
2143,25,12.275116
2143,26,-1.134925
2143,29,2.626895
2144,5,-9.527637
2144,10,8.698939
2144,13,-5.156619
2144,15,1.277476
2144,16,-8.18837
2144,18,-5.962724
2144,20,3.743568
2144,25,12.426314
2144,26,-1.029528
2144,29,2.549241
2145,5,-9.638405
2145,10,8.922509
2145,13,-5.199219
2145,15,1.346124
2145,16,-8.063788
2145,18,-5.749024
2145,20,4.024948
2145,25,12.543993
2145,26,-0.79056
2145,29,2.719787
2146,5,-9.681951
2146,10,8.905293
2146,13,-5.305749
2146,15,1.198398
2146,16,-7.993568
2146,18,-5.798696
2146,20,3.964853
2146,25,12.480607
2146,26,-0.758766
2146,29,2.578982
2147,5,-9.381209
2147,10,8.649221
2147,13,-4.925958
2147,15,1.54035
2147,16,-8.311266
2147,18,-5.884013
2147,20,3.784234
2147,25,12.479694
2147,26,-1.124626
2147,29,2.791954
2148,5,-9.128352
2148,10,8.389531
2148,13,-4.650799
2148,15,1.743182
2148,16,-8.551822
2148,18,-6.002976
2148,20,3.563172
2148,25,12.421097
2148,26,-1.44598
2148,29,2.875065
2149,5,-8.809005
2149,10,8.058793
2149,13,-4.348529
2149,15,1.919804
2149,16,-8.73311
2149,18,-6.093382
2149,20,3.299251
2149,25,12.264816
2149,26,-1.766367
2149,29,2.919528
2150,5,-8.272614
2150,10,7.592817
2150,13,-3.771397
2150,15,2.352813
2150,16,-9.035311
2150,18,-6.120717
2150,20,3.004735
2150,25,12.082121
2150,26,-2.237263
2150,29,3.161604
2151,10,7.115171
2151,13,-3.230376
2151,15,2.676163
2151,16,-9.044611
2151,18,-5.941649
2151,20,2.786109
2151,26,-2.49836
2151,29,3.342423
2152,10,6.816501
2152,13,-2.995742
2152,15,2.714155
2152,16,-8.834086
2152,18,-5.742397
2152,20,2.667085
2152,25,11.326116
2152,26,-2.508844
2152,29,3.328463
2153,10,6.182372
2153,13,-2.590662
2153,15,2.76328
2153,16,-8.760444
2153,18,-5.72149
2153,20,2.212642
2153,25,10.750289
2153,26,-2.825545
2153,29,3.191314
2154,5,-6.222814
2154,10,5.745703
2154,13,-2.133937
2154,15,3.006133
2154,16,-8.725506
2154,18,-5.555763
2154,20,2.005725
2154,25,10.374688
2154,26,-3.035689
2154,29,3.310163
2155,5,-5.918622
2155,10,5.370484
2155,13,-1.934805
2155,15,3.009013
2155,16,-8.780369
2155,18,-5.663194
2155,20,1.673921
2155,25,10.093883
2155,26,-3.30131
2155,29,3.184555
2156,10,5.039227
2156,13,-1.548644
2156,15,3.23827
2156,16,-8.748839
2156,18,-5.496127
2156,20,1.544033
2156,25,9.808431
2156,26,-3.452338
2156,29,3.32257
2157,10,4.383455
2157,13,-0.902149
2157,15,3.589211
2157,16,-8.852252
2157,18,-5.41521
2157,20,1.148952
2157,25,9.338469
2157,26,-3.891036
2157,29,3.455233
2158,5,-4.884775
2158,10,4.646947
2158,13,-0.967822
2158,15,3.62298
2158,16,-8.565455
2158,18,-5.059986
2158,20,1.524137
2158,25,9.387238
2158,26,-3.506433
2158,29,3.632245
2159,5,-4.541803
2159,10,4.345674
2159,13,-0.619184
2159,15,3.864402
2159,16,-8.709754
2159,18,-5.055822
2159,20,1.338437
2159,25,9.235858
2159,26,-3.774722
2159,29,3.759106
2160,10,4.367349
2160,13,-0.506211
2160,15,3.981488
2160,16,-8.5737
2160,18,-4.821328
2160,20,1.48713
2160,25,9.177632
2160,26,-3.644109
2160,29,3.915052
2161,10,4.436944
2161,13,-0.446683
2161,15,4.108722
2161,16,-8.636969
2161,18,-4.772597
2161,20,1.581809
2161,26,-3.638118
2161,29,4.059726
2162,10,4.729088
2162,13,-0.494954
2162,15,4.206402
2162,16,-8.473463
2162,18,-4.486675
2162,20,1.953965
2162,25,9.435267
2162,26,-3.326052
2162,29,4.288468
2163,5,-4.493131
2163,10,4.642817
2163,13,-0.342515
2163,15,4.360572
2163,16,-8.628481
2163,18,-4.531541
2163,20,1.890825
2163,25,9.467434
2163,26,-3.481989
2163,29,4.393192
2164,5,-4.647178
2164,10,4.514123
2164,13,-0.646335
2164,15,3.950358
2164,16,-8.735998
2164,18,-4.985576
2164,20,1.509534
2164,25,9.406432
2164,26,-3.679206
2164,29,3.912259
2165,5,-4.646994
2165,10,4.557693
2165,13,-0.625011
2165,15,3.996421
2165,16,-8.700949
2165,18,-4.906473
2165,20,1.587415
2165,25,9.425391
2165,26,-3.620346
2165,29,3.983284
2166,10,4.719775
2166,13,-0.558288
2166,15,4.182066
2166,16,-8.720789
2166,18,-4.753952
2166,20,1.810662
2166,26,-3.519887
2166,29,4.226272
2167,10,4.840527
2167,13,-0.460863
2167,15,4.37971
2167,16,-8.754523
2167,18,-4.611849
2167,20,1.999858
2167,25,9.719261
2167,26,-3.453861
2167,29,4.465595
2168,10,4.945268
2168,13,-0.585424
2168,15,4.30846
2168,16,-8.778413
2168,18,-4.677013
2168,20,2.034569
2168,25,9.820501
2168,26,-3.414785
2168,29,4.424994
2169,10,4.969813
2169,13,-0.695308
2169,15,4.228751
2169,16,-8.926189
2169,18,-4.885212
2169,20,1.938126
2169,26,-3.52021
2169,29,4.326891
2170,10,4.91877
2170,13,-0.638946
2170,15,4.255974
2170,16,-8.896284
2170,18,-4.840083
2170,20,1.926081
2170,26,-3.523847
2170,29,4.346803
2171,10,4.858197
2171,15,4.221577
2171,16,-8.903485
2171,18,-4.882887
2171,20,1.854432
2171,26,-3.567547
2171,29,4.293437
2172,10,4.84244
2172,15,4.172481
2172,16,-8.699408
2172,18,-4.718444
2172,20,1.915657
2172,25,9.684342
2172,26,-3.422705
2172,29,4.278165
2173,10,5.070175
2173,13,-0.855089
2173,15,4.027681
2173,16,-8.523108
2173,18,-4.623394
2173,20,2.10936
2173,25,9.761812
2173,26,-3.162116
2173,29,4.238765
2174,10,5.177524
2174,15,3.868742
2174,16,-8.341965
2174,18,-4.552204
2174,20,2.1997
2174,25,9.733938
2174,26,-2.971328
2174,29,4.14642
2175,10,4.863853
2175,15,3.609216
2175,16,-8.526637
2175,18,-4.98978
2175,20,1.711944
2175,26,-3.324388
2175,29,3.74682
2176,10,8.52582
2176,13,5.387105
2176,15,13.425454
2176,16,-8.334767
2176,18,3.574616
2176,20,10.118417
2176,25,13.01841
2176,26,-0.075842
2176,29,15.083876
2177,5,-2.777855
2177,10,8.672088
2177,13,5.32346
2177,15,13.411403
2177,16,-8.168205
2177,18,3.751529
2177,20,10.311165
2177,25,13.037658
2177,26,0.138924
2177,29,15.149027
2178,10,8.663162
2178,13,5.353186
2178,15,13.44691
2178,16,-8.196176
2178,18,3.750696
2178,20,10.30873
2178,25,13.049357
2178,26,0.115479
2178,29,15.179535
2179,10,8.91637
2179,13,5.413334
2179,15,13.65275
2179,16,-8.069764
2179,18,4.078091
2179,20,10.68803
2179,25,13.193989
2179,26,0.38333
2179,29,15.498046
2180,10,9.159305
2180,13,5.102115
2180,15,13.392557
2180,16,-7.800215
2180,18,4.175121
2180,20,10.87624
2180,25,13.219213
2180,26,0.712917
2180,29,15.360596
2181,10,9.48903
2181,13,4.783189
2181,15,13.188359
2181,16,-7.575713
2181,18,4.283859
2181,20,11.143143
2181,25,13.34842
2181,26,1.065021
2181,29,15.301071
2182,10,10.057686
2182,13,4.275225
2182,15,12.891485
2182,16,-7.223637
2182,18,4.480146
2182,20,11.616635
2182,25,13.595605
2182,26,1.650154
2182,29,15.247506
2183,10,10.527947
2183,13,3.87878
2183,15,12.680706
2183,16,-6.96713
2183,18,4.635233
2183,20,12.009744
2183,25,13.823232
2183,26,2.110556
2183,29,15.233043
2184,10,10.84811
2184,13,3.313656
2184,15,12.208593
2184,16,-6.851795
2184,18,4.418529
2184,20,12.069291
2184,25,14.000488
2184,26,2.349119
2184,29,14.876726
2185,10,11.395913
2185,13,2.789068
2185,15,11.901656
2185,16,-6.607091
2185,18,4.495519
2185,20,12.467163
2185,25,14.296743
2185,26,2.83844
2185,29,14.787284
2186,5,-6.110159
2186,10,12.041005
2186,13,2.140048
2186,15,11.509396
2186,16,-6.345181
2186,18,4.535068
2186,20,12.906073
2186,25,14.660663
2186,26,3.391765
2186,29,14.645532
2187,5,-6.430796
2187,10,12.148172
2187,13,1.709927
2187,15,11.072814
2187,16,-6.304239
2187,18,4.241717
2187,20,12.7751
2187,25,14.706316
2187,26,3.448759
2187,29,14.242885
2188,10,12.27768
2188,13,1.168177
2188,15,10.469485
2188,16,-6.01679
2188,18,4.065229
2188,20,12.693098
2188,25,14.609235
2188,26,3.693351
2188,29,13.719812
2189,10,12.786754
2189,13,0.584971
2189,15,9.992996
2189,16,-5.407307
2189,18,4.366006
2189,20,13.146716
2189,25,14.636959
2189,26,4.423948
2189,29,13.507567
2190,10,13.685907
2190,13,-0.329797
2190,15,9.340288
2190,16,-4.597828
2190,18,4.780784
2190,20,13.919652
2190,25,14.861234
2190,26,5.526276
2190,29,13.277993
2191,5,-8.220781
2191,10,13.625759
2191,13,-0.607685
2191,15,8.922592
2191,16,-4.319904
2191,18,4.71585
2191,20,13.779598
2191,25,14.617992
2191,26,5.666104
2191,29,12.880635
2192,5,-8.732182
2192,10,14.025126
2192,13,-1.284778
2192,15,8.277757
2192,16,-3.760877
2192,18,4.815269
2192,20,14.027547
2192,25,14.576995
2192,26,6.277027
2192,29,12.450805
2193,5,-8.853932
2193,10,14.195605
2193,13,-1.452056
2193,15,8.125603
2193,16,-3.436849
2193,18,5.040783
2193,20,14.241499
2193,25,14.511379
2193,26,6.614106
2193,29,12.40907
2194,5,-8.62121
2194,10,13.889399
2194,13,-1.402775
2194,15,7.942421
2194,16,-3.223986
2194,18,5.063355
2194,20,13.997015
2194,25,14.11107
2194,26,6.576969
2194,29,12.158966
2195,5,-8.464491
2195,10,13.717792
2195,13,-1.316362
2195,15,7.918598
2195,16,-3.154865
2195,18,5.088226
2195,20,13.877577
2195,26,6.52471
2195,29,12.091541
2196,5,-8.100746
2196,10,13.252524
2196,13,-1.057551
2196,15,7.955497
2196,16,-3.318526
2196,18,4.887635
2196,20,13.438349
2196,26,6.123316
2196,29,11.949277
2197,5,-8.205759
2197,10,13.311467
2197,13,-1.254209
2197,15,7.717595
2197,16,-3.087787
2197,18,4.935451
2197,20,13.469313
2197,26,6.31429
2197,29,11.766577
2198,5,-8.194425
2198,10,13.236233
2198,13,-1.348481
2198,15,7.52837
2198,16,-2.933363
2198,18,4.927014
2198,20,13.380303
2198,26,6.370558
2198,29,11.576202
2199,5,-7.980598
2199,10,13.027021
2199,13,-1.12476
2199,15,7.686831
2199,16,-3.089251
2199,18,4.867309
2199,20,13.21875
2199,26,6.139637
2199,29,11.644157
2200,5,-7.713979
2200,10,12.851393
2200,13,-0.785939
2200,15,8.003663
2200,16,-3.262895
2200,18,4.921196
2200,20,13.161711
2200,25,13.260769
2200,26,5.929205
2200,29,11.882128
2201,5,-7.507049
2201,10,12.631865
2201,13,-0.649695
2201,15,8.012413
2201,16,-3.220578
2201,18,4.938852
2201,20,13.008082
2201,25,13.048894
2201,26,5.830407
2201,29,11.827209
2202,5,-7.356778
2202,10,12.447109
2202,13,-0.56622
2202,15,7.987498
2202,16,-3.202455
2202,18,4.910281
2202,20,12.852514
2202,25,12.880192
2202,26,5.731058
2202,29,11.745223
2203,10,11.913874
2203,13,-0.309055
2203,15,7.960566
2203,16,-3.279079
2203,18,4.737045
2203,20,12.366795
2203,25,12.476297
2203,26,5.349779
2203,29,11.529659
2204,5,-6.61351
2204,10,11.432255
2204,25,12.051203
2205,5,-5.299207
2205,13,0.797941
2205,15,8.018518
2205,16,-3.888035
2205,18,3.879801
2205,25,11.074221
2205,29,10.788547
2206,5,-6.138162
2206,10,10.894872
2206,13,0.25916
2206,15,8.039628
2206,16,-3.619227
2206,18,4.316213
2206,20,11.413436
2206,25,11.832007
2206,26,4.484739
2206,29,11.219947
2207,5,-5.532768
2207,10,10.308808
2207,13,0.758033
2207,15,8.251293
2207,16,-3.662343
2207,18,4.360463
2207,20,11.031212
2207,26,4.117998
2207,29,11.235912
2208,5,-5.459966
2208,10,10.06048
2208,13,0.630734
2208,15,7.917766
2208,16,-3.530654
2208,18,4.19041
2208,20,10.712808
2208,26,4.040275
2208,29,10.836287
2209,5,-5.530134
2209,10,10.069437
2209,13,0.462802
2209,15,7.689256
2209,16,-3.339674
2209,18,4.199059
2209,20,10.688999
2209,25,10.942956
2209,26,4.171493
2209,29,10.639174
2210,5,-5.712081
2210,10,10.147828
2210,13,0.191252
2210,15,7.395359
2210,16,-3.195927
2210,18,4.11777
2210,20,10.662749
2210,25,10.906478
2210,26,4.30279
2210,29,10.390462
2211,5,-5.713541
2211,10,10.095553
2211,13,0.024447
2211,15,7.093072
2211,16,-2.836569
2211,18,4.227065
2211,20,10.632
2211,25,10.622996
2211,26,4.519108
2211,29,10.125548
2212,5,-5.602837
2212,10,9.937612
2212,13,0.027543
2212,15,6.967812
2212,16,-2.703804
2212,18,4.236949
2212,20,10.500408
2212,25,10.400362
2212,26,4.514477
2212,29,9.968462
2213,5,-5.533139
2213,10,9.872798
2213,13,0.067309
2213,15,6.961332
2213,16,-2.6499
2213,18,4.275841
2213,20,10.469959
2213,25,10.311147
2213,26,4.51596
2213,29,9.950436
2214,5,-5.597997
2214,10,9.912273
2214,13,-0.001073
2214,15,6.908788
2214,16,-2.653603
2214,18,4.234722
2214,20,10.470688
2214,25,10.344705
2214,26,4.532311
2214,29,9.910567
2215,5,-5.587389
2215,10,9.760478
2215,13,-0.003192
2215,15,6.872173
2215,16,-2.946939
2215,18,3.890969
2215,20,10.183002
2215,25,10.400202
2215,26,4.214599
2215,29,9.775608
2216,5,-5.473586
2216,10,9.426005
2216,13,0.04359
2216,15,6.79517
2216,16,-3.333843
2216,18,3.396624
2216,20,9.679656
2216,25,10.358797
2216,26,3.712508
2216,29,9.523397
2217,5,-5.67425
2217,10,9.458702
2217,13,-0.200412
2217,15,6.561523
2217,16,-3.460855
2217,18,3.086889
2217,20,9.51623
2217,25,10.457602
2217,26,3.615667
2217,29,9.276587
2218,5,-5.804682
2218,10,9.497616
2218,13,-0.242796
2218,15,6.619024
2218,16,-3.84075
2218,18,2.758454
2218,20,9.391644
2218,25,10.733477
2218,26,3.3552
2218,29,9.287536
2219,5,-6.110853
2219,10,9.725706
2219,13,-0.378401
2219,15,6.709816
2219,16,-4.31399
2219,18,2.389463
2219,20,9.392429
2219,25,11.230065
2219,26,3.140497
2219,29,9.380529
2220,5,-6.657363
2220,10,10.133922
2220,13,-0.761965
2220,15,6.620255
2220,16,-4.745177
2220,18,1.942915
2220,20,9.461811
2220,25,11.845564
2220,26,3.050913
2220,29,9.356965
2221,5,-7.113255
2221,10,10.461026
2221,13,-1.04059
2221,15,6.61733
2221,16,-5.256423
2221,18,1.47473
2221,20,9.473246
2221,25,12.446806
2221,26,2.859284
2221,29,9.382047
2222,5,-7.491976
2222,10,10.755966
2222,13,-1.257924
2222,15,6.643687
2222,16,-5.668868
2222,18,1.124158
2222,20,9.523003
2222,25,12.959598
2222,26,2.726077
2222,29,9.442701
2223,5,-7.811501
2223,10,10.902387
2223,13,-1.491907
2223,15,6.561063
2223,16,-6.106061
2223,18,0.641604
2223,20,9.381387
2223,25,13.358299
2223,26,2.47568
2223,29,9.339034
2224,5,-8.184363
2224,10,11.151712
2224,13,-1.713023
2224,15,6.568596
2224,16,-6.586727
2224,18,0.201872
2224,20,9.350586
2224,25,13.875446
2224,26,2.261999
2224,29,9.35495
2225,5,-8.411235
2225,10,11.375995
2225,13,-1.836477
2225,15,6.603891
2225,16,-6.743773
2225,18,0.103587
2225,20,9.473294
2225,25,14.167331
2225,26,2.281477
2225,29,9.443348
2226,5,-8.469897
2226,10,11.325731
2226,13,-1.932836
2226,15,6.483176
2226,16,-6.846783
2226,18,-0.102859
2226,20,9.315887
2226,25,14.186508
2226,26,2.163713
2226,29,9.289869
2227,5,-8.502257
2227,10,11.325411
2227,13,-2.084193
2227,15,6.245957
2227,16,-6.553451
2227,18,-0.000678
2227,20,9.330054
2227,25,13.991868
2227,26,2.366974
2227,29,9.098171
2228,5,-8.795918
2228,10,11.558268
2228,13,-2.376437
2228,15,6.047134
2228,16,-6.503131
2228,18,-0.078416
2228,20,9.434399
2228,25,14.150473
2228,26,2.529349
2228,29,8.984551
2229,5,-8.74174
2229,10,11.397108
2229,13,-2.405066
2229,15,5.920639
2229,16,-6.545049
2229,18,-0.243638
2229,20,9.214184
2229,25,14.036853
2229,26,2.390836
2229,29,8.797983
2230,5,-8.528292
2230,10,11.116116
2230,13,-2.238898
2230,15,5.968117
2230,16,-6.70545
2230,18,-0.403938
2230,20,8.933373
2230,25,13.903735
2230,26,2.105028
2230,29,8.729505
2231,5,-8.729065
2231,10,11.370517
2231,13,-2.399384
2231,15,5.916194
2231,16,-6.565133
2231,18,-0.27175
2231,20,9.178832
2231,25,14.029063
2231,26,2.36101
2231,29,8.787154
2232,5,-8.867759
2232,10,11.506621
2232,13,-2.64643
2232,15,5.631906
2232,16,-6.161791
2232,18,-0.079507
2232,20,9.331586
2232,25,13.878068
2232,26,2.725658
2232,29,8.610429
2233,5,-8.663724
2233,10,11.343919
2233,13,-2.501703
2233,15,5.667188
2233,16,-6.028016
2233,18,0.059401
2233,20,9.283954
2233,25,13.657469
2233,26,2.732893
2233,29,8.615803
2234,5,-8.106999
2234,10,10.639335
2234,13,-2.252751
2234,15,5.464622
2234,16,-5.841885
2234,18,-0.012754
2234,20,8.695287
2234,25,12.935568
2234,26,2.433778
2234,29,8.205509
2235,5,-7.666406
2235,10,10.046173
2235,13,-2.065785
2235,15,5.28147
2235,16,-5.747888
2235,18,-0.145969
2235,20,8.162136
2235,25,12.367373
2235,26,2.133508
2235,29,7.837564
2236,5,-7.428417
2236,10,9.7566
2236,13,-1.967394
2236,15,5.18256
2236,16,-5.617834
2236,18,-0.134989
2236,20,7.937623
2236,26,2.050224
2236,29,7.662754
2237,5,-7.436414
2237,10,9.653865
2237,13,-2.10208
2237,15,4.936121
2237,16,-5.499003
2237,18,-0.228003
2237,20,7.778625
2237,25,11.865491
2237,26,2.058603
2237,29,7.398763
2238,5,-7.192015
2238,10,9.402706
2238,13,-1.907559
2238,15,5.007992
2238,16,-5.531802
2238,18,-0.237289
2238,20,7.597992
2238,25,11.677173
2238,26,1.889327
2238,29,7.384764
2239,5,-7.187059
2239,10,9.372253
2239,13,-1.941928
2239,15,4.938122
2239,16,-5.479206
2239,18,-0.245291
2239,20,7.560641
2239,25,11.616155
2239,26,1.905737
2239,29,7.314144
2240,5,-7.108523
2240,10,9.233846
2240,13,-1.953277
2240,15,4.821623
2240,16,-5.407689
2240,18,-0.28623
2240,20,7.420132
2240,25,11.449894
2240,26,1.867611
2240,29,7.162746
2241,5,-7.11824
2241,10,9.126943
2241,13,-1.982645
2241,15,4.764616
2241,16,-5.615481
2241,18,-0.553145
2241,20,7.200585
2241,25,11.490762
2241,26,1.642191
2241,29,7.03885
2242,5,-7.333103
2242,10,9.282915
2242,13,-2.09333
2242,15,4.801748
2242,16,-5.914782
2242,18,-0.800539
2242,20,7.199486
2242,25,11.816317
2242,26,1.513709
2242,29,7.085011
2243,5,-7.442416
2243,10,9.143698
2243,13,-2.305924
2243,16,-6.118763
2243,18,-1.254477
2243,20,6.829361
2243,25,11.819187
2243,26,1.252694
2243,29,6.713956
2244,5,-7.66675
2244,10,9.083803
2244,13,-2.700504
2244,15,4.020273
2244,16,-6.132718
2244,18,-1.669293
2244,20,6.507623
2244,25,11.760829
2244,26,1.166635
2244,29,6.195353
2245,5,-8.071158
2245,10,9.534469
2245,13,-2.976845
2245,15,3.989593
2245,16,-6.129976
2245,18,-1.631269
2245,20,6.855447
2245,25,12.141077
2245,26,1.438502
2245,29,6.319212
2246,10,9.688339
2246,13,-3.297363
2246,15,3.807841
2246,16,-6.545242
2246,18,-2.169128
2246,20,6.677391
2246,25,12.531753
2246,26,1.203698
2246,29,6.125275
2247,5,-8.847121
2247,10,10.309475
2247,13,-3.495858
2247,15,3.938677
2247,16,-6.367155
2247,18,-1.805158
2247,20,7.335889
2247,25,12.950236
2247,26,1.723945
2247,29,6.498005
2248,5,-9.301297
2248,10,10.373958
2248,13,-4.07484
2248,15,3.362953
2248,16,-6.607497
2248,18,-2.496168
2248,20,6.957906
2248,25,13.139677
2248,26,1.535417
2248,29,5.901257
2249,5,-9.30394
2249,10,10.389737
2249,13,-4.194137
2249,15,3.154816
2249,16,-6.232406
2249,18,-2.288276
2249,20,7.040727
2249,25,12.907069
2249,26,1.812106
2249,29,5.755845
2250,5,-9.515598
2250,10,10.311472
2250,13,-4.582809
2250,15,2.659371
2250,16,-6.248907
2250,18,-2.711693
2250,20,6.700597
2250,25,12.835355
2250,26,1.713295
2250,29,5.227009
2251,5,-9.73291
2251,10,10.412472
2251,13,-4.955073
2251,15,2.223063
2251,16,-5.919808
2251,18,-2.720826
2251,20,6.706077
2251,25,12.696429
2251,26,1.987984
2251,29,4.871556
2252,5,-9.831139
2252,10,10.383462
2252,13,-5.184233
2252,15,1.907053
2252,16,-5.76702
2252,18,-2.826161
2252,20,6.585629
2252,25,12.564427
2252,26,2.06121
2252,29,4.567377
2253,5,-9.472155
2253,10,10.136922
2253,13,-4.828536
2253,15,2.154449
2253,16,-5.735658
2253,18,-2.630272
2253,20,6.535477
2253,25,12.345301
2253,26,1.957609
2253,29,4.742924
2254,5,-9.464706
2254,10,10.117504
2254,13,-4.91592
2254,15,1.988395
2254,16,-5.489786
2254,18,-2.522039
2254,20,6.549465
2254,25,12.166871
2254,26,2.118873
2254,29,4.608116
2255,5,-9.293712
2255,10,10.157217
2255,13,-4.755883
2255,15,2.110546
2255,16,-5.07822
2255,18,-2.0111
2255,20,6.848107
2255,25,11.942069
2255,26,2.463821
2255,29,4.810588
2256,5,-9.268628
2256,10,10.044487
2256,13,-4.85206
2256,15,1.898532
2256,16,-4.943741
2256,18,-2.062644
2256,20,6.707521
2256,25,11.754232
2256,26,2.481094
2256,29,4.580453
2257,5,-8.953755
2257,10,9.646721
2257,13,-4.664115
2257,15,1.868782
2257,16,-4.976933
2257,18,-2.172357
2257,20,6.353971
2257,25,11.438501
2257,26,2.215101
2257,29,4.413375
2258,5,-9.050372
2258,10,9.864977
2258,13,-4.727581
2258,15,1.881003
2258,16,-4.723555
2258,18,-1.882975
2258,20,6.659624
2258,25,11.462534
2258,26,2.539316
2258,29,4.540449
2259,5,-9.103325
2259,10,9.948305
2259,13,-4.683229
2259,15,2.025434
2259,16,-4.90344
2259,18,-1.935504
2259,20,6.716395
2259,25,11.654823
2259,26,2.466744
2259,29,4.690874
2260,5,-8.941879
2260,10,9.92338
2260,13,-4.455563
2260,15,2.269861
2260,16,-4.886648
2260,18,-1.727171
2260,20,6.836146
2260,25,11.632295
2260,26,2.484976
2260,29,4.935447
2261,5,-10.018255
2261,10,12.269842
2261,13,-3.547633
2261,15,5.301665
2261,16,-7.02657
2261,18,-1.122845
2261,20,9.311291
2261,25,15.116057
2261,26,2.546337
2261,29,8.527755
2262,5,-9.838208
2262,10,12.15493
2262,13,-3.308811
2262,15,5.536307
2262,16,-7.169088
2262,18,-1.091593
2262,20,9.275427
2262,25,15.119248
2262,26,2.389748
2262,29,8.708676
2263,10,12.088365
2263,13,-3.117743
2263,15,5.740835
2263,16,-7.284567
2263,18,-1.051336
2263,20,9.275373
2263,25,15.145049
2263,26,2.280204
2263,29,8.879523
2264,10,11.940744
2264,13,-2.923692
2264,15,5.899942
2264,16,-7.414333
2264,18,-1.071986
2264,20,9.178615
2264,26,2.107514
2264,29,8.974718
2265,10,11.584321
2265,13,-2.766521
2265,15,5.917186
2265,16,-7.703222
2265,18,-1.390484
2265,20,8.759684
2265,25,14.995953
2265,26,1.678642
2265,29,8.83233
2266,10,11.291001
2266,15,5.963788
2266,16,-7.942618
2266,18,-1.62821
2266,20,8.431587
2266,25,14.904593
2266,26,1.327264
2266,29,8.748358
2267,10,11.004103
2267,13,-2.414614
2267,15,6.058009
2267,16,-8.178823
2267,18,-1.823708
2267,20,8.136036
2267,25,14.818146
2267,26,0.985926
2267,29,8.715251
2268,5,-8.72452
2268,10,10.804979
2268,13,-2.22664
2268,15,6.196866
2268,16,-8.398788
2268,18,-1.955978
2268,20,7.943166
2268,25,14.797114
2268,26,0.713205
2268,29,8.759632
2269,5,-8.660953
2269,10,10.862344
2269,13,-2.059744
2269,15,6.441751
2269,16,-8.462391
2269,18,-1.815655
2269,20,8.090039
2269,25,14.895841
2269,26,0.720455
2269,29,9.021166
2270,10,10.850099
2270,13,-1.973308
2270,15,6.538487
2270,16,-8.478593
2270,18,-1.755947
2270,20,8.123947
2270,25,14.900268
2270,26,0.709647
2270,29,9.115887
2271,10,10.831393
2271,13,-1.979425
2271,15,6.531619
2271,16,-8.52963
2271,18,-1.814394
2271,20,8.079674
2271,25,14.918657
2271,26,0.660847
2271,29,9.09876
2272,10,10.924741
2272,13,-2.128832
2272,15,6.40227
2272,16,-8.450163
2272,18,-1.827449
2272,20,8.122805
2272,25,14.94398
2272,26,0.767752
2272,29,9.014706
2273,10,10.971218
2273,13,-2.126243
2273,15,6.426023
2273,16,-8.404069
2273,18,-1.757036
2273,20,8.194773
2273,25,14.955688
2273,26,0.83327
2273,29,9.064568
2274,10,11.002276
2274,13,-2.178626
2274,15,6.359123
2274,16,-8.27987
2274,18,-1.683981
2274,20,8.243378
2274,25,14.900947
2274,26,0.940838
2274,29,9.028537
2275,10,10.874227
2275,13,-2.063828
2275,15,6.395161
2275,16,-8.208758
2275,18,-1.601412
2275,20,8.193955
2275,25,14.748518
2275,26,0.920653
2275,29,9.034435
2276,5,-8.446716
2276,10,10.671434
2276,13,-2.028729
2276,15,6.263676
2276,16,-8.013365
2276,18,-1.539663
2276,20,8.054481
2276,25,14.447001
2276,26,0.935268
2276,29,8.862839
2277,10,10.459109
2277,13,-2.048506
2277,15,6.044229
2277,16,-7.734695
2277,18,-1.467272
2277,20,7.900376
2277,25,14.080697
2277,26,0.999502
2277,29,8.610634
2278,10,10.461451
2278,13,-2.165895
2278,15,5.872622
2278,16,-7.560767
2278,18,-1.43268
2278,20,7.893525
2278,25,13.966057
2278,26,1.118678
2278,29,8.465621
2279,10,10.354667
2279,13,-2.055037
2279,15,5.929435
2279,16,-7.543278
2279,18,-1.383735
2279,20,7.84635
2279,25,13.866908
2279,26,1.072713
2279,29,8.491909
2280,5,-7.902558
2280,10,10.125303
2280,13,-1.743088
2280,15,6.161749
2280,16,-7.623624
2280,18,-1.30652
2280,20,7.748012
2280,25,13.732209
2280,26,0.893168
2280,29,8.639607
2281,10,9.776943
2281,13,-1.548723
2281,15,6.111433
2281,16,-7.385175
2281,18,-1.155832
2281,20,7.556605
2281,25,13.281049
2281,26,0.857994
2281,29,8.505207
2282,10,9.301389
2282,13,-1.779587
2282,16,-6.498157
2282,18,-0.954622
2282,20,7.191507
2282,25,12.279593
2283,10,8.853181
2283,13,-1.851761
2283,15,4.91717
2283,16,-6.240288
2283,18,-1.099233
2283,20,6.725746
2283,25,11.720078
2283,26,1.065127
2283,29,7.146257
2284,10,8.56811
2284,13,-1.874277
2284,15,4.815065
2284,16,-6.722577
2284,18,-1.693182
2284,20,6.206606
2284,26,0.526753
2284,29,6.88173
2285,5,-7.419478
2285,10,9.134072
2285,13,-2.059111
2285,15,4.980517
2285,16,-6.790726
2285,18,-1.556355
2285,20,6.716448
2285,26,0.831113
2285,29,7.236791
2286,10,9.451765
2286,13,-2.26343
2286,16,-7.139445
2286,18,-1.823982
2286,20,6.825636
2286,26,0.767544
2286,29,7.347153
2287,10,9.983461
2287,13,-3.208337
2287,15,4.54537
2287,16,-8.366236
2287,18,-3.351464
2287,20,6.395305
2287,25,14.05981
2287,26,0.139665
2287,29,6.881891
2288,10,10.579801
2288,13,-3.684507
2288,15,4.511956
2288,16,-8.971559
2288,18,-3.899859
2288,20,6.560652
2288,25,14.961875
2288,26,0.047853
2288,29,6.975053
2289,10,11.286776
2289,13,-4.599209
2289,15,3.833198
2289,16,-8.629973
2289,18,-4.017098
2289,20,6.926493
2289,26,0.679308
2289,29,6.584742
2290,5,-11.234689
2290,10,11.879148
2290,13,-5.422551
2290,15,3.141108
2290,16,-8.08281
2290,18,-3.95707
2290,20,7.293051
2290,25,15.45299
2290,26,1.393615
2290,29,6.169411
2291,10,12.412409
2291,13,-6.136011
2291,15,2.523413
2291,16,-7.469031
2291,18,-3.779592
2291,20,7.684656
2291,25,15.490982
2291,26,2.127364
2291,29,5.817618
2292,5,-11.718168
2292,10,12.099876
2292,13,-6.141995
2292,15,2.362411
2292,16,-7.676055
2292,18,-4.152323
2292,20,7.245723
2292,25,15.358032
2292,26,1.774133
2292,29,5.523645
2293,5,-11.480315
2293,10,11.897342
2293,13,-5.970976
2293,15,2.404684
2293,16,-7.556246
2293,18,-4.026285
2293,20,7.163712
2293,25,15.110693
2293,26,1.74565
2293,29,5.516325
2294,10,11.946201
2294,13,-6.092211
2294,15,2.273874
2294,16,-7.452944
2294,18,-4.023474
2294,20,7.181719
2294,25,15.083167
2294,26,1.843703
2294,29,5.419144
2295,5,-11.618317
2295,10,11.868466
2295,13,-6.326677
2295,15,1.900187
2295,16,-7.211957
2295,18,-4.095358
2295,20,7.03398
2295,25,14.851668
2295,26,1.949504
2295,29,5.051991
2296,10,11.796635
2296,13,-6.207222
2296,15,1.940013
2296,16,-6.971701
2296,18,-3.836262
2296,20,7.113953
2296,25,14.636474
2296,26,2.089116
2296,29,5.103062
2297,5,-11.366895
2297,10,11.638
2297,13,-6.201261
2297,15,1.843127
2297,16,-6.959311
2297,18,-3.921956
2297,20,6.939817
2297,25,14.4928
2297,26,1.996779
2297,29,4.956051
2298,10,11.893867
2298,13,-6.129533
2298,15,2.092402
2298,16,-6.963512
2298,18,-3.694998
2298,20,7.276695
2298,25,14.72135
2298,26,2.168183
2298,29,5.298645
2299,10,12.053745
2299,13,-6.504396
2299,15,1.798174
2299,16,-7.125802
2299,18,-4.070854
2299,20,7.16633
2299,25,14.957714
2299,26,2.12392
2299,29,5.040143
2300,10,12.25956
2300,13,-6.647496
2300,15,1.751132
2300,16,-7.059867
2300,18,-4.018398
2300,20,7.337087
2300,25,15.09024
2300,26,2.295225
2300,29,5.076585
2301,5,-12.079801
2301,10,12.258433
2301,13,-6.795689
2301,15,1.576785
2301,16,-7.046225
2301,18,-4.145213
2301,20,7.247918
2301,25,15.077806
2301,26,2.293314
2301,29,4.906425
2302,10,12.330887
2302,13,-6.764888
2302,15,1.66351
2302,16,-7.062388
2302,18,-4.083193
2302,20,7.344175
2302,25,15.154102
2302,26,2.333036
2302,29,5.020539
2303,10,12.233821
2303,13,-6.599751
2303,15,1.817922
2303,16,-7.173881
2303,18,-4.081905
2303,20,7.294931
2303,25,15.150385
2303,26,2.204624
2303,29,5.131529
2304,5,-11.909952
2304,10,12.060761
2304,13,-6.576098
2304,15,1.781523
2304,16,-7.383425
2304,18,-4.339249
2304,20,7.034244
2304,25,15.141547
2304,26,1.943577
2304,29,5.011491
2305,10,11.530323
2305,13,-6.061548
2305,15,2.135587
2305,16,-7.82701
2305,18,-4.558513
2305,20,6.584692
2305,25,14.991984
2305,26,1.32187
2305,29,5.129809
2306,10,11.000223
2306,13,-5.721231
2306,15,2.258001
2306,16,-8.134432
2306,18,-4.828999
2306,20,6.076566
2306,25,14.747738
2306,26,0.784346
2306,27,-9.591136
2306,29,5.033038
2307,5,-11.067264
2307,10,11.124264
2307,13,-5.764354
2307,15,2.282873
2307,16,-8.107666
2307,18,-4.76759
2307,20,6.201673
2307,25,14.838292
2307,26,0.882586
2307,29,5.108549
2308,5,-11.286388
2308,10,11.316936
2308,13,-6.030777
2308,15,2.048244
2308,16,-7.877841
2308,18,-4.705811
2308,20,6.340136
2308,25,14.847618
2308,26,1.153725
2308,29,4.973254
2309,5,-11.606126
2309,10,11.548865
2309,13,-6.397728
2309,15,1.739999
2309,16,-7.7268
2309,18,-4.775705
2309,20,6.432005
2309,25,14.940275
2309,26,1.384866
2309,29,4.767444
2310,5,-11.763076
2310,10,11.789579
2310,13,-6.544732
2310,15,1.66282
2310,16,-7.44486
2310,18,-4.530915
2310,20,6.719083
2310,25,14.96002
2310,26,1.735061
2310,29,4.813726
2311,5,-11.795546
2311,10,12.000397
2311,13,-6.530889
2311,15,1.745083
2311,16,-7.129377
2311,18,-4.129312
2311,20,7.084505
2311,25,14.936014
2311,26,2.103525
2311,29,5.014002
2312,5,-11.765638
2312,10,11.955823
2312,13,-6.481013
2312,15,1.801257
2312,16,-7.24688
2312,18,-4.205794
2312,20,7.021447
2312,25,14.978551
2312,26,1.995261
2312,29,5.04379
2313,5,-11.60298
2313,10,11.832127
2313,13,-6.258527
2313,15,2.024798
2313,16,-7.447087
2313,18,-4.239229
2313,20,6.945335
2313,25,15.012126
2313,26,1.790155
2313,27,-9.120894
2313,29,5.203682
2314,5,-11.309949
2314,10,11.645564
2314,13,-5.995106
2314,15,2.178901
2314,16,-7.304583
2314,18,-3.999175
2314,20,6.947693
2314,25,14.765168
2314,26,1.795463
2314,29,5.315489
2315,5,-10.805567
2315,10,11.304591
2315,13,-5.307728
2315,15,2.869589
2315,16,-7.81291
2315,18,-3.987794
2315,20,6.800568
2315,25,14.827418
2315,26,1.264934
2315,27,-9.606503
2315,29,5.829749
2316,5,-10.241131
2316,10,10.962863
2316,13,-4.644681
2316,15,3.452086
2316,16,-7.964461
2316,18,-3.712439
2316,20,6.767517
2316,25,14.651678
2316,26,0.989843
2316,29,6.28022
2317,5,-9.393957
2317,10,10.160319
2317,13,-3.824123
2317,15,3.977238
2317,16,-8.37
2317,18,-3.788857
2317,20,6.212008
2317,25,14.249548
2317,26,0.24427
2317,27,-10.218066
2317,29,6.480353
2318,5,-8.53027
2318,10,10.076618
2318,13,-2.257467
2318,15,5.922948
2318,16,-9.198715
2318,18,-3.054748
2318,20,6.792712
2318,25,14.770326
2318,26,-0.277258
2318,27,-11.533802
2318,29,8.303782
2319,5,-7.397926
2319,10,9.477827
2319,13,-0.750374
2319,15,7.423396
2319,16,-9.825338
2319,18,-2.541562
2319,20,6.819396
2319,25,14.709223
2319,26,-0.993059
2319,27,-12.435092
2319,29,9.52595
2320,5,-6.187856
2320,10,8.459008
2320,13,0.403528
2320,15,8.152738
2320,16,-10.039581
2320,18,-2.292095
2320,20,6.294282
2320,25,14.001203
2320,26,-1.713733
2320,27,-12.658192
2320,29,9.879097
2321,5,-5.650453
2321,10,8.205359
2321,13,1.002874
2321,15,8.656194
2321,16,-9.913101
2321,18,-1.795243
2321,20,6.424081
2321,25,13.714586
2321,26,-1.736539
2321,27,-12.671641
2321,29,10.314854
2322,5,-5.056231
2322,10,7.946794
2322,13,1.764169
2322,15,9.395596
2322,16,-10.01759
2322,18,-1.336659
2322,20,6.565344
2322,25,13.581142
2322,26,-1.9161
2322,27,-12.953448
2322,29,10.956596
2323,5,-4.189483
2323,10,7.098279
2323,13,2.514055
2323,15,9.76647
2323,16,-10.230264
2323,18,-1.351234
2323,20,5.984038
2323,25,13.008522
2323,26,-2.558643
2323,27,-13.089177
2323,29,11.008938
2324,5,-2.700928
2324,10,5.886873
2324,13,3.827271
2324,15,10.472572
2324,16,-10.070464
2324,18,-0.775774
2324,20,5.474237
2324,25,11.888356
2324,26,-3.12216
2324,29,11.316437
2325,5,-1.767247
2325,10,4.867659
2325,13,4.470127
2325,15,10.559243
2325,16,-10.05792
2325,18,-0.817247
2325,20,4.71267
2325,25,11.015182
2325,26,-3.7223
2325,27,-12.776582
2325,29,11.051225
2326,5,-0.132072
2326,10,3.370731
2326,13,5.790751
2326,15,11.094953
2326,16,-9.919927
2326,18,-0.433828
2326,20,3.872676
2326,25,9.661986
2326,26,-4.487164
2326,27,-12.548358
2326,29,11.084183
2327,5,1.03672
2327,10,2.386544
2327,13,6.945476
2327,15,11.873521
2327,16,-10.250598
2327,18,-0.252899
2327,20,3.346449
2327,25,9.059905
2327,26,-5.270355
2327,29,11.481956
2328,10,0.915103
2328,13,8.128459
2328,15,12.230868
2328,16,-9.955135
2328,18,0.145868
2328,20,2.507281
2328,25,7.619913
2328,26,-5.916856
2328,29,11.363161
2329,10,-0.115846
2329,13,8.949898
2329,15,12.484666
2329,16,-9.800655
2329,18,0.377144
2329,20,1.895941
2329,25,6.645689
2329,26,-6.408329
2329,29,11.276987
2330,5,4.912355
2330,10,-1.463987
2330,13,9.981788
2330,15,12.943564
2330,16,-10.384406
2330,18,0.010804
2330,20,0.784748
2330,25,5.893696
2330,26,-7.621036
2330,29,11.195011
2331,5,4.954664
2331,10,-1.854458
2331,13,9.824704
2331,15,12.574715
2331,16,-10.666461
2331,18,-0.606527
2331,20,0.137977
2331,25,5.740438
2331,26,-8.090414
2331,29,10.655884
2332,10,-1.202102
2332,13,8.870129
2332,15,11.90402
2332,16,-10.726639
2332,18,-1.122023
2332,20,0.268329
2332,25,6.322455
2332,26,-7.786578
2332,29,10.207096
2333,10,-1.303212
2333,13,8.841155
2333,15,11.847014
2333,16,-10.907392
2333,18,-1.355177
2333,20,0.069823
2333,25,6.355449
2333,26,-7.984129
2333,29,10.094523
2334,10,-1.728666
2334,13,8.936454
2334,15,11.683679
2334,16,-10.903739
2334,18,-1.531877
2334,20,-0.355586
2334,25,5.987951
2334,26,-8.249645
2334,29,9.783894
2335,5,4.097167
2335,10,-1.712246
2335,13,8.703097
2335,15,11.453152
2335,16,-11.028487
2335,18,-1.834859
2335,20,-0.526677
2335,25,6.080579
2335,26,-8.346883
2335,29,9.545676
2336,5,3.820123
2336,10,-1.41631
2336,13,8.45159
2336,15,11.317154
2336,16,-10.866926
2336,18,-1.748005
2336,20,-0.28525
2336,25,6.223584
2336,26,-8.057791
2336,29,9.534642
2337,5,-6.680126
2337,10,10.090259
2337,13,-1.931735
2337,15,4.554875
2337,16,-1.296246
2337,18,3.583088
2337,20,9.869417
2337,25,9.547
2337,26,5.470582
2337,29,7.963245
2338,5,-7.281475
2338,10,10.662151
2338,13,-2.453649
2338,15,4.293411
2338,16,-1.181516
2338,18,3.55276
2338,20,10.238712
2338,25,9.953405
2338,26,5.883122
2338,29,7.918261
2339,5,-7.329797
2339,10,10.702532
2339,13,-2.416883
2339,15,4.417361
2339,16,-1.424632
2339,18,3.418122
2339,20,10.219263
2339,25,10.152038
2339,26,5.737936
2339,27,-4.737299
2339,29,8.029731
2340,5,-6.951175
2340,10,10.287095
2340,13,-1.99091
2340,15,4.757381
2340,16,-1.928573
2340,18,3.147652
2340,20,9.827148
2340,25,10.139763
2340,26,5.140431
2340,27,-5.187879
2340,29,8.166289
2341,5,-6.129478
2341,10,9.516436
2341,13,-1.196112
2341,15,5.266708
2341,16,-2.304479
2341,18,3.096167
2341,20,9.305271
2341,25,9.742459
2341,26,4.433146
2341,27,-5.516587
2341,29,8.361224
2342,5,-5.001347
2342,10,8.485575
2342,13,-0.12523
2342,15,5.930768
2342,16,-2.692137
2342,18,3.126711
2342,20,8.654009
2342,25,9.133831
2342,26,3.570135
2342,29,8.617274
2343,5,-3.771963
2343,10,7.355701
2343,13,1.000567
2343,15,6.577796
2343,16,-3.005375
2343,18,3.204998
2343,20,7.95085
2343,25,8.390753
2343,26,2.7004
2343,29,8.829533
2344,5,-2.865105
2344,10,6.583883
2344,13,1.832642
2344,15,7.063301
2344,16,-3.088546
2344,18,3.421298
2344,20,7.557069
2344,25,7.796585
2344,26,2.204869
2344,27,-6.17908
2344,29,9.032971
2345,10,5.41889
2345,13,2.244427
2345,15,6.930736
2345,16,-3.709458
2345,18,2.57075
2345,20,6.257736
2345,25,7.215048
2345,26,1.036013
2345,29,8.419038
2346,10,4.312858
2346,13,2.527572
2346,15,6.529724
2346,16,-3.635617
2346,18,2.191036
2346,20,5.196382
2346,25,6.215773
2346,26,0.393103
2346,29,7.636397
2347,10,3.222135
2347,13,2.607273
2347,15,5.724492
2347,16,-2.775094
2347,18,2.25764
2347,20,4.309381
2347,25,4.697515
2347,26,0.307487
2347,27,-4.817612
2347,29,6.543815
2348,10,3.706581
2348,13,1.634217
2348,15,4.561146
2348,16,-1.236338
2348,18,2.884801
2348,20,4.810671
2348,25,4.063451
2348,26,1.647665
2348,29,5.727377
2349,10,3.419461
2349,13,1.30453
2349,15,3.728599
2349,16,-0.064541
2349,18,3.327571
2349,20,4.698827
2349,25,3.021662
2349,26,2.274091
2349,29,4.925928
2350,10,3.817134
2350,13,0.561287
2350,15,2.860974
2350,16,1.095311
2350,18,3.810685
2350,20,5.107216
2350,25,2.571056
2350,26,3.304075
2350,29,4.330406
2351,10,3.898692
2351,13,0.54393
2351,15,2.910494
2351,16,1.020322
2351,18,3.786189
2351,20,5.162153
2351,25,2.691057
2351,26,3.301591
2351,27,-0.864203
2351,29,4.400198
