Epoch,Lat,Lon,Alt
121,37.62603733022932,-122.42304420443355,52.86738110613078
122,37.626207202847276,-122.42341721058902,2.963063834235072
123,37.62624402994828,-122.42341158779121,0.9652684489265084
124,37.626275623801234,-122.42339523319438,5.340828173793852
125,37.62622496641602,-122.42338774832709,5.254713765345514
126,37.62628980530924,-122.42342301554606,12.597846537828445
127,37.62625866533999,-122.4233806009151,9.128731628879905
128,37.626236123703585,-122.42338321533693,14.95260357297957
129,37.626242820170454,-122.42341445353927,9.666833311319351
130,37.626225652676375,-122.42339769885966,14.491397607140243
131,37.62624047068364,-122.42333405786769,19.038883219473064
132,37.62619156683108,-122.42325885816992,24.11090650781989
133,37.626187484630876,-122.42333664998671,17.751743234694004
134,37.62614233229459,-122.42332325861668,12.578418510966003
135,37.62618811548224,-122.42335672617425,12.110575933940709
136,37.6261755559683,-122.42337857243065,3.2276387186720967
137,37.626206663090635,-122.42337528214748,6.299773858860135
138,37.62618139768345,-122.42343536380933,3.305462319403887
139,37.626148080837766,-122.42333499192732,12.077611746266484
140,37.62616160866241,-122.42338677208333,2.302974325604737
141,37.62612332880566,-122.42337688968627,11.185390162281692
142,37.62616471336857,-122.42336982628015,15.50414058379829
143,37.62617276547053,-122.42334060361073,12.996237359941006
144,37.62614729949111,-122.42339606314201,12.657776306383312
145,37.62606365574908,-122.42338287530642,12.788308005779982
146,37.62614268604645,-122.42342133913843,-1.6393353287130594
147,37.62613005187259,-122.42339908385051,-2.5151230450719595
148,37.62615594302637,-122.42338767407284,1.3245952241122723
149,37.62614168261002,-122.42345451965741,-0.9561388324946165
150,37.626129784286356,-122.42336729031373,12.622521456331015
151,37.62615952576433,-122.42342800160087,9.529015284962952
152,37.62638156915542,-122.42324246244654,38.196102689020336
153,37.62627507516071,-122.42337979776124,23.3312470279634
154,37.626167390165996,-122.42337008481836,8.111830685287714
155,37.62622387750689,-122.4233493332973,11.800001700408757
156,37.626178720768365,-122.42342288763066,6.263023419305682
157,37.62621867560117,-122.42338998257604,8.486704827286303
158,37.62624687647087,-122.42333818838806,11.216705690138042
159,37.626236946391174,-122.42334921195288,12.137317313812673
160,37.626242508460756,-122.42327763683325,8.065409018658102
161,37.62624313247288,-122.42327680831224,8.292327135801315
162,37.62617249614617,-122.42326089546192,12.889552179723978
163,37.62615336443791,-122.42330957987936,6.75510495621711
164,37.62613226713675,-122.42326738555407,11.430014566518366
165,37.62608703377693,-122.42329190443643,8.772322761826217
166,37.62610789602983,-122.42325578195246,-3.2867255629971623
167,37.62603670742305,-122.42322859288275,4.41539201606065
168,37.62604012808684,-122.42324413057904,4.143639040179551
169,37.62599827332679,-122.42325163087648,1.047881624661386
170,37.62593918484451,-122.42316997117194,1.1386318411678076
171,37.62597098649367,-122.4231696990517,0.7665707627311349
172,37.62592170136151,-122.42315564320901,1.8970331763848662
173,37.625882361084486,-122.42313667345398,9.348557502031326
174,37.62579611819759,-122.42310818748186,1.0383079648017883
175,37.62575077165112,-122.42306878535291,5.733298275619745
176,37.62565165502432,-122.42305581552772,5.148675080388784
177,37.62558399711432,-122.42304258348692,2.5930174626410007
178,37.625529654557056,-122.42306299356709,8.940128184854984
179,37.62549793147643,-122.42311923731957,-1.490284294821322
180,37.625426538861454,-122.42308768504579,-3.7244329936802387
181,37.625300272044996,-122.42310567469445,-2.9995905067771673
182,37.62524154703139,-122.42308991279927,3.316883862949908
183,37.62519962959482,-122.42306431500931,1.1563649410381913
184,37.62510973986988,-122.4230219703279,1.1543475622311234
185,37.62501405169306,-122.42297342343754,-1.98349164519459
186,37.62490168706076,-122.42295337960924,-1.3840100895613432
187,37.62481519022079,-122.42285620282516,-2.2589700939133763
188,37.62472013562752,-122.42278296440492,0.5071089379489422
189,37.624624869136376,-122.42274746398292,-2.90195728559047
190,37.62452294739604,-122.42268815762614,-0.7466523963958025
191,37.62442640829826,-122.42261617621371,6.360305269248784
192,37.6243140595545,-122.42254793014516,8.565884001553059
193,37.624226986952806,-122.42253636690558,0.09808523952960968
194,37.62419142156583,-122.4224586068642,5.215550382621586
195,37.62413107345316,-122.42244255576779,-5.320780640468001
196,37.62404584204457,-122.42242138739331,0.2408833047375083
197,37.62401243435187,-122.42238920814624,-1.7479123743250966
198,37.62395590408902,-122.42235478157166,-3.5859858663752675
199,37.62394781023342,-122.42237277143798,-1.3645699741318822
200,37.62385385809097,-122.42234769009536,0.46777346171438694
201,37.62384230216221,-122.42228273745953,1.9276132173836231
202,37.62380565568743,-122.42230700777026,-1.7002020962536335
203,37.62379130909079,-122.4223504736974,-12.243405058979988
204,37.62371352836647,-122.42245167745384,-7.273153328336775
205,37.62369372318044,-122.42252530581057,-5.8597560385242105
206,37.6236557800578,-122.42256521733084,-7.902592916041613
207,37.623603362465516,-122.42268418365953,-10.743664520792663
208,37.623537524801414,-122.42269203933344,-4.285065478645265
209,37.62353476843443,-122.42277873157504,-1.405810342170298
210,37.62351167472582,-122.42284893823832,3.914232324808836
211,37.62350637321409,-122.42292063299591,-7.991957572288811
212,37.62351656094255,-122.42294114815725,3.611176699399948
213,37.62350366945882,-122.42299201077559,-1.8574875155463815
214,37.623549062663045,-122.42303042820873,0.5974157182499766
215,37.6235616217576,-122.42308013820185,-2.4497919138520956
216,37.62368507569108,-122.42311172770438,0.5725549990311265
217,37.62373002646211,-122.42320149499372,-5.2765261977910995
218,37.623821125243,-122.42318419861894,1.903503656387329
219,37.623911411285114,-122.42330259605704,6.943789831362665
220,37.62405946836877,-122.42336484318257,5.481070341542363
221,37.624158310010365,-122.42345865854512,4.709857332520187
222,37.62429914189734,-122.42354653318912,9.247504250146449
223,37.62444552387773,-122.42359529773358,-1.1963908141478896
224,37.62452993700486,-122.42366400693496,-6.404966668225825
225,37.624658284914325,-122.42375700155793,0.8365012547001243
226,37.62472752499031,-122.42378840693635,1.0710797626525164
227,37.62487732904774,-122.42388416336722,5.984437990002334
228,37.62494240248943,-122.4238786874626,2.9872050788253546
229,37.625031018566574,-122.42392075076978,5.176183994859457
230,37.6251230230342,-122.42389252171382,12.328781241551042
231,37.62519649058433,-122.42395267324905,6.8867421774193645
232,37.62534787732769,-122.42397379974167,6.87361338827759
233,37.62543664529043,-122.42406583385085,2.358670358546078
234,37.62551479833407,-122.42408886553177,5.005725687369704
235,37.62557295171839,-122.42410515277689,7.347364719025791
236,37.62563833160104,-122.42412557026569,6.196224220097065
237,37.62566006902074,-122.42414551360069,6.0584189100191
238,37.62574378780755,-122.42416433965522,18.235964662395418
239,37.62575751658383,-122.42420022724207,7.211221761070192
240,37.62578446926712,-122.42416978946875,15.648801727220416
241,37.62580726171121,-122.42423822948378,5.142620295286179
242,37.625777083693265,-122.42422952894609,7.364363977685571
243,37.62581579396644,-122.42425344211554,10.671164619736373
244,37.62583785261373,-122.42427952065066,10.822540640830994
245,37.62583264187379,-122.42427319969292,10.755659625865519
246,37.625785708693584,-122.42429002294972,1.0730144558474422
247,37.62577661171267,-122.42430754360413,-1.4285229006782174
248,37.625806239341195,-122.42430309942051,4.9690070087090135
249,37.62579560714461,-122.42427400192395,8.953612694516778
250,37.62580148172759,-122.42420687490926,4.159573778510094
251,37.62579875130197,-122.42424696674045,-0.1026543527841568
252,37.62579600532964,-122.4242546925171,5.106304062530398
253,37.62580702111066,-122.42424224038258,2.1716730128973722
254,37.62580257974786,-122.42424876726332,2.230921385809779
255,37.625835263176775,-122.42427581451179,12.76322527229786
256,37.62581466457199,-122.42424829341607,12.357694493606687
257,37.62581638572624,-122.4242446761965,10.173272946849465
258,37.62579662650742,-122.42425356529078,10.309544148854911
259,37.62583766968763,-122.42423547511906,16.424698248505592
260,37.62583418397265,-122.42423471297967,15.728157529607415
261,37.62583491229601,-122.42422349230281,20.827292358502746
262,37.625787936063176,-122.42421176181419,14.182113744318485
263,37.625791229328684,-122.42419767692809,9.231783271767199
264,37.62582674502501,-122.42417902935746,18.62277453765273
265,37.625809690246726,-122.4242090471391,19.353431805036962
266,37.625787505690646,-122.42421191755079,8.24132869578898
267,37.62583251099636,-122.42420887392042,17.88700743019581
268,37.625797344855286,-122.42417896896545,17.630059271119535
269,37.62588931722551,-122.42420213982277,32.24623171798885
270,37.625821085205644,-122.42422551061753,20.583768932148814
271,37.62581436794409,-122.42418070502623,22.1033075703308
272,37.625803349956,-122.4242008344932,17.425489249639213
273,37.62581752579469,-122.42420627958003,14.98504535946995
274,37.625819002201325,-122.42424596110186,15.145029788836837
275,37.6258111936464,-122.4242089138404,11.717161141335964
276,37.62577047300201,-122.42423043802063,3.7550771282985806
277,37.6258335407353,-122.42430977697552,17.60038493666798
278,37.62581762060608,-122.42422966213778,14.76667845994234
279,37.62578438940125,-122.42421384155618,2.6476144390180707
280,37.625828347851716,-122.42421252301133,7.163648886606097
281,37.6258415678504,-122.42424356669729,13.149440357461572
282,37.62587430463694,-122.42424161469816,14.181040309369564
283,37.625882031997065,-122.4242699811958,12.548765785060823
284,37.625836611095956,-122.42427697288079,2.0158613957464695
285,37.625882064196965,-122.42425570637992,10.506673133000731
286,37.62588076215221,-122.42429394116677,11.27097193337977
287,37.62588321166511,-122.42427299535898,10.935576001182199
288,37.62587357617664,-122.42428680808406,8.992354235611856
289,37.62590071324837,-122.42434412170113,6.025803234428167
290,37.625902888102374,-122.42443088860813,12.428395194001496
291,37.625889354810425,-122.424526900698,1.7639489881694317
292,37.62586724072539,-122.42458929494036,17.781187643297017
293,37.62583626096657,-122.4247444665996,12.621694107539952
294,37.6257565026381,-122.42489860716987,14.232712245546281
295,37.62572298182378,-122.42503750661298,16.838572689332068
296,37.62567733773048,-122.42519313405663,11.839010228402913
297,37.62562872498515,-122.42538137050968,19.86254290957004
298,37.625527130757284,-122.42550902345664,28.126081231981516
299,37.625461386975545,-122.42566629272497,14.210736079141498
300,37.625502132725494,-122.42585490328047,10.393943981267512
301,37.6254523061764,-122.42603045519098,16.477788040414453
302,37.62540857155555,-122.42615740726714,23.01564963441342
303,37.62534564258029,-122.4263221422301,16.504453116096556
304,37.62533321234275,-122.42646846623114,23.600534670054913
305,37.62538912640484,-122.42656937292911,17.95088068023324
306,37.625307770176,-122.42674146560518,30.357698588632047
307,37.62533474284043,-122.42679992954619,21.924289139918983
308,37.62524311341713,-122.42687244898875,27.20405079703778
309,37.62525089246639,-122.42697871673828,25.75510294828564
310,37.625203023209245,-122.4270430191541,29.70661789458245
311,37.62519664176202,-122.42714562614651,19.562330304645002
312,37.625209815950484,-122.42719956408227,23.598051094450057
313,37.625199329025776,-122.42720751482013,24.865248074755073
314,37.625168687184875,-122.42729888735315,25.458459441550076
315,37.62515312369859,-122.42729878014786,20.568371598608792
316,37.62516781291218,-122.42734845959615,25.683929845690727
317,37.62513591445417,-122.42744124757529,20.02458957582712
318,37.625089660137824,-122.42751480194354,25.175178853794932
319,37.62502547983546,-122.42755738734398,28.047562887892127
320,37.6250234274338,-122.42766288042561,20.344309272244573
321,37.625012825889605,-122.4277206855071,26.66826108749956
322,37.62499148171886,-122.4277376837451,30.694872581399977
323,37.624973689961074,-122.4277519458971,19.225337946787477
324,37.62501178524377,-122.42777589005726,13.774187725968659
325,37.62500283745916,-122.42773337128483,29.78687406796962
326,37.62498948823453,-122.42772519372461,35.282349484972656
327,37.62499203531194,-122.42780409154531,29.819167900830507
328,37.625003664406165,-122.42780171615445,24.813019963912666
329,37.62502306099245,-122.42773298494444,26.492500198073685
330,37.625027362641696,-122.42774723914712,26.318292842246592
331,37.62500326540735,-122.42776372834456,30.205298946239054
332,37.625007064785564,-122.427778318125,30.97834671009332
333,37.625083197517256,-122.42780973425752,21.06948127411306
334,37.625055564988294,-122.42778959579599,26.61783718690276
335,37.625035254480856,-122.42780217510705,26.92613107804209
336,37.625014263161894,-122.42777554066399,27.098885605111718
337,37.62500481363602,-122.42769986139021,41.53237293846905
338,37.62498848136903,-122.42770350664635,34.05813437793404
339,37.62500553623609,-122.42770097138151,37.493133718147874
340,37.62503113366347,-122.42768230541432,38.53223962429911
341,37.6250216350469,-122.42769412158385,37.47780801355839
342,37.62499752309649,-122.42769252354098,31.457907808944583
343,37.62499553866784,-122.42769452485234,28.50278556533158
344,37.625014576048905,-122.42771239043614,35.446028667502105
345,37.625015406269426,-122.42769603789574,30.98842626437545
346,37.62499645246751,-122.42770701069996,25.736649977974594
347,37.62503075951724,-122.42772853235189,25.097104797139764
348,37.62499922218503,-122.42776942126943,31.633053563535213
349,37.62496774052884,-122.42779080749023,28.22973949741572
350,37.62495774299811,-122.42788764370808,17.363263067789376
351,37.62487045731856,-122.42795781987408,31.19845907855779
352,37.624847617031314,-122.42814430027298,32.163714127615094
353,37.62475673346712,-122.4281850025279,40.02303186058998
354,37.6246698628109,-122.42834709749377,32.594905409030616
355,37.62458717142972,-122.42846690291884,33.421438965946436
356,37.62450447995436,-122.4285867080475,34.248003895394504
357,37.62414092962832,-122.42830988335074,81.48875446897
358,37.624271649158274,-122.42857367283209,34.332821822725236
359,37.62432684157388,-122.42866781723725,11.297648875042796
360,37.62427474310513,-122.42886971182773,27.31609040312469
361,37.62423229688498,-122.4287944182375,15.745879945345223
362,37.62422325379669,-122.42877539389,19.08969557285309
363,37.62423039259812,-122.42882292176738,15.234722780063748
364,37.624185168396814,-122.42879098007786,21.260297347791493
365,37.624263517127666,-122.42876513432232,13.412122095003724
366,37.62427142626451,-122.4287784734307,28.84646301623434
367,37.62426333956153,-122.42881305752067,25.659475966356695
368,37.624195630894306,-122.42890125497556,22.689214423298836
369,37.62424664596957,-122.42884099301371,32.01195838302374
370,37.62422490829352,-122.42876971816898,32.683484519831836
371,37.62424494956004,-122.42881739101536,27.870095218531787
372,37.624295002718064,-122.42877041671522,45.25445252843201
373,37.624259132903454,-122.4287719155825,43.99146941117942
374,37.62427917174332,-122.42863406747517,43.821971291676164
375,37.62432398487602,-122.42872701822922,51.421576525084674
376,37.624297016022346,-122.42861905602398,48.414595308713615
377,37.624309499274446,-122.4287426381999,27.010907760821283
378,37.62427867401375,-122.42885745548823,43.260944980196655
379,37.62423812399,-122.42892247796468,34.31725682783872
380,37.624235782504925,-122.42901783931921,30.513666008599102
381,37.62423229250433,-122.42900202638353,36.273385480977595
382,37.62421907948091,-122.42893370563101,40.58859052229673
383,37.624218522081165,-122.42896742832006,44.366489824838936
384,37.62416719603545,-122.42889011519323,59.94135397579521
385,37.624196336228685,-122.4288603667202,47.07662759907544
386,37.624146580055196,-122.42898405692829,48.00766404066235
387,37.62421417984009,-122.42891846375267,39.89303112030029
388,37.624248488403026,-122.42886425290784,26.93810341320932
389,37.62425437924961,-122.42883310294724,18.13088703714311
390,37.624265163792884,-122.42872379069358,15.370355099439621
391,37.62433796497866,-122.42871489196564,7.68575525097549
392,37.62433701571666,-122.42876097120947,14.977794943377376
393,37.624336494240296,-122.42874663813105,19.89250767789781
394,37.62427233092168,-122.42885111948289,25.844931327737868
395,37.62432278066124,-122.42888262784267,18.79058869741857
396,37.624311926308366,-122.42896257088431,19.063106946647167
397,37.62434010718943,-122.42890318031662,32.45763406995684
398,37.62428445272054,-122.42891920173767,56.286267049610615
399,37.624232924813874,-122.42882894910788,40.68663180246949
400,37.62421496008771,-122.42880549385083,37.9912456991151
401,37.62418493056869,-122.42879522076491,39.467166618444026
402,37.62414046822355,-122.42882032150187,37.12054982408881
403,37.62408515038903,-122.42876138964584,31.423753617331386
404,37.62394406762241,-122.42878181916296,38.1979382103309
405,37.62391906545804,-122.42868601827745,33.594722751528025
406,37.62373087508007,-122.42856120501037,36.043157294392586
407,37.62369230194439,-122.42850251993309,40.01984912157059
408,37.62357998676965,-122.42840857186135,35.27307744137943
409,37.62336916422783,-122.4283235661075,28.451702601276338
410,37.623279279644564,-122.42818542060738,30.993994949385524
411,37.62318026506986,-122.42803044632983,40.38583825249225
412,37.62295739216779,-122.42798787508013,25.767435901798308
413,37.62282373810749,-122.42784355235965,36.160082773305476
414,37.62268700413814,-122.4277233705656,34.10167829506099
415,37.62253236936621,-122.42757347248309,40.0244104443118
416,37.62235828301607,-122.42749037683616,33.372824497520924
417,37.622198395278836,-122.42736865957276,37.514435288496315
418,37.62202949415502,-122.4272417082935,33.17019178066403
419,37.62182081571651,-122.42710073887494,35.470466455444694
420,37.62167859503822,-122.42700637180897,35.24000401236117
421,37.62152501368856,-122.42687672120546,34.874853348359466
422,37.6213070983153,-122.42674193960845,35.13138006441295
423,37.62111582231403,-122.42659578910023,34.881972612813115
424,37.62089832727838,-122.42643085783486,36.977527011185884
425,37.62071218791304,-122.42630767895639,28.55366593040526
426,37.62052785418625,-122.42611965733302,30.935510847717524
427,37.6202512021952,-122.42596687938433,35.49412749707699
428,37.62005337074052,-122.42582416469054,33.30400652438402
429,37.61978740974258,-122.42567706844869,36.52673518937081
430,37.61960509248316,-122.42552121757976,33.2589295823127
431,37.61936491287882,-122.42539529544493,29.79324533417821
432,37.619116399930085,-122.42524854849958,31.193747825920582
433,37.618926389066125,-122.42511611280439,31.919734777882695
434,37.6186868795186,-122.42495650823152,42.57768767140806
435,37.61843984956273,-122.4248719143421,38.798990465700626
436,37.618270982950946,-122.42477274913236,31.376624920405447
437,37.61803620260581,-122.424695089421,35.477232434786856
438,37.617833951485096,-122.42461631969582,45.9577995846048
439,37.61758073407653,-122.42453971136858,48.67957329656929
440,37.617406537294315,-122.42446574298741,45.546491185203195
441,37.61712397282809,-122.42435837116994,51.15513472259045
442,37.61689925954892,-122.42434969518008,47.775726318359375
443,37.61667703794053,-122.4243460086666,45.46830021683127
444,37.61645586059717,-122.42437575463758,48.00466294772923
445,37.6162329639443,-122.42434381734834,45.367489910684526
446,37.6159929395491,-122.42432310829777,46.333423187956214
447,37.61583479886406,-122.4243388277338,42.07087839767337
448,37.615568130717065,-122.42441965345714,48.22520818095654
449,37.615337856666166,-122.42445103743773,48.378173789940774
450,37.61509062406383,-122.42449125110775,57.43339481856674
451,37.61492208825652,-122.42455650394862,55.24583359621465
452,37.61464092682015,-122.42460661610862,47.779450670816004
453,37.61443162420408,-122.42468893548134,52.997274364344776
454,37.61419921783783,-122.42476306605711,57.85135838203132
455,37.61398742107115,-122.42487890804688,54.08586114831269
456,37.61373128306363,-122.4250131246586,60.888573879376054
457,37.613517668415895,-122.42512638924418,65.83078663051128
458,37.61329711744097,-122.42527084889167,63.285530651919544
459,37.61312677505947,-122.42541737477984,62.56267191376537
460,37.61288588594704,-122.42556241014242,63.16696387156844
461,37.61270264414732,-122.42572911335084,64.90021591912955
462,37.612520721019536,-122.4258486028486,59.60825427249074
463,37.61225824952981,-122.42599762984129,61.97977902460843
464,37.61204218907929,-122.4261225289092,65.06064202263951
465,37.611873169168476,-122.426292085854,71.25659747049212
466,37.61164349701875,-122.42641952070365,71.28378943540156
467,37.61143802736538,-122.4266386517266,68.8130954541266
468,37.611189415407104,-122.42678243530129,68.96184678841382
469,37.61097343894993,-122.4268802513865,77.60063151083887
470,37.61074406991268,-122.4270196919821,83.30334519222379
471,37.610502388424266,-122.42713563540278,75.5138680646196
472,37.61026403774944,-122.42731745387505,73.49689221475273
473,37.610029482781705,-122.42738303438689,76.26723649166524
474,37.60972823626452,-122.42746092009986,95.28837537392974
475,37.60952480905459,-122.42758310240765,87.00204190425575
476,37.60932452597749,-122.42768493121547,83.77006085310131
477,37.609133539423844,-122.42774689337153,84.35372220538557
478,37.60890051012873,-122.42783315942421,83.6246858946979
479,37.60863641278332,-122.42788229580816,90.82199314329773
480,37.60840342738,-122.42799291641174,80.46402847860008
481,37.6081538228211,-122.4280268151981,92.8493113880977
482,37.60794610287779,-122.42806452284609,89.73731994163245
483,37.60775342238625,-122.42816774787893,82.56805683579296
484,37.60753989947019,-122.42819585760655,74.83601651340723
485,37.60721754184322,-122.42819482844307,92.50592213869095
486,37.60695055427545,-122.42822776152947,94.45318073965609
487,37.60674979484012,-122.42831573148867,88.14301099255681
488,37.60648139609968,-122.42829957645758,87.14290256146342
489,37.60618902495988,-122.42831098032873,92.32284502498806
490,37.60595301621556,-122.4282593220744,101.93694941978902
491,37.60561576981134,-122.42818985120695,99.93692882359028
492,37.60535716860372,-122.42818806265777,105.05530967004597
493,37.605123298106896,-122.42813481614259,98.52140092290938
494,37.60488971922937,-122.42809764199642,108.48063161410391
495,37.60461010452057,-122.42801829761515,100.72842999268323
496,37.604381299215646,-122.42795267186962,102.15833801496774
497,37.60409141763337,-122.42786984301371,98.05038347747177
498,37.60387991944748,-122.4276959933851,105.59321088530123
499,37.60361153304105,-122.42760035812098,109.89231724664569
500,37.603321491508474,-122.42750157895836,111.15202703140676
501,37.6030780006481,-122.42732622001836,105.43911498691887
502,37.602844234581234,-122.42717886332363,113.4049755660817
503,37.60257760326906,-122.42701684174533,113.08578066155314
504,37.602334224419124,-122.42680780358558,123.87442094832659
505,37.60207427986035,-122.42664349974153,113.02916629891843
506,37.60182901543744,-122.42636859675687,111.59398729726672
507,37.60165520600829,-122.4261487828428,113.94115834496915
508,37.60141072033936,-122.42593568940006,113.28360021021217
509,37.601219195489605,-122.425722568848,114.03064960613847
510,37.60104232399843,-122.42551636768046,117.33154510799795
511,37.600815065334494,-122.4252598522097,115.00485284626484
512,37.60063355320747,-122.42501895443648,119.64535202179104
513,37.60042284426682,-122.42473906833952,118.45748210791498
514,37.600192908618624,-122.42449048379787,121.08596800360829
515,37.60002526410951,-122.42425886617362,122.58617204334587
516,37.59980566363613,-122.42403468466527,120.99130095820874
517,37.599617419025044,-122.42369032772648,116.51542296167463
518,37.599426528446756,-122.4234808792074,125.0802243296057
519,37.599203179813756,-122.42326938844637,120.0371762868017
520,37.599022031956814,-122.42297717371228,124.5770860761404
521,37.59884553049994,-122.42281997921701,111.40470728836954
522,37.598636610106084,-122.42242713105345,129.32975544966757
523,37.59836318644247,-122.4221453932363,131.52257634419948
524,37.59815622573329,-122.42187559387213,123.84776692651212
525,37.59792186757572,-122.42165454671571,130.17373922467232
526,37.597701943909584,-122.42137321553352,125.10108704678714
527,37.5974827188749,-122.42112399968529,124.57679393514991
528,37.5972967316144,-122.42089182750753,119.7418269533664
529,37.597069502227974,-122.42056037235821,125.59392472356558
530,37.59688355059774,-122.42031996413066,124.31365691963583
531,37.59661562304832,-122.42001532359052,124.8066492145881
532,37.5963788098559,-122.41977204650654,131.00336204096675
533,37.59616847969348,-122.4195837489973,127.47279864456505
534,37.59594555021071,-122.41931858174291,121.84145869594067
535,37.595744328055076,-122.41907302955711,132.9513144902885
536,37.595435020034344,-122.4188790568707,129.27222510892898
537,37.59519010301349,-122.41850718052902,126.82907787710428
538,37.59493278827354,-122.41826290156841,134.55679178610444
539,37.59469168601068,-122.41805428980686,133.1636697044596
540,37.59445825466242,-122.41785112646099,127.4827902847901
541,37.59423676667729,-122.4176168785289,124.78203413914889
542,37.59395075996569,-122.41732505781188,125.12486926373094
543,37.59368828664967,-122.41713712715564,125.26790656521916
544,37.593485429407124,-122.41688280305637,129.34799351077527
545,37.59323779798874,-122.41667735836259,135.01248155068606
546,37.59299638348353,-122.41643454998214,135.07010357361287
547,37.59279818197509,-122.41620798617649,131.62106857541949
548,37.59252286618899,-122.41597193681648,138.92264625430107
549,37.59232699295942,-122.41574839394534,133.65953428763896
550,37.592131224430936,-122.41549391227493,141.814255874604
551,37.59185810410524,-122.41527358042997,143.56457322835922
552,37.591638679728305,-122.41509325572072,141.50161211565137
553,37.59141693404617,-122.41489505670508,140.87610373832285
554,37.59119413978294,-122.41465330281302,137.72524745296687
555,37.59100134925026,-122.41443610044404,140.85796272102743
556,37.59076270679732,-122.4142419370956,139.69789579883218
557,37.590585860369565,-122.41397921815947,143.71804895158857
558,37.59033219154136,-122.41381036873305,144.32794117648154
559,37.59005609286982,-122.41353081241823,147.38661075010896
560,37.58988441037972,-122.41339222267055,150.03969265706837
561,37.589699318641955,-122.41316409111847,149.52536990959197
562,37.589501608322465,-122.41298333438095,153.71236290968955
563,37.58930072263607,-122.41275055012436,149.51977018546313
564,37.58907947387368,-122.41254569548589,148.90256527625024
565,37.588832668626154,-122.41229808080115,148.6118627525866
566,37.58867747423707,-122.41212663386592,149.97068611346185
567,37.58845561293609,-122.411921623018,151.64322454389185
568,37.588210287719924,-122.41171269229123,158.22632334381342
569,37.5879873817799,-122.41144649031537,157.50498401280493
570,37.58778077899776,-122.41125597819973,153.4389358907938
571,37.58754301348226,-122.41098206913811,152.01597718894482
572,37.5873642147646,-122.41078296865807,153.61034352332354
573,37.58705610382428,-122.41052452685136,158.54794537369162
574,37.586854018687404,-122.41030690399467,156.6541675562039
575,37.586732668913825,-122.40992527085845,160.33827018924057
576,37.58646367547902,-122.40970615748911,156.2086410652846
577,37.58628752394519,-122.40944327653553,148.11037140432745
578,37.58606246024313,-122.40913010364477,153.7946083927527
579,37.58582039177537,-122.40884145775576,162.68666005134583
580,37.585588624362146,-122.40861221398399,148.83789366204292
581,37.585366625203605,-122.40825647253259,157.63185517583042
582,37.58517888120294,-122.4079420266414,169.66056088823825
583,37.58493761540864,-122.40788349826424,147.54422226641327
584,37.58472051813141,-122.40742169853382,157.85864872857928
585,37.58452528376685,-122.40718915931416,166.91426536720246
586,37.58430527068189,-122.40688538024467,173.35538223851472
587,37.583965352862435,-122.40675199031257,148.7545709228143
588,37.58381067836045,-122.40649530555396,165.05123641062528
589,37.58368060241187,-122.40618238617411,175.48830581177026
590,37.58337791567057,-122.40600760341164,169.49323553871363
591,37.58311793933122,-122.40580211626587,163.44066782202572
592,37.58283323417371,-122.40562843436818,173.05303778126836
593,37.58261190959977,-122.40543221161766,162.09875615593046
594,37.5824070950051,-122.40523556738316,154.03881778288633
595,37.58204427744982,-122.40501719138035,160.77554909698665
596,37.581849345828424,-122.40480715406851,164.25574025139213
597,37.58148626998957,-122.40465576879939,161.54787085205317
598,37.58123416028656,-122.40447563717946,162.13460028264672
599,37.580914675006376,-122.404255683437,158.32727244496346
600,37.580644059246474,-122.4041320628285,159.01900808513165
601,37.58031738410395,-122.40394989071157,161.01382770203054
602,37.58002856377529,-122.40377389108664,160.39073264133185
603,37.5797162335371,-122.40359787344461,163.84644265193492
604,37.57944917684224,-122.40341828016842,141.61885905545205
605,37.579132515398804,-122.40320931760088,150.37702891603112
606,37.57877859053074,-122.4030214786084,154.27386036049575
607,37.5784816264356,-122.4028148348669,139.5640189917758
608,37.57821375569006,-122.40263189190456,145.82852225471288
609,37.57781281200243,-122.40250339731674,146.2191032897681
610,37.57751633947441,-122.4022707008979,146.66941667255014
611,37.57719154059545,-122.40211920417293,152.92820951063186
612,37.57690435461678,-122.40197778748028,140.44917711336166
613,37.57656944781227,-122.40172458758263,141.28460712637752
614,37.576229926072564,-122.40160556639648,140.9430167656392
615,37.57586849376328,-122.40136342324388,141.34608700685203
616,37.57557271498227,-122.40120117811817,137.48506392911077
617,37.57530891020823,-122.40103196912476,134.98017318546772
618,37.57492628597596,-122.40080936154467,138.26703192666173
619,37.57462695666568,-122.40065630666521,132.40437784045935
620,37.57428351063201,-122.4004692695644,135.17701872531325
621,37.57401678628773,-122.40026169079499,131.97383183985949
622,37.57365241375366,-122.4000976306067,137.19036315660924
623,37.573352239170546,-122.39983766093393,144.5802297675982
624,37.5731004258391,-122.39962893429086,136.01582012604922
625,37.57288060713133,-122.39940881303981,134.96107679512352
626,37.57260490031284,-122.39910928739491,139.2678609918803
627,37.572366327315045,-122.39890748360412,133.3419518088922
628,37.57217971478295,-122.39873624639728,130.92266558296978
629,37.57188655319307,-122.39841374893153,142.362280132249
630,37.5716856941784,-122.39817377154618,138.43063117936254
631,37.571441012740955,-122.39799061406883,134.85612149722874
632,37.57123121948557,-122.39775819290114,140.74465927109122
633,37.57102884516201,-122.3975785960798,127.80684862844646
634,37.57083882852956,-122.39735209848459,131.24961634539068
635,37.57062138152833,-122.39715461323723,131.68550440017134
636,37.5703801550011,-122.39695473080782,140.4111034637317
637,37.57017167380309,-122.39672540115018,135.28030533436686
638,37.569960548179935,-122.3964676640449,130.50831871666014
639,37.56973740415645,-122.39633821112093,139.8302172254771
640,37.56952451652192,-122.3960627202599,132.18493486754596
641,37.569337347932624,-122.3958469028846,134.8792760176584
642,37.56912312432145,-122.39571880913826,128.44205603562295
643,37.56891555668727,-122.39546341322168,133.4106293041259
644,37.568690516154206,-122.3952622358433,135.04434369970113
645,37.568475907139266,-122.39506336137833,144.6056172568351
646,37.56828997486811,-122.39484169559952,137.22390804626048
647,37.56820711283581,-122.39458252560114,134.96813220344484
648,37.56798619431811,-122.3943776052991,131.12014596629888
649,37.56766535058063,-122.39409881013243,149.2220175927505
650,37.567568662316475,-122.39390043550017,145.01999104209244
651,37.56740915439693,-122.39366754339473,141.11935955099761
652,37.567267184011165,-122.39340911703718,146.1267437459901
653,37.567113296308264,-122.39310641045212,137.63462495803833
654,37.56698563242544,-122.39282393684822,155.03815926145762
655,37.56678454385871,-122.39251034692508,148.82186413370073
656,37.56668499130643,-122.39223597750822,150.54548367951065
657,37.56657524501647,-122.3919595902812,139.22974750213325
658,37.56650363624594,-122.39161983339757,151.03204853832722
659,37.56636777038309,-122.39130445296884,148.6048503946513
660,37.566292704201004,-122.3910208768401,145.20974285434932
661,37.56616667873449,-122.39068462631514,145.13608455378562
662,37.56610087408769,-122.3903732661878,154.2188108675182
663,37.56594959506536,-122.39008644098351,151.07549525238574
664,37.565898566635425,-122.38974559596382,163.98925824370235
665,37.56575310485766,-122.38950338070681,153.02690122835338
666,37.56563161259251,-122.38915037565334,150.45123002119362
667,37.56546298421366,-122.38890035969342,158.0114258583635
668,37.5653141314807,-122.38864689080098,155.83062620647252
669,37.56510858916152,-122.38832880924754,155.61778027936816
670,37.56493576942079,-122.38804573746366,157.93912560958415
671,37.564722699335846,-122.38785087405103,150.53613881673664
672,37.56453185753924,-122.38765024618456,150.3835386550054
673,37.56431123679542,-122.38734666081992,158.58560877945274
674,37.564107579218465,-122.38713327458765,158.42878478206694
675,37.56385702238714,-122.38690414477284,159.76416564825922
676,37.56368169035787,-122.38671272734562,161.60943289939314
677,37.563501262935205,-122.3864605597649,163.35839674901217
678,37.5632118746966,-122.38623217133932,162.5548543576151
679,37.56298851675729,-122.38598244504668,161.61214004736394
680,37.56271753187375,-122.38577639305828,153.05167787149549
681,37.5625016422499,-122.3855461786343,167.4915483975783
682,37.56230243750897,-122.38529267063194,160.28880296181887
683,37.56206044921656,-122.38501498305729,162.97090074792504
684,37.56179526389861,-122.38484647963688,163.18561701476574
685,37.56158091144287,-122.3845731435856,168.96752286609262
686,37.56129632039907,-122.38438530218873,167.8957371339202
687,37.56106835261759,-122.38408305726266,168.2873972663656
688,37.56085409991782,-122.38385658656772,162.77489690855145
689,37.56056221025717,-122.38360289367981,164.6768704233691
690,37.5603704828458,-122.38336194891376,161.76256248354912
691,37.56014362131641,-122.38309283914329,168.74822280649096
692,37.55986804246639,-122.3829140298573,163.48897923436016
693,37.559656209248715,-122.38266355087104,164.3893977822736
694,37.55931190978184,-122.38246625435616,163.7837658477947
695,37.55916605709142,-122.38223266579456,169.62814842630178
696,37.55901935094746,-122.38197955504197,169.6092959716916
697,37.558691034741535,-122.3817989980847,166.6139639960602
698,37.55850025514901,-122.38161890498306,164.9378464622423
699,37.558319568689775,-122.38144948742118,174.3930357536301
700,37.558090492121224,-122.38123781959906,177.65033114887774
701,37.55781330106398,-122.38106985648535,173.83222229033709
702,37.557656442723086,-122.3809402151063,177.3277366394177
703,37.557386635086615,-122.3807650225488,174.06467546522617
704,37.557118030554584,-122.38060050403729,178.56305205170065
705,37.55685682338712,-122.3804389637559,179.96184791717678
706,37.556637005671625,-122.3802923504077,171.1959851803258
707,37.55639723041459,-122.38012499259521,180.1937149297446
708,37.5561676449075,-122.37994861363931,175.20902638603002
709,37.55590998306303,-122.3798047968514,175.53465454652905
710,37.555636574112,-122.37959145788159,181.1277976827696
711,37.555423319015304,-122.37940908912505,184.0907568493858
712,37.55508577645246,-122.37926259735198,173.76899148896337
713,37.55487000676344,-122.37910971439499,175.92091683950275
714,37.5545691137115,-122.37893883170378,165.1076643401757
715,37.554297925488044,-122.37875489926647,170.1307549616322
716,37.55405343574579,-122.37854971505438,175.90297179110348
717,37.55375488388283,-122.3784231043234,180.92694548889995
718,37.55349846237724,-122.37818027714226,175.7234032927081
719,37.553263187139216,-122.3780405713307,179.18839655816555
720,37.552987582518874,-122.37785404452731,184.75542511232197
721,37.55271022580212,-122.37762199009785,180.20018904004246
722,37.552495142568205,-122.37743225794287,176.8138680625707
723,37.55217358768595,-122.37719081174046,180.14607062749565
724,37.55196882971641,-122.37700291861002,187.76372851990163
725,37.551660587093025,-122.3767829530995,176.35241114348173
726,37.551477929373945,-122.37649021618307,189.04341401718557
727,37.55120221699345,-122.37628772771379,190.75294614490122
728,37.550916307957976,-122.37604777144333,182.0853748647496
729,37.55065584866768,-122.37578562562133,182.11917220335454
730,37.55030376400902,-122.37550631784273,179.8522998020053
731,37.55009763134387,-122.37525205463827,179.74578704033047
732,37.54983221983159,-122.37503335030105,181.22812537755817
733,37.54953743552726,-122.37481741580957,178.36590949539095
734,37.54923764756062,-122.37453055305201,172.95022294297814
735,37.54896925813223,-122.37429774019809,172.6472748145461
736,37.54865739847278,-122.37398361718401,177.89311786741018
737,37.548335035941946,-122.37373224855143,173.15307715162635
738,37.5480744040588,-122.37347122308574,164.93137156032026
739,37.54774459815544,-122.37314508404923,172.876781639643
740,37.547466074864786,-122.37295105536927,168.10337911453098
741,37.54716628193932,-122.37258895275002,164.45713308546692
742,37.54686372915273,-122.3723444022332,161.9493471113965
743,37.5465316848147,-122.37210329696106,166.92211490869522
744,37.54625358537181,-122.3717826615228,162.66271484363824
745,37.54596921258461,-122.37152144362884,164.86945000197738
746,37.545651453749024,-122.37123146294607,163.96050779987127
747,37.545369045262085,-122.37097063639878,158.42743206303567
748,37.54506868813312,-122.37070575668605,152.2979124514386
749,37.54474842690785,-122.37042046726552,155.33761736098677
750,37.544445595214576,-122.37015291589037,164.15205185301602
751,37.54417864735924,-122.369910808845,149.66980231460184
752,37.543901274479175,-122.36960543430267,150.60701274778694
753,37.543650452037014,-122.36938592694969,149.79726606886834
754,37.54336053090501,-122.36906673029975,156.21260963752866
755,37.54306513862636,-122.3687937576692,155.71911032218486
756,37.54277977508159,-122.36858280703139,144.58193143084645
757,37.54252106344671,-122.36835389741465,148.42812928557396
758,37.54220722106132,-122.36807753052001,153.31391071528196
759,37.54194524959693,-122.36784373154329,147.2056480795145
760,37.54164929903558,-122.36758745104514,146.95828420948237
761,37.54135375740943,-122.36733580374587,145.535338871181
762,37.54107732693289,-122.36711566544048,141.11615783162415
763,37.54081101550198,-122.36693182790594,144.93808824475855
764,37.54051659881802,-122.36677468914412,150.28008243627846
765,37.540238836151275,-122.36653860523714,144.34035302512348
766,37.53994030368695,-122.36633750399817,140.28155822493136
767,37.539657710578076,-122.36613899097615,147.28450014535338
768,37.539360169789454,-122.3659343508921,140.76445262040943
769,37.53905575353816,-122.36573218842483,138.84759511053562
770,37.538788070425156,-122.36556732774511,133.06483053881675
771,37.53849551956021,-122.36533772409898,139.15954038593918
772,37.53819758755816,-122.36514125444577,134.7836091844365
773,37.53790859903767,-122.36498502936799,137.95486055873334
774,37.53763295880188,-122.36477738464998,134.20814125891775
775,37.53733007656958,-122.36454012771961,132.20306433551013
776,37.53700741437554,-122.36433046233878,134.8363259397447
777,37.53671787958766,-122.36414213978811,126.724887708202
778,37.536426248278886,-122.36394167357322,122.53926369175315
779,37.536117189764006,-122.36378424588933,127.10806547757238
780,37.53586290458176,-122.36354665761692,127.41965823806822
781,37.53553925893407,-122.36337096668926,123.91810775827616
782,37.53526934764032,-122.36317037043871,116.20958903804421
783,37.53495985700443,-122.36295380573932,114.41566389147192
784,37.534683166374144,-122.36275742826508,114.32998483907431
785,37.5343786025342,-122.36255136309556,112.22450699470937
786,37.5340725951525,-122.36241315884692,117.68192224577069
787,37.53378215264466,-122.36224341383058,106.57652954570949
788,37.53345968615229,-122.36211844365847,117.53660737723112
789,37.533154425449595,-122.36194322395819,109.93064623977989
790,37.5328326762385,-122.36181901637791,112.66989209596068
791,37.53260123532141,-122.36170697031851,106.17678791005164
792,37.53223209524352,-122.36157791830249,103.77887073811144
793,37.53196386242645,-122.36143784150649,107.81167240813375
794,37.531653955775816,-122.36133486559498,105.2654142063111
795,37.53131713658832,-122.36117441809132,106.55712023470551
796,37.531047265774966,-122.36106481311651,99.80550151038915
797,37.530729420458265,-122.36093077187402,102.1709829075262
798,37.53043966700638,-122.36081788459495,98.24841085076332
799,37.530157713445924,-122.36067412985288,96.18363729584962
800,37.52986358420868,-122.36055641970725,94.43693289440125
801,37.52961326015877,-122.36040715204186,88.19329408556223
802,37.52933964661927,-122.36033111493543,101.41754883527756
803,37.52904990174047,-122.3601818891886,89.08204541169107
804,37.528713923867606,-122.36004248815661,92.52953344210982
805,37.52848056576516,-122.3599837575317,87.50192892085761
806,37.528194131975,-122.3598496628461,90.67808604985476
807,37.52788458472667,-122.35970276226577,92.51594244781882
808,37.527674635167,-122.3595424389419,109.86115644779056
809,37.52734373296422,-122.35947224359062,91.62403440102935
810,37.52710040982184,-122.35934232136432,92.97527999430895
811,37.526837233713316,-122.35919566260395,93.47142870444804
812,37.52657925445412,-122.3590174523933,92.92475740797818
813,37.52629510670726,-122.35889160554615,100.5125431381166
814,37.52602396215851,-122.35866280991495,89.98840869776905
815,37.52578189313701,-122.35846777197992,89.1410642452538
816,37.525648165399375,-122.35828034789489,84.94905668962747
817,37.525349494198146,-122.35803101254393,100.8322907583788
818,37.525191128507636,-122.3578886452505,85.76444359216839
819,37.52493821188902,-122.35769146012372,99.50943220313638
820,37.524719442111575,-122.35751532822898,93.95031347870827
821,37.52450461922919,-122.35730952617826,93.46157902479172
822,37.52432380176828,-122.35711815841847,104.90185479260981
823,37.52409653889698,-122.35695945836437,98.7547428496182
824,37.523838600039646,-122.35674518772997,103.730125377886
825,37.523641360688096,-122.35658227158387,97.02628986164927
826,37.52339691389247,-122.35647496529234,105.83980042953044
827,37.52314382446949,-122.3563025768638,96.24469250068069
828,37.5229019900548,-122.35616563718874,104.02688991092145
829,37.52264853461893,-122.35601306263396,93.27674311213195
830,37.52240751257346,-122.355889623943,107.88955203164369
831,37.522156620234284,-122.35574612969273,102.58537095878273
832,37.52193148959784,-122.35562375342273,101.81905961595476
833,37.52162596369039,-122.35548828929531,98.60907661635429
834,37.521368366606644,-122.35536510669603,103.67858195118606
835,37.52112357055521,-122.35523173888163,105.07704759202898
836,37.52087337791815,-122.35509381116583,98.31959604751319
837,37.52063763499455,-122.35496445752122,107.4426881391555
838,37.52031753981949,-122.35480191906086,107.68271834310144
839,37.520074532467774,-122.35463993567656,105.87533691339195
840,37.519861043944196,-122.35448841089645,103.35718895960599
841,37.51958227823829,-122.35433206162506,109.4499095575884
842,37.51931300192252,-122.35412945069909,112.33834856096655
843,37.51905332618472,-122.35393404487287,107.95658770669252
844,37.51879617158747,-122.35374632179982,111.65596249792725
845,37.51858668891953,-122.3535738268298,110.44759179092944
846,37.51828182069918,-122.35337194042546,116.36997019220144
847,37.51800107009568,-122.35315925121748,111.96254538279027
848,37.51785551531286,-122.35296059404295,109.35122136864811
849,37.51764502082619,-122.35275789262289,107.44154900405556
850,37.51736357951356,-122.35252733510809,108.36821992695332
851,37.51721145548756,-122.35233486298175,106.71172269620001
852,37.516997209075974,-122.35211435579627,103.23720045946538
853,37.5167669179583,-122.35190581932648,111.64297576341778
854,37.51659612294729,-122.35169397259246,100.24865658953786
855,37.51637917002011,-122.35147483279361,108.98252297006547
856,37.51618274731086,-122.35123144630431,105.5298806624487
857,37.51601583459322,-122.35105304062493,101.70572627615184
858,37.51577177003651,-122.3508461178892,101.68771948385984
859,37.515612354096,-122.35059703388488,102.00699170213193
860,37.515374342203,-122.35041914779404,107.15581227745861
861,37.51516830268466,-122.35020469713857,100.63017069455236
862,37.514986685535064,-122.34994660850379,104.58302797749639
863,37.51475106838776,-122.34974855729574,100.41869182046503
864,37.51454888801848,-122.34946653879089,99.59701592288911
865,37.51435982961817,-122.3492526753981,93.09657884016633
866,37.514121373978114,-122.34903711136869,100.21516490634531
867,37.513902991488735,-122.34882131175428,103.18499379605055
868,37.51368763594841,-122.34858464909395,94.9638140052557
869,37.51349466608318,-122.34829681403755,94.27122135739774
870,37.513293148681726,-122.34810333481727,89.81423295941204
871,37.51307383294673,-122.3479208516735,91.96629864070565
872,37.51282925502665,-122.34762506813631,92.54898959491402
873,37.512635551026385,-122.34738787428734,88.17520300578326
874,37.51241047465801,-122.34713289198797,86.77517526783049
875,37.512200056265584,-122.34686587136505,90.95087442919612
876,37.512008528801815,-122.34657166861277,80.26022070739418
877,37.51180421747028,-122.34634334675297,86.46447416674346
878,37.51163938504091,-122.34609254807172,84.61841338220984
879,37.51134966959195,-122.34577128912582,81.69587435852736
880,37.511208330883754,-122.34558145478096,85.65165045391768
881,37.51095537029147,-122.34525761051263,89.16638830769807
882,37.510773541498615,-122.34499398270961,87.02719298563898
883,37.51052790807529,-122.34470008616302,90.1492638187483
884,37.510377571806494,-122.34442276679673,90.05981209687889
885,37.510207842208644,-122.34416217620901,91.31697874329984
886,37.51000208578239,-122.34387845816981,88.3444502344355
887,37.509799332649905,-122.34358476427299,85.81729628518224
888,37.50965329041562,-122.34335311186707,100.77006128244102
889,37.50946283504703,-122.3430697012436,97.60105958301574
890,37.5092372885626,-122.3427174335665,94.25361812952906
891,37.509079811161314,-122.34245918472773,99.64630812592804
892,37.50890317020277,-122.3421380231952,89.31554599571973
893,37.508725973933245,-122.34183260059581,95.79099105671048
894,37.508563096966114,-122.34151756139767,91.71651259530336
895,37.50837765946531,-122.34127795533787,93.80456618312746
896,37.50820912348286,-122.34095714890583,89.69646196160465
897,37.50801129961098,-122.34064780757961,91.85365246329457
898,37.5078042140054,-122.34036636168932,82.44749122206122
899,37.507656212725564,-122.34003685863001,80.5696685500443
900,37.50745341337906,-122.33976394911026,90.27487695589662
901,37.50720085096511,-122.33939973424678,92.21762808598578
902,37.50710452860388,-122.339121307434,92.39572195801884
903,37.5069167243702,-122.33882777817912,84.25605146866292
904,37.506699184432584,-122.33851886140471,86.50283775106072
905,37.506525932222075,-122.3382195161367,83.45710132736713
906,37.506382892499026,-122.33794961469798,85.80845142249018
907,37.50618574906356,-122.33765151230708,81.02906500454992
908,37.505990652626714,-122.33735387389322,86.99007486645132
909,37.50580681152424,-122.33704955465261,88.19973533507437
910,37.505625156847074,-122.3367495868734,88.29246244672686
911,37.505469142295176,-122.33648853532512,85.55269081890583
912,37.505241815222604,-122.33618893967716,86.39045072440058
913,37.505078797592276,-122.3358994352772,84.8498467868194
914,37.504883843397934,-122.33561022221262,86.65170846972615
915,37.504741328539325,-122.3353671492161,85.25551326666027
916,37.50450216022944,-122.33502914240125,89.43132492341101
917,37.50434152623427,-122.33480041418515,84.65103061124682
918,37.504139607532224,-122.33451416757308,81.54706602077931
919,37.50398878133853,-122.33427302074729,86.97601302154362
920,37.50380038224386,-122.33401652869847,91.5281763439998
921,37.50359126522343,-122.33373879854389,88.97583403158933
922,37.50347217888926,-122.3335128490017,89.69351727887988
923,37.5032622498275,-122.33324313904504,90.28852577414364
924,37.50306715690926,-122.33299032582802,90.07228245772421
925,37.5028915605796,-122.3327053083706,89.02276071812958
926,37.50273310334818,-122.33244498686652,89.21128348540515
927,37.5025758765886,-122.33223311486759,84.50338578782976
928,37.50237728647994,-122.33194775986087,83.39425630774349
929,37.50217913972102,-122.33168693152265,91.84014255646616
930,37.50201211749954,-122.33140766092808,89.8622541660443
931,37.50184305014701,-122.33111182823167,90.76324876304716
932,37.50167208910672,-122.33079526950867,91.99522926099598
933,37.50152242146056,-122.33051876849164,92.09260454401374
934,37.50132032097206,-122.33017281634214,93.09627575520426
935,37.501225180016235,-122.32986213416443,95.99288849812001
936,37.501082569923305,-122.32960097255695,98.03580095991492
937,37.50098318735739,-122.32924296897092,99.20341591350734
938,37.500890250103815,-122.3289121696403,96.11527229566127
939,37.500780604801804,-122.32856678202201,90.90182010550052
940,37.50066847225281,-122.32827459908013,95.73065637238324
941,37.500579482226826,-122.32789604297224,94.78989521134645
942,37.50054909402264,-122.32755424705833,103.80608445312828
943,37.50047385765156,-122.32722515170164,102.86451133340597
944,37.50042150853916,-122.3268462468885,100.44503796380013
945,37.500350885492516,-122.32650171454253,97.12371119577438
946,37.50030659706228,-122.32615067838819,99.58115564472973
947,37.500320486692026,-122.32581243617908,105.5020798491314
948,37.500291196125616,-122.32542773967837,112.5756526272744
949,37.50029349884735,-122.32509909302121,107.2926147999242
950,37.50028702097719,-122.32468489232596,109.96160129457712
951,37.500298057857,-122.32433452173822,110.69318561349064
952,37.50029201669597,-122.3239511229923,113.92848754953593
953,37.500268941919906,-122.3236600909466,104.27276756148785
954,37.50021241277046,-122.32320862403105,115.05192219186574
955,37.50023085316989,-122.32285060816396,110.49078249931335
956,37.50024519469395,-122.32249642970639,111.30748880375177
957,37.50021530209249,-122.32212850376598,115.83461202960461
958,37.500183184617185,-122.32179122882596,110.413993826136
959,37.50011617597556,-122.32140736031579,116.19540824275464
960,37.50006673753448,-122.32107930890052,115.89744426030666
961,37.49999186992777,-122.32075236901203,117.34494479652494
962,37.49993909911666,-122.32038656916004,113.75668187811971
963,37.499892627048915,-122.32006003342303,117.09202009998262
964,37.49978448093837,-122.31971162756646,118.8565461114049
965,37.499671564631534,-122.31936830070875,113.39073364343494
966,37.49958345062922,-122.31899481700444,124.16567916423082
967,37.49947187409269,-122.3186139054676,125.89628147985786
968,37.49937323122149,-122.31831986636111,125.86624809075147
969,37.49923266269809,-122.31794303212025,121.92279332317412
970,37.49911348130453,-122.31762086637688,123.85125173907727
971,37.49894196932815,-122.31728812926887,125.75944567006081
972,37.49877688878481,-122.31696258851979,126.59714881144464
973,37.49864155887687,-122.31665382223852,125.60720505192876
974,37.49841486937148,-122.31630299063315,125.00909798033535
975,37.49828039146199,-122.3160301125722,127.07972705829889
976,37.498083164692744,-122.315669396909,127.5439611505717
977,37.49787832542678,-122.31534510020239,130.38116404414177
978,37.49772712811183,-122.31502385399645,136.25756468996406
979,37.497538509688255,-122.3147042768369,138.54526401031762
980,37.49737307847797,-122.31438992992743,136.83902043756098
981,37.49719053349562,-122.3140218215053,134.61476686410606
982,37.49702388349121,-122.31374908687944,134.2147415149957
983,37.49685133711378,-122.31341202398828,142.4837723588571
984,37.496695812231636,-122.3131108720012,133.65048756077886
985,37.496536564463476,-122.31276772076858,136.79410688299686
986,37.496383843228024,-122.31241511737278,143.09786175750196
987,37.496255254579324,-122.31208676472735,141.10318687278777
988,37.49610228642117,-122.31172901631331,142.88620089460164
989,37.49598873935841,-122.31135636489297,150.9341158075258
990,37.49586946216899,-122.31101893138671,149.65376672241837
991,37.495787052128286,-122.31070228952963,154.37579906918108
992,37.49564860206564,-122.31038215349287,141.13777680601925
993,37.49552938285177,-122.31001002673305,149.23672986216843
994,37.49544392429708,-122.3096813808621,150.43142486549914
995,37.49534702280983,-122.30932429351306,144.51767449453473
996,37.4952640990804,-122.30897818525182,146.7057428015396
997,37.49516438026774,-122.30863060328662,150.58987653907388
998,37.49507690856312,-122.30827620505238,152.06312641128898
999,37.49503399967678,-122.30798600195736,156.65042645856738
1000,37.494901698569834,-122.30764827742718,151.241473169066
1001,37.494881500971786,-122.30729684848909,159.02519023325294
1002,37.49476654210288,-122.30692571247879,155.186079852283
1003,37.49470109371291,-122.30661789924007,155.09625612851232
1004,37.494580783000096,-122.30625754175648,164.46711665205657
1005,37.494541555670246,-122.3059305986105,161.66454626247287
1006,37.49441001472536,-122.30553997448803,165.01423885580152
1007,37.49434993390401,-122.30527155836101,163.51903582271188
1008,37.49423579897976,-122.304927058479,166.91843352559954
1009,37.494180640900204,-122.30463837120404,165.4802925363183
1010,37.49401652212752,-122.30433703068563,167.58710626047105
1011,37.49388714480606,-122.30403264840201,162.9378947596997
1012,37.49379674859151,-122.30365350884686,176.95247284788638
1013,37.49367008552535,-122.30337482408746,173.5749290958047
1014,37.493481676134586,-122.30304326405515,177.96220056153834
1015,37.49323850892749,-122.30280260176582,160.47907663695514
1016,37.4931375777934,-122.30249894404781,179.68375174328685
1017,37.49290964159445,-122.30222333031975,165.36179957725108
1018,37.492803440560664,-122.30186762598548,183.79759348370135
1019,37.492539817697086,-122.30175245602068,171.80878399685025
1020,37.49232132404821,-122.30135858239576,182.74263161048293
1021,37.49210604465563,-122.30111713601305,169.48732506856322
1022,37.49186103242398,-122.30084533008497,179.5171120725572
1023,37.4916687640928,-122.3006021704779,184.7152318218723
1024,37.49136797973082,-122.30041658556817,176.03142747469246
1025,37.491156318773925,-122.30018177505521,179.91845620516688
1026,37.49086902223239,-122.30002798865245,184.56460793036968
1027,37.49062992984652,-122.2998648008654,188.86342039424926
1028,37.49039228183673,-122.29967533462028,172.33124728873372
1029,37.490167168593345,-122.29950035230844,166.77464026771486
1030,37.48985511348326,-122.29936863983406,175.8736273497343
1031,37.48957429779119,-122.29924604816476,171.3204962639138
1032,37.489264589756104,-122.29910227897837,176.5714438194409
1033,37.489050060792884,-122.29900880670463,174.6638456294313
1034,37.48871572452405,-122.29886956870305,173.7448745900765
1035,37.488433898861494,-122.2987850336088,168.95339062344283
1036,37.48810560819889,-122.29871582985955,179.032519265078
1037,37.48783948343839,-122.29867832761916,175.94942517019808
1038,37.48750400059959,-122.29859733524202,176.33748174179345
1039,37.48721754657245,-122.2985796362218,171.80591163691133
1040,37.486934651067045,-122.29858673372873,172.3791377628222
1041,37.486610006001,-122.29857535133989,175.7549259904772
1042,37.486381571689606,-122.29857047234213,166.3865659562871
1043,37.48600959086464,-122.29859344584578,167.75698652956635
1044,37.485710424738976,-122.29867228385872,165.79733095131814
1045,37.48541950373861,-122.29873610337854,170.09933734405786
1046,37.48509828915079,-122.29876697069157,174.81767637934536
1047,37.48479617779388,-122.29881098979511,170.24134451057762
1048,37.48449587935354,-122.29883383353798,169.24485318083316
1049,37.48420314915318,-122.2989187383315,168.19156985450536
1050,37.483909989185705,-122.29894195954924,166.703533613123
1051,37.48359436008351,-122.2990000324189,177.56685161497444
1052,37.48332961257757,-122.29908799390591,172.0395719408989
1053,37.48302593331688,-122.29910011138952,168.2840685332194
1054,37.48272042126834,-122.29916223441857,166.34831206966192
1055,37.48240870021073,-122.29919298265426,163.51289383042604
1056,37.48207018120001,-122.2992203639612,175.29832981619984
1057,37.48177957083904,-122.29930795695948,174.0793522419408
1058,37.481496444294244,-122.29930517210028,168.07449569460005
1059,37.4811839376423,-122.29938875328817,163.48113997653127
1060,37.480899089320886,-122.29946056784746,170.80842335149646
1061,37.48055107046532,-122.29947586576657,169.90461493749171
1062,37.48029818635677,-122.29956736071402,171.67418099194765
1063,37.47998438920135,-122.29962174787573,167.7242495417595
1064,37.47967806200441,-122.29961230480194,162.8613665960729
1065,37.47939100374727,-122.29970765210349,167.4418234480545
1066,37.47907071177393,-122.29971768779038,167.36777299456298
1067,37.47878008357134,-122.29972666951942,163.83066092431545
1068,37.478470806374204,-122.29969247692752,167.10325386282057
1069,37.47817716840082,-122.29970980174885,170.09839371033013
1070,37.477902801768764,-122.29965360797651,168.14960956387222
1071,37.47762540451095,-122.29964072285681,168.02519601862878
1072,37.4773387115083,-122.2995975637793,171.93282350618392
1073,37.47704731553715,-122.29950865120475,158.69930695276707
1074,37.47676012610925,-122.29941290273983,165.35343863721937
1075,37.476476275820396,-122.29933941007874,165.67011768743396
1076,37.47615168178625,-122.29923152402897,160.89604265987873
1077,37.47589222873982,-122.29914807201938,163.7639658562839
1078,37.47564372128681,-122.2989941937418,157.60739907901734
1079,37.47530457600545,-122.29883860885444,169.86945603322238
1080,37.475058358690184,-122.29868163893303,155.88062514457852
1081,37.47478620708759,-122.29853176561966,162.26589940302074
1082,37.47452906182946,-122.29836062133624,156.61189044453204
1083,37.4742428001308,-122.29812766098074,153.11151522118598
1084,37.47397425018129,-122.29790668721326,154.74125054571778
1085,37.47371525348861,-122.29768368810558,150.60194136295468
1086,37.473484845452155,-122.29746322869373,159.6969690863043
1087,37.473196983548796,-122.29718514438675,156.2946525234729
1088,37.473012263147986,-122.2969583609353,155.7255094461143
1089,37.47277506152633,-122.29667360718959,155.39527962449938
1090,37.47245204302777,-122.29635230128372,151.30963339377195
1091,37.472241755582004,-122.29613761771493,156.63652078807354
1092,37.471986575278,-122.29583932746928,148.535116805695
1093,37.47172212349879,-122.29557706912308,154.72878294810653
1094,37.47143274863839,-122.29525881272734,149.13168783206493
1095,37.47114079038799,-122.2949558743826,153.22690649330616
1096,37.47091465005311,-122.29472950958537,149.93951806798577
1097,37.47058974718848,-122.29436300201665,143.3479085471481
1098,37.470339951114305,-122.2940983373239,148.46756585873663
1099,37.47002626064206,-122.29378632079955,143.285122490488
1100,37.46970545816039,-122.2935004751533,139.97972729895264
1101,37.46943223222542,-122.29321660635927,140.06602391414344
1102,37.469109716915,-122.29300776076528,152.0733661968261
1103,37.468764424912194,-122.29276893473813,144.40188063308597
1104,37.468437095303784,-122.29250827711294,137.2726480588317
1105,37.468152427249606,-122.29234699525595,147.60326577257365
1106,37.46780406960768,-122.2921236843652,142.82967719249427
1107,37.46749948771168,-122.29198461088306,142.39204491488636
1108,37.46723767371205,-122.29184990454755,138.73580498807132
1109,37.46689901314966,-122.29169328556898,135.06718254834414
1110,37.466611210619305,-122.29159696694971,139.6058453777805
1111,37.466357143783995,-122.29151532239796,138.57884031068534
1112,37.46611742060365,-122.29139061321003,139.70425522327423
1113,37.465849720417296,-122.29127507305434,138.57233803905547
1114,37.46553912670514,-122.29121074354916,140.16545629315078
1115,37.46528160912704,-122.2911373708744,132.7304549133405
1116,37.46492318740682,-122.2910970477935,145.25093952286988
1117,37.464667025763276,-122.29105248707431,145.9172310680151
1118,37.464317542123254,-122.29098724358414,141.39754274766892
1119,37.46398968443233,-122.29099119677555,138.38109975028783
1120,37.46363606930862,-122.29101396738622,140.73529978003353
1121,37.463311370965855,-122.2909943028998,138.2657322138548
1122,37.46296454780628,-122.29098610111139,134.10829087533057
1123,37.46266085388838,-122.2909230070029,131.92504460085183
1124,37.46227745997849,-122.2909519539017,135.16822139825672
1125,37.46197457213725,-122.29094401789852,131.3195600574836
1126,37.46163377335231,-122.29090107281873,132.64816056285053
1127,37.461428135739126,-122.29088005547004,133.6885136803612
1128,37.46116428238458,-122.29088318357857,140.43072044290602
1129,37.460874274223364,-122.29077252572964,137.45230124797672
1130,37.46061433160624,-122.2907731601708,129.8210623189807
1131,37.46040998341345,-122.29070103858044,129.77940122783184
1132,37.460115669292804,-122.29060714005708,134.09043663647026
1133,37.45986458371552,-122.29051425318495,131.84562729950994
1134,37.45961663255152,-122.29042831722624,127.44073767028749
1135,37.459353212985114,-122.29031807871633,132.39359616488218
1136,37.459045252911594,-122.29018682397498,128.98691599350423
1137,37.4588038864879,-122.29003986479796,126.97624242398888
1138,37.45855744993248,-122.28991101649409,126.60054265800864
1139,37.45829823073002,-122.28976348153448,128.3458602661267
1140,37.458042388281385,-122.2896047169761,126.9888577144593
1141,37.45781996744744,-122.28941270783213,129.87516491115093
1142,37.45757644056602,-122.28924913334326,128.2341846646741
1143,37.457306896330294,-122.28901182755672,124.22976067010313
1144,37.457084191992216,-122.28877051112127,121.41153776086867
1145,37.45690289869591,-122.28858719959837,115.1288673589006
1146,37.45668564319574,-122.28837831353513,121.11999681778252
1147,37.45651356922123,-122.28812837906968,118.59365460835397
1148,37.456268156582816,-122.28790606417198,133.78928649798036
1149,37.456041130081935,-122.28762321383589,126.25404451601207
1150,37.4558960463538,-122.28738355569784,121.99599018413574
1151,37.45568956393819,-122.28713348507925,120.88271724898368
1152,37.45551903888948,-122.28686661690247,125.16214508190751
1153,37.455325954401886,-122.28658148129435,121.77335942164063
1154,37.45514453288626,-122.28633008358581,126.40483031142503
1155,37.454945144035456,-122.28604586979668,129.14964800234884
1156,37.45479940390673,-122.28576362255171,131.30413821712136
1157,37.45460257846652,-122.28550566784973,124.08165373001248
1158,37.454451772202894,-122.28524692080343,125.60146182216704
1159,37.45432240827261,-122.28498236430426,136.9146220954135
1160,37.45415415090882,-122.28476926291303,132.80462434515357
1161,37.45395753156198,-122.2844655876607,131.05495059955865
1162,37.45379665804847,-122.28421439314587,129.248472311534
1163,37.4535610285814,-122.28397827040337,137.56812892388552
1164,37.45343567466482,-122.28370610545328,133.69490070454776
1165,37.45324723344856,-122.28345926204899,127.62462843675166
1166,37.453064252747694,-122.28317865757647,128.59375017229468
1167,37.45288875092337,-122.2828865538465,133.82867343910038
1168,37.45270570054371,-122.28264665878099,138.8309320276603
1169,37.45249136428329,-122.28232435250506,133.76593713276088
1170,37.45229422672921,-122.28203869655079,136.36482048407197
1171,37.45210781167211,-122.28174051508647,133.49777218792588
1172,37.451934116530225,-122.2814156978832,124.53072296828032
1173,37.45170088918017,-122.28115391596054,135.5638638138771
1174,37.45152096590605,-122.28080431601978,135.19206443894655
1175,37.451298611087,-122.28047628094954,138.02827765326947
1176,37.45106742611919,-122.28016201126644,136.2365168510005
1177,37.45086751119656,-122.27985606711174,140.70775685925037
1178,37.45063829717187,-122.27953704778427,139.0043078372255
1179,37.450412166265984,-122.27918070356102,139.10946745518595
1180,37.45021540567645,-122.2788668011774,133.356166979298
1181,37.4499953645467,-122.2785366431558,142.70002280548215
1182,37.449786197422355,-122.27820081968541,132.61136610526592
1183,37.449571531820915,-122.27789523087178,139.83185196109116
1184,37.4494036421622,-122.27754298267746,141.0801201974973
1185,37.44911860880796,-122.27722046025185,133.13610576838255
1186,37.44892984739047,-122.27687746275879,127.97755259182304
1187,37.448689330998775,-122.27654019021227,134.65632910933346
1188,37.448400340342836,-122.27619673869611,136.42189189605415
1189,37.44829564699595,-122.27591099185213,131.02125441096723
1190,37.44797872724188,-122.2755034701812,128.78292517270893
1191,37.44771262484894,-122.27518116209082,134.37752946279943
1192,37.44743361465331,-122.27479711394763,123.52156788948923
1193,37.44723604318729,-122.27445224517967,132.40321411378682
1194,37.447007046338385,-122.27412698099322,129.84760180395097
1195,37.446726169775495,-122.27379915285671,123.99511177930981
1196,37.44653942618256,-122.27347499614794,120.50541573949158
1197,37.446299309073275,-122.27316311826205,122.1780453948304
1198,37.44600026435116,-122.27274807633894,121.36234060581774
1199,37.445835592877614,-122.27246180189785,125.64759144000709
1200,37.445566296850366,-122.2720558750953,121.08295231405646
1201,37.445366721761836,-122.27173446070412,125.665596912615
1202,37.445135911281696,-122.2713673096251,118.76640596333891
1203,37.44495239061728,-122.27101507898851,119.5194727294147
1204,37.444812659529624,-122.2706076571607,125.25646063871682
1205,37.44462562440156,-122.27023333598899,125.16631692741066
1206,37.444458710285986,-122.26987943519052,122.93425008095801
1207,37.44434662865584,-122.2695810014726,126.83445384353399
1208,37.44426865609866,-122.26925805436494,123.7203459776938
1209,37.44416247570676,-122.2690087032025,123.55816836003214
1210,37.444024734942666,-122.26873789155947,115.17677509505302
1211,37.443997422671586,-122.26839298718647,125.08732936531305
1212,37.44395172166224,-122.26810710538246,123.86718044616282
1213,37.443859645913925,-122.26781945079996,119.94813261274248
1214,37.443782687390815,-122.26755626544752,126.39017151668668
1215,37.443781397600475,-122.26726918280043,125.08585012611002
1216,37.443679792234484,-122.26698569867384,119.84275373630226
1217,37.44364243261737,-122.26674182215638,117.51277650520205
1218,37.443634122258004,-122.26644922734442,127.1541749201715
1219,37.443605848269534,-122.2661693962305,128.23851768579334
1220,37.443584218839334,-122.26592633237226,125.60998887941241
1221,37.44353782845671,-122.26565762930748,120.98911645822227
1222,37.4435504063657,-122.26536512778091,126.30622086208314
1223,37.44346731738857,-122.26508802655083,128.13850003108382
1224,37.443510618612976,-122.26478728282518,132.79047911148518
1225,37.44352193722783,-122.26451545229833,128.66696790978312
1226,37.44354929960465,-122.26425421136639,131.80323381349444
1227,37.44352778891443,-122.26396675679196,124.70279553718865
1228,37.44355091895969,-122.26369551918032,127.40610587224364
1229,37.44358154745867,-122.26339993721017,135.36834597215056
1230,37.44359119375373,-122.26312290694601,128.86056476831436
1231,37.44361727222438,-122.26283665501781,130.81233384739608
1232,37.44366121246283,-122.26255514162743,123.5261424165219
1233,37.4437244736973,-122.26216306369761,134.42400286346674
1234,37.4437280338972,-122.26185815416298,128.33903244137764
1235,37.4437924654989,-122.26160528154531,127.10513081587851
1236,37.44380841044553,-122.26123317565816,121.15875121299177
1237,37.443870476901346,-122.26092181538026,128.55367938615382
1238,37.443912045815544,-122.26056429901142,131.34508240036666
1239,37.44397806390416,-122.26022146726584,128.39446811936796
1240,37.44396126776931,-122.25991659528182,129.65521603822708
1241,37.4439726720356,-122.25957810761963,121.28498846013099
1242,37.44403275898223,-122.25926235085267,126.83207029663026
1243,37.44402097584017,-122.25887775916097,122.38735389243811
1244,37.444068215847544,-122.25856203920333,129.98669511359185
1245,37.44405016976909,-122.25823135909526,128.02491815853864
1246,37.44404545932306,-122.25790553576246,120.5103727420792
1247,37.44398399096702,-122.25754829421935,130.31734088622034
1248,37.44396089062182,-122.25717440414168,128.8025930179283
1249,37.443907902978566,-122.2568818285541,121.40862223971635
1250,37.443899922017835,-122.25650212294445,120.0535550750792
1251,37.44376560399174,-122.25614947755213,120.05606773495674
1252,37.44373774953528,-122.2557681705713,121.15823363885283
1253,37.44370168288214,-122.25540347942413,126.6723067574203
1254,37.44346846602781,-122.25502539941607,109.7604503640905
1255,37.44343787322118,-122.25464881647244,109.79719050042331
1256,37.443314925486376,-122.25426905451395,118.21701845806092
1257,37.44312356441399,-122.25394618465991,99.13780285604298
1258,37.4430557192806,-122.25348761835187,113.42146495729685
1259,37.44286965044496,-122.25318674849383,105.86252959165722
1260,37.44265548601624,-122.2528513051452,105.50821981579065
1261,37.44252574549569,-122.2524839241583,108.16524333599955
1262,37.44228674059357,-122.2521284444939,102.84001253172755
1263,37.44210642025876,-122.25181227738864,114.98443761002272
1264,37.44186885181547,-122.2515021778459,114.14907508902252
1265,37.44156833957224,-122.25117897988804,99.11774476524442
1266,37.44134494515584,-122.25094080595696,93.65933366585523
1267,37.441148323680146,-122.25061352257596,88.37259006965905
1268,37.440869398821846,-122.25033617895427,92.4191247811541
1269,37.44061360175804,-122.24998015548285,89.61317354720086
1270,37.44036614744524,-122.24968613166192,83.58965932950377
1271,37.44014511284441,-122.24933807283588,86.02799024619162
1272,37.43991383605717,-122.24908375480899,89.65309060644358
1273,37.43967218196095,-122.24870945022545,89.72766536474228
1274,37.439443624076326,-122.24845236808493,85.39720589667559
1275,37.43923394935905,-122.24816765332307,76.64892942365259
1276,37.438956510366644,-122.24779871367728,79.04005765356123
1277,37.43867334933483,-122.2474780517937,76.61750144604594
1278,37.43843850059046,-122.24715614735754,78.20435631461442
1279,37.43817775037705,-122.2468294682642,77.6260474761948
1280,37.43789883550822,-122.24651223222381,70.84358406439424
1281,37.437604160745614,-122.24621294592207,68.31262048240751
1282,37.43733754054989,-122.24589948878871,68.15167967695743
1283,37.437075779741185,-122.2455432193284,69.72973309736699
1284,37.43675285416683,-122.24522023062966,67.37496702559292
1285,37.43648960198006,-122.2448957604604,64.86071884818375
1286,37.43619830539185,-122.24453003468332,61.94797186460346
1287,37.43594207247615,-122.24420624167446,66.35917918011546
1288,37.43564963644449,-122.24387958487449,70.42628038767725
1289,37.43541006903902,-122.24355680105539,59.341726190410554
1290,37.435171821578244,-122.24321786148126,61.29220767039806
1291,37.43480604875755,-122.24291076866848,59.7764853220433
1292,37.43460327822915,-122.24259496606395,70.22847377043217
1293,37.43434968472468,-122.24223695567741,73.46470322087407
1294,37.43398395260853,-122.24196298058892,65.6593945370987
1295,37.43375355968699,-122.2416076195876,62.41091294866055
1296,37.43348580916019,-122.24128597699762,69.62469541002065
1297,37.43323396536221,-122.24098880672436,63.20186080317944
1298,37.43299460207526,-122.24066368741818,70.87808621302247
1299,37.432807489333925,-122.24032903905058,83.61824257671833
1300,37.432523433814865,-122.24003455380007,67.15486853942275
1301,37.432103461425925,-122.23971926951602,66.47264658752829
1302,37.43195245871667,-122.23940941042719,71.09829196985811
1303,37.43173828353839,-122.23909045209447,80.87608563806862
1304,37.43143892566768,-122.23880346189142,73.20922060962766
1305,37.4312173497774,-122.23851348646258,70.83577342052013
1306,37.43103585426788,-122.23822963341634,68.27777848672122
1307,37.43078519698012,-122.23791567567012,68.12362860981375
1308,37.43059244659144,-122.2376797757684,75.50728448107839
1309,37.43036295228603,-122.2374080491377,74.04445349425077
1310,37.43015085808952,-122.2370989224973,75.91484389454126
1311,37.42995829048112,-122.23679070964246,69.37697645556182
1312,37.429792383943585,-122.2365584254899,72.64331652130932
1313,37.42960393723843,-122.23629613334705,68.41597928851843
1314,37.42935395603975,-122.23596944482772,66.7822075849399
1315,37.42912679545058,-122.23563217669924,77.18333110678941
1316,37.428884620114125,-122.2353524043585,70.61122493259609
1317,37.428713886140436,-122.23506180748095,58.64447836577892
1318,37.42855441086265,-122.23482583398938,58.692931479774415
1319,37.42832392092294,-122.23447577209852,59.19459253363311
1320,37.42807342668335,-122.2341999611797,57.326616110280156
1321,37.42787982626336,-122.23387037827737,62.01776224374771
1322,37.42764106867857,-122.23359970601598,49.643868228420615
1323,37.42746073374706,-122.233313142977,58.25946694146842
1324,37.42721487291987,-122.23298770039975,46.71838515903801
1325,37.42708253467394,-122.23272657357354,47.89732785895467
1326,37.42678728104483,-122.23245245407297,58.32521481812
1327,37.426595119413754,-122.23216025080814,57.61529383715242
1328,37.42637250882383,-122.23192428611019,57.124810522422194
1329,37.42612081586855,-122.23161682376896,54.377933183684945
1330,37.42589763573283,-122.23131911427957,53.34522096905857
1331,37.425664906775054,-122.2309993550037,43.37600609008223
1332,37.425492899637604,-122.23070360379023,38.8625020775944
1333,37.42526402964327,-122.23046945076439,39.736148320138454
1334,37.42504391670073,-122.23019964176724,45.31404432002455
1335,37.424852792139426,-122.2299285581741,43.089387466199696
1336,37.42467332981725,-122.22964240132971,50.57438080012798
1337,37.424423957230054,-122.22933318800894,48.498267753981054
1338,37.4241847703581,-122.22905129198652,47.11729767732322
1339,37.42399055018851,-122.22874961112302,51.8103244304657
1340,37.42377722740413,-122.22840875399984,45.30086838733405
1341,37.423529298399146,-122.22808226595025,44.103438078425825
1342,37.4233604114088,-122.227805586715,39.03497105278075
1343,37.423181119238464,-122.22744115553873,59.63481413945556
1344,37.42294443608413,-122.22712947748474,60.722937683574855
1345,37.4227641646907,-122.22691366281117,56.84105802047998
1346,37.42257245161589,-122.22659747943344,62.878262754529715
1347,37.42233875788328,-122.22626283737955,62.45509976800531
1348,37.42213204028256,-122.22606015182932,52.07719868700951
1349,37.42198170930119,-122.22576790139814,67.83273687493056
1350,37.42180491621106,-122.22554019675216,52.59981345850974
1351,37.421585871817236,-122.22525359175268,60.43226896226406
1352,37.42141447367061,-122.22498874251231,59.19476065412164
1353,37.421256542666875,-122.22481655471078,55.49230246245861
1354,37.4210582779522,-122.22449026627818,53.92815574351698
1355,37.420967469546916,-122.22434489765935,59.45368081983179
1356,37.42074653093132,-122.22402614006462,58.15877407044172
1357,37.42065037925411,-122.22383246052289,58.967936515808105
1358,37.420420538750584,-122.22359340202848,60.68692607432604
1359,37.420313644227626,-122.22337799373449,59.423054669983685
1360,37.42018061035154,-122.22315173219386,60.41825558524579
1361,37.42002491830348,-122.22295580199547,59.80143874138594
1362,37.419878225079515,-122.22265656434472,58.326987862586975
1363,37.41980517304855,-122.22247315711951,59.24364201910794
1364,37.41968289890172,-122.22219101693385,62.066290504299104
1365,37.41952663334488,-122.22195036968104,55.73547040298581
1366,37.41943991340312,-122.22166144206851,66.09897520951927
1367,37.419316544817875,-122.22141655484022,62.31896009296179
1368,37.419260547977515,-122.22116735016249,62.19306166283786
1369,37.41919787400729,-122.22089253799861,69.54379518888891
1370,37.41911463722817,-122.22063388814864,65.54580483585596
1371,37.41904456352848,-122.22040075681116,58.22656776569784
1372,37.41897436597284,-122.22010763653326,63.382389574311674
1373,37.41894621247178,-122.21983816484138,64.90807301551104
1374,37.41893212967812,-122.21955656099601,72.27025752980262
1375,37.418788248853524,-122.21931027888971,57.524905644357204
1376,37.41876473949615,-122.21904576845425,62.290773244574666
1377,37.41874809782445,-122.21876593850145,72.21714631002396
1378,37.418679200173315,-122.21853791052072,56.213032776489854
1379,37.41867275753507,-122.2182383689954,60.995695028454065
1380,37.4186194932818,-122.21803496292806,67.55761175137013
1381,37.41858579898718,-122.2177780370433,62.20490362867713
1382,37.418561408864605,-122.2175079595489,63.94050302170217
1383,37.418556472337436,-122.21728963785124,59.37057165801525
1384,37.41850518670839,-122.2170081659272,59.0132324360311
1385,37.41846774161158,-122.21675141116675,59.29772916715592
1386,37.41838633675345,-122.2165171726192,58.74278729502112
1387,37.418377161890305,-122.21628789624064,60.953316361643374
1388,37.41835680933172,-122.2160114955058,63.535911492072046
1389,37.418281295344684,-122.2157595097988,60.08097194228321
1390,37.41820535592612,-122.21545105354488,68.98365638032556
1391,37.418182306739496,-122.21518464902746,60.596082772128284
1392,37.4181107881563,-122.21493328311448,59.36537196487188
1393,37.417992784802735,-122.2146215451614,63.811049837619066
1394,37.41797876307927,-122.2143523649853,74.15075240749866
1395,37.41776920179253,-122.21411991078543,64.1658559339121
1396,37.41775158094484,-122.21380687271404,63.2498783916235
1397,37.41759958871482,-122.21356497687407,71.63591534085572
1398,37.41748051393789,-122.21331786290527,64.57064520195127
1399,37.41735395826804,-122.2130708976437,67.48505598399788
1400,37.417212523548365,-122.21283067016877,66.54478710703552
1401,37.41707599009413,-122.21256671726601,64.43262731004506
1402,37.41694397225855,-122.21238426501465,70.34633964113891
1403,37.41679371758347,-122.21215170181237,65.25147486757487
1404,37.41660426226511,-122.21190218493052,63.74197466857731
1405,37.41646649840363,-122.21174055317702,72.73245763685554
1406,37.41626300050363,-122.21146628879926,70.18255602382123
1407,37.41608592430495,-122.21126138330901,71.30976142920554
1408,37.415908437526774,-122.21108302434253,71.97614583931863
1409,37.41568022667787,-122.21088773707103,63.616794750094414
1410,37.4155177751918,-122.21069750677759,73.92137640342116
1411,37.415304305941696,-122.21046627893486,61.64096396509558
1412,37.41510502397919,-122.21021488485108,68.33165350649506
1413,37.41490009373809,-122.21001231187387,64.81937515828758
1414,37.414668421609775,-122.20979322577776,63.89161989185959
1415,37.41450997215293,-122.20956699131494,73.67102139350027
1416,37.41428479970954,-122.2093540064477,56.78123179636896
1417,37.414174205838655,-122.2090828452618,72.77222401555628
1418,37.41397300779438,-122.20885595946875,71.3176802713424
1419,37.41380064674196,-122.20862020941824,67.51169311441481
1420,37.41369152415006,-122.20836358761119,62.578492623753846
1421,37.41345733110431,-122.20830417160755,50.619723059237
1422,37.413400940729254,-122.2079118319595,68.59013972152025
1423,37.41328342161257,-122.20768053705108,67.40890408307314
1424,37.413152732593566,-122.20742255347854,57.17203911859542
1425,37.41304453535315,-122.20713039252445,66.74687578622252
1426,37.41302333961617,-122.20687433686976,68.10840265732259
1427,37.41288488891786,-122.20660548665661,68.33006841130555
1428,37.41272327883249,-122.20629696505547,62.572365504689515
1429,37.41263485318863,-122.20599734433868,58.46836003102362
1430,37.41254278239327,-122.20572891020451,52.60846714768559
1431,37.4124157480043,-122.20541950542646,52.53078282251954
1432,37.41229343429161,-122.20505053954477,50.91753756068647
1433,37.41223503318631,-122.20478493617578,53.88506259676069
1434,37.41211743978491,-122.20444954855367,52.35570177342743
1435,37.41202899826755,-122.20416305766145,51.141536061652005
1436,37.4118927442372,-122.20379360048287,41.104488908313215
1437,37.4118214842594,-122.20348038606723,54.04006426874548
1438,37.411677479947954,-122.20310756828141,47.988716615363955
1439,37.411582562329144,-122.202770526706,49.000712162815034
1440,37.41146748157964,-122.20245423194802,44.20808633323759
1441,37.411328817357536,-122.2021214602956,35.096025278791785
1442,37.411229737442916,-122.2017058674478,41.98745860811323
1443,37.411040586492355,-122.20132961948222,28.942063961178064
1444,37.41090971748615,-122.20093587967763,30.584875567816198
1445,37.410837158859394,-122.20054079612393,35.26497941557318
1446,37.41068203730095,-122.20014645878871,33.22848653793335
1447,37.41053227445917,-122.19972566508415,28.132404419593513
1448,37.410478695534984,-122.19937540406843,31.240331093780696
1449,37.41031628136586,-122.19894474923541,41.77740137744695
1450,37.410207931734625,-122.19860239714036,30.190549548715353
1451,37.41007543711198,-122.1981600743066,33.73923571035266
1452,37.409954094946436,-122.19780075514855,37.511724477633834
1453,37.40983044700206,-122.19741114946909,34.993308026343584
1454,37.40974597698351,-122.19702724845601,42.2599883582443
1455,37.409559757057885,-122.19667209583444,21.258044937625527
1456,37.40949189695298,-122.19630258269875,42.62445804476738
1457,37.409348427206226,-122.19593121247031,37.28506534639746
1458,37.40922601006971,-122.19549772169395,39.166019656695426
1459,37.40911823632572,-122.19521037409393,34.274865749292076
1460,37.409004143408254,-122.19482072140363,34.92143254540861
1461,37.408891483702575,-122.19443575537872,41.07019982673228
1462,37.4087647017973,-122.19407990317136,32.7717940621078
1463,37.40862641620612,-122.19370609067978,31.863221887499094
1464,37.40852418908639,-122.19336931000834,31.245715986005962
1465,37.40838144744972,-122.19295855400965,40.75712483283132
1466,37.40830651847929,-122.19260597238437,46.02029916271567
1467,37.408169034332126,-122.19224099168103,51.90523480810225
1468,37.40808462359901,-122.19197422482148,42.46923990081996
1469,37.40791981574861,-122.19164483892789,44.29920482914895
1470,37.40776121966579,-122.19131307387447,47.3055564975366
1471,37.40762398373761,-122.19103438048617,41.19278958439827
1472,37.40745359385766,-122.19070942297554,51.816201973706484
1473,37.40729611909523,-122.19045779734962,47.55671497620642
1474,37.40712094815658,-122.19018327349322,54.436518338508904
1475,37.40695757741333,-122.18993670693996,54.85556545201689
1476,37.40679059447575,-122.18969788791703,52.27710272278637
1477,37.40656330049574,-122.18943510013523,54.26935075223446
1478,37.40639118222279,-122.18919951272495,54.33750411681831
1479,37.406207087509195,-122.1889711149206,53.10503237787634
1480,37.405966910222084,-122.18875009222799,49.441260441206396
1481,37.405854663519655,-122.1885574148785,51.80317962542176
1482,37.40562257288573,-122.1883412964121,58.816641790792346
1483,37.40541132910034,-122.18817379713373,56.17508941330016
1484,37.40523715732073,-122.18797934031022,64.647326676175
1485,37.404968704041124,-122.18775535671591,60.23436915874481
1486,37.40473904594111,-122.18752418288749,67.81068566069007
1487,37.404589857213914,-122.18734583264478,70.93333915248513
1488,37.40435110202213,-122.18719778289724,56.7562204208225
1489,37.40410476887679,-122.1869507733469,64.67572061531246
1490,37.40387639969845,-122.18676130389959,62.40894104447216
1491,37.40367902233293,-122.18658351837468,60.358241881243885
1492,37.40348777049438,-122.18635770246082,62.84754516556859
1493,37.40326744538818,-122.18616264273557,64.05110232532024
1494,37.403003761631275,-122.1859512066678,64.65226161014289
1495,37.4028147718719,-122.18572702599742,60.15510101709515
1496,37.40261428620514,-122.18555073965341,67.0123431198299
1497,37.40236375078974,-122.185339893693,58.80095101799816
1498,37.40219242479251,-122.1851264026956,67.24935734178871
1499,37.40194935376078,-122.18492172344311,63.905288653448224
1500,37.40177840848285,-122.18468193345765,62.34976583532989
1501,37.40154030201738,-122.18444204979826,64.08828622568399
1502,37.401378275608735,-122.18425654238266,64.05721062608063
1503,37.401138255127684,-122.18403570667886,73.42870441358536
1504,37.40093511062637,-122.1838126560857,58.548825352452695
1505,37.40075233832831,-122.18360114912237,73.04117325600237
1506,37.40050265238633,-122.1834226782114,60.32002176716924
1507,37.400292767044796,-122.18314602249959,69.15718793869019
1508,37.40008534726052,-122.18292838731256,69.2407297976315
1509,37.39986664713854,-122.18272972049587,64.63403628859669
1510,37.39962813367311,-122.18246916859688,73.5927107790485
1511,37.39942511479492,-122.18227500991436,72.99345897044986
1512,37.39920934326906,-122.18205971469975,72.90175268147141
1513,37.39898616108025,-122.18179953899568,75.86907317116857
1514,37.398763094915424,-122.18157502996137,79.97652781195939
1515,37.39854941299875,-122.18140956905096,74.14354458544403
1516,37.398310168166894,-122.18118439842667,77.96299716923386
1517,37.39810086476606,-122.18092798607995,79.78005446121097
1518,37.39784484730867,-122.18072377425936,75.63012079335749
1519,37.397672432903136,-122.18051836684883,73.27641397994012
1520,37.397486684284225,-122.18032704877972,78.38373120129108
1521,37.397258941766374,-122.18012005994467,75.11100365780294
1522,37.39707222400443,-122.17990157992598,74.8573341704905
1523,37.39682069234524,-122.17966223595892,77.7755487235263
1524,37.396641131874574,-122.17945805044617,77.97085494734347
1525,37.39641395372421,-122.17924349704677,80.86758746858686
1526,37.39617920999842,-122.1790416457124,78.32268311269581
1527,37.396036458238854,-122.17884117275527,83.71626451611519
1528,37.39578546327218,-122.17862065352641,81.49749558512121
1529,37.39557895877004,-122.17837036475454,83.1045432081446
1530,37.395372717119436,-122.17816464726187,82.18560560792685
1531,37.395184887702584,-122.17797950889371,82.04753274656832
1532,37.394929795329425,-122.17775312304887,83.3461650190875
1533,37.394725827781585,-122.17752846416441,73.96914916485548
1534,37.39454431095177,-122.17734240324411,82.0485575972125
1535,37.39434183623175,-122.17713734276437,85.47268060781062
1536,37.39414884592771,-122.17687321906537,77.40259783435613
1537,37.39392881113176,-122.17667246903775,67.01348952762783
1538,37.393770639023366,-122.17641846395162,79.07122289761901
1539,37.393625332018495,-122.17612800843008,72.26805863436311
1540,37.39343953661304,-122.17583734465728,74.80363625474274
1541,37.393258547764866,-122.17559064680651,63.75253695063293
1542,37.39315028809142,-122.17530988212629,74.57265507243574
1543,37.3929451794386,-122.17507567637384,61.19645059294999
1544,37.39285765398649,-122.17470902807628,71.7841936731711
1545,37.39270265419074,-122.17440110381267,67.83469619136304
1546,37.39262083557544,-122.17410172159042,69.76934480387717
1547,37.39251199193513,-122.1737919734488,69.78801364358515
1548,37.3924015277782,-122.17345173802157,64.60879996232688
1549,37.392309664442,-122.17307229508916,63.696366960182786
1550,37.39226376077366,-122.17276132640153,66.81686792429537
1551,37.39217052639239,-122.17237670776406,61.448339029215276
1552,37.392144603366965,-122.1720442233772,59.57697629649192
1553,37.392067079069044,-122.1716842817905,64.67884942144156
1554,37.39201597232551,-122.17132122611798,53.78961486555636
1555,37.39205971583268,-122.17094445101054,62.24712622445077
1556,37.39202598283191,-122.1705869023148,62.099640109576285
1557,37.39199108144649,-122.17024162873848,50.61028222274035
1558,37.39194639326303,-122.1698989878208,58.65513328835368
1559,37.39198046964379,-122.16960134874272,56.533170303329825
1560,37.391896070789564,-122.16932076194354,42.24188404344022
1561,37.391909666673996,-122.16904938453142,57.087366820313036
1562,37.3919244591926,-122.16872418203307,64.22291368618608
1563,37.391878010405435,-122.16852510196368,50.844981173984706
1564,37.39185199724692,-122.16824566237013,50.28367927670479
1565,37.391788240046424,-122.167952040521,45.860323656350374
1566,37.39168952254478,-122.1676474461111,42.01016116607934
1567,37.39160307869646,-122.1673183322048,41.582640524953604
1568,37.39153546083371,-122.16701131261267,40.19627898838371
1569,37.39147764916519,-122.16668068976787,58.04803255293518
1570,37.39127349160942,-122.16645434426549,47.51949188299477
1571,37.391134771085795,-122.1661831957603,42.97347854822874
1572,37.390980819307025,-122.16587526452845,40.33633279055357
1573,37.39081606396015,-122.16562323621716,38.76408160850406
1574,37.390658244340365,-122.16535021031021,47.51313726976514
1575,37.39049903967391,-122.16508043530155,42.3607728369534
1576,37.39031586215219,-122.16482543697356,43.561746642924845
1577,37.3901789790393,-122.16458523525331,45.72574723139405
1578,37.39003028044812,-122.16433403314748,46.67917268257588
1579,37.38990010112489,-122.16411306496823,40.93487272132188
1580,37.38978139511053,-122.16384133526205,48.19038305338472
1581,37.38966363439986,-122.16365194460258,43.76702201273292
1582,37.38951333169158,-122.163399832788,43.29940102249384
1583,37.38943403356238,-122.16315511288646,40.874962016008794
1584,37.38936219996552,-122.16289291480716,44.70784068852663
1585,37.389295423850506,-122.16254508403013,62.18020268063992
1586,37.3892043331436,-122.16228412676806,62.988292439840734
1587,37.389025200631394,-122.16209098362107,39.523027300834656
1588,37.38902655192111,-122.16179984518375,55.576934138312936
1589,37.38894367270192,-122.16153866917638,54.880319798365235
1590,37.38884212241327,-122.16129632292301,49.3018544241786
1591,37.388821119590055,-122.16100779647,51.289257693104446
1592,37.3888157741424,-122.16070459220047,61.84273362439126
1593,37.38871300583675,-122.16040532072842,51.996261841617525
1594,37.38864090491748,-122.16014869363104,55.252358824014664
1595,37.388650712796945,-122.15986076413826,55.795082475058734
1596,37.38865719185465,-122.15954264646706,60.883497341535985
1597,37.38855052333851,-122.15917215460433,70.09708820749074
1598,37.38854318570183,-122.15894776527934,58.95797994732857
1599,37.38852689051222,-122.1586253136255,61.93830703664571
1600,37.38846674698349,-122.15837256516829,68.55709940660745
1601,37.38838643289222,-122.1580361347568,63.55132179521024
1602,37.388398633441255,-122.15775619226528,65.00212277192622
1603,37.388306473774094,-122.1574630591088,55.51101390365511
1604,37.38821120953219,-122.15716250929536,59.90869967639446
1605,37.388179815499726,-122.15692010831954,56.18540243059397
1606,37.38811966636301,-122.15661125902592,55.08218229748309
1607,37.38798828216629,-122.15628694945649,62.67416888382286
1608,37.38792829379916,-122.1560261990919,70.22613846510649
1609,37.38786745172787,-122.15580151178705,59.618384858593345
1610,37.38764150530063,-122.15552130565396,56.3341507203877
1611,37.38761615978421,-122.1552826627922,52.50947144627571
1612,37.38746429539987,-122.15506398015108,57.33131210692227
1613,37.38727475083801,-122.1548097786753,62.75651173107326
1614,37.387114315686915,-122.15456085139012,54.08633646182716
1615,37.38694318814721,-122.15431132421733,52.48639413807541
1616,37.386786190725964,-122.15412596056892,53.365472653880715
1617,37.38660032719259,-122.1539007537275,49.51531766355038
1618,37.3864268416042,-122.15369981350912,52.20428010262549
1619,37.38625574920301,-122.15349157328025,50.03675345424563
1620,37.38605424302488,-122.15335553395866,55.64186793193221
1621,37.38583218424719,-122.1531590141385,47.65194103587419
1622,37.38561520021083,-122.15304777187535,51.42794029228389
1623,37.38534550342528,-122.15290909212796,39.27471840754151
1624,37.385107450709285,-122.15276933232238,37.50665205158293
1625,37.38487372793167,-122.15258204123,58.52007298916578
1626,37.384595338065,-122.15247937310643,54.88764961156994
1627,37.384354636017115,-122.1523727412028,41.728908707387745
1628,37.38407756043912,-122.15229787164346,49.52548384387046
1629,37.383787576203865,-122.15221844797355,47.731555609963834
1630,37.38356701570408,-122.15222043904448,51.354889762587845
1631,37.38327486668395,-122.15209265040264,51.09347042720765
1632,37.383049034653716,-122.1520718456675,57.4844341930002
1633,37.382791801820545,-122.15204215134975,50.13711187709123
1634,37.382522787234706,-122.15198513065158,51.40271317586303
1635,37.382284291246364,-122.15192717658182,56.66256222035736
1636,37.382043688250036,-122.15190372293618,57.59721200633794
1637,37.38175592223617,-122.15180349738887,56.14492193330079
1638,37.381528943462264,-122.15173794957963,57.44524432905018
1639,37.381238521185466,-122.1516650663378,59.50935695320368
1640,37.38099809301263,-122.1516639358161,64.5765625257045
1641,37.38080411301164,-122.15162901098442,61.970142332836986
1642,37.380543970954264,-122.15155690439138,60.20910311117768
1643,37.3802753498955,-122.15141083687084,71.62557644024491
1644,37.38000700570741,-122.15139099173336,66.12676715757698
1645,37.379784117450136,-122.15127492844303,69.81347118876874
1646,37.37953756531573,-122.15115112343301,66.10753922536969
1647,37.37932694641664,-122.15106257632868,62.975119455717504
1648,37.37905799796807,-122.15091490272258,68.39398357924074
1649,37.378804161145176,-122.15077228741559,65.79060407355428
1650,37.37860613179606,-122.15061970588268,64.0758997593075
1651,37.37836291250579,-122.15041992310749,68.13893855176866
1652,37.37816633485478,-122.15023513938219,77.6260561896488
1653,37.377956172952615,-122.15003972972707,77.19177729822695
1654,37.37767250063135,-122.14983508155726,68.4873260492459
1655,37.37750084911072,-122.14963073280715,68.74828606657684
1656,37.377302352019306,-122.14944797962026,67.23114434164017
1657,37.377110527579205,-122.14916328676416,77.39337255805731
1658,37.376943135484616,-122.14896853822741,81.43542429804802
1659,37.376742243213144,-122.14874397836758,79.8366601485759
1660,37.37653647820043,-122.14852143381103,74.82944246567786
1661,37.37634700871191,-122.14832127710365,76.1827004775405
1662,37.376118752311896,-122.14811497770694,76.41772197559476
1663,37.375970089220765,-122.14788577183548,74.48549264110625
1664,37.37578774917658,-122.14764889438811,86.31563979573548
1665,37.375541084649015,-122.14742696277699,76.41387002635747
1666,37.375395489279846,-122.14721413026629,77.87283435557038
1667,37.3751820087975,-122.14701518581757,82.87045488599688
1668,37.37499022006439,-122.14678922382402,89.49511266034096
1669,37.37484117021779,-122.146581673276,79.0070592071861
1670,37.3745912833726,-122.14637731088669,90.61544540897012
1671,37.37445282298954,-122.14618390724152,89.4820921914652
1672,37.374238110029154,-122.14594854432468,85.14960061945021
1673,37.37406240206462,-122.14576641272905,83.12380231544375
1674,37.37388887824709,-122.14554236730253,88.41820640210062
1675,37.37363809654247,-122.14533239014776,90.93008469510823
1676,37.37349670210703,-122.14511093797198,87.50847746431828
1677,37.37325734485604,-122.14497814406063,93.04687611199915
1678,37.37304006291067,-122.14472594071232,95.08746874891222
1679,37.37282040516102,-122.14451351074644,96.07915452029556
1680,37.372576075176426,-122.14431753039185,99.1731375027448
1681,37.37240235992882,-122.14416732051332,105.17628057301044
1682,37.37221810808529,-122.14393487445524,100.92211320716888
1683,37.37195282898337,-122.14375535016141,98.16344172786921
1684,37.371703407371605,-122.14352172808445,97.6620057746768
1685,37.37148248358487,-122.14336077948333,95.61692237854004
1686,37.37124408956091,-122.14314833380381,88.61153532378376
1687,37.37100671174435,-122.1429274239114,98.53967472072691
1688,37.37081765293816,-122.14269731120686,93.60283847246319
1689,37.3705790210142,-122.14249037684434,98.750403909944
1690,37.370346757158714,-122.14230391826108,100.36191991902888
1691,37.37015048175198,-122.14211310610152,96.12806852068752
1692,37.36985289610292,-122.1418896177869,103.06997132487595
1693,37.369638900404496,-122.14171451757453,102.53225141018629
1694,37.36944698020258,-122.14144517342346,105.47951818909496
1695,37.36919551550898,-122.14135601767202,118.3083496261388
1696,37.36902450743585,-122.14106701386858,98.02022837847471
1697,37.36884184751206,-122.14090970777247,100.11764626950026
1698,37.36864453559763,-122.14069137496436,100.12975500803441
1699,37.368525211740284,-122.140519458694,100.12502070236951
1700,37.36832339074439,-122.14029792859405,99.518704617396
1701,37.368196905271134,-122.14005433813585,98.06112338416278
1702,37.36801042410235,-122.13980619877081,99.17821468319744
1703,37.36792660784873,-122.13965190345162,93.27449771016836
1704,37.367845975396854,-122.13936793536686,113.70096573326737
1705,37.36760949016762,-122.13915718365821,106.00977801065892
1706,37.36743125195991,-122.13895192144474,97.24313673190773
1707,37.36733060082757,-122.1386624983687,94.56392408628017
1708,37.36726075680121,-122.13830053963171,100.51134496647865
1709,37.36710766696346,-122.1380998607594,91.66445921733975
1710,37.36701344200542,-122.13782368451518,93.92005160450935
1711,37.36681160710649,-122.13757826384531,88.26658386550844
1712,37.36677376749746,-122.13734046612808,90.69635856617242
1713,37.36669493331898,-122.13703145905357,92.50856804754585
1714,37.366631019034195,-122.13677333744603,104.76843290869147
1715,37.36658008896488,-122.13649495053598,96.95645871758461
1716,37.36643371646308,-122.13624169240579,90.84743278753012
1717,37.366366778047556,-122.13594666074954,89.92361010797322
1718,37.36630285426032,-122.13570375314926,89.13502425141633
1719,37.36622046461509,-122.13540120664982,82.84597737714648
1720,37.36610651661258,-122.13508102045013,95.60798809956759
1721,37.36599182129518,-122.134870786331,78.82780326716602
1722,37.365952071299034,-122.13452723836075,83.87715191300958
1723,37.36589193271424,-122.13426069248284,89.2903587250039
1724,37.36576989724797,-122.13396342746167,83.6266245059669
1725,37.36569547641727,-122.13370108164902,92.46885397005826
1726,37.36562108390956,-122.13348013406667,83.94564721547067
1727,37.36551405164976,-122.13322093948662,75.033891255036
1728,37.36547375019073,-122.13298204759741,82.09817118663341
1729,37.36540406355599,-122.13274124352452,81.35579519253224
1730,37.365327398568766,-122.13247697582304,88.22626910731196
1731,37.36528624483393,-122.13227655260191,76.73427545279264
1732,37.365197537082075,-122.13201469408017,80.76957227755338
1733,37.36511310120995,-122.13180083755506,67.62863661814481
1734,37.36503955843826,-122.13158058125957,67.36576908826828
1735,37.364963107539914,-122.13127869137257,77.25253746472299
1736,37.36491700896694,-122.13108453834165,80.57415111735463
1737,37.36490138221854,-122.13079296104311,81.481331653893
1738,37.364816749008085,-122.13053377300356,74.69775050878525
1739,37.3647927247237,-122.13029515117447,72.7921868795529
1740,37.36477421830841,-122.13000261171457,82.65531114302576
1741,37.3647692411918,-122.12974067311703,72.76847313903272
1742,37.36472769570445,-122.12944684536455,62.32273321226239
1743,37.36475284666203,-122.12919157636199,66.10705945268273
1744,37.36464589616051,-122.12895517243044,66.83421315997839
1745,37.3646705840131,-122.12867376518078,63.19993437733501
1746,37.36465151982316,-122.12838343556109,64.66151116788387
1747,37.36452755597145,-122.12809486392074,52.698253048583865
1748,37.36457526541487,-122.1277906009557,66.7644033189863
1749,37.364566502628,-122.12749861897896,69.82844996452332
1750,37.36461108716078,-122.12718556432213,74.95117750111967
1751,37.36454889963985,-122.12691203094516,66.58674992155284
1752,37.36451833981343,-122.12662711523961,66.2357904985547
1753,37.36449321656115,-122.12633561055523,66.51412261649966
1754,37.36448496747407,-122.1260555072655,68.61850954405963
1755,37.36434469704935,-122.12576030188737,51.95300314202905
1756,37.36438198903695,-122.12548907849491,62.59364943113178
1757,37.36427228336299,-122.1252507818175,51.803884061053395
1758,37.36423710032637,-122.12495397586842,60.21395573858172
1759,37.36415018961418,-122.1246826409695,60.55587656609714
1760,37.3640931517659,-122.1243989745928,58.01194605138153
1761,37.36402802816227,-122.12412072841978,65.28183852601796
1762,37.36392431022179,-122.12389883667839,65.70020812842995
1763,37.3638689748092,-122.1236249234359,71.90494935773313
1764,37.3637431413617,-122.12342305652476,65.89677699096501
1765,37.36357947875226,-122.12323268368922,49.47937999945134
1766,37.363466689171574,-122.12295847795531,69.41338367015123
1767,37.36336087507609,-122.1226940546518,59.39475617464632
1768,37.363288524579346,-122.12247184192296,58.59966989699751
1769,37.36307070297453,-122.12223524065399,66.25706980098039
1770,37.36298128370626,-122.1220567440854,68.67265447322279
1771,37.362818232231604,-122.12187001884267,63.12115214765072
1772,37.36267255873522,-122.1216568355955,61.11557762417942
1773,37.36246891275318,-122.12145625498951,63.46154271438718
1774,37.36229351407427,-122.12127473923297,65.36126252450049
1775,37.36210668383001,-122.12109729824203,59.61872011329979
1776,37.361896427386455,-122.12087650694656,63.85665321722627
1777,37.36169516216932,-122.12073417835046,67.93875415343791
1778,37.361461811032086,-122.1205517377453,69.38028279040009
1779,37.36130807370635,-122.12036456928756,64.18283866439015
1780,37.36106417712497,-122.12025887479494,67.10248681530356
1781,37.36083482222499,-122.1201227123208,68.50869945250452
1782,37.3605888107971,-122.1200043122289,71.40908830147237
1783,37.360341482208334,-122.11983472853296,71.03958423342556
1784,37.36012858662939,-122.11971983238347,70.222960408777
1785,37.35991490581093,-122.119546106561,70.91398713551462
1786,37.35968111331669,-122.1194061722086,72.80489720776677
1787,37.359434607460884,-122.11926654966955,71.86988989729434
1788,37.359173432060935,-122.11910381570821,72.12972618918866
1789,37.35890511024012,-122.11889787487037,74.52878458797932
1790,37.35871607043989,-122.1188065621269,74.382190159522
1791,37.358439736848,-122.1186389917402,69.83355800341815
1792,37.35829641656671,-122.11850129423865,69.0544159244746
1793,37.35803323796929,-122.11833947264213,75.88379073981196
1794,37.3577948971964,-122.11814959736529,68.97107540722936
1795,37.35758549268551,-122.11799609385807,76.16533769760281
1796,37.35743969083638,-122.11775956873376,85.2965331999585
1797,37.357136976248775,-122.1175154561729,70.47809241898358
1798,37.35691427394083,-122.1172844486611,68.23115624301136
1799,37.3567638048403,-122.11705673427613,73.42494251113385
1800,37.35657834325249,-122.1167527011824,59.685080429539084
1801,37.3563706009802,-122.11651030720418,60.517630541697145
1802,37.3562544105728,-122.11616968036105,65.05637592170388
1803,37.35603074990531,-122.11588762722369,62.968010667711496
1804,37.355809359677544,-122.11564645401918,57.81401460338384
1805,37.35567376551712,-122.11527848749503,62.676446427591145
1806,37.355507529005365,-122.11492437930856,56.32353898882866
1807,37.35543611358804,-122.11455663899032,65.04157351795584
1808,37.35522257093694,-122.11422036079607,54.16853047069162
1809,37.35516461824227,-122.11386218313396,55.57615651190281
1810,37.35508217742253,-122.1134515888423,57.57094062957913
1811,37.35505607031867,-122.1130842130234,61.93927058391273
1812,37.35492433296094,-122.1126952032585,60.916010996326804
1813,37.35478835686379,-122.11219332320363,59.65319844242185
1814,37.35470324021063,-122.11189530946172,62.965402944013476
1815,37.354594924018166,-122.11150488049677,52.78781409282237
1816,37.3545054702506,-122.1110728056955,66.33079957216978
1817,37.35443117231553,-122.11070515205193,59.358180868439376
1818,37.354324028126136,-122.11034047145735,67.17399799171835
1819,37.35418643406394,-122.10994445643371,65.58739397395402
1820,37.354034909912976,-122.10963236521191,63.32764924317598
1821,37.353899951798816,-122.10932648391812,59.723737901076674
1822,37.35375871128233,-122.10897502896873,60.00450814887881
1823,37.353637762848834,-122.10869404389335,55.628954513929784
1824,37.35340128775368,-122.10836748036202,56.96186215709895
1825,37.35328079910335,-122.10806066843682,56.15459043160081
1826,37.35309499852425,-122.10777913739209,58.17188796401024
1827,37.35286746726484,-122.10749687822248,59.27615274209529
1828,37.35268111994244,-122.1072110865806,71.37276345677674
1829,37.352483585877636,-122.10691087882292,67.34505891241133
1830,37.35224046403469,-122.10665741813474,53.860706431791186
1831,37.35201136385758,-122.10645140730618,56.01362079009414
1832,37.35168499028277,-122.1061800080497,57.74932599812746
1833,37.351502072735144,-122.10598532774335,54.15361019782722
1834,37.35126499838938,-122.10571132232673,54.84717016387731
1835,37.35093303129932,-122.10553761080789,52.05875148996711
1836,37.350639748334935,-122.1053078544832,49.90555109921843
1837,37.35038194510487,-122.10513334289024,55.97544640675187
1838,37.350056608361385,-122.10491271911339,58.255029601976275
1839,37.34980298691623,-122.10467941975436,55.92921642027795
1840,37.349538656061135,-122.10450721266537,46.87427005637437
1841,37.349233787953835,-122.10432449589723,60.35739479586482
1842,37.34908822870325,-122.10408137726797,62.00418217480183
1843,37.34880714587286,-122.1038883663748,61.214191526174545
1844,37.34858221963133,-122.1035805315461,64.40058512613177
1845,37.34840175347392,-122.10334956338961,62.14322655554861
1846,37.34816412963709,-122.1030939784647,66.372937544249
1847,37.34799025913812,-122.10275616844095,74.91697234008461
1848,37.347816002351045,-122.1024523261606,69.76326798740774
1849,37.34764524451457,-122.10215934426705,73.76455882843584
1850,37.34752333669363,-122.101794792226,74.40719720255584
1851,37.34735232982101,-122.10142954745154,85.27493724040687
1852,37.34714918052133,-122.10116729991923,65.07108504138887
1853,37.34700755287081,-122.10083506404216,61.39814655575901
1854,37.34681785373038,-122.10052079391055,54.41067340411246
1855,37.34676308548196,-122.10014169867615,76.58468461316079
1856,37.346612283326564,-122.09979732956025,62.14081469550729
1857,37.34639568980561,-122.09948056481521,61.07542714942247
1858,37.346334428583404,-122.09901157632783,76.81950061582029
1859,37.346098066538666,-122.0987490336603,61.64104876294732
1860,37.34595021450766,-122.09849466742557,54.697257745079696
1861,37.34584416894677,-122.09806080313265,68.44206584617496
1862,37.34566089588424,-122.0977359165524,60.89523128326982
1863,37.34553526611969,-122.0972769304083,75.20624478254467
1864,37.34545399574865,-122.09707915797361,67.13594735879451
1865,37.34530167862818,-122.0967137938614,72.33383860252798
1866,37.34511623236871,-122.09644715854525,71.10074474662542
1867,37.3450068848217,-122.09613631783675,70.59071609564126
1868,37.34485854695129,-122.09585890385857,79.35336041916162
1869,37.34471839668967,-122.09558447988543,62.33804243709892
1870,37.34450454139854,-122.09528653124848,70.57514053210616
1871,37.344352177747254,-122.09504638140417,75.07988608442247
1872,37.34413427142915,-122.09474801592408,72.76099536102265
1873,37.34392522711106,-122.0945038049113,74.93212719354779
1874,37.34368332427855,-122.09422195862095,62.804690239951015
1875,37.34345727463122,-122.09398330892118,69.65234679821879
1876,37.34331497278966,-122.09369988757695,68.93813671078533
1877,37.34298035042114,-122.0934551555476,68.40750018227845
1878,37.34275642014478,-122.09316270308807,64.88255933392793
1879,37.34255711910823,-122.09292276603867,66.46614546701312
1880,37.34228993533749,-122.09267532859303,63.50028346478939
1881,37.342137366960316,-122.09238538426108,66.42609697021544
1882,37.34189859852046,-122.09209501848615,65.70483271125704
1883,37.341730452039975,-122.09180666974368,64.23401785548776
1884,37.341555466723904,-122.09155328932849,64.28470798861235
1885,37.34134309923817,-122.09125800252328,62.42736167553812
1886,37.34126213759077,-122.09088704884381,77.77812756691128
1887,37.340996110546975,-122.09064841567354,64.30943509098142
1888,37.34088695068156,-122.09027486829963,76.90115758497268
1889,37.34077350658533,-122.08993862097012,82.60214426647872
1890,37.34056356536463,-122.0896399418937,77.60894446633756
1891,37.34044401511985,-122.08930786339077,83.14865947235376
1892,37.340275094116215,-122.0889507614352,84.24208078626543
1893,37.34008817814322,-122.08865685953273,83.66103760618716
1894,37.340020026996726,-122.08836564226482,74.62699288222939
1895,37.339755958664306,-122.08806908213188,76.87751859612763
1896,37.339601463959156,-122.08777776530209,74.1374591095373
1897,37.33946801491288,-122.08746344960258,89.14535210002214
1898,37.339279125468146,-122.08716795858028,80.68160399235785
1899,37.339132607195936,-122.0869315712125,72.6121201235801
1900,37.33896538221157,-122.08656054579397,79.33742269314826
1901,37.33884411706191,-122.08633582314803,100.13245332892984
1902,37.33862988615884,-122.08601291213924,87.60696959681809
1903,37.338463660733645,-122.0856971045443,88.15412269625813
1904,37.33825906934491,-122.08539398379817,101.53556093946099
1905,37.33808211085428,-122.08512237917658,86.27020413335413
1906,37.33794404674618,-122.08481906898929,94.2428527502343
1907,37.337744525396474,-122.08452564334962,88.62817890755832
1908,37.337578720260986,-122.08422070223743,94.33346458990127
1909,37.3373410833833,-122.0839614581201,87.15386167820543
1910,37.33714468514539,-122.08367421614221,79.77108100056648
1911,37.33699709860831,-122.08336727457522,84.96323685441166
1912,37.336775407505215,-122.08308489692836,87.19567797798663
1913,37.33654584340661,-122.08278422619539,91.29931226465851
1914,37.33638272104155,-122.0825161492735,80.34276379644871
1915,37.33617446870165,-122.08218348624114,86.74377641733736
1916,37.33593592924779,-122.08188954470869,87.74070938955992
1917,37.33573605084818,-122.08164524744303,79.15316043049097
1918,37.33553996243374,-122.08135054580553,81.46010153833777
1919,37.33533840754315,-122.08105751664543,75.20302952732891
1920,37.33510252368421,-122.08075899148696,77.348159997724
1921,37.33491739851372,-122.08040221137796,74.58796911779791
1922,37.33471160489026,-122.0801126921235,81.86096317041665
1923,37.334531416547435,-122.07981948479099,82.93143279012293
1924,37.334346195270186,-122.0795118331673,76.15730599779636
1925,37.3341767045831,-122.07916643927776,84.68272086046636
1926,37.33410298796319,-122.07882604619165,94.97967055998743
1927,37.33395258286573,-122.07855408614249,83.67265076097101
1928,37.33383636022543,-122.07822807065972,84.52622637990862
1929,37.33380590366616,-122.07791087792116,96.8220776040107
1930,37.33361663393081,-122.077549429804,97.7407427765429
1931,37.333537562277655,-122.07725759041851,82.85917490813881
1932,37.33348232725518,-122.07697092381413,86.62190670520067
1933,37.33348213710125,-122.07662764448328,92.03418766893446
1934,37.33343319046959,-122.07630524458708,92.95354206580669
1935,37.33347529229301,-122.07591784632667,109.71006718184799
1936,37.33334307684222,-122.07562189201465,86.65540782455355
1937,37.33335022709867,-122.07526259694765,99.60289014130831
1938,37.33328764771715,-122.07493874978663,86.11259606201202
1939,37.333355034522434,-122.07459115775164,91.98968119267374
1940,37.33334846676913,-122.07418478595106,84.42319239489734
1941,37.33338495291625,-122.07385823921453,86.12617619056255
1942,37.333442365530956,-122.07353844669645,97.58528535999358
1943,37.333428043528,-122.07317387848303,79.99905642401427
1944,37.3335761696464,-122.07279957477029,94.5684347236529
1945,37.33372148284796,-122.07248364613872,102.79099910985678
1946,37.33364504051202,-122.07214588493655,86.63548520673066
1947,37.333733833769465,-122.07184042142124,79.20627063699067
1948,37.33377759649612,-122.07145170613795,85.17017063312232
1949,37.33382125494527,-122.07110946949669,75.02244144491851
1950,37.33386959793937,-122.07076212235498,78.7663690065965
1951,37.33395348905111,-122.07045390187173,90.66815811302513
1952,37.3340043104707,-122.07017200703145,73.90668581333011
1953,37.333985620852644,-122.06981914792969,70.00823870580643
1954,37.33411969166097,-122.06951923635752,88.50786625687033
1955,37.33414220219977,-122.06919755698736,73.34003481920809
1956,37.33418219290902,-122.0688624246073,67.92601154651493
1957,37.334215942166075,-122.06854592620662,64.20088135357946
1958,37.33417270316905,-122.06824819948895,74.84143568202853
1959,37.33423551828167,-122.06789722223459,68.06446834746748
1960,37.334228645819536,-122.06756454171332,67.92729094531387
1961,37.3342058603487,-122.06720677120649,64.26307279523462
1962,37.334139443306356,-122.06681160177935,57.98252107948065
1963,37.33413912026957,-122.066506461169,70.76060454081744
1964,37.33405365761217,-122.06611209328462,62.69449878204614
1965,37.33401798448609,-122.06575182757993,64.8174344226718
1966,37.33394239539866,-122.06536020500816,62.67600389383733
1967,37.333833511118485,-122.06502572736682,54.23623835667968
1968,37.33378022096787,-122.0646974002526,57.42929713614285
1969,37.33365018988018,-122.0643202036818,64.83107678499073
1970,37.33357923526838,-122.06398418443642,71.14060197770596
1971,37.333446805955326,-122.06369469317816,69.09632058534771
1972,37.33328515764131,-122.06337328996621,62.66321758273989
1973,37.33314912987676,-122.06308437300224,54.2990100774914
1974,37.333138849329806,-122.06278592166379,69.27463605161756
1975,37.33302885450669,-122.06251565555714,60.99572089314461
1976,37.332871064270925,-122.06227198199383,57.45246541313827
1977,37.332786097234745,-122.06201756893492,55.30526124779135
1978,37.33272338682625,-122.06176555527846,53.94624260812998
1979,37.33262538770947,-122.06155751374196,46.55341163743287
1980,37.332616000758726,-122.06132594286456,60.945369246415794
1981,37.33262653340912,-122.06108511817794,77.28321570064873
1982,37.33244787240485,-122.06089123187036,51.955435594543815
1983,37.33241325404995,-122.06067049435141,65.87043688911945
1984,37.332320173744435,-122.06041302444856,57.67725293431431
1985,37.33227065621944,-122.06024710780223,46.41556707303971
1986,37.332252023048255,-122.06000908325501,56.66624085698277
1987,37.33223387389226,-122.05972409172928,57.424097741022706
1988,37.33223544164135,-122.0594954269765,56.399601426906884
1989,37.332215195921364,-122.05920424092061,61.603892299346626
1990,37.33221321282027,-122.05892698894813,70.75832096673548
1991,37.332161499690685,-122.05859181253894,62.739140041172504
1992,37.33212141716502,-122.05830988909192,55.80410416610539
1993,37.33208498929141,-122.05797314794606,47.58219285402447
1994,37.332066405388545,-122.0576798476925,51.259988396428525
1995,37.332064527531834,-122.05726230988361,56.83683109469712
1996,37.33202725494271,-122.05697511333094,41.85968870669603
1997,37.33209311692462,-122.0566321009989,49.65285246539861
1998,37.33212345743985,-122.05632558111081,57.95639408752322
1999,37.33215426481434,-122.05595667119974,52.41629521455616
2000,37.33209670954145,-122.05566852424427,57.737168182618916
2001,37.33222185485037,-122.05539428837534,55.46452546492219
2002,37.33204773161502,-122.05517722560079,28.494522628374398
2003,37.33235762870233,-122.05492263837472,67.35934977326542
2004,37.332331109429134,-122.0546735091382,52.310703546740115
2005,37.33235980856928,-122.05447815263003,43.83526998385787
2006,37.33235970727459,-122.05432336048501,47.6658427733928
2007,37.33234381418438,-122.05418299282638,47.88181564118713
2008,37.332250268202095,-122.05408497839703,52.72831826657057
2009,37.332138894765336,-122.05400824229014,56.50307441409677
2010,37.33204663495487,-122.05397342654554,53.89128789678216
2011,37.33198412298765,-122.05399482410265,68.92035374604166
2012,37.33187007366651,-122.054067661164,57.360414122231305
2013,37.33172575588441,-122.05413649579077,56.48538652807474
2014,37.33168565967767,-122.05426932422883,62.94900343660265
2015,37.33169523896968,-122.05445472288427,48.87575957644731
2016,37.33163638992869,-122.05453329294662,62.63617542851716
2017,37.33168928049761,-122.05474664195869,57.32441746350378
2018,37.3318214464347,-122.05483568103828,58.903484454378486
2019,37.33189747604683,-122.05498085702233,56.45006407983601
2020,37.33203792055737,-122.05508766487834,62.638683828525245
2021,37.332179464254885,-122.05521260784808,60.440663299523294
2022,37.33236012979697,-122.05546315420868,57.170898840762675
2023,37.332488914522756,-122.05562649502305,61.61942453775555
2024,37.332610210489484,-122.05577433865167,61.71301288437098
2025,37.332776867873065,-122.05595769484485,58.9799735462293
2026,37.332964941358625,-122.05606568465285,61.07228433806449
2027,37.33311898640155,-122.05627422081167,65.39126783423126
2028,37.3332993326065,-122.05644855377268,60.768894247710705
2029,37.33346435569444,-122.05653975419472,52.36759542673826
2030,37.333651007977565,-122.05674842049226,62.50522250588983
2031,37.33378351274002,-122.05699209135307,59.61624870914966
2032,37.33399600267059,-122.05714831140837,56.05735638830811
2033,37.33415266062487,-122.0573304767083,57.67845032829791
2034,37.334356688068716,-122.05756724339636,57.18379553500563
2035,37.334542078060764,-122.05769459102866,50.92226669471711
2036,37.334748900377,-122.05792238724482,51.44445972703397
2037,37.33496674764485,-122.05813514407116,49.89603187330067
2038,37.33517158125071,-122.05828360617262,51.772155039943755
2039,37.33541735755041,-122.05846844196539,49.831265901215374
2040,37.335657437611424,-122.0586298029206,47.401355443522334
2041,37.33588624697214,-122.05876557784472,40.52096035052091
2042,37.33608374026684,-122.05891730265111,43.136280950158834
2043,37.33634729553116,-122.05904506087712,45.31850945483893
2044,37.336579152147586,-122.05913791195005,44.47757239174098
2045,37.33688729290325,-122.05929378799883,48.37879838142544
2046,37.33707903923056,-122.059357983946,35.15200610272586
2047,37.33737038931726,-122.05942522213547,50.20124057214707
2048,37.33754496193087,-122.05957792740267,36.03498859331012
2049,37.33791385166024,-122.05959872494932,39.5189811931923
2050,37.33814093302766,-122.05968781245267,40.11002683918923
2051,37.33842576383773,-122.05969457522593,38.899758476763964
2052,37.338719698106544,-122.05976709020617,39.03534143231809
2053,37.33897149986805,-122.05978830050532,36.93721537385136
2054,37.339251283059546,-122.05980728109797,45.38195769581944
2055,37.3395111041948,-122.05975708850558,41.31808866467327
2056,37.33978960062735,-122.0597871454019,50.06171114835888
2057,37.34009243161388,-122.05974641911764,38.87641265895218
2058,37.34033936391145,-122.05976997438371,43.41715708374977
2059,37.34060292176329,-122.05971483461452,33.90874316357076
2060,37.340896811063956,-122.05978798236025,49.387260493822396
2061,37.341164470071,-122.05978203081389,44.14610708039254
2062,37.34148550695144,-122.05974119015355,45.08636666089296
2063,37.341716199191616,-122.05974380382614,47.74457619898021
2064,37.341979337846055,-122.0597661303416,42.37671161536127
2065,37.34228562228535,-122.0597721936005,44.893490196205676
2066,37.34254840088205,-122.05977434566074,44.66412543412298
2067,37.342827189600804,-122.05975852547346,42.05679019540548
2068,37.34309922191572,-122.05977415717804,37.674770690500736
2069,37.343380646806345,-122.0597300382374,45.6058673011139
2070,37.34363275251336,-122.05973517615551,38.63406197912991
2071,37.34384548093991,-122.05975553971146,42.631902175955474
2072,37.344152014489744,-122.0597471841558,43.97781722154468
2073,37.34441287559952,-122.05980416504661,36.62076773028821
2074,37.344684564648276,-122.0597796451649,43.230716524645686
2075,37.34491651148492,-122.05974016439094,35.98696559574455
2076,37.34518340003561,-122.0597548466664,40.770277166739106
2077,37.34546989256072,-122.05978566673632,42.32771765720099
2078,37.34570414811104,-122.05974693373409,42.2057633632794
2079,37.34595141471644,-122.0597598943657,35.04469349235296
2080,37.346202456925276,-122.05971744714982,38.330005841329694
2081,37.34648280573438,-122.05973768003226,33.226282459683716
2082,37.34672854785822,-122.05975042511594,35.77165366895497
2083,37.34699130202098,-122.0597446584959,37.418213029392064
2084,37.3472869627123,-122.05974105704686,31.056183725595474
2085,37.34757548941574,-122.05971067462309,40.21664085611701
2086,37.3478190719411,-122.05976981106403,35.62636971194297
2087,37.348055925259686,-122.05970679069121,38.81267237383872
2088,37.3483396653586,-122.05974703117175,31.352840843610466
2089,37.34855921747705,-122.05975166428352,36.89653669297695
2090,37.34885286169883,-122.05978546289852,30.03446564078331
2091,37.34914376407175,-122.05978679628403,26.791659139096737
2092,37.34937901175453,-122.05981564109624,41.34653440862894
2093,37.349606473767125,-122.0598515779485,28.00704965274781
2094,37.349859568879126,-122.05987876270864,42.67827297374606
2095,37.350145744119786,-122.05988883525669,41.045908791944385
2096,37.35040909231318,-122.05996384080156,38.20630562398583
2097,37.35062295853541,-122.06000215959557,38.304322235286236
2098,37.35088692850562,-122.06006106531844,30.969664781354368
2099,37.35115950597903,-122.06015521582177,33.57626264542341
2100,37.35142007128546,-122.06020486205362,39.68192503973842
2101,37.35167086365627,-122.06024648237684,34.19181166496128
2102,37.351904030251475,-122.06038067052185,37.78762805555016
2103,37.35216489517846,-122.06043642516353,32.16881102882326
2104,37.352455823751576,-122.06051080580495,44.45152774453163
2105,37.35263797493955,-122.06066592079063,36.37319881375879
2106,37.35291179683636,-122.06077522112298,30.455242584459484
2107,37.35316009106278,-122.06087115464216,31.430066752247512
2108,37.3534446760928,-122.06097467964952,25.01533530279994
2109,37.35367241508777,-122.0611215156076,38.97108211833984
2110,37.353894048622365,-122.06126019360633,31.18055130634457
2111,37.35415890282186,-122.06135785993854,32.58869428746402
2112,37.354462838900325,-122.06147233179273,24.62065451592207
2113,37.35472122114208,-122.0616077386034,35.33047367632389
2114,37.35496075295057,-122.0617492337393,13.715004262514412
2115,37.35519834841799,-122.06182851806986,22.455788590945303
2116,37.355487886603306,-122.06200661499257,41.85754433274269
2117,37.35571283627206,-122.06203719784415,15.573788694106042
2118,37.35592822666677,-122.06217647575016,5.084995145909488
2119,37.35625023983475,-122.06226299157348,27.76634117309004
2120,37.35653396905998,-122.06235441987462,22.68699416797608
2121,37.356809109170264,-122.06242909402903,15.626928876154125
2122,37.35708634928219,-122.0624915341245,31.73381820321083
2123,37.35733408832529,-122.0625538682205,28.1196671994403
2124,37.35763491179043,-122.06263657074612,24.57182746939361
2125,37.3579109000286,-122.06266788899137,22.259531448595226
2126,37.358161123929854,-122.06274626205692,31.892055850476027
2127,37.358451069757685,-122.06274296919477,25.315800133161247
2128,37.35869195219172,-122.06278339656583,18.272596067748964
2129,37.35896332558914,-122.06280289396462,23.186753344722092
2130,37.35920701819142,-122.06287882988605,30.02875867113471
2131,37.359500430118615,-122.06278479363333,25.475427114404738
2132,37.3597424267218,-122.06279707071887,17.49688349943608
2133,37.35997534617463,-122.06282257837277,20.263484344817698
2134,37.36025094583299,-122.06282844674122,21.033994960598648
2135,37.36049170901587,-122.0627984816471,24.53518521413207
2136,37.3607215422808,-122.0628180002099,27.90592237841338
2137,37.36101382766553,-122.06279097769053,21.08249729499221
2138,37.361299056128175,-122.06283198539509,26.255346110090613
2139,37.36153758170976,-122.06278621588866,21.42677762452513
2140,37.36179835292239,-122.06283000436325,26.116323078982532
2141,37.36207856633374,-122.06279290700131,12.561164605431259
2142,37.36234429812288,-122.06280390303841,18.94595317170024
2143,37.36261050211517,-122.06275579701251,17.294999737292528
2144,37.36290241452436,-122.06274663642665,26.507002647966146
2145,37.36316863757261,-122.06276892472782,18.570061621256173
2146,37.36343748191956,-122.06273344631813,18.144326822832227
2147,37.36370650116394,-122.06279211932012,19.111063006334007
2148,37.363972209121115,-122.06275092739031,18.66711183730513
2149,37.36424014733595,-122.06276260939178,20.981552178040147
2150,37.36451573742977,-122.0628374199087,28.61293703969568
2151,37.36477073011027,-122.06284315352984,25.99860048852861
2152,37.36499456957682,-122.06286963212214,18.33408832643181
2153,37.36522148577046,-122.06293115100053,18.05333768390119
2154,37.365458939933326,-122.06299970050769,15.486646512523293
2155,37.36565053280093,-122.06307472059304,20.606795477680862
2156,37.36584855190419,-122.06317671721989,11.878770307637751
2157,37.36605877854796,-122.06329183080605,9.000021657906473
2158,37.36629995104175,-122.06329197330693,15.137889286503196
2159,37.36647542487677,-122.06349063867403,21.847867492586374
2160,37.36669007584229,-122.0635397397533,13.77883003745228
2161,37.366964594231206,-122.0636699779754,26.333491891622543
2162,37.36704523785535,-122.06378287858622,4.686199395917356
2163,37.367268305144826,-122.06393528681892,7.099518241360784
2164,37.36745126987224,-122.06402501813272,25.117490728385746
2165,37.367628694588696,-122.06416242041225,8.313491538167
2166,37.367871945141914,-122.06426046323944,6.587256203405559
2167,37.36805239072906,-122.06438175164597,0.8071327805519104
2168,37.36828088169279,-122.0644819110132,15.161402034573257
2169,37.36849509262151,-122.06461537633963,14.45015224069357
2170,37.36867117174607,-122.06476259395822,15.54336145427078
2171,37.36890175454118,-122.06489635870561,20.718782697804272
2172,37.369037715782774,-122.0649655894532,8.221226066350937
2173,37.36929508334537,-122.06507214158948,12.421600417234004
2174,37.369461786482944,-122.06525406629085,16.849705626256764
2175,37.36966457558788,-122.06532833176131,14.98390092421323
2176,37.37190146123377,-122.06673464443878,5.883500264026225
2177,37.37211456431721,-122.06685643117387,6.354471523314714
2178,37.3723289924296,-122.06693746060435,10.40153053496033
2179,37.37254228096889,-122.06708219735614,7.794429211877286
2180,37.372764810532075,-122.06715362947303,13.423565755598247
2181,37.372941689714125,-122.06731195326115,17.916982036083937
2182,37.373158505025216,-122.06735430568915,15.59891645424068
2183,37.373388858628786,-122.06749929582546,17.847993436269462
2184,37.37360428562805,-122.06758898340148,9.556789546273649
2185,37.37384637640108,-122.06763982422848,13.544327745214105
2186,37.37407583471491,-122.06769327710761,10.087091879919171
2187,37.37429228177596,-122.0677787372324,14.59143490716815
2188,37.37453208583221,-122.06777658299282,17.974393264390528
2189,37.37473608782035,-122.06777211531961,1.3619902795180678
2190,37.37500182343315,-122.06773558903319,-0.02775336429476738
2191,37.375243539766885,-122.06777441861819,10.687781848013401
2192,37.37548907762988,-122.06771493881064,11.77350071258843
2193,37.37572417333004,-122.06771246000555,2.600066604092717
2194,37.37593304900623,-122.0676751068109,7.626282219775021
2195,37.37617820015885,-122.06765005710311,4.790043983608484
2196,37.37639569241229,-122.06764341039676,9.881997914984822
2197,37.376595748596834,-122.06757894335253,2.0392488092184067
2198,37.376815936979305,-122.06755214861292,6.281519986689091
2199,37.37705987817973,-122.06756526716592,4.138193220831454
2200,37.37726686182083,-122.06755123039065,-1.91802838165313
2201,37.37743827381432,-122.06750697868726,2.1912617376074195
2202,37.37766531166534,-122.06749242792375,4.151284592226148
2203,37.377861526064166,-122.06751364335793,8.729273109696805
2204,37.378084730529636,-122.06752997880808,-1.5433638617396355
2205,37.37829602243083,-122.06756641948711,4.197252307087183
2206,37.37854799011446,-122.06752653845292,5.890893912874162
2207,37.37866957254898,-122.06759986959338,0.7054302748292685
2208,37.37886201082092,-122.06758255547227,4.853238102979958
2209,37.37909040281086,-122.06760012043223,2.8942238073796034
2210,37.37934695794429,-122.06761608667638,15.465446131303906
2211,37.379466413009204,-122.06763298762364,7.394201961345971
2212,37.37967483216858,-122.06767925506682,8.149768393486738
2213,37.37983237182658,-122.0677014247769,4.016080915927887
2214,37.38002680362286,-122.06771635229303,5.479039235971868
2215,37.380167103160986,-122.06776342682207,3.4537488678470254
2216,37.380327540525805,-122.0677845707682,1.4884722400456667
2217,37.38054973181457,-122.06777285036286,14.479598728008568
2218,37.38072136361729,-122.06786666716053,7.156995348632336
2219,37.3809218096855,-122.06783334684131,7.695566984824836
2220,37.38112489918482,-122.06782700268357,5.61265869718045
2221,37.38135178272502,-122.06789400762301,9.488529933616519
2222,37.38157079431506,-122.06790316628178,-4.00725706294179
2223,37.3818535702311,-122.06793065219624,6.6408476531505585
2224,37.382131592471374,-122.06797556280465,4.143125002272427
2225,37.382407598288935,-122.06798854131524,1.0070066712796688
2226,37.382677639784696,-122.06801596440093,11.505105243995786
2227,37.382927602240024,-122.0680107576964,10.74428747780621
2228,37.38324778499517,-122.06805439262133,7.164909557439387
2229,37.38349947586497,-122.06810961756518,7.3721358655020595
2230,37.38374029008858,-122.06818125258583,11.400566263124347
2231,37.38405356489342,-122.06815492650054,2.109060346148908
2232,37.38430284101493,-122.06814837339579,0.9803627738729119
2233,37.38459534997926,-122.06821128328589,4.108177711255848
2234,37.38483600967852,-122.06827515390665,9.1716603115201
2235,37.38509490200719,-122.06833458128898,9.928647958673537
2236,37.38532248350777,-122.06830794553666,0.30015523452311754
2237,37.38554096839296,-122.06832841115698,6.811146564781666
2238,37.38576704615867,-122.0683886277696,-0.31636439729481936
2239,37.38600486822624,-122.06837511024912,-2.132450713776052
2240,37.38621423871234,-122.06841117772959,1.1684129554778337
2241,37.38644426163451,-122.06844364500314,4.562745812349021
2242,37.386673971579995,-122.06845822155705,-3.0193223729729652
2243,37.38690607722517,-122.0684834817278,1.7964335270226002
2244,37.38715181405586,-122.06849698953799,-5.699507087469101
2245,37.38745559360312,-122.06850342378193,-5.910433801822364
2246,37.38767837419267,-122.06855719184985,8.677228681743145
2247,37.38790358080119,-122.06859068443754,-5.0454805586487055
2248,37.38814780814243,-122.06862352115377,5.131761187687516
2249,37.38837066484162,-122.0686171193459,-1.8451639954000711
2250,37.38865554906837,-122.0686134939979,2.802713223733008
2251,37.388904853870244,-122.06859729217811,-2.476432902738452
2252,37.38916244327167,-122.06859837294677,1.0585779091343284
2253,37.38939291484872,-122.06861882177266,0.9927768409252167
2254,37.38963781615927,-122.06854174513819,1.2063172180205584
2255,37.38983505179122,-122.06854062256271,-1.7752967569977045
2256,37.39006282080192,-122.06851181907749,3.1730389911681414
2257,37.39026262803307,-122.06851761735531,1.4275098824873567
2258,37.39046499306785,-122.06844388905682,-2.211681646294892
2259,37.390703631636384,-122.06847378255958,2.596426570788026
2260,37.39089519336249,-122.06843278295635,-1.4930654764175415
2261,37.393886225370274,-122.06824357369635,-4.055043146014214
2262,37.394109449892575,-122.06828849754007,-3.479839905165136
2263,37.39439321569895,-122.06828201797957,-6.499393035657704
2264,37.394621225711404,-122.06829166448405,-3.522053448483348
2265,37.39485175603487,-122.06827462604895,-10.712162068113685
2266,37.39508215121453,-122.06840854734479,-8.556761052459478
2267,37.39530703255925,-122.06846759082481,-7.359293947927654
2268,37.395602170262784,-122.06850167676099,-9.153914717026055
2269,37.395857097311755,-122.06854757167177,-8.782388895750046
2270,37.39609646541164,-122.06862236638169,-15.479360673576593
2271,37.39635215597191,-122.06870593412839,-13.654482232406735
2272,37.396598384638494,-122.06873653467859,-3.634096165187657
2273,37.39682118880603,-122.0688111141189,-13.603222156874835
2274,37.39710531618778,-122.06884168488891,-12.230942538939416
2275,37.39735870687658,-122.06894834299517,-14.697831135243177
2276,37.397549796472106,-122.06902052141032,-11.269633570685983
2277,37.39777760251407,-122.06906372740573,-13.098531457595527
2278,37.39807629522319,-122.06910572047035,-12.247373843565583
2279,37.39825674518636,-122.06919502019305,-20.378932869061828
2280,37.3984466874385,-122.06928193006848,-14.695218414999545
2281,37.3986717343459,-122.06933744314642,-15.270787417888641
2282,37.39891725520913,-122.06927208025205,-20.341833750717342
2283,37.3991406988771,-122.0694344564761,-5.309384161606431
2284,37.39931382266204,-122.0694629865887,-18.09273711964488
2285,37.39950423542117,-122.06951378966868,-15.86143699195236
2286,37.39969388684421,-122.06960064157307,-19.69591826852411
2287,37.399983026286236,-122.06962747284476,-10.957956553436816
2288,37.40019852239386,-122.06971022984638,-17.17651484068483
2289,37.40045591342299,-122.06966649584531,-12.63726029265672
2290,37.40073259995811,-122.06970757520159,-10.46469487529248
2291,37.40103293152961,-122.06970468371829,-12.619343574158847
2292,37.401306456873485,-122.0697798000609,-1.3639991711825132
2293,37.401564562376606,-122.06975463007613,-11.258877348154783
2294,37.401862046241625,-122.0697336161772,-6.983806315809488
2295,37.40209677073906,-122.06972631481955,-1.510209545493126
2296,37.402371270329006,-122.06971072319585,-14.678450935520232
2297,37.40260552253623,-122.06974189376379,-2.325120988301933
2298,37.40289577567082,-122.06973120830943,-12.475535118952394
2299,37.403142629280445,-122.06973956002356,-5.976771264337003
2300,37.403412557626396,-122.06970837191353,-14.645138243213296
2301,37.40368842809358,-122.06969652585373,-8.669567837379873
2302,37.403989618734286,-122.06968030783163,-17.143943288363516
2303,37.40426205700753,-122.06967539936228,-11.779678579419851
2304,37.40455706902031,-122.06966738258146,-6.531968348659575
2305,37.4047927624574,-122.06969249046325,-13.264221317134798
2306,37.4050479148998,-122.06965716762994,-12.859513096511364
2307,37.405384862495794,-122.06964111571946,-17.992509751580656
2308,37.40558962332429,-122.06961310763751,-9.557397234253585
2309,37.40585432744007,-122.06961488941735,-13.238383409567177
2310,37.406135284961216,-122.06955468636953,-9.157257664948702
2311,37.406418384782626,-122.06954766874547,-13.410904840566218
2312,37.40669650554166,-122.06952134698241,-7.928219075314701
2313,37.40697107983213,-122.06950440834326,-8.281341342255473
2314,37.407215080484534,-122.06944542703673,-9.140888156369328
2315,37.40754977431546,-122.06941509759707,-2.3627104526385665
2316,37.407774174343224,-122.06940199056923,-14.650979602709413
2317,37.40798234694963,-122.06945325146424,-12.247483264654875
2318,37.40828020899771,-122.06954097098638,-30.292820471338928
2319,37.408522527341475,-122.06963678157702,-22.319123486056924
2320,37.40872564516145,-122.06974292472721,-15.55300604365766
2321,37.408958581310124,-122.06987439770785,-15.276566226966679
2322,37.40919704486851,-122.07001903673165,-16.797780061140656
2323,37.409372525560144,-122.07024104622208,-6.376439661718905
2324,37.409513465264126,-122.07044991802773,-20.23997596092522
2325,37.40970019700906,-122.07065545332469,-10.941133541986346
2326,37.409824495148364,-122.070919383916,-19.84211249090731
2327,37.41000613408952,-122.07124351832358,-23.999594484455884
2328,37.41004788048445,-122.07151279002957,-13.716634045355022
2329,37.41015922563185,-122.07182116295022,-15.65208462998271
2330,37.41027691134837,-122.07218151517165,-24.227933529764414
2331,37.41034303832941,-122.0724803945708,-13.978404333814979
2332,37.410458515886575,-122.07278409463652,-13.813382903113961
2333,37.41055075068159,-122.07317939499616,-22.547293628565967
2334,37.410615854414274,-122.07350694400958,-22.459680531173944
2335,37.4107278557359,-122.07381958015895,-17.711995049379766
2336,37.410835621800324,-122.07412896040115,-25.226919248700142
2337,37.412025923492706,-122.07655164924158,-27.16793983709067
2338,37.412168436363274,-122.07660380146044,-21.99485334381461
2339,37.41231938664099,-122.07666377287947,-31.541488690301776
2340,37.412542786863696,-122.07669395593491,-24.833148259669542
2341,37.41267177301815,-122.07673368576758,-24.96723768580705
2342,37.41284699524893,-122.07680806558695,-26.491242103278637
2343,37.412982203693474,-122.07692779388108,-21.695835042744875
2344,37.413129306654746,-122.07707464422295,-20.36127090267837
2345,37.41325439560435,-122.07722232855836,-18.55147422105074
2346,37.41330059971601,-122.07737865546635,-23.832424649968743
2347,37.413325847155214,-122.07752250462413,-19.80717486795038
2348,37.41344799776613,-122.07756113945806,-23.547940423712134
2349,37.413437228255795,-122.07768662152165,-20.651406770572066
2350,37.41347047658289,-122.07770894302654,-27.22460343223065
2351,37.413508047909914,-122.07777700198248,-27.644486443139613
