Epoch,PRN,PR_Residual
121,2,58.40096100776063
121,5,44.37837321435826
121,6,60.84869659817751
121,12,56.77757840613983
121,19,55.81714153513865
121,24,45.50546781215266
121,25,57.70298586656947
121,29,51.566610130166644
122,2,52.35160809839138
122,5,39.60430568389309
122,6,55.72867932515877
122,12,51.74263609629423
122,19,52.44740765636351
122,24,39.383643781137906
122,25,56.99254802459769
122,29,47.54802262233116
123,2,37.33972859722694
123,5,26.13412451344675
123,6,36.977308125124225
123,12,35.28760091317861
123,19,34.5681003512765
123,24,22.008555028005315
123,25,35.661153054096374
123,29,26.42457770507145
124,2,113.40171640378841
124,5,100.76207213912497
124,6,116.33019356621392
124,12,112.11318149852687
124,19,111.69276617406601
124,24,99.19952077183858
124,25,114.66602698580323
124,29,105.99924261328049
125,2,97.09440235938038
125,5,84.28157494606756
125,6,100.26546079885655
125,12,96.60846390744284
125,19,95.1301758578545
125,24,82.08887309448625
125,25,99.094356862664
125,29,89.50173831983152
126,2,60.20915727450892
126,5,47.86213407692821
126,6,62.04097698176815
126,12,60.594101868180566
126,19,57.52083972498937
126,24,43.13826706309512
126,25,59.383715597963786
126,29,47.47259101654441
127,2,75.63138310660739
127,5,62.16919596789998
127,6,77.02604146845607
127,12,75.4193128117609
127,19,72.2854330677364
127,24,59.82265294580881
127,25,74.85949233625706
127,29,63.99641765869637
128,2,53.877302565729714
128,5,40.03014258831301
128,6,54.11405320582316
128,12,53.48337554447343
128,19,50.03691344127084
128,24,36.035916120710944
128,25,53.945384246962305
128,29,42.59998551408383
129,2,53.18532795163217
129,5,39.15469014129572
129,6,53.65351803615711
129,12,52.55089267995701
129,19,49.25325083085452
129,24,36.359655443357234
129,25,52.72915994291358
129,29,41.88747282655132
130,2,35.11330184661969
130,5,25.307330595994287
130,6,35.089413524194796
130,12,34.35900853465656
130,19,32.90838294070662
130,24,19.659306774624795
130,25,33.94535125796484
130,29,26.370235559452357
131,2,39.82007828830999
131,5,29.727697527766175
131,6,39.93958020334609
131,12,38.76140968639067
131,19,36.232540595809326
131,24,24.79514420435717
131,25,40.52100619217587
131,29,29.531796572539225
132,2,51.834228283170916
132,5,38.85828404209297
132,6,51.74017643307803
132,12,50.51567933426994
132,19,48.38089913702835
132,24,37.15658353060787
132,25,52.384068247816614
132,29,42.43640657827269
133,2,9.673191390016296
133,5,2.8713006568321804
133,6,12.054559803247644
133,12,7.303669484847022
133,19,13.257487549475172
133,24,-4.336252998203478
133,25,1.4231839761733163
133,29,-6.4698355809378665
134,2,10.351817545038985
134,5,3.914272991588695
134,6,11.595938567920498
134,12,8.438072729999053
134,19,12.79926725297319
134,24,-2.5646379400586334
134,25,3.9299054946587333
134,29,-3.5960205632405398
135,2,9.381777672550493
135,5,3.1774192465965196
135,6,10.852461681437173
135,12,7.424310865065475
135,19,12.064366669920666
135,24,-2.7451555177546005
135,25,1.9041605418951644
135,29,-4.7922141479222855
136,2,8.949304249608922
136,5,2.7969136228471765
136,6,10.44512170888235
136,12,7.12647775723463
136,19,11.28414690662956
136,24,-2.8615830170509895
136,25,1.778231741143303
136,29,-4.573765814049147
137,2,8.532397040598699
137,5,2.6716299876816123
137,6,9.827834237210764
137,12,6.717460740989859
137,19,10.777649767567098
137,24,-2.8904203628940683
137,25,1.9072726666408037
137,29,-4.136379598456663
138,2,8.451078739176037
138,5,2.8557812572850354
138,6,9.366606976825192
138,12,7.311711554759558
138,19,9.994656533854743
138,24,-2.619082992192455
138,29,-2.9799086019230696
139,2,8.706934459836905
139,5,3.2807126735389742
139,6,9.137749844542968
139,12,7.14293868449565
139,19,10.040839026320272
139,24,-1.1873953762815037
139,25,2.3162152799755074
139,29,-3.2372727767531426
140,2,8.788886318243124
140,5,3.390704444305219
140,6,9.299170851423625
140,12,7.254780017347779
140,19,10.209388925467985
140,24,-1.3355961902817706
140,25,2.131146633917931
140,29,-3.3917173061801282
141,2,9.263198080976697
141,5,3.5661748705108742
141,6,9.252704701118603
141,12,7.991887412821616
141,19,9.982442642302658
141,24,-0.5534198628368161
141,25,2.433351219082498
141,29,-2.604701695210041
142,2,8.874575997296132
142,5,2.8634893044121883
142,6,8.83155480882519
142,12,7.768553633307503
142,19,9.10706795165403
142,24,-0.2911963099174413
142,25,2.7043365411765947
142,29,-1.9206150656292031
143,2,8.807794177249727
143,5,3.0609637333257202
143,6,8.413177549993323
143,12,7.79415152709989
143,19,8.484973558519766
143,24,0.2438934015019032
143,25,2.8954902703852845
143,29,-1.1818767816859364
144,2,9.714419426911805
144,5,3.4041839436205237
144,6,8.898390253283605
144,12,8.745753272754214
144,19,7.990251028706405
144,24,0.9027425430172595
144,25,6.102593979965809
144,29,0.7573626176462582
145,2,8.887698760939246
145,5,3.946785219301285
145,6,8.247713175002453
145,12,7.879961611465589
145,19,8.081767312118563
145,24,0.7418270853741844
145,25,4.620574250709901
145,29,-0.4466484128686936
146,2,7.138471479924115
146,5,4.414336858791441
146,6,6.34697699477236
146,12,6.406035782716238
146,19,6.89652979513929
146,24,2.2318216020401813
146,25,1.5021803561480382
146,29,-1.3421758241187796
147,2,6.758792189896004
147,5,4.108329951589332
147,6,6.293930929660375
147,12,6.029894938425737
147,19,6.936419250571532
147,24,1.9276785235126939
147,25,1.8710251829863012
147,29,-1.5440465102687746
148,2,7.417353821427787
148,5,4.399554743243866
148,6,6.463950255395228
148,12,6.624441290965576
148,19,6.583205996995257
148,24,2.270137510811117
148,25,2.0153009845839662
148,29,-0.6599334005264232
149,2,7.956508868254355
149,5,4.777300523148598
149,6,6.492928555499898
149,12,7.3793636981926936
149,19,5.678972166896324
149,24,2.835942862104762
149,25,4.382554901301378
149,29,0.7727575754072085
150,2,6.496152402314594
150,5,5.3430573226466445
150,6,4.931821452782931
150,12,5.999690649606317
150,19,5.1006176566111705
150,24,3.4782760541917948
150,25,1.1872317440095443
150,29,0.0016046556323807692
151,2,5.086365878303516
151,5,5.994624149647638
151,6,2.9608925062135003
151,12,5.3443839763390715
151,19,3.1722416775830236
151,24,4.4113893217929725
151,25,1.528897322782628
151,29,0.012825418999124594
152,2,6.51957147337259
152,5,6.246152318391457
152,6,3.444119205517813
152,12,6.618866936389132
152,19,2.7364727237341975
152,24,4.464142457507548
152,25,2.8467189203832817
152,29,1.3914155740348981
153,2,7.484342472632236
153,5,7.320026768794953
153,6,4.741310955595065
153,12,7.203813750275079
153,19,3.3670161422902436
153,24,5.37436071125026
153,25,3.8482676236660724
153,29,1.3844741776225051
154,2,6.385205243279042
154,5,8.28888619413758
154,6,4.130480952351582
154,12,5.915615468103036
154,19,4.493164672935487
154,24,5.156437155346758
154,25,0.13830613020156513
154,29,-0.8920606944387233
155,2,5.443204961594539
155,5,9.515398984826938
155,6,2.963322969577998
155,12,5.2027300384027875
155,19,4.45357392732909
155,24,5.642636230598804
155,25,-0.7655022941026637
155,29,-2.413331932239677
156,2,8.436061727829369
156,5,9.430351606439352
156,6,6.041658754890716
156,12,7.489882071593904
156,19,5.365694238013559
156,24,5.431307111695744
156,25,3.3178112569119893
156,29,0.13182501072220543
157,2,5.5232429261403215
157,5,9.563404187097182
157,6,3.5321730174735224
157,12,4.711485753954197
157,19,5.57128099692022
157,24,5.639740392282128
157,25,-1.7404545375129397
157,29,-3.048678088971884
158,2,5.731331766602444
158,5,9.549391039132328
158,6,3.29606174865984
158,12,5.538535939179768
158,19,5.311496029372809
158,24,5.707822920447096
158,25,-0.7035124995142255
158,29,-2.6139329829698132
159,2,5.978185809629064
159,5,10.58729682027009
159,6,2.493858563949562
159,12,5.548424860473293
159,19,3.2656334383658856
159,24,7.082436665234502
159,25,-1.1667698997928486
159,29,-1.8020725648500875
160,2,6.011839448126636
160,5,11.09800839938897
160,6,2.751905754162274
160,12,5.238167022183899
160,19,3.955476920756465
160,24,6.879639948538083
160,25,-1.6913963912845125
160,29,-2.5417304002841705
161,2,7.305930522460898
161,5,11.325346454553252
161,6,3.805359345489303
161,12,6.273173977911729
161,19,4.042127554291848
161,24,7.181167340422826
161,25,0.907771513496141
161,29,-1.510804721208638
162,2,9.63088819159104
162,5,11.87393276377989
162,6,5.991024741414772
162,12,9.126205195226508
162,19,4.561401618874734
162,24,8.013230508501177
162,25,5.464031565429274
162,29,2.437578805463211
163,2,12.217819703272134
163,5,12.695258296342686
163,6,9.66817148405167
163,12,11.259599884656954
163,19,8.185487406444116
163,24,7.451379864254023
163,25,8.80536120487358
163,29,4.875909906066521
164,2,5.926742818543261
164,5,11.088054861435374
164,6,3.524461131348441
164,12,4.393936681440097
164,19,5.6735623488686215
164,24,5.753588482099058
164,25,-2.7690748600664987
164,29,-4.174640236649294
165,2,5.064165226411115
165,5,11.170128543263107
165,6,2.069953210751172
165,12,3.9211853034748643
165,24,5.768422070582027
165,25,-2.767867560282504
165,29,-4.165160704455137
166,2,5.764604170664891
166,5,10.339817080872136
166,6,3.2858578852806435
166,12,4.594027644316736
166,19,5.565920882690882
166,24,5.235095162450302
166,25,-1.580585904327224
166,29,-3.407229583145002
167,2,5.245145323161318
167,5,10.169126154632197
167,6,2.863832576003662
167,12,4.1264999818219
167,19,5.280769248861592
167,24,5.4423573639377745
167,25,-1.7666441333978442
167,29,-3.498163623174876
168,2,5.451658544399875
168,5,10.036365204751977
168,6,2.555896292842725
168,12,4.35225678198033
168,19,4.584931179954331
168,24,5.5823784697099175
168,25,-1.7501386096229021
168,29,-2.8500049734508948
169,2,6.216822563796843
169,5,10.057350879459927
169,6,3.2825205105688315
169,12,4.857668244515277
169,19,4.628088919077552
169,24,5.366305642335457
169,25,-1.3441321340129129
169,29,-2.8993564221026995
170,2,6.318130435509217
170,5,9.872877704471271
170,6,3.0042906554086626
170,12,4.956619834005495
170,19,4.103431531154941
170,24,5.601420807458823
170,25,-1.130479550142799
170,29,-2.546730618545837
171,2,5.662422228351126
171,5,9.538987229869601
171,6,2.7613362996017745
171,12,4.2830294115464715
171,19,4.644362683771123
171,24,5.1101493879996305
171,25,-1.4862772744141974
171,29,-2.975037445380446
172,2,5.756254293689657
172,5,9.705115578706314
172,6,2.8212550743279223
172,12,4.51312959233092
172,19,4.5309090550820965
172,24,5.38852929761205
172,25,-1.5458114015130722
172,29,-2.862789113216726
173,2,6.047865861627094
173,5,10.008366993979928
173,6,3.085836571992097
173,12,4.748012430149917
173,24,5.661021297731675
173,25,-1.4037236797546404
173,29,-2.7224472615515003
174,2,6.398498478050848
174,5,10.01987231976864
174,6,3.129039395724422
174,12,5.128571888498053
174,24,5.9019176702725415
174,25,-1.0054799403959418
174,29,-2.3901654873906946
175,2,5.508318648868496
175,5,10.144702336683682
175,6,2.4165541253499487
175,12,4.404084356827463
175,19,4.40204213018615
175,24,5.8199688901609665
175,25,-1.9106586872541396
175,29,-2.746272936406992
176,2,6.122942147117791
176,5,10.060401978008064
176,6,4.231079450751442
176,12,4.894326183447734
176,19,5.911831771627074
176,24,5.192633335234607
176,25,-1.6760625749972302
176,29,-3.383329325619194
177,2,7.538578097618548
177,5,10.006478761316563
177,6,5.372133408798878
177,12,6.180405739405424
177,19,5.655418046280472
177,24,5.449532639206446
177,25,2.159052848287506
177,29,-0.8019319052719256
178,2,4.363832840400778
178,5,9.714456632742511
178,6,3.1788086974861276
178,12,3.565606344261391
178,19,6.393469582526307
178,24,4.978318111885695
178,25,-2.5752013245141248
178,29,-4.063900919172533
179,2,5.331511010298266
179,5,10.09463947977998
179,6,4.0846654980634725
179,12,4.255988350377856
179,24,5.177560945770836
179,25,-2.848569135221979
179,29,-4.081153291226392
180,2,4.7581255597199945
180,5,10.833673791884136
180,6,3.1904567764313607
180,12,4.109491790447519
180,19,6.889304135471619
180,24,5.4279347828288955
180,25,-2.6251269096012777
180,29,-4.17552506945546
181,2,19.355097881802696
181,5,18.083457729966867
181,6,17.073098477466218
181,12,18.47019267748467
181,19,16.16876614095678
181,24,14.448920024465176
181,25,16.665367861263427
181,29,14.90919077825047
182,2,13.010919060774075
182,5,13.650653606154679
182,6,10.301085523681646
182,12,11.871988317316644
182,24,8.964030577096523
182,25,6.05404711510275
182,29,4.938386355037563
183,2,12.62921164133136
183,5,12.474646260843105
183,6,11.290909676186217
183,12,11.353869265768445
183,19,12.110958365458877
183,24,6.848113785757551
183,25,4.719919923102447
183,29,1.427112767344625
184,2,9.846414920745787
184,5,11.945423144518632
184,6,8.648865882977342
184,12,8.78584533875652
184,19,12.327873440183572
184,24,4.515575369887726
184,25,0.7959174922131207
184,29,-2.6180676384598236
185,2,35.189032235714734
185,5,35.423019428858865
185,6,31.852472410227506
185,12,33.270138015620674
185,19,31.531899883941048
185,24,29.561823374813823
185,25,29.88936920225384
185,29,29.042701232234236
186,2,7.194839525893174
186,5,12.602106339539699
186,6,6.508412921888985
186,12,5.830735672774149
186,19,12.514113653319134
186,24,4.133090382549576
186,25,-4.714185364969839
186,29,-8.481860764029395
187,2,22.208475918352413
187,5,24.047868301996886
187,6,18.408226494171004
187,12,20.866154171718463
187,24,18.032231896577272
187,25,16.607456426995405
187,29,16.7791235706528
188,2,21.74849900378445
188,5,22.442205336273293
188,6,17.684154130455386
188,12,20.555713644560008
188,19,17.036598314324518
188,24,17.335692050075966
188,25,16.51666061156595
188,29,15.597511393409354
189,2,6.939224441332195
189,5,13.932688694578045
189,6,3.8785302567684026
189,12,6.155145976423182
189,24,8.47718460951703
189,25,-3.5141276328334596
189,29,-4.273019600373004
190,2,8.979005296002061
190,5,13.22215162051837
190,6,5.402226845910921
190,12,8.399869316951566
190,19,6.936145345544544
190,24,8.531071822371537
190,25,1.5234206132860555
190,29,0.26438016183694835
191,2,7.26584617745374
191,5,12.115334928420829
191,6,4.178637135555494
191,12,6.868927110923921
191,19,6.876539517881777
191,24,7.99271618659736
191,25,-0.20367639488118883
191,29,-1.347860211719449
192,2,11.149485126474875
192,5,11.461691933592387
192,6,7.751725151071051
192,12,11.029942651150366
192,19,7.377519775252818
192,24,9.374230140490145
192,25,6.130477851141299
192,29,5.276658145676581
193,2,4.451157870817378
193,5,12.334074544576769
193,6,1.7537445334645478
193,12,4.205681696038315
193,24,8.17749017814442
193,25,-4.702739492955585
193,29,-3.799686561139124
194,2,3.5653427201876156
194,5,14.066574036284884
194,6,0.3927701526240839
194,12,3.4007460917644146
194,19,5.946502710693258
194,24,9.760217731565024
194,25,-5.823404663828883
194,29,-4.53673246362483
195,2,9.439992203334725
195,5,16.496173361388106
195,6,4.45600090155407
195,12,9.374567261434379
195,24,12.585691510271802
195,25,0.4595459561105204
195,29,2.1678366001803506
196,2,13.442114106167224
196,5,20.48280777253094
196,6,8.031775959975679
196,12,13.010332701002598
196,19,12.446991389279056
196,24,15.59496150397182
196,25,2.7603698257082283
196,29,4.556662792753719
197,2,5.604331765890093
197,5,20.780559778139214
197,6,2.3790893352594744
197,12,5.278981315514104
197,19,10.65554477794735
197,24,11.593342694581747
197,29,-9.22376027047931
198,2,6.4706414602137645
198,5,18.549546582410972
198,6,2.516876934241402
198,12,6.499196468150793
198,19,8.932819090184275
198,24,11.046816107319307
198,25,-5.946712889481246
198,29,-5.860316089254573
199,2,8.394039745069893
199,5,18.20967998835238
199,6,3.7927142814923887
199,12,7.961015250301594
199,24,11.719039086941946
199,25,-3.242013306465563
199,29,-3.4750069289189036
200,2,19.28785043498302
200,5,20.7339243495887
200,6,14.819494429175496
200,12,19.230299435610156
200,24,18.443005903284728
200,25,12.15676590269453
200,29,13.970438950642443
201,2,18.606306606632778
201,5,21.03923096893524
201,6,15.012541077099447
201,12,18.628243441771048
201,19,14.935177658380606
201,24,18.002945837922837
201,25,13.866186035441174
201,29,16.92096871184046
202,2,1.456272418805714
202,5,10.573934336198453
202,6,0.907464944141803
202,12,1.1109602323985133
202,24,5.558326142821969
202,25,-6.96637573820095
202,29,-5.647585795198943
203,2,12.87505061000915
203,5,16.591226617159553
203,6,9.332211256745609
203,12,13.480441434150785
203,19,10.680400100489415
203,24,15.072866901989848
203,25,12.137984348316035
203,29,15.584214508221029
204,2,3.506815922626768
204,5,11.165375344998319
204,6,1.2937284561381681
204,12,3.834825573602992
204,19,5.8369560315477775
204,24,7.107955543404682
204,25,-3.1213580542428163
204,29,-2.315567287194013
205,2,4.49068406646448
205,5,11.720727036487872
205,6,2.279069933089585
205,12,4.558479266590147
205,19,6.627368427665089
205,24,7.692586710113553
205,25,-3.5799591003443085
205,29,-2.8158442443189147
206,2,4.681996271592185
206,5,12.649830512561245
206,6,1.5329094864622221
206,12,4.7032962943030325
206,19,5.184888195124923
206,24,9.070379819249254
206,25,-2.401528761155898
206,29,-0.3455792450695574
207,2,4.388904456408077
207,5,12.185823304230059
207,6,2.283997531452579
207,12,4.1495592171969875
207,19,6.607324349164784
207,24,7.522124192627948
207,25,-3.3906150089965856
207,29,-2.1184369899994078
208,2,2.0186811578607715
208,5,9.975722204973625
208,6,1.1885010757174115
208,12,2.108155810289113
208,19,5.9333934571380675
208,25,-4.232235400204553
208,29,-2.834896157356578
209,2,5.61067302254652
209,5,10.328129812512021
209,6,3.0501619944651743
209,12,5.661012039245119
209,19,5.5005398380551
209,24,6.955055670723171
209,25,0.32146239252275866
209,29,1.7959198487724617
210,2,3.8060233296551518
210,5,8.569205459226215
210,6,1.4152501070470949
210,12,4.018258354510498
210,19,4.816144362114231
210,25,-1.390488783509169
210,29,0.17716163128969065
211,2,2.367145091109522
211,5,9.489019452699845
211,6,1.7213094306169094
211,12,2.170975470175367
211,19,6.233454312452518
211,24,5.5061193550432925
211,25,-4.087393726112307
211,29,-3.1263603003694973
212,2,2.7435987092991123
212,5,9.256579419237042
212,6,2.075251298910528
212,12,2.577378453104341
212,19,6.332416374155812
212,24,5.378760297277214
212,25,-3.5672171901824017
212,29,-2.4880324924336996
213,2,3.795597187602206
213,5,8.875895064787109
213,6,2.438482126153822
213,12,3.7319486790768455
213,19,5.5936416789304895
213,29,-1.2251543647479162
214,2,3.773659773651735
214,5,8.153431666329874
214,6,3.215696541331195
214,12,3.5188484644514126
214,19,6.572928717932418
214,24,4.720639620521465
214,25,-3.0410046299766478
214,29,-2.172448144950881
215,2,4.942044631437815
215,5,8.188567900990053
215,6,4.054382490657032
215,12,4.604374316237063
215,19,6.406617269564834
215,24,5.031413779867081
215,25,-0.907180207560276
215,29,-0.6635184206667999
216,2,3.024834198914051
216,5,7.301429036329476
216,6,3.0742939974309222
216,12,2.6711227669288373
216,19,6.667959152892236
216,24,4.112126309249447
216,25,-2.807784372080028
216,29,-2.1033434469242813
217,2,3.99594136382218
217,5,7.1439591368297375
217,6,4.047943383723849
217,12,3.5628896617638235
217,19,7.069773184759493
217,24,3.571505051278317
217,25,-2.348021083764068
217,29,-2.0421346404559557
218,2,3.078919109091443
218,5,7.701611629040736
218,6,3.1543726811351895
218,12,2.7089782843046617
218,19,6.843416220860578
218,24,4.6668864885306505
218,25,-2.8176762081298143
218,29,-2.3976361516896567
219,2,5.1974318546936455
219,5,8.715279942603729
219,6,5.133964542923748
219,12,4.274370807107145
219,19,8.14001360479806
219,24,3.738485616328794
219,25,-2.1278579451119386
219,29,-2.686830131252563
220,2,4.484737676560453
220,5,8.250414431824833
220,6,5.79478954583392
220,12,3.2561823571719652
220,19,10.205409612351728
220,24,1.8506485845356377
220,25,-4.35365280274109
220,29,-5.394942536573477
221,2,3.637900955293846
221,5,8.37978810175432
221,6,4.616123027761297
221,12,2.658120537245729
221,19,9.025851348174061
221,24,3.4144583680655027
221,25,-4.678607308803027
221,29,-4.764312315664959
222,2,9.192072171803991
222,5,9.467924956414763
222,6,8.009196700848811
222,12,8.27097679081632
222,19,9.719672378637137
222,24,6.749142896192825
223,2,11.011133909865752
223,5,11.192474452620196
223,6,9.45096011349508
223,12,10.141749154153054
223,19,10.954676170818875
223,24,8.133476049436585
223,25,4.57753401478408
223,29,5.044461417775967
224,2,5.742283423037218
224,5,9.896082886046475
224,6,6.7953611445243105
224,12,4.358416781544392
224,19,11.317276190391386
224,24,3.0367161224934085
224,29,-5.581532999507961
225,2,12.372980320218126
225,5,12.148439149289299
225,6,10.361760572252141
225,12,11.414118721485494
225,19,11.90237519665826
225,24,9.052254720724552
225,25,4.619235600434537
225,29,4.55758132540509
226,2,32.17737208052661
226,5,29.6879650471008
226,6,28.717077493664306
226,12,30.091896515051445
226,19,29.10467009729495
226,24,26.53814361753221
226,25,28.064217115629837
226,29,26.835834414399407
227,2,16.39203065772186
227,5,18.396591350308153
227,6,13.288512751646369
227,12,15.230262700078615
227,19,16.29695077898606
227,24,12.247402769259507
227,25,5.349258923296247
227,29,5.104347564222644
228,2,26.57491650538678
228,5,24.205428929181785
228,6,26.4344375054015
228,12,24.750317038249115
228,19,27.421611639115763
228,24,17.440546071164277
228,25,15.379202991749914
228,29,12.67702811732292
229,2,37.892830817292904
229,5,39.73672545286472
229,6,35.72278358434569
229,12,35.27214317134019
229,19,39.048177912394344
229,24,30.627746612200973
229,25,27.31334974178196
229,29,22.640774735798594
230,2,18.258488913010787
230,5,22.299030780602557
230,6,16.9697347228304
230,12,15.5890124182292
230,19,23.051545683548262
230,24,10.356083170373815
230,25,-0.3774371272729571
230,29,-5.368009639358581
231,2,15.835106793149256
231,5,19.163257678930727
231,6,14.158276334046036
231,12,13.436883691287335
231,19,18.022195154318634
231,24,7.995349579692731
231,25,-0.8822836316069205
231,29,-6.124842846535692
232,2,26.973192998222885
232,5,25.600887937017085
232,6,25.677777392141405
232,12,24.877628445225994
232,19,26.900133293288803
232,24,18.18783924444576
232,25,14.639230213793313
232,29,11.846178806140017
233,2,12.562993100723094
233,5,15.86816941666822
233,6,11.882227768720353
233,12,10.709573857514375
233,19,17.40184482965718
233,24,4.898474500716537
233,25,-2.405783788652097
233,29,-7.369636703042334
234,2,10.48148283117386
234,5,15.145996947976187
234,6,10.272331019627337
234,12,8.63827952472251
234,19,16.004958482281804
234,24,4.7889783403005755
234,25,-3.7361539619393014
234,29,-8.630394035662883
235,2,21.21042028381327
235,5,17.867689509878637
235,6,19.979693026631555
235,12,20.319420438155788
235,19,18.583787886669235
235,24,14.085586603621941
235,25,12.483996410662323
235,29,9.059887384592487
236,2,64.53141645730581
236,5,61.21001467604498
236,6,62.558336886342765
236,12,62.84383374680894
236,19,61.35302547271461
236,24,58.773007158047136
236,25,60.85725593222227
236,29,56.970371240604024
237,2,100.67896403346705
237,5,99.1420638106248
237,6,97.62872697302132
237,12,100.16259490331925
237,19,95.85677061756061
237,24,95.77828305566109
237,29,93.75802229328544
238,2,73.43547436716882
238,5,71.53815759664278
238,6,70.0794451420083
238,12,76.7685390109493
238,19,67.73128804298673
238,24,72.65736456697888
238,29,71.65952871304793
239,2,50.00201539239085
239,5,48.61870225627204
239,6,43.97336874305893
239,12,49.31945056596288
239,19,44.24656352401136
239,24,44.870067505791866
239,29,42.34023234014092
240,2,92.59976640490957
240,5,91.41144130156961
240,6,89.72108107750186
240,12,92.5435909610965
240,19,88.57402780052571
240,24,88.49202991557928
240,29,88.01549049814055
241,2,98.97114034734126
241,5,95.79719466550738
241,6,96.1831645692598
241,12,99.04035034400214
241,19,92.56010649826331
241,24,95.13971458474491
241,29,94.74098383295843
242,2,82.49379019470427
242,5,79.76061081082825
242,6,77.52752752252272
242,12,82.97661303226748
242,19,75.68966449409801
242,24,79.0712210231781
242,25,80.24248197762336
242,29,77.97197493499588
243,2,75.15499076614287
243,5,71.79501145354305
243,6,71.92192256217115
243,12,78.74104188573759
243,19,67.45707200725136
243,24,74.50176657834281
243,25,78.49337756700857
243,29,75.26115034728723
244,2,75.26465323023025
244,5,71.63635336266746
244,6,72.23212944979005
244,12,78.45803558814282
244,19,67.8180680336769
244,24,75.02179972025054
244,29,76.1125863249771
245,2,72.03794206142933
245,5,68.63064546030839
245,6,68.83722194559982
245,12,75.4604339730889
245,19,65.46451763405362
245,24,72.31771112848766
245,25,76.46656236427005
245,29,73.5519355891925
246,2,80.36983670469756
246,5,78.4661549142422
246,6,77.63100478227113
246,12,81.57984355091185
246,19,74.59041616213848
246,24,79.02500737751434
246,25,80.51693315431743
246,29,77.01276494305161
247,2,60.72267251175063
247,5,58.49628723622334
247,6,57.378501815575255
247,12,64.35797069824388
247,19,55.09577340099297
247,24,61.19714092782325
247,25,65.0683680705515
247,29,62.345031662632096
248,2,35.84794693076432
248,5,33.625337418412485
248,6,32.05578217444104
248,12,35.030908047916554
248,19,30.01713614221348
248,24,32.07553580409846
248,29,29.679036535749965
249,2,109.73021861705746
249,5,106.59552026566837
249,6,106.89660505440204
249,12,109.85743897892459
249,19,104.36152492883795
249,24,106.06382082902238
249,29,106.98431744328745
250,2,106.43988021371135
250,5,103.18852264337725
250,6,102.94375920892031
250,12,106.98587345786186
250,19,100.06252181056762
250,24,103.23484374311829
250,29,103.69955145750856
251,2,48.60524037247445
251,5,43.67493419239684
251,6,43.255385586730945
251,12,49.61677312411713
251,19,40.231026557384354
251,24,45.05918478519515
251,29,47.51706184160077
252,2,90.5521243066691
252,5,87.38443801081864
252,6,88.75707578068564
252,12,91.41119382709249
252,19,84.59689233543529
252,24,87.57628041579879
252,29,87.37445722700929
253,2,10.335216216678884
253,5,3.877417656902468
253,6,5.522387887971293
253,12,13.37149080961456
253,19,2.169294819713658
253,24,13.645686205808751
253,25,17.351160099715273
253,29,18.74631335005109
254,2,76.57470726002674
254,5,72.97927476260674
254,6,74.77745867591732
254,12,77.34671256905204
254,19,70.54487864282156
254,24,72.08717446624449
254,29,72.58756357072433
255,2,40.4038211365423
255,5,38.80919070826625
255,6,37.156775999669286
255,12,41.63503914397504
255,19,35.449779027846624
255,24,37.468473305632315
255,29,38.472120058173005
256,2,54.23296654720283
256,5,49.77448424478084
256,6,51.12817231762412
256,12,54.50391104635872
256,19,47.59725729058291
256,24,49.09067634000824
256,25,52.503352685634205
256,29,48.98142288437281
257,2,24.773584144354842
257,5,20.73827084041008
257,6,22.956031721633956
257,12,24.64296721089746
257,19,20.166593710979438
257,24,20.95784683739598
257,29,20.35891487001322
258,2,7.552464997628102
258,5,15.399467328667656
258,6,0.7910999450994591
258,12,7.950231199818376
258,19,3.3398716969106257
258,24,11.663363151974131
258,29,0.1561549199549157
259,2,43.8282647202383
259,5,41.77446444175307
259,6,41.92220323504376
259,12,46.719498105822666
259,19,39.334314192809565
259,24,41.592215739359766
259,25,44.78217236010639
259,29,43.25885661828933
260,2,36.75537147460764
260,5,33.30074879176041
260,6,33.82329444903073
260,12,38.033675002942886
260,19,31.96908218384252
260,24,33.16201245247258
260,25,37.0589343015997
260,29,35.97316044650436
261,2,67.28383762898345
261,5,62.802827981575135
261,6,65.4024184634479
261,12,69.87993331794952
261,19,61.18206220455675
261,24,66.36478522436907
261,25,71.6580239701074
261,29,68.740308435721
262,2,71.9528122696044
262,5,67.22767237537572
262,6,71.68087213493584
262,12,74.15198459691992
262,19,65.93666691863424
262,24,69.98218944910562
262,25,75.69933922059944
262,29,72.38159638391379
263,2,68.00738734896852
263,5,62.27640492080594
263,6,66.2422926981133
263,12,68.62505847165495
263,19,60.56518992714143
263,24,63.63773696067558
263,25,69.30548191088147
263,29,66.2556669871398
264,2,41.40852803207464
264,5,39.125055280239316
264,6,36.64251156228737
264,12,42.05928551475799
264,19,35.2407280514587
264,24,38.51651791665407
264,25,42.18988091478452
264,29,39.85436857540647
265,2,81.76782959323333
265,5,76.99861345598526
265,6,78.02812320519647
265,12,82.36638559608967
265,19,75.07527516433746
265,24,78.62992174800503
265,25,83.34780757909908
265,29,80.87375095154918
266,2,16.595291663235244
266,5,12.793475502058971
266,6,13.407294770727402
266,12,16.451860724011855
266,19,10.754944250327155
266,24,12.759036193301391
266,25,11.553873798803163
266,29,10.060248633590703
267,2,10.177481259923816
267,5,11.606420085126143
267,6,7.408745599324995
267,12,9.933021798193428
267,19,9.043293429057197
267,24,7.167180863788026
267,25,2.744089089790653
267,29,0.7699055530993926
268,2,14.549233439600076
268,5,13.958499618906352
268,6,10.317321068398444
268,12,15.603813013085055
268,19,10.453064198005377
268,24,13.503312542619234
268,25,10.116317222264769
268,29,11.127274515785466
269,2,12.485186489254488
269,5,11.791162994429618
269,6,9.412986407136724
269,12,12.024705559350608
269,19,7.248017242948156
269,24,9.377794938026717
269,25,6.540239674580053
269,29,4.897979012324344
270,2,11.25249192432661
270,5,10.63406903074107
270,6,8.642783857102764
270,12,10.942994220161001
270,19,8.331351630347994
270,24,7.1923859414253215
270,25,4.757592570075451
270,29,3.169738842577454
271,2,7.331099323355387
271,5,9.791517348371451
271,6,6.228503406390991
271,12,6.570026211111249
271,19,9.251724114816486
271,24,5.564906794994853
271,25,-1.5226249896597768
271,29,-2.19414984873296
272,2,7.273188109837601
272,5,9.657843758282507
272,6,6.259916499531059
272,12,6.415940490333236
272,19,9.150534671267113
272,24,5.271885989984288
272,25,-0.9188224425222362
272,29,-2.323637924954756
273,2,7.056351739038971
273,5,10.085599167172347
273,6,5.847668846147763
273,12,6.415307045030047
273,19,8.818157899553754
273,24,5.984843742531325
273,25,-1.1613900750826653
273,29,-2.074607440139002
274,2,32.98975091925085
274,5,26.311672042092912
274,6,30.949100692149102
274,12,33.07972455320576
274,19,26.46570150596532
274,24,27.211466678174308
274,25,32.51245340036661
274,29,32.92802431237378
275,2,14.121975266022075
275,5,10.131285609871528
275,6,12.322434841683151
275,12,13.711561693764885
275,19,9.784685804632463
275,24,9.87357706967224
275,25,10.048360666508657
275,29,8.913330648434705
276,2,5.262039144258592
276,5,9.07292215832129
276,6,5.111981448048965
276,12,4.798965215176264
276,19,8.29079301031021
276,24,4.072304973772605
276,25,-0.9226371945083995
276,29,-1.7849188561749907
277,2,5.840452513178985
277,5,8.763145678810082
277,6,5.393066261515716
277,12,5.550185374473916
277,19,8.25693361233767
277,24,4.07751220842481
277,25,-0.38840796813337874
277,29,-1.5204888515111579
278,2,5.510722466438454
278,5,9.262768514361346
278,6,4.745401861978825
278,12,4.981886322770228
278,19,8.104471581259078
278,24,5.619572090093296
278,25,-2.1705666043107934
278,29,-2.066458511498533
279,2,7.669559820002296
279,5,8.621633245330752
279,6,4.992668467135803
279,12,7.5286530010836294
279,19,6.763732243824913
279,24,6.136615131056548
279,25,1.922042125187441
279,29,1.715011229956306
280,2,6.055435224171312
280,5,8.599325856537979
280,6,5.22250140333913
280,12,5.558700448103325
280,19,8.045198510235696
280,24,5.227935987451432
280,25,-1.3514577949632587
280,29,-1.5624532746607143
281,2,5.545766460942058
281,5,8.515547280611862
281,6,4.408333636221151
281,12,5.348259939614827
281,19,7.108446726193964
281,24,6.107933298205403
281,25,-1.1394179928855594
281,29,-0.37631030715168823
282,2,5.770329432506073
282,5,8.08855245165287
282,6,4.60442794046189
282,12,5.579281891129754
282,19,6.984519020612275
282,24,5.881923163758856
282,25,-0.694572306446533
282,29,-0.006991752823774178
283,2,6.05125111842414
283,5,8.3528064213498
283,6,4.797933386511457
283,12,6.1073124607741445
283,19,6.8351057868636165
283,24,6.030731488948673
283,25,0.002552019726296706
283,29,0.04117519789369428
284,2,5.7635547778569824
284,5,8.347858811500192
284,6,4.817489607797231
284,12,5.527010428569875
284,19,7.282732288290592
284,24,5.512025128203288
284,29,-0.4723556358661911
285,2,5.730049248208073
285,5,8.426578123897041
285,6,4.73524396858066
285,12,5.488220294990265
285,19,6.893112145959173
285,24,5.758073827013783
285,25,0.4395683733935041
285,29,0.3010596476720995
286,2,7.453418769422273
286,5,8.883426362792848
286,6,5.6600012141058205
286,12,7.491874080835287
286,19,6.680582578472293
286,24,6.229565286146977
286,25,1.95471789219095
286,29,1.2514758279301308
287,2,6.7104014095959075
287,5,8.216812052894023
287,6,5.560326705621991
287,12,6.663795663503636
287,19,7.111064000201509
287,24,5.413602215454993
287,25,0.7322131477752274
287,29,0.2495608684701578
288,2,6.580050066093884
288,5,8.485663589793365
288,6,5.407711656290011
288,12,6.567237806897229
288,19,7.054674353701629
288,24,5.516831458644162
288,25,1.003850415234588
288,29,0.3281411217729051
289,2,6.42968335262108
289,5,7.621154992957187
289,6,5.442691756920102
289,12,6.371646492162669
289,19,7.163813781349976
289,24,5.236764889953122
289,25,0.8323495962127803
289,29,0.09637794882750494
290,2,7.130073964654148
290,6,5.779792474341213
290,12,7.295823780315142
290,19,7.159514056028828
290,24,4.875781667371226
290,25,3.058628979936281
290,29,2.3631865391466436
291,2,4.914830601541334
291,5,7.542468877875976
291,6,4.283290705099579
291,12,4.5172653092584145
291,19,7.484932037839309
291,25,-1.4980893610558352
291,29,-1.528665204726508
292,2,6.757616466512223
292,5,9.313932800553038
292,6,3.995895494519258
292,12,7.04772082108739
292,19,5.4063646343200755
292,25,1.9972764784030081
292,29,2.801353847939774
293,2,12.609337404573818
293,5,10.635582227324646
293,6,10.365239604144369
293,12,12.716643498727084
293,19,8.467585381438557
293,25,8.946770360117206
294,2,4.867745153761911
294,5,9.795280611450114
294,6,3.0166038711973613
294,12,4.6117099849375105
294,19,5.386272172574231
294,25,-0.2349837490541038
294,29,1.5758367915502385
295,2,6.057812124174955
295,5,8.3044525233351
295,6,4.183466988428972
295,12,6.449940336572997
295,19,5.00039273475682
295,25,3.170000418558754
295,29,5.080551362600006
296,2,4.26721418851608
296,5,8.666911937800192
296,6,3.913942157171439
296,12,4.040995384281619
296,19,6.768596353592437
296,24,5.120109078059948
296,25,-1.2609433669580046
297,2,2.893787900594237
297,5,7.634902766122739
297,6,3.1740121335280906
297,12,2.468374890696424
297,19,6.991351083590489
297,24,5.327606615124366
297,25,-2.82071035240629
298,2,4.16213901082951
298,5,7.759823453069141
298,6,4.376399075109905
298,12,3.816225796757481
298,19,7.285700375649363
298,24,4.499384358121504
298,25,-1.26204428694564
298,29,-1.1766981335544955
299,2,5.728080795101338
299,5,7.667239628468155
299,6,5.072658616872026
299,12,5.614413040575746
299,19,6.277497567197648
299,24,5.384185715727104
299,25,2.090200155742174
299,29,3.17600300037142
300,2,2.2081400568460556
300,5,5.959029021493727
300,6,3.1425128066670753
300,12,1.6245505551767854
300,19,6.81349470028393
300,24,3.958148930628579
300,25,-2.7378054655501725
300,29,-1.4183157341381216
301,2,5.7995083681689215
301,5,6.598450541566384
301,6,4.12714289638205
301,12,6.243733543704006
301,24,7.381755100100092
301,25,4.132051055580469
301,29,6.159679073960032
302,2,6.588417804716405
302,5,8.021500061087025
302,6,4.381176727589425
302,12,7.290200171747427
302,24,9.090858593350283
302,25,5.083225502872449
302,29,7.739437081697522
303,2,3.9801787560913198
303,5,8.711985133410872
303,6,2.7616097091899334
303,12,4.157307360943994
303,24,6.946536848152852
303,25,-0.26999477501020586
303,29,1.3043971319099947
304,2,2.9229663741050724
304,5,7.936171840952706
304,6,3.123263796452673
304,12,2.521969461496862
304,24,5.477171721547539
304,25,-2.9419327549324326
304,29,-1.2510739071951003
305,2,4.436389976305146
305,5,7.941710215203454
305,6,4.401213252048502
305,12,3.9245349724682983
305,24,5.0250740324839205
305,25,-0.7352334708103809
305,29,-0.30343302171156594
306,2,11.07434684833257
306,5,9.771115371516139
306,6,9.198074221799118
306,12,12.432965402566978
306,19,9.10748340866985
306,24,11.992124125057897
306,25,12.515096553240358
306,29,15.257379030648782
307,2,10.197712298396468
307,5,9.99351732813684
307,6,8.008262007989229
307,12,11.663533864716438
307,24,12.318812711537362
307,25,8.863098357825173
307,29,11.199666396714711
308,2,19.82237336732592
308,5,17.260771109048743
308,6,15.07859542860918
308,12,21.4210615808391
308,19,14.863078983232032
308,24,21.467139088262485
308,25,22.117195610510024
308,29,24.30759688012358
309,2,6.123154756403377
309,5,10.670181199225263
309,6,4.9349925998209585
309,12,6.012651621114856
309,19,7.89602220730854
309,24,7.146234655028142
309,25,-1.2290906064023517
309,29,-0.8543760314204514
310,2,11.915966955518268
310,5,11.011513253242674
310,6,8.676558811309318
310,12,13.242126762261126
310,19,8.731520373650955
310,24,12.616145528120516
310,25,9.221192251692887
310,29,10.746032515661899
311,2,12.894675629840943
311,5,11.225197857130597
311,6,10.782920883371142
311,12,12.60632311259764
311,19,8.73093664569277
311,24,11.103491237515714
311,25,8.901190692498618
311,29,9.121918507001464
312,2,18.654052315989595
312,5,14.428690856690851
312,6,16.40849801291814
312,12,18.96700570193817
312,19,14.664211742218306
312,24,17.09720707065652
312,25,16.77107128701191
312,29,18.429504366207567
313,2,6.367142674294791
313,5,9.737408358506155
313,6,5.811600897265962
313,12,5.580611251661667
313,19,7.9758989556264375
313,24,5.807855203719568
313,25,0.5192896373738507
313,29,1.2072565145867649
314,2,3.4757012259899467
314,5,8.425148711903484
314,6,4.876617667269431
314,12,2.55983598552567
314,19,9.333339545039735
314,24,4.308292341484166
314,25,-2.6452316025624807
314,29,-2.8392029629134274
315,2,7.590824409530403
315,5,10.000885698235177
315,6,6.412142171225279
315,12,7.662648831759617
315,24,8.035554611907196
315,29,4.24046400667091
316,2,4.462522457843814
316,5,9.793702656075663
316,6,5.032898529171464
316,12,3.678964713408479
316,19,9.245489513274697
316,24,5.557144251405817
316,25,-3.7406212583582654
316,29,-2.9589854115345284
317,2,4.104918309161716
317,5,9.213163431639837
317,6,5.295039638076553
317,12,2.9328917811680815
317,19,10.201543822822554
317,24,4.914177207515467
317,25,-3.615643650455988
317,29,-3.572563233763934
318,2,7.554521107336145
318,5,9.488768770123734
318,6,6.694837661525386
318,12,7.256624027409531
318,24,6.134770430557062
318,25,1.653135083334401
318,29,1.7469305750700603
319,2,4.693071986184281
319,5,9.375010151379403
319,6,5.617261544655006
319,12,3.5489638702728836
319,24,5.102522217291223
319,25,-2.7834586966925885
319,29,-3.128214868514929
320,2,12.448813397817931
320,5,11.278886413498968
320,6,10.326839350821766
320,12,13.228614602686424
320,19,10.736976833770672
320,24,12.22277678181693
320,25,9.115133399077544
320,29,10.842591993167002
321,2,6.055218199934286
321,5,10.088028391983682
321,6,6.756258290167606
321,12,4.698119945104062
321,19,11.621577518824092
321,24,4.662102102460774
321,25,-3.3723263340448018
321,29,-4.138002138049127
322,2,7.017121608903198
322,5,10.252050796854782
322,6,7.3362712804914
322,12,5.634902315918984
322,19,11.66325290195007
322,24,4.692102031962103
322,25,-2.447352459025838
322,29,-4.179508017829283
323,2,10.351942370059508
323,5,10.647589877982991
323,6,8.426921059448052
323,12,10.159261980452694
323,19,9.903445471521621
323,24,8.456798313551532
323,25,3.925827130211581
323,29,3.115128217226195
324,2,12.332017960208177
324,5,12.823875146887893
324,6,11.286307962174105
324,12,11.667408590591444
324,19,10.365390263876751
324,24,10.463039910787243
324,25,6.071993725198105
324,29,6.026403177550067
325,2,6.118460578135066
325,5,11.849119429778783
325,6,5.530104431488035
325,12,5.060582363825125
325,19,10.61710322474155
325,24,6.221084310195771
325,25,-2.9165371777211506
325,29,-3.830441865967261
326,2,7.246231654399655
326,5,12.380467445674341
326,6,6.275353755998108
326,12,6.765236276257388
326,19,10.8328316769512
326,24,6.291294243806364
326,25,-0.9199249826989759
326,29,-1.903150794494135
327,2,9.803132868608195
327,6,8.450575288025723
327,12,9.3720471280518
327,19,9.862226434653966
327,24,11.730963555076693
327,25,2.4507088724874566
327,29,3.866554140475896
328,2,15.197769624823467
328,6,13.670823176784053
328,12,14.83528331423528
328,19,14.18460762167506
328,25,9.069326307922328
329,2,47.984799734964085
329,5,48.76912957958113
329,6,46.73322955223115
329,12,47.35558371384419
329,19,45.20692373752406
329,25,46.96804948518837
329,29,47.897034173715845
330,2,50.48312427959462
330,5,53.89829946325676
330,6,48.45749042207952
330,12,50.105461862304324
330,19,47.0329350195947
330,24,55.13193829303998
330,25,49.345555778794456
330,29,51.331982998474636
331,2,51.8697653773408
331,5,59.409825741895055
331,6,50.159683617840216
331,12,51.75726579157385
331,19,51.689496436712865
331,25,48.96089938369987
332,2,13.9864938944837
332,5,17.728633378755074
332,6,13.772703735391067
332,12,13.01013823905766
332,19,11.142220459416992
332,25,12.800888046490822
333,2,46.39146428933583
333,5,60.223078709840856
333,6,43.10959337832057
333,12,48.334801097282465
333,19,47.9074807035564
333,24,59.973999984559605
333,25,45.78365150765393
334,2,43.89934113091783
334,5,54.93586030609849
334,6,39.75775727923249
334,12,46.581533393681624
334,19,43.63239453807791
334,25,44.10626758803751
335,2,72.03330981718254
335,5,82.17031724565952
335,6,69.06749047098293
335,12,72.45206066033109
335,19,71.0745007545711
335,25,71.07574784563137
335,29,74.39147368833024
336,2,56.68996114291453
336,5,67.21078145986387
336,6,55.2247556860225
336,12,56.01853139986893
336,19,56.53171206925498
336,25,54.79991663158352
337,2,40.756748451075644
337,5,53.93680157464313
337,6,39.730363018950385
337,12,40.23457473522639
337,19,44.013773832033245
337,25,37.38456211039368
337,29,42.351611891349464
338,2,32.52556792486417
338,5,48.78554947981292
338,6,31.292020503790255
338,12,33.237319168236624
338,19,36.90909466044993
338,25,30.073586641515174
339,2,24.600414833454515
339,5,39.918493160481994
339,6,24.400668701427183
339,12,25.2835468009013
339,19,29.365639326583544
339,24,40.104748573034456
339,25,24.097701660331523
339,29,31.23677315017354
340,2,38.6990436713085
340,5,53.63487352608137
340,6,38.11858426159843
340,12,39.294641357390944
340,19,42.45888643106456
340,25,39.35069286250395
340,29,47.39179305059158
341,2,48.99503047720718
341,5,62.96966092745603
341,6,47.248579958679066
341,12,50.19050936915178
341,19,50.57935472484013
341,25,52.168031772344875
341,29,61.10568634070516
342,2,44.86211652573154
342,5,59.82879987775377
342,6,43.58054072166619
342,12,45.99040220486223
342,19,47.29497285267903
342,25,49.110283127894206
342,29,58.67638620439017
343,2,39.624993808298754
343,5,55.9586440551779
343,6,38.9331639410718
343,12,41.011371544571176
343,19,42.925771159210655
343,25,44.77941697491844
343,29,55.3693381427671
344,2,31.91985981536481
344,5,49.00693862939749
344,6,32.0823786717026
344,12,33.48420037609093
344,19,36.2239859381699
344,25,38.42278409857647
344,29,50.38321945514795
345,2,16.502417530465816
345,6,16.957086227711258
345,12,18.483559005419266
345,19,21.465427711539725
345,24,40.44003331742043
345,25,24.187352619874595
346,2,24.13300618028597
346,5,41.98938205469845
346,6,24.677690866660623
346,12,26.516806105525443
346,19,28.392072715475745
346,25,34.45682877550589
346,29,48.18278946151976
347,2,12.760215331637607
347,6,13.449455862065758
347,12,15.681467924905373
347,19,17.07660796629394
347,25,24.893149514966478
347,29,39.33977893301269
348,2,20.597359104780836
348,5,37.88008164970006
348,6,20.91613612345447
348,12,23.2960700444474
348,19,23.762604623358136
348,25,33.92840391149222
348,29,49.08746529735802
349,2,-16.3379756809854
349,6,-17.37303977622892
349,12,-12.297872697193991
349,19,-10.234979639320832
349,25,-3.761665464786457
349,29,9.866650302432758
350,2,20.78288492714626
350,5,38.27277133655557
350,6,19.980546554453127
350,12,24.38581549680943
350,19,22.708154298960846
350,25,36.027952181763666
350,29,53.919253799231385
351,2,37.60766331414814
351,5,53.281082941321124
351,6,36.21090749008128
351,12,41.39553471798675
351,19,37.215924566034396
351,24,68.86814202489983
351,25,54.628637600869425
351,29,72.10523214934369
352,2,17.62270097137615
352,5,35.666460878031025
352,6,17.64232259124928
352,12,21.423231793659948
352,19,20.159930371358957
352,25,35.131455505528905
352,29,54.23025080155103
353,2,26.243802325177132
353,5,43.61394621685428
353,6,26.09788819029536
353,12,29.59191299499331
353,19,27.885560156813124
353,24,58.09475545516978
353,25,44.048170722793174
353,29,62.450442325107836
354,2,7.105305656870112
354,5,25.34861454389835
354,6,6.227127892216668
354,12,11.479112483427215
354,19,8.242790079275615
354,25,27.10577459750133
354,29,48.29331513567526
355,2,31.7964813921447
355,5,48.204608381627594
355,6,30.93327423176265
355,12,35.895093075104946
355,19,32.269258301176194
355,25,51.51686928893172
355,29,70.65953159458296
356,2,25.61938291933765
356,5,42.35037586213197
356,6,25.22556630535997
356,12,29.687343617331692
356,19,26.798323909721603
356,25,45.71474678228537
356,29,65.70853718192527
357,2,21.610590325848747
357,5,38.28363552900987
357,6,20.764162455911368
357,12,26.341813243384077
357,19,21.74434350071583
357,25,43.927891510220974
357,29,65.50636608123867
358,2,11.789845222208413
358,5,29.514874234154185
358,6,12.021594912750825
358,12,16.143828268647646
358,19,13.990533890017044
358,25,33.08873964892812
358,29,54.96681023431536
359,2,-25.203715770678414
359,5,2.1007571874847333
359,6,-25.84743194874649
359,12,-20.451227541653918
359,19,-19.977950047811667
359,24,16.422485924410108
359,25,-8.011221393175198
359,29,15.119995581856834
360,2,11.150228256890593
360,5,27.57138865052913
360,6,10.859632711905732
360,12,15.981624003058641
360,19,12.070329845343053
360,25,34.59536583227545
360,29,56.76697626987936
361,2,-23.520446786064593
361,5,1.6311800594670132
361,6,-23.633796084806313
361,12,-18.114578305349333
361,19,-20.23279443319682
361,24,16.734035278369035
361,25,-3.338443458529511
361,29,20.763541905585605
362,2,23.393729508724206
362,5,40.82169066401811
362,6,23.496820587034517
362,12,27.739297979713047
362,19,25.489712574384434
362,25,44.74343629761974
362,29,66.13642156893013
363,2,53.64875482316974
363,5,71.40796733906922
363,6,54.615886993652516
363,12,58.88770856591699
363,19,55.49606011105343
363,25,76.9322352209146
363,29,97.96052826532343
364,2,48.92810027697724
364,5,66.02432913997224
364,6,49.929179617588865
364,12,53.830988174869574
364,19,50.73441915063765
364,25,72.23194790092505
365,2,-23.904806397377772
365,5,-1.1900593889802913
365,6,-24.140679028715823
365,12,-18.07144056602592
365,19,-22.155527668336696
365,25,-2.01361213590347
365,29,21.484877654106214
366,2,13.786659849822826
366,5,31.94841481749974
366,6,14.128383563682803
366,12,19.06188394364378
366,19,16.222028058487748
366,25,36.407882846546954
366,29,57.82939718073938
367,2,-12.69297116172482
367,5,9.464651465232892
367,6,-13.658341974753414
367,12,-5.932174457728646
367,19,-12.469962216438793
368,2,1.8299041201289725
368,5,18.107614780186122
368,6,2.736032168272228
368,12,6.69647314420693
368,19,3.914995014963946
368,25,21.318935483998857
369,2,4.965322066387863
369,5,19.467957879019746
369,6,5.93450645831183
369,12,8.957544068348138
369,19,7.15604322941725
369,24,36.431079610427034
369,29,45.96787951113455
370,2,-8.554115237073468
370,5,10.118035545435792
370,6,-7.791330135818615
370,12,-2.3335197679385296
370,19,-7.485945330307882
370,25,11.662080743621553
370,29,33.76267622112466
371,2,-13.635360296298098
371,5,4.748733507591538
371,6,-14.641582987439444
371,12,-7.451103528899804
371,19,-13.937632459826796
371,25,9.223659346959542
371,29,31.202429658110624
372,2,2.0619298345562846
372,5,15.483535069977277
372,6,2.9955389573760236
372,12,6.01357024254234
372,19,3.364849790790249
373,2,59.37009689334724
373,5,72.3980600619669
373,6,61.388996248129146
373,12,62.691802544319856
373,19,61.83958995083414
374,2,32.28196327282686
374,5,41.31653522969359
374,6,34.56822143062067
374,12,34.39653465282831
374,19,31.222828176863686
374,25,55.29692396304401
375,2,-7.190659243106001
375,5,1.1811159517290477
375,6,-5.08382904164349
375,12,-4.41739213563287
375,19,-8.632768411559152
375,25,15.119309466871252
375,29,30.76385882014356
376,2,33.487538197565485
376,5,42.94630336681054
376,6,35.31194952405438
376,12,37.782977088761754
376,19,33.18492216278221
376,25,59.436400689306666
377,2,39.280632433418226
377,5,52.26345322503884
377,6,40.600973507169414
377,12,41.974595091870796
377,19,40.431705145230396
377,24,69.20039623348744
377,25,61.03906836022472
377,29,81.35191416660696
378,2,46.159120943580604
378,5,58.25086235445286
378,6,47.58212469658008
378,12,49.09408698049305
378,19,47.22585827637641
378,25,68.15763841659682
379,2,6.11376706901504
379,5,15.909018197353195
379,6,9.883514523019127
379,12,8.310851562838895
379,19,8.521913981461164
379,25,28.088906132527235
379,29,44.95124325243285
380,2,-20.757916103650512
380,5,-4.412005014060876
380,6,-17.76948570844607
380,12,-18.018393589264747
380,19,-15.07232403719752
380,24,7.745573130814024
380,29,14.120722280899678
381,2,1.2647662009173182
381,5,11.545730588710466
381,6,5.4668680805150025
381,12,4.115080016006882
381,19,4.0252894843835705
381,25,24.038112979905126
381,29,41.994769415384816
382,2,-20.317274128389233
382,5,-11.923664388587186
382,6,-16.828653564152468
382,12,-17.26246841268079
382,19,-14.982786736406963
382,24,6.706328876735471
382,25,0.31683864098955183
382,29,15.026968896082161
383,2,-10.90642975763495
383,5,-0.9366745038929771
383,6,-7.975231265667958
383,12,-8.25374311346089
383,19,-9.667865415967292
383,24,17.68799179664293
383,25,10.668154404658946
383,29,29.965763596281967
384,2,-23.353131556901786
384,5,-6.929228214033683
384,6,-20.58486926720476
384,12,-19.877383787211603
384,19,-15.933538286288853
384,24,4.779554354392753
384,25,-6.174481156505002
384,29,11.741096959470246
385,2,-16.658308178397398
385,5,-0.42696224607589883
385,6,-15.248495860830074
385,12,-12.798411293821543
385,19,-15.452487594727293
385,24,15.398892388891026
385,25,3.506187682078388
385,29,25.642053100233902
386,2,27.15938589172412
386,5,35.109125063491305
386,6,28.140916333789622
386,12,31.29403048329893
386,19,25.06521835318556
386,24,56.817261322175
386,25,53.368136476377245
387,2,43.2349962048599
387,5,50.18817136912992
387,6,44.49343386353151
387,12,46.82115778787531
387,19,40.462168186953804
387,24,72.22630976473488
387,25,69.78141712272281
387,29,88.43068123449603
388,2,12.148843552939937
388,5,20.94391088535368
388,6,15.46058975357759
388,12,15.069452563691126
388,19,13.288267527001835
388,24,40.64860537847112
388,25,37.637944321723396
388,29,56.11573580899588
389,2,0.9588566553519655
389,5,11.333184974543418
389,6,2.6112173526259532
389,12,4.3541538654556575
389,19,0.47403298112803327
389,24,30.132824167966923
389,25,26.53089301329302
390,2,-19.737160761088298
390,5,-8.611379643375164
390,6,-17.646378762553425
390,12,-16.091562897050544
390,19,-16.671747885333502
390,24,7.645221957265603
390,25,0.09478946176965497
390,29,17.072023966954887
391,2,72.00190722851423
391,5,82.94284953749812
391,6,74.02282270029545
391,12,75.56212329486513
391,19,72.00733302120551
391,24,103.53996225344399
391,25,99.61263697233882
391,29,119.59981362964761
392,2,-15.60850115962832
392,5,-6.039166474976563
392,6,-10.618656517154967
392,12,-12.557466222231332
392,19,-11.821183589895643
392,24,13.480683464128811
392,25,9.818551863806718
392,29,27.092678017905456
393,2,54.17578596497508
393,5,66.62660415091409
393,6,56.0050560054502
393,12,59.96522947263407
393,19,53.83443516127733
393,24,87.18548592422334
393,25,82.2941133466267
393,29,103.11228887810682
394,2,50.441192588136715
394,5,62.62781483862521
394,6,52.689876463875265
394,12,55.9766786205757
394,19,50.58775473554864
394,25,78.87586564496472
395,2,8.119770951031207
395,5,15.706483096738477
395,6,8.912683510492617
395,12,12.031321773669085
395,19,3.7313672319285125
395,25,35.298052268460886
396,2,10.821422231512912
396,5,20.47920391099286
396,6,10.232859146010505
396,12,16.024932111542874
396,19,9.532675005772862
396,25,36.53956651968447
397,2,7.759844601804822
397,5,16.674058047668783
397,6,9.571570093520222
397,12,11.644654437764945
397,19,6.952649885774338
397,24,36.22381557368609
397,25,35.09282190229493
398,2,27.600627587226693
398,5,38.03345363183477
398,6,29.144897738279646
398,12,31.12814929039961
398,19,26.421095187344832
398,25,54.90403501054297
399,2,10.046083148876907
399,5,20.147947038372102
399,6,10.485002536027089
399,12,14.234497514457043
399,19,8.633819030930198
399,25,36.12656990444007
400,2,1.8380701323746713
400,5,10.969762358297682
400,6,2.347666411562539
400,12,6.441715975657264
400,19,-1.0083547969015072
400,24,30.564767118553384
400,25,27.600053121122507
400,29,44.23278741081298
401,2,31.564547742218924
401,5,39.99062045014128
401,6,32.773225683700986
401,12,35.2513203865292
401,19,30.350273592310405
401,24,59.40824443616277
401,25,55.7266004927242
402,2,11.508149575517294
402,5,22.40114812252252
402,6,11.101855099453793
402,12,16.687656806657323
402,19,11.046228139898773
402,24,43.53359164445174
402,25,37.69356235918802
402,29,59.50750985998585
403,2,-26.675104055161064
403,5,-24.330368859378815
403,6,-24.15879042228464
403,12,-20.742191816313202
403,19,-27.949722326230827
403,24,2.418321646944512
403,25,8.380595355324788
404,2,-4.215578240096821
404,5,4.5230853767758035
404,6,-1.5211483976717446
404,12,-0.05702837007636674
404,19,-4.076053725145545
404,24,25.123267863928845
404,25,22.753005080273223
405,2,-25.15354104955677
405,5,-23.435237428488016
405,6,-21.15950142967789
405,12,-20.0487394827261
405,19,-25.447873027506848
405,24,2.1799144851168117
405,25,8.721730274357938
405,29,27.875730146981066
406,2,-5.685951009590148
406,5,3.9182241468312817
406,6,-3.8917540865027647
406,12,-0.752885809151195
406,19,-6.514931123509996
406,24,24.298225313948056
406,25,20.989354260390662
407,2,3.5457292531549633
407,5,15.12906557819434
407,6,5.020807020721524
407,12,8.27745342218261
407,19,3.6578302683423978
407,25,29.818123213370285
408,2,-20.848982315294087
408,5,-22.059345402561153
408,6,-16.982971165975755
408,12,-18.37928508846742
408,19,-20.634599809620262
408,25,8.041623508289195
409,2,7.827649600878036
409,5,19.606074453322847
409,6,9.489857766691152
409,12,12.202519215547209
409,19,8.53427137639946
409,24,38.93396234444487
409,25,33.49186622135148
409,29,50.82156045454357
410,2,19.375663419286617
410,5,33.251724087059785
410,6,21.253624506857427
410,12,23.26360165943104
410,19,20.69627181823282
410,25,44.89424301033498
411,2,29.31265172233912
411,5,43.06430474081552
411,6,30.63898278252251
411,12,33.147226082165005
411,19,29.875609242885847
411,24,61.12609205135519
411,25,54.398050684261065
412,2,16.312030516661316
412,5,30.596970426493144
412,6,17.15584925783742
412,12,20.713789937772678
412,19,17.041188940887693
412,25,40.73699475721078
413,2,-1.259280090087369
413,5,10.836924828091709
413,6,-0.004622582567492373
413,12,3.3824937385590665
413,19,-0.9150490991089661
413,25,22.67523447222977
414,2,71.27043043751293
414,5,86.6647229982863
414,6,71.56118108033091
414,12,76.7171096417203
414,19,72.43035773879289
414,25,95.07812497333224
415,2,-11.266231415894776
415,5,2.650864766685965
415,6,-10.311568147776736
415,12,-6.738895074021023
415,19,-8.823450168218589
416,2,-25.730390823677762
416,5,-0.4031667196958022
416,6,-28.074468289147212
416,12,-19.823109512788655
416,19,-22.20848204801877
416,25,-9.238149965700451
416,29,13.85111539403816
417,2,7.272783203064801
417,5,20.885513820160945
417,6,8.772938064194257
417,12,11.68470270920648
417,19,9.191913193054155
417,24,38.21321244242664
417,25,29.882839319398517
418,2,-19.687540436644063
418,5,-0.39709928209147094
418,6,-20.409419886544867
418,12,-13.428904830743923
418,19,-15.649930643764511
418,25,5.209905974928483
419,2,-28.637859707241066
419,5,-5.582802037046308
419,6,-25.594859689631356
419,12,-24.761736912974783
419,19,-17.89459055888063
419,24,6.90054268469362
419,25,-13.343657798368234
420,2,-19.39090365651439
420,5,-2.680764814249157
420,6,-19.314794296412025
420,12,-13.492695802902864
420,19,-16.37004147173524
420,25,4.739078629248484
421,2,-25.660373147304036
421,5,-5.264641174440358
421,6,-24.72940278066438
421,12,-20.584010996060954
421,19,-20.390134508121232
421,24,8.935499500070648
421,25,-6.686901749775452
422,2,-25.66133921880254
422,5,-7.20970885103535
422,6,-23.979150840647634
422,12,-21.228239762281248
422,19,-18.99508356702347
422,24,6.832573982969842
422,25,-7.19058711418734
422,29,12.449471929236939
423,2,-24.48520199531594
423,5,-7.924167122501034
423,6,-22.495354182818843
423,12,-20.05416323503311
423,19,-18.577973570656894
423,24,6.059311254024424
423,25,-5.967140866519667
423,29,13.25700630971909
424,2,-17.41062668484387
424,5,-6.0448425554598035
424,6,-16.01777040659153
424,12,-12.072893294713785
424,19,-14.930677533306786
424,24,11.862504953084247
424,25,4.423720048287656
425,2,-14.596802139240646
425,5,-4.035024477385479
425,6,-13.467136404230507
425,12,-9.533663196203898
425,19,-12.41013480891644
425,24,13.46701236152658
425,25,9.340438168743843
425,29,27.237553702858992
426,2,-10.133201796002743
426,5,-0.6819207469716773
426,6,-10.26255664956267
426,12,-5.233223267370304
426,19,-8.876764383923707
426,24,16.340162820830546
426,25,12.693198945921822
426,29,30.411435016690206
427,2,-17.043256687577532
427,5,-4.437501982218473
427,6,-15.200286622599236
427,12,-13.587927574853536
427,19,-12.71251948699143
427,24,6.7494068978383535
427,25,-2.247321827350431
427,29,13.1715666552245
428,2,-12.737340009105255
428,5,-3.1538371715085045
428,6,-11.452665951329298
428,12,-8.746439913568137
428,19,-10.086022069976343
428,24,10.37053143811679
428,25,3.164730216955354
428,29,18.43896333972156
429,2,-12.907709565748103
429,5,-2.0910210810005854
429,6,-11.81989370371634
429,12,-9.621261845198466
429,19,-9.927468696288342
429,24,9.123277997021956
429,25,0.8682904395550486
429,29,15.310424064919363
430,2,-12.334056818353353
430,5,-1.9601380055816477
430,6,-11.834113993001582
430,12,-10.035073882970485
430,19,-9.294289333880295
430,24,7.087458172172155
430,25,-0.8600014968192013
430,29,12.412406630019749
431,2,-13.944699135834794
431,5,-2.750743580902144
431,6,-13.39696707457276
431,12,-11.83364591207432
431,19,-10.219315587837249
431,24,4.132799831672017
431,25,-4.765195492464428
431,29,7.32918841597847
432,2,-12.547313518439822
432,5,-2.1399171423522976
432,6,-12.109677687201712
432,12,-10.544986651540789
432,19,-9.041836828317171
432,24,4.691764515932442
432,25,-3.536707896163323
432,29,8.013177379859139
433,2,-6.31162427807538
433,5,1.7659339874287063
433,6,-5.4155852622496585
433,12,-4.0806804464288895
433,19,-3.472212307414159
433,24,9.625671214499139
433,25,6.454906893871437
433,29,19.402142066920064
434,2,-13.754326915369125
434,5,-1.9885022764427944
434,6,-13.174233164387937
434,12,-11.990546252728588
434,19,-7.7379897298611535
434,24,2.5590137264718917
434,25,-6.804281428791593
434,29,3.231079622417626
435,2,-11.033481147136301
435,5,-0.8935430366126624
435,6,-10.929088545266358
435,12,-9.265359221851496
435,19,-7.478472022583782
435,24,4.221532997780546
435,25,-4.3346912739702645
435,29,5.841400488601692
436,2,-10.677238036107598
436,5,-0.840805325148736
436,6,-10.627115658132317
436,12,-8.986324034183577
436,19,-7.127653178938424
436,24,3.8198872443622305
436,25,-4.325434723941283
436,29,5.423169528252365
437,2,-12.630245199696839
437,5,-1.580610278341922
437,6,-10.59592240226232
437,12,-11.462544899672611
437,19,-4.994750230075443
437,24,1.8238019612569982
437,25,-7.543575242185665
437,29,1.1763374525007322
438,2,-13.233667293389095
438,5,-1.8196907389038994
438,6,-10.777108386766336
438,12,-12.142602365243873
438,19,-4.772600805035726
438,24,1.4407115479439097
438,25,-8.097195532516016
438,29,0.5309679504402816
439,2,-12.753488969544524
439,5,-1.5263411456549427
439,6,-10.766757324622025
439,12,-11.514646161460897
439,19,-5.2172774401590996
439,24,1.8661183367936478
439,25,-7.586476483380022
439,29,1.4150894383811448
440,2,-13.31905643533809
440,5,-2.1241271093128233
440,6,-10.887691117273706
440,12,-12.282546415289596
440,19,-5.003578319117894
440,24,1.441602094884613
440,25,-8.007551429553757
441,2,-10.176984144457526
441,5,-1.266711016382164
441,6,-9.69105786768199
441,12,-8.714412310459938
441,19,-6.112604575881896
441,24,2.915336615388655
441,25,-4.447171343169298
441,29,4.704673524339915
442,2,-12.204962947054506
442,5,-1.726884418962527
442,6,-10.29244924068138
442,12,-10.646784128798824
442,19,-4.7663997678319365
442,24,1.324192464629896
442,25,-6.589766414501583
442,29,1.7396367380410895
443,2,-11.105547628747498
443,5,-0.9350567855652869
443,6,-9.04073021183282
443,12,-9.887947722108878
443,19,-4.18046820798982
443,24,2.003921563162125
443,25,-5.481471009455258
443,29,2.470843250052866
444,2,-11.663755718361273
444,5,-0.5964607764667136
444,6,-9.511691717875348
444,12,-10.442269040089773
444,19,-4.182358122943413
444,24,2.0364113750335755
444,25,-6.433523775131252
444,29,1.6482450015683519
445,2,-12.755898283143308
445,5,-0.9687439497998973
445,6,-10.403245182528805
445,12,-11.737768968959653
445,19,-4.128217679937174
445,24,1.8968251536464842
445,25,-8.62992013564887
445,29,0.1412138756597905
446,2,-12.87692293307689
446,5,-1.301240603992646
446,6,-10.580450106656022
446,12,-11.75265111814385
446,24,2.228646642695512
446,25,-8.340790397804822
446,29,0.621902813102496
447,2,-12.12399454148113
447,5,-1.818823799852538
447,6,-10.476894229409762
447,12,-10.667838208493883
447,24,2.029045723406378
447,25,-6.431924515507072
447,29,2.2706473622046426
448,2,-11.700600398675459
448,5,-1.3945004344084406
448,6,-10.328346075266623
448,12,-10.277491648248926
448,19,-5.131070410241218
448,24,2.3058346528184908
448,25,-6.295455034392845
448,29,2.4006674393077034
449,2,-11.927959582926187
449,5,-1.3508302819881362
449,6,-9.18419229141231
449,12,-11.246838452742535
449,19,-3.25765705699847
449,24,1.0369776399849806
449,25,-7.57092630616391
449,29,-0.17319621331641422
450,2,6.722515414136653
450,5,12.10617172513843
450,6,7.31222490064075
450,12,8.47603958338792
450,19,8.990064503250524
450,24,16.49146030622573
450,25,18.46422911871511
450,29,29.169175443518302
451,2,18.86520832663592
451,5,22.9798011147235
451,6,19.807376022828777
451,12,20.07313321437082
451,19,20.508165281456783
451,24,26.224731741605822
451,25,28.149643008725572
451,29,37.213746740355504
452,2,0.7701168068670023
452,5,4.824391414435699
452,6,0.48392746142812015
452,12,0.9077989743405261
452,19,3.1185364333195453
452,24,5.5018963072975655
452,25,0.9225662721858672
452,29,5.9713174956371695
453,2,-3.7432208836259946
453,5,3.4144734228857976
453,6,-1.2602194973503549
453,12,-4.140165606981444
453,19,4.737334603898331
453,24,1.029162075347712
453,25,-6.748227477589945
453,29,-3.965560585644572
454,2,-1.2696678987817664
454,5,4.750183491082627
454,6,-0.9927236880455785
454,12,-1.5004416636887337
454,24,2.1515278834270637
454,25,-3.839397491486084
455,2,-3.269513541049487
455,5,4.659006168371846
455,6,-0.9854299575023955
455,12,-3.8795760954065788
455,19,5.2771868692288395
455,24,1.441176054482296
455,25,-6.707364168427843
455,29,-4.676968792802409
456,2,-2.8733357611370867
456,5,4.198192176508128
456,6,-0.3805109892672007
456,12,-3.3259834421784435
456,19,5.8364752979056505
456,24,0.9534604728201566
456,25,-6.563224943484348
456,29,-4.922147174421361
457,2,-3.13845521000147
457,5,4.411707052680571
457,6,-0.8688414952865138
457,12,-3.384815172363489
457,19,5.202644815020481
457,25,-6.415139530103586
457,29,-4.443559799487679
458,2,-2.799691441417713
458,5,5.062937189081796
458,6,-0.6801257751126508
458,12,-2.7110539930551667
458,19,5.20576984083199
458,25,-5.6801265818635445
458,29,-3.5303267425339357
459,2,4.76155581479542
459,5,7.37437773810733
459,6,4.212818400627226
459,12,4.399486423978409
459,19,7.163229110418298
459,24,5.840542732586926
459,25,3.390847504553114
459,29,6.065507898773798
460,2,-0.5019545709367312
460,5,4.9191676621402785
460,6,1.5880959283038543
460,12,-0.9718710607984906
460,19,6.907345721428755
460,25,-4.822387096644612
460,29,-4.287652069724764
461,2,27.626431307297477
461,5,25.69281240678621
461,6,28.55410819776375
461,12,27.23986357034855
461,19,27.61028233864978
461,24,25.019399879265855
461,25,31.280063619921926
461,29,33.014601867067725
462,2,-5.021086669069311
462,5,3.815978448800098
462,6,-1.428356397420699
462,12,-5.898968930895634
462,19,4.921336237409129
462,24,0.14012581082256492
462,25,-8.708953787068813
462,29,-5.0603576515480855
463,2,-5.58684873071388
463,5,3.260795029948487
463,6,-0.7559446581236524
463,12,-6.862041928711924
463,19,6.781921753181646
463,24,-1.1319286824507206
463,25,-9.523839355433951
464,2,-2.413027485168744
464,5,4.2955334045245035
464,6,-0.11881080120642684
464,12,-3.7449052387965764
464,19,4.595961779903735
464,24,0.6750945952979714
464,25,-6.397137709513611
464,29,-4.837694643094569
465,2,0.659383466657097
465,5,4.527288694490194
465,6,2.985880441176899
465,12,-0.7615694535505915
465,19,7.365305747137393
465,24,1.344858687286509
465,25,-1.393608538758834
465,29,-2.5324558756307196
466,2,-2.8061523890836213
466,5,2.4086820055603555
466,6,-0.33308763119250795
466,12,-4.441744762741894
466,19,5.787694593600538
466,24,-2.8362568856484387
466,25,-7.094329259298484
466,29,-7.642742351143868
467,2,5.25117699520591
467,5,6.1822304911052015
467,6,7.397585462543622
467,12,2.692501221163602
467,19,10.477955449795754
467,24,2.2426598589554434
467,25,4.22033539012748
467,29,-2.0516535553817707
468,2,6.869104394994751
468,5,6.319252963700513
468,6,10.16203929101046
468,12,5.928074701471521
468,19,10.551493157406702
468,24,5.37578591246328
468,25,6.502935144028331
468,29,4.431689903432706
469,2,7.8636526677252485
469,5,8.396818445087254
469,6,11.444605182078693
469,12,6.5235438542670785
469,19,11.985274108615865
469,24,6.86079438631766
469,25,8.950395334390954
469,29,7.181181604604069
470,2,22.563202933060715
470,5,22.912009664338548
470,6,24.943092182705836
470,12,20.923143200973463
470,19,27.197094952383452
470,24,18.921451779563714
470,25,23.035014015720044
470,29,20.68607991822085
471,2,10.99932043652204
471,5,10.68512241589389
471,6,12.549011668287308
471,12,8.80472408372221
471,19,15.264181305337614
471,24,5.880291961924673
471,25,9.036023646989944
471,29,2.7460249671890335
472,2,-2.882950558593497
472,5,3.5696444151188844
472,6,2.160753213378616
472,12,-5.501523242828762
472,19,10.620557406659714
472,24,-5.232065014113681
472,25,-10.89442688581481
472,29,-13.162705899334266
473,2,-0.5840853083325528
473,5,3.769447040037815
473,6,2.750869522399945
473,12,-2.136516099850004
473,19,9.773494375938494
473,24,-2.9601645047548635
473,25,-5.636806683524654
473,29,-8.18612887013503
474,2,-0.6617006151035825
474,5,4.140888279437419
474,6,1.629242365972895
474,12,-2.6167522702162014
474,19,8.110966272801043
474,24,-2.067622844339604
474,25,-7.008839749199182
474,29,-8.759054082425802
475,2,-1.4587140093358095
475,5,5.131966663055859
475,6,0.3583392757734115
475,12,-2.996524161352848
475,19,6.596594129739323
475,24,-1.433679088167517
475,25,-7.596068021961224
475,29,-8.116190176566292
476,2,-1.5946890712166542
476,5,3.763118433396187
476,6,1.9959724302813604
476,12,-3.197354937070077
476,19,8.633690853534189
476,24,-3.450386578172756
476,25,-6.563452127097781
476,29,-8.696144036676149
477,2,-1.6625826316495371
477,5,3.405803598519916
477,6,0.9577593445624831
477,12,-3.224168143417956
477,19,7.307263021583455
477,24,-3.1790773190976687
477,25,-7.617871414351049
477,29,-8.54717624058533
478,2,-2.804060917629601
478,5,3.935815692726022
478,6,1.11341999192065
478,12,-4.5500456291561
478,19,8.562384206913867
478,24,-2.663272282667384
478,25,-9.87404430747448
478,29,-10.812248496033295
479,2,3.236391581009112
479,5,5.241328279062715
479,6,5.07212651682755
479,12,1.467165711646155
479,24,0.696088853679167
479,25,-2.8382032566801243
479,29,-5.135631711860477
480,2,4.012709848866084
480,5,5.976419438874737
480,6,6.182055165190717
480,12,2.900486728112229
480,24,2.724592975081343
480,25,1.549977258603128
480,29,-0.2126471081461171
481,2,9.06203016336343
481,5,5.862087984410569
481,6,11.860165821374782
481,12,9.409162735912014
481,19,11.03347021811096
481,24,5.6214584123576
481,25,7.799245256836834
481,29,7.556507120905813
482,2,39.87140348605422
482,5,38.935722944367456
482,6,44.97526052303117
482,12,41.631076868116224
482,24,40.28170850468278
482,25,40.74085759492039
482,29,39.4422175445329
483,2,60.92817383897734
483,5,61.60065783890716
483,6,66.3992593811101
483,12,63.00446343464566
483,24,61.5544704235305
483,25,66.4189728236322
483,29,63.495038011482784
484,2,42.39693317137187
484,5,41.59487260392626
484,6,47.08908827915214
484,12,44.1396201296223
484,24,45.564946838653796
484,25,46.46798589067049
484,29,46.97001803837312
485,2,-5.900127460295545
485,5,-1.2349199020928738
485,6,-0.9778367003562032
485,12,-7.346980023292593
485,24,-6.330544821206705
485,25,-8.590219927096655
485,29,-9.079735832566577
486,2,51.229859214539225
486,5,50.96811410526236
486,6,52.95734190740166
486,12,52.56518112287102
486,24,52.704776451549755
486,25,56.90536664518219
486,29,57.71550562283116
487,2,29.731928762202926
487,5,26.902327899897294
487,6,33.27218396998821
487,12,30.672292076163643
487,24,31.299701399381156
487,25,34.47138111682669
487,29,35.54011027014952
488,2,12.610183577556665
488,5,17.68163653876753
488,6,15.336084596461102
488,12,13.072768384462798
488,24,14.991948900487508
488,25,19.187995582614356
488,29,19.41981979087074
489,2,88.26458458919015
489,5,87.375650394918
489,6,91.78698541957021
489,12,89.17165580884205
489,24,90.27423984745786
489,25,95.779940152799
489,29,98.0154396811151
490,2,32.31274011504079
490,5,29.079799660824957
490,6,35.13895819663118
490,12,33.83970995194126
490,24,34.49152468657529
490,25,39.37048290845885
490,29,38.54485753516334
491,2,60.130846132764546
491,5,59.52947856526068
491,6,63.84785672102462
491,12,61.985137777979794
491,24,63.390811823038554
491,25,68.70793414937188
491,29,69.73228631717164
492,2,60.53167955355624
492,5,60.43504795265561
492,6,64.4841075902509
492,12,62.67722582038639
492,24,63.68601521739626
492,25,69.72647386657421
492,29,69.88428213852156
493,2,65.17607880283842
493,5,65.51328526859741
493,6,69.0837514890497
493,12,68.09053312394686
493,24,68.51764160232769
493,25,74.19236571471174
493,29,75.09290294151607
494,2,58.97622547808623
494,5,59.047719530014774
494,6,64.42114572073793
494,12,61.44615810274439
494,24,62.89930935646972
494,25,68.53555382498806
494,29,68.01598733855954
495,2,63.24026295023333
495,5,64.15362118741699
495,6,69.34212447542006
495,12,66.56343866085636
495,19,65.37829705465913
495,24,67.73351027229202
495,25,74.13777658627268
495,29,73.81644111550365
496,2,44.42674405254336
496,5,44.67668665169078
496,6,51.60529802634719
496,12,49.98629987628307
496,19,47.22986496255538
496,24,49.855821487948894
496,25,55.91436342448433
496,29,54.50939484306508
497,2,46.32200322744495
497,5,47.10053910621893
497,6,52.49593923286151
497,12,51.842181774030095
497,24,52.41552103734258
497,25,58.13390101229213
497,29,57.75461044984174
498,2,55.350254195709866
498,5,55.440909397626335
498,6,61.813720510459085
498,12,58.24511439082709
498,19,58.49706373378371
498,24,60.90747222746972
498,25,66.63466296607548
498,29,67.43917004574716
499,2,38.39244636365699
499,5,39.87363993729867
499,6,45.732451551415764
499,12,44.00654896404828
499,19,41.79095488517309
499,24,43.4979538387054
499,25,50.53470548136805
499,29,49.72801729954355
500,2,97.73254742301123
500,5,97.68546199265995
500,6,102.8880810131253
500,12,100.16277285383359
500,19,99.71255323179068
500,24,102.88773433348955
500,25,109.52706095564035
500,29,113.74308419585519
501,2,19.483804606487677
501,5,17.148391521935608
501,6,24.527997967211974
501,12,22.175140684234087
501,24,23.801638673070993
501,25,29.17847240157773
501,29,32.44499565108915
502,2,69.64091337442582
502,5,67.2008821162647
502,6,73.05166489234998
502,12,70.11691909139434
502,24,73.0076157786674
502,25,80.01347775433088
502,29,81.34696549021386
503,2,-4.562620835667104
503,5,-13.205015041689087
503,6,-1.9063240863421553
503,12,-3.394601480657233
503,24,-0.2697134839522741
503,25,12.859948505364427
503,29,19.08182809073
504,2,44.20592799098118
504,5,43.17788484157138
504,6,47.21421675160966
504,12,45.390350664344425
504,24,48.14533243955814
504,25,53.608608777690286
504,29,58.46885310009678
505,2,32.93734964416255
505,5,33.902950716677566
505,6,36.019662369117654
505,12,38.67871937773674
505,24,38.412578704045394
505,25,47.489870852376974
505,29,49.53025964644819
506,2,34.21076723525337
506,5,36.13726522846483
506,6,37.6175084283007
506,12,39.87218233756932
506,24,39.546196814157916
506,25,47.345880673652054
506,29,50.24588192482736
507,2,32.847425361727346
507,5,34.07878321106081
507,6,36.212552378833166
507,12,36.79971517443103
507,24,37.69898637837301
507,25,44.91976016023346
507,29,47.0488058118282
508,2,33.84656607528748
508,5,36.23007001759821
508,6,37.20644504670891
508,12,38.76381826461951
508,24,39.15092707993552
508,25,46.81252610704254
508,29,47.76776200983813
509,2,67.66645074426869
509,5,71.18605328004489
509,6,72.36645219030079
509,12,70.61976425390182
509,24,72.82149450193296
509,25,79.78113781834313
509,29,80.14799927662575
510,2,70.33412217966776
510,5,74.2314356041661
510,6,74.25781259294646
510,12,73.45483834497428
510,24,75.82255635467332
510,25,81.57922608545948
510,29,82.03546918470512
511,2,65.9136005907303
511,5,67.83704557001045
511,6,69.73143171000702
511,12,68.46675121463882
511,24,68.69228814549442
511,25,76.92258748807866
511,29,76.11866197839501
512,2,82.46457826000676
512,5,85.92366612557448
512,6,86.29503854079361
512,12,85.52907479001746
512,24,87.06274019240679
512,25,92.07950952567619
512,29,92.06912758078852
513,2,83.81024661917505
513,5,88.01344485595156
513,6,87.51454619532748
513,12,87.26432472220435
513,24,89.13802858825595
513,25,93.10983543028206
513,29,93.60423512895404
514,2,67.79673491903752
514,5,72.23845617643019
514,6,70.2620526734172
514,12,71.21780621993808
514,24,73.01458053291432
514,25,77.34599211551101
514,29,77.4515761008807
515,2,69.889340799985
515,5,74.37409157212036
515,6,72.35128100523957
515,12,73.05403763463188
515,24,75.07862138574716
515,25,79.36144066595935
515,29,78.3592874770844
516,2,93.91098746870489
516,5,97.89553307164708
516,6,96.82964316803194
516,12,97.54252012997165
516,24,98.5091500700691
516,25,101.59877992065704
516,29,101.29253170639933
517,2,61.571407929687915
517,5,66.36451073707921
517,6,63.349488158229434
517,12,64.98362088656938
517,24,66.81181724485523
517,25,68.75375756039524
517,29,69.04011439924606
518,2,23.513722229482934
518,5,28.764187596563083
518,6,23.761072270582545
518,12,27.184136999744698
518,24,32.54864316301106
518,25,30.20200172778978
518,29,33.51611315103683
519,2,71.75501997586817
519,5,76.28668246576979
519,6,74.08677860700948
519,12,75.04667910442988
519,24,76.74135073263493
519,25,77.86690871057016
519,29,77.41090925039506
520,2,93.87237845477121
520,5,97.4595498501264
520,6,96.541714558706
520,12,97.49700159521404
520,24,97.7989527863534
520,25,99.95702792975189
520,29,99.88790820376646
521,2,52.52824894947228
521,5,56.54014309388043
521,6,55.31967169070278
521,12,57.500387173491006
521,24,56.15851539492225
521,25,59.955747380490294
521,29,58.98073409502714
522,2,71.90835931032458
522,5,76.73230402193951
522,6,74.05345380592672
522,12,75.70152736143227
522,24,77.18914155473952
522,25,77.45712114959933
522,29,77.40416882187476
523,2,95.46918857715782
523,5,99.8096326442978
523,6,97.88300800880202
523,12,99.59941835801467
523,24,99.84575452428042
523,25,101.45762948313194
523,29,101.06944873897552
524,2,100.95072896634487
524,5,104.62637038347023
524,6,103.04588042432181
524,12,104.64716370331084
524,24,105.88008168867769
524,25,105.60810342645694
524,29,105.12999606452743
525,2,94.47661319215375
525,5,98.06156984770539
525,6,96.71198141535928
525,12,98.36732428554595
525,24,97.81396972933898
525,25,99.91907669703596
525,29,98.79669186948355
526,2,46.653975036583454
526,5,49.47465924437133
526,6,47.443607169430244
526,12,51.65448055166807
526,24,49.83839110503787
526,25,54.338371075508334
526,29,51.95391996484816
527,2,96.88461361177647
527,5,99.89281822324719
527,6,98.05551008656482
527,12,100.10117097325778
527,24,98.96967563652147
527,25,101.28036209903776
527,29,99.93304428780904
528,2,69.80675307303716
528,5,74.76218363136117
528,6,70.7027040240342
528,12,73.90429993858442
528,24,74.01312730128636
528,25,74.64527701051485
528,29,73.53180407432117
529,2,44.23657901311378
529,5,45.513046170929286
529,6,43.38971794107135
529,12,45.3691145453942
529,24,44.81990715964297
529,25,45.11446108275017
529,29,46.438827676419464
530,2,96.73884106576203
530,5,100.38403646482246
530,6,97.70322072339988
530,12,100.1490164552706
530,24,98.53850754205332
530,25,100.6461376159282
530,29,98.82731899861106
531,2,51.3116274385461
531,5,55.48694670447487
531,6,51.71841429297835
531,12,56.172532204733116
531,24,53.827680396825556
531,25,57.433540961196485
531,29,55.15578067380767
532,2,88.54921210010964
532,5,91.92309950335482
532,6,89.29984954881895
532,12,91.78030570860359
532,24,89.78289731579221
532,25,92.69780368414052
532,29,90.09323519307772
533,2,75.74263696955754
533,5,76.46226195194389
533,6,75.70278572987066
533,12,75.41583636302177
533,24,75.7194608313117
533,25,76.2997542052265
533,29,75.62932377707298
534,2,76.20108738581702
534,5,77.47257628986577
534,6,76.48137215052829
534,12,76.41462386694712
534,19,75.10160552832536
534,24,77.14603575390191
534,25,77.0494119929144
534,29,75.49550786718017
535,2,53.901550844893976
535,5,56.70327172291836
535,6,55.56527164207312
535,12,55.92016263909615
535,19,54.621093490677026
535,24,56.76856329815841
535,25,55.22343977421327
535,29,52.20286764058265
536,2,18.47179208391659
536,5,21.888192563422194
536,6,19.057931049003244
536,12,19.531237969036432
536,24,19.529956864469337
536,25,18.395711906676738
536,29,16.76726856056814
537,2,5.784506009063154
537,5,8.454261738364652
537,6,6.292778460725991
537,12,6.7550413036605015
537,24,4.879618672693745
537,25,3.9535248262372966
537,29,-2.538830023828288
538,2,13.194832955750627
538,5,15.082804077818679
538,6,13.604294969424881
538,12,14.055477218174929
538,24,14.668957419538826
538,25,13.081845926435237
538,29,12.762105306435954
539,2,46.95675824728477
539,5,49.00784471965008
539,6,48.62471330357095
539,12,49.257431065345195
539,19,46.92238154697238
539,24,51.45353200322672
539,25,48.50053203990495
539,29,48.212502650931796
540,2,50.52383209643117
540,5,53.022889017834025
540,6,52.61976815310477
540,12,52.88727430295323
540,24,54.81562064066119
540,25,53.20662245905952
540,29,51.676450776024915
541,2,54.739435383060695
541,5,57.703181012972415
541,6,56.909590545628404
541,12,57.283090665490214
541,24,58.83781489156568
541,25,58.224367871434175
541,29,56.2018746105623
542,2,14.583158326151002
542,5,14.07200525726182
542,6,15.460088055436355
542,12,16.674951518611127
542,24,17.51085427698653
542,25,16.163155267524576
542,29,17.53678522308416
543,2,21.840573260743017
543,5,23.28916183249391
543,6,21.33487674175207
543,12,24.0773250144142
543,24,24.192606093906942
543,25,24.394180537748362
543,29,23.503040903277117
544,2,26.92219286885073
544,5,28.701707320034867
544,6,28.76708147245716
544,12,29.34768484327759
544,24,33.636492668087534
544,25,29.388867862696316
544,29,31.583442574582193
545,2,75.44625006235096
545,5,77.77515558879877
545,6,75.81706578493777
545,12,76.85713758278807
545,24,79.94884825690819
545,25,79.93168250260254
545,29,80.26093741435513
546,2,20.20056179304845
546,5,24.362098344343945
546,6,21.013193465367035
546,12,22.924985994212978
546,24,25.788435397665157
546,25,24.39188935892828
546,29,24.49240609994612
547,2,31.501113904393435
547,5,35.699723606787074
547,6,29.63204234174011
547,12,33.05423732703267
547,24,34.74294224278141
547,25,34.54147247335109
547,29,33.28817179076283
548,2,72.40718987875583
548,5,74.45272602239396
548,6,71.79424923611877
548,12,73.46631199657214
548,19,72.85471397635143
548,24,76.45896688109606
548,25,77.08393265767535
548,29,77.04262185740461
549,2,27.912652570039402
549,5,31.186368926424564
549,6,25.30878564885422
549,12,29.514306956382374
549,24,30.550984189016436
549,25,30.98044113157507
549,29,30.026998787635854
550,2,-3.6367667335161227
550,5,6.651288563327663
550,6,-3.6865862988204476
550,12,-3.087643714033285
550,24,4.323789648816065
550,25,-6.747547582377605
550,29,-4.408276643809376
551,2,-3.8223760441542463
551,5,6.11944764641886
551,6,-3.576534368830732
551,12,-3.306492668637309
551,24,3.6049189979384186
551,25,-7.2120812024930405
551,29,-5.129424326205461
552,2,-3.8926549920112947
552,5,5.822462548608005
552,6,-4.055487669569497
552,12,-3.2573056418125894
552,19,1.3000975217750597
552,24,4.401015598958549
552,25,-6.094866855564259
552,29,-3.6270338609081634
553,2,-3.859161784315938
553,5,3.5314627782400985
553,6,-2.8813680366040026
553,12,-3.4348256123257315
553,24,1.0814483921691531
553,25,-6.300032260499433
553,29,-5.635286792331513
554,2,-3.427351691022337
554,5,-0.768937726229824
554,6,-1.6905224694941072
554,12,-3.658897149069925
554,24,-2.419023271893052
554,25,-5.103275608861639
554,29,-5.978467515756972
555,2,-2.268227478707134
555,5,-4.4646075397966705
555,6,-1.509349679989306
555,12,0.15678326123179565
555,24,-0.5472032586174027
555,25,0.27127173144568606
555,29,0.9662796727922291
556,2,6.460768090327706
556,5,7.454206486901225
556,6,8.175662157574651
556,12,9.275144362569966
556,24,14.225296740434308
556,25,11.976898569689482
556,29,12.49193104974235
557,2,9.371344875836265
557,5,6.116918844672776
557,6,9.900919056938106
557,12,10.128083002693572
557,24,10.888890226408389
557,25,13.212120618172914
557,29,14.466463219260458
558,2,10.12725111458348
558,5,9.436385134829765
558,6,10.089793758428048
558,12,10.341981922569714
558,24,12.718467449274813
558,25,11.475027594273914
558,29,12.795295764173266
559,2,9.54458034702945
559,5,6.311556227721921
559,6,11.261677186987933
559,12,9.2250404747629
559,19,10.027371522063014
559,24,8.586660440894546
559,25,12.176265217436871
559,29,12.466328101421984
560,2,10.856081475236923
560,5,5.711142100663551
560,6,12.719436463741463
560,12,9.988480719191319
560,19,13.07118849436792
560,24,8.773561245625391
560,25,12.77344658281134
560,29,13.776799013603632
561,2,10.189069906955012
561,6,11.470599856687297
561,12,9.196919266153394
561,19,11.523771594404264
561,24,8.788039595962218
561,25,11.08772951718229
561,29,12.403801521358329
562,2,11.036717060176755
562,6,11.814537947520705
562,12,10.48724747134295
562,24,10.208950529343895
562,25,12.661086318815503
562,29,13.899782661043858
563,2,11.47235357104028
563,5,8.265435806735338
563,6,12.609574144496431
563,12,10.811025246741208
563,24,9.854632818737034
563,25,12.91580902543116
563,29,13.977824298228894
564,2,13.373528067856228
564,6,14.714881336459113
564,12,12.81350562017623
564,19,11.951740603965806
564,24,16.06062110871347
564,25,14.677932053131963
564,29,13.579435500967938
565,2,10.07170962206798
565,5,10.046997239044495
565,6,12.093533650376283
565,12,9.766469958533417
565,24,13.441501918665718
565,25,10.7248689106551
565,29,10.99654674279669
566,2,16.512166893353932
566,6,13.86860934135391
566,12,16.2664201285185
566,19,11.67914673264804
566,24,19.088856527741513
566,25,16.804660240194206
566,29,17.342762809477854
567,2,9.265371247433782
567,6,12.1252726073491
567,12,8.481411132718081
567,25,9.05086955825981
567,29,8.52693771533278
568,2,15.692592320154535
568,6,17.161095874794896
568,12,14.378078256332113
568,19,15.681958149184075
568,25,17.254185389744762
568,29,15.78312397687573
569,2,13.479126697021204
569,6,16.653779813605222
569,12,13.14571583838675
569,19,15.224554313134025
569,24,13.968500917839417
569,25,15.160195344053863
569,29,12.459011035310185
570,2,12.106960410927908
570,5,8.861311630790983
570,6,14.811430608716824
570,12,10.969007168172428
570,19,13.275670333890142
570,24,10.373863322101347
570,25,12.649129719494955
570,29,10.30048878649354
571,2,12.116966714471754
571,5,8.096433171589037
571,6,14.656636035981709
571,12,10.949524875080343
571,19,12.56387839602526
571,24,9.723191451043887
571,25,12.26156987214904
571,29,10.12263723021975
572,2,11.544147870003052
572,5,9.220760474164425
572,6,13.839171354039186
572,12,10.325537847155935
572,24,11.100863391069332
572,25,10.723253669730001
572,29,9.191912583971664
573,2,11.629416537244554
573,6,14.03348193084392
573,12,10.440809881517255
573,24,10.179085277251861
573,25,11.528584555079577
573,29,9.72888850175757
574,2,10.946854934156516
574,5,9.105054811412689
574,6,12.911618451048952
574,12,10.122352287934016
574,19,10.7017636769387
574,24,10.914324587729748
574,25,10.196503962384742
574,29,8.660127428666794
575,2,16.154795929983653
575,5,18.379370232184645
575,6,14.817571998454007
575,12,16.046534068502982
575,24,17.5981890603184
575,25,16.991106408199748
575,29,15.812348444533756
576,2,11.119888743170758
576,5,12.193254888262121
576,6,12.501520269453081
576,12,10.34578957014502
576,19,11.723160900661238
576,24,13.574630041457837
576,25,9.736058717096661
576,29,9.815738048420675
577,2,11.14326129603386
577,5,11.426844601963026
577,6,14.538652972670587
577,12,10.099555313489427
577,19,14.90475174917288
577,24,11.276344913248378
577,25,10.984731563190087
577,29,9.371582840385178
578,2,9.202544421214501
578,5,10.42601606810341
578,6,12.520293637915467
578,12,7.973662960660065
578,19,12.772069839430912
578,24,12.138965220123119
578,25,8.171076958945424
578,29,7.120073712201101
579,2,9.782974258191194
579,5,7.701856120267295
579,6,13.48386676034176
579,12,8.244031301995465
579,19,13.892768017511113
579,24,8.584156114483179
579,25,8.496643390873016
579,29,6.502149797264389
580,2,9.841652077549302
580,5,9.642722081147728
580,6,13.953420146465934
580,12,8.344990902948219
580,19,13.566795576130032
580,24,10.592574949807688
580,25,8.369926151086501
580,29,7.318771030653369
581,2,10.489045826414003
581,5,11.05300500629653
581,6,14.453559843383372
581,12,8.701101762029726
581,19,12.629236465619147
581,24,11.41780553863605
581,25,8.7321457833461
581,29,7.890079536469063
582,2,9.460074615576055
582,5,10.326261857762338
582,6,14.017347232191506
582,12,7.9123346825571845
582,19,12.796206289657077
582,24,10.489390143569214
582,25,7.801253309011754
582,29,7.14315794108982
583,2,12.5183606916424
583,5,11.453437200175207
583,6,17.076231308954146
583,12,10.527788901547602
583,19,16.110969299241255
583,24,10.943429222167596
583,25,11.282861677347901
583,29,8.867378883777153
584,2,14.302880905992145
584,5,12.920663645533406
584,6,18.480828834448484
584,12,12.048550485299582
584,19,18.364132144570195
584,24,12.664627818623726
584,25,12.848231884777018
584,29,10.007195142095632
585,2,24.598653549900916
585,5,23.566553282114505
585,6,26.744219626869768
585,12,22.803374837941274
585,19,26.737341339755034
585,24,22.10706450516865
585,25,24.526341893989347
585,29,21.048308093950933
586,2,9.115500085275968
586,5,-1.300945319938321
586,6,13.567137789779952
586,12,8.044128689172481
586,19,11.688192448255567
586,24,0.5889641839175773
586,25,11.4425409038126
586,29,8.436315288017777
587,2,4.796453940016692
587,5,-5.4696746397515765
587,6,8.479929161677003
587,12,3.336829708438765
587,19,5.425071620615304
587,24,-0.7178813547362214
587,25,10.468925645543637
587,29,9.250410951409393
588,2,1.7995738453563122
588,5,-5.563161417843915
588,6,4.285295821285166
588,12,1.7924732196628796
588,19,2.541117313578495
588,24,0.3573057054275687
588,25,8.895294972124432
588,29,9.493068031717598
589,2,3.9767271268145974
589,5,0.2823549466922999
589,6,6.495286810242454
589,12,2.9609898472040133
589,19,6.411515776564038
589,24,4.1096316343982275
589,25,8.643858345556263
589,29,10.392144268890672
590,2,1.3757743446607245
590,5,-1.494520233966881
590,6,2.7301524544758458
590,12,1.9474081277477429
590,19,1.493927902390828
590,24,4.0455028325234075
590,25,7.3257417447567335
590,29,9.505118891152025
591,2,1.0122355427709817
591,5,-1.5749528219229578
591,6,2.4949203262615107
591,12,1.192725160275725
591,24,3.4693994287592327
591,25,6.763991904683379
591,29,8.612152070417311
592,2,3.8124694128205903
592,5,0.3215396984415908
592,6,5.679835612046715
592,12,3.5249582551471255
592,19,5.985950890203454
592,24,4.368456310654819
592,25,8.317497266214788
592,29,10.352527255750614
593,2,2.1050200483845636
593,5,-1.3192420524977662
593,6,2.8525478988092883
593,12,2.464677452708944
593,19,1.60985867584867
593,24,4.390134734322068
593,25,7.8049930370070095
593,29,9.730066296843898
594,2,2.9055594606016197
594,5,-0.7219949781413217
594,6,3.708509197092438
594,12,3.289000650418762
594,19,2.289860151567501
594,24,4.45083839147475
594,25,8.252079899045981
594,29,10.057531589718813
595,2,1.7955568790492729
595,5,-2.0140709902234613
595,6,2.1151342964621564
595,12,2.361814417885374
595,19,0.6823410724939301
595,24,4.065101602710226
595,25,7.907744230529662
595,29,9.382273827802932
596,2,1.9900400296024552
596,5,-2.7939643696002108
596,6,2.4856414040647805
596,12,2.52355808063826
596,19,1.0257495712312723
596,24,2.8805247411039026
596,25,8.317921994923777
596,29,9.436017206379198
597,2,2.4615646776680267
597,5,-1.4197705730253056
597,6,3.235339405512292
597,12,2.9184568294212005
597,19,1.6632559301538485
597,24,3.9366861004752107
597,25,8.530459921250621
597,29,10.605385798595144
598,2,7.563221253203869
598,5,4.317789538905345
598,6,9.318101707666154
598,12,6.457140001585261
598,19,9.06192917779995
598,24,5.7708728579591355
598,25,9.39624060848189
598,29,10.8579331580768
599,2,12.295749495451606
599,5,10.613829438947379
599,6,13.190143459023874
599,12,11.564343178778245
599,19,13.467600209410698
599,24,11.218263833618542
599,25,11.409372830549666
599,29,11.429727647627182
600,2,3.756875888760012
600,5,0.8994843121549936
600,6,3.4194168751784852
600,12,4.417197186206264
600,19,1.9714929969546917
600,24,6.215749606217818
600,25,8.534240344414798
600,29,10.151221604389768
601,2,3.076298540257757
601,5,-0.08981928074896572
601,6,2.1818454702638292
601,12,3.931799141534345
601,19,0.7912407399696475
601,24,5.288153815262526
601,25,8.494001434853857
601,29,9.762856969481149
602,2,4.306003376427123
602,5,1.227704818983674
602,6,3.861927982158202
602,12,5.117800629810208
602,24,6.371992063922477
602,25,9.13845753201274
602,29,11.199406224675593
603,2,26.965801077784583
603,5,28.17237525060736
603,6,25.76660566091698
603,12,27.385603518178016
603,24,26.40903563231566
603,25,25.560012240667064
603,29,23.590477335683545
604,2,21.54368616076579
604,5,19.202811610540273
604,6,20.842934129300744
604,12,20.983340871669377
604,19,16.93300276813965
604,24,20.22281522128884
604,25,21.48329339219772
604,29,18.303267381010205
605,2,9.063741813550248
605,5,4.083627399984202
605,6,8.046776853105042
605,12,9.14081157113945
605,19,6.873385365488305
605,24,9.03051128462841
605,25,12.44105318673978
605,29,12.205475063516353
606,2,28.282478184331328
606,5,31.5512534786397
606,6,24.885181441217885
606,12,28.565169183782146
606,19,27.048973235181403
606,24,30.47757437326994
606,25,25.281675874084836
606,29,27.704350559500927
607,2,29.50049689151672
607,5,32.681465186269826
607,6,28.567752303211435
607,12,29.463765950294967
607,19,30.20701603297303
607,24,30.471646681147913
607,25,27.890019379937016
607,29,27.45096396470491
608,2,15.481256741303394
608,5,16.448948898586295
608,6,13.645209217481028
608,12,15.879896069820223
608,19,14.187969045449996
608,24,16.6278049032232
608,25,15.56456981015808
608,29,15.853455739313278
609,2,8.680331579353448
609,5,10.103162233774306
609,6,6.668749921582412
609,12,10.178134858865805
609,19,5.9276784645522085
609,24,13.61089703790913
609,25,12.999699449282287
609,29,12.320526636870989
610,2,102.41873838408566
610,5,104.54553218833613
610,6,103.26474531890412
610,12,101.92091627776388
610,19,103.21596595249879
610,24,99.66666855282895
610,25,102.47588044183077
610,29,99.9082345702107
611,2,102.71660099650423
611,5,104.52522926716696
611,6,103.51524078991245
611,12,102.83263107820112
611,19,103.10959146868976
611,24,100.74575991174473
611,25,103.43382729935108
611,29,100.67176958011042
612,2,33.61444648894222
612,5,34.193720338311415
612,6,30.723634794045672
612,12,32.54421786621113
612,19,28.543854146396825
612,24,31.795656982955233
612,25,30.789910642267568
612,29,29.31880068628631
613,2,88.28904553481227
613,5,89.85024071069388
613,6,86.98734171860417
613,12,87.24065401789368
613,19,88.82926576437494
613,24,84.0047323964686
613,25,85.46464795947836
613,29,81.51658889072384
614,2,40.5273578723914
614,5,39.432205104735
614,6,39.51225035862285
614,12,38.52628739023878
614,19,37.93426919690282
614,24,33.786281746314074
614,25,36.278055445452566
614,29,32.3084770194497
615,2,88.43669377876849
615,5,86.32170765350835
615,6,88.57872288379122
615,12,85.98769542814522
615,19,87.56383169246452
615,24,81.04214779669022
615,25,87.34464748016168
615,29,81.79086219416
616,2,92.36858823842728
616,5,91.07633538279865
616,6,92.26191113155262
616,12,90.00670800866004
616,19,91.56635663672697
616,24,84.10424430354608
616,25,88.7775295547029
616,29,84.07958249646052
617,2,30.86133307757572
617,5,30.892262418036857
617,6,31.34840713608425
617,12,30.050900102273413
617,19,32.1799112445325
617,24,24.38559768714801
617,25,27.879364129342637
617,29,25.57459692699116
618,2,28.240660742766657
618,5,24.640608932128227
618,6,28.654996253915
618,12,24.90844390721509
618,19,26.686968084868607
618,24,21.07340985947115
618,25,22.941999957424496
618,29,18.656141007243463
619,2,37.40123591821935
619,5,35.47880937284581
619,6,36.3583068759858
619,12,35.4383223571239
619,19,34.85627672442237
619,24,32.02449956276699
619,25,34.68930638343281
619,29,29.98482038448249
620,2,33.512455126050746
620,5,33.18307691030316
620,6,32.63372774514704
620,12,32.114807490041365
620,19,31.407612700176326
620,24,31.22146380159657
620,25,32.086660699990446
620,29,32.22851600702203
621,2,9.433509434578623
621,5,13.624125922235361
621,6,6.750921946291616
621,12,9.930761920256726
621,19,9.666333256245496
621,24,12.727988551154745
621,25,9.46622124767789
621,29,13.064540668727751
622,2,3.8942546103706617
622,5,10.094047287057617
622,6,3.2632741301910597
622,12,3.7832147510099827
622,19,7.356866095033333
622,24,5.592904220769924
622,25,-2.456687605783741
622,29,-1.461681004623955
623,2,5.225833652100889
623,5,11.09880905069139
623,6,4.186821842976323
623,12,4.813988374344162
623,19,6.280001768354385
623,24,7.481256392143628
623,25,0.7173420577952524
623,29,3.1214698504465797
624,2,33.898295195373656
624,5,36.431358053622
624,6,32.6013018361062
624,12,34.48981447690836
624,24,35.24055645732905
624,25,34.553317340490146
624,29,34.44229541246152
625,2,1.7494867405050847
625,5,13.138460169108088
625,6,-2.909535479668234
625,12,3.4663203870474333
625,19,-1.0911552790277532
625,24,12.711761225832557
625,25,-0.7184482010995167
625,29,2.514275921247119
626,2,12.45951947294417
626,5,13.762321115671611
626,6,11.7075798414866
626,12,10.519302495913124
626,19,9.343654101610204
626,24,14.905464253646164
626,25,12.227362292841015
626,29,13.048919955782928
627,2,26.999025587833057
627,5,27.076373184125682
627,6,25.061082438917246
627,12,24.961761547525114
627,19,22.490345033181
627,24,28.20132549409786
627,25,28.325816429981153
627,29,28.742080340702316
628,2,17.54461826824119
628,5,17.890803168406762
628,6,17.49475386644579
628,12,14.762640058642576
628,24,20.456236576719554
628,25,19.929325459951738
628,29,21.667387584401876
629,2,41.880815489887006
629,5,43.344070403757115
629,6,44.0325874075201
629,12,41.19655057532234
629,24,44.33258761130006
629,25,48.64401052713005
629,29,47.47645482534228
630,2,10.080491048486104
630,5,9.90950169490141
630,6,7.905314549713054
630,12,10.680305314380332
630,19,7.004388705121981
630,24,13.143882111061583
630,25,14.341685188831182
630,29,15.179529976103552
631,2,9.1089376723471
631,5,8.212101070015837
631,6,7.528598810997158
631,12,9.382926207009358
631,19,5.105972454236742
631,24,11.008603783836335
631,25,12.553938170455561
631,29,12.884821378016195
632,2,13.436037949649673
632,5,11.658198810817748
632,6,11.719642373961054
632,12,13.072851175900125
632,19,11.031624308915037
632,24,12.809189869910918
632,25,15.209543838596119
632,29,14.3366376349583
633,2,9.848957452648992
633,5,8.97486699676885
633,6,9.79216659053923
633,12,7.56158984754746
633,24,8.704566103994729
633,25,9.547176212559755
633,29,7.712136295563008
634,2,11.58493410621243
634,5,9.998824893146073
634,6,10.65168427793775
634,12,9.619294522629843
634,19,8.322644170030433
634,24,10.086940715000374
634,25,12.03254914822315
634,29,10.119855849382109
635,2,10.836336556843158
635,5,8.927131829688005
635,6,11.122780086588518
635,12,8.12377257959756
635,19,7.195858081974721
635,24,9.007001184652381
635,25,9.463966833497894
635,29,7.863265882310307
636,2,16.830360374254546
636,5,10.787137766644502
636,6,15.817007369722372
636,12,12.140844333997654
636,24,9.55638044576821
636,25,13.43830429095066
636,29,10.885178190469063
637,2,10.621471956837718
637,5,8.37402641553334
637,6,12.581220484902662
637,12,6.759798098027014
637,19,10.307547300822801
637,24,6.984218664527355
637,25,8.498456923138265
637,29,6.112240800038407
638,2,9.135135128044297
638,5,7.836311089952037
638,6,11.65339255302634
638,12,5.305902934919161
638,19,9.040756646985226
638,24,6.0738710758608345
638,25,6.740207043078554
638,29,4.641451189149102
639,2,9.666500825300634
639,5,7.764721878384773
639,6,11.62791379502529
639,12,6.244988389758959
639,19,8.519700090622544
639,24,6.054070158449579
639,25,7.973469308013657
639,29,5.675160932776551
640,2,13.323703051276429
640,5,9.057834054359844
640,6,14.565353359814857
640,12,7.678463074544148
640,19,12.626381479341312
640,24,7.226438571693694
640,25,9.533812824327583
640,29,7.026937732998306
641,2,9.35542091736869
641,5,7.83866023719549
641,6,12.64768392347353
641,12,5.03289535798062
641,19,10.1901355337769
641,24,5.901698839230886
641,25,6.321197699725447
641,29,4.827135230545664
642,2,7.8120361714043
642,5,7.137382430399775
642,6,11.374249079429596
642,12,3.9061254101546963
642,19,8.53938276727877
642,24,5.146455274775241
642,25,5.504380682440118
642,29,3.880345338971988
643,2,16.05995005321154
643,5,11.306581130550539
643,6,16.567592843553662
643,12,10.716403649238089
643,19,16.760811962849893
643,24,8.341237757294929
643,25,11.357746437746979
643,29,9.705531382549001
644,2,6.831833319414705
644,5,7.868427568988593
644,6,11.33150185802523
644,12,2.1608514048819742
644,24,5.134344182271711
644,25,3.3442811756006745
644,29,2.381968093735124
645,2,13.466343819729246
645,5,14.21325691643338
645,6,15.806482083720907
645,12,12.334893464285955
645,19,17.722876502694234
645,24,11.014853891146572
645,25,12.615309318942634
645,29,11.010629875040657
646,2,7.951975546795214
646,5,8.351959763775017
646,6,10.072904735695001
646,12,4.526181452769272
646,24,6.307368750270524
646,25,5.5640999342323205
646,29,4.220913564548721
647,2,8.368324276974846
647,5,8.964724230502828
647,6,10.156830100586731
647,12,5.677800420698947
647,19,10.454155738447124
647,24,7.334286238935493
647,25,6.464912942267621
647,29,5.729825186910308
648,2,15.860862976920503
648,5,17.23719804689435
648,6,16.774856023018902
648,12,15.872659652074455
648,19,18.698796841056527
648,24,14.09309015106367
648,25,16.076346145634574
648,29,13.019978400588492
649,2,7.85611608293435
649,5,9.591905886210615
649,6,9.003857810613884
649,12,4.894869548451507
649,19,7.895971299646797
649,24,8.055596296541857
649,25,5.70576997192438
649,29,5.283399537097019
650,2,12.607397837526046
650,5,11.519918361063167
650,6,11.94537262700303
650,12,8.362194888546597
650,19,11.939070959964697
650,24,9.860405982862606
650,25,8.997956503462042
650,29,8.549622046827444
651,2,14.10660432374095
651,5,19.6033513193131
651,6,15.170338344520433
651,12,12.520728280545995
651,19,16.81993245990244
651,24,14.798677079656896
651,25,13.650115986145469
651,29,12.596636067096004
652,2,39.677642395592486
652,5,40.1028098692513
652,6,44.06567538401814
652,12,39.44202400773286
652,19,41.641701562561565
652,24,37.178451081652625
652,25,40.27369521661229
652,29,32.26964317449155
653,2,13.489096995579775
653,5,17.066872538820707
653,6,13.220662930573125
653,12,11.841945807002377
653,19,14.521149351562574
653,24,13.837779631195959
653,25,13.9265956814985
653,29,13.380503244719335
654,2,18.351469336469677
654,5,24.42868477468971
654,6,20.401698443438395
654,12,19.354393194706326
654,19,23.610981724543556
654,24,19.08297258044943
654,25,20.427969471699214
654,29,12.19449152617647
655,2,27.921774149460816
655,5,28.528818413038596
655,6,29.444597691260547
655,12,28.00472034815144
655,19,30.45439925228832
655,24,26.797970553303923
655,25,30.058664764319026
655,29,28.830611693058728
656,2,21.954970511325314
656,5,25.9010701482523
656,6,24.35150593272659
656,12,25.295277924742628
656,19,25.759998498140508
656,24,25.177154953788424
656,25,25.207230711402513
656,29,23.23181043154104
657,2,25.029336566420028
657,5,27.82328070383304
657,6,27.83557574217539
657,12,28.537594930143232
657,19,28.795365215526658
657,24,27.901259892711455
657,25,28.06388952248516
657,29,27.452817573176304
658,2,13.701020781051083
658,5,10.587742558289335
658,6,14.521468512408482
658,12,12.07880778385855
658,19,11.802062427567082
658,24,12.910336539116688
658,25,16.789548011775235
658,29,14.384751638941768
659,2,8.597802887357577
659,5,3.556405914358974
659,6,9.152660249529593
659,12,8.371821308608059
659,19,4.94388922541061
659,24,7.85533020492809
659,25,12.225395386631885
659,29,12.019952236748296
660,2,5.674285322343465
660,5,-1.9961890921751795
660,6,5.955958162696321
660,12,5.693050108141145
660,19,1.5592523726217218
660,24,3.108664596074043
660,25,10.439570381882463
660,29,11.616410389752842
661,2,4.0978210511429385
661,5,-2.201418311721227
661,6,4.448343611930907
661,12,4.11365094614394
661,24,2.8468011755624385
661,25,9.866094071001259
661,29,10.256406734942829
662,2,5.376611905432034
662,5,-1.1785553042090213
662,6,6.008632894757472
662,12,5.374735633187264
662,19,3.3809458288888283
662,24,3.5631102390121736
662,25,10.372538921777785
662,29,10.756523602350217
663,2,4.352797793614155
663,5,-0.9869654708391136
663,6,4.76795499473579
663,12,4.461658395048486
663,19,2.223499232475704
663,24,3.169893661893746
663,25,9.357062254463573
663,29,9.352576829985482
664,2,5.440747640842242
664,5,-0.8250981941100965
664,6,6.026124341309804
664,12,4.90174943093865
664,19,3.6676578760149408
664,24,2.7822603226065614
664,25,9.24021431189872
664,29,9.166816671081168
665,2,5.562580424842388
665,5,0.551656069942009
665,6,5.412159736154043
665,12,5.725430854939908
665,19,4.467780356304229
665,24,3.487796068590235
665,25,8.9379378757928
665,29,8.416535320277866
666,2,5.062875936029789
666,5,1.5107808380375154
666,6,5.191847624104668
666,12,5.170192834653053
666,24,3.953697898987976
666,25,7.608711496763301
666,29,7.281922053793879
667,2,3.205732874436947
667,5,1.2272237859266948
667,6,4.2384162952570765
667,12,3.0234336039328307
667,24,3.794551341021218
667,25,6.114837811669532
667,29,6.722941219008661
668,2,3.999230377373965
668,5,1.816573649973697
668,6,4.59935342858102
668,12,4.212864265075386
668,19,5.10929537539501
668,24,4.277431086967669
668,25,6.346636959006352
668,29,6.307574393837298
669,2,2.5511633053387213
669,5,1.1374498663258823
669,6,4.05700348450816
669,12,2.1920054784480274
669,19,3.8124929812069626
669,24,3.7170263772396575
669,25,5.445261314954462
669,29,6.000457272477163
670,2,2.8166526490956345
670,5,0.9559466001807699
670,6,4.306945631298351
670,12,2.460430970824677
670,19,3.8251062115776397
670,24,3.1362838836546163
670,25,5.284007366108776
670,29,5.541845344934842
671,2,2.8826310573743896
671,5,0.27736297754450767
671,6,4.914363462008577
671,12,2.190797958397005
671,19,4.520730134415799
671,24,2.0833880973049794
671,25,5.550030229965258
671,29,5.9002354237041335
672,2,3.033418111027281
672,5,0.13330271705663677
672,6,5.169767380207883
672,12,2.2409414497489246
672,19,4.85738759657718
672,24,1.9099012745437252
672,25,5.758176624952623
672,29,5.687106261363683
673,2,3.0777798121485205
673,5,0.39704740022055063
673,6,5.226388619855941
673,12,2.2929856249780487
673,24,1.6501960091194627
673,25,5.560501613318931
673,29,5.239459989533591
674,2,4.777833651908083
674,5,0.5382408580807319
674,6,7.066629038224814
674,12,3.6536628367486115
674,19,6.61446054289767
674,24,1.845085260954209
674,25,6.653536998625817
674,29,6.345143556250482
675,2,2.9828514761206493
675,5,0.597071033677059
675,6,4.600582760157065
675,12,2.6007712770559612
675,24,2.4872962141714723
675,25,6.047930394012581
675,29,6.164086383010339
676,2,3.4874410020838136
676,5,0.44791402466808883
676,6,5.392827879344891
676,12,2.837641746137867
676,24,2.63409749260884
676,25,6.103813386568336
676,29,6.106726080804441
677,2,3.730276442857251
677,5,0.7397638274635812
677,6,5.406282545863151
677,12,3.374695407842962
677,24,2.8414864465111043
677,25,6.246907452988225
677,29,6.3348426812564025
678,2,3.5976927884373775
678,5,0.8238081950870813
678,6,5.08293706568623
678,12,3.235221682021462
678,19,4.715131672931197
678,24,3.1667564088386575
678,25,6.284927959474804
678,29,6.474058053111441
679,2,3.4322967152835204
679,5,0.7668404057333333
679,6,4.340489201302765
679,12,3.16120173150938
679,24,3.0787828265325916
679,25,6.341838567340951
679,29,6.217978038983791
680,2,3.824713236776823
680,5,0.8233860187487476
680,6,4.944276556697915
680,12,3.492884002053306
680,19,4.285963831018355
680,24,3.2670900280511654
680,25,6.544146110503066
680,29,6.9286614903290555
681,2,11.047537223027573
681,5,10.55676952115973
681,6,11.162639758507762
681,12,10.266922708011938
681,24,10.252614286970516
681,25,10.55906774259375
681,29,9.954712787261004
682,2,2.502167881014049
682,5,-0.5792650433903965
682,6,4.493320710526935
682,12,2.0049452912831223
682,24,1.8425866939417284
682,25,5.406410185869697
682,29,5.402936335263719
683,2,3.584293403437666
683,5,-0.6168457653079664
683,6,6.737935712650904
683,12,2.542307611348907
683,24,1.3919620498746355
683,25,6.567530177344491
683,29,6.451535726864343
684,2,4.637950767243498
684,5,0.8004677914399525
684,6,7.330194878805917
684,12,3.6441923111152836
684,19,8.55245004094119
684,24,2.281904162676118
684,25,7.178217010695571
684,29,7.494710274240077
685,2,3.292631789707214
685,5,-0.4885040913897569
685,6,5.155353914718616
685,12,2.764847521656709
685,19,3.8564142325566904
685,24,2.6498159382824227
685,25,6.673660816610013
685,29,7.3560674967916695
686,2,2.8043499004517605
686,5,-0.39053019950571244
686,6,3.92153777182479
686,12,2.64259438998661
686,24,2.710460352502407
686,25,6.493078882427427
686,29,6.9212357265644995
687,2,2.487356466175671
687,5,-0.12386307857143475
687,6,3.772923098802844
687,12,2.3284661059646026
687,24,2.5707481535510324
687,25,5.997255356747867
687,29,6.490014731533816
688,2,3.2244781301532317
688,5,-0.6174146276044108
688,6,5.576427038292513
688,12,2.749564305058541
688,19,4.542112186542309
688,24,2.235658663251851
688,25,6.553652654739852
688,29,7.248181228915766
689,2,3.8804953480347546
689,5,-0.6098902082624602
689,6,6.091360484638248
689,12,3.3651347830983314
689,24,2.439946946229285
689,25,7.284227820089222
689,29,7.801206446595262
690,2,4.958652743376781
690,5,0.3399203919574689
690,6,7.377812941641004
690,12,4.612075756821203
690,24,2.5389482152572778
690,25,8.361442460118898
690,29,9.1742657656166
691,2,4.971270663462555
691,5,-0.399613484677658
691,6,6.944381030914781
691,12,4.918941544626868
691,24,2.7016115245108314
691,25,9.082188202817001
691,29,9.60833729125839
692,2,5.802361448281426
692,5,0.08233124052039109
692,6,7.349582497951955
692,12,5.722970392243724
692,24,2.8593058734789096
692,25,9.81033221727401
692,29,10.323385847373691
693,2,3.9579546756384767
693,5,-1.1260216840269037
693,6,5.063278029420587
693,12,4.102961525252198
693,19,2.127736393964878
693,24,2.5979548018097143
693,25,9.108777562171348
693,29,9.3397213296149
694,2,4.654670523788072
694,5,-0.8904355909677162
694,6,4.627187608923771
694,12,5.063027258316911
694,24,3.017765498739071
694,25,9.407479711611273
694,29,9.407517315964812
695,2,4.525715954714421
695,5,-1.5713808647863141
695,6,5.4548900229671125
695,12,4.2971527218145855
695,19,2.47491530479852
695,24,2.252943201440956
695,25,9.212330498634516
695,29,9.6340131175104
696,2,5.713983574029388
696,5,-0.4920120613350596
696,6,6.537998518571142
696,12,5.567253833432596
696,24,2.9957170922939076
696,25,9.733981832055166
696,29,10.474439666948602
697,2,4.084506028131335
697,5,-1.0111306912577498
697,6,4.37415192923414
697,12,4.197008168625901
697,24,3.1784001392691863
697,25,9.320511107170626
697,29,10.027004146314166
698,2,5.969283633038566
698,5,-0.25106263374675475
698,6,6.384578575218972
698,12,6.024905237050676
698,24,3.50531714290519
698,25,10.156630892185373
698,29,10.813107503847142
699,2,6.122388552430493
699,5,-0.8429261610722936
699,6,6.38298979718544
699,12,5.6995757024906935
699,24,3.016973717168286
699,25,10.314384835557235
699,29,10.501988169618695
700,2,6.205182815923564
700,5,0.15250186170723667
700,6,5.271015839597974
700,12,6.844542248838024
700,24,3.9490948273659714
700,25,10.442317264934761
700,29,10.310264602523409
701,2,7.5538603150184045
701,5,2.5286339469072767
701,6,7.954083902232244
701,12,7.627591845830299
701,24,5.344042496536068
701,25,11.208699993730042
701,29,10.906826246081808
701,31,14.824791617052666
702,2,3.21197577762417
702,5,-2.326257248105078
702,6,4.041362627691182
702,12,3.4695466815530502
702,19,2.3211565003001526
702,24,2.0879414915625434
702,25,8.77015133780496
702,29,9.221609230407871
702,31,14.512359530505057
703,2,3.149754032951074
703,5,-2.273210929945018
703,6,3.969523036796763
703,12,3.181083614341283
703,24,2.174476293148376
703,25,8.81652999475477
703,29,9.492082096895992
704,2,9.146381483515372
704,5,4.476903294831262
704,6,10.413735317020652
704,12,8.905013112448774
704,24,6.294067409774312
704,25,12.125002431310334
704,29,11.070660663365992
705,2,8.172878373964267
705,5,3.70543359222817
705,6,9.950078929709962
705,12,7.577737255317227
705,19,10.796761140664731
705,24,5.2687924170788945
705,25,10.92317975137219
705,29,9.972175551439966
706,2,2.0619178021126414
706,5,-3.2474088105502426
706,6,4.114442594418949
706,12,1.4186382416039105
706,19,3.262228682315225
706,24,0.17067297785090618
706,25,6.795877015452475
706,29,7.161131895500752
707,2,1.936891754704423
707,5,-2.6832286602215354
707,6,3.9390795634864206
707,12,1.1171737172331946
707,19,3.6168434401860496
707,24,1.0934378751971017
707,25,6.247608587201115
707,29,6.665029310151043
708,2,1.62100028101807
708,5,-2.0497385361125824
708,6,3.852902186101012
708,12,0.9235581922510732
708,19,3.669780030036681
708,24,1.3755191323176783
708,25,5.634881496872874
708,29,6.201145976912613
709,2,2.3058103686039906
709,5,-1.7230083877232882
709,6,4.5278876429728285
709,12,1.6766792034768256
709,19,4.649497615739852
709,24,1.8592729082654964
709,25,5.87735580807812
709,29,6.4246904651773615
710,2,2.6046482229409325
710,5,-0.8860278896945717
710,6,4.762753572368672
710,12,2.146476660675206
710,24,2.298889738588684
710,25,5.732585190323605
710,29,5.825182408497335
711,2,2.0791474867586586
711,5,-1.5623360635378218
711,6,4.610502582290545
711,12,1.297772847363163
711,19,5.44186007284878
711,24,1.437127008327471
711,25,4.8804251041368305
711,29,4.942449495953477
712,2,2.115058954902366
712,5,-1.3707365769763165
712,6,4.860345501894301
712,12,1.1646794953851787
712,19,6.088934602726023
712,24,1.2570020423837125
712,25,4.528655650321665
712,29,4.40059371296881
713,2,2.071726664274636
713,5,-1.3643048887903824
713,12,1.1783049573729798
713,19,5.9349519997743085
713,24,1.0008818149019296
713,25,4.537771977135897
713,29,5.058046898045596
714,2,1.4480313647576546
714,5,-1.2266667536962785
714,6,4.270973277058461
714,12,0.5407751658537645
714,24,0.7274212238169344
714,25,4.217773062885397
714,29,4.447962582105289
715,2,1.459095187766105
715,5,-1.4310744310887458
715,6,4.309930234805792
715,12,0.44338312490015763
715,24,0.43385899446382137
715,25,4.293734200194757
715,29,4.363248251538389
716,2,2.4901099286912856
716,5,-1.301709775502494
716,6,5.0350201411086735
716,12,1.2502520145662568
716,19,6.227770054187704
716,24,0.44713122779412817
716,25,4.80065585136647
716,29,5.137725026701833
717,2,1.5786735464346506
717,5,-1.246181681698869
717,6,3.8552504667483545
717,12,0.6475473288814524
717,19,4.513765255584708
717,24,1.1403753955087166
717,25,4.721861896689421
717,29,5.236279769189487
718,2,1.2617202347852159
718,5,-1.0426015880133388
718,6,3.299782145003319
718,12,0.5749315164949609
718,24,1.9107261229571515
718,25,4.780010547277609
718,29,5.50359547105781
719,2,2.4561767549390896
719,5,-0.9257231113614033
719,12,1.637065642906658
719,24,2.14165299575155
719,25,5.398897317235263
719,29,6.1034688035131275
720,2,1.8947330436458956
720,5,-0.24437062021565836
720,12,1.641506961304904
720,24,2.8784726122112883
720,25,5.121354841025204
720,29,6.083528692906517
721,2,2.888717424745819
721,5,-0.25019127069300406
721,6,3.9151790255580905
721,12,2.4389868061057305
721,24,3.087964488595758
721,25,5.833230210322013
721,29,6.634436773602312
722,2,2.50832022171321
722,5,-0.8937477446606694
722,12,1.8807281464611887
722,24,2.5901854391594625
722,25,5.753236724900238
722,29,5.778961329321482
723,2,4.96399154107448
723,5,2.3092516576321582
723,6,6.647539865729491
723,12,4.7455604979064105
723,19,8.334014410523746
723,24,4.449065324962158
723,25,7.130884989606559
723,29,7.0950129051068425
724,2,73.49413470240539
724,5,75.37927910713292
724,6,76.26460023946598
724,12,70.5409559067956
724,19,78.8825668789348
724,24,70.22124429016306
724,25,69.8443564145344
724,29,64.70812482866889
724,31,70.08248164961466
725,2,39.390304225923884
725,5,33.29651232305051
725,6,35.269585909202895
725,12,39.67842790095808
725,19,31.44416692236863
725,24,30.50337729709171
725,25,35.43236374370669
725,29,28.74361685732079
726,2,26.643091054235548
726,5,15.255545535934731
726,6,20.238736276640683
726,12,26.19131220780389
726,19,13.282775913741446
726,24,14.691283294683913
726,25,22.736074331471993
726,29,18.23592335412562
727,2,39.777407722719076
727,5,29.679762645267747
727,6,31.08698095188442
727,12,39.3002270482705
727,24,29.685455329473708
727,25,34.9444612138407
727,29,27.45457905610563
727,31,22.886650391887088
728,2,22.894292686214733
728,5,17.77305494865557
728,6,16.021875367417387
728,12,24.36290985056671
728,19,11.730800976957045
728,24,19.788953862501526
728,25,22.684495846600292
728,29,18.458496755019965
729,2,19.573881206523964
729,5,14.151452182560858
729,6,13.616866962456793
729,12,21.109408282485003
729,19,10.34797968789393
729,24,16.91381768723204
729,25,20.528088925464164
729,29,17.249490774976685
729,31,14.142804487836814
730,2,14.81647416080564
730,5,9.887315776527268
730,6,10.166935668458892
730,12,16.524136043112826
730,19,7.962210760922019
730,25,17.10194716979789
730,29,15.413357055857498
731,2,16.735648774471827
731,5,13.104198732170046
731,6,12.311877965326632
731,12,17.93062516693987
731,19,10.420434561613071
731,25,17.97210081476816
731,29,15.66312719832194
732,2,8.65009301133456
732,5,-0.08150159561462633
732,6,7.120324965091211
732,12,9.02955911296478
732,19,4.028949536923288
732,24,4.881938148685661
732,25,12.398053850909754
732,29,11.486824735978274
733,2,26.739947505472593
733,5,23.12819614381071
733,6,22.460572371465872
733,12,25.032608841202006
733,24,22.757997179887575
733,25,23.73427617682622
733,29,20.722157371103282
734,2,4.326663305032443
734,5,1.5403362863700503
734,6,1.3736883222622835
734,12,5.945988419948416
734,19,-0.9858884615096617
734,25,10.024595732868368
734,29,12.044858005689925
735,2,32.877763666277374
735,5,29.506453504325563
735,6,30.12793847959579
735,12,31.535861084491913
735,24,27.80607971226862
735,25,29.328404905277388
735,29,25.0148822898356
736,2,18.327317407024033
736,5,14.18179260765794
736,6,17.215685302632792
736,12,17.017613770771685
736,19,15.06443483686075
736,24,13.666363778052403
736,25,16.071977288069867
736,29,13.226364261100741
737,2,26.34829426745295
737,5,23.78941916583761
737,6,23.853083773318772
737,12,24.630224587960566
737,24,23.30308357308174
737,25,23.33708872258462
737,29,19.950765398235358
737,31,19.41418796289688
738,2,24.485129600466202
738,5,20.79144017761528
738,6,22.142861413940192
738,12,22.074202812054008
738,19,18.335610236649046
738,24,20.00064921958088
738,25,22.05833107500282
738,29,18.539587833841114
739,2,20.516359473512576
739,5,21.846862834982637
739,6,17.090833020803938
739,12,20.126054134643365
739,24,21.65672088775005
739,25,21.08108151039016
739,29,19.839901812023456
740,2,39.35101927787078
740,5,35.18851405477175
740,6,39.64793767382293
740,12,37.15468234924504
740,24,33.20456209914934
740,25,37.744899593299166
740,29,33.32831399483033
741,2,18.35441718246191
741,5,11.677548716529092
741,6,19.48063383106408
741,12,16.695002632711596
741,19,14.349933187160085
741,24,13.1580304072709
741,25,19.02500760239085
741,29,15.779319982762068
742,2,53.036835631392584
742,5,51.48462835893733
742,6,54.24991068555296
742,12,50.61438207336222
742,19,52.416291035342695
742,24,47.84370228173227
742,25,50.45711437097893
742,29,48.56770246635054
743,2,28.325930226287767
743,5,24.302382437911515
743,6,28.360438651433054
743,12,25.315121893717844
743,19,23.911900208264925
743,24,22.73037010595181
743,25,25.370371927333707
743,29,21.00032050568174
744,2,18.30610096421079
744,5,14.436057937671375
744,6,18.80722181587438
744,12,16.372607199490098
744,19,15.430825887496677
744,24,14.707643441530749
744,25,17.983455664393418
744,29,15.744576465677383
745,2,51.63533501063051
745,5,51.31264548991887
745,6,52.10207207647211
745,12,49.31091400074336
745,19,51.217289439734856
745,24,48.85337308242063
745,25,49.104035738313634
745,29,48.2199487496937
746,2,60.92416984771968
746,5,61.66721436134884
746,6,62.885045396661575
746,12,58.11478765111532
746,19,62.70048118606755
746,24,58.138434157366284
746,25,58.233425052595415
746,29,56.789544569028095
746,31,59.442026031231414
747,2,64.12572617836061
747,5,65.8680201781501
747,6,66.72760175634588
747,12,61.441727598405734
747,19,67.39992279262384
747,24,61.61414848715189
747,25,61.453871764823
747,29,60.06438966680102
747,31,63.41817389578255
748,2,46.71752915245038
748,5,50.26329951471899
748,6,51.134089395843986
748,12,44.1122546044496
748,19,52.695021057900526
748,25,43.44312710214617
748,29,42.901494759567264
748,31,47.44782015258965
749,2,56.110192629550134
749,5,62.05611798950126
749,6,61.29803560336096
749,12,53.40394250665713
749,19,64.2855628689331
749,25,53.60495409400776
749,29,51.12041887721598
749,31,58.7661817996721
750,2,85.474719053749
750,5,92.18234144287086
750,6,89.59502017430209
750,12,82.19313037937961
750,19,95.66083376605886
750,25,81.56403776182115
750,29,79.9931845861918
750,31,84.62174392081106
751,2,66.61765849429149
751,5,70.15585372225253
751,6,70.29934473069972
751,12,63.746157585804205
751,24,64.76882098558082
751,25,63.48653501831356
751,29,61.6813869834731
751,31,65.8986926439479
752,2,4.015611811911162
752,5,0.2784471021777799
752,6,8.133105784893322
752,12,1.765970991292554
752,19,10.468640282783593
752,25,5.287940761897708
752,29,4.754072912675454
752,31,14.653996703399248
753,2,12.576961331816493
753,5,18.52579002021664
753,6,15.310295937239683
753,12,9.968818036750251
753,19,19.008684016669932
753,24,15.720350586350788
753,25,8.815774723345585
753,29,9.55379146243413
753,31,12.19789210144232
754,2,44.558578584693386
754,5,49.32201259929085
754,6,47.94570116091291
754,12,41.27386155806754
754,19,50.67674943371329
754,25,39.32001429998283
754,29,38.85312189611731
754,31,42.67614324074613
755,2,40.24855225567268
755,5,45.27567135494978
755,6,43.951042550766935
755,12,36.773302158939586
755,19,46.91391862537404
755,24,38.52297090831627
755,25,34.62343659386288
755,29,34.131041960169696
755,31,38.329774223772404
756,2,24.84037888784744
756,5,28.895908284948568
756,6,29.0860570382187
756,12,21.319356044083722
756,19,33.92900061338891
756,24,22.652049284419103
756,25,18.865282932914212
756,29,16.87232662277995
756,31,21.356123129159418
757,2,98.40602709906501
757,5,106.41668978549733
757,6,103.22475878015855
757,12,94.67061537052189
757,19,109.7581210976322
757,24,98.68463238568565
757,25,92.97289894277264
757,29,91.56695321460082
757,31,95.81886480323357
758,2,62.3913690425155
758,5,67.6505143316821
758,6,66.0902223550756
758,12,60.997896221570585
758,19,71.63318367355217
758,24,63.732513298751975
758,25,60.30526680646729
758,29,58.48491023103978
758,31,61.18885817500618
759,2,50.7038859177306
759,5,56.34094400507624
759,6,54.674009145697724
759,12,49.105190413197654
759,19,60.66619743801597
759,24,51.779935280288264
759,25,48.19340631036815
759,29,46.8365538953295
759,31,50.21367367900861
760,2,50.87853309893265
760,5,55.980683427110186
760,6,55.32797117151055
760,12,48.40450531484077
760,19,60.62243605039475
760,25,47.42014442292877
760,29,46.037451264828206
760,31,50.03232128680101
761,2,65.34602069978538
761,5,70.76397303166877
761,6,72.17825202901892
761,12,63.171846591984924
761,19,77.45811718469538
761,24,65.05062930616529
761,25,63.39956746010664
761,29,61.14281934917321
761,31,66.31196925509738
762,2,64.10538887972181
762,5,68.75053583851432
762,6,70.74353383049547
762,12,61.521679911932765
762,19,76.20753555206053
762,24,64.4600868492204
762,25,61.943542203922135
762,29,59.77292773710264
762,31,65.14428878332751
763,2,67.40689359126617
763,5,71.9693028617863
763,6,76.05717260924251
763,12,63.67657268768059
763,19,81.02538697062936
763,24,67.75820039482159
763,25,64.78212717241482
763,29,62.55874238598936
764,2,69.62516384119078
764,5,75.16857735638642
764,6,78.20693157139642
764,12,64.82673567210416
764,19,83.20863767709
764,24,69.2862337156078
764,25,65.77446430776743
764,29,63.60920832875522
765,2,59.81729733025835
765,5,66.13402333319472
765,6,68.12722795197148
765,12,54.50247053502742
765,19,74.24632442940626
765,24,59.141095614798914
765,25,53.800604805786335
765,29,52.02920030170699
766,2,28.882883455468185
766,5,37.73413471352743
766,6,35.82016837292853
766,12,24.89080974863422
766,19,44.01589207337504
766,24,33.726736707645664
766,25,27.020834230466665
766,29,26.864886348747802
767,2,62.3205753335209
767,5,69.24997387772541
767,6,72.66859467718875
767,12,57.5670123791059
767,19,78.53484895144875
767,24,64.85426619546976
767,25,60.17233426357093
767,29,59.19456981716401
768,2,57.91896697928505
768,5,67.19618369853403
768,6,66.62859162451106
768,12,52.34295032113821
768,19,76.475078380027
768,24,58.17880414193949
768,25,51.82836061499725
768,29,51.3745139523309
769,2,47.67656412333045
769,5,53.42063386017934
769,6,56.889902513004515
769,24,46.414787246633686
769,25,42.40977566788654
769,29,41.710040078194005
770,2,34.966595623494555
770,5,43.359097441893596
770,6,44.579310227538585
770,24,35.18197027463513
770,25,28.95462030983321
770,29,27.547841345107038
771,2,38.30655783534145
771,5,46.99949849793626
771,6,45.51491384577957
771,24,37.24084587689087
771,25,31.473924084455028
771,29,30.581217337398442
772,2,24.064253032582194
772,5,33.25365867982434
772,6,31.6868212950192
772,24,29.258929423777246
772,25,21.902426691087847
772,29,22.361094267295027
773,2,62.5039193178667
773,5,68.2257750956576
773,6,72.7958064013978
773,24,61.18070818600789
773,25,58.188628509053316
773,29,56.072887882784094
774,2,1.6776348837342994
774,5,14.691396642142971
774,6,8.036960618755433
774,24,6.7822612917807374
774,25,-3.508419964190539
774,29,-3.3858498464038167
775,2,5.873895966470567
775,5,17.14324280755136
775,6,11.935812280905456
775,12,-0.15106892690084628
775,24,10.519835198234512
775,25,1.5185644636814413
775,29,1.7539652004470767
776,2,23.543234921283318
776,5,30.254395596351817
776,6,31.967439121137964
776,24,23.594388981674193
776,25,18.441434587445322
776,29,17.867391660463724
777,2,1.6988363365632004
777,5,14.319920687168883
777,6,7.847605604834721
777,24,6.668418934888711
777,25,-3.0180400265535496
777,29,-2.909502808485115
778,2,38.8943684233204
778,5,45.23626266420304
778,6,46.24496811638316
778,12,34.06274022170693
778,24,43.18577068304856
778,25,39.27651569636996
778,29,39.19672892728528
779,2,49.18497729271027
779,5,55.2679040414955
779,6,58.56048781091947
779,19,65.49589790990233
779,24,51.721945932139576
779,25,47.15445289790418
779,29,46.69622669818735
780,2,41.60111380207749
780,5,47.20944094062466
780,6,49.16473600051611
780,12,37.00991372866804
780,19,57.35200090795338
780,24,45.72115049313319
780,25,42.676018131025444
780,29,42.45041730893561
781,2,22.566809734364604
781,5,29.898416449633096
781,6,30.63909501660744
781,12,18.118056736297415
781,19,40.77373335488019
781,24,24.633678449273965
781,25,18.2586788484399
781,29,17.337597127991238
782,2,52.829865598452
782,5,57.42081108845072
782,6,61.22235987834494
782,12,48.23701351268829
782,19,68.57330696877446
782,24,55.63505731412094
782,25,54.07717275035299
782,29,53.412976126423054
783,2,66.23609082136093
783,5,70.48867692653836
783,6,76.75416534368814
783,12,61.007509533194295
783,19,81.5917431812387
783,24,66.84144635019157
783,25,64.73941371415022
783,29,63.772111243492965
784,2,24.92225027654526
784,5,33.561591223340315
784,6,33.332326081697346
784,12,19.69736019435519
784,19,44.10833833005994
784,24,26.97836311987495
784,25,20.665984274569233
784,29,20.597621687658336
785,2,56.43900766788366
785,5,60.644476954479245
785,6,66.46691183999644
785,12,50.240134840427245
785,19,70.85335711017376
785,24,55.57978375963356
785,25,53.30673687108607
785,29,53.37107384691683
786,2,67.72890497734664
786,5,72.58767778308375
786,6,78.50681765005464
786,12,60.641222050678415
786,19,84.13280535296488
786,24,66.53071174405372
786,25,64.8712328094936
786,29,63.42713651374041
787,2,15.500679567455796
787,5,23.934807765647005
787,6,23.991579549621985
787,12,11.704115254796973
787,19,34.06874225087548
787,24,18.21731115058668
787,25,10.90822176261901
787,29,10.741331923186285
788,2,21.634122045639245
788,5,28.80893078684428
788,6,29.555111794922787
788,12,16.84717934407774
788,19,35.030806758969035
788,24,24.190190652383485
788,25,18.934429945582263
788,29,20.623545514467132
789,2,0.2000361319581625
789,5,-1.2328271170853595
789,6,10.378312061753533
789,12,-6.3170798401034425
789,19,14.06484840734062
789,24,-4.423227415226043
789,25,-0.2488398212661913
789,29,1.7724952156268738
790,2,88.46653036397959
790,5,95.14232964881937
790,6,97.79020415920155
790,12,81.95027431006957
790,19,105.61241570160986
790,24,87.49649749575572
790,25,84.7993588109464
790,29,84.2528343200999
791,2,51.51426260836605
791,5,56.07192979348481
791,6,60.0446695983204
791,12,45.523961961312395
791,19,64.7364617407126
791,24,50.706554277812245
791,25,47.81616988722301
791,29,48.17614744760294
792,2,46.549915111028476
792,6,56.477977486176094
792,12,41.13144031920284
792,19,61.166366526788195
792,24,45.51575256718057
792,25,42.77280483905551
792,29,43.31557393919486
793,2,88.27489118738696
793,6,97.9275209958974
793,12,81.86464780158717
793,19,105.03550053770851
793,24,87.76103302743608
793,25,84.57038974874061
793,29,84.36123506473943
794,2,53.52700593225671
794,6,63.3528345254477
794,12,47.48788826999926
794,19,67.89099838178797
794,24,52.54506038749095
794,25,49.5997761447413
794,29,49.8965704468343
795,2,51.299298989202
795,6,61.255617332417195
795,12,44.89211559365289
795,19,66.3695623863259
795,24,50.39209829669849
795,25,46.61106328372456
795,29,46.14906242301439
796,2,52.61378340089424
796,6,61.371938375057766
796,12,44.8808367560011
796,19,69.8296508525414
796,24,51.275247954340394
796,25,47.5674455324528
796,29,47.30499893814532
797,2,66.92476981900134
797,6,77.14284547384733
797,12,59.414500758746684
797,19,83.1804976620986
797,24,65.64649410905147
797,25,62.65509065873436
797,29,61.41307761051214
798,2,81.54082107295477
798,6,90.78579497736757
798,12,74.75436574837931
798,24,81.08133347847304
798,25,77.27679132336158
798,29,76.8240145669651
799,2,55.60588909577793
799,6,64.70309995037799
799,12,48.48669745160649
799,24,54.91701945816748
799,25,51.57566643510353
799,29,50.714087926611164
800,2,52.46827833963941
800,5,59.26545941305176
800,6,60.2738721668063
800,12,45.840776951720485
800,24,51.81473021624423
800,25,48.12854765498527
800,29,47.741322810145824
801,2,5.092757808878476
801,5,6.486152129632492
801,6,17.381864584850046
801,12,-1.7304270780476738
801,24,1.6454780772709556
801,25,-0.22182031591362872
801,29,-4.33258137117369
802,2,25.391997362518094
802,5,29.449892641890703
802,6,33.03424261033882
802,12,20.890691370453062
802,19,35.899798908999124
802,24,25.324240988749544
802,25,21.255115380561627
802,29,21.470223924803584
803,2,1.8634021369290608
803,5,3.2423933720051457
803,6,10.461121638611882
803,12,-2.9426447414540853
803,24,0.6781349974812318
803,25,-0.7472321015196393
803,29,2.4892160858339274
804,2,40.852872025273406
804,6,50.172150614844604
804,12,35.49104831896561
804,24,41.13063385005334
804,25,36.71708900259204
804,29,36.90536273189837
805,2,66.46190162931208
805,5,72.08329610690458
805,6,75.39889955407624
805,12,61.363265085431166
805,24,68.17422263436409
805,25,63.98387858426286
805,29,63.33171579666548
806,2,18.621871833306876
806,5,25.507709443669587
806,6,26.0615112445813
806,12,15.022830209764601
806,19,31.260019521925596
806,24,20.494544371528054
806,25,15.413739351444718
806,29,15.346505483500462
807,2,2.337750421927394
807,5,6.303531860076804
807,6,10.025570403146064
807,12,-1.0970273684287317
807,24,5.167853630229473
807,25,2.2984253171043285
807,29,3.5828592838316755
808,2,-7.637962583345423
808,5,-5.799215189748282
808,6,0.2785617750261655
808,12,-10.516969684470098
808,19,5.552628463574516
808,24,-3.7442205489728275
808,25,-4.595551007126504
808,29,-0.662224971448623
809,2,-6.560264800184772
809,5,-4.387477501045764
809,6,1.7087766655540078
809,12,-9.292826283481464
809,19,7.233190443617194
809,24,-3.3246409199352946
809,25,-4.22403476718266
809,29,-0.48913639174745427
810,2,-8.27613848127581
810,5,-4.320730405415878
810,6,-0.4771570166282155
810,12,-10.826543557626435
810,19,5.114558162349464
810,24,-3.2574044512934215
810,25,-5.708089591857769
810,29,-1.8750619465483123
811,2,-7.353487539580524
811,5,-4.061335613924205
811,6,0.6088383138679339
811,12,-9.923178592900085
811,24,-3.3026751620608765
811,25,-5.43371536986122
811,29,-1.920873258937247
812,2,-7.562180351678146
812,5,-3.9748609745841685
812,6,0.410928563044032
812,12,-10.439293158369914
812,19,6.205211504514869
812,24,-3.575725238588886
812,25,-5.681715979684855
812,29,-2.406842033427205
813,2,-6.438997109640596
813,5,-3.108242174704088
813,6,1.627624110255481
813,12,-9.312323980908882
813,19,7.94728360779634
813,24,-3.24210961439881
813,25,-5.482722329822254
813,29,-2.5427823895720874
814,2,-5.860060430122438
814,5,-1.9413842250404318
814,6,2.049688608732195
814,12,-8.506279511486389
814,24,-2.334516300692277
814,25,-5.145242200171319
814,29,-2.064458338482771
815,2,-6.835077448205109
815,5,-2.326584819075543
815,6,0.5093003827188956
815,12,-9.462850568199615
815,24,-2.450748847420292
815,25,-6.091398855941689
815,29,-2.951394280899015
816,2,-6.2094947459578425
816,5,-2.1874345569767506
816,6,0.9557218547391244
816,12,-8.71715786863745
816,19,7.56776230983257
816,24,-2.1580861753235343
816,25,-5.594552606018043
816,29,-2.515926610287936
817,2,-5.535671440828709
817,5,-1.9385606313363577
817,6,1.6992223417125278
817,12,-8.309898331404082
817,24,-2.054768882483538
817,25,-5.2238790817316865
817,29,-2.4885569940769106
818,2,-6.453651823134697
818,5,-1.6888155213243934
818,6,0.4990793916782972
818,12,-8.926043082410771
818,24,-1.8071612630506149
818,25,-5.663901325310187
818,29,-3.049967698718101
819,2,-6.436313080806018
819,5,-1.7511394618927332
819,6,0.48601715326667005
819,12,-8.9424975852612
819,19,6.589061510595063
819,24,-1.9255757065297967
819,25,-5.633039563769534
819,29,-2.8691625704825423
820,2,-6.375167451186659
820,5,-1.685132850548698
820,6,0.46940849691951414
820,12,-8.799187594516686
820,24,-1.7935876152233279
820,25,-5.51783985112481
820,29,-2.8638184078712907
821,2,-4.592776747673742
821,5,-1.158934232128531
821,6,3.004028574156289
821,12,-7.266451665868303
821,24,-1.9802805669693981
821,25,-4.26904150655834
821,29,-1.8969334467164725
822,2,-4.264976826081018
822,5,-1.2646862913913473
822,6,2.6788713344436648
822,12,-6.810110300502636
822,24,-1.3214973240485541
822,25,-3.608527839859443
822,29,-1.0330035838927252
823,2,-5.40228770373493
823,5,-1.5375446853868304
823,6,0.4332742878122401
823,12,-7.701657240713837
823,19,6.074396225252309
823,24,-0.696213633508747
823,25,-4.394515535413147
823,29,-1.8105702083026145
824,2,-4.3753566595293565
824,5,-1.0169806847518261
824,6,1.7379633733850914
824,12,-6.7561274123755926
824,24,-0.04525488981437942
824,25,-3.8621696658637834
824,29,-0.7255342735739809
824,31,7.64879228961853
825,2,-3.8141750353743022
825,5,-0.5508745241177682
825,6,2.16070302352976
825,12,-6.466298182461141
825,19,7.4669323237318785
825,24,-0.06735832673768005
825,25,-3.4922288181273213
825,29,-0.7152845833012798
826,2,-4.743196561603516
826,5,-0.8845624537414976
826,6,0.3926070493548497
826,12,-6.895821245226054
826,24,0.7232624242124857
826,25,-3.6651003252960646
826,29,-0.6254425463198778
827,2,-4.193369263541401
827,5,-1.0327332311842605
827,6,1.1092648967814807
827,12,-6.20588460582214
827,24,-0.1778237688722477
827,25,-3.5460060475860065
827,29,-1.3269525637218873
828,2,-4.368193302818863
828,5,-0.8634617501474722
828,6,1.01423428360428
828,12,-6.30340254792808
828,19,6.8844300074254505
828,24,-0.09029355914089088
828,25,-3.728568641289513
828,29,-1.5155244268216617
829,2,9.662288789733953
829,5,16.273382572778047
829,6,15.650346869567676
829,12,5.736005939536575
829,24,11.965173783801017
829,25,4.553502059717939
829,29,4.265976168567478
830,2,-5.639593886587141
830,5,0.5042338649680236
830,6,1.7942344467515805
830,12,-7.6213909440693595
830,19,9.765446645991466
830,24,0.3242581760361043
830,25,-5.608146957809092
830,29,-2.418654878419348
831,2,-8.124371943987732
831,5,-2.54057699526441
831,6,-0.5280286765613389
831,12,-11.04443849772033
831,24,-1.6448117613377757
831,25,-7.136283699902064
831,29,-2.9198795299544873
832,2,-7.980189796858765
832,5,-1.9815474004094416
832,6,-0.7560183268141132
832,12,-10.762156414927249
832,19,5.999631142800145
832,24,-0.9607676315890679
832,25,-7.1289103649910555
832,29,-2.926800915237836
833,2,-7.474212229507604
833,5,-1.827795194303178
833,6,-0.4923959157874189
833,12,-10.209288333913655
833,19,5.923412772324173
833,24,-0.4086332114637914
833,25,-6.607764639911773
833,29,-2.522363798356656
834,2,-1.6906409468221621
834,5,3.572865925825357
834,6,5.470091653972691
834,12,-6.109757438262118
834,19,13.177047530719085
834,24,1.631324846213499
834,25,-4.752676878099086
834,29,-0.5871772365050845
834,31,8.059315761915801
835,2,-6.6918259578022425
835,5,-2.132993055529294
835,6,-0.38591210490926775
835,12,-9.079827340133475
835,19,4.747041968569638
835,24,-0.81504849629391
835,25,-5.0956092360987295
835,29,-1.5633206739912282
836,2,-5.482533691147198
836,5,-1.480392846341192
836,6,0.6334854083233781
836,12,-7.464953472236742
836,19,6.829149742930364
836,24,-0.7730374243919234
836,25,-4.563367772334855
836,29,-1.6549323152928324
837,2,-6.481274784234325
837,5,-1.320900704873278
837,6,-0.193395615136716
837,12,-8.516730812248838
837,19,5.300945308026284
837,24,0.5222343078751628
837,25,-4.95248343402025
837,29,-0.516365783231711
838,2,-5.106896622526987
838,5,0.9513460141888785
838,6,0.8998885823918847
838,12,-6.572115578086825
838,19,7.608365831860441
838,24,2.0621350087312464
838,25,-3.9521278728826044
838,29,-0.10107924519727796
839,2,-6.181182039289006
839,6,0.44404987042003485
839,12,-8.207080096987827
839,19,7.855373425035817
839,24,1.19949229582885
839,25,-5.203969975378522
839,29,-0.14481676355291917
840,2,-6.011134061036138
840,5,-0.8507148495777477
840,6,0.20164110306230842
840,12,-8.03089420951616
840,19,5.684739749273752
840,24,0.3598372056372754
840,25,-4.885448480930515
840,29,-0.4521601503731745
841,2,-6.565830992904633
841,5,-0.40995099276433766
841,6,-1.175913075083335
841,12,-8.588484501658929
841,19,4.348880176121186
841,24,1.5295732036518448
841,25,-5.248400729321604
841,29,-0.6543012617360517
842,2,-6.734364308118167
842,5,-0.5831816008015922
842,6,-1.2770718014238813
842,12,-8.53063821542012
842,19,4.27664614565073
842,24,0.9230093386890932
842,25,-5.359325479532126
842,29,-1.5373833678337014
843,2,-6.742055685870431
843,5,-0.44648474334943256
843,6,-1.207106563551008
843,12,-8.53817595953192
843,19,4.8574559848043135
843,24,1.0457601576667903
843,25,-5.792575342014365
843,29,-2.1775783185070186
844,2,-7.181696829085331
844,5,-1.096236589118706
844,6,-1.3965097141102598
844,12,-9.359955103529057
844,19,4.1032915071144
844,24,0.7421307282615457
844,25,-5.660320016850443
844,29,-1.6004735714638745
845,2,1.678244085621774
845,5,8.078986255860958
845,6,7.820822861861124
845,12,-0.966436993696437
845,19,14.345125506790142
845,24,6.287501962705488
845,25,-0.512516859834454
845,29,1.0502775456660878
846,2,1.0326719586300115
846,5,8.513358617971022
846,6,8.304324860464838
846,12,-2.57710345679091
846,19,16.282116341588015
846,24,6.584017849293419
846,25,-1.6243882639710279
846,29,0.3209411108417193
847,2,13.334005474978504
847,5,24.31754201523675
847,6,20.88327872366358
847,12,9.61063891704978
847,24,17.333912482879764
847,25,6.811875627633764
847,29,7.375394117650071
848,2,3.49105699554309
848,5,5.107887282613077
848,6,11.90328744681448
848,12,-1.8331013161677276
848,24,1.825663712758372
848,25,-1.4733958187710616
848,29,0.5221897803573796
849,2,-3.0748435883777976
849,5,-6.4776990948786946
849,6,5.798800479915056
849,12,-7.312511857907193
849,19,8.494318874806535
849,24,-6.570944189699182
849,25,-1.681807112727391
849,29,-0.6134425287475587
850,2,-2.364235513961323
850,5,-5.264593257748296
850,6,6.453675664855968
850,12,-6.201892764403825
850,24,-5.587917622570544
850,25,-0.8984897851980325
850,29,0.26226005588006984
851,2,8.257424598738819
851,5,9.194192738711305
851,6,16.122796626425092
851,12,3.2946847090035085
851,24,6.1305959485228625
851,25,6.196320120945668
851,29,5.182700242273439
852,2,6.590387921670885
852,5,8.523154216613415
852,6,16.828754564366157
852,12,1.3214471523253213
852,24,4.755747040960443
852,25,4.547287450009135
852,29,3.7504318269504697
853,2,-7.649063154271868
853,5,-9.163629728305793
853,6,3.165772492581049
853,12,-12.554053765768813
853,24,-9.23540850151372
853,25,-5.904178468862588
853,29,-3.9371607446778913
854,2,-7.825069220630121
854,5,-8.480946782343441
854,12,-12.363898061354192
854,24,-8.447053473522452
854,25,-5.512663157647639
854,29,-2.5880156736663356
855,2,-7.83209825061893
855,5,-9.63788635279482
855,6,3.6548701589088983
855,12,-12.155372603744926
855,24,-8.569248472480602
855,25,-4.605357744763326
855,29,-1.484418674378901
856,2,-8.098821810098892
856,5,-11.73345715555612
856,6,2.528377275063033
856,12,-12.438014860990158
856,24,-9.767262850382629
856,25,-3.837880554371557
856,29,-1.1880447288851421
857,2,-8.208528693780423
857,5,-12.473356313304514
857,12,-12.68261306422425
857,24,-10.007078863213101
857,25,-3.5688155062456417
857,29,-0.7948943752305908
858,2,-8.436819429270521
858,5,-11.243608542883457
858,6,2.5661255036912127
858,12,-12.447672596088209
858,24,-8.667934534876013
858,25,-3.8170014623816986
858,29,0.08864406754272558
858,31,14.681553659404802
859,2,-7.555066229628913
859,5,-10.722340999932182
859,12,-11.489431523292268
859,24,-8.412147960454202
859,25,-2.2687478060695057
859,29,1.4634442154053975
860,2,18.171663451238672
860,5,23.12506111743186
860,6,28.21762714852193
860,12,14.54040859942023
860,24,18.518615987581498
860,25,18.52027679650499
860,29,18.74351408385057
861,2,4.506484793515346
861,5,4.576250617410639
861,6,13.127856117221034
861,12,1.8809739945354114
861,24,5.353200215024824
861,25,6.511690889436926
861,29,7.212807929831882
862,2,10.926109073729883
862,5,12.469277619816186
862,6,18.341102064433123
862,12,8.499403066778871
862,24,12.330198887372767
862,25,13.014394597391266
862,29,13.63673606443811
862,31,20.438217289819114
863,2,11.902532084165161
863,5,13.45938546052676
863,6,18.305571111972153
863,12,9.955167669612468
863,24,13.65322223660463
863,25,14.288026351877473
863,29,15.217393692038794
864,2,26.56562870246183
864,5,31.034917262476164
864,6,32.3592598470558
864,12,25.053251824894158
864,24,29.294644691718297
864,25,29.098162101292843
864,29,29.582172268803617
865,2,38.0266316226494
865,5,43.47274339008813
865,6,43.4686847304337
865,12,36.573027866793865
865,24,41.65952773970336
865,25,42.82968175512959
865,29,40.42614936167958
866,2,97.59947029222447
866,5,100.93360852644993
866,6,103.39424731109885
866,12,94.30364379575823
866,19,105.46272204328747
866,24,98.40532446290274
866,25,97.69879798199433
866,29,97.29854454437874
867,2,105.76786116594064
867,5,108.94599897627552
867,6,110.7191232765117
867,12,103.61847731607332
867,24,107.08750394472737
867,25,106.95773457120603
867,29,106.47600406042788
868,2,99.09862384140395
868,5,100.64437361684449
868,6,102.36677885915381
868,12,97.34307632842635
868,24,98.34040997117893
868,25,100.11413251565116
868,29,98.89683941995395
869,2,105.07799665398669
869,5,105.31618743173502
869,6,107.84738820902373
869,12,103.30550224735447
869,19,109.22710062252743
869,24,103.24097963449697
869,25,105.98970187127694
869,29,104.61509675378136
870,2,97.3439505860981
870,5,96.81183792567452
870,6,99.17052658234526
870,12,95.73440626161981
870,24,94.25467494328494
870,25,98.15566944509797
870,29,96.10144157248988
871,2,111.0830665487175
871,5,109.99841566113756
871,6,112.9721572338158
871,12,110.06824779184535
871,19,112.07108135169894
871,24,109.05955093777307
871,25,112.7699920251928
871,29,110.68395447303456
872,2,90.97352856644194
872,5,89.56635579176098
872,6,91.7295664765185
872,12,89.57039466798022
872,24,86.81598021474558
872,25,91.94191749287971
872,29,89.25889133527065
873,2,90.27315086329746
873,5,87.62034747576722
873,6,90.57626133455526
873,12,88.7755815362125
873,19,90.33510439410676
873,24,85.33493429928377
873,25,91.2912149623129
873,29,88.37938312885228
874,2,27.142825768177165
874,5,22.31977710400557
874,6,26.332762011205656
874,12,23.42326135447975
874,19,24.39588370837825
874,24,18.893153383648553
874,25,26.082528963687245
874,29,21.931453250826564
875,2,63.03436733196554
875,5,58.24483968592729
875,6,62.69130621835807
875,12,59.723965687962675
875,24,57.27908438171007
875,25,63.308926610887895
875,29,60.02548235873469
876,2,45.68720060769233
876,5,40.60555955542227
876,6,45.64926033230046
876,12,44.06955379562275
876,24,42.6164574296274
876,25,45.14925689867243
876,29,44.06012403050191
877,2,70.09905963660181
877,5,65.98964717152181
877,6,70.39877015192394
877,12,68.50216576695193
877,19,66.71061973008592
877,24,66.24941347096741
877,25,72.16587175424185
877,29,69.36079659781622
878,2,35.23426108551751
878,5,32.37048059168392
878,6,35.019122683673785
878,12,34.392705468037164
878,24,32.419966554422004
878,25,37.641784586803254
878,29,36.23544079286003
879,2,14.791283560209711
879,5,3.8012835988376823
879,6,17.135812931625797
879,12,13.332962972574416
879,24,4.2941403557249735
879,25,16.461743577093504
879,29,13.228520254442426
880,2,83.08733511515848
880,5,80.01644796930277
880,6,84.08264684328785
880,12,81.5423814613098
880,19,79.55072789173384
880,24,80.1282377531793
880,25,85.61121452559992
880,29,82.50667827673233
881,2,6.089247304310697
881,5,-9.082638792374148
881,6,7.31232149823658
881,12,5.112001040246383
881,24,-0.7052407337527236
881,25,15.452196610356001
881,29,15.906531991056264
882,2,5.519856076977053
882,5,-6.724663819036089
882,6,5.134339694433855
882,12,5.131960898320807
882,24,1.4279701597698016
882,25,14.857408769186039
882,29,15.782467820726145
883,2,5.682759130219031
883,5,-8.190801255149916
883,6,6.754638610616715
883,12,4.96802712292801
883,24,0.16043085432758963
883,25,14.541244155589188
883,29,15.172021319185927
884,2,5.014151233836813
884,5,-6.462195700321785
884,6,5.646346257122452
884,12,4.99067067687211
884,24,1.5252053518618722
884,25,13.781139688817602
884,29,15.233760084408416
885,2,5.34558509783241
885,5,-6.423291026783942
885,6,6.146163074908723
885,12,5.025967431141144
885,19,0.25971694374805787
885,24,1.2594948156602976
885,25,13.257535538869313
885,29,14.201277401147529
885,31,18.810597559898373
886,2,6.304027533522242
886,5,-3.124514018028708
886,6,7.3219986095335265
886,12,6.029969962370302
886,24,2.8255677772201877
886,25,13.42246011641319
886,29,14.44212380624332
886,31,17.952116451612504
887,2,8.84764115136597
887,5,2.2734274057008093
887,6,8.503466460490891
887,12,9.558188327301218
887,24,7.705824708642696
887,25,14.07033775523605
887,29,14.645813757789327
887,31,14.979563947865024
888,2,9.166569068028643
888,5,3.109311845917121
888,6,8.503490426273567
888,12,9.717791323750063
888,24,8.181056916068918
888,25,13.993200899617868
888,29,14.375624684223359
888,31,14.169100985899076
889,2,7.453536481016803
889,5,-0.21721364715100222
889,6,7.258566019046286
889,12,7.699556172146831
889,24,4.79192997542645
889,25,12.642801697124787
889,29,13.251390560833777
889,31,15.222611321354478
890,2,8.462226356818151
890,5,1.119380732790134
890,6,8.34645103865762
890,12,8.666898623104752
890,24,6.010820527876285
890,25,13.433824405923067
890,29,13.504178298525954
890,31,13.586324394419204
891,2,8.13329706533177
891,5,-0.15300364465259797
891,6,7.509557780044597
891,12,8.331491482852371
891,24,5.131884154180473
891,25,12.533538306548824
891,29,12.414634902759396
891,31,14.530508922291208
892,2,9.037927950060544
892,5,2.0736272160023876
892,6,8.30578361593642
892,12,9.3882037021111
892,24,6.454633781683314
892,25,13.405776489783552
892,29,13.276436421480698
892,31,12.817752121331512
893,2,8.703951689796934
893,5,1.0184982333842791
893,6,7.317719657732358
893,12,9.393740617101733
893,24,6.130069355499144
893,25,13.01037533476503
893,29,13.253142542261383
893,31,14.139175905118005
894,2,9.39232899870615
894,5,1.3811095078355171
894,6,8.12711320446666
894,12,9.87710533450308
894,24,6.0169907036909365
894,25,13.355844615126825
894,29,13.09815243020191
894,31,14.074724833176612
895,2,9.14076685758251
895,5,0.2734523505922173
895,6,7.401050532832933
895,12,9.747782670009943
895,24,5.834038647389094
895,25,13.43771050322593
895,29,13.022742063459784
895,31,14.047831072884176
896,2,9.217458250206391
896,5,0.007231975565838766
896,6,7.431347400645645
896,12,9.7105944656642
896,24,5.583663854975245
896,25,13.394621524798929
896,29,12.851221289969061
896,31,13.93105120841699
897,2,9.018088312378818
897,5,0.7277453501457645
897,6,7.185379074424043
897,12,9.760988745365989
897,24,6.259676172967251
897,25,13.231749613426736
897,29,12.966177514706287
897,31,13.54370273757496
898,2,8.99443909475153
898,5,0.7612351041679517
898,6,7.039901960234494
898,12,9.67806316821864
898,24,6.086902683940085
898,25,13.02728885889331
898,29,12.64461865048282
898,31,13.237672416853574
899,2,8.83493826736467
899,5,1.3714678186471536
899,6,6.727878618069824
899,12,9.683593567179031
899,24,6.429633912624189
899,25,12.810096531563376
899,29,12.612928780637656
899,31,12.752291028397899
900,2,8.783732712259901
900,5,1.8963818151527878
900,6,6.600652358384099
900,12,9.712460874687476
900,24,6.66899705006309
900,25,12.619348133508392
900,29,12.515740899050664
901,2,8.824104663532971
901,5,1.6427578352481564
901,6,6.493526750102732
901,12,9.671152881222476
901,24,6.357554661682945
901,25,12.6678697078871
901,29,12.401241302435121
901,31,12.306572824391715
902,2,8.641925472678533
902,5,1.3367705706731723
902,6,5.692260980375465
902,12,9.274649038790383
902,24,5.987446653889815
902,25,12.53420134818827
902,29,12.329033475833052
902,31,12.229765525691489
903,2,8.329491054456195
903,5,1.467273262211676
903,6,5.389421778909919
903,12,8.904069063253818
903,24,6.023971631900932
903,25,12.07124354965562
903,29,12.003993800681211
903,31,11.854507360534814
904,2,7.866135828711429
904,5,2.096926483730668
904,6,4.8262705019395
904,12,8.424787957375672
904,24,6.714774080283334
904,25,11.635519395190121
904,29,11.754868448128088
905,2,8.111517494087437
905,5,2.394475042693916
905,6,4.4471185372687945
905,12,8.471133218983603
905,24,6.711964440947665
905,25,11.11492932528843
905,29,11.045614314125128
905,31,10.894960048406773
906,2,7.5545869782343456
906,5,2.094584789561649
906,6,4.1112968502872
906,24,6.470477695090434
906,25,10.804979605301877
906,29,10.884258216228979
907,2,6.921674198098792
907,5,2.3987965613539775
907,6,3.863660061469645
907,12,7.00960917824985
907,19,0.812812630977199
907,24,6.858511413616011
907,25,10.55267888157854
907,29,10.981802112176954
907,31,11.04583239383004
908,2,7.110371540262364
908,5,2.2429553189982423
908,6,4.486477003428739
908,12,7.064515024730232
908,24,6.140315381425457
908,25,10.646438562093834
908,29,10.933350066540717
908,31,11.359720607175017
909,2,6.961085280911522
909,5,2.769026949331918
909,6,3.830162873866816
909,12,7.21144453267138
909,24,7.071153969354679
909,25,10.407747155610002
909,29,10.907526884540612
910,2,6.861837692268616
910,5,2.872565020227043
910,6,3.44452461340011
910,12,7.252688906625349
910,19,0.16135204990966034
910,24,7.139175330071442
910,25,10.440038898760866
910,29,10.971964384574283
910,31,10.77992912549832
911,2,7.077003405870148
911,5,2.89482118980548
911,6,3.902661734517033
911,12,7.905367561936041
911,19,0.8600274343727228
911,24,6.926897657446491
911,25,10.536136723767829
911,29,11.231077416185116
912,2,6.52278623389581
912,5,3.1190259853514064
912,6,2.872852734306595
912,12,7.364465031270535
912,19,-0.35072832905010287
912,24,7.747312279665074
912,25,10.384221824562466
912,29,11.09988234650154
913,2,6.444454383804733
913,5,3.095920017868367
913,6,2.891475928183856
913,12,7.167695607538118
913,19,-0.23124320808591037
913,24,7.985385096813392
913,25,10.260935646435954
913,29,10.923982830808258
914,2,7.803403491003403
914,5,3.5480888732574094
914,6,4.544905180033531
914,12,8.88306302524219
914,19,1.9159943493258749
914,24,8.173184853391362
914,25,10.723029989347904
914,29,11.608681730443626
915,2,7.235922214870953
915,5,4.201335257030822
915,6,3.627046768878514
915,12,8.440007688009374
915,19,0.2951859781823263
915,24,8.379946881303987
915,25,10.360469065152328
915,29,11.082716162712963
916,2,7.633146606387209
916,5,4.553610816748943
916,6,3.8510073296098715
916,12,8.934976685352517
916,19,0.796484950601287
916,24,8.415510378695586
916,25,10.464291504777345
916,29,11.004660662710592
917,2,7.3808103517212
917,5,4.8085427399488605
917,6,3.3259113520548573
917,12,8.58714356402285
917,19,0.1291680204488319
917,24,8.466389015264792
917,25,10.319527326448492
917,29,10.488660892170012
918,2,7.3418732719491935
918,5,4.916759422435117
918,6,3.4348862448175095
918,12,8.509728032247462
918,19,0.18015736078778044
918,24,8.63082473015027
918,25,10.318707970601555
918,29,10.673608462155839
919,2,8.132600898983156
919,5,4.979867433663148
919,6,4.366090000392126
919,12,9.39581225250162
919,19,1.4427462118122527
919,24,8.684445055411963
919,25,10.87205137017508
919,29,11.320292894579278
920,2,7.695798782386401
920,5,6.121031901656496
920,12,9.569081117375173
920,19,0.6952858774932249
920,24,9.956465210797232
920,25,10.043651451050929
920,29,10.49594199206882
921,2,8.176843042352676
921,5,5.514325561505945
921,6,3.90144783925972
921,12,9.882783434612094
921,24,10.135580310675014
921,25,10.684206196499575
921,29,11.724731306027698
922,2,8.40175205183239
922,5,5.643790730110211
922,12,10.179916971355938
922,24,10.106683465378364
922,25,11.112692092522208
922,29,11.896031829615692
923,2,17.408570769786763
923,5,17.409122485299044
923,6,13.795235050372163
923,12,17.121157507378026
923,24,17.077464548008805
923,25,15.446081384357868
923,29,14.196572816062766
923,31,11.497414903372997
924,2,13.491662469236147
924,5,12.997041593671142
924,6,10.78638096247057
924,12,13.14050614521092
924,24,13.76817384021074
924,25,12.338302398578543
924,29,12.002383782825328
925,2,24.69817291382698
925,5,25.45363993775928
925,12,22.866249809074287
925,24,23.35942310560884
925,25,22.954160219194065
925,29,18.351915242808165
925,31,17.11012107943848
926,2,17.127831832641675
926,5,15.40985726157091
926,6,17.27486205978495
926,12,14.193315595248137
926,24,14.548503707160778
926,25,12.837086846653529
926,29,11.681372294230297
927,2,15.706708162778503
927,5,15.293182876067483
927,6,17.47573524549373
927,12,12.128542023270477
927,24,13.669390896606796
927,25,11.376980207173393
927,29,10.992898094202099
927,31,15.016624605203958
928,2,2.5183547127675414
928,5,0.46719217331804774
928,6,7.190802204470658
928,12,-1.2198425011114455
928,24,1.3460787385982358
928,25,3.254806704907484
928,29,5.254210731156727
928,31,12.585983697515072
929,2,-2.4411481702781055
929,5,0.12637041847316155
929,6,-0.33534667208352475
929,12,-3.0120709330309925
929,19,2.3684669360984154
929,24,3.6347906564820986
929,25,0.7734215640678581
929,29,4.3157894472971545
929,31,8.831415042279048
930,2,-1.9198409432864585
930,5,-0.8162480274943049
930,6,0.2695802118719581
930,12,-2.7197482168447147
930,24,2.578519372926537
930,25,1.68467294680838
930,29,5.223433801101212
931,2,-1.5954501926891913
931,5,-1.759746499473724
931,6,1.5827971816720836
931,12,-3.523429689052194
931,19,3.142442146109784
931,24,0.5886113553068242
931,25,1.4960498431908285
931,29,3.884310805935879
931,31,9.985778236517469
932,2,-0.9475831055138149
932,5,-2.2303010816418327
932,6,1.9939491874886615
932,12,-3.0402826542784886
932,19,3.714086742238967
932,24,0.17205076336438152
932,25,2.10050152368434
932,29,4.551057754453465
933,2,-0.779064916771758
933,5,-2.252178406924953
933,6,2.2863985581444624
933,12,-2.7405005781567064
933,19,3.8264244225272166
933,24,-0.06896484352522902
933,25,2.1538688096450365
933,29,4.087677316948728
934,2,0.04098308673498385
934,5,-1.7115583855842962
934,6,2.840543588610722
934,12,-1.224192247496899
934,19,4.637276672649659
934,24,0.8893769473954451
934,25,3.1238139130817792
934,29,5.644352899042287
934,31,11.699466400531684
935,2,1.1544972002789469
935,5,-1.3696512474358649
935,6,3.656053538435038
935,12,-0.16185558425586688
935,19,5.669341804936839
935,24,1.575061593474675
935,25,4.167695465500447
935,29,6.490931130251182
935,31,12.233933188682256
936,2,-0.08845477511051758
936,5,-1.839676040617071
936,6,2.132355468129249
936,12,-1.3713277980237102
936,19,3.0996395824620406
936,24,1.120966189046983
936,25,3.3115669785179076
936,29,5.384252542760837
937,2,-0.2600512953048484
937,5,-2.5944019826510836
937,6,2.3064347135326106
937,12,-1.683463376254395
937,19,3.1266017265917725
937,24,0.42862941869095783
937,25,3.1889556707504862
937,29,5.005816043930423
937,31,11.355364285990659
938,2,0.3265036654118041
938,5,-2.3022853914604604
938,6,3.033631525907762
938,12,-1.2119909050820281
938,19,4.46286352423468
938,24,0.6775599693267198
938,25,3.219541629668682
938,29,4.896642641941556
939,2,-0.8532493583256957
939,5,-2.986401206235412
939,6,1.6217872163149116
939,12,-2.511917202477343
939,19,2.954812404705349
939,24,0.5854105859142376
939,25,2.80530786619698
939,29,5.0144896123964156
939,31,11.605137776553345
940,2,-0.9641046404628146
940,5,-2.126163009192209
940,6,1.5878225073622412
940,12,-2.369885088278255
940,19,3.1271224686127352
940,24,0.9933388882021907
940,25,2.5489875053685456
940,29,5.045012316648409
941,2,-0.029058279355159478
941,5,-1.7197976954497158
941,6,3.284888443038027
941,12,-1.304511894824163
941,19,5.584143269419497
941,24,0.7356765040907756
941,25,2.953276105838148
941,29,4.890887683695924
941,31,10.89266652253272
942,2,-2.2462582769902615
942,5,-3.089237592997041
942,6,0.8265936037814507
942,12,-3.8863683424521946
942,19,2.268033576557218
942,24,0.36132945082755086
942,25,1.666094975298849
942,29,4.518780541372065
943,2,-2.2026006982098005
943,5,-3.001478491402872
943,6,0.610414702164559
943,12,-3.5944212365209784
943,19,2.0025890953206833
943,24,0.8964698476036972
943,25,1.941814493315464
943,29,4.984733677390631
943,31,11.134074874594255
944,2,-1.5386806144796736
944,5,-2.786183117006149
944,6,1.6096473408904952
944,12,-2.8959545009196477
944,24,0.6343166563494553
944,25,2.632713666050112
944,29,5.443225687768731
944,31,11.624631585273253
945,2,-2.3807506999259895
945,5,-2.2799322415354837
945,6,0.5574211571717621
945,12,-3.146289409770593
945,24,1.3715027528198966
945,25,2.014952593406992
945,29,5.149872736353606
946,2,-0.9607888702836749
946,5,-2.114431531437252
946,6,1.6153158953640014
946,12,-1.6570740499427101
946,24,1.2305436786973227
946,25,3.4237289656023044
946,29,6.492789371312277
947,2,-2.263601700830755
947,5,-2.4646010498603044
947,6,0.1020532663756355
947,12,-2.430578924867188
947,19,0.14679713551861795
947,24,1.7100276400098235
947,25,3.007807906010589
947,29,6.354316656766574
947,31,11.153893844757928
948,2,4.985304069268053
948,5,3.8047459109636037
948,6,8.516136622369693
948,12,3.8568037666258776
948,24,7.078630131791119
948,25,6.812079882782349
948,29,8.55223707168151
948,31,12.950590846064197
949,2,-2.02048314395698
949,5,-5.416497903171739
949,6,0.6263364740749157
949,12,-2.9906516546992945
949,24,-0.054669239882723986
949,25,4.031579358199586
949,29,7.798058951515269
950,2,-1.8528651956341626
950,5,-6.286461372805876
950,6,1.003071489595517
950,12,-3.4508994246758586
950,19,0.8724199743075998
950,24,-1.1366400723278076
950,25,4.3065481896608935
950,29,7.121282951999043
951,2,-1.6721361287466499
951,5,-6.580207626083501
951,6,1.6930715395824272
951,12,-2.6080522690640384
951,19,0.8875069014394148
951,24,-0.5063518636679691
951,25,5.318362690027998
951,29,8.838345071567197
952,2,42.29748097292715
952,5,44.756785272278414
952,6,44.637723873316524
952,12,40.483789665612896
952,19,45.63663755046342
952,24,42.78666493662489
952,25,42.06341018874764
952,29,43.08673670256296
953,2,49.899197600141136
953,5,51.57501821027648
953,6,53.641266047969395
953,12,46.558997689472264
953,19,54.81665143987127
953,24,48.621773896414595
953,25,49.80458808992014
953,29,50.10716704373921
954,2,22.37382880251789
954,5,24.067829719785358
954,6,26.570650628881875
954,12,18.85803930076832
954,19,28.65897356248796
954,24,21.854487681357952
954,25,20.835868040791993
954,29,19.937450329204168
955,2,64.53553469739103
955,5,67.44645752224375
955,6,68.8367358220938
955,12,60.00443557862525
955,19,71.02279611640405
955,24,64.72668196889343
955,25,63.065651047903486
955,29,63.923073108479365
956,2,51.261704774370386
956,5,52.841212585028345
956,6,54.34012516582564
956,12,47.062857442488614
956,24,50.856980868958736
956,25,49.911259430167185
956,29,49.42098775721702
957,2,48.06813773807573
957,5,52.33916735680169
957,6,51.201493312306184
957,12,45.97847806323899
957,19,51.4917139774635
957,24,50.85289913585319
957,25,49.20837405199003
957,29,50.17552509896355
958,2,14.908327757636162
958,5,14.780013183545458
958,6,15.866911872638461
958,12,13.702622462008723
958,24,15.86226941378012
958,25,16.03176767415487
958,29,16.79147189478876
959,2,35.30295659716162
959,5,40.78121657049036
959,6,36.04490993360423
959,12,34.53949303658886
959,19,37.3639366178123
959,24,39.702777464794266
959,25,35.283678916411056
959,29,37.507870989853465
960,2,38.952304678103395
960,5,45.910954059247004
960,6,39.72982111250816
960,12,37.85353638756459
960,19,42.18333671780229
960,24,44.43527459811107
960,25,38.92251045450112
960,29,41.36337430837659
961,2,49.653304241092506
961,5,57.20494776711417
961,6,51.89653441639819
961,12,48.10923569549007
961,24,53.82475698675569
961,25,49.13466492834192
961,29,50.88809017815476
962,2,68.21495740758797
962,5,76.45090723937223
962,6,71.42885125107148
962,12,65.83727219146493
962,24,73.17354357599514
962,25,67.3790284251141
962,29,68.08561368087501
963,2,28.625038257128807
963,5,36.770117504566095
963,6,31.012961342105832
963,12,26.489593247551273
963,24,33.65248954604331
963,25,26.01108298670168
963,29,27.0500186927935
964,2,52.80785819441203
964,5,64.14289601922498
964,6,56.91629720213638
964,12,51.772496152302985
964,19,61.001801562364534
964,24,60.64655327627653
964,25,53.784271017435096
964,29,55.61579884049903
965,2,58.11540618865371
965,5,68.1960268620329
965,6,61.11084309823514
965,12,56.85649787917998
965,24,65.26185397471929
965,25,56.93429496601781
965,29,58.92613097458813
966,2,58.49275591938954
966,5,68.93502740908295
966,6,62.91915842536415
966,12,57.404138066095534
966,19,69.40189228245151
966,24,65.31275101679111
966,25,59.595586293083784
966,29,60.019555993871194
967,2,52.35693889543381
967,5,63.942889219630835
967,6,57.462144957993786
967,12,51.32879598932777
967,24,60.65149786497992
967,25,52.74067367394714
967,29,54.99461888374611
968,2,1.4157405562120626
968,5,-2.942067426759958
968,6,8.932667428906353
968,12,-3.137318540312867
968,24,-4.540813325686579
968,25,0.3438209749333989
968,29,0.8580840690712677
969,2,17.199070913276586
969,5,25.981769903247017
969,6,19.30172756298324
969,12,15.768329501748292
969,24,24.3556564954595
969,25,15.253108019150899
969,29,17.13456736540388
970,2,50.76248201666232
970,5,61.198230156024465
970,6,55.08535440273912
970,12,48.134446181742504
970,19,60.39436356777431
970,24,56.13016724298338
970,25,48.41531670084243
970,29,49.589824203629604
971,2,66.9663122480525
971,5,79.61263503933033
971,6,71.84187961808924
971,12,65.939872828912
971,24,74.17282178749052
971,25,66.53911260890132
971,29,66.73815789786119
972,2,52.66759307621828
972,5,63.85218614262299
972,6,56.44658022714476
972,12,50.656762309295715
972,24,58.9785035883262
972,25,49.74805928053474
972,29,50.634278537636526
973,2,33.67953180357236
973,5,45.517242173375244
973,6,37.40710257149098
973,12,31.31906695283388
973,24,41.61001157143333
973,25,30.9090294898727
973,29,33.04198847807868
974,2,44.18705485435315
974,5,56.66186337450833
974,6,47.51931440900313
974,12,42.87392219424517
974,24,52.67879621273926
974,25,41.66114577898484
974,29,44.375270584513615
975,2,63.73159596874712
975,5,77.81495530705926
975,6,68.24885488444849
975,12,63.34779616835444
975,24,72.4556575889465
975,25,63.581340266897904
975,29,64.13890510114335
976,2,43.98450442671632
976,5,57.24650638571292
976,6,47.33326704285809
976,12,43.50966931762639
976,24,54.613084886304456
976,25,44.87691175130314
976,29,46.55393870750029
977,2,30.565709233535642
977,5,44.99848796253913
977,6,34.26126943602802
977,12,29.95695546384767
977,24,43.15125860622433
977,25,29.897533133009283
977,29,32.52576244205093
978,2,42.76202518764585
978,5,55.55105451366723
978,6,45.864136113640434
978,12,41.787600127500845
978,24,53.4550155828021
978,25,40.34497211690753
978,29,41.18746090727361
979,2,83.43442882109491
979,5,96.66052086532434
979,6,86.8788097518913
979,12,82.63364280056993
979,24,93.51931139087387
979,25,80.85461658684702
979,29,80.88175599979044
980,2,11.313582416191952
980,5,30.547743972058083
980,12,11.656395793270915
980,24,20.181745520886828
980,25,5.376213698838981
980,29,7.540739587495672
981,2,1.4363982884604525
981,5,24.320093349757062
981,6,1.81728310923085
981,12,2.6283266206247458
981,19,13.282602279605264
981,24,14.72228327919203
981,25,-2.019683064735071
981,29,0.40058585734248453
982,2,90.69889587487116
982,5,103.52774146189351
982,12,89.15849490215132
982,19,103.05876033681419
982,24,99.74754199374026
982,25,87.36409797046866
982,29,88.12265613192864
983,2,39.92169224724876
983,5,51.13860761131197
983,6,42.51059158720604
983,12,39.12270287535997
983,19,52.59481079410525
983,24,48.04957910595803
983,25,40.95938420855808
983,29,40.21367641330256
984,2,26.236987006230244
984,5,38.925150285798736
984,12,24.308033094774657
984,19,40.49610880939564
984,24,30.413116632728926
984,25,20.572794356128416
984,29,20.949712962891383
984,31,23.334293459441035
985,2,34.89926593592101
985,5,45.78223616377921
985,12,33.43414712685406
985,24,42.07336678545327
985,25,34.98525197598442
985,29,34.64861996485167
986,2,45.532520551847895
986,5,55.93889380137175
986,6,48.71190215439551
986,12,44.72582297254273
986,19,59.318984056991845
986,24,52.985366734019905
986,25,47.12808384191265
986,29,46.939649476107505
987,2,26.93655818523834
987,5,38.522079663188144
987,6,29.91417105048713
987,12,25.146700041368316
987,19,40.93820918575137
987,24,34.99283176318688
987,25,28.708103365356983
987,29,27.82504011521525
988,2,45.33126496203768
988,5,55.27191428300576
988,6,49.913945267356425
988,12,42.77562083490241
988,19,59.822617355033564
988,24,51.17056059226239
988,25,46.23067452834667
988,29,45.57295749725601
989,2,43.41024657137068
989,5,52.8226190990737
989,6,49.68474324808966
989,12,39.62165930850632
989,19,58.32707384396526
989,24,48.66841934844119
989,25,41.45085783706653
989,29,42.40060503957547
990,2,19.943350448027033
990,5,32.795943407709935
990,12,16.641794929182247
990,19,35.147758740049795
990,24,24.908127857803084
990,25,19.02610922138838
990,29,20.27267020578143
991,2,20.883385353085046
991,5,28.853428016533957
991,6,26.587624489852452
991,12,16.24699619591623
991,19,34.90708558009611
991,24,26.061154909985177
991,25,16.90451232879584
991,29,17.597364138991317
992,2,46.135124921024484
992,5,55.68072178340975
992,6,51.54847885824687
992,12,44.121097640508545
992,24,52.26261296759753
992,25,47.98358043702912
992,29,47.95843527684818
993,2,75.65662025028408
993,5,85.71793677266199
993,12,73.24024560660487
993,19,91.00468623393833
993,24,81.6298072708672
993,25,73.6119564081896
993,29,75.24714510428619
994,2,72.16654039085579
994,5,82.08735981014156
994,12,69.54033947074706
994,24,77.63321501975871
994,25,70.4573204153796
994,29,71.89138721484892
995,2,90.64161275886238
995,5,100.16983792539968
995,6,96.78191779311587
995,12,86.79556408026475
995,24,96.52447002770747
995,25,88.15013302156918
995,29,89.42647044868974
996,2,-3.579924121643817
996,5,1.8938365255202916
996,12,-8.840573713758952
996,24,-5.35817917279164
996,25,-12.091313948530896
996,29,-14.892969719493067
997,2,-8.631331206994558
997,5,10.338233872945954
997,6,-0.23002915248856404
997,12,-10.575608467877663
997,24,0.7121281089646261
997,25,-19.495994275007583
997,29,-18.179170690336
998,2,51.86958625302918
998,5,59.909671323684805
998,6,58.123755823176076
998,12,48.917873780736784
998,19,63.289037625151124
998,24,56.205273016592756
998,25,50.48790822639542
998,29,52.510137121151146
999,2,10.697528535617508
999,5,17.471700785326604
999,6,17.382139360914447
999,12,6.4849728379150395
999,19,24.303560093833475
999,24,15.513371209555793
999,25,6.892374520594808
999,29,7.833694469421173
1000,2,5.962257561855457
1000,5,11.179772077377393
1000,6,11.73794598872187
1000,12,1.9196773007431815
1000,19,14.988764352607348
1000,24,12.401470211796251
1000,25,4.565826782112778
1000,29,6.769842605122529
1001,2,46.43943900104107
1001,5,55.398486797295476
1001,6,53.78972952287815
1001,12,43.85937463358585
1001,24,51.02855685624748
1001,25,47.345902489787704
1001,29,46.31991076222469
1002,2,71.60119340449381
1002,5,81.35895640668296
1002,6,78.57128773933015
1002,12,69.64153097626371
1002,24,76.66273025287444
1002,25,71.35862094546754
1002,29,72.43411092685929
1003,2,81.78213038324438
1003,5,92.16099516447315
1003,6,88.64406326299682
1003,12,79.62554219374368
1003,24,87.73099655765768
1003,25,80.9579477890324
1003,29,82.90589195748274
1004,2,14.954243786257525
1004,5,20.801978853081753
1004,6,20.335799456384205
1004,12,12.72937902488113
1004,19,25.735574670396065
1004,24,18.30769273049523
1004,25,13.657210256422038
1004,29,14.142399486819343
1004,31,17.683420564435046
1005,2,82.61655325191671
1005,5,91.40533593815003
1005,6,88.72440654765258
1005,12,79.3732830017366
1005,24,87.32071802234267
1005,25,78.88602950920166
1005,29,80.31709326280962
1006,2,84.58959990688743
1006,5,94.41017664324013
1006,6,90.18566944157824
1006,12,81.3664595211209
1006,19,98.40446558037023
1006,24,89.91991049451956
1006,25,81.27143871059991
1006,29,82.31243462684165
1007,2,64.25600904266568
1007,5,74.30306367784102
1007,6,72.21238554652996
1007,12,62.4055466018065
1007,19,77.75709892520409
1007,24,70.45069376961006
1007,25,65.08714714040656
1007,29,66.19006820063763
1008,2,93.6005283165764
1008,5,103.11495946552861
1008,12,90.40132324117147
1008,19,106.43204294481137
1008,24,99.68707819035468
1008,25,90.43487924465421
1008,29,91.89361190198085
1009,2,-1.3837458477878801
1009,5,15.228953211270946
1009,6,2.238003213536461
1009,12,-2.8842143562446356
1009,24,9.70698987704048
1009,25,-3.711034937223239
1009,29,-0.9937301352254586
1010,2,75.11759684262312
1010,5,85.00553014269867
1010,6,80.53479199730293
1010,12,71.25405172017147
1010,24,79.69023768314683
1010,25,71.77371718563835
1010,29,72.2314615682637
1010,31,78.23117587569257
1011,2,18.744838587108042
1011,5,27.677542024231553
1011,6,23.012484407322408
1011,12,15.422963552408751
1011,24,23.353627603237296
1011,25,16.54498567592087
1011,29,17.35787416476751
1011,31,21.360769833512983
1012,2,26.443143786290513
1012,5,34.6898611820192
1012,6,32.428569524253405
1012,12,24.751173602435376
1012,24,30.88382328334617
1012,25,25.165535126562446
1012,29,25.74319550915227
1012,31,29.599776918216683
1013,2,27.610885875372738
1013,5,35.53537633821947
1013,6,32.695250897849924
1013,12,25.50130849385485
1013,24,32.584556314708486
1013,25,27.837887300926454
1013,29,28.9356734565755
1013,31,31.295699250487218
1014,2,73.11923470491575
1014,5,82.52920148066455
1014,6,78.80124448625985
1014,12,69.73514039342984
1014,24,77.95480643819282
1014,25,70.90621965307032
1014,29,71.69789062722384
1014,31,77.524217186349
1015,2,-0.38473508629658326
1015,5,12.934388356672617
1015,6,3.92419733702592
1015,12,-1.9024550796684636
1015,24,7.526369613237764
1015,25,-5.86253706900472
1015,29,-3.3414547069688645
1015,31,-0.3194013307662553
1016,2,-0.31790820068479775
1016,5,13.646597784825426
1016,6,4.413132590667763
1016,12,-1.9538554534296448
1016,24,7.7278328715027005
1016,25,-5.687487236248373
1016,29,-2.5431816899211537
1016,31,-0.09604840156341066
1017,2,69.3655303377491
1017,5,77.73405895385909
1017,6,74.33543657428488
1017,12,66.31651284517498
1017,24,73.97818171764548
1017,25,68.01371933251743
1017,29,69.13703593953994
1017,31,73.60875649240126
1018,2,43.924373248487704
1018,5,51.02981062167215
1018,6,49.01866185511264
1018,12,40.44523282751834
1018,24,49.26913993890342
1018,25,47.65486940230887
1018,29,46.93067336585693
1018,31,52.5976297746178
1019,2,49.81976841998431
1019,5,56.5154463312579
1019,6,55.75484290927355
1019,12,47.07680441102797
1019,24,54.893203720685605
1019,25,53.617433431130905
1019,29,52.80899024554037
1019,31,58.865536035441785
1020,2,25.17362718385703
1020,5,33.32528159656696
1020,6,30.184146508317518
1020,12,20.962065045407876
1020,24,30.863137935247032
1020,25,28.657309603046848
1020,29,28.163994941402017
1021,2,10.803524727318235
1021,5,17.11534526167786
1021,6,14.755613954908696
1021,12,7.83301127851173
1021,24,17.33482572927963
1021,25,10.334474466023897
1021,29,12.669952090687737
1022,2,19.554115886117593
1022,5,25.904626547214562
1022,6,24.878595978987452
1022,12,17.847354731048334
1022,24,23.67193750316461
1022,25,19.736714581593112
1022,29,20.124280255048156
1023,2,22.467307841928523
1023,5,29.272659600068614
1023,6,26.511063157079526
1023,12,20.952298782353687
1023,24,27.103222559344214
1023,25,21.985848220119614
1023,29,22.777125910496252
1024,2,13.97964075880086
1024,5,19.70705257643717
1024,6,17.229829210265734
1024,12,13.057432489352447
1024,19,20.353527285197252
1024,24,18.441009938098098
1024,25,13.071170647021813
1024,29,14.315563303861328
1024,31,19.53775500911369
1025,2,8.010162639199278
1025,5,9.977558903003905
1025,6,12.2036308004361
1025,12,4.32673572532067
1025,19,13.540840263951248
1025,24,11.27003115432891
1025,25,7.010732601799836
1025,29,9.664853858480216
1025,31,15.864067778125627
1026,2,19.54593013823329
1026,5,25.647826070543207
1026,6,22.846661969021564
1026,12,18.758607782867504
1026,24,24.035065427454448
1026,25,18.70386366080053
1026,29,19.84009719143267
1026,31,25.29299925369741
1027,2,-0.7899439658091332
1027,5,-2.4194747773011294
1027,6,4.546506635836848
1027,12,-3.6306262370321924
1027,24,1.175470649779625
1027,25,2.273146985123267
1027,29,7.285125488958387
1028,2,34.911722809371035
1028,5,39.935978233057035
1028,6,39.59456978273414
1028,12,32.433755526353345
1028,25,34.07456771296479
1028,29,36.03785159099975
1029,2,52.92077300402698
1029,6,59.09131653047189
1029,12,50.35053353511297
1029,25,56.755137526018814
1029,29,57.283249422062646
1030,2,41.6505970154133
1030,6,47.41202673014473
1030,12,39.23474212714022
1030,19,51.40470011889333
1030,25,41.53670526188337
1030,29,40.83135824134992
1031,2,90.93720370871854
1031,5,96.02331630061805
1031,6,96.6636432653741
1031,12,87.32151083040822
1031,25,89.26743371900392
1031,29,89.89744458758501
1032,2,87.58683272636475
1032,6,93.60098035760387
1032,12,85.33621008419831
1032,25,87.95776622026553
1032,29,88.77459566885054
1033,2,87.67404949222568
1033,5,93.07743399152422
1033,6,93.19142565628118
1033,12,85.1339919614818
1033,25,87.03909899736774
1033,29,87.8401618374431
1034,2,84.58025140180985
1034,5,90.09491303118617
1034,6,90.09990903382148
1034,12,82.81075783453024
1034,25,85.66213948306499
1034,29,85.7674895316025
1035,2,66.88526384696533
1035,6,73.19499465731472
1035,12,64.4158205403882
1035,25,67.1535184995315
1035,29,66.91211872992098
1036,2,58.64556263680654
1036,6,63.57962201506186
1036,12,56.158492572846704
1036,25,61.483487372960724
1036,29,60.91561678140435
1037,2,43.47476188934786
1037,6,48.0362886414771
1037,12,41.3194700160045
1037,25,46.91843658639164
1037,29,46.318156882409305
1038,2,41.21915931652156
1038,6,46.69095209624556
1038,12,38.95790991575816
1038,25,43.067062791577136
1038,29,39.87549636727488
1039,2,49.438913620977914
1039,5,53.86356159190833
1039,6,54.0501988008376
1039,12,47.4952886504965
1039,24,51.401113908203456
1039,25,51.97748554076431
1039,29,51.496874501913766
1040,2,54.249560692384264
1040,6,59.609005978944104
1040,12,50.518214586711736
1040,25,53.41546559001345
1040,29,54.156347759274965
1041,2,41.56338265723182
1041,5,48.08875890227692
1041,6,47.01059380619105
1041,12,39.50897743687615
1041,25,43.347746253727955
1041,29,41.29002840140893
1042,2,95.59147298346944
1042,5,102.81561830074321
1042,6,100.86808462753172
1042,12,92.43564800918433
1042,25,93.76838390892682
1042,29,94.87368287820978
1043,2,39.44024240934367
1043,5,44.67565457269249
1043,6,43.93201742481219
1043,12,36.709318060457875
1043,25,37.8107493896892
1043,29,38.7203313496814
1044,2,46.85151557322132
1044,5,52.93505958429319
1044,6,51.17652120158524
1044,12,44.00479476151712
1044,25,44.72687516366679
1044,29,45.67035071356411
1045,2,61.7556139355743
1045,5,68.64726348086005
1045,6,68.90445352520732
1045,12,59.338942619844104
1045,25,62.37331088286519
1045,29,63.65876351615874
1046,2,48.95612364178294
1046,6,54.01520927237399
1046,12,44.734068284593896
1046,25,46.404968617437795
1046,29,47.14345170451458
1047,2,0.7744241468120627
1047,6,6.04073485749296
1047,12,-1.6933888964709638
1047,25,3.291786649074073
1047,29,7.372658102392284
1048,2,-8.022998032998316
1048,5,-1.3716520008294757
1048,6,-5.247387315776998
1048,12,-6.913864978484709
1048,24,7.375542965014457
1048,25,-1.4734108099882093
1048,29,5.923084933128118
1049,2,-1.6607799032826804
1049,5,10.580346848798873
1049,6,2.1102462892482876
1049,12,-1.1090715518044139
1049,24,12.238973913791702
1049,25,0.22179081700667247
1049,29,5.324486818729078
1050,2,-8.986430715915066
1050,5,10.053806516500787
1050,6,-4.505010918669916
1050,12,-7.221776430001938
1050,24,7.775119647923453
1050,25,-6.252294896505422
1050,29,-3.282322217199127
1051,2,0.5141495005812793
1051,5,17.632069018611908
1051,6,4.399348792024985
1051,12,1.0874064357030981
1051,19,13.832281228481072
1051,24,9.436496333183205
1051,25,-0.5404677420356965
1051,29,2.622720113509848
1052,2,6.290077295135374
1052,5,12.90597455715902
1052,6,10.965942981755301
1052,12,4.467287677698604
1052,19,17.66593701137883
1052,25,3.0005854434969983
1052,29,5.915568226780901
1053,2,-0.015150293606172482
1053,5,9.879687095842055
1053,6,4.7291195980100165
1053,12,-0.7514291679918621
1053,19,11.162239712924446
1053,25,-4.950383820964003
1053,29,-1.1772508965424233
1054,2,-9.601959080737377
1054,5,7.355135415665135
1054,6,-3.3571681247504586
1054,12,-10.642362897344029
1054,19,10.046780672743163
1054,25,-18.945058762847623
1054,29,-16.22684749169429
1055,2,-4.121516764568151
1055,5,7.144757231744532
1055,6,-0.09505096794814705
1055,12,-4.068621162346341
1055,19,8.290550697101711
1055,24,5.329700371709057
1055,25,-4.945662380499373
1055,29,-2.9665339316571373
1056,2,-9.227387993922022
1056,5,6.140521350587469
1056,6,-5.172115860156314
1056,12,-8.55244210276859
1056,19,4.909380321985615
1056,24,4.0780459478096684
1056,25,-13.124262505811643
1056,29,-8.37466692406483
1057,2,-9.129001282543523
1057,5,5.894154629682485
1057,6,-5.045780417992459
1057,12,-9.17478630510221
1057,19,5.518085357129965
1057,24,3.314829391559624
1057,25,-14.594307375238884
1057,29,-10.101038788708559
1058,2,-8.875016187111843
1058,5,6.360505083216691
1058,6,-5.100389609192812
1058,12,-8.313721191268222
1058,19,5.082614226125036
1058,24,4.0342647067502995
1058,25,-13.75443915184812
1058,29,-9.012031015080865
1059,2,-8.782098555409373
1059,5,6.52286359984083
1059,6,-4.864522482354857
1059,12,-8.32734910666419
1059,19,5.4392890354713
1059,24,4.371464862796665
1059,25,-14.006872049516584
1059,29,-9.524554515788743
1060,2,-8.77765897787749
1060,5,6.2825397322894805
1060,6,-4.87344229491017
1060,12,-8.513265044625324
1060,19,5.590408609549026
1060,24,4.2851112092198065
1060,25,-13.953608867091482
1060,29,-9.47101007462771
1061,2,-8.392202038066165
1061,5,5.837017940991222
1061,6,-3.978649742170412
1061,12,-8.611780278653114
1061,19,6.264611769700898
1061,24,3.153099232467437
1061,25,-13.791890984115469
1061,29,-9.813510203969594
1062,2,-7.9211028271526125
1062,5,4.726609864391419
1062,6,-3.1606577401192135
1062,12,-8.308846475317512
1062,19,5.765764278396201
1062,24,2.3743222353484175
1062,25,-11.580423564883333
1062,29,-7.988329031334902
1063,2,-7.6632426566925105
1063,5,4.858507707865637
1063,6,-3.317302307226308
1063,12,-7.906864842738338
1063,19,5.699222538088848
1063,24,2.3586068490617675
1063,25,-11.634225245775614
1063,29,-8.12095484749546
1064,2,-7.2550608792969555
1064,5,4.601125825860794
1064,6,-3.224549308155188
1064,12,-7.4599259856195275
1064,19,5.540537885272389
1064,24,2.4713567547414375
1064,25,-11.43704297581809
1064,29,-7.804554038787262
1065,2,-6.75465344729014
1065,5,4.501679129028977
1065,6,-2.9279284212499492
1065,12,-6.915524346472255
1065,19,5.516822140135669
1065,24,2.601403520364116
1065,25,-11.16290953672343
1065,29,-7.382265966442417
1066,2,-6.721651042116083
1066,5,3.720051237011635
1066,6,-2.633757017498323
1066,12,-6.872340720183228
1066,19,4.801371479552627
1066,24,2.565097051586501
1066,25,-9.1960650012753
1066,29,-5.55910603800154
1067,2,-6.23004216783692
1067,5,3.633900710348537
1067,6,-2.519894971615261
1067,12,-6.498474715402904
1067,19,4.491503390293907
1067,24,2.6263358072403316
1067,25,-8.63177699466188
1067,29,-4.8678853704286915
1068,2,-5.24956044841983
1068,5,3.786383380764703
1068,6,-1.9265522075542272
1068,12,-5.4140055861134755
1068,19,5.0235915756760825
1068,24,2.5666494239648885
1068,25,-9.05211868728824
1068,29,-5.572645905398504
1069,2,-5.3487581576431005
1069,5,3.2673469287962993
1069,6,-1.7086346378273838
1069,12,-5.673825259073067
1069,19,5.427628462492498
1069,24,2.039125806346978
1069,25,-9.409070654006943
1069,29,-5.821851138841328
1070,2,-5.107835531398315
1070,5,3.520329480037999
1070,6,-1.2667680599372773
1070,12,-5.463179551968531
1070,19,5.855547510874142
1070,24,2.057738937392586
1070,25,-9.379529545712654
1070,29,-6.215819394273288
1071,2,-4.926954155909112
1071,5,3.565394942798352
1071,6,-1.151676346547541
1071,12,-5.21626891361909
1071,19,5.950215797098538
1071,24,1.6858880310533668
1071,25,-9.27095915680189
1071,29,-6.22788593809134
1072,2,-3.9389955480301184
1072,5,2.9454668666894923
1072,6,-0.33827121937985094
1072,12,-3.9461573912401606
1072,24,1.6216641930370281
1072,25,-5.773013682704691
1072,29,-2.50534012571505
1073,2,-6.503926734559137
1073,5,2.2306351876180344
1073,6,-2.168193020875127
1073,12,-6.822577988108533
1073,24,1.3047788087118208
1073,25,-9.814153820876058
1073,29,-6.104007552651632
1074,2,-8.78336753740906
1074,5,0.07465710534042991
1074,6,-4.118756907811168
1074,12,-9.219201726669887
1074,19,2.895445784537805
1074,24,-1.4584009435358958
1074,25,-9.696617372759741
1074,29,-7.440193516197514
1075,2,-7.53502693678446
1075,5,0.5165444004664614
1075,6,-3.3547156621649687
1075,12,-7.585124152134936
1075,24,-1.355344212264134
1075,25,-7.3956785337716
1075,29,-5.562469199874922
1076,2,-8.811390319689263
1076,5,0.5436177014557622
1076,6,-4.3857973118261135
1076,12,-8.71403577635104
1076,19,2.8240503721855728
1076,24,-0.6043206624061928
1076,25,-9.585070831891459
1076,29,-7.358819678912131
1076,31,-2.607922131639122
1077,2,-9.232214585788608
1077,5,0.7298463576364167
1077,6,-5.0779043491683735
1077,12,-8.925458195874185
1077,24,0.3500791226225006
1077,25,-9.821467085764478
1077,29,-6.918056726885132
1078,2,-10.29433530013765
1078,5,-0.0674106780096313
1078,6,-6.025779795317348
1078,12,-9.883351192297793
1078,19,1.2191071881433242
1078,24,0.8174616486565702
1078,25,-10.579254374759431
1078,29,-6.915893244715653
1079,2,-8.958340996054794
1079,5,0.0242657417063743
1079,6,-5.812864958281821
1079,12,-8.53942119757594
1079,19,0.5592561432570946
1079,24,0.43880640892642697
1079,25,-9.014720460351942
1079,29,-5.186520454035555
1080,2,-9.665460484559123
1080,5,0.5461044262444865
1080,6,-5.4657823447996705
1080,12,-9.529627431662892
1080,19,1.6166858846287706
1080,24,0.37273959725312755
1080,25,-10.050694847889494
1080,29,-6.7257705404500685
1081,2,-9.113508468080324
1081,5,0.47901259676588914
1081,6,-4.825420493396289
1081,12,-9.157974846730276
1081,19,2.0021708316403455
1081,24,-0.2096853000209462
1081,25,-9.741516068549265
1081,29,-6.84080867436214
1082,2,-8.847762099601367
1082,5,0.7073099630207125
1082,6,-4.970065678337758
1082,12,-8.776968428790742
1082,19,1.437592157524623
1082,24,0.32698131878623915
1082,25,-9.034030297245614
1082,29,-5.958648280161095
1083,2,-8.168752346785007
1083,5,0.9379654862742122
1083,6,-4.261155136723396
1083,12,-8.080036604057508
1083,19,2.509799065263059
1083,24,0.48095944538434576
1083,25,-9.554111697682156
1083,29,-6.899328018711211
1084,2,-7.496505668943193
1084,5,1.5704286545705042
1084,6,-4.154574273467595
1084,12,-7.196712741089439
1084,19,2.37467559614553
1084,24,1.2019684362369145
1084,25,-9.309182291621978
1084,29,-6.222868287873593
1085,2,-8.55901054820515
1085,5,1.0360536388729127
1085,6,-4.9023413605329305
1085,12,-8.287710372951976
1085,19,1.5583915985509966
1085,24,1.2356869189525688
1085,25,-8.867300078289455
1085,29,-5.614710724233868
1086,2,-8.407065007339874
1086,5,0.902419777928614
1086,6,-5.268496993928973
1086,12,-7.980102024615811
1086,19,1.0739538731064755
1086,24,1.5315582902849885
1086,25,-8.33634028516372
1086,29,-4.78694484980218
1087,2,-6.207927488841196
1087,5,1.0397665803178189
1087,6,-4.722292331444066
1087,12,-5.831631811126548
1087,19,-0.08308514270731404
1087,24,1.4256984882294956
1087,25,-6.527336636161242
1087,29,-2.555120202167835
1088,2,-5.9975642626452155
1088,5,0.5687483521032703
1088,6,-3.402940205800138
1088,12,-5.904641197365972
1088,19,1.2108609557324144
1088,24,1.3117309338684628
1088,25,-6.862715642030933
1088,29,-3.3639924439601723
1089,2,-7.632563426423003
1089,5,1.1280890383041715
1089,6,-5.037742657322456
1089,12,-7.297183168304213
1089,19,0.43700766144978775
1089,24,1.8113967607583805
1089,25,-7.483887257584257
1089,29,-4.2236480113694075
1090,2,-3.4821692701205507
1090,5,2.9571962370767153
1090,6,-2.695287135774813
1090,12,-2.995934685390889
1090,19,0.5708376148575729
1090,24,2.930856703614671
1090,25,-4.391839817621979
1090,29,-0.44301268712398745
1091,2,-6.62555519224718
1091,5,2.4089160460825987
1091,6,-4.784299350406138
1091,12,-6.178053198185402
1091,19,0.5570203828951952
1091,24,2.757884843749989
1091,25,-6.864113070302721
1091,29,-3.989371438163815
1092,2,-6.538421473576641
1092,5,2.3621979630293417
1092,6,-4.85882207998238
1092,12,-5.672107827591795
1092,19,-0.262458200701408
1092,24,2.96122453294508
1092,25,-5.914827980520318
1092,29,-3.141676223682609
1093,2,-6.1265677384346695
1093,5,2.5155369304578414
1093,6,-4.558539514348878
1093,12,-5.344392970279166
1093,19,-0.1137818497987304
1093,24,3.019322184381328
1093,25,-5.592181500112714
1093,29,-3.0012962245918375
1094,2,-5.688244678173848
1094,5,2.7343406263263237
1094,6,-4.143619709285119
1094,12,-5.231512301234026
1094,24,2.8677006020106774
1094,25,-5.646620208683974
1094,29,-3.3804443026517736
1094,31,-1.9835181340726518
1095,2,-4.366950066393144
1095,5,3.2379436217831845
1095,6,-2.925814338292533
1095,12,-3.8724987551439325
1095,24,2.9584748690994354
1095,25,-5.46175842975625
1095,29,-2.659905011181528
1096,2,-5.24436334234961
1096,5,3.7494510710340823
1096,6,-3.8879355967718534
1096,12,-4.627904157671241
1096,19,0.534390937406612
1096,24,3.278256657164383
1096,25,-6.317956282254236
1096,29,-3.6075095415682137
1097,2,-5.334378916245198
1097,5,4.252155663305708
1097,6,-3.975546155374015
1097,12,-4.686554384304114
1097,19,0.962541788097588
1097,24,3.2827329018325715
1097,25,-6.690228770301797
1097,29,-4.384655059899124
1098,2,-4.930631578278542
1098,5,4.122294521407654
1098,6,-3.6425746410403805
1098,12,-4.336017493954973
1098,24,3.0045332163887197
1098,25,-6.285622717077441
1098,31,-3.3310804639330778
1099,2,-4.940403499655815
1099,5,4.20977233698158
1099,6,-3.5046249740291593
1099,12,-4.516726416779199
1099,24,2.990465266382117
1099,25,-6.397785896352984
1099,29,-4.575659673943097
1100,2,-4.484973338599171
1100,5,3.925166853015832
1100,6,-3.482511380420263
1100,12,-4.227026824309033
1100,24,3.157993725043617
1100,25,-5.523609247501151
1100,29,-3.9149106763303907
1101,2,-4.891412820873875
1101,5,3.7115271707216984
1101,6,-4.329583784791703
1101,12,-4.256773871305986
1101,19,-0.0007400304483136111
1101,24,3.81450569342796
1101,25,-4.975127035268558
1101,29,-2.804607757465476
1101,31,-2.0749529100323185
1102,2,-4.890175253080559
1102,5,3.883433987834273
1102,6,-5.506988187111958
1102,12,-3.8128445236865542
1102,24,4.4394619670115105
1102,25,-4.421457981590757
1102,29,-1.6541864618904984
1102,31,-1.1594707368619162
1103,2,-4.7082609913757025
1103,5,3.452118104509859
1103,6,-5.425197063825742
1103,12,-3.567442903509023
1103,24,4.034084505704381
1103,25,-3.7997029677565717
1103,29,-0.9302352842651072
1104,2,-4.639969445810619
1104,5,3.4222520934172085
1104,6,-4.950759975966543
1104,12,-3.4825668783676758
1104,24,4.096489476868861
1104,25,-4.071198033544395
1104,29,-1.3113557568762229
1104,31,-1.374946796437058
1105,2,-4.08902304407961
1105,5,3.238910904397109
1105,6,-4.994343810261578
1105,12,-3.086819343250885
1105,24,4.049434801939896
1105,25,-3.1970607830550097
1105,29,-0.5037304812184455
1106,2,-3.511345345889479
1106,5,3.1009445942730967
1106,6,-4.1294072092031024
1106,12,-2.62427227953387
1106,24,3.9097757006396017
1106,25,-3.1750657364486816
1106,29,-0.615795240404954
1106,31,-0.5500809292773194
1107,2,-3.9085338340939706
1107,5,3.0121301068591695
1107,6,-4.486688191315528
1107,12,-2.924664835219116
1107,24,3.7258682077091243
1107,25,-2.980364280200205
1107,29,-0.6438570549954479
1107,31,0.1914020493616313
1108,2,-3.553243893178196
1108,5,3.0088726545464173
1108,6,-3.257630995754697
1108,12,-2.508130881708199
1108,24,3.166776453004746
1108,25,-3.0762441841585293
1108,29,-1.0409577468746098
1109,2,-2.9522085518284107
1109,5,2.9077001988397715
1109,6,-2.5096739401715156
1109,12,-1.9897013758101547
1109,24,3.183435424383356
1109,25,-2.769055968282414
1109,29,-0.7498318322138546
1110,2,-2.131396771825251
1110,5,2.6961738690792956
1110,6,-1.3288681752422806
1110,12,-1.43732156953687
1110,24,3.1853360168479643
1110,25,-2.3358158261350503
1110,29,-0.23229798250456746
1110,31,0.37327606947005876
1111,2,-0.9034465896881745
1111,5,2.4969997946670137
1111,6,-0.24804250053712584
1111,12,-0.47890070279845487
1111,24,3.0804540777408764
1111,25,0.01869231255855741
1111,31,3.5852321848145747
1112,2,-1.3113189440831459
1112,5,3.5363010927765792
1112,6,-2.2085168884414728
1112,12,-0.12196826454396037
1112,24,5.140994402573834
1112,25,-0.5674191623173517
1112,29,3.7160687462881734
1113,2,-2.9606326216780365
1113,5,4.072536807234585
1113,6,-2.5875022173547704
1113,12,-1.8642664085814786
1113,24,4.786515455064127
1113,25,-3.848736783326884
1113,29,-1.263157659213343
1113,31,-2.0509743771426567
1114,2,-1.6951205064520631
1114,5,3.8991221557772846
1114,6,-0.752050487392466
1114,12,-1.0209126659797554
1114,24,3.6631206247072594
1114,25,-3.6363375530646067
1114,29,-1.5621166781003915
1115,2,-3.1550284048697903
1115,5,4.1663402451268805
1115,6,-2.3730702535613863
1115,12,-2.1530173705275963
1115,24,4.401176634774505
1115,25,-4.7892706175499224
1115,29,-2.0508381027099505
1116,2,-3.013485207219779
1116,5,4.8710181624260285
1116,6,-2.397986875292127
1116,12,-1.8262099955732403
1116,24,5.0824247562744755
1116,25,-4.947550831190594
1116,29,-1.8689572422433036
1117,2,-4.442810609076565
1117,5,4.408358927168989
1117,6,-3.169705634986123
1117,12,-2.9822234386996183
1117,24,4.557103610592911
1117,25,-5.0627094208883054
1117,29,-2.3550770462991535
1118,2,-3.5646119316268257
1118,5,4.92148211624805
1118,6,-2.68340979102436
1118,12,-2.3870593093909878
1118,24,4.6306689266988235
1118,25,-5.534022278426082
1118,29,-3.263868440447
1119,2,-3.398234727682537
1119,5,4.831070921977669
1119,6,-2.392070610318708
1119,12,-2.3502446877096195
1119,24,4.755199242009778
1119,25,-5.597623178256767
1119,29,-3.276028207481393
1120,2,-2.508268163592269
1120,5,4.083881493222378
1120,6,-1.085420181646351
1120,12,-1.768736761576689
1120,24,3.6505010878712314
1120,25,-5.175781030418049
1120,29,-3.0063613817790413
1121,2,-1.9750180155693844
1121,5,4.5158298417863225
1121,6,-0.47381111462561165
1121,12,-1.2223792680383494
1121,19,3.922326433195087
1121,24,3.6299611558083944
1121,25,-4.924680200814871
1121,29,-3.0174257020114235
1122,2,-3.3135299765282253
1122,5,3.9121552630442142
1122,6,-1.6133209445473975
1122,12,-2.71704197651518
1122,24,3.301259262410662
1122,25,-5.794556776026562
1122,29,-4.1332721556397
1123,2,-3.0664261425991306
1123,5,4.346542231103661
1123,6,-1.5964094965432087
1123,12,-2.0679235132848377
1123,24,3.878725758562873
1123,25,-5.984019793585805
1123,29,-3.8590621414778497
1124,2,-3.088057393108061
1124,5,4.498941562489983
1124,6,-1.8527419715622937
1124,12,-2.125623161779947
1124,19,3.4137339787818552
1124,24,3.996559887756085
1124,25,-6.06028777805569
1124,29,-3.9194941034054445
1125,2,-3.482120909715082
1125,5,4.392070455671404
1125,6,-2.3382320261384155
1125,12,-2.378569050079273
1125,19,2.6491634148727634
1125,24,3.9440728997019328
1125,25,-5.020122233494689
1125,29,-2.6251463743870547
1126,2,-3.19077542743954
1126,5,5.5627192412112985
1126,6,-2.8331217725510767
1126,12,-1.580593132820293
1126,19,2.1234048194160824
1126,24,5.950660142107271
1126,25,-5.482841623488252
1126,29,-2.6254213766746926
1127,2,-2.9953660419280697
1127,5,5.025547643470456
1127,6,-2.2031488028044848
1127,12,-1.9704477895626038
1127,19,2.730630709196463
1127,24,4.7432118959302265
1127,25,-4.829598137116275
1127,29,-2.511429040333722
1128,2,-2.7939261376591515
1128,5,5.43744658382968
1128,6,-2.4470684630209822
1128,12,-1.379582902810307
1128,19,2.5629362292844338
1128,25,-5.1706577591088525
1128,29,-2.84592377087169
1129,2,-2.5961743286878107
1129,5,5.332130449080794
1129,6,-2.097928318516992
1129,12,-0.9625790642723864
1129,19,2.3132155830345154
1129,24,5.11641268001611
1129,25,-3.7892484684600753
1129,29,-1.3982887787208416
1130,2,-2.06883334264796
1130,5,5.290739706262962
1130,6,-1.869356992161757
1130,12,-0.7808334609454133
1130,19,2.6225780722297323
1130,24,4.969245653718559
1130,25,-4.28383498530469
1130,29,-2.2593877194763996
1131,2,-1.6650593225593537
1131,5,5.09023971567055
1131,6,-1.4976905472990287
1131,12,-0.44535694458935393
1131,19,2.7521435369659635
1131,24,4.54422370974378
1131,25,-3.8848230241873933
1131,29,-2.0892742100377246
1132,2,-1.5678760681044466
1132,5,5.032633262454769
1132,6,-1.3520983554468522
1132,12,-0.5093888519795884
1132,19,2.4801328227312407
1132,24,4.435611386628954
1132,25,-3.167468909728284
1132,29,-1.1760320006537963
1133,2,-0.7999923621227829
1133,5,5.470929404155633
1133,6,-0.867520619953372
1133,12,0.6488899938327861
1133,19,2.7710849741554355
1133,25,-3.2498693106493484
1133,29,-1.2900706727475306
1134,2,-1.2668870192783634
1134,5,5.64612505884196
1134,6,-1.1891065507892957
1134,12,0.11051729880564598
1134,19,2.8275635439929356
1134,24,5.267962551032092
1134,25,-3.952066123454638
1134,29,-1.7994566466160764
1135,2,-0.6001609491425342
1135,5,6.002868410318795
1135,6,-0.3522457681623754
1135,12,0.7913901689424291
1135,19,3.3633757992919247
1135,24,5.56361270080778
1135,25,-3.7217407381422554
1135,29,-1.7651075473752353
1136,2,0.2865714973660065
1136,5,6.459165667346009
1136,6,0.18843275905355128
1136,12,1.6293961187051411
1136,19,3.4182545420861095
1136,24,5.8218607754795055
1136,25,-1.8509943647572698
1136,29,0.3255390057307954
1137,2,0.3792102386787577
1137,5,6.197597902773765
1137,6,0.4676934201772185
1137,12,1.112409244133993
1137,19,3.9567422219716297
1137,24,5.141820968793588
1137,29,0.04764809196596698
1138,2,-1.0901544154025506
1138,5,5.64220196021899
1138,6,0.2229748414537065
1138,12,-0.18907943191903787
1138,24,4.364299207246561
1138,25,-4.406084883575628
1138,29,-2.5175465715840426
1139,2,-2.57187608506881
1139,5,4.756029330458545
1139,6,-0.6630792909805319
1139,12,-2.0785368145275775
1139,19,3.9610435143484013
1139,24,3.7029017644398676
1139,25,-4.9367235514543975
1139,29,-2.6542535125146873
1140,2,-1.4459859319209998
1140,5,4.734209477326841
1140,6,0.26987168735437983
1140,12,-0.8888539543469216
1140,24,3.629614857043419
1140,25,-4.935471564281652
1140,29,-3.2196535764094616
1141,2,-2.1552270692359476
1141,5,4.866327074768358
1141,6,-0.2548007078187595
1141,12,-1.6124825500421083
1141,19,4.301818122161253
1141,24,3.767873190109931
1141,25,-5.8393571958302255
1141,29,-3.719212524154706
1142,2,-1.8457450194025387
1142,5,5.422354435932259
1142,6,0.047443873567015515
1142,12,-1.2223982271308529
1142,19,4.439873300420518
1142,24,4.028624272775598
1142,25,-5.578394782010521
1142,29,-3.2801267434542263
1143,2,-2.5475907730867746
1143,5,4.946301329902576
1143,6,-0.008114330707087447
1143,12,-2.46441346961505
1143,19,5.470564186797258
1143,24,3.0183298228758244
1143,25,-6.359221886692586
1143,29,-4.699868290347076
1144,2,-2.29127117417624
1144,5,5.675306811837585
1144,6,0.13158727977943663
1144,12,-2.212195060487371
1144,19,6.027878404454091
1144,24,3.4902788074613587
1144,25,-6.935828577373872
1144,29,-5.318904582151196
1145,2,-0.40047407130820467
1145,5,6.030695275320882
1145,6,0.39191885481898536
1145,12,-0.007056626214379413
1145,24,4.041004847671297
1145,25,-3.98349206315945
1145,29,-2.094484533042306
1146,2,-1.3709611868854576
1146,5,6.162887647100025
1146,6,1.0103046024322717
1146,12,-0.8521371724742837
1146,19,6.12019110244325
1146,24,3.4682800362616475
1146,25,-5.2491966359769595
1146,29,-3.9935328379673716
1147,2,-1.0721998571411038
1147,5,6.610773259479192
1147,6,1.5536746662667178
1147,12,-0.7405914969120513
1147,24,3.340395096768104
1147,25,-5.457346063787275
1147,29,-4.460736043062306
1148,2,0.8315275060955609
1148,5,7.133451005200328
1148,6,1.6260285871170734
1148,12,0.9256981701502114
1148,19,6.641664536411145
1148,24,4.020921403427562
1148,25,-4.126717852895756
1148,29,-3.092968416881296
1149,2,4.15214816090415
1149,5,8.937165752553788
1149,6,4.743575258279961
1149,12,4.218010669346329
1149,19,9.212914475967668
1149,24,6.13307271938216
1149,25,-0.9100236041311914
1149,29,-1.0592039321831117
1150,2,3.7961983055598907
1150,5,9.640918190025697
1150,6,5.115096172100682
1150,12,3.46100918107601
1150,19,8.865281537949695
1150,24,4.907273219342069
1150,25,-2.141959931553351
1150,29,-2.249905644414059
1151,2,12.557815115784932
1151,5,14.441029443508263
1151,6,12.463405648882894
1151,12,10.493863656479078
1151,19,15.263925355417042
1151,24,11.251846484546968
1151,25,10.820036979026936
1151,29,11.579063583628157
1152,2,6.652165187189905
1152,5,13.24554162576938
1152,6,6.769698161424001
1152,12,7.271648122102469
1152,19,11.613310315069015
1152,24,10.716960479578166
1152,25,2.4328052356460574
1152,29,5.4216259486751195
1153,2,24.869117370995525
1153,5,28.868503320325534
1153,6,24.296514830669967
1153,12,23.620430766979872
1153,19,27.41473251984395
1153,24,25.236054072476932
1153,25,22.294124865582205
1153,29,23.418941585645953
1154,2,31.29044617503376
1154,5,35.391643536811145
1154,6,30.711391586923476
1154,12,30.03058095276179
1154,19,33.480415032976246
1154,24,31.70639898056437
1154,25,28.16463089969377
1154,29,28.440832636190414
1155,2,36.22646206610412
1155,5,38.81187985802549
1155,6,37.52436411917765
1155,12,35.255795495343456
1155,19,38.00837829562138
1155,24,36.03160980916626
1155,25,34.349391745521814
1155,29,33.759546757206415
1156,2,23.220199008649175
1156,5,27.65394595328107
1156,6,23.870037035890565
1156,12,21.896578142387085
1156,24,25.80174486848117
1156,25,20.63220551100566
1156,29,22.1421468215758
1157,2,31.48633670876761
1157,5,37.475984030078
1157,6,30.820904324690805
1157,12,32.36699406568262
1157,24,35.52614332942682
1157,25,28.783865774906715
1157,29,28.914143425579212
1158,2,59.36251091452039
1158,5,61.65634008403332
1158,6,61.24909991012626
1158,12,59.27529104427606
1158,24,60.78423813650713
1158,25,58.26428161135587
1158,29,57.7951236803306
1159,2,94.69786511902254
1159,5,97.50055604334698
1159,6,95.72886800333096
1159,12,94.33694812399048
1159,24,96.10879646997337
1159,25,93.65208828085261
1159,29,92.66501257538981
1160,2,76.72225065720502
1160,5,80.82647034656866
1160,6,76.97743171132316
1160,12,77.56954901960299
1160,24,78.93542049923666
1160,25,75.95944267848337
1160,29,74.96547243904911
1161,2,56.56760291391728
1161,5,59.57326563954643
1161,6,56.82084924636288
1161,12,55.395629240425826
1161,24,55.550065521802665
1161,25,54.1119838166237
1161,29,52.05946841554373
1162,2,16.943017423951396
1162,5,21.135523958659135
1162,6,16.624336775227228
1162,12,16.902167267421664
1162,24,18.41312770339152
1162,25,16.02430439115891
1162,29,15.197975751003234
1163,2,43.8681461523334
1163,5,46.00552326373183
1163,6,46.00127634618928
1163,12,45.15202211497147
1163,24,45.73082445578943
1163,25,45.22265237885193
1163,29,44.32511261215576
1164,2,51.251850813157084
1164,5,52.351900066195235
1164,6,52.55700380338454
1164,12,50.85471656919818
1164,24,51.11690225762719
1164,25,50.947084719099344
1164,29,49.759135372532945
1165,2,32.55230125348619
1165,5,34.19657812992647
1165,6,34.57689554660086
1165,12,31.44377058939164
1165,24,32.60627457022647
1165,25,31.621886388964448
1165,29,32.423024396411
1166,2,18.771507130508596
1166,5,20.445720192784346
1166,6,20.994070544560714
1166,12,17.603303218634284
1166,19,22.468358463164545
1166,24,19.102198960228115
1166,25,16.838931754012293
1166,29,17.811361503163745
1167,2,38.42085502557659
1167,5,40.18651418247465
1167,6,41.052521466050266
1167,12,39.32495103837022
1167,24,39.47778859823526
1167,25,40.278221409413305
1167,29,40.41050195001474
1168,2,7.2544978879953215
1168,5,11.73487034428004
1168,6,7.964291133154525
1168,12,6.352062218393828
1168,19,10.637277244624562
1168,24,8.547115328813405
1168,25,1.8392359801963942
1168,29,2.7353189170240886
1169,2,61.96606115789987
1169,5,61.808747645923496
1169,6,65.15634262994783
1169,12,61.672127868271055
1169,24,62.36036014131389
1169,25,64.94695545788187
1169,29,64.60940232111201
1170,2,51.84887563603619
1170,5,50.91768876514938
1170,6,53.00869761865777
1170,12,49.64730344722696
1170,19,51.97798668541992
1170,24,49.678466569881664
1170,25,51.75328579476292
1170,29,51.431535631307156
1171,2,59.465821435247385
1171,5,56.91982811563115
1171,6,60.6066300007231
1171,12,56.58041293515645
1171,24,57.29144332984808
1171,25,59.61890592727575
1171,29,59.38740917620412
1172,2,29.1829091871667
1172,5,28.729769605986874
1172,6,31.658056999604494
1172,12,27.812209834862365
1172,24,28.697331336198133
1172,25,30.232654464129926
1172,29,32.076343696344196
1173,2,10.49133768123631
1173,5,13.016984524493111
1173,6,10.1760676541151
1173,12,9.229732090274872
1173,19,13.955249492284697
1173,24,11.676390268369161
1173,25,11.429443145731753
1173,29,13.585691279855729
1174,2,-0.21836136449788235
1174,5,7.6149726935838356
1174,6,3.1434019296692464
1174,12,-0.8437583862628992
1174,19,10.025405275398784
1174,24,1.9651077485175243
1174,25,-8.284904793338521
1174,29,-8.732664460385479
1175,2,8.368060872473947
1175,5,12.03064355139084
1175,6,9.280221481433665
1175,12,7.860775963530542
1175,19,12.669872543066518
1175,24,10.476859002767988
1175,25,8.232003381141297
1175,29,10.173223768020595
1176,2,26.14240405820773
1176,5,28.935514198753534
1176,6,29.647671954847084
1176,12,23.04810676310691
1176,24,27.131200198704548
1176,25,27.406053460527513
1176,29,28.960437451932908
1177,2,69.32403870134509
1177,5,68.45203662301579
1177,6,72.52445552093191
1177,12,66.67309932350572
1177,19,69.84019989698807
1177,24,68.37962136910359
1177,25,74.45858093670894
1177,29,73.7713594441635
1178,2,84.70028023707552
1178,5,85.21987069985747
1178,6,87.80796688541865
1178,12,81.39429825418912
1178,24,83.95884384947983
1178,25,87.54645868527304
1178,29,86.7147863350343
1179,2,23.012016666168673
1179,5,21.59361822423098
1179,6,24.18398245342326
1179,12,22.093821658257315
1179,24,21.455353064532957
1179,25,25.646168334216835
1179,29,25.692088108991005
1180,2,97.31582295484941
1180,5,98.38899977571157
1180,6,100.35086816038424
1180,12,94.49375744949926
1180,19,98.45081144472799
1180,24,96.72638903443175
1180,25,99.42051872213965
1180,29,99.24282985886954
1181,2,86.23024783117911
1181,5,86.12336287037589
1181,6,89.11832597755749
1181,12,82.52615345337102
1181,24,84.33644688740453
1181,25,87.22233846791586
1181,29,85.81832530696144
1182,2,82.52035116609382
1182,5,83.06632929260357
1182,6,85.07044966407942
1182,12,79.14916816353671
1182,24,82.07414325909109
1182,25,84.52878912982278
1182,29,82.18090498416987
1183,2,90.98074572739887
1183,5,91.8451070691239
1183,6,93.37961150731803
1183,12,88.02861862321502
1183,19,90.73009573139639
1183,24,89.4499052774169
1183,25,92.68703621623743
1183,29,92.00435261154853
1184,2,72.57622226516082
1184,5,73.29481805152979
1184,6,75.30197238246873
1184,12,70.40444797631484
1184,24,70.75854681547595
1184,25,74.35875831547024
1184,29,72.14302875994875
1185,2,98.61328626997562
1185,5,99.44863601614666
1185,6,99.62521785752278
1185,12,95.88760360541391
1185,19,100.00000603600392
1185,24,96.39396970622728
1185,25,98.5108927341408
1185,29,97.55168084572061
1186,2,40.80529603620082
1186,5,39.47442578462744
1186,6,41.773972917161586
1186,12,37.56823436635463
1186,19,40.27679996482708
1186,24,37.819358755677804
1186,25,39.578373831710685
1186,29,38.10818945920982
1187,2,27.897364129998067
1187,5,26.159023828828865
1187,6,29.940105480644807
1187,12,23.608814276383324
1187,19,27.903685452780103
1187,24,25.76059269553306
1187,25,24.77791087346001
1187,29,24.974635769228385
1188,2,58.47857768983461
1188,5,60.22243743261972
1188,6,58.644169700844536
1188,12,57.26832157528772
1188,24,57.47294855539511
1188,25,57.2429769435463
1188,29,56.03905020937586
1189,2,43.18340816321994
1189,5,44.81730347032811
1189,6,42.01261988126382
1189,12,43.00897202697446
1189,19,43.919979362877285
1189,24,43.70608477317238
1189,25,41.88318212457751
1189,29,41.43540345883816
1190,2,53.69297947841313
1190,5,55.14186601666553
1190,6,53.40377489825565
1190,12,52.376149070685834
1190,24,53.004883319995365
1190,25,53.047369841855236
1190,29,51.82846095450644
1191,2,68.91822716688381
1191,5,70.01558268785719
1191,6,68.09597078975983
1191,12,67.96459948248075
1191,24,69.87234532203976
1191,25,69.75634020966935
1191,29,68.7095378329934
1192,2,25.751143674930045
1192,5,28.13226690366218
1192,6,26.24448272867484
1192,12,22.826275351138644
1192,24,26.362298604071697
1192,25,25.605243102095603
1192,29,26.93371451328295
1193,2,103.28916331886548
1193,5,105.05696249657768
1193,6,103.70160936644425
1193,12,101.27204594170206
1193,24,103.34601403798536
1193,25,105.45855298379215
1193,29,103.94958539136469
1194,2,36.43156055663855
1194,5,38.85140460516929
1194,6,36.139712507205225
1194,12,35.23080950734581
1194,19,35.643421141847504
1194,24,37.81724313906988
1194,25,40.10586250968632
1194,29,39.84846916366824
1195,2,63.30926346494277
1195,5,63.345597474082
1195,6,64.67604850456378
1195,12,62.52189875215611
1195,24,62.83816781999073
1195,25,68.05860429705349
1196,2,33.89169839874181
1196,5,35.19625382717606
1196,6,34.544445671027766
1196,12,32.31997306634797
1196,24,33.23296347568406
1196,25,33.52021539424512
1197,2,51.68856378478227
1197,5,52.158908139722065
1197,6,53.08301822589307
1197,12,51.18100489123082
1197,24,51.8648305072629
1197,25,55.290380497209355
1198,2,48.99191005823844
1198,5,49.20554974901523
1198,6,50.185908894538095
1198,12,47.42676310716238
1198,24,48.80483440883394
1198,25,50.832039290127184
1199,2,63.46587584086952
1199,5,62.97015264807696
1199,6,65.10394922326724
1199,12,61.27217311286057
1199,24,62.35289401964199
1199,25,69.39017800171887
1199,29,67.36227533442855
1200,2,18.743394194626827
1200,5,15.763339228176365
1200,6,20.976790877714027
1200,12,13.99208580974369
1200,19,18.375207389568768
1200,24,15.130383215676954
1200,25,16.198341699013394
1201,2,55.61136089407902
1201,5,53.41474359968146
1201,6,55.81243319590894
1201,12,52.481178332069454
1201,24,52.19439657329509
1201,25,55.174587416493004
1202,2,58.865831378238234
1202,5,57.19467942718814
1202,6,59.520372643400364
1202,12,53.82038085207735
1202,24,54.63385721966845
1202,25,57.80968838054869
1203,2,67.17995346886764
1203,5,65.06627245145413
1203,6,68.85709302069043
1203,12,62.04449264692548
1203,24,63.492127571461566
1203,25,66.80794521144935
1204,2,30.518816252238153
1204,5,31.480386837462827
1204,6,29.60275796241439
1204,12,27.844173267617908
1204,19,30.365122318964445
1204,24,29.581937116711643
1204,25,29.98321802859855
1205,2,38.475869431522774
1205,5,36.49363061751109
1205,6,37.368696496665294
1205,12,33.73358502866992
1205,19,35.53639050952428
1205,24,34.05525885014945
1205,25,37.70610236935966
1206,2,59.09221181308573
1206,5,58.59325455847635
1206,6,58.80121914168894
1206,12,56.679114683155795
1206,24,56.27608888604965
1206,25,58.718732688845726
1207,2,4.889627174115395
1207,5,10.086549299319415
1207,6,4.632030868148252
1207,12,5.387718454170387
1207,24,6.939678603248868
1207,25,-0.5860563417771005
1207,29,-0.8490843818214242
1208,2,9.406993012544294
1208,5,10.934280333152396
1208,6,9.723472293227713
1208,12,9.10045029827119
1208,19,10.830490309266692
1208,24,9.440032114358193
1208,25,5.007280123648094
1208,29,5.285644996801978
1209,2,9.552219602300275
1209,5,11.119491167258692
1209,6,9.931537451833218
1209,12,9.20419030583113
1209,24,9.634795175726978
1209,25,5.2419226844622555
1209,29,5.356652421949758
1210,2,20.007752176066052
1210,5,21.86914573267452
1210,6,18.002089290587264
1210,12,18.927005125652254
1210,19,20.950450038735553
1210,24,19.465481621400205
1210,25,19.520745689184487
1210,29,20.88991424786142
1211,2,37.05933498346616
1211,5,38.61283892231873
1211,6,35.917238414544336
1211,12,36.40215829333414
1211,19,38.084544097214376
1211,24,35.73596503559512
1211,25,36.8655200974044
1211,29,36.35427368819373
1212,2,16.437962985440596
1212,5,17.752500834003634
1212,6,13.608270716074037
1212,12,14.318070696253413
1212,19,17.13747355155161
1212,24,15.546208636770345
1212,25,15.344412973459974
1212,29,16.67291017772525
1213,2,4.099828905543439
1213,5,11.27132968874945
1213,6,3.659232408139626
1213,12,4.856809952706982
1213,19,8.11301142189615
1213,24,6.445410209623109
1213,25,-2.371745539834073
1213,29,-1.9124673987743523
1214,2,2.487840446159118
1214,5,10.419797649316727
1214,6,3.3342156707654778
1214,12,3.3028272398797114
1214,24,5.835253917635406
1214,25,-4.477979126123548
1214,29,-5.0408473254390955
1215,2,4.904926991443393
1215,5,9.974830866982126
1215,6,4.283872508111769
1215,12,5.52520481408598
1215,19,7.6411683840540015
1215,24,6.444154457718614
1215,25,-0.299825107559462
1215,29,0.22105879713813614
1216,2,12.822181926424971
1216,5,14.412270718514886
1216,6,11.224258191090748
1216,12,13.017703085169943
1216,19,13.761607002022116
1216,24,12.857009798506631
1216,25,13.741312333763302
1216,29,14.46513758495759
1217,2,5.745548489969072
1217,5,11.104058613791654
1217,6,4.452829888757748
1217,12,6.705822638202886
1217,19,8.299562490618152
1217,24,7.0400187463374975
1217,25,-0.2815229757928517
1217,29,-1.5736523821986586
1218,2,2.9578978005658207
1218,5,11.283244261540197
1218,6,3.1059349787991404
1218,12,3.5322449827963855
1218,19,9.00222010857032
1218,24,6.223280187440689
1218,25,-4.204882604127273
1218,29,-5.233204131152833
1219,2,3.544047743637175
1219,5,11.692194124941954
1219,6,3.2629717358431005
1219,12,4.70433757510979
1219,19,8.848454980893653
1219,24,6.877585344896678
1219,25,-4.43503040453577
1219,29,-5.422026037814755
1220,2,3.8279128528748094
1220,5,11.405202654311964
1220,6,3.3569849513354315
1220,12,5.305774760096426
1220,19,8.033670336480245
1220,24,6.338729432521678
1220,25,-2.171592307482261
1220,29,-3.227450488494615
1220,31,-4.7769604864250566
1221,2,2.7675195865251108
1221,5,10.259013552776718
1221,6,2.013659834872858
1221,12,4.39676152624883
1221,19,6.785382320579563
1221,24,7.067898479697803
1221,25,-2.19444616585312
1221,29,-2.3757207448127318
1222,2,2.4517819076238547
1222,5,10.477439904057528
1222,6,2.1231598065224104
1222,12,4.146965720554988
1222,24,6.952573162714961
1222,25,-2.396562507162438
1223,2,2.799555726559155
1223,5,10.563209565523183
1223,6,2.4300241375828477
1223,12,4.042826858941419
1223,19,7.665057321215262
1223,24,7.012266334764074
1223,25,-3.859650744376432
1223,29,-4.21768182313825
1223,31,-5.609656884452775
1224,2,2.8650783976770313
1224,5,10.383143330878157
1224,6,2.488987406012602
1224,12,3.7853702204059276
1224,19,7.828718177466472
1224,24,6.8199171914658425
1224,25,-3.3964266617876833
1224,29,-3.793599926402627
1225,2,3.7976569845806525
1225,5,11.080654550867216
1225,6,3.2294476030051538
1225,12,5.172836107172871
1225,19,7.731818107174998
1225,24,7.246990456989534
1225,25,-2.5531761929980776
1225,29,-3.509498537835447
1226,2,3.111766531318133
1226,5,10.190506021652006
1226,6,3.0725092483587217
1226,12,3.5119974717657145
1226,19,8.07253405973168
1226,24,6.193337087731141
1226,25,-2.9018671152719873
1226,29,-3.7359073749104352
1226,31,-4.6676990131466685
1227,2,3.194515694656393
1227,5,10.21197375780993
1227,6,2.8560427550083967
1227,12,4.159003475935855
1227,19,7.997136762639139
1227,24,6.507238937343878
1227,25,-3.416498807958269
1227,29,-3.8129547040948726
1228,2,3.6066304895731256
1228,5,10.009450363640969
1228,6,3.3161919677498726
1228,12,4.371975352229476
1228,19,8.232655863075564
1228,24,6.092282364491039
1228,25,-3.0111058670434323
1228,29,-3.901112821448291
1229,2,4.047944711923532
1229,5,9.866540014061606
1229,6,3.5941375742585917
1229,12,5.028789107531159
1229,19,7.71739244595047
1229,24,6.261703716151444
1229,25,-1.8023486863023876
1229,29,-3.09163894729787
1230,2,3.319787570831603
1230,5,9.523615561486627
1230,6,2.9466506424028855
1230,12,4.251513613714744
1230,19,7.416470007590175
1230,24,6.16884582146663
1230,25,-2.6363094338893855
1230,29,-3.1464871207110354
1231,2,3.034780340167827
1231,5,9.295802937129698
1231,6,2.7782018683252625
1231,12,3.864208991671984
1231,19,7.397433676583274
1231,24,5.930503722173692
1231,25,-2.8516192530671063
1231,29,-3.0248308599320772
1232,2,3.824502251014896
1232,5,9.47914135281335
1232,6,3.474828869790344
1232,12,4.750166224446832
1232,19,7.383352609847831
1232,24,6.122478400745955
1232,25,-1.7914706140778254
1232,29,-2.7207499283436123
1233,2,3.2773110104088783
1233,5,9.347766651530014
1233,6,3.0514639734405717
1233,12,4.226034198274065
1233,19,7.169280372603007
1233,25,-2.648361537833095
1233,29,-2.924342794569747
1234,2,5.424749695320507
1234,5,9.103314891969898
1234,6,4.5396975386853
1234,12,6.191427368682206
1234,19,6.415318464316701
1234,25,1.894270304032168
1234,29,2.1080293079369445
1234,31,1.5195668147060597
1235,2,1.9239771748244974
1235,5,8.617014721965685
1235,6,2.142113165002483
1235,12,2.9115480106125027
1235,19,6.578224235148133
1235,25,-3.365484140298261
1235,29,-2.7522526047849603
1235,31,-2.9406716529014147
1236,2,1.0547914190834096
1236,5,8.044949044359603
1236,6,1.9039726286284555
1236,12,2.393036358903975
1236,19,6.063523808329743
1236,25,-2.0838505845139457
1236,29,-1.4372403613568832
1237,2,4.075976322202716
1237,5,7.9772533863922375
1237,6,2.60456225948524
1237,12,5.146212781901876
1237,19,4.685229167743662
1237,29,2.1711346691867197
1238,2,2.2795956262786374
1238,5,8.19328844273288
1238,6,2.2116699692189536
1238,12,3.167380957765405
1238,24,6.0431895166431016
1238,25,-2.415354211247708
1238,29,-1.6268025638291128
1239,2,2.9972033956705246
1239,5,8.906201327547237
1239,6,2.65942948971433
1239,12,4.2216149123805025
1239,19,6.1981065048496164
1239,24,6.591979601864594
1239,25,-2.154790425734407
1239,31,-2.4260568873730097
1240,2,2.6896187342198177
1240,5,8.737822526372554
1240,6,2.7987126801460382
1240,12,3.5130550335302226
1240,24,5.8500277756565
1240,25,-3.211345732463375
1240,29,-2.804883757631429
1240,31,-2.6997331307092787
1241,2,2.5802351501253304
1241,5,8.81139125559114
1241,6,2.5914842781302374
1241,12,3.3868488964431505
1241,24,6.2369266877958776
1241,25,-3.2419630058299136
1242,2,3.049898202860791
1242,5,9.105608345875229
1242,6,3.1193024920142256
1242,12,3.876286457389343
1242,24,6.17583258967783
1242,25,-2.736876006696839
1243,2,2.636587584214264
1243,5,9.376667280749654
1243,6,2.7932081697936533
1243,12,3.7168737261727918
1243,24,6.570682953469358
1243,25,-2.8728988721627164
1243,29,-2.5800886846871993
1244,2,3.3378818026518777
1244,5,8.931868921877065
1244,6,3.653438300121569
1244,12,4.258382083619617
1244,24,5.944127441323333
1244,25,-2.052520317646355
1244,29,-2.281523401777255
1245,2,2.9077023776564173
1245,5,8.829551889938216
1245,6,3.4968018025079317
1245,12,3.7239783823596038
1245,24,5.626601762403209
1245,25,-2.8238158301010237
1245,29,-2.709485390087388
1246,2,9.96149315838755
1246,5,9.230973187045725
1246,12,9.597394971292468
1246,24,8.56414413868483
1246,25,7.149459333311587
1246,29,7.66978186817525
1246,31,8.327279415115555
1247,2,3.9509980632414248
1247,5,6.495629481716038
1247,6,5.3998484083819065
1247,12,3.8480184009177423
1247,24,4.431753712340246
1247,25,0.7948797079256242
1247,29,2.0786783963767483
1248,2,-0.19469986333968414
1248,5,6.5304605594223055
1248,6,1.7464523446497164
1248,12,0.15305245882428187
1248,19,6.533464052932061
1248,24,4.665453269992708
1248,25,-5.116008814962683
1248,29,-3.5805576910738717
1249,2,-0.8423738111398671
1249,5,6.134846846435822
1249,6,1.0300435048659504
1249,12,-0.3037453409730091
1249,24,5.117876800308192
1249,25,-5.194456121230804
1249,29,-2.7626128694995185
1249,31,-1.1311416547441207
1250,2,6.675239069046548
1250,5,7.573771421906733
1250,6,7.129093860684437
1250,12,6.478887743644142
1250,19,6.637001107110308
1250,24,9.170702908496866
1250,25,6.173371326760353
1250,29,8.887659806737998
1251,2,-0.0766832522362817
1251,5,5.71741376132747
1251,6,1.8013446618747162
1251,12,-0.07162841624710836
1251,24,4.825753811107871
1251,25,-2.8526917554980176
1251,29,-0.23956660582911127
1252,2,-1.6745776581788405
1252,5,4.9158581049901855
1252,6,1.3290009487475785
1252,12,-1.5308022252665614
1252,24,3.863867628612743
1252,25,-5.376705517855885
1252,29,-3.294656746230649
1253,2,-2.4462638170244118
1253,5,5.4245999032030205
1253,6,1.3048686359123365
1253,12,-2.2317746951336517
1253,24,3.602910624127269
1253,25,-5.593867968627153
1253,29,-3.656531344098469
1254,2,0.10698133994563896
1254,5,6.717564664358065
1254,6,1.9382046835582187
1254,12,0.32535254990331897
1254,24,5.04178332566735
1254,25,-2.764714008879289
1254,29,-0.4539002119025919
1255,2,6.4483311026280425
1255,5,8.932196319066714
1255,6,7.672632170947452
1255,12,7.106136313079306
1255,24,10.420822497318342
1255,25,6.433652975969131
1255,29,9.92229695671486
1256,2,-0.7520280517397073
1256,5,7.05544880987096
1256,6,2.7298902217774903
1256,12,-1.327832468869833
1256,19,9.320479439117776
1256,24,3.6582647942552606
1256,25,-6.759183150254346
1256,29,-5.875830241676688
1257,2,-0.8671861797539946
1257,5,7.735229120353678
1257,6,2.623538746953323
1257,12,-0.8366402524443131
1257,24,4.15382828127937
1257,29,-5.219709214530859
1258,2,0.2673452187520362
1258,5,8.155826829147419
1258,6,3.438517894219725
1258,12,-0.2287246726163099
1258,19,9.948276376273055
1258,24,3.630849952572953
1258,25,-7.102287764697893
1258,29,-6.685533526311478
1259,2,9.579439597522361
1259,5,10.000301786912818
1259,6,12.2375099588991
1259,12,8.30748993662626
1259,19,13.123598223931184
1259,24,9.57967923113412
1259,25,5.699658514313183
1259,29,6.586787717327861
1260,2,0.5576967068757792
1260,5,8.898926697192369
1260,6,4.04978506827104
1260,12,-0.04479911134082659
1260,19,11.361104103161248
1260,24,3.1862310763115897
1260,25,-6.717322917231709
1260,29,-7.279498423005989
1261,2,44.46218430316576
1261,5,44.16413566214696
1261,6,45.817456707407075
1261,12,41.893088781011826
1261,24,45.044465311523076
1261,25,44.14766490162736
1261,29,45.51488434541188
1262,2,67.9976268571892
1262,5,67.78452196158452
1262,6,68.58019311627278
1262,12,65.67462626314288
1262,24,70.02504345942288
1262,25,68.67476959057667
1262,29,70.484879010115
1263,2,7.038284235463346
1263,5,-0.5161421731466365
1263,6,9.168587985050921
1263,12,4.673534987815901
1263,19,6.032946017195683
1263,24,5.448940908349611
1263,25,10.729136963946306
1263,29,13.074752458722855
1264,2,55.61203135787039
1264,5,56.71655344030963
1264,6,56.14250092465371
1264,12,54.037905428022405
1264,24,60.46955975484718
1264,25,56.549946438208366
1264,29,59.878588995803725
1265,2,40.01340516313869
1265,5,41.085429913289474
1265,6,41.57400766113262
1265,12,38.52685648092891
1265,24,44.84589452743541
1265,25,40.364981835664075
1265,29,43.87155350550547
1266,2,43.06734388970648
1266,5,45.6529318827134
1266,6,43.780951281552056
1266,12,41.36641216810354
1266,19,44.24721251034778
1266,24,48.550800585576525
1266,25,42.95376757756239
1266,29,46.503601089251504
1267,2,47.12858461227019
1267,5,49.95342598397537
1267,6,48.800102149433584
1267,12,45.217031837403695
1267,19,49.6435767422272
1267,24,52.27141016273534
1267,25,46.37953322819175
1267,29,49.67496622707914
1268,2,24.56944249358439
1268,5,26.455951954284437
1268,6,26.537374797797206
1268,12,21.95344957523453
1268,19,25.856864629466696
1268,24,28.78014948827241
1268,25,23.3022233775271
1268,29,24.25896837253907
1269,2,41.02977988511215
1269,5,45.650986232490446
1269,6,43.56935057371824
1269,12,38.93816647971468
1269,19,45.51142803434888
1269,24,46.848005372343465
1269,25,39.07570547501456
1269,29,42.544551539074945
1270,2,45.44130801838295
1270,5,50.51573164342508
1270,6,47.738113918782744
1270,12,43.00254618685733
1270,19,50.49886564802095
1270,24,51.55207923015869
1270,25,43.46188925967486
1270,29,46.83374102133487
1271,2,59.352448983862004
1271,5,64.57896872530874
1271,6,63.871456395092764
1271,12,55.73830606874097
1271,19,66.74922220759296
1271,24,64.93053356351591
1271,25,56.610631585095476
1271,29,58.80162556758154
1272,2,67.36558666370038
1272,5,73.22296734017333
1272,6,71.51401091252846
1272,12,64.61609944258181
1272,19,75.51197586346974
1272,24,74.01634245607929
1272,25,65.23354420400184
1272,29,67.30730440848728
1273,2,61.63328077465134
1273,5,67.05176856415387
1273,6,65.70285318766896
1273,12,59.250427272535816
1273,19,71.1064056201255
1273,24,69.49814150379419
1273,25,59.20080446020326
1273,29,61.929081619592466
1274,2,65.85396094338803
1274,5,72.07283356998914
1274,6,70.6632590943908
1274,12,62.68611057613651
1274,19,74.74803662308967
1274,24,74.36272311058586
1274,25,64.78784094246636
1274,29,67.81412389078379
1275,2,36.24857345656245
1275,5,43.353370721873084
1275,6,42.10160722318969
1275,12,32.87052935295358
1275,19,46.50524424850012
1275,24,44.922566902366256
1275,25,33.820886959582666
1275,29,37.83352220132309
1276,2,46.65391170725019
1276,5,54.947906628436286
1276,12,42.982719030049914
1276,19,57.41562470798152
1276,24,55.510052537386045
1276,25,44.223218146819235
1276,29,47.73976467673012
1277,2,62.925228108840145
1277,5,70.74286358846349
1277,6,67.59740969156283
1277,12,59.87674921359805
1277,19,73.45376810293654
1277,24,73.0921162575319
1277,25,61.69975000400973
1277,29,65.08416187415554
1278,2,60.881107219002644
1278,5,70.04067580423325
1278,6,67.18648610214869
1278,12,57.163565756121955
1278,19,72.61687262270623
1278,24,71.07204693571579
1278,25,58.68656375274506
1278,29,62.54985543937816
1279,2,62.31148975542864
1279,5,70.74064753457225
1279,12,59.45917448586719
1279,19,74.79018418351255
1279,24,73.40964346119212
1279,25,60.78766708450239
1279,29,64.97510168051787
1280,2,59.71726950549339
1280,5,66.88521938051842
1280,6,64.38287699751018
1280,12,57.02727886427465
1280,19,72.3102270257416
1280,24,71.31709525629323
1280,25,58.35942127506184
1280,29,62.95327867675958
1281,2,61.00225000662431
1281,5,69.52974894891487
1281,6,67.60034715515823
1281,12,57.62188050668963
1281,19,75.12952239719654
1281,24,72.56795596079601
1281,25,59.4649529694461
1281,29,64.15536823026318
1282,2,43.74204715028177
1282,5,54.082689517923235
1282,6,51.31777477009461
1282,12,40.08065099098423
1282,19,60.34198016955246
1282,24,55.225856860690605
1282,25,40.122445237827606
1282,29,45.33813406403134
1283,2,55.83934445589026
1283,5,65.12990104663545
1283,6,63.68257147394459
1283,12,52.15043475975334
1283,19,71.70079785964325
1283,24,68.06060545768308
1283,25,53.375465022305214
1283,29,58.573810664425444
1284,2,4.793771803419212
1284,5,18.39846600888446
1284,6,13.112153194403467
1284,12,1.6784971090523904
1284,19,26.55674593235811
1284,24,19.165091436495327
1284,25,1.5551488057238245
1284,29,9.889886022969247
1285,2,41.000937173208236
1285,5,54.79946886327392
1285,12,37.98607172838919
1285,19,61.856522653056594
1285,25,37.88821253385407
1285,29,43.962194824827236
1286,2,-3.308133979172995
1286,5,13.953848425076892
1286,12,-5.553802905749103
1286,24,11.713793585180758
1286,25,-10.097109745655827
1286,29,-2.9137680430685116
1287,2,24.045755524260493
1287,5,36.88880833900806
1287,6,31.871773299271837
1287,12,20.8360369823704
1287,25,20.666955157726036
1287,29,27.04913246022781
1288,2,15.697878610585214
1288,5,27.22300534657125
1288,12,11.202603767085641
1288,24,27.775765521695796
1288,29,19.202111370018336
1289,2,-5.829567151051075
1289,5,8.919523298430398
1289,6,4.416480512840812
1289,12,-8.968021908982005
1289,24,6.460066840522037
1289,29,-7.857621071669733
1290,2,15.0934601739308
1290,5,25.85324637340063
1290,6,23.67549567647728
1290,12,10.491971816496967
1290,19,34.55027929571945
1290,24,26.01672452543316
1290,25,11.324662981361971
1290,29,17.91720457583025
1291,2,12.469879119522044
1291,5,21.84580592754968
1291,6,21.394932265905084
1291,12,7.448802865476196
1291,24,23.166875682312213
1291,25,9.996479926584446
1291,29,15.721131596080223
1292,2,17.40947899374828
1292,5,28.8821820448901
1292,6,26.03829299598294
1292,12,13.209464124702759
1292,19,36.068035658380275
1292,24,30.882624842657567
1292,25,16.270608048767247
1292,29,23.418946330995375
1293,2,40.43129976099282
1293,5,50.35691379475516
1293,12,37.211941091878145
1293,25,40.09781873259388
1293,29,46.93338470549507
1294,2,10.142359354616534
1294,5,21.06011436985419
1294,6,18.973958586249285
1294,12,4.777188953435015
1294,19,30.23765772809533
1294,24,22.184958814922908
1294,25,7.651948322790258
1294,29,14.043508035181745
1295,2,82.2648631543492
1295,5,93.48370628631106
1295,6,91.26284489432521
1295,12,77.16947567380406
1295,19,101.18496827955755
1295,25,81.76496423987402
1295,29,88.43447739237023
1296,2,40.4431890950121
1296,5,52.627168529603914
1296,6,49.193584007749685
1296,12,36.45162973935077
1296,24,53.366146444499535
1296,25,37.80902028109729
1296,29,44.99950850725004
1297,2,83.23938799374292
1297,5,94.46177552914483
1297,6,91.8735518340036
1297,12,79.26399628298648
1297,25,83.19220361173163
1297,29,90.5168062955577
1298,2,10.675119676970795
1298,5,23.54877973475909
1298,6,15.422909751186078
1298,12,7.109802813163849
1298,24,23.29358030994804
1298,25,7.450611580387456
1298,29,14.508631361978983
1299,2,75.02199088578563
1299,5,86.41516881116006
1299,6,83.0360640288897
1299,12,71.45716206745458
1299,25,75.58818445881863
1299,29,82.52200677501162
1300,2,60.97455035832839
1300,5,71.86757385414579
1300,6,68.84398401373083
1300,12,56.88926319080782
1300,25,60.00917787037065
1300,29,66.8693566788785
1301,2,82.72016225210588
1301,5,93.10636902761061
1301,6,90.57029108280955
1301,12,78.86356344877059
1301,19,100.26793292765838
1301,24,95.75071750774035
1301,25,83.37086334396488
1301,29,90.18281473112674
1302,2,87.5934539980357
1302,5,97.62500490222405
1302,6,95.8250649909874
1302,12,84.27408905791297
1302,19,103.74982498822146
1302,24,100.95124368719617
1302,25,88.83670537125354
1302,29,95.33228081099347
1303,2,52.28245570627098
1303,5,59.756945772319824
1303,6,57.476788700969216
1303,12,50.50785756653219
1303,19,65.70396976346866
1303,24,65.99807439339318
1303,25,55.81880306860942
1303,29,61.80993976271715
1304,2,61.14291089086034
1304,5,71.29948865115027
1304,6,68.2052112847261
1304,12,57.3544089497344
1304,19,77.54499849169845
1304,25,60.64443253068609
1304,29,67.1805349380953
1305,2,64.5974402115502
1305,5,75.32749536949292
1305,12,61.655164666631094
1305,24,77.37485628661929
1305,25,65.88852895783113
1305,29,72.5196928176693
1306,2,5.9079906646325995
1306,5,14.952933806123166
1306,6,11.396666007864402
1306,12,3.0380594275326267
1306,19,16.433621642905543
1306,25,7.5596382420472885
1306,29,15.494407893850857
1307,2,53.42688274199323
1307,5,60.53919616624011
1307,6,59.0788700037393
1307,12,50.75942787766291
1307,19,66.6162025560542
1307,24,65.81532204129824
1307,25,55.854804037535274
1307,29,61.79089466102709
1308,2,65.89372658599322
1308,5,76.08178960206129
1308,6,73.64439790689417
1308,12,62.34735936770585
1308,19,80.66629278738044
1308,24,77.91366822747935
1308,25,67.13640303662076
1308,29,72.96051573482377
1309,2,88.09702200450761
1309,5,97.73663750154248
1309,6,96.56822269390945
1309,12,84.50435763911369
1309,19,104.19958775606152
1309,25,89.15912068179098
1309,29,95.21958352582936
1310,2,-4.58120436239591
1310,5,9.432310359810462
1310,6,1.0776944277564091
1310,12,-6.047637927935989
1310,19,14.587527321644256
1310,24,10.613746967264895
1310,25,-5.698729976460905
1310,29,-0.4956242756331193
1311,2,17.037506094127714
1311,5,27.85803820801748
1311,6,21.188949229568042
1311,12,15.490712166574973
1311,19,30.258543490200577
1311,25,19.809443400888554
1311,29,26.421864096184446
1312,2,-5.380078155786107
1312,5,4.5077905373043095
1312,6,-0.7978099779765886
1312,12,-7.439270182192752
1312,25,-2.79453197363779
1312,29,4.715635108502571
1313,2,35.41512119315515
1313,5,41.70910711538358
1313,6,39.87042382514044
1313,12,32.501252481520524
1313,25,38.11663836861847
1313,29,44.24851252030554
1314,2,-9.926504028308843
1314,5,6.085631198815155
1314,6,-1.6501102440028959
1314,12,-11.485853528763812
1314,25,-12.43784383743312
1314,29,-6.275555698315868
1315,2,5.075919170623347
1315,5,16.46037677494047
1315,6,12.25309239970569
1315,12,2.987249648105003
1315,25,6.70344997292133
1315,29,14.025024349472222
1316,2,25.463493866096112
1316,5,33.8330798735435
1316,6,33.62072568798416
1316,12,21.72184977237624
1316,19,43.55340322980818
1316,25,24.465677172239943
1316,29,30.612089515854855
1317,2,62.26165222238961
1317,5,70.6422783774394
1317,6,70.2052733907156
1317,12,58.028044631626436
1317,25,62.202004153608954
1317,29,68.2005349834864
1318,2,-14.574459149271943
1318,5,5.252005811118333
1318,6,-7.0916798213777605
1318,12,-14.983674478190208
1318,25,-20.66342521971513
1318,29,-13.76989260011505
1319,2,46.13339063991795
1319,5,51.34413544141401
1319,6,53.167580884579
1319,12,43.057049074399515
1319,24,56.64803750674915
1319,25,48.78259755595931
1319,29,54.683363526720036
1320,2,36.821084593764326
1320,5,42.114046237064
1320,6,44.671133276833636
1320,12,32.70596898160697
1320,19,51.27878124059633
1320,24,45.69507352066505
1320,25,36.98572918365967
1320,29,43.121905332417235
1321,2,49.58268372031556
1321,5,54.82560757202654
1321,6,58.752291198554786
1321,12,44.03451121240468
1321,24,56.616766269066964
1321,25,49.52581425805924
1321,29,54.82851068241136
1322,2,21.069721885782815
1322,5,25.34775202446176
1322,6,29.031641067409343
1322,12,15.718156523429172
1322,24,29.53318457814065
1322,25,21.39090036636562
1322,29,27.949561736219945
1323,2,55.6172220850773
1323,5,59.552470416466434
1323,6,64.14198088210911
1323,12,50.838316080976455
1323,24,63.907690947235736
1323,25,55.929921556473815
1323,29,61.00175259215558
1324,2,38.1229817524001
1324,5,43.35793602298626
1324,6,46.76021237321031
1324,12,34.0186073854247
1324,24,47.43446954113671
1324,25,38.43590307215423
1324,29,44.45227475747792
1325,2,25.74494652001717
1325,5,32.1216817031265
1325,6,35.879400935821394
1325,12,20.747188595490954
1325,24,33.745939113175396
1325,25,24.59025727741532
1325,29,30.56566522619247
1326,2,-4.711346009532862
1326,5,-3.4175300587506587
1326,6,7.885739062609547
1326,12,-11.976065071255347
1326,24,0.2232003223147423
1326,25,-10.468006546356463
1326,29,-7.38842783613647
1327,2,49.58146329072517
1327,5,55.70695954196659
1327,6,58.75657172008294
1327,12,43.6382993581425
1327,24,57.47954908767534
1327,25,48.808711777142264
1327,29,55.320300673315245
1328,2,24.896358344579813
1328,5,30.385526127922407
1328,6,34.84047160158169
1328,12,19.560894320903692
1328,19,41.4553016863519
1328,24,32.93335073007708
1328,25,23.90202498735668
1328,29,29.324580636896307
1329,2,58.969743937306575
1329,5,64.40829962963682
1329,6,67.67342170621251
1329,12,53.81831188484158
1329,24,68.68359901684519
1329,25,60.993325676908256
1329,29,67.13909543777956
1330,2,-8.411791151036793
1330,5,2.0252879687877616
1330,6,-2.029664886145545
1330,12,-10.101032090224729
1330,19,4.461157892856707
1330,24,8.400184071883167
1330,25,-5.533180617237475
1330,29,3.527755183653184
1331,2,50.00285470514115
1331,5,58.7447689839166
1331,6,58.66908995298255
1331,12,46.8243679089921
1331,19,65.59231536535258
1331,24,61.90269778168309
1331,25,51.748776116009836
1331,29,58.7787711055861
1332,2,4.703574133587967
1332,5,13.468757304478958
1332,6,10.817905534636495
1332,12,0.6912915379785787
1332,19,22.130871437571674
1332,24,16.599036106220222
1332,25,3.5665128640090806
1332,29,11.270128415421619
1333,2,9.863452919081567
1333,5,15.462639767600791
1333,6,18.864874782973395
1333,12,3.5620206890482535
1333,19,26.345805890079898
1333,24,18.544984235472104
1333,25,9.579128921598365
1333,29,15.39840592251438
1334,2,-15.409245201442685
1334,5,2.8841822301905253
1334,6,-3.8864256094517886
1334,12,-17.718683520130433
1334,19,10.708325701988391
1334,24,-0.09462803452755608
1334,25,-23.173594185513863
1334,29,-16.911943328810114
1335,2,55.03973966481014
1335,5,62.233577946552714
1335,6,63.91431391174129
1335,12,49.687921882815914
1335,19,71.47479695047296
1335,24,63.93457045442695
1335,25,54.77092965971846
1335,29,61.645734375719336
1336,2,21.429127939958477
1336,5,29.20377405470331
1336,6,27.34408595196888
1336,12,17.56724231665097
1336,19,36.72282283393608
1336,24,32.37170949246759
1336,25,21.266098327333484
1336,29,28.371942904315834
1337,2,21.27408609171746
1337,5,28.458803343674056
1337,6,26.561135889798713
1337,12,17.90720195592673
1337,19,35.631275537488364
1337,24,32.22179727558195
1337,25,21.716257622068575
1337,29,28.95410363724406
1338,2,15.878462179406295
1338,5,22.370703330949798
1338,6,19.689790996230787
1338,12,11.801800373992524
1338,19,28.204452870509904
1338,24,25.77538826594981
1338,25,16.433332319889224
1338,29,22.7699727169774
1339,2,-4.768007225442091
1339,5,3.772442561732216
1339,6,1.8071398644460999
1339,12,-6.404528884069061
1339,19,10.577681788106268
1339,24,5.638984251395079
1339,25,-6.187371538569199
1339,29,-0.6572967799122367
1340,2,-8.9718402597572
1340,5,3.201021519233662
1340,6,-0.4659140370192709
1340,12,-10.705643900061872
1340,19,9.058416903029777
1340,24,1.3552285741520658
1340,25,-13.518635545162104
1340,29,-8.423699560742058
1341,2,-10.747528135960666
1341,5,3.8107222795608457
1341,6,-2.4796067808350646
1341,12,-11.959924596738205
1341,19,8.17759268111118
1341,24,1.9604148701472046
1341,25,-15.383416609883325
1341,29,-9.912341846164935
1342,2,-8.92024617133133
1342,5,3.1569807816832007
1342,6,-0.3462792488697932
1342,12,-10.621428029621855
1342,19,7.9830665948893635
1342,24,2.168472173873255
1342,25,-12.654806249855532
1342,29,-6.699284331533882
1343,2,-12.88799700273275
1343,5,2.893714866785526
1343,6,-4.002676386195709
1343,12,-13.998548817241838
1343,19,7.840324014764784
1343,24,1.8132872830823064
1343,25,-18.63733313192906
1343,29,-12.541366741071172
1344,2,-13.634540678707378
1344,5,1.9976184467855784
1344,6,-4.512442742861317
1344,12,-15.104201930459533
1344,19,7.527346644197697
1344,24,1.3934615683099993
1344,25,-18.123797121978775
1344,29,-11.990367917533344
1345,2,-13.530703554857574
1345,5,2.3395617824357764
1345,6,-4.772055186726311
1345,12,-14.372079643509059
1345,19,6.641603954583656
1345,25,-18.053613491167436
1345,29,-11.533711225298607
1346,2,-13.237781936269755
1346,5,1.4281759908338785
1346,6,-3.9238732786931045
1346,12,-14.903209841438722
1346,25,-18.370137879181584
1346,29,-12.077670091271376
1347,2,-8.744220628448776
1347,5,2.832309994211206
1347,6,-1.052220696879683
1347,12,-9.915663279601176
1347,25,-9.958876253541883
1347,29,-3.0980670583077803
1348,2,-12.227193098213846
1348,5,0.7297961621674443
1348,6,-2.7743105031262782
1348,12,-14.269897140110743
1348,19,8.172777121140067
1348,24,-0.12325018543966859
1348,25,-17.617960267535125
1348,29,-11.552815085899397
1349,2,-12.278189099603155
1349,5,0.5046450345493732
1349,6,-3.086203274812016
1349,12,-14.080886185909172
1349,19,7.335137672898631
1349,24,0.23742863462845332
1349,25,-16.935166933078015
1349,29,-10.62124749079754
1350,2,-12.477282060556043
1350,5,-0.09508951563036305
1350,6,-2.973060967236024
1350,12,-13.894278159929899
1350,24,-0.05678584733719827
1350,25,-14.590186400557322
1350,29,-8.884621366971146
1351,2,-10.23703424103912
1351,5,0.07315637029643973
1351,6,-2.5762787504299327
1351,12,-11.904343183796948
1351,24,0.7777491166140891
1351,25,-11.706192036784094
1351,29,-5.826152150784814
1352,2,-10.681729778088354
1352,5,-0.09216113615215527
1352,6,-2.0218818599856734
1352,12,-12.416678730275418
1352,19,7.0753529918065325
1352,24,-0.24910057798373675
1352,25,-13.149379690232111
1352,29,-7.924611128968119
1353,2,-10.971385493291553
1353,5,0.2878821420504849
1353,6,-2.138565851451271
1353,12,-13.06232884700898
1353,24,-0.09049494119366219
1353,25,-15.31092148157526
1353,29,-9.47087558402487
1354,2,-10.565968398128218
1354,5,0.007829836590943273
1354,6,-1.4424692635112173
1354,12,-12.980944661950213
1354,24,-0.9945043818758581
1354,25,-15.161601378214872
1354,29,-9.953649546484412
1355,2,-10.67784063709513
1355,5,0.2916978359584448
1355,6,-1.7687199739263795
1355,12,-12.987278265619661
1355,24,-0.8032501424065872
1355,25,-14.019560850212569
1355,29,-8.973294357308834
1356,2,-12.172352512183025
1356,5,-1.5949951266207947
1356,6,-3.6574239709696803
1356,12,-13.703861141444136
1356,24,-2.7107286642988964
1356,25,-15.261756632379743
1356,29,-11.25164707722582
1357,2,-12.028333383867013
1357,5,-1.6510251123577149
1357,6,-3.452960057916755
1357,12,-13.71688727046496
1357,24,-3.0121956581259575
1357,25,-14.955907212414447
1357,29,-11.115110646462607
1358,2,-11.977177215719044
1358,5,-1.9908428395869855
1358,6,-3.5560443804315423
1358,12,-13.62690656756267
1358,24,-2.9770754992611392
1358,25,-14.604858498967314
1358,29,-10.620166343114075
1359,2,-11.73103801047105
1359,5,-2.3380708727725814
1359,6,-3.677647758179382
1359,12,-12.920291457328476
1359,24,-3.4942558508394157
1359,25,-13.236293356113297
1359,29,-8.852188348139638
1360,2,-11.275372704019066
1360,5,-2.0519062817104867
1360,6,-3.389358115223395
1360,12,-12.639400085884096
1360,24,-2.713868824333524
1360,25,-13.968902124943193
1360,29,-9.618820160322489
1361,2,-11.57768542785054
1361,5,-2.302636445431027
1361,6,-3.5047594398790807
1361,12,-13.024711165416415
1361,24,-2.7753421478535323
1361,25,-14.323772108514117
1361,29,-9.818239031510908
1362,2,-10.310453647978742
1362,5,-2.1940129468667635
1362,6,-2.4024954848879485
1362,12,-11.971987834862428
1362,24,-2.9729369993802806
1362,25,-11.885928229736093
1362,29,-7.685533140880816
1363,2,-11.017203062490173
1363,5,-2.4471722963890876
1363,6,-2.8789903901180107
1363,12,-12.770447169303822
1363,24,-3.2987631839854012
1363,25,-13.330539334686382
1363,29,-8.963319941365869
1363,31,-0.5223463566261461
1364,2,-11.410463717149419
1364,5,-3.3238654594071058
1364,6,-3.6260094121112
1364,12,-13.124441475834459
1364,19,4.387560604291464
1364,24,-3.5291088909574135
1364,25,-13.046126825450584
1364,29,-8.127433669629186
1365,2,-10.609641597443295
1365,5,-3.1271183838988836
1365,6,-2.5937672574589277
1365,12,-12.402971834021963
1365,24,-2.973540450424422
1365,25,-11.516143215959417
1365,29,-6.702959493886224
1366,2,-5.431280995307315
1366,5,-2.510950063925547
1366,6,2.20746885711469
1366,12,-8.428677006028426
1366,24,-0.6826163875785749
1366,25,-4.380200289596287
1366,29,2.1678220307041576
1367,2,-12.295980492392859
1367,5,-4.824638469540339
1367,6,-3.0518387508472165
1367,12,-14.728158681113872
1367,24,-4.195619576158824
1367,29,-7.0879113962762945
1368,2,-13.84538113483684
1368,5,-5.159651484553857
1368,6,-3.7754991219472585
1368,12,-16.393703148322402
1368,24,-4.885151735809236
1368,25,-16.34078767195073
1368,29,-10.406278031019156
1369,2,-13.243158934099561
1369,5,-4.776327070076741
1369,6,-3.303900156512298
1369,12,-15.861732110381812
1369,19,4.851140876607124
1369,24,-4.480130229932245
1369,25,-15.085225810467968
1369,29,-9.80596282164911
1369,31,0.07825800657091886
1370,2,-14.175936713932918
1370,5,-5.592888759543319
1370,6,-3.3476635632595837
1370,12,-17.16863622513612
1370,24,-5.423846982916238
1370,25,-17.01761582970066
1370,29,-11.54515365832239
1371,2,-14.047427382584138
1371,5,-5.497500040815625
1371,6,-3.0528458935944354
1371,12,-17.350648835636044
1371,19,6.192601498407515
1371,24,-5.816439081887614
1371,25,-16.675081915127112
1371,29,-11.92743006865597
1372,2,-12.108206939332508
1372,5,-5.433057344151491
1372,6,-2.773679843683552
1372,12,-15.15986055531268
1372,19,5.28757973550215
1372,24,-5.651543602847482
1372,25,-14.44748872995886
1372,29,-8.789619250094535
1373,2,-11.295558326372785
1373,5,-4.613565324827748
1373,6,-2.89525251598843
1373,12,-14.246822706992013
1373,19,4.887164869238349
1373,24,-4.579517506370518
1373,25,-13.42744229710215
1373,29,-7.955080902647996
1374,2,-12.907355364828547
1374,5,-4.47812853872953
1374,6,-2.761507569755228
1374,12,-15.249666859722524
1374,24,-5.68774626661094
1374,25,-14.438413252813369
1374,29,-9.527538276420072
1375,2,-12.640297093082703
1375,5,-4.114372988819477
1375,6,-2.738783557435088
1375,12,-14.825229282774517
1375,19,5.477474999307141
1375,24,-4.319533082439117
1375,25,-14.20159354215372
1375,29,-9.351942188673263
1376,2,-12.553105327499905
1376,5,-3.94245183878326
1376,6,-2.9405124327259946
1376,12,-14.743402595540541
1376,19,5.2250192360108985
1376,24,-4.41475105696624
1376,25,-14.039024516285561
1376,29,-9.365139274128772
1377,2,-12.006892208566313
1377,5,-4.01795832894263
1377,6,-2.568712849800016
1377,12,-14.513283702638544
1377,19,5.739767109246577
1377,24,-4.579775883515364
1377,25,-14.635097121848343
1377,29,-10.257587118396456
1378,2,-11.716717942676476
1378,5,-3.676986806406065
1378,6,-2.6748172099572027
1378,12,-13.812022890989947
1378,19,5.246095715236664
1378,24,-4.146036171189937
1378,25,-13.368475509172061
1378,29,-8.482262709354044
1379,2,-11.575345991660242
1379,5,-3.075780971643457
1379,6,-2.2975163992417
1379,12,-13.765286265620691
1379,19,5.759346665272641
1379,25,-13.539762974673554
1379,29,-9.184930343667967
1380,2,-8.31720340874721
1380,5,-3.1537995799135885
1380,6,-0.26632191542270345
1380,12,-11.336009562657635
1380,19,6.966120159166036
1380,25,-10.2688119649383
1380,29,-6.661197219005983
1381,2,-9.082596796099443
1381,5,-1.5847806882568154
1381,6,-1.937315773289261
1381,12,-11.356424600889365
1381,19,5.768915402300958
1381,25,-12.058640271289505
1381,29,-7.42061176077714
1382,2,-9.981330702148261
1382,5,-0.9342857888817697
1382,6,-2.7803817711162244
1382,12,-11.605620665150289
1382,24,-2.5478427111891664
1382,25,-12.950199258848041
1382,29,-8.258664380150181
1383,2,-11.174949156013446
1383,5,-0.5738412043284935
1383,6,-2.7795680199500348
1383,12,-12.956982214027272
1383,19,6.531319917454668
1383,24,-1.7787990969747431
1383,25,-14.640939269159771
1384,2,-11.131582862720386
1384,5,-0.43480037678195593
1384,6,-2.878647942989047
1384,12,-12.546549600046893
1384,19,6.158519890831543
1384,24,-1.5293102306647048
1384,25,-14.103332201082651
1385,2,-9.816741563633904
1385,5,-0.6325043405004642
1385,6,-2.4914430313085996
1385,12,-11.175557037843555
1385,19,5.801793974194632
1385,24,-1.2499191278079138
1385,25,-12.805162805860984
1386,2,-10.897268632271008
1386,5,-1.9185457371904207
1386,6,-4.111125954407588
1386,12,-12.273745096243061
1386,24,-2.2810285919403057
1386,25,-13.014662370690804
1386,29,-10.272918108869826
1387,2,-12.644916944655593
1387,5,-2.691406112481877
1387,6,-4.611618220028937
1387,12,-14.440774757222668
1387,19,4.900831614065525
1387,24,-3.4586802661690097
1387,25,-15.60301763891499
1387,29,-12.868530885167397
1388,2,-10.875135723894857
1388,5,-2.3051310871810173
1388,6,-3.7787459935916763
1388,12,-12.457538421985939
1388,19,4.837390631566064
1388,24,-3.24456206366623
1388,25,-14.336718169795517
1388,29,-11.452511984065728
1389,2,-10.201033966970247
1389,5,-1.6400548712660203
1389,6,-3.349653980234404
1389,12,-11.684798779551315
1389,19,5.345004424314468
1389,24,-3.074350673869903
1389,25,-13.906564308913158
1389,29,-11.485964148375443
1390,2,-7.000690381421009
1390,5,0.29568942334579695
1390,6,-1.173656501976832
1390,12,-8.518610866416742
1390,24,-1.0032224676577783
1390,25,-11.447261408272027
1390,29,-9.775956050919982
1390,31,-0.6608106575140358
1391,2,-10.129156161929364
1391,5,-0.39716004278913
1391,6,-2.5920465799985095
1391,12,-11.927940621420401
1391,19,6.914329012376446
1391,24,-3.700507885164124
1391,25,-14.697848370045854
1391,29,-13.458252002444544
1392,2,-9.4126720086492
1392,5,-0.3592171918221645
1392,6,-2.1020361043654194
1392,12,-11.455825844213424
1392,24,-3.360068561550274
1392,25,-15.491686264164144
1392,29,-13.737920255068847
1393,2,-8.897406070587618
1393,5,-1.033886999040151
1393,6,-1.9120243583157621
1393,12,-10.712451783838308
1393,19,6.500210113265946
1393,24,-3.324480687727771
1393,25,-13.31720796149559
1393,29,-11.84826983946281
1394,2,-8.885571619454673
1394,5,-0.38280151258413575
1394,6,-1.8733371726467256
1394,12,-10.910549286690985
1394,24,-3.3437906123628434
1394,25,-14.889350518852421
1394,29,-13.36030004817017
1395,2,-5.457031000390835
1395,5,0.9195357162025566
1395,6,-0.14191266308887096
1395,12,-7.036388327774242
1395,19,6.505154810050584
1395,24,-1.6097577768741003
1395,25,-10.25945021281667
1395,29,-8.926468867501999
1396,2,-8.387832632204693
1396,5,0.2666580781739434
1396,6,-1.517529684858375
1396,12,-10.2987864889561
1396,24,-3.5168093773262337
1396,25,-13.46018839113724
1396,29,-12.862604414249581
1396,31,-6.02053886977278
1397,2,-6.749711941316099
1397,5,0.8697607987419422
1397,6,-1.1530072478002151
1397,12,-8.203538151073333
1397,24,-2.835180660279085
1397,25,-11.818791021936546
1397,29,-11.064051251269895
1397,31,-3.590385299123271
1398,2,1.383826280613878
1398,5,4.886290025491548
1398,6,4.982816080091455
1398,12,-1.6303089219891636
1398,24,2.241295445170868
1398,25,-2.1805913179595535
1398,29,-4.277048501123724
1398,31,5.801137233501212
1399,2,10.537771597620075
1399,5,11.354484141253703
1399,6,14.185468863897155
1399,12,6.143455746931865
1399,24,8.943403650227275
1399,25,8.810189671842961
1399,29,5.460438634387373
1399,31,13.58921919499453
1400,2,46.408973219288086
1400,5,46.75895975137472
1400,6,50.04911686369977
1400,12,43.18734740896172
1400,24,45.51955887098411
1400,25,45.41842983235893
1400,29,45.29312488651994
1401,2,14.07209832818877
1401,5,14.429074339242616
1401,6,16.986226668518448
1401,12,9.955329510274744
1401,24,10.471888351010183
1401,25,11.72922373668018
1401,29,8.040580953602126
1402,2,54.16641160468512
1402,5,53.2526023613466
1402,6,58.867041821168996
1402,12,50.83452896826007
1402,24,53.61214634571829
1402,25,54.42114746369221
1402,29,50.800347873581956
1403,2,57.8969107633123
1403,5,58.52384644263225
1403,6,62.34233729533488
1403,12,55.17247380662135
1403,19,62.78571660862121
1403,24,57.647412058019256
1403,25,58.57161005840714
1403,29,55.82586100711653
1403,31,61.253326406422666
1404,2,16.646668992305916
1404,5,15.978149769734081
1404,6,19.467584292604037
1404,12,12.17942474919149
1404,24,15.840600322879435
1404,25,16.236161419676087
1404,29,14.428392330518825
1404,31,21.850017915399754
1405,2,16.315424660830526
1405,5,20.881047631493168
1405,6,18.289335215072505
1405,12,12.593168582119302
1405,24,19.181949196422302
1405,25,19.158632269030303
1405,29,17.78450921015622
1406,2,36.48492474530772
1406,5,33.368053184037926
1406,6,39.36710679379829
1406,12,31.60231261407963
1406,24,38.62211309641586
1406,25,35.880739517278705
1406,29,36.5429229555701
1407,2,31.14779302919151
1407,5,25.768365213345962
1407,6,34.38210503402621
1407,12,25.417970430615608
1407,19,32.64799902250075
1407,24,31.30681277725251
1407,25,31.38179336951922
1407,29,29.83660849399185
1408,2,14.85471095837384
1408,5,10.728916907833588
1408,6,18.699863818759415
1408,12,12.537969136668323
1408,24,15.592106261358868
1408,25,21.649352019002627
1408,29,24.19131169687904
1409,2,69.20889414040037
1409,5,69.63395403013683
1409,6,75.11764079848986
1409,12,66.77226875670272
1409,24,72.33416239425138
1409,25,74.41650226805412
1409,29,71.87234747193243
1410,2,64.05785935937851
1410,5,65.11250943692865
1410,6,67.35875099274492
1410,12,62.0792409979343
1410,19,67.30449936722887
1410,24,68.62097394903591
1410,25,69.17342704603331
1410,29,70.22395709616337
1411,2,10.244106980608324
1411,5,10.979752591999132
1411,12,8.76634930662544
1411,24,17.882432309578675
1411,25,14.3466455509033
1412,2,92.63508563539278
1412,5,92.75170029564455
1412,6,96.85847168442548
1412,12,90.19340625067599
1412,24,95.29514949463469
1412,25,98.68569702808668
1412,29,98.28410635106813
1413,2,89.91991749293084
1413,5,90.08210294999546
1413,6,93.85656305082611
1413,12,88.2787609733753
1413,24,91.93496654146635
1413,25,95.31529074267324
1413,29,95.5613891266206
1414,2,21.443370405166828
1414,5,16.938123243907288
1414,6,22.928626664499383
1414,12,16.87104606404357
1414,24,21.35841869281427
1414,25,22.92233472427108
1414,29,21.771734022063743
1415,2,10.798530395056822
1415,5,15.829720354218697
1415,6,10.840146119029193
1415,12,8.572508222531798
1415,24,15.668967928159427
1415,25,13.92042939021383
1415,29,14.025254524265085
1416,2,78.01963740853633
1416,5,76.91852301592736
1416,12,75.78465218947346
1416,19,80.95290335941986
1416,24,81.73698086261453
1416,25,82.59404387305474
1416,29,81.81432134967002
1417,2,23.00054485803403
1417,5,23.36210752079501
1417,6,23.416051897902214
1417,12,23.3365435567763
1417,24,28.23736734407937
1417,25,28.741608447259786
1417,29,31.072513950502668
1418,2,5.600266125477726
1418,5,3.6631991228630074
1418,6,8.89358372153856
1418,12,3.446226873661269
1418,24,7.166904820700699
1418,25,6.598803961030603
1418,29,8.485368780964498
1419,2,7.307112357326253
1419,5,11.710854557612379
1419,6,8.192620015205268
1419,12,5.183464606475134
1419,24,12.671451222304485
1419,25,10.971130361024848
1419,29,12.001009387417245
1420,2,55.96357811254971
1420,5,54.3278368096164
1420,12,53.890800034282385
1420,24,57.530311347423904
1420,25,60.40546548933165
1420,29,58.474302752507604
1421,2,36.80197779039757
1421,5,33.7069811664861
1421,12,33.484801920065486
1421,24,40.382444182301235
1421,25,41.94680035841369
1421,29,38.544919706527786
1422,2,46.315471039881054
1422,5,40.262286635429334
1422,6,46.604276637845196
1422,12,42.53724693163699
1422,24,46.26907576438779
1422,25,50.130913265931234
1422,29,47.37487626725131
1423,2,49.574066571531155
1423,5,45.9858113410055
1423,12,46.58001262947989
1423,24,50.55881019062809
1423,25,54.861580376184435
1423,29,52.372775227643245
1424,2,93.48652615807504
1424,5,92.03727746767822
1424,12,91.1581076273828
1424,24,96.20650655462845
1424,25,99.59734512200708
1424,29,102.36281361888902
1424,31,107.32457052080053
1425,2,57.470260379447865
1425,5,55.475066711623484
1425,6,60.95976195638491
1425,12,55.00979415301662
1425,24,59.89209665646356
1425,25,62.191997520484385
1425,29,64.79943763734128
1425,31,69.84875947728864
1426,2,62.73318673295108
1426,5,61.06453500406644
1426,12,61.104951960699
1426,24,65.7434038028934
1426,25,69.1213053939124
1426,29,68.19060255062338
1427,2,30.745445696321028
1427,5,24.550381466992867
1427,6,31.90428929528156
1427,12,25.848020324236725
1427,24,33.27729937314495
1427,25,33.03695221857897
1427,29,34.2407791189223
1428,2,64.27712793980756
1428,5,61.30187972027509
1428,12,61.2453249590079
1428,24,65.78836934600147
1428,25,69.76102363943401
1428,29,73.56410943900559
1429,2,62.41218918669656
1429,5,60.71608075173023
1429,6,66.91258786427703
1429,12,60.0341723697225
1429,24,65.54177372240895
1429,25,68.77828946907776
1429,29,67.70802396973617
1430,2,56.235312000349005
1430,5,53.828509370395636
1430,6,58.69211497777997
1430,12,53.58869351340557
1430,24,58.51029927469426
1430,25,61.61316171291265
1430,29,65.20172844400061
1431,2,68.02576527008014
1431,5,65.57547536575711
1431,6,72.08236079863362
1431,12,64.65205418184156
1431,24,70.45699619724856
1431,25,73.50286545791406
1431,29,75.49558688558795
1432,2,31.66649447079875
1432,5,29.45144581831675
1432,6,34.27666372912874
1432,12,28.992600841441938
1432,24,33.909454286428335
1432,25,37.460311060518336
1433,2,62.264019505510916
1433,5,61.18715501195359
1433,6,66.6896997391682
1433,12,61.14326854754463
1433,24,65.62768725709145
1433,25,68.47036364175759
1434,2,46.23980816670377
1434,5,44.47812445794156
1434,6,50.32508971107946
1434,12,43.11661372824797
1434,24,48.44988923374949
1434,25,50.55724954033383
1434,29,52.48494387668373
1435,2,61.47902813904676
1435,5,59.734274487436124
1435,12,58.854513480356545
1435,24,64.31986848770393
1435,25,67.19771475689959
1436,2,54.630263921758875
1436,5,53.248727283919244
1436,6,57.97513446503913
1436,12,51.93184574223181
1436,24,58.30666519065362
1436,25,60.09458376384556
1436,29,59.41458253118366
1437,2,47.90929242485822
1437,5,45.13993582767462
1437,6,50.5836782490559
1437,12,44.203141835456705
1437,24,50.200530258273545
1437,25,53.023671423304485
1437,29,50.8706035754743
1438,2,47.67429970888249
1438,5,44.1087260745625
1438,12,44.15239324028778
1438,24,50.287582294693536
1438,25,52.763198617304944
1438,29,52.389353344918156
1439,2,-3.7468722449944103
1439,5,-5.32656211823331
1439,6,0.9601352345522907
1439,12,-4.793814419760743
1439,24,6.5761637147778265
1439,25,8.078104584027841
1439,29,15.334156946165544
1440,2,49.98116521668678
1440,5,48.3659629657987
1440,6,54.09391695813629
1440,12,46.752004380110805
1440,24,54.190175313728666
1440,25,56.5552862321001
1441,2,56.56913478595724
1441,5,54.89127402433006
1441,6,61.12822283434176
1441,12,53.94135926325132
1441,24,59.986202834586315
1441,25,63.34027507706446
1441,29,65.11253497559214
1442,2,53.5417113335493
1442,5,52.49182524548371
1442,6,58.84721828570724
1442,12,51.03699689563483
1442,24,57.949365237774586
1442,25,60.97015880888
1442,29,59.223907538742054
1443,2,53.12693251726181
1443,5,51.956329936231754
1443,6,58.461755425485634
1443,12,50.74646524655807
1443,24,57.385435897628504
1443,25,60.584972056055136
1443,29,59.28761943203707
1444,2,57.03555238422144
1444,5,55.52166192778631
1444,6,63.13979315110546
1444,12,54.08242555627411
1444,24,61.39994428333537
1444,25,64.76091241064674
1445,2,57.216932911624845
1445,5,56.39608092389534
1445,6,63.84432003158895
1445,12,53.95151866580753
1445,24,61.0889181171978
1445,25,64.54844806428915
1445,29,64.37337409378672
1445,31,71.90514693490204
1446,2,57.17677445743783
1446,5,55.96700378146825
1446,6,64.28557249813069
1446,12,54.206333291854094
1446,24,60.83745267102482
1446,25,64.42890849883116
1446,29,64.56984125548685
1447,2,62.4827565295179
1447,5,61.537939922902744
1447,6,70.6979726484293
1447,12,59.392800110249496
1447,24,66.61510620254154
1447,25,70.15032269005017
1447,29,69.71379678889012
1448,2,59.20102817468797
1448,5,57.989299937344455
1448,6,67.50390288767629
1448,12,56.23908424856756
1448,24,63.72858785706766
1448,25,66.98196199884501
1448,29,66.53536998090414
1448,31,75.83891687616581
1449,2,58.44598943727435
1449,5,57.164259252561244
1449,6,66.93640719485899
1449,12,55.46300536189557
1449,24,63.03972247678226
1449,25,66.23168649782839
1449,29,66.3683295428046
1449,31,76.2238622542818
1450,2,79.71940852261955
1450,5,78.65734663910247
1450,6,87.7821667988107
1450,12,76.70795532993355
1450,24,83.80949734041668
1450,25,87.9804843791162
1450,29,91.06901083288913
1450,31,100.87475013099986
1451,2,55.419079214268066
1451,5,54.06767220182268
1451,6,63.69205617636675
1451,12,52.5046905649188
1451,24,59.90648515998037
1451,25,62.735850329548256
1451,29,63.17863999048788
1451,31,72.93703555040793
1452,2,64.38521289140596
1452,5,63.138717999754704
1452,6,73.19372189535704
1452,12,61.60977682659069
1452,24,68.94692065863646
1452,25,72.14916097225448
1452,29,72.40191121799013
1452,31,82.79292720799447
1453,2,53.03832874321053
1453,5,50.732165953046746
1453,6,60.23542357878832
1453,12,49.25409019894067
1453,24,58.12879494691469
1453,25,59.574177483832436
1453,31,72.5994511583359
1454,2,81.24816500892364
1454,5,78.96289981727962
1454,6,89.05735863837789
1454,12,76.69836313167008
1454,24,84.96800093479766
1454,25,87.09005065329877
1454,29,90.74009482928231
1455,2,49.945339684582606
1455,5,48.53914553371544
1455,6,57.0650022320742
1455,12,47.023027577821935
1455,24,54.90326698862839
1455,25,57.985270506248895
1455,29,58.43826084447582
1456,2,45.76816069229152
1456,5,42.98275965416117
1456,6,52.00480766656339
1456,12,41.36795044021143
1456,24,49.75505361522004
1456,25,52.42100700193194
1456,29,53.280867766796895
1456,31,63.29233683204337
1457,2,39.327151713884284
1457,5,36.15927188505517
1457,6,45.21333771564227
1457,12,34.398373296844895
1457,19,44.514890337066056
1457,24,42.43486839983602
1457,25,46.77129946916864
1457,29,46.1007300637697
1457,31,55.64999924460783
1458,2,56.62826240364909
1458,5,55.33835222198803
1458,6,65.01010908956012
1458,12,53.41355529075871
1458,24,61.05047641719609
1458,25,64.93687118015085
1458,29,65.94074827969186
1458,31,75.5292191924796
1459,2,55.14358380611843
1459,5,53.532455889772045
1459,6,63.350534438001745
1459,12,51.86678391648475
1459,19,63.26735819531255
1459,24,59.960688609184515
1459,25,63.3182953753624
1459,29,64.36164075811944
1459,31,74.48020257780536
1460,2,60.891924558586354
1460,5,59.725417071024836
1460,6,70.31522279302273
1460,12,57.2212752491998
1460,24,65.16091864012364
1460,25,68.74856878155961
1460,29,70.12135167247808
1461,2,24.60721833936487
1461,5,23.38083714655451
1461,6,32.980156049690045
1461,12,21.23608776577425
1461,24,31.491560181129074
1461,25,31.35526468742936
1461,29,35.67830143246156
1461,31,46.68843671287549
1462,2,-0.6719948879623736
1462,5,-7.114817764292079
1462,6,7.997296493941723
1462,12,-4.265392937761552
1462,24,3.7682709355268393
1462,25,11.4999796699203
1462,29,18.963186353741413
1463,2,90.7773130975221
1463,5,89.4026408480276
1463,6,99.10976200155245
1463,12,86.26293010295242
1463,24,95.72465205741378
1463,25,97.29429029282475
1463,29,102.57280483097595
1464,2,18.86754309046399
1464,5,15.705407792163374
1464,6,25.54584528760418
1464,12,14.500120888490116
1464,24,24.456128735266205
1464,25,25.099405924131652
1464,29,28.160448705377988
1465,2,-9.996269600917921
1465,5,-9.488616919110532
1465,6,-1.252182639340333
1465,12,-13.19200584463315
1465,24,-4.659431166483838
1465,25,-7.506220980709294
1465,29,-2.2492154706054923
1465,31,8.963127903447049
1466,2,-5.007486138842342
1466,5,-8.734954869656022
1466,6,2.5882443620779423
1466,12,-10.800106463912725
1466,24,-5.306494094725542
1466,25,-2.7349362021616592
1466,29,-2.80834485015151
1467,2,10.243939167558223
1467,5,4.89465587073985
1467,6,17.70960335340656
1467,12,5.406658555106002
1467,24,12.271486234406018
1467,25,15.062601862061669
1467,29,19.919120654315336
1467,31,28.931951018426012
1468,2,-7.473833868346112
1468,5,-10.750995340898987
1468,6,-1.9121098728346784
1468,12,-8.350388942195442
1468,24,1.2699276841098648
1468,25,-1.1811354498446658
1468,29,4.450144553392588
1468,31,18.183487153906828
1469,2,7.390566848090899
1469,5,11.205511295371714
1469,6,14.229239909852682
1469,12,6.947694797752959
1469,24,17.61595530638328
1469,25,14.610583528561332
1469,29,22.580659660866328
1469,31,29.901151257237636
1470,2,1.029452573063658
1470,5,3.8988889817431627
1470,6,8.560966851161844
1470,12,-0.4153661753560911
1470,24,9.706402401990129
1470,25,7.646470650507522
1470,29,14.492287328822382
1471,2,6.912307483452093
1471,5,6.125784913400246
1471,6,14.771761195999723
1471,12,2.8845089801598753
1471,24,11.590694233224413
1471,25,11.855931056426124
1471,29,15.96537241776814
1471,31,28.901661439193177
1472,2,9.498035227010938
1472,5,2.4508072903208813
1472,6,18.07172455035107
1472,12,2.4120965578417746
1472,24,7.215443634658659
1472,25,11.93201605243728
1472,29,15.674848073015072
1473,2,1.6742371867408892
1473,5,-5.350012229277391
1473,6,13.664784997478712
1473,12,-4.0769910257719335
1473,24,-2.2189244726561146
1473,25,3.060350019191624
1473,29,8.048687700305056
1474,2,6.6291788952479145
1474,5,3.821840955623818
1474,6,15.77035376174667
1474,12,1.9380263167413645
1474,25,10.339684448513822
1474,29,13.540488784072037
1475,2,9.272187906174377
1475,5,7.393623302828182
1475,6,19.411034470732307
1475,12,4.028562410190265
1475,25,13.40112114612414
1475,29,17.207601635932257
1476,2,7.417917713500852
1476,5,2.173273470338561
1476,6,18.497115191321694
1476,12,-0.2533679510736597
1476,25,8.786936205772772
1476,29,12.702924078163996
1476,31,28.300397898757478
1477,2,-1.7680516945577764
1477,5,-9.124594400672446
1477,6,14.299162736257138
1477,12,-7.617205135241372
1477,25,-0.0760873322662956
1477,29,4.291416634038776
1478,2,2.5176022459998606
1478,5,-1.7922203225709588
1478,6,15.094669876278191
1478,12,-5.650473026482009
1478,24,1.4519878872018808
1478,25,3.827596443068318
1478,29,6.688091405198973
1479,2,6.8817226555738245
1479,5,3.4008794487512084
1479,6,18.03933679162634
1479,12,-1.0334836671059193
1479,19,17.700846215951852
1479,25,7.944510629719506
1479,29,11.234244672535784
1480,2,0.9021236338278786
1480,5,-5.749281152701725
1480,6,14.535494410277686
1480,12,-6.9993912947106285
1480,19,13.844513748968048
1480,25,2.123568275969811
1480,29,4.813838049398832
1481,2,17.17718552529353
1481,5,13.239148378007735
1481,6,25.545064757434787
1481,19,25.57061227554306
1481,25,19.578851128086555
1481,29,21.387993510444907
1482,2,5.012782716947806
1482,5,-2.6319286120389886
1482,6,16.784811435794893
1482,12,-3.3892424418633436
1482,24,-0.4710343193776083
1482,25,5.842673001125631
1482,29,7.481928646374825
1482,31,25.300683220351203
1483,2,3.7338916683848637
1483,5,-5.3068094106907004
1483,6,17.033501158786706
1483,12,-3.4063729267041847
1483,19,14.510149224280823
1483,25,4.536152800433928
1483,29,6.099289123077716
1484,2,10.791752247304574
1484,5,4.527894350476245
1484,6,20.049562571122056
1484,12,2.2574333853337425
1484,24,6.179593189368456
1484,25,11.971234026901316
1484,29,13.351879722439637
1484,31,27.918451721147516
1485,2,11.537078989655365
1485,5,3.4429144476550935
1485,6,20.95297178585855
1485,12,2.3269952732776797
1485,25,12.85148737478821
1485,29,12.769690631050125
1486,2,11.765683945140893
1486,5,4.8539133742142315
1486,6,18.828261999103358
1486,12,4.538079121830888
1486,24,3.8836796396740088
1486,25,13.3775736696033
1486,29,12.86558220738204
1487,2,5.648304020926906
1487,5,-0.3665977241282512
1487,6,16.745277807883678
1487,12,-1.076293476332845
1487,24,1.1116501951627082
1487,25,5.924055076155145
1487,29,7.692077494486372
1488,2,12.11676657410451
1488,5,7.815554053507158
1488,6,19.970840328983194
1488,12,4.771057991424854
1488,25,15.159027779045015
1488,29,16.553646477609522
1489,2,5.314369979833362
1489,5,2.9752456463455985
1489,6,15.390676193908888
1489,12,-1.8147584769628882
1489,19,15.005051526936802
1489,25,6.321253097954775
1489,29,7.6435173860689885
1490,2,7.884679823261729
1490,5,5.787257123330926
1490,6,16.844908935158927
1490,12,0.8129389092003123
1490,24,7.492691175232377
1490,25,10.485560026957481
1490,29,12.319260444961184
1491,2,4.243852362644386
1491,5,5.271987409691112
1491,6,13.805471829780476
1491,12,-2.463732938082469
1491,24,5.784989658469691
1491,25,5.701963016358604
1491,29,8.152056849137299
1492,2,-2.4875001990374788
1492,5,-2.047864118459813
1492,6,12.295776923702132
1492,12,-8.874288198533376
1492,19,14.34521284797282
1492,24,0.5369736147152526
1492,25,-3.4594777580922482
1492,29,1.700105917386761
1493,2,-3.357005081715867
1493,5,-3.5126679391964437
1493,6,12.704875606095861
1493,12,-10.174375434084949
1493,19,14.433664395890967
1493,24,-0.7891616169252398
1493,25,-4.289913940681979
1493,29,0.7207487010088407
1494,2,-2.1733938395758425
1494,5,-1.8134518062846148
1494,6,14.07828239727101
1494,12,-8.694476182762637
1494,25,-4.005052449870769
1494,29,1.3123075100856845
1494,31,20.67431311299443
1495,2,-2.587351313910238
1495,5,-8.321640688370358
1495,6,15.361142842098976
1495,12,-10.673730723212687
1495,19,16.63419407443493
1495,25,-4.406992088785389
1495,29,-0.6314976290809717
1496,2,28.701647236206252
1496,5,28.426605141578946
1496,6,41.615747587858834
1496,12,19.003523021737166
1496,24,28.959798346927514
1496,25,28.864410872779413
1496,29,31.77356097690093
1497,2,38.13764521368766
1497,5,37.266548472630255
1497,6,49.70952991109957
1497,12,28.412009104431093
1497,19,51.47138934667885
1497,25,38.38388854633007
1497,29,39.07938930436992
1497,31,52.99425195323072
1498,2,74.21185869908692
1498,5,73.60842134419151
1498,6,85.83692173993438
1498,12,65.22525076209305
1498,19,88.92035942283599
1498,24,72.01233436465827
1498,25,74.8535702739888
1498,29,76.08291390290704
1498,31,88.74297826823292
1499,2,1.8745426643558378
1499,5,-8.51244011242049
1499,6,14.24964148687077
1499,12,-6.17489398589044
1499,19,13.201009886816616
1499,25,0.7211230595269758
1499,29,3.7282596127334635
1500,2,4.491721286084241
1500,5,-1.3485433059752143
1500,6,19.96543061330375
1500,12,-3.9886500312455357
1500,19,20.29890929932061
1500,24,-2.2995724449235944
1500,25,0.9878266152929385
1500,29,2.4562805683555933
1500,31,22.53491822152889
1501,2,25.8026110243784
1501,5,25.940972409194757
1501,6,35.57071046174157
1501,12,18.581273607541302
1501,19,37.11131233986341
1501,24,26.1737433439585
1501,25,25.792612293413455
1501,29,26.94111445417883
1502,2,23.471504455739407
1502,5,23.25855402426809
1502,6,32.31307520091745
1502,12,17.213405146806963
1502,19,36.21931247470353
1502,24,24.267644712525847
1502,25,23.53978412219515
1502,29,25.75689833217549
1502,31,34.562206391441684
1503,2,17.331371058214767
1503,5,19.466475959202683
1503,6,25.0546863935713
1503,12,13.352286039556379
1503,19,27.64454367886392
1503,24,20.16538377772457
1503,25,18.32050776342131
1503,29,20.655566496992925
1503,31,27.964699185736293
1504,2,-1.9273368499246804
1504,5,-4.566525513983917
1504,6,5.605711530646435
1504,12,-6.279737809362418
1504,19,6.473805534329206
1504,24,-0.3183851424027302
1504,25,1.1603716973767515
1504,29,7.331177664015371
1504,31,17.312946583076915
1505,2,-3.9361309472325985
1505,5,-7.387070379143733
1505,6,3.8524550580030126
1505,12,-7.588044442007353
1505,24,-1.347915377333889
1505,25,0.19378484041545718
1505,29,6.290246027301155
1505,31,15.872295349164164
1506,2,12.086114115242664
1506,5,15.310348375090342
1506,6,17.791876234972317
1506,12,10.56090609148117
1506,19,19.239539824667112
1506,25,11.973937222590186
1506,29,12.945713409168858
1506,31,20.462042720143906
1507,2,-5.128669984302713
1507,5,-5.79829768413295
1507,6,0.07107308330064388
1507,12,-7.140702828172595
1507,19,1.4786366067383607
1507,25,-0.5471070104570313
1507,29,5.1230406810320535
1507,31,12.626404429349918
1508,2,-6.3845039474836565
1508,5,-6.2132363642809825
1508,6,-1.2672843668595748
1508,12,-8.540929248988224
1508,24,1.9054479517629785
1508,25,-1.2076274380043248
1508,29,4.767272174340768
1508,31,12.65141263267081
1509,2,-0.011638396034719278
1509,5,-0.43067986516415924
1509,6,6.00605544577442
1509,12,-2.920250710057502
1509,24,3.9361385908415567
1509,25,0.7778557653268141
1509,29,7.245018089887578
1510,2,6.983056742972762
1510,6,12.354456733939932
1510,12,4.904880703438307
1510,24,11.390581678071786
1510,25,6.950831602756043
1510,29,8.567740897556874
1511,2,17.365778044171126
1511,5,21.68302876214267
1511,6,20.841012298387884
1511,12,16.538232313613822
1511,24,22.130481762892966
1511,25,17.528285043293657
1511,29,18.585906747419568
1511,31,23.62579547724222
1512,2,10.655993632602584
1512,5,11.770694765640785
1512,6,13.798353287641168
1512,12,9.358922099000536
1512,24,14.48949243962188
1512,25,11.651214186942271
1512,29,12.536932427298382
1512,31,18.06420807662437
1513,2,21.172292545680463
1513,5,26.10332359430626
1513,6,23.355516560887512
1513,12,21.710082679804955
1513,24,26.63556770839981
1513,25,22.22499738828737
1513,29,22.948169484456987
1513,31,26.132701490868598
1514,2,19.458864143689233
1514,5,24.321374005811954
1514,6,20.318795159084477
1514,12,20.909831846834308
1514,24,24.717743621443528
1514,25,19.87617069549941
1514,29,20.577877399023947
1514,31,22.743886084558042
1515,2,18.57954148521491
1515,5,22.2688089141462
1515,6,19.108643969667146
1515,12,19.703647907488133
1515,19,18.26914246961483
1515,24,22.23409962976196
1515,25,18.374955144640836
1515,29,18.653192808187914
1515,31,20.899351677974774
1516,2,13.707084207675116
1516,5,13.899927051059835
1516,6,13.980384016672113
1516,12,13.85089470159606
1516,24,16.748904665592377
1516,25,14.674372204887142
1516,29,14.387391824543302
1516,31,16.317033396266464
1517,2,4.457657327860137
1517,5,9.236935383641589
1517,6,5.357286957918543
1517,12,5.893679383939614
1517,24,14.078258708853038
1517,25,8.370070474845498
1517,29,10.864711095891552
1517,31,11.565408708981831
1518,2,2.12243610640863
1518,5,8.62887949192037
1518,6,3.7275786004328895
1518,12,5.50231055478269
1518,24,12.845235132949572
1518,25,8.4384618437726
1518,29,10.035611559185256
1518,31,9.369481173137569
1519,2,6.127432497255445
1519,5,9.614245567558173
1519,6,6.4493835163304825
1519,12,7.758951560067841
1519,24,12.8823016010333
1519,25,8.171561604195453
1519,29,10.198949250348518
1519,31,10.564682520505565
1520,2,5.998270678739585
1520,5,10.645039526266626
1520,6,5.115693271639412
1520,12,8.191887481409058
1520,19,6.777350052577012
1520,24,12.825567253306634
1520,25,8.239502505854745
1520,29,10.800919887597086
1520,31,10.154268439558015
1521,2,11.352794662669037
1521,5,15.848166765044892
1521,6,9.763592959272778
1521,12,13.754183066379506
1521,24,16.283089328302566
1521,25,13.225910521618141
1521,29,13.589269320147611
1522,2,7.582386652627716
1522,5,12.326315108319639
1522,6,6.119841533822498
1522,12,8.816349711338663
1522,24,13.232726455350633
1522,25,9.012139117964127
1522,29,10.585566110362356
1523,2,7.219736644593753
1523,5,10.625211940340785
1523,6,6.437077914781944
1523,12,6.280593530409529
1523,24,10.46160582235874
1523,25,6.659145895779072
1523,29,7.094563538723939
1524,2,8.825288428224779
1524,5,12.092256785521336
1524,6,7.940158089370436
1524,12,9.183458077413365
1524,24,12.174431983428152
1524,25,9.680400529190033
1524,29,9.870017186429695
1525,2,8.669974575746703
1525,5,11.430434240861057
1525,12,7.78964992591899
1525,24,10.836483894152547
1525,25,8.345953628376883
1525,29,8.314144846837257
1526,2,10.040876237008833
1526,5,10.98723693076277
1526,6,9.63094889793128
1526,12,7.567993881394613
1526,24,10.49164013689833
1526,25,8.337978999077961
1526,29,7.831703249770346
1527,2,8.864061116816185
1527,5,11.178315715816925
1527,6,8.1254946116332
1527,12,7.739961321740961
1527,24,10.443353804321768
1527,25,8.460228793516045
1527,29,8.051688807293147
1528,2,8.292584011030762
1528,5,10.866801135312338
1528,6,7.946126870930501
1528,12,6.816378569411596
1528,24,9.490068317681082
1528,25,7.240874415600152
1528,29,6.372115191074054
1529,2,8.10671424602924
1529,5,10.268999170164212
1529,6,8.946961556433857
1529,12,6.18442323649499
1529,24,8.89934520080782
1529,25,6.044643099732655
1529,29,5.258246468786089
1530,2,8.497638310950183
1530,5,10.494361881183911
1530,6,8.314215326773775
1530,12,6.794154070249608
1530,24,8.944332194982865
1530,25,7.35392810122552
1530,29,6.45488870661734
1531,2,9.696110727181285
1531,5,10.947952768140683
1531,6,8.88655660701552
1531,12,8.08168359959849
1531,24,9.696463942424888
1531,25,9.278764714905261
1531,29,8.13276037106304
1532,2,9.537367516503851
1532,5,9.977303448801035
1532,6,8.754382036317143
1532,12,7.518562275963555
1532,24,8.573406512494163
1532,25,8.461141455115607
1532,29,7.45821127786692
1532,31,10.72017833452826
1533,2,8.859052517401807
1533,5,10.010721000136732
1533,6,9.16059178052556
1533,12,6.713583889117585
1533,24,8.222700597538445
1533,25,7.260540862471587
1533,29,5.886353015964039
1534,2,8.712092934209076
1534,5,10.111279565684354
1534,6,9.417701226977998
1534,12,6.555133387002246
1534,24,8.353668734460037
1534,25,6.955762507085437
1534,29,5.635882232857728
1535,2,10.213469492788509
1535,5,10.664478374722329
1535,6,10.016015127443472
1535,12,8.11793189746456
1535,19,8.037951182100855
1535,24,8.950546839459658
1535,25,8.92886575163435
1535,29,7.342869705195962
1536,2,9.508708456095917
1536,5,10.134247463378241
1536,6,9.990539576436085
1536,12,7.220264337185014
1536,19,7.624793490153083
1536,24,8.11605150236287
1536,25,6.955476006580081
1536,29,6.136627335943439
1537,2,11.059273981939747
1537,5,11.028620189604524
1537,6,10.355569329597117
1537,12,9.104914631967349
1537,24,9.15575245825503
1537,25,9.76034889988323
1537,29,8.165598926706698
1538,2,9.864290213207614
1538,5,10.569075286037073
1538,6,9.720530083468947
1538,12,7.531250964070868
1538,24,8.231436148100547
1538,25,7.331743850417363
1538,29,5.838578925622062
1539,2,10.388663673167187
1539,5,10.756899710445886
1539,6,10.901329820516072
1539,12,7.670562288756921
1539,19,9.058447899650062
1539,24,8.901853488944482
1539,25,7.316226017287184
1539,29,6.31267753722699
1540,2,9.739026035309152
1540,5,10.356062606755707
1540,6,10.060878334906006
1540,12,7.373786836567371
1540,24,8.468729030459519
1540,25,6.80769473530611
1540,29,5.734671277634219
1541,2,11.142780146626226
1541,5,11.260401354344902
1541,6,10.681640868581729
1541,12,9.43780093717787
1541,24,9.240410880044006
1541,25,9.354770238302159
1541,29,8.326545634960866
1542,2,10.18673174440083
1542,5,10.8139140756204
1542,6,9.655134568728311
1542,12,7.7010324187773325
1542,24,8.585801199706026
1542,25,6.904622910533131
1542,29,5.856563703643845
1542,31,9.08868706458949
1543,2,9.792488100435515
1543,5,10.993651149349054
1543,6,9.543192325219975
1543,12,7.665639288278965
1543,24,9.369968044268594
1543,25,7.130434430430013
1543,29,5.915035551683983
1544,2,9.678100050143104
1544,5,11.35403675868653
1544,6,9.45477971852072
1544,12,8.252374698915796
1544,24,10.092810931851442
1544,25,6.643427016813967
1544,29,6.24167946176314
1545,2,9.436123319705857
1545,5,11.829055317133658
1545,6,9.289259470012333
1545,12,8.722329280012035
1545,24,10.93809453250496
1545,25,6.704478646230793
1545,29,6.538860170057274
1546,2,8.86943014797684
1546,5,12.114151543648891
1546,6,8.531677629973052
1546,12,9.203420295544252
1546,20,9.833967175894589
1546,24,11.1955379388933
1546,25,7.50468377165666
1546,29,7.323824729236229
1547,2,24.614218034621416
1547,5,26.20560032602271
1547,6,22.942664742691104
1547,12,25.03250013331608
1547,24,25.52713141365404
1547,25,21.156020501554842
1547,29,17.75918120127721
1548,2,8.163735665590378
1548,5,11.817734760323269
1548,6,7.683747489547937
1548,12,8.55853033380355
1548,24,15.322777851948134
1548,25,6.879879246783635
1548,29,8.180675819497305
1549,2,22.262055233551102
1549,5,24.247373460351103
1549,6,19.959152461523562
1549,12,22.703408214657834
1549,24,24.33136906420787
1549,25,21.195170896856297
1549,29,20.7931581271627
1550,2,9.795631401902185
1550,5,10.185410516932558
1550,6,10.274312188627691
1550,12,9.371738773105944
1550,24,13.307431583500081
1550,25,12.169948587177675
1550,29,12.184786526219579
1551,2,4.940039042083157
1551,5,2.546778409529623
1551,6,5.4267967898723395
1551,12,4.797002651132286
1551,24,7.415220541699844
1551,25,8.171409301055052
1551,29,10.145590654617134
1552,2,6.139802479902464
1552,5,3.7086235473130773
1552,6,6.891332135243655
1552,12,5.498909854169227
1552,20,5.856220251078456
1552,24,6.094012572835176
1552,25,7.886510496182968
1552,29,9.885142092585546
1553,2,3.3568835794736005
1553,5,-0.24410252793020515
1553,6,3.8622034427356513
1553,12,2.1500608301269626
1553,20,3.0630359861556626
1553,24,3.432376627095645
1553,25,5.611598803505939
1553,29,7.607342511112756
1554,2,2.3381015160298118
1554,5,-0.10161948990635938
1554,6,4.337090976320085
1554,12,1.0487599563920724
1554,24,3.256494541957168
1554,25,5.233518089220855
1554,29,7.434710561992972
1555,2,1.9951878454172234
1555,5,0.9116457923228811
1555,6,3.235806831022251
1555,12,1.000166329259125
1555,24,3.7148510289048895
1555,25,4.588593776726871
1555,29,6.376142445060066
1556,2,1.9689793775704616
1556,5,0.8107186791255945
1556,6,3.869521686975392
1556,12,0.6616686692295102
1556,20,3.8260298406860387
1556,24,3.419007638901054
1556,25,4.3909909705957215
1556,29,6.093303926280246
1557,2,2.820925949060962
1557,5,0.7215000360464305
1557,6,4.946018316993948
1557,12,1.2067329546256467
1557,24,3.089226374921403
1557,25,4.4168254745135656
1557,29,6.2237006027854544
1557,31,10.54601170024106
1558,2,3.5677277292142047
1558,5,2.1776232742992443
1558,6,5.080875070526703
1558,12,2.381946038626577
1558,25,4.219790779174356
1558,29,5.453205024640457
1558,31,9.034247205619753
1559,2,2.238061857399552
1559,5,1.6257866012545836
1559,6,4.9039368612079315
1559,12,0.8040659083685134
1559,25,3.0170843125813924
1559,29,4.838389821413303
1559,31,9.200694751545655
1560,2,1.6422615631515554
1560,5,2.2689146709481367
1560,6,3.9363383623068366
1560,12,0.967015975777013
1560,25,2.656337874919907
1560,29,4.3317263897103615
1560,31,8.295736318384364
1561,2,2.206908408180328
1561,5,2.318026081339349
1561,6,4.24470348237993
1561,12,0.8328205472219421
1561,24,3.6745692174018614
1561,25,2.4634176030009707
1561,29,3.5206261213884904
1561,31,7.829824461066487
1562,2,1.9411510060146187
1562,5,2.1479719262075907
1562,6,4.58436125057821
1562,12,0.7322974300597768
1562,24,3.86794666982163
1562,25,2.2761468278338404
1562,29,3.61706692391121
1562,31,7.796702087470987
1563,2,2.1822887686056354
1563,5,2.67659122270934
1563,6,4.241581033264315
1563,12,0.9568614187673588
1563,24,3.965365396539473
1563,25,2.048825459655058
1563,29,3.0029553446549375
1564,2,1.3687362267384502
1564,5,2.6328804180325625
1564,6,3.76149876621588
1564,12,0.5232627651482968
1564,24,4.289890871515578
1564,25,1.8395338087568067
1564,29,3.2784938148863283
1565,2,1.4449679359985268
1565,5,2.8547625359284474
1565,6,3.164217033993041
1565,12,0.5881241255925259
1565,24,4.541485147090063
1565,25,1.6437890356532456
1565,29,2.9273017363060774
1566,2,2.008089667192403
1566,5,2.1955519935253216
1566,6,4.797679749334474
1566,12,0.8039985788836508
1566,24,3.7463294589967964
1566,25,2.0201109694453265
1566,29,3.627126571993468
1567,2,3.687487454525504
1567,5,3.0949828594677298
1567,6,6.588516404418673
1567,12,2.463772029473789
1567,24,4.1169640360700805
1567,25,2.8947243798210067
1567,29,4.362549153154131
1567,31,9.13058636228295
1568,2,3.149007331675836
1568,5,3.299350596065713
1568,6,5.021541871094905
1568,12,2.310818166367107
1568,24,4.780396986879214
1568,25,2.8994066951714617
1568,31,8.332050644988179
1569,2,3.59549838879646
1569,5,3.8176767655227994
1569,6,5.659946341846977
1569,12,3.177490791257587
1569,24,5.58407894288853
1569,25,3.5898757500301572
1569,29,4.896314172456195
1569,31,8.405616826188508
1570,2,3.393697677914222
1570,5,2.9401740262156615
1570,6,4.943799792723208
1570,12,2.669973211963798
1570,24,4.557154187407035
1570,25,4.22582686741326
1570,29,5.437932832055607
1570,31,8.523705558938074
1571,2,4.475488230771311
1571,5,2.787231256242978
1571,6,5.851503443017627
1571,12,3.8310453956583572
1571,24,4.810319514244388
1571,25,5.208768802101889
1571,29,6.676505868755026
1571,31,9.916434759432118
1572,2,3.3595612809680033
1572,5,2.4647742066195306
1572,6,4.211889429292274
1572,12,2.7290335462899633
1572,20,5.13318123815922
1572,24,5.32194793079174
1572,25,5.350738707942921
1572,29,6.490411672349528
1572,31,9.734428904119223
1573,2,3.223963017789499
1573,5,1.957638703333659
1573,6,3.728138950828434
1573,12,2.7292393081697135
1573,24,4.633813881482492
1573,25,5.692881174734842
1573,29,7.0958981843554065
1573,31,9.885615031181697
1574,2,3.192172836501854
1574,5,1.762422664350713
1574,6,3.574572181688164
1574,12,3.4759176374213983
1574,24,5.861252934681095
1574,25,6.216222575998852
1574,29,8.344059328787264
1574,31,11.183965148490707
1575,2,5.038452746050141
1575,5,1.6072429282131289
1575,6,6.066376728488355
1575,12,5.037339001736053
1575,24,5.337121109136277
1575,25,7.808789141963098
1575,29,10.271748010222138
1575,31,13.081129917998464
1576,2,4.456588530289241
1576,5,0.9044608701600483
1576,6,4.931606476294321
1576,12,4.663167292971229
1576,24,5.585960353383447
1576,25,8.033149592435468
1576,29,10.552027830717453
1577,2,49.47032636079984
1577,5,55.82827580379487
1577,6,49.61087573778718
1577,12,49.491292511301
1577,24,49.637461841198345
1577,25,49.2325664816329
1577,29,44.53454203238684
1578,2,50.79705520332744
1578,5,54.46454713565002
1578,6,47.86957059487281
1578,12,52.7000057885911
1578,19,48.69684482832966
1578,24,50.28196476237585
1578,25,51.89559657629734
1578,29,45.745511650079685
1579,2,17.689742817687005
1579,5,15.700202883223552
1579,6,10.669639503705584
1579,12,20.925192527163425
1579,24,17.18322921991236
1579,25,21.227017799624914
1579,29,20.735262016469125
1580,2,22.369651781756822
1580,5,21.63985563987832
1580,6,16.052861665970994
1580,12,24.073695638484047
1580,24,22.51054745691976
1580,25,25.6657676311189
1580,29,23.706430316011822
1580,31,19.33888222459193
1581,2,54.28393444255445
1581,5,53.97732458399834
1581,6,50.28157418090541
1581,12,55.01796409549489
1581,24,50.06176759715729
1581,25,51.6381241973021
1581,29,47.95680142280459
1581,31,43.88444487955242
1582,2,64.19046421308255
1582,5,64.17264174236095
1582,6,61.242031912647064
1582,12,64.44214483691614
1582,24,61.31111265833736
1582,25,62.0635051394431
1582,29,59.22822704296716
1582,31,56.547080500120956
1583,2,46.209369156003675
1583,5,46.26840428703776
1583,6,44.16568784503882
1583,12,46.354081952272196
1583,20,44.24800585718672
1583,24,44.76162662328856
1583,25,45.266327026215485
1583,29,44.257283411014015
1583,31,42.07603176131127
1584,2,48.28090874464234
1584,5,47.808193281412585
1584,6,46.522090776626655
1584,12,47.93615961307446
1584,24,47.09720088930214
1584,25,47.46091025702685
1584,29,46.664504285244796
1584,31,45.26098120581958
1585,2,55.92439698446236
1585,5,54.18831707326976
1585,6,54.39090880481551
1585,12,53.86478719596468
1585,20,55.46374120340299
1585,24,56.32350822594748
1585,25,56.542957816043774
1585,29,55.87475652310785
1585,31,56.729739065635265
1586,2,59.27528131592543
1586,5,57.124486311529786
1586,6,55.728365368322685
1586,12,59.73531945213839
1586,24,62.973359744872084
1586,25,63.24648871770752
1586,29,63.37246094709909
1586,31,61.10992684996284
1587,2,9.95540304591805
1587,5,0.23868224656496706
1587,6,9.95269080155164
1587,12,7.7901556280872954
1587,24,5.303886492533087
1587,25,13.398518975783462
1587,29,14.73220763536803
1587,31,20.604768434207852
1588,2,52.30630181518735
1588,5,52.38053147306554
1588,6,51.414591635142926
1588,12,50.98859194855414
1588,20,54.383892120210184
1588,24,54.69647497119113
1588,25,53.195490040313395
1588,29,53.66078850361215
1588,31,54.24563185962604
1589,2,3.8892442800371128
1589,5,-1.5425887267563592
1589,6,6.103715334521093
1589,12,3.4399351507906752
1589,20,3.873066959604884
1589,24,4.465176972035313
1589,25,10.62810046862918
1589,29,14.255023593740688
1589,31,17.766546257648084
1590,2,17.106440288509344
1590,5,17.77726305933957
1590,6,15.991887395467264
1590,12,18.498043464265358
1590,20,21.39698391236589
1590,24,21.13618224363861
1590,25,18.637825703167984
1590,29,18.190451174570768
1590,31,19.9025600385647
1591,2,7.257093409640068
1591,5,7.215556255262893
1591,6,7.151239028430529
1591,12,8.950810471201398
1591,24,12.070798405045759
1591,25,12.617498209076912
1591,29,14.712932150702146
1591,31,16.04235925884933
1592,2,9.141261319399948
1592,5,9.185941661369585
1592,6,9.433956780869782
1592,12,10.356867317414888
1592,24,13.45559283714032
1592,25,13.872454190010725
1592,29,15.317295502401981
1592,31,17.110039065868257
1593,2,-1.0488122554102293
1593,5,-2.6011590662284556
1593,6,-0.5783843617241411
1593,12,-0.8414163081558905
1593,24,4.851316829147153
1593,25,5.528659457386616
1593,29,10.397588518550204
1593,31,13.538725876374002
1594,2,-0.17375558542398384
1594,5,-2.054766076470798
1594,6,0.5304992215425148
1594,12,0.18704439469695489
1594,20,4.979094158017816
1594,24,4.522813239777348
1594,25,5.545362166217733
1594,29,10.65076113202413
1594,31,13.232549190185367
1595,2,-0.9774172413574727
1595,5,-1.4415300115955993
1595,6,-0.5656813816565345
1595,12,-0.49578143368089456
1595,20,5.213284393722462
1595,24,4.930037480851017
1595,25,4.837416502441093
1595,29,9.50441548641368
1595,31,11.940206673396393
1596,2,-0.17767030386738947
1596,5,-1.4607359042966577
1596,6,0.5865114109961209
1596,12,0.27086445744578636
1596,20,4.761305879550855
1596,24,4.66552421593823
1596,25,5.296209702106116
1596,29,10.264362985045384
1597,2,0.8129042105404372
1597,5,2.2335207144374296
1597,6,1.9298452704460707
1597,12,2.906619585131496
1597,20,7.747419474670258
1597,24,7.4573566106319475
1597,25,5.886113297716211
1597,29,10.065134589960353
1598,2,2.404386365035719
1598,5,3.5849745969402553
1598,6,4.830922556432084
1598,12,3.619442623189694
1598,20,7.235053319166564
1598,24,7.3403631237765765
1598,25,6.041421760721716
1598,29,9.119847293539891
1599,2,-0.46316339214064284
1599,5,-0.7653113188050016
1599,6,2.013082857342742
1599,12,-0.9799656865056496
1599,20,4.314639235207715
1599,25,2.5666843257765937
1599,29,6.451183187753848
1600,2,-0.18988264252413778
1600,5,0.12989191092526475
1600,6,3.2160753643337188
1600,12,-0.3096067366963706
1600,25,2.4198227324146426
1600,29,6.072446684364161
1601,2,0.811019224701321
1601,5,1.8745029938020221
1601,6,5.564890699337304
1601,12,0.23946413810153544
1601,24,4.598635337888863
1601,25,2.3233489897379993
1601,29,5.098642004014662
1601,31,10.54683123642523
1602,2,-3.3783985772841287
1602,5,-2.3807142896138958
1602,12,-4.932022222089849
1602,24,1.7844171153498296
1602,25,-0.6968101152608881
1602,29,3.5375441593593475
1602,31,9.865268203807313
1603,2,-2.8222960343077785
1603,5,-2.974429603311353
1603,6,1.770941631813054
1603,12,-4.891217528444587
1603,24,0.9750830043682512
1603,25,-0.2708945098066806
1603,29,3.9876107528075426
1604,2,-0.22670493540423653
1604,5,-0.7359511505557506
1604,6,5.241528736326536
1604,12,-1.844186732708895
1604,24,2.779792900891256
1604,25,1.5196337411739087
1604,29,5.430499976779647
1605,2,-2.210209632309107
1605,5,-2.140900208497657
1605,6,1.6751737142398335
1605,12,-3.4600082552396128
1605,24,1.7943473889450416
1605,25,0.7173918605080143
1605,29,4.995899353596059
1606,2,-1.9698759747951504
1606,5,-2.091368739240769
1606,6,1.741981187265004
1606,12,-3.3965068139455177
1606,24,2.0997808342362156
1606,25,0.8924822230596305
1606,29,5.0086558531875625
1607,2,-2.1681232826753636
1607,5,-2.1085247746094735
1607,6,1.2908161012652377
1607,12,-3.3474346012873184
1607,20,3.9689636597366564
1607,24,2.806321658576442
1607,25,0.927875507753452
1607,29,5.15236266351395
1608,2,-1.5190934621425027
1608,5,-1.8875881198787092
1608,12,-2.818125095776576
1608,20,3.7034691099957393
1608,24,2.5330065566731244
1608,25,1.1696941664356224
1608,29,5.037218258740149
1609,2,-0.2608803255284107
1609,5,-1.052053571173373
1609,12,-1.362971918481458
1609,19,4.536011583870719
1609,24,3.423530199324134
1609,25,2.44082643878793
1609,29,6.65062416531298
1609,31,11.96348218274862
1610,2,-1.446411959644093
1610,5,-1.305652990309119
1610,12,-2.158552482966508
1610,20,4.332814367185551
1610,24,3.4343694213711107
1610,25,1.5039939468979266
1610,29,5.724937485856701
1610,31,10.551819193166267
1611,2,-0.4816106500220978
1611,5,-0.41365821288937976
1611,6,2.062733162041099
1611,12,-1.1511844884850255
1611,24,3.710672910502436
1611,25,1.7610374058330382
1611,29,5.317062397630185
1611,31,10.045945523193925
1612,2,-1.5739179329113089
1612,5,-0.05772858885820753
1612,6,1.2666820846442746
1612,12,-2.0487560809267578
1612,19,4.17982629474772
1612,24,4.127117250037316
1612,25,0.5372289567512549
1612,29,4.337553830679845
1613,2,-0.9056333493024864
1613,5,0.4974734110971184
1613,6,3.4816091258296353
1613,12,-1.341468753799865
1613,19,4.874371617914898
1613,24,4.527792441152641
1613,25,1.129020539336036
1613,29,5.436686044283553
1613,31,10.013857441034723
1614,2,-1.2877717279948735
1614,5,-0.15202760174850916
1614,6,1.716430731803213
1614,12,-1.7690692029711257
1614,20,5.656446647573905
1614,24,4.120398338908485
1614,25,1.1671417583607102
1614,29,5.41243883136031
1614,31,9.656269461118457
1615,2,-0.2387059326586698
1615,5,1.3924214357945859
1615,6,3.0348975866367707
1615,12,-0.004716389521465469
1615,24,5.734828860380654
1615,25,2.108545624470695
1615,29,6.105684272669841
1615,31,10.05633077774855
1616,2,-1.5476214358559335
1616,5,0.7590462359332548
1616,6,0.4435879051389422
1616,12,-1.239698205847481
1616,20,6.3768172948709365
1616,24,5.224789024667155
1616,25,1.3592497373077972
1616,29,5.281154238362429
1616,31,9.04834848788074
1617,2,-1.1080640379201419
1617,5,0.5947504202888547
1617,6,0.6221913203952938
1617,12,-0.7237200116194491
1617,20,6.223898369889225
1617,25,1.8995560596066703
1617,29,5.9082437729409545
1617,31,9.068953568260874
1618,2,-1.5649991920084503
1618,5,0.571887270045484
1618,6,-0.14222317500677017
1618,12,-1.3351252363809896
1618,25,1.831457488663112
1618,29,5.706171910073943
1618,31,8.904773915496294
1619,2,-0.7185355064096233
1619,5,0.30615875561638806
1619,6,0.9748579045182697
1619,12,-0.2406600387366553
1619,25,2.7989111193580127
1619,29,6.953848541430018
1619,31,10.136293210695708
1620,2,-0.6484143891883694
1620,5,-0.030805466698728523
1620,6,0.8004001925895015
1620,12,-0.25218895351569204
1620,25,3.2969677260519274
1620,29,7.548044712888849
1620,31,10.733366010407442
1621,2,-0.8223748149054129
1621,5,-0.47968196827864507
1621,6,0.28512011102615187
1621,12,-0.41612064866514564
1621,25,3.579420542497073
1621,29,7.993921023422879
1621,31,11.064937574356186
1622,2,0.8556374742756945
1622,5,0.29185895700154774
1622,6,2.681672911992706
1622,12,1.5459597836190402
1622,25,5.313025010922294
1622,29,9.51435521786852
1622,31,12.454851559072331
1623,2,3.884019057744783
1623,5,4.683120064275285
1623,6,5.35116983534386
1623,12,5.183946136724429
1623,24,9.427100579698578
1623,25,8.336693579469388
1623,29,11.032581295002242
1623,31,13.386221007960556
1624,2,23.831487242837536
1624,5,27.69116482960655
1624,6,23.405422831444238
1624,12,25.669375277759027
1624,24,28.30730038735183
1624,25,24.730712678075186
1624,29,23.818081840092844
1624,31,26.039888790667387
1625,2,56.85502693171389
1625,5,59.42819441247875
1625,6,58.040671134808015
1625,12,56.73892079549414
1625,24,61.49946847520883
1625,25,58.222654856600066
1625,29,55.52518548049026
1625,31,58.00553260991183
1626,2,75.06978549128947
1626,5,76.57259393679466
1626,6,76.42407414717786
1626,12,74.23267049802467
1626,24,78.54889955173455
1626,25,77.51452910641481
1626,29,74.23911043352179
1626,31,77.72319824745861
1627,2,2.775369568710767
1627,5,-3.0886038509447284
1627,6,3.92728395731187
1627,12,2.0354879592187096
1627,24,2.605910868433373
1627,25,8.843896254414544
1627,31,16.35949646379861
1628,2,54.89259779595114
1628,5,57.614125074777206
1628,6,56.346433749123335
1628,12,54.730654298457736
1628,24,57.80193455608036
1628,25,55.077511283247226
1628,29,53.78924218616956
1628,31,55.67911810935194
1629,2,16.575118300790905
1629,5,25.40502986666681
1629,6,15.700746012565133
1629,12,20.99584223117342
1629,24,25.036040066191855
1629,25,17.685282229839412
1629,31,14.109696662817548
1630,2,69.23953860036018
1630,5,73.2683767796139
1630,6,69.14087358470077
1630,12,69.24997380464711
1630,24,71.92672004987104
1630,25,69.33175050316213
1630,29,67.3188107412035
1630,31,66.8766450924138
1631,2,47.116064563819116
1631,5,50.52358617094971
1631,6,45.29898947476918
1631,12,48.81884292663661
1631,24,51.24633488396499
1631,25,48.35617055638343
1631,29,45.46296163849786
1631,31,46.19535199449392
1632,2,73.59020414213721
1632,6,73.21442536654153
1632,12,74.71160486554207
1632,24,77.48502244829177
1632,25,74.24306984208737
1632,29,72.19311588448915
1632,31,72.25778433268779
1633,2,37.53109613653381
1633,5,40.528156114231074
1633,6,37.12760365193003
1633,12,40.53921777700039
1633,20,40.38075457705769
1633,24,42.83120258231241
1633,25,42.20109781081502
1633,29,40.656399350758385
1633,31,39.02352276806055
1634,2,106.26897523270553
1634,6,106.9051280453919
1634,12,105.94438264433819
1634,24,108.46659957464644
1634,25,107.0918197001391
1634,29,105.03514667757058
1634,31,105.4757501317712
1635,2,102.29643775830097
1635,6,101.9303461367192
1635,12,101.18945674786963
1635,24,102.63319891148382
1635,25,102.41503509781535
1635,29,100.2417329685752
1635,31,100.06007297193318
1636,2,98.34338698634171
1636,5,99.4996712971682
1636,6,97.27646139046033
1636,12,98.31889776088774
1636,20,99.78400841863883
1636,24,99.95224450331709
1636,25,98.64151847198359
1636,29,96.3205568744508
1636,31,95.80479302312388
1637,2,87.90957405828597
1637,6,87.3024068180585
1637,12,87.75188989575325
1637,24,88.56688623161439
1637,25,89.22769912933067
1637,29,84.9898315612898
1637,31,86.9117813864289
1638,2,9.727394028707781
1638,5,-3.214566336366449
1638,6,11.453781356733698
1638,12,5.7726684071861785
1638,20,-1.8035765515025965
1638,24,-1.230363143180191
1638,25,12.09545642738264
1638,29,11.81687795973814
1638,31,18.35969485959457
1639,2,8.38489044016529
1639,5,6.4258994833175365
1639,6,7.680386512341698
1639,12,10.447686718960965
1639,24,10.910678325864723
1639,25,13.516985334118527
1639,29,14.607154783293394
1639,31,15.478751502000144
1640,2,103.93722873260698
1640,5,105.17470942378847
1640,6,103.6701403106623
1640,12,103.91107195698525
1640,24,104.8137120197174
1640,25,104.61347828288469
1640,29,101.9667273916126
1640,31,102.01568727551513
1641,2,83.6927343091304
1641,5,84.64975933579952
1641,6,83.30412665634444
1641,12,83.24307756895536
1641,20,82.20509774126128
1641,24,83.76660469858881
1641,25,84.73280909954157
1641,29,80.77685727713813
1641,31,82.13615746293019
1642,2,22.296517188116095
1642,5,20.901685771175654
1642,6,20.205538243709867
1642,12,21.618869025535048
1642,24,18.573381150643762
1642,25,20.42873220129469
1642,29,16.92462219055785
1642,31,19.37048753041303
1643,2,20.779689856779417
1643,5,16.00188272842506
1643,6,17.108794714770415
1643,12,20.53854373913056
1643,20,13.876151659297044
1643,24,15.532518322792303
1643,25,18.165851795674904
1643,29,14.58749333471025
1643,31,18.75494813243381
1644,2,31.403732297663392
1644,5,31.764289480050447
1644,6,29.094986813676947
1644,12,32.13477786036689
1644,24,30.37916645751336
1644,25,31.06716826156015
1644,29,27.448157654792844
1644,31,27.692952259668886
1645,2,29.764152379321935
1645,5,31.527818319551617
1645,6,26.71438156131859
1645,12,30.084148135537795
1645,20,28.46710494721704
1645,24,29.27595281384371
1645,25,29.11496307349503
1645,29,24.91303339774686
1645,31,23.22997544202428
1646,2,39.62075487526663
1646,5,42.133940706064344
1646,6,36.91890595263254
1646,12,41.76904958826599
1646,24,40.88930328088212
1646,25,40.17204983487066
1646,29,36.513156634162584
1646,31,37.241930659320445
1647,2,43.97268331956879
1647,5,45.7587146905285
1647,6,42.081718117394175
1647,12,43.50878112703464
1647,24,44.20301251458236
1647,25,42.27028452653169
1647,29,38.48563923455015
1647,31,39.45584094843021
1648,2,105.84637569997406
1648,5,108.43930597247477
1648,6,104.58738182248788
1648,12,105.91343315452696
1648,20,107.11855533914297
1648,24,107.14985265254965
1648,25,105.53244562835476
1648,29,102.80267580970646
1648,31,101.00911492284415
1649,2,78.25946814952019
1649,5,79.80804393819201
1649,6,77.3134628398473
1649,12,77.9578496016438
1649,24,78.0092567331146
1649,25,77.7888700237236
1649,29,73.85958507282339
1649,31,73.69175558127712
1650,2,102.35394290294394
1650,5,105.16715638885182
1650,6,99.86362387967287
1650,12,102.71364433431715
1650,24,103.05997472188382
1650,25,101.69986878089077
1650,29,98.35802880456221
1650,31,95.83656741131033
1651,2,65.75023228306411
1651,5,66.24940526243815
1651,6,63.85418472584856
1651,12,64.87749241714049
1651,19,62.88047296081388
1651,24,64.85382496400612
1651,25,64.70206725623103
1651,29,59.680625932301474
1651,31,59.16778166664593
1652,2,75.06060724175181
1652,5,76.31247183297663
1652,6,72.331258731562
1652,12,75.20148539028287
1652,19,69.61906542135429
1652,20,73.45543378036157
1652,24,74.94657448304577
1652,25,74.59236350296091
1652,29,70.76839845941636
1652,31,69.10379350036209
1653,2,46.46946818543928
1653,5,48.059151346403304
1653,6,43.8074667335129
1653,12,46.37467803029099
1653,19,41.04951583101198
1653,24,46.63750087823648
1653,25,45.31186316228767
1653,29,41.90300512400908
1653,31,40.51852798628998
1654,2,67.65789051312107
1654,5,69.3403005224657
1654,6,64.92655993495906
1654,12,67.48331717793229
1654,24,66.98016095304803
1654,25,66.26083259328018
1654,29,62.113210716577264
1654,31,61.149964604342465
1655,2,77.28122949832455
1655,5,79.84605182930262
1655,6,74.20466705347967
1655,12,78.21651425010009
1655,19,73.19803834332573
1655,24,78.6427455649716
1655,25,76.91535806568285
1655,29,72.98943664058501
1655,31,70.52050633099607
1656,2,95.43737583403319
1656,5,99.52369166183396
1656,6,93.92958708175594
1656,12,96.93114482202017
1656,20,97.81527838257003
1656,24,98.99304040230973
1656,25,96.7208165501215
1656,29,93.18599131063642
1656,31,91.53315220062117
1657,2,43.46372847675749
1657,5,45.261873597969995
1657,6,40.286884734499914
1657,12,44.085770383713296
1657,24,44.53108491754515
1657,25,42.74788808349958
1657,29,40.0892686268671
1657,31,38.20652387381878
1658,2,51.92385479707743
1658,5,54.31245095872219
1658,6,49.429689818129155
1658,12,51.91645824786646
1658,24,52.50524943399806
1658,25,50.41690479718371
1658,29,47.295718846666006
1658,31,45.76691313917264
1659,2,48.0049707971921
1659,5,51.6479745006303
1659,6,44.93736273819997
1659,12,48.798995760825555
1659,20,49.432617729853014
1659,24,50.71883478713257
1659,25,46.34744095973923
1659,29,42.440027864968236
1659,31,42.277346124387215
1660,2,97.7341698573188
1660,5,101.95545986640201
1660,6,95.81491110380856
1660,12,98.36569204282979
1660,24,100.31642350353201
1660,25,97.27009785187886
1660,29,93.86548747625748
1660,31,91.97272504113215
1661,2,65.64280993056684
1661,5,69.68514039874904
1661,6,64.7964251862166
1661,12,65.9966559793552
1661,20,67.07924312943322
1661,24,68.13144172954281
1661,25,65.00487383985843
1661,29,60.65823431391811
1661,31,60.31432320115754
1662,2,98.69979597432098
1662,5,103.26914605593446
1662,6,96.50157404573966
1662,12,99.93874551648915
1662,24,102.01974298226268
1662,25,98.69275425702462
1662,29,95.29676322192326
1662,31,92.91977608210486
1663,2,18.932343998900834
1663,5,17.76672943646362
1663,6,14.93536910598439
1663,12,21.134738350005037
1663,20,17.538434450666998
1663,24,18.76285644894454
1663,25,18.525239293682787
1663,29,15.793248013343703
1663,31,16.39789882697798
1664,2,65.63521296710657
1664,5,70.39258952596894
1664,6,63.85643228322186
1664,12,67.05555479654294
1664,24,68.09606005814298
1664,25,66.72137303225111
1664,29,61.9018266885511
1664,31,61.31691769563252
1665,2,38.40815866801482
1665,5,42.22326919793659
1665,6,34.38635612879693
1665,12,40.890414261437556
1665,24,40.93847815832815
1665,25,38.264615213715
1665,29,34.15330057786907
1665,31,33.35890428912987
1666,2,30.027385041479402
1666,5,33.3759636637308
1666,6,25.996896391373255
1666,12,32.585459840627266
1666,20,30.779661992835848
1666,24,31.93643007333977
1666,25,29.9065642177376
1666,29,25.74167702069515
1666,31,24.65879964134494
1667,2,95.8269201448045
1667,5,101.94499420370198
1667,6,93.55938437766477
1667,12,97.98238441944731
1667,24,100.65078577780169
1667,25,96.78605823078354
1667,29,92.72441136709284
1667,31,89.87180111926529
1668,2,76.3909296064368
1668,5,80.07581880374092
1668,6,72.84481239470695
1668,12,77.39227346819925
1668,20,77.48151471083985
1668,24,78.62827554569508
1668,25,75.81507526283468
1668,29,71.66969681378205
1668,31,68.70610686496885
1669,2,68.07493414300873
1669,5,73.85167302886907
1669,6,63.80006050591224
1669,12,70.65273513792684
1669,20,72.66635351424294
1669,24,73.21074982839895
1669,25,67.55953465686824
1669,29,63.81829722609272
1669,31,59.30014090764613
1670,2,3.2585076377712916
1670,5,20.407687090163364
1670,6,-1.3422814574766908
1670,12,9.28182250279287
1670,24,15.291599917148222
1670,25,-3.8808457257032933
1670,29,-6.190868319088403
1670,31,-12.851965730159064
1671,2,67.9188569176735
1671,5,73.60632404517929
1671,6,64.47026614919452
1671,12,69.74367992745084
1671,24,70.46674557582625
1671,25,66.7555543687475
1671,29,62.80558305404315
1671,31,58.571454378921025
1672,2,103.70526545682895
1672,5,107.9636912365956
1672,6,100.86839946789358
1672,12,103.9169768797543
1672,24,106.15816700447624
1672,25,102.95060437273355
1672,29,98.97184994002187
1672,31,96.56178516495586
1673,2,28.260829730076033
1673,5,29.026328288245324
1673,6,21.182289513501484
1673,12,29.075650754120097
1673,24,28.715329417358667
1673,25,27.47756883975813
1673,29,23.36699944866707
1673,31,19.046680062800533
1674,2,15.43079658442333
1674,5,14.897903319182506
1674,6,11.34507658702069
1674,12,16.442344230195808
1674,24,15.708971544663514
1674,25,15.363152387175516
1674,29,14.934980438849866
1674,31,14.064036333571286
1675,2,13.843368351485099
1675,5,12.957941761658438
1675,6,10.160746736066352
1675,12,14.610119994256234
1675,24,13.6922150530923
1675,25,13.666022566257867
1675,29,14.476496076729875
1675,31,13.2207739630567
1676,2,9.176581311217493
1676,5,10.007026135299366
1676,6,5.978954777810249
1676,12,12.85927134518332
1676,24,12.616245698998664
1676,25,12.855232452300013
1676,29,13.27465658952087
1676,31,10.903442903589111
1677,2,7.245300882345926
1677,5,7.180081929049289
1677,6,4.019244674646512
1677,12,10.237142904565331
1677,20,9.180278795047006
1677,24,10.157520292304332
1677,25,10.853272529780831
1677,29,12.057435990206667
1677,31,10.220622252543397
1678,2,5.123631111218275
1678,5,4.82691371150197
1678,6,1.394573713202749
1678,12,7.258144904915474
1678,20,7.827575624997225
1678,24,9.348068288590145
1678,25,8.919876301068363
1678,29,10.670677972612486
1678,31,9.834923048980583
1679,2,4.775385949843146
1679,5,5.45327343705806
1679,6,1.1521492873931198
1679,12,7.064124956106975
1679,20,8.194442798470023
1679,24,9.928843327064252
1679,25,8.671880462966483
1679,29,10.217333337334981
1679,31,9.208647892228926
1680,2,5.06282264535398
1680,5,5.179847445958445
1680,6,1.927602407045683
1680,12,7.677701725435688
1680,19,0.9018415390600523
1680,20,7.996492781621072
1680,24,8.92567237944344
1680,25,9.063929823698162
1680,29,10.936554762895708
1680,31,9.698443671759
1681,2,5.036589012290295
1681,5,5.391659209973822
1681,6,2.071089480004653
1681,12,7.452884588252694
1681,20,7.443093678975361
1681,24,8.43940303699501
1681,25,8.790710792568387
1681,29,10.43500627719592
1681,31,9.124809172350066
1682,2,5.280068363744675
1682,5,5.688202229010766
1682,6,2.3769489570100193
1682,12,7.271124869527113
1682,20,7.118130026466619
1682,24,8.090813842801154
1682,25,8.442313140062621
1682,29,9.576853054429892
1682,31,8.632879720734318
1683,2,5.512089607994861
1683,5,5.791511019348947
1683,6,2.3087532867741696
1683,12,7.371633809943408
1683,20,7.631350608778696
1683,24,8.021774960598787
1683,25,8.161147066813664
1683,29,9.342911955435351
1683,31,8.52147573846499
1684,2,5.6632835008142814
1684,5,5.8048025373378245
1684,6,2.7806466082602035
1684,12,7.447052209504108
1684,20,7.862856719063378
1684,24,8.031700540455596
1684,25,8.194876138892402
1684,29,9.084070810744723
1684,31,8.502185527384377
1685,2,5.004629004312511
1685,5,5.095356948715461
1685,6,2.342638156570955
1685,12,6.3608283692644205
1685,20,6.904688855578281
1685,24,7.220538176420983
1685,25,7.722251693694697
1685,29,8.875033924791891
1685,31,8.584550489442755
1686,2,4.930225853660452
1686,5,5.280519066844708
1686,6,2.639791867152991
1686,12,6.914859921778097
1686,20,6.7402395938880355
1686,24,7.75647208704043
1686,25,7.673811297024937
1686,29,9.196841920564653
1686,31,8.668971147494096
1687,2,4.963169304238248
1687,5,5.7292901204250075
1687,6,2.5640118662069176
1687,12,6.710019671982115
1687,20,7.276522555913113
1687,24,7.551727009765811
1687,25,7.428869908677613
1687,29,8.400090198937772
1687,31,8.65856762059264
1688,2,4.810276856971218
1688,5,5.47355152633468
1688,6,2.6288792038441215
1688,12,6.5521755059407685
1688,24,7.682785422287031
1688,25,7.428202576791973
1688,29,8.399680201346753
1688,31,8.7861311347722
1689,2,4.513089217881937
1689,5,5.724703743703069
1689,6,2.4179849624891765
1689,12,6.215783402584015
1689,24,8.174392146505738
1689,25,7.104422422635327
1689,29,8.360932395863154
1689,31,8.283064103435759
1690,2,4.4707900809336865
1690,5,5.403319294689259
1690,6,2.712776098317633
1690,12,6.145793618959545
1690,20,6.8382814411795065
1690,24,7.562350689455446
1690,25,6.9699227943680775
1690,29,8.174267594670305
1690,31,8.422007319632524
1691,2,5.107683027344909
1691,5,6.235240197496907
1691,6,2.6582159535559686
1691,12,6.873992480495451
1691,20,8.186377909659036
1691,24,8.655527858024904
1691,25,6.920143298205429
1691,29,7.809040200869671
1691,31,7.416132350006739
1692,2,4.388114319748507
1692,5,5.307086007520844
1692,6,2.3012910850456487
1692,12,5.679858454588786
1692,20,7.396709827553046
1692,24,7.884706574262061
1692,25,6.4999515946237025
1692,29,7.602284404820017
1692,31,7.784619773972656
1693,2,4.034628181821954
1693,5,4.767813333666815
1693,6,2.648462063111516
1693,12,4.942752791256684
1693,20,6.800025854269271
1693,24,7.351120214686313
1693,25,6.392996375699699
1693,29,7.767433922000448
1693,31,8.052435420175003
1694,2,4.206866315819756
1694,5,4.838618123490417
1694,6,2.8428221120849098
1694,12,5.420410147881876
1694,24,7.128391716131274
1694,25,6.463771461041242
1694,29,7.711435035988591
1694,31,8.537048856053522
1695,2,4.980631107977379
1695,5,4.553254644122757
1695,6,3.618377738666793
1695,12,6.01481726822985
1695,24,6.941615569100497
1695,25,7.112899612417559
1695,29,8.374519640453855
1695,31,8.849574574897337
1696,2,5.049328727323732
1696,5,4.417270126753888
1696,6,3.4878840141613123
1696,12,6.1033783477290555
1696,24,7.258791103396149
1696,25,7.572736710039488
1696,29,8.76060413287696
1696,31,9.044232968216956
1697,2,5.160148146195571
1697,5,4.323032886161886
1697,6,3.453417164197173
1697,12,5.786274130306205
1697,20,5.991546343302688
1697,24,6.3673242222367925
1697,25,7.658759457338302
1697,29,8.440001286504266
1697,31,9.84925205638375
1698,2,5.515200964668815
1698,5,4.315287029643112
1698,6,4.061035748471762
1698,12,6.362514822274864
1698,20,6.104148113856426
1698,24,6.491536886630383
1698,25,7.794866519761282
1698,29,8.788954172393979
1698,31,9.643908430647457
1699,2,5.48296714586167
1699,5,4.542034209039035
1699,6,4.084705970009281
1699,12,6.15749522515023
1699,20,5.743991789587567
1699,24,6.498099486719496
1699,25,7.647194578662874
1699,29,8.355556671669063
1699,31,9.532629994621734
1700,2,5.486634630046593
1700,5,4.5626875597809455
1700,6,3.8006790296080677
1700,12,6.139209452361194
1700,24,6.176721463689043
1700,25,7.642633826018336
1700,29,8.342208036394874
1700,31,9.540674283925268
1701,2,5.265371418803996
1701,5,4.319108649039227
1701,6,3.66218434503772
1701,12,6.269896097855402
1701,24,6.523327431636138
1701,25,7.695269130529329
1701,29,9.144397781208506
1701,31,9.276562952810664
1702,2,5.5388140605332605
1702,5,4.270145093950275
1702,6,3.6555441942282423
1702,12,6.223961053240488
1702,24,6.392114322219606
1702,25,7.9300535318859335
1702,29,8.76285077408454
1702,31,9.208944336688825
1703,2,5.2180291598307615
1703,5,4.187262424007678
1703,6,3.375923606871049
1703,12,5.996336811973294
1703,24,7.059683624706611
1703,25,7.818014304087473
1703,29,8.699770267983808
1703,31,9.271402120593159
1704,2,4.93927553543403
1704,5,4.453692554564268
1704,6,3.127971896954177
1704,12,5.882048048136064
1704,19,1.494661870013453
1704,25,7.573054262365405
1704,29,8.471584613281905
1704,31,8.880683551599065
1705,2,5.161722847256797
1705,5,4.285971262875274
1705,6,3.779265424717392
1705,12,6.02884104366134
1705,24,7.1284953895328105
1705,25,7.539972007315061
1705,29,8.521983090666495
1706,2,5.432872203751822
1706,5,4.444648688848619
1706,6,3.7498199445720592
1706,12,6.4047462175629555
1706,24,7.30945551976503
1706,25,7.67025735085959
1706,29,8.764792115437906
1707,2,5.410671969976683
1707,5,4.513635879490176
1707,6,3.5812114329196993
1707,12,6.32154328181738
1707,20,6.211210915815706
1707,24,6.388862380980199
1707,25,7.803118636034178
1707,29,8.619640537099176
1708,2,5.450278814419465
1708,5,4.354417670109461
1708,6,3.8777668333533843
1708,12,6.446548851050592
1708,19,1.9467819486044649
1708,24,7.35685850493186
1708,25,7.839278158242259
1708,29,8.847515499596394
1709,2,6.226828845386001
1709,5,4.387897755016983
1709,6,3.9703693562361364
1709,12,6.678729848272604
1709,20,5.659984480331803
1709,24,6.360892671398898
1709,25,8.075454980090072
1709,29,8.726319088562082
1710,2,5.38269434988149
1710,5,3.9546160126751753
1710,6,3.32341325629145
1710,12,5.8546195441655575
1710,24,6.079524609873376
1710,25,7.601559301536097
1710,29,8.526831597094372
1711,2,5.236389032029219
1711,5,3.769437070948454
1711,12,5.79295550832197
1711,20,5.933849285381592
1711,24,6.7778662750184955
1711,25,7.509452785906028
1711,29,8.728863578859972
1712,2,6.925484504910277
1712,5,6.636070228470869
1712,12,8.373807238408778
1712,20,7.740572188494376
1712,24,8.256245501711627
1712,25,8.583654551286422
1712,29,9.543167103411214
1712,31,9.815879815150932
1713,2,3.659031729144487
1713,5,2.5668103002870764
1713,6,2.875309196336345
1713,12,3.8787425249747542
1713,20,5.072708523478637
1713,24,5.29247551205518
1713,25,6.011841212881772
1713,29,7.917508691189928
1713,31,9.622826103741804
1714,2,2.839984717448368
1714,5,1.7244084341749328
1714,6,2.399449498177006
1714,12,2.774438607199821
1714,20,4.529916456381002
1714,24,4.629159725519609
1714,25,5.14151003560539
1714,29,7.3014770409808305
1715,2,12.595305772959529
1715,5,14.546577957834865
1715,6,12.407630664377036
1715,12,12.91257992254697
1715,20,14.913828098524101
1715,24,14.585061930969417
1715,25,11.952601871042795
1715,29,11.98158602225028
1716,2,5.41229124803179
1716,5,8.989882363374912
1716,6,6.95829392534489
1716,12,6.257151734218851
1716,25,5.271940942416924
1716,29,7.43001474760168
1717,2,-2.5616903162879394
1717,5,-0.6434559500883807
1717,6,0.6825835979239083
1717,12,-3.653681515358624
1717,24,3.8734155633735883
1717,25,-0.6126028450933383
1717,29,3.5534254875104807
1718,2,-1.5327378891434975
1718,5,-0.11110602688407933
1718,12,-2.9249562952618122
1718,24,2.77178686622286
1718,25,-0.8107632324234295
1718,29,2.9200396718191293
1719,2,-2.999426000501428
1719,5,-1.116289947868765
1719,6,0.730059137946089
1719,12,-4.339108574622567
1719,24,3.7439240610735194
1719,25,-1.3943238739182586
1719,29,3.454109348917404
1720,2,3.3443057645937735
1720,5,7.762429044266344
1720,12,2.690672487073056
1720,24,8.711335860339318
1720,25,1.8647968501261847
1720,29,6.020948191834007
1720,31,10.28437366646947
1721,2,5.165379353779235
1721,5,8.841865073414478
1721,6,8.26876620640693
1721,12,5.0889959931405695
1721,20,11.475609990305438
1721,24,9.533533631670856
1721,25,3.849781654595118
1721,29,7.027033405458521
1721,31,11.080755063466034
1722,2,1.076455907163886
1722,5,-1.7220064901806929
1722,12,-1.3883884686165158
1722,20,2.975791413929162
1722,24,2.459170461311926
1722,25,2.1550597027612746
1722,29,5.052711534887033
1722,31,10.186388298468183
1723,2,1.1412198167684986
1723,5,0.46821676074452867
1723,6,4.362991202216046
1723,12,0.4096968516838806
1723,24,4.308025572082533
1723,25,2.8830762139046957
1723,29,6.631981029819983
1723,31,10.387103586945303
1724,2,1.732335191592579
1724,5,-0.036472671522061795
1724,6,4.684970993518758
1724,12,0.31152899981032434
1724,20,4.083946839042954
1724,24,3.737951330574485
1724,25,3.2387361110126145
1724,29,6.6698530028727
1724,31,10.658405958566286
1725,2,2.0960192943825406
1725,5,-1.211940091442445
1725,6,5.0658265956281845
1725,12,-0.43298545444805914
1725,24,2.863818643859364
1725,25,4.035918642532692
1725,29,6.952100938231383
1725,31,11.711091252757306
1726,2,10.23927060377116
1726,5,12.646208275761484
1726,6,12.033612781821716
1726,12,11.12098653064616
1726,24,14.31987383250291
1726,25,10.977145735443703
1726,29,10.88241768785672
1726,31,13.905891356164247
1727,2,8.76234958401415
1727,5,8.089949203297044
1727,6,10.355804070811747
1727,12,9.286397789577824
1727,24,11.105451827049329
1727,25,10.334163615855019
1727,29,11.011854092052115
1727,31,14.352917624538307
1728,2,3.921083202839042
1728,5,-4.021615724428203
1728,6,6.3082254015437575
1728,12,0.5534679099178761
1728,20,0.20707529743897535
1728,24,0.8009925784551046
1728,25,6.824605430835719
1728,29,9.65233699114318
1728,31,15.276374875241915
1729,2,19.341593893787525
1729,5,20.89752932889578
1729,6,19.357365990449246
1729,12,20.585266090789116
1729,24,21.299277791200023
1729,25,21.428346659429906
1729,29,20.673574128749006
1729,31,22.498489149603238
1730,2,17.38210666548026
1730,5,17.607713891990706
1730,6,17.663711191062962
1730,12,17.644383573086063
1730,20,18.91845630546892
1730,24,19.65126874584281
1730,25,19.5193062846451
1730,29,18.876420457902903
1730,31,19.45228614928613
1731,2,24.37690985919189
1731,5,27.196888034025978
1731,6,23.744126518445928
1731,12,24.455264728083748
1731,24,25.07524678811429
1731,25,24.62966754786536
1731,29,23.505444104205484
1731,31,21.649758522721278
1732,2,38.85123504606741
1732,5,41.86982348115562
1732,6,39.45487566981741
1732,12,37.353221920808075
1732,24,40.251234429766015
1732,25,37.308720611083665
1732,29,36.04656984262982
1732,31,34.86109414596217
1733,2,55.55660686018716
1733,5,60.44129817551084
1733,6,56.358476149589634
1733,12,55.08598414772195
1733,24,57.0519631606603
1733,25,53.71927961755562
1733,29,53.65811497458047
1733,31,53.91860616145939
1734,2,91.33422150608651
1734,5,97.73683980358551
1734,6,92.45351737879514
1734,12,91.5203777136886
1734,24,95.76480074780717
1734,25,91.85014643991612
1734,29,88.80070947318876
1734,31,89.55127793917188
1735,2,36.70668176392884
1735,5,42.7379338741774
1735,6,37.360267419362565
1735,12,37.62398058026293
1735,24,41.71831838456006
1735,25,34.34554858178062
1735,29,32.691477295180576
1735,31,32.755275249337615
1736,2,27.998027586661046
1736,5,32.945884615149716
1736,6,26.105356992729465
1736,12,26.197364463581938
1736,24,28.991407638558044
1736,25,24.63771047654229
1736,29,21.309539797943167
1736,31,25.48377571848356
1737,2,104.36318893545406
1737,5,111.20098777110329
1737,6,104.48118870324667
1737,12,104.38232735989008
1737,24,109.47558707301083
1737,25,104.55256381707602
1737,29,102.36697509913448
1737,31,102.13571864624012
1738,2,44.846911544046705
1738,5,50.94124786880912
1738,6,45.42184105953605
1738,12,44.950216718757375
1738,24,48.03607072291877
1738,25,43.42828355978579
1738,29,43.113177372267174
1738,31,43.215839738729606
1739,2,74.56460644738289
1739,5,80.22930666108051
1739,6,74.23100220724376
1739,12,74.77982830760904
1739,24,77.91564710132421
1739,25,72.67202525807835
1739,29,70.88923725850634
1739,31,70.52826135820686
1740,2,25.84057936274339
1740,5,30.491151124502156
1740,6,25.456696023268385
1740,12,26.056226887977427
1740,24,29.320960828668312
1740,25,24.817933184575395
1740,29,23.992610093401552
1740,31,21.3730841852048
1741,2,76.25045980283838
1741,5,83.58311182796274
1741,6,76.70663759230635
1741,12,76.86385991482565
1741,24,82.0011513371367
1741,25,75.74181851155518
1741,29,72.52374314902231
1741,31,73.34301561517943
1742,2,103.72300825865132
1742,5,111.24612445897758
1742,6,104.42238079958004
1742,12,104.17313388734627
1742,24,108.9012530356881
1742,25,102.7758205255517
1742,29,101.43691993793874
1742,31,100.61757045166429
1743,2,18.7980376629453
1743,5,24.36518091953455
1743,6,19.452129162119597
1743,12,17.859187119198733
1743,24,23.89269461048796
1743,25,15.648018544263753
1743,29,13.113666891026138
1743,31,17.165095819446748
1744,2,17.23266139736733
1744,5,27.30894768992865
1744,12,17.79781230259442
1744,24,20.947318373057577
1744,25,16.008531649222537
1744,29,13.553511779200369
1744,31,12.186805920365774
1745,2,75.07918463735602
1745,5,82.85197595042605
1745,6,74.72628580855108
1745,12,77.20681142402597
1745,24,80.45682873885941
1745,25,74.980661267604
1745,29,73.68841144148878
1745,31,71.18408350090813
1746,2,31.235782691183516
1746,5,38.09363790882619
1746,6,29.318980781901512
1746,12,31.934801309311908
1746,24,32.51614577510479
1746,25,29.198600407083035
1746,29,26.898387088428574
1746,31,24.649926960648123
1747,2,87.6214437662871
1747,5,94.26901194753641
1747,12,89.0969698554811
1747,24,92.73302319626609
1747,25,87.11428890086998
1747,29,85.75096985240965
1747,31,83.13147841441786
1748,2,73.5932231442956
1748,5,80.19844268987579
1748,6,72.86791676704709
1748,12,75.23162402503455
1748,24,77.52852583170602
1748,25,73.21888944249126
1748,29,71.82471066733707
1748,31,69.25357932931257
1749,2,74.73647122906333
1749,5,81.23978323830505
1749,6,74.04078036099351
1749,12,76.68428035364644
1749,24,78.54950720828441
1749,25,74.83509947167427
1749,29,73.41370748690079
1749,31,70.78308149664355
1750,2,81.21342220960494
1750,5,86.43272137014462
1750,6,80.60297375978566
1750,12,81.50172308839878
1750,24,83.94244790148916
1750,25,80.1358362857545
1750,29,78.47507566429132
1750,31,76.35131478543941
1751,2,67.5707533347986
1751,5,72.38300618260145
1751,6,67.22448877360128
1751,12,67.66281721939133
1751,24,68.66394831247938
1751,25,65.487380248183
1751,29,63.714765452085786
1751,31,62.14240316424251
1752,2,72.40265663542158
1752,5,76.827095495519
1752,12,72.62346021556827
1752,24,73.88851800682647
1752,25,71.14254157302113
1752,29,69.45335968407662
1752,31,67.24490236643241
1753,2,42.59640514918735
1753,5,48.47076316206006
1753,6,39.208180633145524
1753,12,43.20162083955332
1753,24,42.666649115717284
1753,25,41.13307639249624
1753,29,38.65399864170644
1753,31,36.43911378808322
1754,2,70.57811869997113
1754,5,75.27024919423204
1754,12,72.10272172259523
1754,24,72.43717834866409
1754,25,70.95879711322767
1754,29,69.50056840669657
1754,31,66.70465226851563
1755,2,52.617192115756396
1755,5,56.989777804096576
1755,12,53.03384936237728
1755,24,52.109045011650615
1755,25,50.60913509623361
1755,29,48.151785887248614
1755,31,46.54731523048337
1756,2,77.73933885942571
1756,5,81.12000737741666
1756,12,77.79747167189922
1756,24,78.37472630217368
1756,25,77.06973692149451
1756,29,75.33657111003237
1756,31,73.34404277549504
1757,2,76.42845481532251
1757,5,79.42384957986805
1757,6,75.08815901784118
1757,12,76.52587154677575
1757,24,76.36312898430646
1757,25,75.93845769630397
1757,29,74.02809453066877
1757,31,72.29273079633734
1758,2,100.54636372482953
1758,5,103.31821951154016
1758,12,101.56746874628897
1758,24,102.28572599322415
1758,25,101.68912123212974
1758,29,99.88732370900418
1758,31,96.85712150698662
1759,2,79.49928213493465
1759,5,82.1180359108328
1759,6,77.4883875866653
1759,12,79.870473046534
1759,24,79.829145417263
1759,25,79.71668108807096
1759,29,77.75014790312424
1759,31,75.04117061203303
1760,2,76.74666045832647
1760,5,79.08493909974715
1760,6,74.61167359552147
1760,12,77.0913350146154
1760,24,76.75549336347257
1760,25,76.93783571452674
1760,29,74.76035920978487
1760,31,72.21707382390063
1761,2,82.53671390138253
1761,5,85.24846176233078
1761,6,80.47492938971493
1761,12,84.02292080224288
1761,24,83.4857040194916
1761,25,83.94117416925518
1761,29,81.91703417267624
1761,31,78.79360441254718
1762,2,31.583009271912957
1762,5,35.61701599747857
1762,6,28.28638441333525
1762,12,33.52897673488367
1762,24,36.30911471121326
1762,25,34.099433627153964
1762,29,33.222966940541625
1762,31,31.135904184057885
1763,2,30.850588004939276
1763,5,32.848587152409195
1763,6,27.74948111679889
1763,12,32.43118802275569
1763,24,33.32548788863644
1763,25,32.26202603400107
1763,29,32.50559378875729
1763,31,30.838623372670995
1764,2,109.25269528958086
1764,5,111.64914934667904
1764,6,107.79146917951358
1764,12,109.14601825475931
1764,24,109.34955728071948
1764,25,110.48087950916853
1764,29,108.67767175929116
1764,31,106.68173166961355
1765,2,108.21500029558838
1765,5,110.47561809067206
1765,6,106.50773810612078
1765,12,108.28321864580118
1765,24,108.52954779485168
1765,25,110.12411713172597
1765,29,106.54907506573036
1765,31,105.68328755756269
1766,2,20.901439325418213
1766,5,18.73276360664301
1766,6,18.65657565283841
1766,12,21.293430079398014
1766,24,19.626962705042803
1766,25,24.467269090155412
1766,29,22.658429677343193
1766,31,23.666288311343898
1767,2,27.50585087252582
1767,5,30.417975083040275
1767,6,23.509412899707986
1767,12,29.945536716001165
1767,20,27.041041496500494
1767,24,28.361579744186926
1767,25,30.0468516273714
1767,29,28.485538105094804
1767,31,27.42880482406738
1768,2,54.021224628760734
1768,5,56.78432780581242
1768,12,55.55271304042299
1768,24,53.58199712889393
1768,25,55.67553709830523
1768,29,51.907509335523415
1768,31,50.71705949562736
1769,2,32.09893727764685
1769,5,33.35409516197443
1769,6,29.780061115884514
1769,12,33.50596308831444
1769,24,31.21716963009542
1769,25,34.595672027932125
1769,29,32.454811237826874
1769,31,32.15143323866357
1770,2,58.185016063184825
1770,5,61.337037912943835
1770,6,56.741120135110435
1770,12,60.12543499447977
1770,24,57.761218209043015
1770,25,59.28888577864018
1770,29,56.3692179412617
1770,31,54.913157273269185
1771,2,12.708624864796958
1771,5,3.3264077672672148
1771,6,11.390671464517418
1771,12,11.211749700757657
1771,24,7.632523474745538
1771,25,14.741014048094407
1771,29,13.889873152425611
1771,31,18.876585293151884
1772,2,14.159784765125409
1772,5,4.493229618258264
1772,6,15.329521655864513
1772,12,13.357218443487259
1772,24,3.6139844799331713
1772,25,14.00554865804198
1772,29,11.916636147318997
1772,31,18.818937407512102
1773,2,40.91442803525609
1773,5,42.80118046825067
1773,6,37.82764249374387
1773,12,41.63113551686854
1773,24,39.512880400313875
1773,25,40.442071564862815
1773,29,39.33693855777854
1773,31,36.501456180638286
1774,2,8.758758174571781
1774,5,-0.330368770722286
1774,12,5.51571889836346
1774,20,1.171950346423
1774,24,2.045740851746342
1774,25,11.478961252043186
1774,29,12.220789100592176
1774,31,16.788860869796004
1775,2,7.196584740175876
1775,5,-2.709575600390319
1775,6,7.431558276530785
1775,12,4.284493922545893
1775,20,-0.07430471391681825
1775,24,1.5785253208155585
1775,25,10.747673898456721
1775,29,12.480518874638175
1775,31,16.352161079857453
1776,2,7.007388165105391
1776,5,-0.9378736577896776
1776,6,7.480310070088184
1776,12,4.675893523500524
1776,24,3.119712695646683
1776,25,10.540613073911475
1776,29,12.277833025186943
1776,31,15.527487457235125
1777,2,6.824995888197584
1777,5,-0.7742678523902615
1777,6,6.99561696027836
1777,12,4.596973615875109
1777,24,3.2377404828955525
1777,25,9.872410980206727
1777,29,11.254913524297919
1777,31,14.404829169221632
1778,2,6.703099948288194
1778,5,0.7977707844124344
1778,6,6.656265997058689
1778,12,5.0711893273331725
1778,24,3.462009572189123
1778,25,9.789904631809822
1778,29,10.957252081639174
1778,31,14.211617403465318
1779,2,6.665271989808472
1779,5,-0.0008475456756391608
1779,6,7.185832505374306
1779,12,4.416049731890238
1779,20,2.525022062217527
1779,24,3.6175744381881927
1779,25,9.471850960019994
1779,29,10.983805601247747
1779,31,14.171036245610097
1780,2,6.605524474506641
1780,5,1.5478694390610679
1780,6,6.861397391125165
1780,12,5.485970069771183
1780,20,3.5772301912054942
1780,24,4.739280421431481
1780,25,9.562536593363527
1780,29,11.438393063425693
1780,31,13.547950276130944
1781,2,6.990913470961363
1781,5,0.6810389604457834
1781,6,7.093840914359809
1781,12,5.040695473565991
1781,24,3.9686431810775478
1781,25,9.420462672544437
1781,29,10.595646416502081
1781,31,13.369597765652314
1782,2,6.611372670882458
1782,5,0.43347872441202195
1782,6,6.387749905920359
1782,12,4.908441733038319
1782,20,2.7048992930317297
1782,24,3.809763594225047
1782,25,9.033165966634689
1782,29,10.333805232031848
1782,31,12.91853270772161
1783,2,6.777602384464342
1783,5,0.9854098670879026
1783,6,6.923932484397898
1783,12,4.91043034922973
1783,24,4.2273159613106435
1783,25,8.995313809917802
1783,29,10.23981886945617
1783,31,12.915828198836547
1784,2,6.396694867992122
1784,5,0.41694680581814403
1784,6,6.3442713348467805
1784,12,4.81772623505073
1784,20,3.2564816305934414
1784,24,4.262495516019735
1784,25,8.918867694164742
1784,29,10.29639552803771
1784,31,12.686906935348482
1785,2,6.656266909494982
1785,5,0.799943390829676
1785,6,6.810419581083518
1785,12,4.852103575668815
1785,24,4.191413469230493
1785,25,8.885980491130818
1785,29,10.10844460289062
1785,31,12.596029654356393
1786,2,6.818612003682665
1786,5,1.1439950496172875
1786,6,7.020180819404455
1786,12,4.928054380741288
1786,20,3.222533278067545
1786,24,4.222153810207748
1786,25,8.918137660988911
1786,29,10.061379978250553
1786,31,12.53852924761334
1787,2,6.564468557972875
1787,5,1.284072158670413
1787,6,6.428404688058724
1787,12,5.034454264590859
1787,20,3.4022481503093633
1787,24,4.473871555607572
1787,25,8.905275587748777
1787,29,10.189146668268883
1787,31,12.396791706709436
1788,2,6.61599001332119
1788,5,1.2484147580125011
1788,6,6.308769187262056
1788,12,5.186635851151137
1788,20,3.339624680406624
1788,24,4.368223525882008
1788,25,8.871174151668725
1788,29,10.084616124568804
1788,31,12.097813437328977
1789,2,6.253515932127131
1789,5,0.8450158068779254
1789,6,5.80980485505743
1789,12,5.11048161694819
1789,20,3.285698275194484
1789,24,4.220344683299856
1789,25,8.775866633622282
1789,29,10.07649778270429
1789,31,12.057557807845468
1790,2,5.9302861509727
1790,5,1.043340072780662
1790,6,5.458043878147144
1790,12,5.072668490936408
1790,24,4.626815647651408
1790,25,8.547874644068612
1790,29,10.183607948289591
1790,31,11.73202531239423
1791,2,5.795126388819312
1791,5,1.0043789615764034
1791,6,5.276131614379121
1791,12,5.104495720404477
1791,24,4.652490969102219
1791,25,8.268996273025413
1791,29,10.013230803689675
1791,31,11.31628555203073
1792,2,5.641216047324953
1792,5,1.3591515818779936
1792,6,4.778178770651535
1792,12,5.347384704618626
1792,20,3.8928291272952045
1792,24,4.119521326566242
1792,25,8.008537657822899
1792,29,9.589872474808868
1792,31,10.894930535901725
1793,2,4.972165819404144
1793,5,2.01870297329359
1793,6,4.067668908935161
1793,12,4.95188016332168
1793,20,4.045825021177298
1793,24,4.804835584923139
1793,25,7.48589880283054
1793,29,9.263105448141705
1793,31,10.204904852603113
1794,2,4.569947500846708
1794,5,2.2135512459224884
1794,6,3.984751314048686
1794,12,4.657133631237452
1794,20,4.487861086930091
1794,24,5.12131877626113
1794,25,7.207980940326912
1794,29,9.070399612814754
1794,31,10.253336478170906
1795,2,3.99412095603095
1795,5,2.498293164651903
1795,6,3.377186261671464
1795,12,4.723892560767606
1795,20,4.717807436671375
1795,24,5.28532747506068
1795,25,7.054589913060237
1795,29,8.92184861482816
1795,31,10.174774985708574
1796,2,4.007268014753116
1796,5,2.09687190598474
1796,6,3.6321048550455135
1796,12,4.643976002941498
1796,19,0.9140862609543334
1796,20,4.4245369206481735
1796,24,5.0356682902219685
1796,25,7.047646440354426
1796,29,8.974902361985668
1796,31,10.604331515762887
1797,2,4.125374380757161
1797,5,2.26234918047082
1797,6,3.2305681129059955
1797,12,4.838748758369474
1797,20,4.610211504655666
1797,24,5.87225497966655
1797,25,7.1240801190518255
1797,29,8.953609746277575
1797,31,10.773293963417153
1798,2,3.8443805818172487
1798,5,2.600529051013087
1798,6,2.5289054864282985
1798,12,4.810927271696834
1798,20,5.025127013469421
1798,24,6.138479564650245
1798,25,7.225147912496399
1798,29,9.00440388125799
1798,31,10.64086109960706
1799,2,3.820091972594404
1799,5,2.76246574353984
1799,6,2.8799345416291375
1799,12,4.901170829350859
1799,24,6.225158668046338
1799,25,7.1935154946495246
1799,29,8.971621563600959
1799,31,10.52714498245113
1800,2,3.930640051254498
1800,5,2.847988896412158
1800,6,2.816424777182865
1800,12,4.824244367197064
1800,20,5.534031943717747
1800,24,6.340217627467734
1800,25,7.2045044751873135
1800,29,8.841303962940762
1800,31,10.33682874390125
1801,2,3.805629060452559
1801,5,3.206253956360772
1801,6,2.698048395455493
1801,12,4.847600172091917
1801,20,5.50435771789643
1801,24,6.648365535526077
1801,25,6.826457601601448
1801,29,8.457369935939568
1801,31,9.601300974026566
1802,2,3.8078193303250005
1802,5,3.312411442962878
1802,6,2.993673295560653
1802,12,4.784065908196203
1802,19,0.33069587360416897
1802,20,5.442986171131924
1802,24,6.377019663977128
1802,25,6.457596712591207
1802,29,7.975513352156762
1803,2,4.093519463671389
1803,5,3.4110719811661703
1803,6,3.239962818293481
1803,12,5.204373047789758
1803,19,0.7805192248927133
1803,20,5.934426417432623
1803,24,6.55836282505175
1803,25,6.347616585611759
1803,29,7.978588262613731
1804,2,4.255081292507941
1804,5,3.5058118662147084
1804,6,3.1528300792543815
1804,12,5.130486200258405
1804,20,5.634112543097406
1804,24,6.328778283511907
1804,25,6.338296891510776
1804,29,7.664078894808846
1805,2,4.165970752114939
1805,5,3.9664767588068823
1805,6,3.3626174675897094
1805,12,5.213116371795731
1805,20,5.953420453413274
1805,24,6.600073282521685
1805,25,6.24648195730045
1805,29,7.405237449733399
1806,2,4.898750747311885
1806,5,4.351138809388204
1806,6,3.3108877278619175
1806,12,5.486360947069339
1806,24,6.548563438769516
1806,25,6.100083499004658
1806,29,7.187167977060989
1807,2,3.3696698815681305
1807,5,3.8698427250402414
1807,12,4.135072368622036
1807,24,6.897250143587145
1807,25,5.262817081321647
1807,29,6.586909585706766
1808,2,3.3626634999167133
1808,5,3.8997135956888656
1808,12,4.61789790880412
1808,24,7.235083151050726
1808,25,5.453748301497363
1808,29,7.151040875816286
1808,31,7.997064752640508
1809,2,3.3916129343864467
1809,5,3.6783810452864945
1809,6,1.9652250454892792
1809,12,4.206246792847147
1809,24,6.859105077163139
1809,25,5.508692344659479
1809,29,7.037103767794327
1809,31,8.755670234450037
1810,2,3.3687971705142647
1810,5,3.7581725024903543
1810,6,2.228193492134281
1810,12,4.219473045671407
1810,24,7.2004181156881994
1810,25,5.402776214335334
1810,29,6.891907218688842
1810,31,8.5409757042152
1811,2,3.137398520544367
1811,5,3.8898385018311563
1811,12,3.9319424451688576
1811,24,7.27897949586554
1811,25,5.272248051236818
1811,29,6.708218618175889
1811,31,8.436244825267387
1812,2,3.1439668393037588
1812,5,3.539893087901177
1812,6,2.2230838687928274
1812,12,3.6655386118603994
1812,24,7.410662729768893
1812,25,5.343074757946045
1812,29,6.916187670537678
1812,31,8.78716350913428
1813,2,2.4874563828286536
1813,5,3.9854094834184473
1813,6,1.2094080834563363
1813,12,3.572086201481467
1813,25,5.292919236010483
1813,29,7.417617371917087
1813,31,8.368542825691671
1814,2,3.338248593373442
1814,5,3.504342646308487
1814,6,2.3408577813145115
1814,12,3.4129116531267147
1814,24,7.015035494523254
1814,25,5.393215010360117
1814,29,7.050331363527375
1814,31,8.84518322793677
1815,2,1.974080086672222
1815,5,3.509747354109578
1815,6,1.1919559807419557
1815,12,2.907471645197829
1815,24,6.490433487773477
1815,25,4.966947695256231
1815,29,7.14095303824778
1815,31,8.334086474947767
1816,2,2.4568539053386553
1816,5,3.1631872952469404
1816,6,1.4864389986736861
1816,12,2.6891491243413994
1816,20,6.764343554899184
1816,24,6.15023044293352
1816,25,5.058006226474844
1816,29,7.044080729669071
1816,31,8.500502778922204
1817,2,2.1033514425933557
1817,5,2.9647543792205315
1817,6,1.1820009576318775
1817,12,2.4449783487407384
1817,20,6.387389605788675
1817,24,6.223838871659628
1817,25,5.012596408464394
1817,29,7.330617813609645
1817,31,8.633445200678246
1818,2,1.975622413203327
1818,5,2.8780385945855844
1818,6,1.2172445636050344
1818,12,2.24791033486814
1818,24,6.196436892972833
1818,25,5.195455376068454
1818,29,7.3409916527295636
1818,31,8.774826446020738
1819,2,1.876265988502423
1819,5,2.8706067887094733
1819,6,1.0269485927138553
1819,12,2.783332860805084
1819,20,6.905048992147782
1819,24,6.836308636645126
1819,25,5.245618223777602
1819,29,7.824001585477851
1819,31,8.855530048573131
1820,2,1.986778563727463
1820,5,2.837666630831622
1820,6,0.7837629613747674
1820,12,2.4898349722090707
1820,24,6.400312151183787
1820,25,5.368008274586197
1820,29,7.51567589161132
1820,31,8.74896764712783
1821,2,2.365251268315713
1821,5,2.432115446374607
1821,6,1.651304321304395
1821,12,2.57012541339338
1821,20,5.863913213983295
1821,24,5.569355960521418
1821,25,5.248426301362328
1821,29,7.460935116915231
1821,31,9.07961642970771
1822,2,2.3755203615039573
1822,5,2.7955939559174183
1822,6,1.7028866304346477
1822,12,3.1257712299392844
1822,20,6.027309438707312
1822,24,6.506991739578146
1822,25,5.106934481393257
1822,29,7.399534706385828
1822,31,8.73654175459452
1823,2,2.4901461379415575
1823,5,2.9293038485636345
1823,6,1.5901318984754775
1823,12,3.172784629331224
1823,24,6.667924112240973
1823,25,5.3332715447608
1823,29,7.747290786432957
1823,31,8.883538052566253
1824,2,2.6593668592029784
1824,5,3.2023007453590324
1824,6,1.4130841668133252
1824,12,3.335271074371678
1824,24,6.3927289336507425
1824,25,5.573532847332717
1824,29,7.873095289501382
1824,31,8.722800682356976
1825,2,2.8868249992776933
1825,5,2.949777817997142
1825,6,1.7241590250597125
1825,12,3.35151644726535
1825,24,6.008174528864016
1825,25,5.929008509394159
1825,29,8.09014832915588
1825,31,9.141885183467158
1826,2,2.708337205386992
1826,5,2.940106157135361
1826,6,1.3872417769165046
1826,12,3.079714356644841
1826,24,6.097425480337937
1826,25,5.968596268490837
1826,29,8.264266164527644
1826,31,9.575567628702002
1827,2,2.826335289582944
1827,6,1.4612707754897887
1827,12,3.5091321495107217
1827,25,6.932176751291863
1827,29,9.215297179648871
1827,31,10.141766369315107
1828,2,2.9334320946731407
1828,5,2.299602196679733
1828,6,1.3045383368680732
1828,12,2.9334509544655947
1828,24,6.440833862631901
1828,25,6.860174796024941
1828,29,9.059203000340707
1828,31,10.232086740715737
1829,2,3.3859374186445854
1829,5,2.063916687993605
1829,6,2.039526013553507
1829,12,3.6016465600867384
1829,24,6.203391152384278
1829,25,6.99063573716384
1829,29,9.428300891822698
1829,31,10.154977949350236
1830,2,5.288473538826288
1830,5,6.1264151972080505
1830,6,5.083596344407154
1830,12,7.312924034645395
1830,24,9.201403515029572
1830,25,8.757575844632102
1830,29,10.838385306351164
1830,31,10.639275158921023
1831,2,0.9829832631312024
1831,5,4.2063535270100605
1831,6,-0.31665093436427005
1831,12,3.6812888967233057
1831,20,10.316297384459924
1831,24,9.412236218746424
1831,25,6.705017390605429
1831,29,9.410994220158607
1831,31,8.449152281395758
1832,2,1.323336338898566
1832,5,3.0732588826475578
1832,6,0.711119562355914
1832,12,3.420156888685012
1832,20,8.608266022987468
1832,24,8.774854812780024
1832,25,7.62950861229778
1832,29,10.737187440438165
1832,31,10.88515269400132
1833,2,1.2608512526952869
1833,5,1.4509588424719606
1833,6,-0.14949230950137737
1833,12,2.1242643533342047
1833,20,5.228017781749869
1833,25,6.465252153366207
1833,29,9.385080425829337
1833,31,11.024231680937582
1834,2,3.1406555814562838
1834,5,2.195140630455391
1834,6,2.655337652588305
1834,12,4.380217764947469
1834,19,1.1872101622475788
1834,20,7.455730115582203
1834,25,8.03213456894498
1834,29,11.303132479239355
1834,31,12.191413152420065
1835,2,16.841124632616918
1835,5,19.892942669092175
1835,6,13.7737923808235
1835,12,19.70371445315238
1835,19,12.944817354206995
1835,25,17.173340728499596
1835,29,15.006399619148866
1835,31,14.618328209496728
1836,2,30.49202959222344
1836,5,34.172333187547196
1836,6,27.16628867421727
1836,12,33.57292495141268
1836,25,31.281298003179927
1836,29,28.871894329442696
1836,31,28.119191985875915
1837,2,13.48388864058338
1837,5,10.151988500558883
1837,6,10.766247429501401
1837,12,14.195661414674568
1837,20,11.177236958283316
1837,25,16.184904052686452
1837,29,15.71035221699265
1837,31,16.4928005019521
1838,2,4.5359194945194
1838,5,-2.791526390374285
1838,6,3.516816409036909
1838,12,2.9461888865800385
1838,25,10.453441600654129
1838,29,13.142697089980711
1838,31,15.670142121653146
1839,2,11.048230597260158
1839,5,5.958703091035861
1839,6,8.293830007308268
1839,12,9.668216875049362
1839,25,12.777525655322728
1839,29,15.88921513924013
1839,31,16.74335342264913
1840,2,54.355825418668914
1840,6,53.06675498528581
1840,12,54.49642760306251
1840,25,56.01355392018688
1840,29,52.82122794565382
1840,31,52.37440704734533
1841,2,84.31252219536835
1841,5,86.14471377032253
1841,6,82.10531500640106
1841,12,85.42660805759458
1841,25,87.0551620789139
1841,29,82.0804071689307
1841,31,82.68442495088496
1842,2,69.80962619647998
1842,6,68.53461532464844
1842,12,70.47124200651109
1842,25,74.15799245336291
1842,29,69.24102151350498
1842,31,69.53887255170426
1843,2,24.61627843295095
1843,6,20.314508374019272
1843,12,23.639095344113734
1843,25,21.6997689920432
1843,29,17.72940533065501
1843,31,17.60211967611858
1844,2,15.358303199103787
1844,5,6.944528489546333
1844,6,13.10347599675771
1844,12,13.560251828634264
1844,25,13.755438125321731
1844,29,12.592177132204958
1844,31,16.515062846463486
1845,2,50.053398140258615
1845,6,46.52730244507419
1845,12,51.217543285579545
1845,25,49.44981786651733
1845,29,46.78675030459887
1845,31,45.22351219912279
1846,2,6.390338151065164
1846,12,7.586461595073175
1846,19,12.85548797033624
1846,25,-1.3529273195147562
1846,29,-7.751726405261745
1846,31,-5.336125784576254
1847,2,17.939595568045238
1847,5,18.396566226941328
1847,6,15.819338842303658
1847,12,19.143698145653726
1847,25,16.89559701480788
1847,29,12.710262991224944
1847,31,13.751860082267102
1848,2,14.899721350452543
1848,5,18.17900267101148
1848,6,12.049004784479123
1848,12,14.80741944511422
1848,25,14.031325064854492
1848,29,8.12424256145384
1848,31,11.774123563095191
1849,2,15.489810488423792
1849,5,16.698627202833457
1849,6,12.967147359537076
1849,12,16.222390970789824
1849,25,14.364275224337316
1849,29,10.330725644713436
1849,31,9.92595026004243
1850,2,45.570540284564856
1850,5,47.971786039120715
1850,6,41.70249116856827
1850,12,45.65077177944825
1850,25,44.66106944901178
1850,29,41.60401410279966
1850,31,40.83555576268421
1851,2,28.22715142533403
1851,6,22.658905057905848
1851,12,31.448730775868476
1851,19,22.480172618308
1851,25,30.63212064758637
1851,29,27.74547238566787
1851,31,23.380945885058644
1852,2,83.93496277948901
1852,5,87.66442739231744
1852,6,80.60577955852509
1852,12,85.6941482067984
1852,25,85.43770637920188
1852,29,83.32006408765905
1852,31,81.25212724163318
1853,2,34.99054666309464
1853,5,38.454105244214595
1853,6,30.392340089253473
1853,12,36.755140827615854
1853,25,35.998213933244394
1853,29,33.11552030997865
1853,31,30.999952860504592
1854,2,17.60543248187197
1854,5,22.02026059147763
1854,6,13.44755646657024
1854,12,21.149221194651282
1854,25,18.85489316643362
1854,29,16.23597396637402
1854,31,15.382409844408922
1855,2,38.48935362844423
1855,5,43.85798092802523
1855,6,34.02443243315213
1855,12,41.534773995357234
1855,25,39.81916959460071
1855,29,38.307003359756955
1855,31,33.684030213623345
1856,2,29.97820572750905
1856,5,35.23346632391273
1856,6,24.219946483403604
1856,12,32.08588207010308
1856,25,29.705857086161853
1856,29,27.914975861620373
1856,31,25.51577226629486
1857,2,64.37755548080668
1857,5,71.38509703542236
1857,6,59.73924199774012
1857,12,67.77705851585661
1857,25,66.10224167434845
1857,29,65.22418894764293
1857,31,60.156210643806205
1858,2,25.873913243836117
1858,5,29.191480839986163
1858,6,19.04200263911023
1858,12,27.402275296233167
1858,25,26.299839148272973
1858,29,24.563374244170042
1858,31,21.60784796972026
1859,2,64.82751666152426
1859,5,68.8609535003883
1859,6,60.026154361334214
1859,12,67.05381909213278
1859,25,67.36367859701143
1859,29,65.56189611999882
1859,31,62.25244228221001
1860,2,32.17073319800357
1860,5,39.25825061315064
1860,12,36.78718550658158
1860,25,35.35407987957274
1860,29,35.02400559507826
1860,31,29.78630018613012
1861,2,17.58687683220803
1861,5,22.979510160174662
1861,6,12.665916570257675
1861,12,22.298932712770196
1861,20,22.58976414812305
1861,25,21.306788862372734
1861,29,19.745321424133856
1861,31,17.216627297693172
1862,2,50.06555666733833
1862,5,56.37032676789769
1862,6,44.181394447732615
1862,12,53.27103967650264
1862,25,53.80960814209981
1862,29,53.67355065559657
1862,31,48.818645145692884
1863,2,39.81768097801147
1863,5,47.20835497616292
1863,6,34.01267405786432
1863,12,43.401894539206616
1863,25,43.4097154568401
1863,29,43.126297221267514
1863,31,36.71935606899223
1864,2,46.52456874919117
1864,5,55.16583684057497
1864,6,40.80659917514322
1864,12,50.274401716551786
1864,20,55.39815516225476
1864,25,49.751379932305746
1864,29,50.02519686090838
1864,31,44.76025473069352
1865,2,34.18198258845454
1865,5,43.54155528370033
1865,6,28.096889360412327
1865,12,39.26873936347314
1865,25,38.03655399957056
1865,29,37.6929738867679
1865,31,30.7879601593756
1866,2,13.90991993516901
1866,5,20.356360629563454
1866,6,6.786674023823304
1866,12,19.156277797009068
1866,25,17.222906676274672
1866,29,19.633642538470102
1866,31,14.303728727518722
1867,2,55.37498396893419
1867,5,65.28945189926586
1867,6,50.13396963149071
1867,12,59.320884137729465
1867,25,58.140355444172606
1867,29,58.22868746821485
1867,31,52.79526034378249
1868,2,59.71295784652224
1868,5,70.48577980958606
1868,6,54.62691628756858
1868,12,64.41742348454704
1868,19,56.63171241830273
1868,20,71.25848855558554
1868,25,62.98017554928249
1868,29,63.18979777462262
1868,31,57.51826339715559
1869,2,65.02714493018684
1869,5,76.59944666893236
1869,6,60.554423893580974
1869,12,70.49737563087534
1869,19,62.727766881600765
1869,25,69.01650927214759
1869,29,69.13338175916948
1869,31,62.76852574866519
1870,2,32.062911375854405
1870,5,43.076210991659245
1870,6,26.440071722341752
1870,12,37.37125543316549
1870,19,28.44574604108278
1870,25,34.879932762062964
1870,29,36.2056019400853
1870,31,29.956260254772406
1871,2,8.48684969821072
1871,6,4.443078421697449
1871,12,14.988110360233506
1871,25,12.170225590463353
1871,29,13.932407033719814
1871,31,6.264658538078802
1872,2,15.03657380556777
1872,6,9.494868265920775
1872,12,21.709167612672534
1872,25,18.796237188745884
1872,29,18.79688457290917
1872,31,12.044616818463165
1873,2,14.50319571376697
1873,12,19.466525035851994
1873,25,16.345950026963042
1873,29,15.537606244877985
1873,31,13.357779849940526
1874,2,51.3365873545636
1874,5,61.866052279604084
1874,12,55.76575442801835
1874,25,53.27645514518336
1874,29,53.17973798795312
1874,31,48.72812483239808
1875,2,49.294180349973246
1875,5,60.63763683324339
1875,12,53.78156108062014
1875,20,61.65163314268794
1875,25,51.17877964245235
1875,29,51.53087756188867
1875,31,46.765054886992665
1876,2,57.58667474564149
1876,5,69.5884188138282
1876,12,62.40817982642671
1876,25,59.578698043297145
1876,29,59.748736708053954
1876,31,54.972400252081044
1877,2,62.33696881471929
1877,5,75.38281506406823
1877,12,67.32624067015023
1877,25,64.85346821564629
1877,29,65.50297260166323
1877,31,60.30953223166087
1878,2,45.01829640042762
1878,5,58.0118956110487
1878,12,49.63791010038036
1878,25,46.9424531589355
1878,29,47.8655048638678
1878,31,43.13544828753641
1879,2,48.1973293155399
1879,5,62.116695854541135
1879,12,54.883464041729006
1879,25,51.20454255562678
1879,29,50.41039050729993
1879,31,46.09193870653715
1880,2,30.150451716508584
1880,5,45.7032488701487
1880,12,37.78848078744415
1880,25,35.380596147203896
1880,29,36.84058613885995
1880,31,29.74238049210772
1881,2,47.42855957502264
1881,5,60.4977298995688
1881,12,53.3699708561696
1881,25,50.074771518619336
1881,29,51.73995295111728
1881,31,45.328123495228525
1882,2,29.169261518020093
1882,5,43.83642451274775
1882,12,36.40771113304486
1882,25,33.414226745805315
1882,29,35.55832771936254
1882,31,29.321733445516536
1883,2,-5.974440477729088
1883,12,4.968877763186928
1883,25,1.9252485855631756
1883,29,6.060961349712393
1883,31,-2.93371009784007
1884,2,12.698479253146163
1884,5,28.62479186783075
1884,12,21.238185989599884
1884,25,17.542286890655433
1884,29,19.29629740809967
1884,31,10.962896018192563
1885,2,28.866958999976745
1885,5,43.447488215808264
1885,12,34.55019257937008
1885,25,31.264316024961644
1885,29,33.16621725978558
1885,31,26.285699276267625
1886,2,34.66273508814473
1886,5,47.89140792852333
1886,12,39.26348563809605
1886,25,36.87172962359617
1886,29,37.583109099419715
1886,31,31.89030996474917
1887,2,7.498856824230986
1887,5,23.31025216547994
1887,12,15.283931750146492
1887,25,10.282087348795844
1887,29,13.646300377626387
1887,31,5.3401950391339525
1888,2,-3.178338258933607
1888,5,12.487931280599012
1888,6,-5.761598674133534
1888,12,5.3825212067679296
1888,25,4.2410467084935615
1888,29,8.532407471823468
1888,31,0.18885571760201714
1889,2,44.79671523396614
1889,5,58.12979131146194
1889,6,40.8462396167109
1889,12,50.08916646096348
1889,25,46.43538441035355
1889,29,47.80642867292616
1889,31,43.023981059164576
1890,2,50.16175002548176
1890,5,64.75438524658911
1890,12,56.19541105260953
1890,25,50.88041495654142
1890,29,50.96934675189927
1890,31,45.63952944959577
1891,2,56.58848551986896
1891,5,69.64723485353909
1891,6,53.18396956780305
1891,12,62.258480414492425
1891,25,59.022345866270754
1891,29,59.59005849060843
1891,31,54.17919964429993
1892,2,32.776706690364506
1892,5,45.40503773692483
1892,6,29.048425665078234
1892,12,37.44861147554754
1892,25,34.4522879398573
1892,29,34.67107214636928
1892,31,29.228696788315727
1893,2,23.381775400717167
1893,5,38.272211784413756
1893,6,18.919522033512408
1893,12,29.161960743632104
1893,25,24.629310014346423
1893,29,26.57022842769885
1893,31,19.976410021626037
1894,2,56.56767396664634
1894,5,69.71370049784892
1894,6,53.49738109624128
1894,12,61.616847913906874
1894,25,58.0111423301154
1894,29,58.45722431078527
1894,31,54.18848099936122
1895,2,58.455816271602494
1895,5,71.71462030969178
1895,6,55.55672564726035
1895,12,63.27387411525874
1895,25,59.69422801474512
1895,29,60.06286836215484
1895,31,55.90628626055656
1896,2,40.58695808961717
1896,5,54.58329544514666
1896,6,37.80404086233942
1896,12,45.536430362357876
1896,25,40.83105386557416
1896,29,41.17085748056937
1896,31,37.32720962248547
1897,2,74.99674491531836
1897,5,89.76600749184284
1897,12,80.94998174148891
1897,25,75.97726923012888
1897,29,76.23191401611751
1897,31,70.45524881241829
1898,2,56.97882214346565
1898,5,70.40532574215672
1898,12,61.732896216425985
1898,25,58.25253697787924
1898,29,58.56030666423197
1898,31,54.5194684808458
1899,2,57.23463655410507
1899,5,70.38486899460375
1899,6,54.34355567078712
1899,12,61.201739070367786
1899,25,57.949074562504066
1899,29,57.9850715190054
1899,31,54.336554142951755
1900,2,44.20399680326826
1900,5,57.08128216531657
1900,6,41.24703972196444
1900,12,48.045340796922744
1900,25,44.4528684920554
1900,29,44.38997909294879
1900,31,41.01959934114576
1901,2,14.005305604122594
1901,5,27.754549688110636
1901,6,9.876553622552091
1901,12,19.571340811119384
1901,25,14.064152309075556
1901,29,13.106120741775541
1901,31,9.862850901414646
1902,2,20.529542435321655
1902,5,36.06892601413801
1902,12,26.480387165482618
1902,25,21.477388224086816
1902,29,21.40665286067526
1902,31,15.775477447546134
1903,2,10.035370593183487
1903,5,20.619134930522407
1903,12,13.839517999197186
1903,25,9.51014870233285
1903,29,9.314768278218466
1903,31,8.74160523913027
1904,2,41.082406114593915
1904,5,55.60052455167123
1904,12,46.616436092340386
1904,25,42.380273404571284
1904,29,43.56778037119687
1904,31,39.017192538547995
1905,2,45.80629023804349
1905,5,59.99078522316259
1905,12,50.20381841810283
1905,25,46.19218195731552
1905,29,46.25161878368899
1905,31,42.50824749013425
1906,2,52.148502441038545
1906,5,67.61025499487972
1906,12,56.88611802853506
1906,20,69.56220131905364
1906,25,52.921201647056975
1906,29,53.68851128643779
1906,31,49.38531516790526
1907,2,36.05857624034345
1907,5,53.61136428858206
1907,6,31.606482421250185
1907,12,42.71303835651323
1907,20,58.541944731115414
1907,25,37.42389888126017
1907,29,36.050374601029816
1907,31,32.58632043287063
1908,2,14.723636602310492
1908,5,28.62314828678177
1908,12,20.37934648234834
1908,20,32.12711057396997
1908,25,15.629632073622608
1908,29,15.968393145407674
1908,31,11.161755716194683
1909,2,56.35658575680902
1909,5,72.32671910130476
1909,12,61.0562471271272
1909,25,57.053591042773895
1909,29,57.72625901201541
1909,31,53.31125080340844
1910,2,8.065129007299676
1910,5,17.963040684645733
1910,6,4.295372292538923
1910,12,13.711865859669338
1910,19,10.381995608589333
1910,20,23.585832226747662
1910,25,8.45677612846425
1910,29,9.778174388623997
1910,31,6.5259450292178744
1911,2,11.336458792070076
1911,5,22.429789866252413
1911,12,14.49006592157323
1911,25,8.074681628106545
1911,29,8.582474337829588
1911,31,5.197031652509734
1912,2,83.8886399962866
1912,12,90.26988161306001
1912,20,104.6842321255049
1912,25,84.29753173384819
1912,29,84.8739454265711
1912,31,79.21349710514133
1913,2,69.49530268302047
1913,5,84.93648468364533
1913,12,75.1372255959033
1913,25,70.60769905995215
1913,29,70.39595646881612
1913,31,66.56763898938843
1914,2,95.55288089175279
1914,12,100.84179811489813
1914,20,116.04057319038336
1914,25,95.29990281669345
1914,29,95.85861868515079
1914,31,90.46066547077729
1915,2,49.35911021367742
1915,12,54.046913618732596
1915,25,49.60147135833736
1915,29,50.18159917286043
1915,31,45.64572130263234
1916,2,43.1576497630249
1916,12,50.48256847918039
1916,20,64.28910253368699
1916,25,45.510826243537444
1916,29,45.86878933694347
1916,31,40.669832042903614
1917,2,27.42223882372127
1917,12,35.67914042533206
1917,25,28.1593098327213
1917,29,27.370992876224694
1917,31,22.695194153232205
1918,2,30.767574820287486
1918,12,36.56048736532419
1918,25,30.62657143438956
1918,29,29.149274132535712
1918,31,24.585720271742343
1919,2,54.091635908250545
1919,12,59.45618261962794
1919,20,72.14637283475815
1919,25,54.87514508204657
1919,29,55.505393252333846
1919,31,50.84185525911935
1920,2,-6.929742192717378
1920,12,3.6926227751759475
1920,25,-3.2648051978321
1920,29,-1.7163725665209721
1920,31,-8.977386922840063
1921,2,60.634313559153284
1921,12,65.49062134779099
1921,20,78.1720378928707
1921,25,60.888445723628266
1921,29,61.08658897335705
1921,31,56.628483868748205
1922,2,59.42575098945811
1922,12,65.2391964843188
1922,20,78.75143216614806
1922,25,60.39266391809652
1922,29,61.0234026179454
1922,31,55.560059126964305
1923,2,57.10918868565033
1923,12,62.274908384643034
1923,20,75.57297936710673
1923,25,57.721021025464836
1923,29,58.080015954312984
1923,31,53.76033100628075
1924,2,44.557917014607774
1924,12,50.539472242478645
1924,20,64.38479603771152
1924,25,45.48356671999924
1924,29,46.33208511651843
1924,31,40.65917002206406
1925,2,40.0906769833157
1925,12,46.51688257836746
1925,20,60.57015093146401
1925,25,43.49465813768616
1925,29,43.92910885992366
1925,31,38.08784320292294
1926,2,64.57396031759183
1926,12,69.826456780006
1926,20,84.02157636389146
1926,25,65.32915818097558
1926,29,65.26826889807664
1926,31,60.89983486296262
1927,2,31.0199704427229
1927,12,36.2144314926368
1927,20,52.91628630026419
1927,25,31.12424793800819
1927,29,32.12360706129308
1927,31,26.76055199351258
1928,2,63.80714485988726
1928,5,80.10749839053801
1928,12,68.78575028018916
1928,25,64.15511461321915
1928,29,64.24164232625918
1928,31,60.1714610862693
1929,2,56.825334132529115
1929,12,60.95582295455124
1929,20,74.53506390813358
1929,24,72.48705611643612
1929,25,56.08224379903516
1929,29,56.16202205525314
1929,31,52.884704966793805
1930,2,60.61991646096696
1930,5,77.19363871719307
1930,12,65.11166972445518
1930,20,79.36531863057192
1930,25,60.04984930507022
1930,29,60.177963545958065
1930,31,56.73378328334771
1931,2,53.60785342177107
1931,5,70.4120065312119
1931,12,57.841547691833625
1931,24,69.9192015815422
1931,25,52.70547010021444
1931,29,52.87057684537848
1931,31,49.88093096868381
1932,2,36.16193620575142
1932,5,54.25643352882639
1932,12,42.96269663222818
1932,20,58.78603107094466
1932,25,40.147628313118965
1932,29,39.99509256213047
1932,31,35.45845792770872
1933,2,56.87452076629136
1933,5,73.8705088596747
1933,12,63.330521660738945
1933,25,60.742442337807965
1933,29,59.99110669795239
1933,31,56.750039718549914
1934,2,26.17399851212471
1934,5,44.35426483449329
1934,12,31.92398698223633
1934,24,42.20835544660726
1934,25,24.4054962380403
1934,29,24.201718637704552
1934,31,19.260746946503808
1935,2,43.89704108870964
1935,5,61.78443677236968
1935,12,49.962286545219776
1935,25,47.537525067304884
1935,29,46.72925092677189
1935,31,43.71582555629211
1936,2,27.08947291193047
1936,5,43.86686636736354
1936,12,31.290762333635982
1936,25,24.84659610614345
1936,29,25.10065543493615
1936,31,21.066971845762104
1937,2,51.60021136649735
1937,5,69.69888462641356
1937,12,56.30507254289899
1937,20,71.47535321347632
1937,25,50.50235145820537
1937,29,50.74763090883244
1937,31,48.0332393886775
1938,2,33.979779805578445
1938,5,51.41188594816329
1938,12,39.0563838657379
1938,19,43.296412271776
1938,25,33.832875598157685
1938,29,33.93192784718072
1938,31,30.504238425269406
1939,2,49.1446664541942
1939,5,67.24206886796617
1939,12,55.26048883161494
1939,20,71.34673572747991
1939,25,53.64638409202619
1939,29,53.474549038160085
1939,31,49.608413140650796
1940,2,40.87023768912521
1940,5,58.65447041120423
1940,12,44.993185572604744
1940,25,40.27111235936731
1940,29,41.80409212214546
1940,31,38.64484343938848
1941,2,41.81414234755452
1941,5,59.82108394168063
1941,12,45.78024702540013
1941,25,40.71622617044659
1941,29,41.77887496573437
1941,31,39.04782961735441
1942,2,55.55220842009351
1942,5,75.71122554235251
1942,12,61.77222323820618
1942,25,54.514047570323385
1942,29,54.965180241378874
1942,31,50.82006671441123
1943,2,50.3082377967973
1943,5,68.54285843267199
1943,12,54.50466692600226
1943,25,49.33615145167688
1943,29,50.254773856951005
1943,31,47.31083891893521
1944,2,33.55220874334362
1944,5,52.218153719097465
1944,12,37.966852988493365
1944,25,32.8202840533893
1944,29,34.54703467520167
1944,31,30.99968505696029
1945,2,9.231287034106355
1945,5,28.517794766415893
1945,12,14.72616416615158
1945,19,16.68923458579851
1945,25,8.215062567296403
1945,29,7.834559517778491
1945,31,5.134239784704224
1946,2,65.43107488549299
1946,5,84.55731281488276
1946,12,70.59213501274206
1946,24,84.33822899584715
1946,25,65.40809371829569
1946,29,65.87175745698734
1946,31,62.420575651760075
1947,2,53.78726494246982
1947,5,73.73585258974755
1947,12,60.28756120163026
1947,19,64.90204675052891
1947,25,57.920272583047954
1947,29,57.64042795574681
1947,31,53.97649167367695
1948,2,53.817489867524074
1948,5,72.63261355156754
1948,12,58.20246869159714
1948,24,72.36879435846164
1948,25,52.738830666110395
1948,29,53.22636812870091
1948,31,50.63172282537717
1949,2,50.626107505078686
1949,5,71.32860781485762
1949,12,56.612795205898735
1949,19,62.9063502180944
1949,24,71.08876312530171
1949,25,49.39874206143651
1949,29,50.06544023153975
1949,31,46.054986536445575
1950,2,45.870205161137434
1950,5,64.99908451811586
1950,12,51.80455126427477
1950,24,67.36876124296877
1950,25,49.73808747996253
1950,29,49.52524149471073
1950,31,46.2262576127996
1951,2,51.687932308872576
1951,5,70.32061641483857
1951,12,55.78431096412073
1951,19,59.902545189274115
1951,20,72.2965455881018
1951,24,70.28146728085147
1951,25,50.51413262409379
1951,29,51.08407340485513
1951,31,48.767393765406354
1952,2,7.895055143276297
1952,5,27.107122585078862
1952,12,13.538790480911064
1952,24,32.36534966987409
1952,25,7.416419213541831
1952,29,9.42797448427421
1952,31,4.109913354100925
1953,2,10.118641783813274
1953,5,33.064222977180854
1953,12,18.07165738172541
1953,25,10.392287871129628
1953,29,13.301253643552526
1953,31,7.434521820195446
1954,2,4.436062320928256
1954,5,27.45762115797691
1954,6,3.398423346338241
1954,12,12.477129609827724
1954,24,30.976332649934257
1954,25,5.131975143971383
1954,29,7.6061261793707775
1954,31,1.9660577563677055
1955,2,11.209230341125792
1955,5,35.60134978842274
1955,6,10.615507720449795
1955,12,20.601272747384037
1955,19,24.679873848538726
1955,25,13.336160922053251
1955,29,13.279865345661296
1955,31,8.20856259671765
1956,2,5.91026325061735
1956,5,31.341386658307925
1956,6,4.966464541505749
1956,12,13.65672751243114
1956,25,3.9759810123051977
1956,29,5.854402973114949
1956,31,-0.7627872724084241
1957,2,-10.883983912008869
1957,5,19.74186749373234
1957,6,-12.918850758669468
1957,12,-0.630833915997635
1957,19,4.169523267014597
1957,20,21.48195316497137
1957,25,-15.77388589997975
1957,29,-13.501247173172692
1957,31,-20.77701165783796
1958,2,4.962607959214822
1958,5,22.92715653014647
1958,6,5.118051093689699
1958,12,10.885519976633082
1958,19,16.268977993250495
1958,25,2.355206892978357
1958,29,4.219562050938612
1958,31,0.22458611322585575
1959,2,-4.056178131366925
1959,5,19.167904808062016
1959,6,-4.182307493432646
1959,12,3.075202981919606
1959,19,10.4147810621023
1959,24,16.7791335704725
1959,25,-9.095489362681937
1959,29,-6.711261939471798
1959,31,-12.224084154480263
1960,2,0.7069812652017013
1960,5,18.437436059594027
1960,6,0.20592332105261235
1960,12,5.788393923509975
1960,19,12.15074627390588
1960,25,-1.1770086639284152
1960,29,0.675053521508473
1960,31,-4.521102232785351
1961,2,-6.981054034350709
1961,5,16.897997156965907
1961,6,-5.8366743463563555
1961,12,-0.24839903962451793
1961,19,9.384759747606607
1961,25,-13.631623110385659
1961,29,-13.154627517141416
1961,31,-16.06134879003153
1962,2,7.221925034061123
1962,5,21.708995934760008
1962,6,5.7447926460204215
1962,12,10.673757511968088
1962,19,17.204134163888295
1962,20,22.912538283469864
1962,24,21.1028255328152
1962,25,5.671220442338209
1962,29,6.799833677169056
1962,31,2.9063077657786582
1963,2,13.837278075958551
1963,5,23.86519858845343
1963,6,12.714120342215907
1963,12,15.713274504270837
1963,19,21.922982317105518
1963,20,23.556717339028513
1963,24,22.2224026096994
1963,25,10.85178500561234
1963,29,10.557301283676935
1963,31,7.646774208609271
1964,2,3.005239260413124
1964,5,18.68105434579809
1964,6,2.6241194573579505
1964,12,8.076749166709384
1964,20,17.441586228375208
1964,24,15.5868536662468
1964,25,-1.3158182173964237
1964,29,-0.1733471847665662
1965,2,2.334453483056388
1965,5,18.264285975358405
1965,6,2.877086161520115
1965,12,7.796217363425716
1965,19,12.054970869978693
1965,20,16.66926427241059
1965,24,15.07870838199981
1965,25,-2.174002435856834
1965,29,-1.8180313557508025
1965,31,-5.560242811263039
1966,2,4.419448578589623
1966,5,20.15609006754752
1966,6,4.7804191988566735
1966,12,10.265132752943629
1966,19,13.585159073185197
1966,20,16.539361245220437
1966,24,15.6642105896086
1966,25,2.7934899038823167
1966,29,2.740391854694134
1966,31,-0.2935038944432753
1967,2,6.884251951159306
1967,5,18.13871738997117
1967,6,5.281428209610297
1967,12,10.985353889431853
1967,19,10.62970019979057
1967,20,17.827367163627137
1967,24,17.033543619511008
1967,25,8.92069680230984
1967,29,8.03786013279435
1967,31,6.005518501787158
1968,2,0.7504968366316283
1968,5,12.087162858879397
1968,6,-0.7040414416993053
1968,12,5.586200580242611
1968,20,13.481670734648407
1968,24,12.48885435235896
1968,25,4.5648329407729475
1968,29,4.715373266098992
1968,31,2.7166863824368086
1969,2,1.4404066711577532
1969,5,13.966797782351865
1969,6,-0.17966668447430073
1969,12,6.65306017384076
1969,19,5.207846692796867
1969,20,14.132095280182156
1969,24,13.168324695817281
1969,25,3.709362178313069
1969,29,3.2999599068595638
1969,31,1.1992770778487394
1970,2,-0.7819733059122412
1970,5,11.917387054796599
1970,6,-1.1706838191188857
1970,12,4.482696892285411
1970,19,2.554566331778205
1970,20,13.598867460167247
1970,24,12.052652777196501
1970,25,1.4164946442135542
1970,29,1.7862783634823778
1971,2,0.07256847068201211
1971,5,11.210759086757058
1971,6,0.6471207486176698
1971,12,4.59769156690451
1971,20,13.694395433914021
1971,24,13.53194994043465
1971,25,4.725835194612868
1971,29,6.48066531004978
1971,31,4.330537124826399
1972,2,15.254058268801678
1972,5,21.151785618542007
1972,6,12.518563500028945
1972,12,17.053802448166735
1972,19,14.953843114596298
1972,20,22.045290821695716
1972,24,21.963889534019508
1972,25,14.725417665426102
1972,29,15.466101485569492
1973,2,31.20898861260853
1973,5,35.19217500683064
1973,6,29.536270347748516
1973,12,31.2607716070335
1973,19,29.380541032074184
1973,20,33.55441757783628
1973,24,33.44664390833786
1973,25,30.975073754104912
1973,29,30.400001218798806
1974,2,32.36136470502836
1974,5,35.31805322743167
1974,6,31.044149473774286
1974,12,32.13159970069188
1974,19,30.68577459272147
1974,20,35.17170411753062
1974,24,35.21650831986102
1974,25,33.06927588649536
1974,29,31.479624337098073
1974,31,31.601459094176352
1975,2,18.918026936383477
1975,5,23.24562366326138
1975,6,16.659238939466125
1975,12,19.539344260316017
1975,19,16.70975750833322
1975,20,25.221188616547852
1975,24,25.152705045880108
1975,25,19.79561720363396
1975,29,21.45200755999857
1976,2,34.07296212083394
1976,5,39.318710429401385
1976,6,35.32141566017824
1976,12,34.32155152202217
1976,20,41.06165560866539
1976,24,40.532005018067665
1976,25,35.26958028423906
1976,29,35.43010877840773
1977,2,3.4321050040860612
1977,5,9.391738253249533
1977,6,4.288050023624441
1977,12,5.642055861800351
1977,20,14.09521017629256
1977,24,14.008243748320199
1977,25,7.13780185722357
1977,29,10.216970491469262
1978,2,94.59707634859552
1978,5,99.95675954485867
1978,6,97.32363807360555
1978,12,94.58117357053725
1978,20,99.40869228707989
1978,24,98.4140085789067
1978,25,95.9298465963131
1978,29,93.11319073305074
1979,2,41.987720754413495
1979,5,44.61771784441784
1979,6,45.31733690234971
1979,12,39.38152610764021
1979,20,42.735597127746615
1979,24,41.79761699853584
1979,25,38.62895035134989
1979,29,35.64193691794726
1980,2,65.24798057998693
1980,5,67.8291988426847
1980,6,68.47071474368246
1980,12,63.886336395909865
1980,20,65.49980798309649
1980,24,65.53151105620474
1980,25,64.44151941230629
1980,29,62.48906296098559
1981,2,7.6573413191433595
1981,5,10.28358763727801
1981,6,12.61369685102211
1981,12,6.414509535284271
1981,20,8.583415788462696
1981,24,8.433078040612529
1981,25,5.126906837589425
1981,29,1.0481675096349377
1982,2,13.233365476536626
1982,5,5.961061883055542
1982,6,11.985763092009293
1982,12,10.359575091668907
1982,20,6.462962630751566
1982,24,7.2548867893667985
1982,25,12.141694229428932
1982,29,11.854172553609997
1983,2,39.81217948891059
1983,5,41.89766082358761
1983,6,40.71454261723123
1983,12,37.48987342888934
1983,19,41.85979931284519
1983,20,41.274648737922305
1983,24,40.749680835018374
1983,25,37.28800968141281
1983,29,35.33421251088975
1984,2,53.03909865991743
1984,5,57.145017934885104
1984,6,53.962331992409844
1984,12,51.690422503190874
1984,20,54.76051706374669
1984,24,54.15202044747204
1984,25,50.836592445597354
1984,29,48.81586019861844
1984,31,49.03416044485227
1985,2,37.20088434576017
1985,5,43.640200111283406
1985,6,38.28990483239881
1985,12,39.957184215658906
1985,19,40.33490676404539
1985,20,40.493920689243964
1985,24,41.47786842811883
1985,25,43.67622521482065
1985,29,41.095804789016896
1986,2,104.40086651353317
1986,5,108.0003128381793
1986,6,105.31902651126796
1986,12,103.51486254198163
1986,20,108.79716881423748
1986,25,103.68407081316482
1986,29,102.63962229590982
1987,2,-2.772642276791715
1987,5,13.924830237147573
1987,6,-5.0310418423333845
1987,12,2.7031362141156983
1987,19,4.336411021068624
1987,20,12.856917863157008
1987,25,-7.284719703040881
1987,29,-7.920131475312477
1988,2,31.869448012076397
1988,5,38.00439279514211
1988,6,32.776624538488676
1988,12,34.382392628600904
1988,19,35.33240270348317
1988,20,34.58798868849804
1988,24,34.60743698551841
1988,25,37.30071249635194
1988,29,34.71613962138826
1989,2,74.24481828854226
1989,5,77.32766384591658
1989,6,76.16969527409987
1989,12,72.8398222784225
1989,20,75.62114650002106
1989,24,74.22780608513453
1989,25,73.45423816687652
1989,29,71.27687713555623
1990,2,53.19449516202376
1990,5,56.18750135585986
1990,6,53.13643813321488
1990,12,52.7519939024169
1990,20,54.11633625982247
1990,24,53.9841791126376
1990,25,53.1341666921329
1990,29,51.55241126189217
1991,2,21.712466071624984
1991,5,25.674354226198613
1991,6,24.41034824515489
1991,12,20.62607913271891
1991,24,24.550505586978034
1991,25,19.94085955853043
1991,29,17.27868658428142
1992,2,17.549400715568034
1992,5,18.888470947526443
1992,6,21.1005077971704
1992,12,15.727220459548185
1992,20,19.479093148420077
1992,24,19.62618534754878
1992,25,16.23967896126462
1992,29,13.579919775522857
1993,2,28.466335684269232
1993,5,30.854710987998114
1993,6,30.680874818299063
1993,12,27.13155348474994
1993,20,31.554193535542215
1993,24,31.27476273771351
1993,25,27.838574208057544
1993,29,25.945246606563753
1994,2,98.91300455969561
1994,5,103.95929815418198
1994,6,100.20632916460278
1994,12,99.5932081397748
1994,20,104.72884563079207
1994,24,104.07634923505778
1994,25,100.23718142432281
1994,29,100.11352566738107
1995,2,30.44469752931853
1995,5,33.93818878562668
1995,6,30.442059674019816
1995,12,30.414593027468655
1995,20,33.95719671788624
1995,24,33.53036098786113
1995,25,30.877159682602503
1995,29,29.312391980097203
1996,2,47.66197524498731
1996,5,52.2164119307591
1996,6,49.534787012063525
1996,12,48.31216420759983
1996,20,51.170438941416464
1996,24,51.73208105870039
1996,25,48.8555279312073
1996,29,48.458066253346324
1996,31,46.90909803905529
1997,2,16.823604058961852
1997,5,22.600315929384713
1997,6,19.601497432569325
1997,12,18.10389685200171
1997,20,19.11981638500196
1997,24,18.839109489472193
1997,25,19.461764004530234
1997,29,18.37491654896801
1998,2,55.79676024394301
1998,5,60.5079691447653
1998,6,58.38995298108028
1998,12,56.711777845511804
1998,20,60.067093141507264
1998,24,60.40608839706937
1998,25,59.092384455429546
1998,29,58.73894809846809
1999,2,55.46114164786684
1999,5,59.581406051292106
1999,6,57.97704633577685
1999,12,56.24061191886721
1999,20,59.70644675832251
1999,24,60.49809946756837
1999,25,58.826130680958556
1999,29,58.95850562905403
1999,31,57.982199085889114
