Epoch,Lat,Lon,Alt
121,37.394109524640044,-122.09861465668135,-11.507946766912937
122,37.39418530388383,-122.09862035450654,-15.130779400467873
123,37.39419197926859,-122.09860935153102,-6.954634678550065
124,37.39414444243538,-122.09861401372217,-5.32538671977818
125,37.394138841278924,-122.09863617302244,-0.19410294946283102
126,37.39415500799963,-122.09865810435092,-2.9427815079689026
127,37.39412465700041,-122.09865689910728,-4.168430591933429
128,37.39411488338102,-122.09865054645425,-3.343269015662372
129,37.39412717276244,-122.09860687376569,-3.577391078695655
130,37.39415479124559,-122.0985954892331,-7.234589888714254
131,37.394181859551956,-122.09860108963295,-13.082222404889762
132,37.39417243888368,-122.09860991976628,-17.329816888086498
133,37.394132964336734,-122.09865197714011,-12.262936635874212
134,37.39411548328472,-122.09861074631854,-8.669917173683643
135,37.39410012917177,-122.09853920692295,-3.061542870476842
136,37.39408562438062,-122.09846071675179,-8.184879641979933
137,37.39406429645907,-122.09836766841089,-10.507699308916926
138,37.394039406799834,-122.09825423970007,-11.562266884371638
139,37.39402377883692,-122.09817746401785,-11.435586223378778
140,37.39397628788484,-122.0981098985916,-11.170174825005233
141,37.39394329182801,-122.09800892097614,-17.003479081206024
142,37.39386980388325,-122.09785252835458,-12.91774201206863
143,37.393804335058924,-122.09771749551439,-13.109127740375698
144,37.39373077194362,-122.09758932785954,-18.264132464304566
145,37.39365620073965,-122.09744071501797,-13.259369225241244
146,37.39360062241403,-122.09731737766482,-12.593418734148145
147,37.393488620683264,-122.09716958877185,-5.749928382225335
148,37.393433229578996,-122.09703303383498,-7.642710328102112
149,37.393357520572856,-122.0968644605677,-7.048086785711348
150,37.39327051872001,-122.09675374409244,-5.9906631745398045
151,37.39319838812654,-122.09664843648952,-9.241201099939644
152,37.39309893166195,-122.09655834531517,-14.09817236289382
153,37.393022539220034,-122.09648437185115,-14.824336683377624
154,37.3929292620438,-122.09642283838102,-14.778261334635317
155,37.39286694262956,-122.0963854147697,-16.18447107076645
156,37.39278148198206,-122.09629529666415,-16.90687091369182
157,37.39272752427311,-122.09620514838771,-12.489114621654153
158,37.392645558259424,-122.0961202913657,-6.466429075226188
159,37.3925862928358,-122.09603091472306,-5.104743600822985
160,37.39251325087381,-122.09600513849969,-1.8188067767769098
161,37.39245694654039,-122.09595033830594,-2.5502509782090783
162,37.392414444196085,-122.09590283000294,-1.575822059996426
163,37.3923657397563,-122.0958829682002,-4.570837483741343
164,37.39233294138019,-122.09585339946797,-3.638045414350927
165,37.3923253402869,-122.09581701015225,-10.049000307917595
166,37.39227594915362,-122.09577984300091,-11.53486352134496
167,37.39225018109378,-122.09572737778764,-15.839703625068069
168,37.392203797925724,-122.09568177858606,-15.62660235259682
169,37.39214794624661,-122.09565355928065,-12.60571943409741
170,37.39208187733473,-122.09559900525096,-9.828977581113577
171,37.39200197185586,-122.09554641866367,-8.768574588932097
172,37.39193917992434,-122.09547659891287,-13.140836873091757
173,37.39185480171178,-122.09539805601271,-14.338383591733873
174,37.391757542881805,-122.09529353954937,-14.299403538927436
175,37.39167505694424,-122.09522744082487,-10.416723245754838
176,37.39158861870864,-122.0951897595303,-13.218240053392947
177,37.39150128358464,-122.0950952905406,-11.552333754487336
178,37.39140767340109,-122.09502669393056,-8.052449751645327
179,37.39132568248441,-122.09491227210248,-10.196299685165286
180,37.391269963714805,-122.0948095561664,-9.62940549198538
181,37.39119187867067,-122.09471795829373,-7.1461985083296895
182,37.39114412689943,-122.09466404832214,-3.9816235173493624
183,37.39108913315272,-122.09459408006047,-8.591028367169201
184,37.39105713405382,-122.09449124282312,-7.845651561394334
185,37.39104502881964,-122.09444528192873,-10.533843184821308
186,37.391042087884045,-122.09443181905627,-14.225114982575178
187,37.39102862560612,-122.094340944617,-7.529742970131338
188,37.39101085266277,-122.09431817838224,-11.32011627778411
189,37.39099629011287,-122.09429672067395,-9.80002043955028
190,37.39098049289599,-122.09428318105181,-8.498522424139082
191,37.39096915882031,-122.09428928584187,-8.891300144605339
192,37.390946004859785,-122.09429266825276,-8.732379487715662
193,37.39092895236512,-122.09424635253048,-0.5387528156861663
194,37.39090168774284,-122.09417178725735,1.7549224812537432
195,37.39076049167518,-122.09398699848529,3.498375540599227
196,37.39064059544086,-122.09382222331823,7.6723938547074795
197,37.39066333944516,-122.09378860436478,6.386669541709125
198,37.39056704308763,-122.0936944397042,3.687244461849332
199,37.39049477576787,-122.09358303868026,-7.291073163039982
200,37.39038583301278,-122.09340888220694,-3.6571870585903525
201,37.39029800161546,-122.09323340742496,-1.3349724961444736
202,37.39020370173873,-122.09308661710769,2.8531438959762454
203,37.390156784318556,-122.09296196772378,2.841190120205283
204,37.39008057576318,-122.09282230755952,-0.28517159819602966
205,37.3900440648451,-122.09274485896904,-5.926341751590371
206,37.3899872441502,-122.09261977641319,-6.567521724849939
207,37.38989224932102,-122.09250214842538,-4.18968724925071
208,37.38981311982602,-122.09237127745456,-4.570582448504865
209,37.389752628564466,-122.09224378972746,-6.217860996723175
210,37.3896717315661,-122.09211385575594,-7.7773714158684015
211,37.38960164577431,-122.0920071959639,-11.713924867101014
212,37.38952592680655,-122.09187574555965,-10.741909910924733
213,37.38945608636949,-122.09165783234829,-10.763628714717925
214,37.38937514672289,-122.09153061182789,-9.892783880233765
215,37.38928623541077,-122.0913703331044,-6.611621918156743
216,37.38921796013059,-122.09122236286333,-5.19171604886651
217,37.38915264275137,-122.0910856980139,-7.188264326192439
218,37.389102927604945,-122.09096076041627,-5.351816225796938
219,37.389032916360065,-122.09080862827282,-4.83266987092793
220,37.38896606068457,-122.09065093730615,1.0572944954037666
221,37.38890036544596,-122.09049164753797,0.1475060824304819
222,37.3888385371234,-122.09039085616823,-1.4408976007252932
223,37.38878137231828,-122.09028030915462,-5.2010783683508635
224,37.38872523965175,-122.09021731861543,-12.86401005089283
225,37.38863005200433,-122.0900195020052,-8.929030661471188
226,37.38857057515021,-122.08993113378705,-13.501110644079745
227,37.388548411406134,-122.08982401987501,-9.650285829789937
228,37.38849772162668,-122.0897412631535,-3.973733293823898
229,37.388481145011546,-122.08966776213374,-4.049879635684192
230,37.38845326522917,-122.08967235752034,-12.740972916595638
231,37.3883760025714,-122.08953404339063,-5.230082142166793
232,37.38834978130841,-122.08947575154484,-5.397329186089337
233,37.38832204530276,-122.08942488397525,-2.4038269435986876
234,37.38831244572606,-122.08936700955127,-4.633629610762
235,37.388309956023065,-122.08933324243691,-6.673235973343253
236,37.38831833000445,-122.08929182594665,-7.020074176602066
237,37.38838446041588,-122.08928293291332,-17.57269872818142
238,37.388449685857445,-122.08930107360867,-31.426500699482858
239,37.388485541662575,-122.08930878589501,-35.814454476349056
240,37.38852831933954,-122.08930122508563,-44.29584977310151
241,37.38849663503989,-122.08930898481225,-41.62999895680696
242,37.388491461240065,-122.08934486785817,-39.62853493541479
243,37.38846334200402,-122.08935083980724,-37.86553053278476
244,37.388394891140024,-122.08936493405994,-19.90165481623262
245,37.38835884805572,-122.08938422818655,-9.502573132514954
246,37.38833134549015,-122.08940402794295,-1.6896941000595689
247,37.388330125129826,-122.08944265298891,-3.8569955583661795
248,37.38826215187934,-122.08941308793372,6.263379487209022
249,37.38827835577592,-122.08938722701805,4.768431228585541
250,37.38830064346958,-122.08939773655338,-4.164558202959597
251,37.38830956011907,-122.08940433478719,-9.103355967439711
252,37.38833782232652,-122.08944670619623,-12.433843025006354
253,37.38834719167948,-122.08946203632466,-14.593209617771208
254,37.38835328533372,-122.08947399138242,-13.344802091829479
255,37.388381534450296,-122.08948036710702,-15.70035198610276
256,37.38837907525398,-122.08947339613157,-14.748891165480018
257,37.388363323860666,-122.08941824021096,-9.031653712503612
258,37.38836626743963,-122.08940077192,-8.249790634959936
259,37.38835866901584,-122.08938960381903,-6.142082594335079
260,37.38833332734183,-122.0893730763731,-5.682288873009384
261,37.388319889702956,-122.08936751096871,-7.348591956309974
262,37.38831034742983,-122.08936312484724,-1.1183463241904974
263,37.388320052576354,-122.08936164093292,5.132219415158033
264,37.3883328047786,-122.08935430938841,7.399174872785807
265,37.38834381649274,-122.08935782922708,0.5419254116714001
266,37.38835797965185,-122.0893944073298,-7.701603171415627
267,37.38833296704756,-122.08938073257309,-7.5133655443787575
268,37.388323950672785,-122.08937903514435,-8.472091696225107
269,37.388305084245125,-122.08937979160889,-12.708578710444272
270,37.388271742221285,-122.08934296219105,-9.988783102482557
271,37.3882440062651,-122.08929202155903,-4.414447878487408
272,37.38824201715047,-122.08924391973812,-4.695602660998702
273,37.388244685978535,-122.08919195888909,-6.877594152465463
274,37.388226232932844,-122.08915167395828,-8.96223250310868
275,37.38820601069256,-122.0891037886423,-4.870027153752744
276,37.38818387018158,-122.08903677319192,-4.913916131481528
277,37.388150688705245,-122.08899027881196,-11.239837356843054
278,37.388132719696834,-122.0889218404588,-9.098646660335362
279,37.38808602629601,-122.08886485472225,-8.03866287972778
280,37.388058662269934,-122.0887921112101,-11.397723022848368
281,37.38800998247857,-122.08867449205643,-8.074806788936257
282,37.38794804500049,-122.08858278162462,-8.103571080602705
283,37.38790413764973,-122.08850158363195,-8.414920900017023
284,37.38784903017118,-122.0884344375904,-6.998788004741073
285,37.38780379235782,-122.08830865238653,-9.203458995558321
286,37.3877483739527,-122.08819142790746,-11.830754946917295
287,37.38766869866881,-122.08807004084068,-7.123193506151438
288,37.38762883415219,-122.08794986551177,-4.951830902136862
289,37.38758140044685,-122.0878359595147,-6.609357653185725
290,37.387533155645706,-122.08771574764499,-3.166555737145245
291,37.3874509478757,-122.08760237417916,-0.4820185387507081
292,37.38736948919583,-122.08749868870751,-2.190049670636654
293,37.38736795973917,-122.08733685743229,1.852990372106433
294,37.3872870940553,-122.08720061508681,3.8080291571095586
295,37.38717060895225,-122.08701202779805,9.939871126785874
296,37.38711932156447,-122.08686639397463,8.639766152016819
297,37.38703631845948,-122.08673410323908,11.112040059641004
298,37.38698120600474,-122.08667055253355,7.970269989222288
299,37.38694182842248,-122.08655067767067,5.033265866339207
300,37.386881692644934,-122.08644778336252,2.7703686878085136
301,37.38683780550128,-122.08633369320268,-4.6731972405686975
302,37.38680228226513,-122.08625841884304,-10.720972754992545
303,37.38676806725045,-122.08620341629022,-13.781946695409715
304,37.38673789401117,-122.08615651971381,-12.072468681260943
305,37.38671947717102,-122.08607915027744,-19.545159861445427
306,37.38667460509402,-122.08596172191467,-17.418518378399312
307,37.38668654176615,-122.08593001564739,-16.06407274119556
308,37.386642048747134,-122.08583861622058,-14.97366143669933
309,37.38658723906685,-122.08576770708248,-14.536814144812524
310,37.38652224952384,-122.08567794922553,-6.265569107607007
311,37.38648323691089,-122.08560451893965,-7.656114106066525
312,37.38644107691512,-122.0855073845653,-8.27818401530385
313,37.386379830093475,-122.08543517383016,-2.166485014371574
314,37.386326887106925,-122.08537241296781,0.0285370834171772
315,37.38631753156621,-122.08527670071292,-6.694528969936073
316,37.38628411076337,-122.08522280902609,-8.482041372917593
317,37.38623977593102,-122.0851807586219,-4.010935480706394
318,37.38620012339981,-122.08510023888505,-6.576251780614257
319,37.38619136313365,-122.08500209123828,-14.097338635474443
320,37.386155175653755,-122.08492392992734,-13.026784751564264
321,37.38613984567606,-122.08486289367224,-9.056549180299044
322,37.38615500759722,-122.08480158989843,0.35807372257113457
323,37.386147193694065,-122.08471091278952,7.497380945831537
324,37.386263765758066,-122.08466838105592,6.621552739292383
325,37.38623141019732,-122.08454499902122,13.128814506344497
326,37.386249441693884,-122.08450232258596,14.144486406818032
327,37.386172988179695,-122.08442495795724,10.344105027616024
328,37.38599381992046,-122.08437059874421,3.772700723260641
329,37.38594564326556,-122.08425869404903,7.89506327547133
330,37.385908736607924,-122.08416747699503,13.074363659135997
331,37.38589266752876,-122.08410037304043,20.660733609460294
332,37.38589158536106,-122.08403114921363,26.53852923680097
333,37.38596687753395,-122.0839884204489,31.904310416430235
334,37.386018895255965,-122.08399213655973,34.58519827295095
335,37.38599695693409,-122.08392386636521,43.012508981861174
336,37.385913423010535,-122.08377249103016,64.48138133063912
337,37.38592921654943,-122.08384168560096,65.11088166385889
338,37.38594537483516,-122.08371789246655,69.84081980679184
339,37.38589511196746,-122.08367124977883,72.00569508597255
340,37.385884010130184,-122.08372141386664,62.069145852699876
341,37.38590797913906,-122.08370699426742,61.91225510742515
342,37.385954740970796,-122.08374865526207,63.44836185127497
343,37.38595020253203,-122.0838069754057,59.669532338157296
344,37.385995932736954,-122.08376154495393,66.3197614820674
345,37.38605939406837,-122.08373690506791,70.53767005354166
346,37.386111104163575,-122.08365823520319,75.66910601872951
347,37.38614810312728,-122.08363258248434,77.60479152947664
348,37.386089562477245,-122.0836427770087,64.88534085266292
349,37.386142483593254,-122.08361733047423,66.67130395304412
350,37.38611272973052,-122.08366466034008,55.37126216106117
351,37.38604117884057,-122.08365475975755,55.09258536528796
352,37.385986551138814,-122.08370199674827,57.675944364629686
353,37.38593883168661,-122.08374984887796,52.506977525539696
354,37.3859251507987,-122.08377328822863,51.07787236664444
355,37.38587276656355,-122.08388610649415,43.05882415827364
356,37.38585138152843,-122.08389710571731,44.32467081025243
357,37.38581018709,-122.08384897178333,50.57681527920067
358,37.38578187213606,-122.08387828887714,49.8361397292465
359,37.38575532753318,-122.08388685297709,48.91103713028133
360,37.385749555520164,-122.08391696523194,40.89270587731153
361,37.38573981284213,-122.08392661625643,40.730382652021945
362,37.38572304530082,-122.08395007557932,36.087567169219255
363,37.38572783653661,-122.08396252465029,27.592145240865648
364,37.385797009287295,-122.08422572844142,2.5931272646412253
365,37.38582181652803,-122.08425349869432,0.19685337413102388
366,37.3858228491094,-122.08422318478478,7.176839138381183
367,37.38585145581542,-122.08421962866335,6.93693049903959
368,37.38585168393132,-122.08429718940069,1.019824167713523
369,37.38581806758348,-122.08425386236004,1.9706970527768135
370,37.38578860372803,-122.0841399185089,7.8350124172866344
371,37.38573244105148,-122.08406982151465,13.723071933723986
372,37.3858796431937,-122.08483473547079,-43.08162655774504
373,37.38600463609606,-122.08526185146549,-73.82122194394469
374,37.38597136360001,-122.08500066130122,-56.95065898448229
375,37.38596608666234,-122.084899782677,-44.97863786295056
376,37.38593409807974,-122.08457056311462,-18.248167717829347
377,37.385920552541954,-122.08446327214023,-7.446285247802734
378,37.38584830503543,-122.08421812587,5.739149393513799
379,37.385809613143046,-122.08405441634162,11.92252458166331
380,37.38578416298659,-122.08392827057752,22.52998772636056
381,37.38573412602621,-122.08373976395222,32.88966381922364
382,37.38572532235878,-122.08360308772853,40.89937349408865
383,37.38574099571867,-122.08352608599358,38.37927068024874
384,37.38573114293818,-122.08345195008229,41.16530397441238
385,37.38573046929815,-122.08345272576243,41.789944771677256
386,37.38571128559119,-122.08347688016211,48.00828287564218
387,37.38571753222129,-122.08355886521096,51.214062843471766
388,37.385738348207695,-122.08366598799176,49.844371208921075
389,37.38574281617267,-122.08363688584924,54.4969787299633
390,37.38577470568791,-122.08370871922513,45.80268319696188
391,37.38579217680689,-122.08376641385762,38.68116810917854
392,37.38581464531942,-122.08386258946157,26.58691086154431
393,37.385838292932306,-122.08391553682841,21.180785252712667
394,37.385836267981595,-122.08408669000963,2.8913512052968144
395,37.38582715366723,-122.08417841643723,-6.23588125500828
396,37.38586198057157,-122.084297689777,-5.860894159413874
397,37.38589910958218,-122.08443314856802,-14.277989544905722
398,37.38593950070188,-122.08441625716448,-13.483262836001813
399,37.38594271501154,-122.08450054049702,-20.255875297822058
400,37.385957028226876,-122.08454492373643,-22.14582411572337
401,37.38597817903541,-122.08450422220962,-11.702369168400764
402,37.38598427562412,-122.08445714090955,0.965208675712347
403,37.38599896358154,-122.0844373983371,4.192738428711891
404,37.38603301899052,-122.08444950424834,4.6007570726796985
405,37.386067833576526,-122.08440834053854,6.223496365360916
406,37.386098682751275,-122.08442952106057,3.156075838021934
407,37.38614945491577,-122.08444404959027,-2.437288010492921
408,37.38610806976523,-122.08453435860702,-16.315167060121894
409,37.38612057672368,-122.08450264550254,-14.609159377403557
410,37.386129702702284,-122.08454927212931,-20.16939029097557
411,37.38615229823024,-122.08452437310875,-21.79523750860244
412,37.38622705996456,-122.08457602834123,-33.69146446045488
413,37.386209820298994,-122.08459156440571,-35.61868277192116
414,37.38619407964692,-122.08451805391681,-27.403554406948388
415,37.386152041807534,-122.08446879661808,-27.21938248537481
416,37.38610582803464,-122.0844137535733,-25.227628002874553
417,37.38602676550115,-122.08433016100959,-14.311174146831036
418,37.385858187634746,-122.08432025403299,-12.014622717164457
419,37.38578459807242,-122.08421119612237,-3.4714552983641624
420,37.38574678400123,-122.0841707152375,-0.5922331670299172
421,37.385699851004645,-122.08412030440375,-0.5407314402982593
422,37.38562994576008,-122.08407298462053,5.397887708619237
423,37.38558550966178,-122.08397641641645,6.619664263911545
424,37.38555184932782,-122.08388398089772,4.647791752591729
425,37.385539729701435,-122.08380110088552,-1.2035469925031066
426,37.385507629050295,-122.08371006374368,1.878784341737628
427,37.38547034456781,-122.0836236980001,1.1354264272376895
428,37.38542371349307,-122.08349275190389,-1.3772506061941385
429,37.38537353957728,-122.08338927026026,-1.0578441638499498
430,37.38530850939826,-122.08329026957571,-2.5014178194105625
431,37.385261309394515,-122.08319207864157,-1.862413678318262
432,37.38520710777445,-122.0830720756365,-4.513470682315528
433,37.385155509655625,-122.08295767542835,-4.110549008473754
434,37.38512449163016,-122.08286871562791,-6.527719430625439
435,37.385072459690775,-122.0827683792246,-5.468015741556883
436,37.38501857367575,-122.08266324603822,-5.196569318883121
437,37.38495659668962,-122.08256670365664,-3.0514233401045203
438,37.38490899608551,-122.08243543941987,-2.657218943350017
439,37.384869265297816,-122.08231924911392,-5.99346623942256
440,37.384772924234476,-122.08216214161433,2.0515596196055412
441,37.384715211107924,-122.08203497701268,0.9106305725872517
442,37.38464474624607,-122.08192640811335,2.855560996569693
443,37.384588982175416,-122.08182411867524,2.101034624502063
444,37.3845142444195,-122.08170540044397,0.19892171118408442
445,37.38445588169735,-122.08155603577359,0.8801725367084146
446,37.38437249743651,-122.08130143863406,8.306215484626591
447,37.38429792018032,-122.0811903184315,6.579019202850759
448,37.38426692273591,-122.08111165624523,4.557722446508706
449,37.38420113498956,-122.08104604884589,5.053897975943983
450,37.384176759348556,-122.08097012238447,5.819387734867632
451,37.384103779049326,-122.08085104823789,4.511618299409747
452,37.38402676095519,-122.08074648044453,-0.039254533126950264
453,37.3839551130168,-122.08061815585066,-1.1053932001814246
454,37.383904943489426,-122.08048858492008,-2.9008714873343706
455,37.383869768089106,-122.08036476997687,-4.377732521854341
456,37.38380986348597,-122.08025296723247,1.553386670537293
457,37.38378642075549,-122.08013553761946,-0.011603628285229206
458,37.38372181635229,-122.08006291775756,-0.9437974989414215
459,37.38365457362939,-122.07993774243873,0.1482648979872465
460,37.383613225001156,-122.07979722769304,-2.787801979109645
461,37.38355304077475,-122.07966545331438,-3.102324081584811
462,37.383503443384384,-122.0794846978618,0.1649960009381175
463,37.38341117565283,-122.07939424647826,2.0750150829553604
464,37.38333795467647,-122.07926009818473,5.900702282786369
465,37.38325488288586,-122.07914945222412,8.33709173835814
466,37.3832275457749,-122.07905583363647,3.924714582040906
467,37.38320360314891,-122.07899350951509,3.283620061352849
468,37.38318413276537,-122.07891803161488,-2.064693289808929
469,37.38314124069319,-122.07880420783624,-2.5143244583159685
470,37.38309029194832,-122.07866814800568,-1.4801410678774118
471,37.3830864475871,-122.07861473983554,3.0145266838371754
472,37.38302470335623,-122.07854733026493,3.3586550578475
473,37.38302232817773,-122.0784526243483,1.6123268036171794
474,37.382986348126614,-122.0783447293128,3.8981032324954867
475,37.382958454412886,-122.07825379197438,1.9489503875374794
476,37.38290457778018,-122.078173263685,-1.0171727500855923
477,37.3828795370222,-122.07809719484602,-1.8910556389018893
478,37.38284150173068,-122.07799052950534,0.12278304621577263
479,37.38280089906171,-122.07791215236615,-2.576608340255916
480,37.382798338309065,-122.07786091087651,-4.384981494396925
481,37.38275929933525,-122.07783985035078,-0.8425072804093361
482,37.382775779809194,-122.07779520115909,0.6129636662080884
483,37.38277989729493,-122.07774819926462,5.303453288041055
484,37.382770901926776,-122.07775220835171,14.384246245957911
485,37.38276574998582,-122.07775738668519,14.419540522620082
486,37.3827613497653,-122.07777037457647,11.88992638234049
487,37.38277518549436,-122.07778554833776,7.729583800770342
488,37.38276449910886,-122.07776180293968,9.58400104753673
489,37.38273375437737,-122.07776887459946,9.18019445054233
490,37.3827544110237,-122.07778098384746,2.764336115680635
491,37.38274019939579,-122.077787458067,6.0204223385080695
492,37.38274684749095,-122.0777981237276,6.852621884085238
493,37.382752081247816,-122.0778047477964,12.570754064247012
494,37.382747706618645,-122.07784387478344,15.277301293797791
495,37.38274470383822,-122.07784822030176,17.010050390847027
496,37.382744359827186,-122.07785347431839,17.7187386918813
497,37.38270616608994,-122.07781406977995,22.519412853755057
498,37.3826896476194,-122.07780927669121,24.262476538307965
499,37.38268628899636,-122.07780070291368,26.18821539916098
500,37.38268845119483,-122.07781730831918,23.227982982061803
501,37.38273645657597,-122.07786485970283,10.42196263000369
502,37.382771906086454,-122.07787764243237,8.745310617610812
503,37.38277525660686,-122.07789883518794,15.372993000783026
504,37.38279519115151,-122.07794586262284,13.621018655598164
505,37.38276815847287,-122.07797681649274,17.062510894611478
506,37.38279988776231,-122.07800286885876,11.66611726116389
507,37.38282922010214,-122.07803842350631,6.974361603148282
508,37.38286108185246,-122.07805269812916,1.9847945142537355
509,37.38286171520269,-122.07803477352752,0.013902648352086544
510,37.382873787056305,-122.07801177730852,-5.71420521941036
511,37.38286774651096,-122.07799694616614,-7.296110348775983
512,37.382910664490325,-122.07795867088961,-14.402066677808762
513,37.38290974503179,-122.0779394733338,-15.089070656336844
514,37.382903925919564,-122.07793475396396,-16.73744845483452
515,37.382882787489514,-122.07796298371309,-15.311125600710511
516,37.38289012605503,-122.07801431536507,-17.312459100037813
517,37.382889889066284,-122.077996386834,-19.115488082170486
518,37.38287008397595,-122.07803351336428,-14.964207587763667
519,37.382825265028536,-122.07807881858228,-11.548441861756146
520,37.38281586786505,-122.07805936628384,-9.004620323888958
521,37.382836965686,-122.07802074144253,-9.61890147253871
522,37.38284748647493,-122.07801532195606,-7.42210145201534
523,37.38284152016628,-122.07802871997275,-7.986827221699059
524,37.38289042020584,-122.07803615746084,-21.166995581239462
525,37.382909540168825,-122.07802878392584,-30.16478342935443
526,37.38294122579023,-122.07800724754529,-34.79660913627595
527,37.38294909448067,-122.07796823402057,-31.583361184224486
528,37.38294088894475,-122.07792977318904,-30.380838711746037
529,37.38290273251548,-122.07797722608338,-23.552201502025127
530,37.382899969436366,-122.07797568504685,-17.093293040059507
531,37.38291340505458,-122.07793116492418,-16.970568512566388
532,37.3828907062998,-122.07794112830231,-13.145278410986066
533,37.38287929282318,-122.07796540702323,-10.686021780595183
534,37.382861724501616,-122.07795471228806,-1.7412156648933887
535,37.38284356825337,-122.07793272348981,4.936431112699211
536,37.3828145766479,-122.07789869537507,8.25965632405132
537,37.382785391524976,-122.07786544773408,9.343510121107101
538,37.3827753319409,-122.07781762630162,10.060903233475983
539,37.382756550501234,-122.07777984125117,10.873452157713473
540,37.382756055291715,-122.07772068497538,11.81624279730022
541,37.38276166619669,-122.07767658336043,17.615901947021484
542,37.382759005836355,-122.07762935811438,20.81561081763357
543,37.3827645846126,-122.07760613439861,16.31561190355569
544,37.38278420413894,-122.0775963856748,7.323509685695171
545,37.38280839991681,-122.07757373358284,-3.7998059950768948
546,37.382807380676795,-122.07760409079776,-10.771911981515586
547,37.38277009730272,-122.0776538140641,-5.727433132939041
548,37.38276220897437,-122.07771165575737,-3.9198302952572703
549,37.38276515989477,-122.07777741787461,-6.259242677129805
550,37.382747160927615,-122.07778655426841,-4.431318814866245
551,37.38272187994886,-122.07780479672412,1.9986383076757193
552,37.38272795899102,-122.07783773718852,3.624536858871579
553,37.38270954054458,-122.07785506842266,2.2732553789392114
554,37.38272415532367,-122.07786156005602,-1.9434763081371784
555,37.3827236625533,-122.07779896918822,-2.654431873932481
556,37.38273378233962,-122.07773509537034,-4.052496382035315
557,37.38274862936425,-122.07765632078134,-4.1462301360443234
558,37.382777095472804,-122.07758952152385,-3.9879207322373986
559,37.38280375832654,-122.07753005826989,-0.8700488433241844
560,37.38287982957361,-122.07744722279105,0.37211428582668304
561,37.38297962473676,-122.07737972272557,-0.8722917409613729
562,37.383083021859086,-122.07727828588672,-8.03056164085865
563,37.38317822472002,-122.07717764661132,-12.513548652641475
564,37.383290687647666,-122.07713299967986,-9.129146191291511
565,37.38335954033632,-122.07709415026821,-4.512157200835645
566,37.38345283938363,-122.07702860548325,-2.1371862944215536
567,37.383578611159976,-122.07693836878488,-12.235925908200443
568,37.38360459004464,-122.07690541589452,-9.973770322278142
569,37.383674870448544,-122.07685423105045,-11.42749545443803
570,37.38377697115208,-122.07678392885752,-6.7219214560464025
571,37.383858490262355,-122.07674044582417,-9.738106966018677
572,37.38396678904347,-122.07665704064952,-9.148468610830605
573,37.38408250942427,-122.0765933263296,-0.05042474623769522
574,37.3841672613187,-122.0765310179145,1.4705802164971828
575,37.38423855478864,-122.07647365737289,7.520890164189041
576,37.38432621204293,-122.07639956110005,12.731328912079334
577,37.38441676846437,-122.07633565807127,10.883776569738984
578,37.38453426948365,-122.07626039886864,6.632365173660219
579,37.38458697023062,-122.076176471454,7.780213274993002
580,37.38467622144523,-122.07608204399274,8.121852028183639
581,37.384762631716995,-122.0760131547994,6.2804266875609756
582,37.384866649168494,-122.07593069267782,3.9049985390156507
583,37.38492724666893,-122.07588591010435,5.82219407800585
584,37.384991515488316,-122.07585692120142,1.0883744861930609
585,37.38503020392579,-122.07582784346161,0.8787727542221546
586,37.38504835757192,-122.07582196549066,-1.6080488534644246
587,37.38510790706464,-122.07580442705118,-1.2454036138951778
588,37.38514800030602,-122.07582816251319,-0.8659256855025887
589,37.3851903514266,-122.07587090795258,-2.2005547350272536
590,37.38522818266119,-122.075923028347,-1.7839634800329804
591,37.385285282635465,-122.07601210975373,3.357518032193184
592,37.38531862454696,-122.07607587603218,5.425791940651834
593,37.38536547667681,-122.07615807487205,0.8618304086849093
594,37.3854256659682,-122.07626686570275,0.9065778935328126
595,37.3854427908165,-122.07635875086083,-2.111027168110013
596,37.385470490209194,-122.07642888551923,-7.401968448422849
597,37.38548953659574,-122.0765300691489,-4.002171641215682
598,37.385528957897215,-122.07665471519722,-3.120061836205423
599,37.38554993413852,-122.07676718612207,2.166730579920113
600,37.38559580926228,-122.07684444303904,-2.183936827816069
601,37.38563634808291,-122.0769098934942,-0.6956947734579444
602,37.38570651472399,-122.07703991015808,9.73471315484494
603,37.38571505640907,-122.07710435812892,8.671184080652893
604,37.38573739520758,-122.07714975195428,5.282700893469155
605,37.38577925317117,-122.07720329999742,7.9726362358778715
606,37.38580494592885,-122.07722013907639,3.081620331853628
607,37.38580945497582,-122.0772449953729,-0.18074770458042622
608,37.38579705055392,-122.07727309759157,-2.1184215787798166
609,37.38580998024389,-122.0772680065348,-5.156493708491325
610,37.385812789496306,-122.07729332501819,-5.94976291898638
611,37.385819527131986,-122.07730267913817,-9.57570721115917
612,37.38581592567973,-122.07730063049472,-11.188708876259625
613,37.38578492068513,-122.07728737876488,-2.189631285145879
614,37.38575298015559,-122.07724743882596,-5.126928999088705
615,37.38577343832968,-122.07723906209742,-8.542019485495985
616,37.38578849672384,-122.07725481069023,-18.804076322354376
617,37.38580178739133,-122.07723816730905,-22.313212037086487
618,37.38580317453136,-122.07721321393257,-18.61113069485873
619,37.38583153718125,-122.07720530397468,-19.3194042397663
620,37.38580759000307,-122.0771765567639,-13.716604561544955
621,37.385750322743995,-122.07715346942553,-4.165943196043372
622,37.38571433971909,-122.0771221857452,-0.5735912341624498
623,37.38568571923135,-122.0770398206423,-0.3917079931125045
624,37.38565845510451,-122.07695946849822,0.6817924361675978
625,37.385630882844474,-122.07692042469361,-6.001955815590918
626,37.3855428992292,-122.07687736619182,-6.184924657456577
627,37.38549722209096,-122.07686633486321,-5.450639368034899
628,37.38542858241084,-122.07692008189177,-2.2121031461283565
629,37.38534975149039,-122.07695877655968,-1.226584398187697
630,37.385277691801534,-122.07701831565787,-4.597863056696951
631,37.38519179849905,-122.07711946336514,-4.322597170248628
632,37.385093649170784,-122.0772289287914,-3.5820717187598348
633,37.385007833200746,-122.07734099476116,-9.858349656686187
634,37.384927446920045,-122.07740084822005,-13.986360144801438
635,37.38480887815085,-122.07748682304658,-7.005900624208152
636,37.384698645852865,-122.07757594772781,-3.354787384159863
637,37.38458563852853,-122.07766117533289,1.2589799063280225
638,37.384446564355585,-122.0777636332962,4.060230003669858
639,37.38433848071283,-122.07783055384562,0.575048347003758
640,37.38424230609185,-122.07790968432849,0.08526359312236309
641,37.38412350454872,-122.07798643646436,3.6962250657379627
642,37.38399043678741,-122.07806786712264,4.080391477793455
643,37.3838847764827,-122.07812720220146,7.352299728430808
644,37.383782204790805,-122.07822277930636,7.483196925371885
645,37.38368552765344,-122.07827538910722,6.831783744506538
646,37.38363412397824,-122.07832053433918,-5.554894185625017
647,37.383539049532715,-122.07839772219246,-3.3998372983187437
648,37.38345355329821,-122.0784632799446,-4.635080446489155
649,37.38340611084036,-122.07849312650484,-8.240709926001728
650,37.38334031441357,-122.07853422365362,-6.205917122773826
651,37.383289635368676,-122.07857095779568,-3.7319893147796392
652,37.383245066327575,-122.07857699496786,-8.070311794988811
653,37.38323903079076,-122.07857882474637,0.011626255698502064
654,37.38323602136105,-122.07857930008052,0.9968875432386994
655,37.38324731905057,-122.07856694179381,-1.165079771541059
656,37.38326061839915,-122.07858857160876,-4.2349671591073275
657,37.38326179291951,-122.07860742243048,-5.6896860701963305
658,37.383274817884704,-122.07860703109064,-6.34658195450902
659,37.38328026305462,-122.07863563555857,-4.493152044713497
660,37.383270502323995,-122.07866024089567,-1.8750936090946198
661,37.38330203487208,-122.07872636022172,0.8545632231980562
662,37.38331620821948,-122.07878677960886,2.78723106905818
663,37.38335828756413,-122.07887463021005,0.9253469994291663
664,37.38341342638445,-122.07899374611668,3.7579432921484113
665,37.38350487804477,-122.0790849969927,-0.04527053236961365
666,37.383590804563276,-122.07924904572235,1.1792544443160295
667,37.38363982385666,-122.07939511384023,3.542522292584181
668,37.38370857434479,-122.07953119297076,1.9331049732863903
669,37.383761919526215,-122.07972665698779,12.473667215555906
670,37.38381779988349,-122.07989316179382,12.264503224752843
671,37.383863807821015,-122.08004895206548,13.99230248760432
672,37.38393555840983,-122.0801946828113,13.07572375703603
673,37.38404263749157,-122.08030717677626,3.4614492235705256
674,37.38412088482889,-122.0803965955265,-1.8810655400156975
675,37.38422208679984,-122.08047405672751,-8.142482007853687
676,37.38428182682446,-122.08064438647787,-4.588794543407857
677,37.38435282639756,-122.08077460875533,-4.194615620188415
678,37.3844336530513,-122.0809052262552,-5.827297533862293
679,37.38453848122574,-122.081011215809,-9.96790121588856
680,37.384595758725446,-122.08115859170053,-5.155145430006087
681,37.38467173682659,-122.0812897013549,-10.475752890110016
682,37.38471832668936,-122.0814579308034,-8.03228110074997
683,37.38477928456689,-122.0816360212844,-2.782138569280505
684,37.38485854276977,-122.0817817012216,-4.302671622484922
685,37.38492924347669,-122.08190479644163,-6.52247825358063
686,37.384992544961094,-122.0820327110718,-4.009041675366461
687,37.38506621355258,-122.08214098485183,-10.296608372591436
688,37.38511411857331,-122.0822727164556,-8.999619740061462
689,37.38515777522524,-122.08238512120407,-7.6358222821727395
690,37.385227771259984,-122.08252090538906,0.5915796989575028
691,37.385281790969174,-122.08260971717424,-4.461105617694557
692,37.38532423340831,-122.08268945645983,-8.624107443727553
693,37.38536383130734,-122.08278933732036,-9.951119084842503
694,37.38537752946658,-122.08283232868826,-8.486063842661679
695,37.385394262072055,-122.0829551910554,-1.9957195855677128
696,37.385424902899636,-122.08301916933505,-0.8651442853733897
697,37.385451430811564,-122.08306022247326,-5.276353606954217
698,37.38548699657153,-122.08317392677044,-4.659044614993036
699,37.38553219719873,-122.08327460132183,-3.213090419769287
700,37.38559124230041,-122.08334276778773,-2.743043235503137
701,37.385631640126086,-122.08343939195079,-2.1035152431577444
702,37.38566383251997,-122.08353706737685,1.3468189146369696
703,37.38571049272509,-122.08358828986405,-3.1617314014583826
704,37.385748896886255,-122.08365809537061,-7.536830226890743
705,37.38575766424374,-122.08378827285776,7.170077919960022
706,37.385770507012246,-122.08393257073818,23.32833663932979
707,37.385816517529605,-122.08406308292336,30.469953099265695
708,37.38587548768765,-122.08419220991391,30.201199738308787
709,37.385908287753296,-122.08430236074561,31.726045687682927
710,37.38597669547106,-122.08435251228204,19.642268885858357
711,37.38604412682094,-122.08448695604852,23.539800429716706
712,37.38610829924757,-122.08461394128437,25.83136062324047
713,37.38615606622247,-122.08473506863966,25.061143163591623
714,37.38628009183884,-122.08480010029105,4.684827966615558
715,37.386362877761805,-122.08492719674706,-5.242096719332039
716,37.386440495588296,-122.08506237545906,-7.307401935569942
717,37.386530752398464,-122.08518801578484,-8.023999506607652
718,37.386631073701956,-122.08530822860055,-13.170307522639632
719,37.38665936676164,-122.08550466915048,-2.7131762942299247
720,37.386707945652795,-122.085690881846,2.6751941218972206
721,37.386746864003655,-122.0858636809625,8.736432869918644
722,37.386880259771345,-122.08594203647812,-12.152184574864805
723,37.3869458801293,-122.08608149270289,-12.867318666540086
724,37.38701728718375,-122.08629407459026,-2.632020201534033
725,37.38708037365227,-122.08656070932486,23.635517263785005
726,37.387143728035056,-122.08670576289732,22.19134439714253
727,37.38721564264776,-122.08679650022513,9.440030217170715
728,37.38726978600789,-122.0869415618432,14.140172375366092
729,37.38732159432115,-122.08705780219137,13.028433231636882
730,37.38739858603219,-122.08716592106373,14.012813661247492
731,37.387437592778866,-122.08728554809039,13.08369654789567
732,37.38747605869456,-122.08741848992076,14.271046405658126
733,37.38760301716909,-122.08746236331021,3.8939863527193666
734,37.38761919407276,-122.08757210548478,10.633521036244929
735,37.387635989210985,-122.08766515032008,12.150563487783074
736,37.387645078138235,-122.08775118336438,14.64486857317388
737,37.387695611485455,-122.08774862800395,4.649451473727822
738,37.38767130322218,-122.08777011632161,5.443782301619649
739,37.3876561735463,-122.08774245918174,3.395981352776289
740,37.38757735536943,-122.08779257554761,11.033929162658751
741,37.38758436105834,-122.08781485552772,11.734780962578952
742,37.38762823418932,-122.08782363130034,10.67746412474662
743,37.387623705241644,-122.08780631387599,18.68040445074439
744,37.38763758418265,-122.08780876981072,22.0281697884202
745,37.3876689670597,-122.08779230655485,19.67810671310872
746,37.38768458116627,-122.08783606778665,21.770104384049773
747,37.387687084771365,-122.08785906699798,25.269620585255325
748,37.387681774631325,-122.08789118804238,24.374551177956164
749,37.38769576721071,-122.08786799599628,18.85811905283481
750,37.38769418475417,-122.08786022054322,17.23627922218293
751,37.387696905034844,-122.08782464971863,12.511719901114702
752,37.38770864399229,-122.0878284170493,15.328850543126464
753,37.38774020369923,-122.08784494650523,13.971071247942746
754,37.38772226403458,-122.08783966471324,10.872494169510901
755,37.38771492812684,-122.08785226975269,10.378674743697047
756,37.38770298692717,-122.08786959115403,9.792974881827831
757,37.38773893002546,-122.08785276653978,6.319546163082123
758,37.38773119179881,-122.08781674419757,-0.036942251957952976
759,37.38768863679181,-122.08783366556449,9.710984950885177
760,37.38765376812423,-122.0878369023525,12.054762681946158
761,37.38762298242716,-122.08786050543897,15.838410802185535
762,37.38762300634289,-122.08784333667826,17.240275345742702
763,37.3875709016323,-122.08786607046508,33.86840985994786
764,37.387565228930775,-122.08786979160776,40.54327499959618
765,37.387594714628136,-122.08784538523818,40.857391538098454
766,37.387605239282586,-122.08781113641756,41.26839353889227
767,37.38759842997885,-122.08780283410917,36.94130276422948
768,37.38760548495084,-122.08779815226626,35.09448815789074
769,37.38764601940198,-122.08769186606177,8.585367125459015
770,37.38767863136543,-122.08770060987617,6.662509193643928
771,37.38768748146295,-122.08771466247619,5.6038482235744596
772,37.38768733840279,-122.08772019241738,4.376785486936569
773,37.38764323590127,-122.08774435254087,12.489918364211917
774,37.3876627880422,-122.08775860249594,10.836934645660222
775,37.38766071485439,-122.08776125583717,11.113092692568898
776,37.387622187107795,-122.08772577167898,11.330380881205201
777,37.38762336671867,-122.08772910943843,14.592509159818292
778,37.387616433437124,-122.08770718913627,12.050532625988126
779,37.38760542377262,-122.08771216995156,13.648662603460252
780,37.38759508304273,-122.08770417898994,15.251087693497539
781,37.3875768350868,-122.08773925923846,21.257551442831755
782,37.38757194859294,-122.08773694493047,18.358450680971146
783,37.38756859325221,-122.0877428556379,16.52074643690139
784,37.387563129852765,-122.0877620622508,22.439811440184712
785,37.38757045359785,-122.08772305112575,16.455283033661544
786,37.38760969596792,-122.08776072426198,17.12560172472149
787,37.38766770855373,-122.08776265465713,9.81381789688021
788,37.38766029731376,-122.08776503414236,9.70164887048304
789,37.38763999564775,-122.087817737557,15.988576180301607
790,37.3876602935714,-122.08785917794857,17.77071498800069
791,37.387692226958805,-122.08782450191606,10.905406002886593
792,37.38769545376586,-122.08788503173054,18.894688760861754
793,37.387709186864754,-122.08790726570577,23.508383952081203
794,37.387736837030474,-122.08785239047715,11.007358266972005
795,37.387743559131415,-122.08788625210413,20.119938718155026
796,37.38775269387126,-122.0878424632355,17.68025387544185
797,37.387746310661164,-122.08777165583714,8.615989501588047
798,37.38780139449055,-122.08762019348428,-20.729140363633633
799,37.3878145135096,-122.08754625892362,-33.51848239917308
800,37.3878334478576,-122.08750088602648,-37.91518871858716
801,37.38783233171503,-122.08747494892508,-40.787102336995304
802,37.38783542747679,-122.08745419845178,-41.29291543364525
803,37.387803797897135,-122.08756074973097,-24.561643787659705
804,37.38775350348226,-122.08768252344491,-9.119759380817413
805,37.387745630004936,-122.08774348204305,3.9668952748179436
806,37.38771061655326,-122.08777544540736,13.389115328900516
807,37.38770552050438,-122.08778970026364,9.065761843696237
808,37.38768366488684,-122.08782408506542,15.712167227640748
809,37.387680487841976,-122.08783798352476,18.405543235130608
810,37.38770248189507,-122.08784479823935,13.11344041954726
811,37.38771379107692,-122.08789692718781,13.555202734656632
812,37.38773372468766,-122.08794310419718,11.790211842395365
813,37.38780093483562,-122.08803744106788,8.616233328357339
814,37.38785250375429,-122.08814127751451,9.242708660662174
815,37.3879160396181,-122.08824316045167,4.427121455781162
816,37.387965941367234,-122.08832932388628,2.1710273902863264
817,37.38805242629812,-122.08845682596608,-4.577901499345899
818,37.38815497196961,-122.0885466665595,-13.628014894202352
819,37.38820375885358,-122.0886963836679,-8.214958007447422
820,37.38827767488719,-122.08888157375122,-2.2500526774674654
821,37.38835464829837,-122.08904535947609,-6.929214370436966
822,37.388428299058035,-122.08917054732706,-11.005952105857432
823,37.388517977880014,-122.08933440364028,-11.393784873187542
824,37.388592876419736,-122.08949360154021,-9.443172769621015
825,37.38868346751975,-122.08965879371891,-11.346931003034115
826,37.38881947419298,-122.08974632242675,-22.243939926847816
827,37.388876254186926,-122.08991547212055,-19.726701795123518
828,37.388953398470676,-122.09004874084012,-17.38136105798185
829,37.38897798219723,-122.09018723820145,-16.98677405435592
830,37.38904985798587,-122.09032833213864,-11.413223933428526
831,37.389108768167624,-122.09045624724814,-11.349873351864517
832,37.389191163751626,-122.09061436186887,-8.971487513743341
833,37.389250189940526,-122.0907664922381,-6.455690952949226
834,37.38932563711489,-122.09092790974631,-4.702083448879421
835,37.38936843077666,-122.09107744969387,-7.188492774032056
836,37.38945514020854,-122.0912281900098,-11.923217441886663
837,37.38953386257836,-122.0913797110903,-6.889758670702577
838,37.389590179457144,-122.09151494731955,-7.944451211951673
839,37.38968529943723,-122.09177090356725,17.25603469181806
840,37.38976808267173,-122.0919106156436,10.874840901233256
841,37.389869064903884,-122.09205843068851,7.027151136659086
842,37.3899157670275,-122.09221730884153,9.514665277674794
843,37.38997229820596,-122.09239036753324,17.4802099307999
844,37.39000249470761,-122.09252465792989,17.51608754042536
845,37.39008647913607,-122.09265471717137,12.941342159174383
846,37.39014429357388,-122.09278657861276,11.151954734697938
847,37.39027564058056,-122.09293655798538,11.104793415404856
848,37.390322539282245,-122.09312052316284,14.260884075425565
849,37.39037312407303,-122.09328512521967,12.651985757984221
850,37.390470789892085,-122.09344993434225,7.38181581441313
851,37.39061131081083,-122.0935563402315,-8.488059677183628
852,37.3906462932677,-122.09378427272327,5.121601605787873
853,37.39075709881565,-122.09391798158177,4.781004044227302
854,37.39090001528449,-122.0940076049878,-0.2285492904484272
855,37.390972043001504,-122.0941276216329,1.186654657125473
856,37.39103853435963,-122.094257838428,3.9814683254808187
857,37.39110158344857,-122.09438599895536,9.164638263173401
858,37.39119016979241,-122.0945062779402,8.940768603235483
859,37.3912509981222,-122.09454764121143,2.772274347022176
860,37.391322092710304,-122.09465016651674,4.123582303524017
861,37.39140622421942,-122.0946972685084,-1.8492732224985957
862,37.39146971421022,-122.09476463349773,-1.1835078094154596
863,37.3915256889885,-122.09481506020204,-3.5519103463739157
864,37.39157398909303,-122.0948676771324,-6.650400517508388
865,37.391610661948086,-122.09490193237264,-11.75636378582567
866,37.391649209256414,-122.09494663931778,-13.221100226975977
867,37.391612701766924,-122.09488955271637,-14.347196538932621
868,37.391585963262614,-122.0948714898064,-22.150693913921714
869,37.39157923098227,-122.09486658032206,-24.654087814502418
870,37.39154745006886,-122.09483335091025,-24.996806629933417
871,37.39153902609327,-122.09481278688344,-25.402932776138186
872,37.3915311985147,-122.09482516809616,-18.06295949500054
873,37.39152881308686,-122.09480016224636,-18.96533254068345
874,37.3915269030833,-122.09479159138161,-16.48625720757991
875,37.39152597695907,-122.09475733273675,-11.705711011774838
876,37.39152595575512,-122.09475594903944,-10.24558878224343
877,37.391527036668755,-122.09474932402394,-7.454291221685708
878,37.39151509480399,-122.09476609900085,0.8137997156009078
879,37.39153606574549,-122.09478270772924,0.7373557761311531
880,37.39155116883307,-122.09479034711492,1.2930782306939363
881,37.391582463863394,-122.09478674266902,-9.414759404957294
882,37.39159899404918,-122.0948253349645,-11.551669662818313
883,37.39159707108536,-122.09485817324277,-11.215496831573546
884,37.39159985171717,-122.09487177481502,-9.008884548209608
885,37.39160860196005,-122.09489488894633,-8.304080678150058
886,37.391647020624234,-122.09493835830976,-5.78120697196573
887,37.391702550657854,-122.09497138969756,-8.708181316964328
888,37.39176400061107,-122.09502803858737,-13.031123525463045
889,37.39184441557324,-122.09510571711732,-14.028737457469106
890,37.39191244720668,-122.09517325079234,-14.78930543269962
891,37.392012389421794,-122.09525713869705,-17.174041900783777
892,37.392109217468544,-122.095343281185,-16.170271219685674
893,37.39221094702989,-122.09543119562893,-18.644854206591845
894,37.39231510711016,-122.09556655648238,-17.792533204890788
895,37.39243195005389,-122.09566846745695,-15.97784594539553
896,37.392536486979296,-122.09576979230052,-16.21873983554542
897,37.39265644142388,-122.0958733598521,-13.535294122062624
898,37.39274515774304,-122.0959753376605,-12.942427115514874
899,37.392840296371794,-122.09605689661085,-13.977328829467297
900,37.39293249843923,-122.09616192285003,-14.011631368659437
901,37.393018618933155,-122.09625916959911,-14.308015394024551
902,37.39310949721251,-122.09636219006636,-12.56507509201765
903,37.39320707000766,-122.09648153227408,-10.81592926569283
904,37.39328935157338,-122.0966105249982,-5.993957337923348
905,37.393381826076535,-122.09673999722716,-6.693897294811904
906,37.3934631690636,-122.09685877235613,-1.3588947001844645
907,37.39356201278128,-122.09698087700913,-1.0703120566904545
908,37.393655791958544,-122.09711968147202,-4.724112020805478
909,37.393755234687355,-122.09729722811664,-3.8709152936935425
910,37.39383426950973,-122.097435999622,-3.3454982386901975
911,37.393909512904116,-122.09762812851767,-0.7402378544211388
912,37.39400157100106,-122.09775387522664,-1.6639777990058064
913,37.394065251025665,-122.09788809127015,-5.597665064036846
914,37.39414459678588,-122.09803191982215,-4.542065836489201
915,37.39420111347,-122.09817409059104,-5.758057075552642
916,37.394274962425214,-122.0983249462359,-8.346750651486218
917,37.394334296091856,-122.09848561792269,-6.9939256720244884
918,37.39438463412391,-122.09864836422446,-1.5838434277102351
919,37.39448145871784,-122.09880365984631,-3.738757371902466
920,37.394527415565484,-122.09900179560981,8.808468498289585
921,37.394635888965574,-122.09914355055321,5.742219107225537
922,37.39471492631786,-122.09933120484541,4.194117311388254
923,37.39477112541132,-122.09951177171354,2.7177780512720346
924,37.39482141394281,-122.0996662402712,4.045024052262306
925,37.39491518238197,-122.09981048311649,-5.358784547075629
926,37.394951482577326,-122.09998585766253,-6.009337426163256
927,37.39504678324909,-122.1001313406254,-12.729148864746094
928,37.395110678426306,-122.10026450587556,-14.74753638729453
929,37.395176084206554,-122.10042348814277,-14.317588724195957
930,37.395213629985506,-122.10058287287033,-14.507396188564599
931,37.39527036525046,-122.10074574458747,-17.776200465857983
932,37.395315940678465,-122.10089984075215,-11.839087573811412
933,37.395351867783475,-122.10103801947153,-1.4171246159821749
934,37.39542441305727,-122.10117417823957,0.6808447213843465
935,37.39548378514134,-122.10130406704846,-0.5836565541103482
936,37.39553895680258,-122.10140206913616,-5.516081397421658
937,37.395597973209775,-122.10154600947835,-3.431892671622336
938,37.395662741402575,-122.10166128357376,-0.41126907523721457
939,37.395749066416755,-122.10177660040111,1.6024823728948832
940,37.39581310764483,-122.10188687014927,0.8959902878850698
941,37.39585864624121,-122.10201134350636,1.9550313269719481
942,37.39587555496892,-122.10213327188774,6.491145023144782
943,37.395914107706744,-122.10225445117773,2.3107265224680305
944,37.39597489236705,-122.1023850194362,0.5166625156998634
945,37.396055819825825,-122.10249350404924,-4.1571804052218795
946,37.39613418799134,-122.10256057995893,-11.030317110940814
947,37.39619293837279,-122.10266857479039,-12.79646607208997
948,37.39622499574852,-122.10279489159832,-9.838934207335114
949,37.39623317452772,-122.10289640648448,-5.314740544185042
950,37.39627752040995,-122.10298134756297,-6.399214769713581
951,37.39630740976761,-122.10306479961409,-1.7542519457638264
952,37.39634584834177,-122.10312466201624,2.401837204582989
953,37.396322420672504,-122.10315518957312,8.548591746017337
954,37.39632959739546,-122.1031745913532,14.518873109482229
955,37.396348940088984,-122.10313491313403,10.61439666710794
956,37.39634882457265,-122.10308293260678,1.6013421416282654
957,37.39635608938566,-122.10304701346347,-3.5373879484832287
958,37.396423507106576,-122.1029910142549,-14.100164094939828
959,37.396483479114025,-122.1030417945989,-14.561644982546568
960,37.396420303530775,-122.10310320168466,0.6279044672846794
961,37.39634306825942,-122.1031488776439,11.789908898994327
962,37.396316544530464,-122.10316277386116,19.663090981543064
963,37.39630486541964,-122.10313914323845,20.345594245009124
964,37.39631589684624,-122.1031327098074,18.220482991077006
965,37.396289146648044,-122.10312937153712,18.437519661150873
966,37.39627718311595,-122.10313997137759,20.431981267407537
967,37.39624389099957,-122.1031082929824,27.604662522673607
968,37.39624395214523,-122.1031034091466,24.932833155617118
969,37.396284693587845,-122.10307732240332,14.980855922214687
970,37.396295378893875,-122.10309562427064,11.658947940915823
971,37.396301811178326,-122.10310057647452,15.717328474856913
972,37.39639364543731,-122.10307386842425,-3.553713402710855
973,37.39638920457145,-122.10308710681046,8.49853732995689
974,37.39640229871454,-122.10308859631554,7.237052529118955
975,37.396372586895666,-122.10313974426191,14.000539793632925
976,37.396393637127176,-122.10311921646247,3.3444389356300235
977,37.39632709544145,-122.10314776776472,12.75784824974835
978,37.39627610125288,-122.10318212332318,19.466980575583875
979,37.396268118705734,-122.10318916130427,15.034737206064165
980,37.396296697229445,-122.10316445872759,-4.674839596264064
981,37.39627192595058,-122.10314972450786,-6.490324607118964
982,37.39624442623933,-122.1031410273245,-3.217185204848647
983,37.396249869381094,-122.1031233402782,-8.543849868699908
984,37.39621675591389,-122.10314400882973,1.686282872222364
985,37.39624889167556,-122.10303331800414,-4.496306600980461
986,37.396218573570174,-122.10302043657683,1.888914991170168
987,37.39616623348618,-122.10304251075986,9.332469400018454
988,37.396118919303376,-122.10307395695608,15.325826638378203
989,37.39608692338861,-122.10309505417399,23.926510180346668
990,37.39612988093706,-122.10306324847565,27.4063924215734
991,37.39612517796846,-122.10306598381403,27.944949893280864
992,37.396145249338794,-122.10306290481653,22.172842789441347
993,37.39610420266583,-122.10309855226897,32.322634326294065
994,37.3961140844591,-122.10313194706494,30.062711840495467
995,37.39613179042054,-122.1031261100406,24.069245574064553
996,37.396251812757306,-122.10302050795585,-7.843858873471618
997,37.396305575978054,-122.10298120373068,-15.999493013136089
998,37.396300410489225,-122.10300140135315,-9.552274972200394
999,37.39631323687135,-122.10303921609912,-4.099781667813659
1000,37.39632288472989,-122.10303115717134,-1.9734679879620671
1001,37.3963057355179,-122.10309473568373,4.057259714230895
1002,37.39634776380573,-122.10310444012634,1.1993084950372577
1003,37.39638735040098,-122.10308592810286,-6.7656008983030915
1004,37.39640544104443,-122.10309509791884,-10.020730383694172
1005,37.39643290187149,-122.10311079154228,-7.821091692894697
1006,37.3964145642043,-122.10307095376132,-10.487647819332778
1007,37.396396792768506,-122.10302301393865,-14.64399622566998
1008,37.39633597383819,-122.10303938665682,-1.9991057375445962
1009,37.39634707055982,-122.10299238981654,-16.098929808475077
1010,37.39628327502525,-122.10302279813521,-9.393404600210488
1011,37.396268850209765,-122.10297242109824,-11.854274386540055
1012,37.39623546632496,-122.10296800044962,-3.9185547940433025
1013,37.39619276218221,-122.10294795980691,1.3146478636190295
1014,37.396169902036846,-122.10292712261838,-0.44049303606152534
1015,37.39618314562305,-122.10288795502228,-5.341557658277452
1016,37.39615453336277,-122.10289515649454,-4.101686895824969
1017,37.39613064013437,-122.10291363373484,-2.422779087908566
1018,37.39614337231095,-122.10293241744252,-4.538551610894501
1019,37.39611965122422,-122.10297341962875,1.4785740645602345
1020,37.39609640586539,-122.10300863990673,18.315228722058237
1021,37.396104216417534,-122.10303024495121,18.145761171355844
1022,37.396146017241094,-122.10306957568056,18.770855917595327
1023,37.39622883430102,-122.10304443803022,5.298964463174343
1024,37.396295172815854,-122.10304852988935,2.803696807473898
1025,37.396349162674305,-122.10307464959267,3.2449714951217175
1026,37.396372707532436,-122.10307346267763,4.372138399630785
1027,37.396386872962246,-122.1031039731104,-0.6924900878220797
1028,37.396416813991415,-122.10314316692833,4.8442777981981635
1029,37.396183551830894,-122.10314196789034,6.439327824860811
1030,37.396130260240874,-122.10316849484248,8.81339777354151
1031,37.39615637393093,-122.10317894085603,10.306666663847864
1032,37.39611616052143,-122.1031477362873,-11.899140181951225
1033,37.39618638714011,-122.1031427760815,-20.072914011776447
1034,37.39631101405409,-122.1031264854656,-25.785701809450984
1035,37.39635950778572,-122.10312888506775,-29.31648558191955
1036,37.39625386715408,-122.10310376611409,-35.1289581945166
1037,37.396197926349025,-122.10313345457251,-9.49363468028605
1038,37.39604706731221,-122.1031520492544,-3.1142563028261065
1039,37.39604434247835,-122.10315449842034,-0.9230817276984453
1040,37.396138569655385,-122.10316609403097,8.361178507097065
1041,37.3962475386708,-122.10319821513286,17.31198345310986
1042,37.39653282251599,-122.10317835400662,11.843152566812932
1043,37.396652573359596,-122.10319168206075,22.084430751390755
1044,37.39681250321078,-122.1031577501275,28.410817426629364
1045,37.396889318159126,-122.10310986358283,28.564376407302916
1046,37.396766713636175,-122.1030660363446,38.45520624052733
1047,37.39675025516174,-122.10302905866902,29.764986008405685
1048,37.39675629233316,-122.10301284607016,21.243598016910255
1049,37.39658047287143,-122.10307625209907,17.212068773806095
1050,37.39644861639987,-122.10310723866972,9.780950844287872
1051,37.39635738668554,-122.10313648501803,5.925666551105678
1052,37.39630349774984,-122.10314568691369,-3.8631828874349594
1053,37.3962583587016,-122.10311904487814,-0.09076945669949055
1054,37.39617150493063,-122.10309373733718,2.6838900726288557
1055,37.396126349722245,-122.10305765570787,-1.4885160643607378
1056,37.39609662662806,-122.10291195090527,-5.683871096931398
1057,37.39606174225502,-122.10280897212519,-9.494501298293471
1058,37.396017697391805,-122.1027053901538,-7.707109762355685
1059,37.39595921235987,-122.10261309036677,-6.756256065331399
1060,37.39589004998964,-122.1024645905928,-6.288266976363957
1061,37.39582497034979,-122.10235644832312,-6.574341148138046
1062,37.39572954397587,-122.10215100726235,-5.671280587092042
1063,37.39568507965717,-122.1019802788731,-8.659883406944573
1064,37.395607167245885,-122.10177541125753,-9.261317641474307
1065,37.39554016645954,-122.1015956921154,-11.794183735735714
1066,37.39544811680259,-122.10137854263063,-9.27080579008907
1067,37.39536896307541,-122.10115761168177,-10.088232786394656
1068,37.39528761060886,-122.10096437720335,-11.554873914457858
1069,37.39518909578525,-122.10077462322684,-8.20754582900554
1070,37.395111918554484,-122.10059701008662,-5.418716076761484
1071,37.39502079305743,-122.10038211479818,-3.0923197055235505
1072,37.394945803150414,-122.10019353236937,-3.484457646496594
1073,37.39488380595809,-122.10001384217524,0.12310907058417797
1074,37.39480761346284,-122.09982428345845,-1.6322908708825707
1075,37.39471826468044,-122.09960429996516,-3.9649536088109016
1076,37.39464026616852,-122.09939008102513,-1.6529265586286783
1077,37.39455104768051,-122.09914307295318,4.680399311706424
1078,37.39444516266748,-122.09887835713016,9.471730461344123
1079,37.39434448270667,-122.09874632026118,5.9372595408931375
1080,37.39425540015899,-122.09859749717629,1.9292803201824427
1081,37.39415840289297,-122.09842800520299,-0.73937201872468
1082,37.39408536292745,-122.09822296111302,-3.840470957569778
1083,37.394013399210166,-122.09806385160391,-7.17548996116966
1084,37.393954582218136,-122.09790933201428,-8.202831219881773
1085,37.3938722607541,-122.09771687252591,-3.902847724966705
1086,37.39379075813363,-122.09751401315725,-7.62131685949862
1087,37.39370858141313,-122.09735141433946,-5.178875835612416
1088,37.39356984261504,-122.09715164677309,-7.51489904243499
1089,37.39350051939623,-122.09699686755424,-3.805078779347241
1090,37.39340343171054,-122.09686035493655,-5.884701035916805
1091,37.393322015521335,-122.09671438645891,-11.04953181464225
1092,37.39322103480796,-122.09656143349203,-12.563117373734713
1093,37.39310436540605,-122.09644501114133,-10.612393441610038
1094,37.39299807577888,-122.09633742454312,-10.697962818667293
1095,37.392886959698195,-122.09626520512477,-10.83914293255657
1096,37.39278683969355,-122.09615404128395,-8.260329716838896
1097,37.39268418000857,-122.09606229592765,-7.853970853611827
1098,37.39255627401396,-122.09592714450702,-8.113769059069455
1099,37.39247101222743,-122.09583954647583,-7.139883041381836
1100,37.39237563044345,-122.09574477076207,-4.819195673801005
1101,37.39228872345785,-122.09564934359294,-5.870154717005789
1102,37.392240635898844,-122.09560466963015,-5.298135451041162
1103,37.39214451450487,-122.09551202563408,-5.225486067123711
1104,37.39206754593473,-122.09546039049303,-4.818411909043789
1105,37.3919702809052,-122.09536225584989,-3.269529180601239
1106,37.39187308820316,-122.09527790126333,-7.058744387701154
1107,37.39176100959945,-122.09519910005153,-4.569210906513035
1108,37.391659273354605,-122.09514145412757,-5.5939599964767694
1109,37.39155933991295,-122.09502944755134,-3.9030748615041375
1110,37.39143800674499,-122.09491378726575,-0.7442015977576375
1111,37.39133057651079,-122.09474228937019,0.6842518309131265
1112,37.39120351329223,-122.09448126217222,6.14665770996362
1113,37.39108060406244,-122.09428729490746,8.30490717291832
1114,37.39096940457828,-122.09421976717147,9.747301452793181
1115,37.39095200054281,-122.09411220125757,15.690782755613327
1116,37.39088094503005,-122.09401435253693,16.22389935143292
1117,37.39077553481478,-122.09388592534657,14.422891470603645
1118,37.390655712932876,-122.09375326283406,17.032004662789404
1119,37.39056677811723,-122.09366487783204,26.222615936771035
1120,37.390461262859155,-122.09350198974263,13.732003918848932
1121,37.39038383112758,-122.09339360583294,11.038566681556404
1122,37.39031597206393,-122.09320644060918,5.90166394226253
1123,37.39026867898547,-122.09306556807599,-0.7289828220382333
1124,37.39019555237991,-122.09290040096296,-3.216593811288476
1125,37.390113305077364,-122.09273989693462,-3.5621223840862513
1126,37.390054311013486,-122.09259890318802,-3.6205132510513067
1127,37.38996151175789,-122.09251003533386,-4.6280855452641845
1128,37.3899235752408,-122.09239988271912,-8.244353437796235
1129,37.389851410818544,-122.09230101442893,-10.51274978555739
1130,37.38976518231422,-122.09212340169458,-8.745844063349068
1131,37.38967948558124,-122.09197266800818,-9.155028413049877
1132,37.389596758517776,-122.09180047819119,-8.470880283974111
1133,37.389514903008724,-122.09164118888384,-11.80066094826907
1134,37.389441728277326,-122.09148704944991,-8.425584661774337
1135,37.38936483159109,-122.09135447962895,-6.782980078831315
1136,37.389301014843426,-122.09120528849893,-7.816603671759367
1137,37.38923482631255,-122.09107053693076,-5.740490541793406
1138,37.389161961769155,-122.0908964583613,-4.030397426337004
1139,37.3890841922723,-122.0907457950208,-1.2523992909118533
1140,37.389013913580726,-122.09062605839493,-5.130734329111874
1141,37.388951607166945,-122.09046372165464,-4.129221653565764
1142,37.38891435063011,-122.09035995197262,-1.975266014225781
1143,37.38886076350099,-122.09024386738416,0.4088575467467308
1144,37.38882169572596,-122.09014767360178,-2.5722331097349524
1145,37.38876750664387,-122.09008487662167,-0.9396502822637558
1146,37.38871455435275,-122.08999192086719,-2.994660187512636
1147,37.38867600621118,-122.08992770620691,-1.157418961636722
1148,37.38864533453064,-122.08985608958076,-1.2718503009527922
1149,37.388613594107746,-122.08982025616403,-1.887955354526639
1150,37.388602287114324,-122.08976818122463,-3.130385228432715
1151,37.38857489939777,-122.08970748888935,3.7822854965925217
1152,37.38859377163662,-122.08966678172418,-0.9365366715937853
1153,37.388582417921675,-122.08966767823908,-4.198413395322859
1154,37.3885803050596,-122.08963878527817,-5.27353307697922
1155,37.388564156507364,-122.08958470079955,-4.51250668335706
1156,37.38853299109803,-122.08960325056715,2.4516216004267335
1157,37.38853664048523,-122.08962580857396,2.30879536177963
1158,37.38853337949091,-122.08964306186044,-1.037633739411831
1159,37.38855628611715,-122.08967207009924,-3.4848120026290417
1160,37.3885751666071,-122.08970480887787,-3.7177009135484695
1161,37.388563470244954,-122.08972334854957,-6.517695089802146
1162,37.38856106619411,-122.0897017841091,-8.715551258996129
1163,37.388546908039345,-122.08969023422944,-7.574307136237621
1164,37.388527174012815,-122.08968332153772,-2.9894533436745405
1165,37.38852819693742,-122.08967495620847,0.44136873818933964
1166,37.3885176294455,-122.0896657845522,2.253976993262768
1167,37.388500360626345,-122.08962167746613,2.0591426342725754
1168,37.38848618282618,-122.08961815230693,4.319497171789408
1169,37.388472540364305,-122.0895888230276,2.4962115129455924
1170,37.38848802859762,-122.08960923378916,4.581369488500059
1171,37.3885106679213,-122.08960649871679,9.234350580722094
1172,37.388553604198826,-122.08962870137441,5.847582654096186
1173,37.38855636540419,-122.08962773067289,5.742796804755926
1174,37.3885706627751,-122.0896329905373,2.4024066226556897
1175,37.388576816852776,-122.08963571701841,1.0896184155717492
1176,37.38857382743958,-122.08965866776657,0.45750165823847055
1177,37.38857004209476,-122.08967004743579,0.7556319776922464
1178,37.388564715555475,-122.08968014583176,2.999383756890893
1179,37.38857212926616,-122.08970217665974,-1.723635428585112
1180,37.388585397648406,-122.08971760004201,-1.618745194748044
1181,37.388600820780866,-122.08973114971201,-9.94591065030545
1182,37.38861397340741,-122.08971546840723,-15.733465646393597
1183,37.388620258112155,-122.08977416909146,-22.15293684322387
1184,37.38861795732307,-122.08980121431198,-26.741262298077345
1185,37.38861500218861,-122.08983526497018,-28.521143697202206
1186,37.38859563384855,-122.08978932181198,-24.56087238434702
1187,37.388602788279634,-122.08973728552228,-16.920433687977493
1188,37.38856213215054,-122.08966015364112,-9.248675130307674
1189,37.38854325334058,-122.08959371689103,-8.071562211960554
1190,37.38853178870691,-122.08960985628836,-7.614852705039084
1191,37.38852344215513,-122.08957338016867,-8.660182839259505
1192,37.3884786824988,-122.08958602772103,-9.617732498794794
1193,37.3884696226383,-122.08958139696553,-2.380894181318581
1194,37.38846577594012,-122.08960642181509,-0.9997704364359379
1195,37.3884397647661,-122.0896444225561,12.102701318450272
1196,37.388450630792846,-122.08962658390566,16.433223261497915
1197,37.38843106875111,-122.0895382628447,22.52563941385597
1198,37.38842844019441,-122.08952602821192,25.806437576189637
1199,37.38842655414964,-122.0894843368614,26.838962282054126
1200,37.38842534380718,-122.0894451438926,28.734226547181606
1201,37.38847745607424,-122.08943498969207,17.137409940361977
1202,37.38850354741672,-122.08940341500981,9.385712264105678
1203,37.38852755926717,-122.08933511353021,1.3593196840956807
1204,37.38855602733376,-122.08933887071424,-4.124795097857714
1205,37.3885714306431,-122.08939375440399,-9.225881585851312
1206,37.38856518915702,-122.08942871300226,-3.7297392394393682
1207,37.38857823621955,-122.08950758838462,-3.91156217828393
1208,37.38858039048111,-122.0895489636393,-2.8945196699351072
1209,37.38856186393158,-122.08959511802946,2.7212339490652084
1210,37.38855011579034,-122.08961414777171,4.650662865489721
1211,37.388544362196235,-122.08960738521819,7.411754156462848
1212,37.388511539450676,-122.08958236808182,8.50305053498596
1213,37.38849184737075,-122.08955395935962,6.194551586173475
1214,37.38848643272124,-122.08956356958468,0.09411990083754063
1215,37.388450942101635,-122.08948798633274,1.7818850297480822
1216,37.388385129815006,-122.08940226837774,4.329850472509861
1217,37.38835249440005,-122.08935155364405,2.5612741159275174
1218,37.38834007494926,-122.08932577936507,2.0440173037350178
1219,37.3883072680651,-122.089237867899,-1.0477324463427067
1220,37.38827128239981,-122.08912973256786,-2.603430570103228
1221,37.38820748316312,-122.0889599260135,-0.8555921474471688
1222,37.38817695090049,-122.08886470853552,-12.615618713200092
1223,37.38814118977998,-122.08877630437314,-15.918521326035261
1224,37.38806989286128,-122.08869343826821,-8.993561047129333
1225,37.38802809608854,-122.08861311930914,-8.461509936489165
1226,37.387972556203,-122.08851580595247,-8.614988288842142
1227,37.387922598895514,-122.08837374012478,-12.122205343097448
1228,37.38785233076775,-122.08826242375567,-10.211641603149474
1229,37.387785772077514,-122.08810561651987,-8.823176253587008
1230,37.38772078252761,-122.0879755560298,-3.2289277091622353
1231,37.387652743443965,-122.08785473868464,-1.1032234942540526
1232,37.387589894738745,-122.08772663894912,-3.030501712113619
1233,37.38753583567656,-122.08756251874449,-0.29548813961446285
1234,37.38747881098787,-122.08742089994367,2.5541695412248373
1235,37.38739743163055,-122.08724635831744,10.63224371522665
1236,37.387336537512844,-122.08711219706309,11.836987605318427
1237,37.387266411407346,-122.0869753273725,10.010353869758546
1238,37.387196021122115,-122.08686733541772,5.744664307683706
1239,37.387137981962304,-122.08674624349729,3.1559469886124134
1240,37.38708847083728,-122.08667420753483,0.7869836650788784
1241,37.38704496042183,-122.08656530541879,-4.48067008331418
1242,37.3869575090449,-122.08641057835197,-0.33088316582143307
1243,37.38690157865437,-122.08630279117892,-2.329575937241316
1244,37.38684806539331,-122.0862216792641,-7.364503878168762
1245,37.38680235723267,-122.08608338780056,-9.07675322983414
1246,37.38674735858676,-122.08593122689203,-9.269847584888339
1247,37.3866806769837,-122.08575190942,-3.870995062403381
1248,37.38663223303612,-122.08564872212065,-2.81036707572639
1249,37.38652176945905,-122.08553401370884,7.958880812861025
1250,37.38647588610473,-122.08542421742199,5.820365084335208
1251,37.386430386150614,-122.08537322249042,3.4256375124678016
1252,37.386382773887014,-122.0852431702437,-4.296899165958166
1253,37.386343858413774,-122.08518948356303,-2.5228254264220595
1254,37.38629788048678,-122.0850978325372,-2.1723819905892015
1255,37.3862497953159,-122.08502671176777,-1.8616609582677484
1256,37.3862053159416,-122.08493878686643,-2.516652112826705
1257,37.38620855380944,-122.0849211998656,-0.12276051193475723
1258,37.386182790399445,-122.08487282268494,-0.02151409164071083
1259,37.38617459854693,-122.0848440745084,2.6719710882753134
1260,37.38618358852577,-122.0848000648652,9.594794102944434
1261,37.38618620283921,-122.08476755001452,14.042974786832929
1262,37.38619733195261,-122.08476703677707,27.373086479492486
1263,37.386199339434775,-122.08478991432277,38.43975772149861
1264,37.38624355221832,-122.08487146267214,36.38571005593985
1265,37.38622913664881,-122.08497756563753,49.28579999413341
1266,37.386251656997935,-122.08504447519253,53.45294989924878
1267,37.386236270802144,-122.08509223933959,47.68424674682319
1268,37.38621967429501,-122.0851173349074,49.186797143891454
1269,37.38622651694694,-122.08512385505624,46.87488828133792
1270,37.38622058360922,-122.0851056493969,46.302997479215264
1271,37.386201136952494,-122.08512983174087,48.766667236573994
1272,37.38622033637371,-122.08510300602862,48.8187356069684
1273,37.386226936947814,-122.08502421436319,46.33903158362955
1274,37.38619851671666,-122.08495573555885,49.876253325492144
1275,37.38618643330827,-122.08493267437487,51.681720754131675
1276,37.38622498413451,-122.08493314610566,42.682611210271716
1277,37.38623657495146,-122.08492953668708,38.54564363602549
1278,37.386218980009026,-122.08491619786217,37.52256216015667
1279,37.38621880290917,-122.08491110602925,37.81112009938806
1280,37.38620775480191,-122.08488450382491,39.796723620034754
1281,37.386164218436505,-122.08487753738065,45.55303153861314
1282,37.386175048593316,-122.084857605176,48.05350994318724
1283,37.38618094108158,-122.08483498723653,47.71930507197976
1284,37.38620822810882,-122.08484497079682,49.190262746065855
1285,37.38617640499474,-122.08486565089552,38.32014594506472
1286,37.386182788513295,-122.08484279208615,17.519144567660987
1287,37.386135486284175,-122.08482764667924,19.532085456885397
1288,37.38614098954488,-122.08481264221929,9.969976466149092
1289,37.38612466644739,-122.0848034012488,9.830260775983334
1290,37.38612445427872,-122.08478709099313,7.6016930574551225
1291,37.38615476414357,-122.08474221311606,3.0282948836684227
1292,37.386199124209256,-122.08474460799778,14.631703302264214
1293,37.38627272158474,-122.0846472982433,-8.071357739157975
1294,37.3862672002315,-122.08464454611918,-4.743203806690872
1295,37.386224637957206,-122.08465421587279,5.181646728888154
1296,37.386253159054895,-122.08464235271876,-9.609695004299283
1297,37.3862671520675,-122.08458444786011,-32.782429315149784
1298,37.386285184744594,-122.08459171774639,-41.07629732321948
1299,37.38628932427186,-122.08455528234424,-42.539736283011734
1300,37.38625712556455,-122.08461316934101,-41.64726170618087
1301,37.38624441790881,-122.0846270657128,-41.013287940993905
1302,37.386235216834905,-122.08465884039457,-37.00426877196878
1303,37.386224201686545,-122.0847159225701,-27.81790408026427
1304,37.38617101735779,-122.08478414825792,-6.825575822964311
1305,37.386162842854695,-122.08478259080006,-4.357318670488894
1306,37.38613077858871,-122.08484187161,3.37523231189698
1307,37.38611254123329,-122.08489217425848,13.474057955667377
1308,37.386085004366954,-122.08490545353149,25.209190919995308
1309,37.38607966320664,-122.08494018508358,22.1589937787503
1310,37.386105518813366,-122.08492289308559,16.408803628757596
1311,37.38609558315486,-122.08487936921183,14.833091066218913
1312,37.38601892870371,-122.08494174842807,37.81378739606589
1313,37.38603178167926,-122.08493073938321,32.458663469180465
1314,37.38597237674771,-122.08497910278747,35.63590783253312
1315,37.38596154216494,-122.08493032693504,32.187927787192166
1316,37.38593870354213,-122.08492588951525,30.033421729691327
1317,37.38596154377942,-122.08486769026096,21.082520585507154
1318,37.385971987484666,-122.08482450849587,4.13290801923722
1319,37.38597659653944,-122.08480318149132,1.9996441043913364
1320,37.38599310879923,-122.08479334425999,5.022747385315597
1321,37.38601281424421,-122.08474942299452,12.929594686254859
1322,37.386037088791866,-122.08473078999538,14.409781132824719
1323,37.386071211578795,-122.08474108857459,14.839336817152798
1324,37.386104436608846,-122.08472071683056,25.537815873511136
1325,37.3860998656354,-122.08471432117753,26.978910048492253
1326,37.38610842695025,-122.08463192536514,25.068771454505622
1327,37.38615714950828,-122.08456020723703,21.457756348885596
1328,37.38618708564099,-122.08450343321054,17.75436799135059
1329,37.38621248343747,-122.08450877061125,18.829190082848072
1330,37.38620426134256,-122.08456235689815,20.509723529219627
1331,37.3861973075116,-122.08465044705063,19.869904645718634
1332,37.386181443209736,-122.08472784275641,16.03734742384404
1333,37.3861445038164,-122.08474036999652,16.187539274804294
1334,37.38615082543406,-122.08474106886344,17.844497793354094
1335,37.386134321861796,-122.08474693476978,20.28758476767689
1336,37.38614785838891,-122.08476784362138,14.218444727361202
1337,37.38613506345316,-122.08479803863446,12.89911704044789
1338,37.3861112407354,-122.08481705868648,9.478617563843727
1339,37.3860787330594,-122.08483197911137,18.10287640336901
1340,37.38610982498687,-122.08477721793005,19.229281988926232
1341,37.38609645909576,-122.0847024893676,22.110184754244983
1342,37.38605131898023,-122.08461928481141,22.89166823029518
1343,37.3860099192246,-122.08452004775697,31.020527869462967
1344,37.385966745553795,-122.08443464921507,30.859900034964085
1345,37.38593910759586,-122.08437779295576,23.259658314287663
1346,37.38584915538552,-122.0843251049242,17.949777867645025
1347,37.385800125286664,-122.08424605642271,14.013407527469099
1348,37.385755086525805,-122.08418279656775,9.85581879876554
1349,37.385729755562885,-122.08406217013179,4.716078960336745
1350,37.385686832820824,-122.08397101308235,7.9042287059128284
1351,37.38567419507396,-122.08386052897721,-1.5740047646686435
1352,37.38563254679045,-122.08379441368427,-3.2255157763138413
1353,37.385589348135234,-122.08367486747203,-1.2067713718861341
1354,37.38552815632356,-122.08358836214079,-0.7898144880309701
1355,37.38548176663948,-122.08345283458893,0.2022857964038849
1356,37.38541996919895,-122.08331445133858,-0.24564051814377308
1357,37.3853480822089,-122.08320285921532,0.908325619995594
1358,37.38529430048217,-122.08307912111168,-1.8107621548697352
1359,37.38522065492655,-122.08293658309437,0.029783117584884167
1360,37.38517246336413,-122.0828116772439,-5.025915079750121
1361,37.38512011028614,-122.0826826303677,-3.5303135691210628
1362,37.38504918027377,-122.08256485453774,-3.9013597685843706
1363,37.38498438079499,-122.08243869229906,-3.975862699560821
1364,37.38491350906779,-122.08229075728416,-4.505688074976206
1365,37.3848622701791,-122.08218704370915,-5.145406541414559
1366,37.384802910935115,-122.08205900628845,-13.980361754074693
1367,37.38469246049555,-122.08185533247416,-14.777440060861409
1368,37.38462256540715,-122.08171127273184,-16.9112759064883
1369,37.38454620402172,-122.08154537872782,-16.16165197826922
1370,37.38444473566589,-122.08138616806704,-11.204373963177204
1371,37.38435949363168,-122.0812436786784,-7.118317473679781
1372,37.38428212884651,-122.08106922742331,-6.767969989217818
1373,37.384206925895036,-122.080936728019,0.44184814114123583
1374,37.38413643486571,-122.08076819134621,2.9654547683894634
1375,37.38407919841692,-122.08061756545119,3.6280315117910504
1376,37.38400159797974,-122.08044317638327,3.018109138123691
1377,37.38393419662479,-122.08032932635042,-0.39118423499166965
1378,37.383879337402455,-122.08019320333682,-3.608256947249174
1379,37.38378902686511,-122.08007736630883,0.46632386464625597
1380,37.38371102990389,-122.07996098455435,-0.49846149142831564
1381,37.38363408019636,-122.07981997111767,4.501841779798269
1382,37.383596114153654,-122.07967182321072,0.5714861182495952
1383,37.383546420219425,-122.07956090705461,-2.0328885912895203
1384,37.383487805901844,-122.07940928473406,-1.0981269897893071
1385,37.38342639649175,-122.0792778797112,-2.404855754226446
1386,37.383345021322164,-122.07912324619497,-1.106360336765647
1387,37.38327184068969,-122.07898150936047,0.7029828988015652
1388,37.383220132436925,-122.07888537371167,1.7687446437776089
1389,37.38317627590156,-122.07880553422052,0.3337294301018119
1390,37.38312742396812,-122.07870481966788,-0.08196466881781816
1391,37.3830868801018,-122.07861353990977,-0.04338990617543459
1392,37.38303312346664,-122.07854051356743,0.11770596634596586
1393,37.38297808541857,-122.07842506121152,1.6305240280926228
1394,37.38295856669781,-122.07828939698014,-5.527908159419894
1395,37.38290478981469,-122.07815698998682,-3.8081714641302824
1396,37.382864360664676,-122.0780542245166,-6.232942053116858
1397,37.38282423179336,-122.0779204528969,-6.570619592443109
1398,37.382798122430685,-122.0778718273638,-2.620731539092958
1399,37.38276156613534,-122.0778206646327,-1.7927649905905128
1400,37.382717335901155,-122.07777212208268,-0.6782738035544753
1401,37.38271186092041,-122.07772968755302,-5.090108012780547
1402,37.38271515608546,-122.07771616880244,-5.882813994772732
1403,37.38268474313373,-122.07768351284122,-0.07407543156296015
1404,37.38265028444554,-122.07767163928395,14.73515773192048
1405,37.38260561176693,-122.07765349920919,35.28730833996087
1406,37.38261451557855,-122.07767672275062,34.42106971051544
1407,37.382601956389195,-122.07765866260436,43.69820468779653
1408,37.382607042414,-122.07762197874743,44.69298849441111
1409,37.38263838307102,-122.07767981498164,37.3554921168834
1410,37.38262315955984,-122.07771799671738,43.64705382939428
1411,37.38263328193838,-122.07791941391442,37.3249361878261
1412,37.38263441684198,-122.07794995602877,36.905282225459814
1413,37.38270656825568,-122.07792404126086,16.93631647992879
1414,37.3827801933404,-122.0779029706599,-1.381188828498125
1415,37.38275293512369,-122.077819970876,1.9370062220841646
1416,37.38274728985642,-122.07780815649456,1.220218900591135
1417,37.382732976660144,-122.0778245427472,3.9504199055954814
1418,37.38274248797692,-122.07781740466213,-0.24718206003308296
1419,37.382722563912566,-122.0777694105248,5.073703014291823
1420,37.382684903979154,-122.07777239456202,11.120792687870562
1421,37.382625572451694,-122.07779625844948,33.86184426303953
1422,37.38258786522899,-122.07778290784294,40.1474122563377
1423,37.382549366320724,-122.07773336809242,49.64633012190461
1424,37.38255204600817,-122.07773839515404,47.97937514260411
1425,37.382587898040704,-122.07772724181936,38.62470172625035
1426,37.382706507694614,-122.07772500877515,13.454824865795672
1427,37.382707987316614,-122.07774894694768,14.48316597379744
1428,37.38273297205391,-122.07768555587177,7.485075921751559
1429,37.38273740896738,-122.07770537396931,8.165164275094867
1430,37.38271867692161,-122.07773089793854,14.954686819575727
1431,37.382683552603496,-122.07780404910497,28.2473476100713
1432,37.38270504238314,-122.07780627388821,26.486023833043873
1433,37.38272277528041,-122.07785195122311,22.111182598397136
1434,37.3826884357451,-122.07786495609409,30.012661966495216
1435,37.38271915525856,-122.0777819786825,9.961309738457203
1436,37.38270976915242,-122.07779100888011,11.668794340454042
1437,37.38267812195844,-122.07782746693809,20.43443022761494
1438,37.38259393638281,-122.07778384425716,38.700290319509804
1439,37.382578406449205,-122.07775866223507,42.7033951068297
1440,37.38262053850526,-122.07778496882877,32.93428527377546
1441,37.38261695638992,-122.0777848257966,34.886897118762136
1442,37.38261806299078,-122.0777854889876,30.441739037632942
1443,37.38258130829602,-122.077782644595,41.66931235883385
1444,37.38255586389736,-122.07778681846665,49.12023562192917
1445,37.38253042486235,-122.07778342029697,58.18232680205256
1446,37.38252361289976,-122.07784805292619,63.899666600860655
1447,37.382498202938855,-122.07787273381982,72.07559006474912
1448,37.38249301067098,-122.07787556495268,77.02355661336333
1449,37.38253142391177,-122.07784935049408,68.05396216455847
1450,37.38255696449984,-122.07782151728767,62.258779869414866
1451,37.382628395753514,-122.07779955936913,43.84099203068763
1452,37.382649843521946,-122.07776292405342,37.64323051273823
1453,37.38265807315541,-122.07778299328946,37.112938513979316
1454,37.382694728642456,-122.07776128941396,21.427398673258722
1455,37.38273809096223,-122.07773123630989,6.669950019568205
1456,37.382687511161514,-122.07773315066189,17.73925470933318
1457,37.3826744157856,-122.0777219746214,19.47658285498619
1458,37.38262927402651,-122.0777084254694,26.58187234774232
1459,37.38261304705888,-122.0777290136678,31.10327379219234
1460,37.38260828200137,-122.07775022152741,36.53325536008924
1461,37.38260615913993,-122.07777680835378,40.16738577466458
1462,37.382649085267026,-122.07775463291958,31.701456168666482
1463,37.38270843669502,-122.0777968108958,20.560462123714387
1464,37.382724198520755,-122.0778255851161,11.95081671513617
1465,37.38272724956252,-122.07780167205372,7.187918296083808
1466,37.382725658334216,-122.07780726589436,4.351892789825797
1467,37.38273203649933,-122.07780941609475,4.171912158839405
1468,37.38273207769331,-122.07775347326454,-1.3975022891536355
1469,37.38275472511888,-122.07767331094263,-6.553874472156167
1470,37.38277564326272,-122.0776057745558,-5.525076390244067
1471,37.382809231428624,-122.07753911749774,-4.80613593570888
1472,37.38286633313639,-122.07748699519622,-4.107413128949702
1473,37.38294780300915,-122.07742534756323,0.9758879989385605
1474,37.38299023313508,-122.07737766443762,5.983810021542013
1475,37.38312322267472,-122.0772911672246,5.449668507091701
1476,37.38319903475887,-122.07722350496573,7.082089344970882
1477,37.38330537387888,-122.07715105556203,1.8291279720142484
1478,37.38341050509741,-122.07708015622612,3.922717759385705
1479,37.38351232611284,-122.07700689531569,-0.7855995986610651
1480,37.3835871219703,-122.07695802585688,2.048299957998097
1481,37.38366299745085,-122.0768614643281,8.638060730881989
1482,37.38375669297305,-122.07678738141566,11.042581075802445
1483,37.38387831905358,-122.07674462340502,13.33753343950957
1484,37.383966607012354,-122.07667352145124,14.251986870542169
1485,37.384082563483254,-122.07662747044753,23.559471148997545
1486,37.38419138815248,-122.07652651141214,18.139954299665987
1487,37.384283705265474,-122.07645002947717,18.452823660336435
1488,37.38438254879349,-122.07637483280237,19.8795833485201
1489,37.384480810738246,-122.07630485956061,17.63113448675722
1490,37.38454488613693,-122.0762372514171,12.806171444244683
1491,37.38465316385306,-122.07616966850762,11.372852578759193
1492,37.3847587660221,-122.07610500800178,2.9497556695714593
1493,37.38483044417679,-122.07602988455675,6.7647965010255575
1494,37.38490180348296,-122.0759622418276,9.537732314318419
1495,37.384967438262606,-122.07591813244117,12.870872798375785
1496,37.38503526252254,-122.07588368144076,13.269160442054272
1497,37.38510900047622,-122.07583512342332,6.696327205747366
1498,37.38513634528357,-122.07580286347323,3.837359313853085
1499,37.385146081976494,-122.07579021245056,-8.428201189264655
1500,37.38517117392743,-122.07579256008658,-8.584949904121459
1501,37.385170866377145,-122.07579803480503,-4.1556262308731675
1502,37.38511964902988,-122.07581431898318,-2.226111764088273
1503,37.385133065238904,-122.07582064249087,-1.5753830214962363
1504,37.3851657512725,-122.07582381150098,-3.1535656740888953
1505,37.3851756127399,-122.07586431956744,-2.583283267915249
1506,37.3852198014843,-122.07591131217308,-0.40831062104552984
1507,37.38526190168764,-122.07597574426768,-3.1640016958117485
1508,37.38529709866615,-122.07604295376142,1.9700959362089634
1509,37.385326327541044,-122.0761467727771,5.937441673129797
1510,37.38536946793605,-122.07628828282947,-0.03582840319722891
1511,37.385443457188344,-122.07637795009029,1.7354908641427755
1512,37.38548844201426,-122.0764625399432,-0.4802500866353512
1513,37.385535913719345,-122.07654855319983,-1.160993130877614
1514,37.38555502938786,-122.07659841727343,-4.554505510255694
1515,37.38558068469135,-122.07668051988807,-5.130196865648031
1516,37.38557446791822,-122.07675205195568,-6.928052430972457
1517,37.38560608679072,-122.0768095060539,-8.036219261586666
1518,37.38559922312063,-122.0768736249927,-8.001408009789884
1519,37.385606863311956,-122.07691391253594,-5.967604275792837
1520,37.3856026162445,-122.07695981627043,-3.6203133687376976
1521,37.3855695842186,-122.07702682181585,-4.690796343609691
1522,37.38550367079177,-122.07706674638663,-6.305658092722297
1523,37.38539929581271,-122.07713153247428,-3.0733922673389316
1524,37.38530935379245,-122.07721170729931,1.7029186468571424
1525,37.38525758727045,-122.07723914043427,-11.047353231348097
1526,37.38517228026641,-122.07730305694764,-8.468719275668263
1527,37.385018224637086,-122.07743033134052,1.8977039689198136
1528,37.38493443747545,-122.07747420691402,-1.7309069484472275
1529,37.38481406932131,-122.07754620926302,-0.6842298666015267
1530,37.38474113612823,-122.07757529779448,-0.31711485609412193
1531,37.38462737567724,-122.07762986505482,0.8155562346801162
1532,37.38453842374771,-122.07767222496526,0.10316651966422796
1533,37.38444272961274,-122.07774052817437,-0.33335566613823175
1534,37.38434633169282,-122.0778110589735,2.281781541183591
1535,37.38425952316162,-122.07787542143951,1.5842788917943835
1536,37.38417128413041,-122.07793032583638,-4.85167726315558
1537,37.38404658020948,-122.07805632272412,2.8271403526887298
1538,37.383961352053944,-122.07812611049042,-3.294439896941185
1539,37.383874212720414,-122.07817985407604,-3.850371648557484
1540,37.38374702687913,-122.07823901666939,6.796555841341615
1541,37.383667610201215,-122.07828716475508,2.9835760295391083
1542,37.383592412631465,-122.07833620383141,-0.350491801276803
1543,37.383561392862646,-122.07837985078005,-1.399709607474506
1544,37.38348831100454,-122.07845042603473,-3.6694447435438633
1545,37.38341892501223,-122.07851334439536,-3.1864859722554684
1546,37.383353415420586,-122.0785738830449,-4.015301897190511
1547,37.383292051250876,-122.07863613694565,-7.017073004506528
1548,37.3832424947658,-122.07868340628906,-11.153124826028943
1549,37.38321910810806,-122.0786828618569,-10.877747283317149
1550,37.38318895009089,-122.07872919550287,-4.274004388600588
1551,37.38319763660664,-122.07877080250148,-3.4958504689857364
1552,37.383204988449734,-122.07882060647174,-0.48138891998678446
1553,37.38321755482076,-122.0789038978702,7.226442359387875
1554,37.38330181319916,-122.07899262610799,6.5069910222664475
1555,37.383392048911595,-122.0790952156077,3.863427221775055
1556,37.38343625581857,-122.07920326340849,6.00832028593868
1557,37.38351641572667,-122.07937064077638,6.435773003846407
1558,37.38363699064553,-122.07954089989632,-0.7762552946805954
1559,37.383787677518654,-122.07973979295849,4.68770057708025
1560,37.38389821705407,-122.07993412364976,1.4937381828203797
1561,37.38399647352064,-122.08016161775737,0.8366849599406123
1562,37.38410493894308,-122.08038120867545,3.3137052562087774
1563,37.38422142558403,-122.0806102302341,2.717829660512507
1564,37.38430877554294,-122.08081690079887,6.248563328757882
1565,37.38441097812456,-122.08103941846187,3.207969695329666
1566,37.3844988124761,-122.0812750597165,0.31544535141438246
1567,37.384598426992284,-122.08149937898384,-1.825884479098022
1568,37.38471318599666,-122.08169793194716,-4.042259438894689
1569,37.38481664211283,-122.08190919385952,-6.684357864782214
1570,37.38490601635188,-122.08210164639713,-10.004860401153564
1571,37.384991330873014,-122.0822785767161,-7.507132050581276
1572,37.38509389680742,-122.08246079687889,-7.009742379188538
1573,37.385168308669556,-122.08258751293029,-3.3827209612354636
1574,37.38523547926346,-122.08268229903184,-1.3545295968651772
1575,37.38526431937228,-122.0827921169108,-3.29387170355767
1576,37.38532406349138,-122.08290102865446,-4.972146660089493
1577,37.38536495727056,-122.08300193805384,-6.062733985483646
1578,37.38538200447576,-122.0831434364234,8.201162179000676
1579,37.385435162305804,-122.08318622375944,6.847481201402843
1580,37.38548111552187,-122.08327099388524,8.312728832475841
1581,37.385526662440455,-122.08334935406856,7.607693292200565
1582,37.385553562517536,-122.08337415555296,12.392381126992404
1583,37.38558431548436,-122.08341195320857,14.00245547760278
1584,37.38557966728126,-122.08341291722606,11.570744736120105
1585,37.385591071825836,-122.0834645511604,13.668765053153038
1586,37.38559640333327,-122.0834552883891,12.2201480679214
1587,37.38556253235727,-122.08345323195958,13.870495326817036
1588,37.38559586976904,-122.08347026089173,12.00063493475318
1589,37.38561042170054,-122.08345268285092,14.27606051042676
1590,37.385622459933934,-122.08344199102797,10.336948307231069
1591,37.38562076384755,-122.08344366724991,1.790224203839898
1592,37.38559895733357,-122.08348093471885,6.217134314589202
1593,37.38560751135314,-122.08354505383019,12.609504674561322
1594,37.385630072593806,-122.08360646508322,13.335844966582954
1595,37.38568353007893,-122.08367307108661,8.561670005321503
1596,37.38572194216944,-122.08376669221099,8.875357329845428
1597,37.38579358511204,-122.08387465985662,3.04296182282269
1598,37.385813955888665,-122.0840639216607,8.622755031101406
1599,37.38585390489337,-122.0842177632601,15.37575603555888
1600,37.385904547582854,-122.08436808774428,12.860607803799212
1601,37.38595570501975,-122.08453604882199,16.68844916112721
1602,37.38609527998504,-122.0846452541945,15.377575411461294
1603,37.38618682916043,-122.08475614595079,8.457125262357295
1604,37.38631576856755,-122.08492255985885,4.844471920281649
1605,37.386411615863054,-122.08507028559818,-5.854106990620494
1606,37.38650423789807,-122.08525456142584,-4.629811702296138
1607,37.38659973405058,-122.08540884797905,-6.070535244420171
1608,37.38670464618744,-122.08555531024096,-10.951039439998567
1609,37.38679497171705,-122.08571964242346,-10.330194678157568
1610,37.38688906727633,-122.08592109059992,-9.056894869543612
1611,37.386935063343365,-122.08609017533901,-8.76814185269177
1612,37.38701175349839,-122.08627354123993,-8.205138663761318
1613,37.387077475315195,-122.0864535326415,2.549348095431924
1614,37.38716221712852,-122.0866040193368,1.1692683966830373
1615,37.38726002662093,-122.08673928105375,2.1814899249002337
1616,37.387335630158674,-122.08689302246799,0.5699441600590944
1617,37.38741878315675,-122.08704254696879,2.2612659065052867
1618,37.38752505617289,-122.08720619828175,3.9639107286930084
1619,37.38756573800655,-122.08735868124766,6.206079461611807
1620,37.38758350834552,-122.08747471905441,1.9520035861060023
1621,37.38762534480108,-122.08757352042923,0.3090140353888273
1622,37.387680730396575,-122.08766852299598,0.20098006073385477
1623,37.38770187919788,-122.08773106845658,-3.013736150227487
1624,37.38771533542286,-122.08775326837495,-0.5013973321765661
1625,37.38774132086872,-122.08779331374339,-4.576883990317583
1626,37.38772269506811,-122.08778760410533,-5.775610321201384
1627,37.38773770984905,-122.08780246576697,-8.53717102855444
1628,37.387746217685056,-122.08781505007337,-6.648371024057269
1629,37.38775898068992,-122.08782270609937,-6.7997289430350065
1630,37.387748209791745,-122.08781726848841,-5.579988108947873
1631,37.38771854296052,-122.08775872425016,-7.907864601351321
1632,37.38769736541098,-122.08774686940775,-6.252498056739569
1633,37.3876853672502,-122.08773567884992,-5.8926230780780315
1634,37.387679203918744,-122.08772391707728,-6.8377760937437415
1635,37.38769070485181,-122.08770461439143,-18.00555521901697
1636,37.387689797281325,-122.08768787186564,-19.80806277692318
1637,37.387683817430734,-122.08768553084562,-13.571398288011551
1638,37.38768543772723,-122.08771083882243,-13.40380826126784
1639,37.38773158093353,-122.08773560395292,-9.474743098020554
1640,37.38772593851961,-122.08775636417455,-6.430051316507161
1641,37.3877339740018,-122.08775507374224,-10.450989576987922
1642,37.38775021550747,-122.08776079068606,-11.436698202975094
1643,37.38776111673642,-122.08775903918345,-8.903825170360506
1644,37.387779202362864,-122.08774354861323,-6.020663884468377
1645,37.387782000952846,-122.08774422822006,-4.9884574338793755
1646,37.38776671041918,-122.0877313348254,-2.3433082811534405
1647,37.38775019023703,-122.08774100993115,-3.5210687089711428
1648,37.387755830689215,-122.08772945956325,-3.694244958460331
1649,37.38775099929871,-122.08771357026771,-11.457760200835764
1650,37.38776622597218,-122.08770656347791,-13.764438856393099
1651,37.38775615559405,-122.08769875340388,-14.595656174235046
1652,37.38775524304244,-122.08769278380966,-14.76424318086356
1653,37.387745979473465,-122.0877073680356,-8.869860645383596
1654,37.38775784101749,-122.08772592635052,-5.856966035440564
1655,37.38775986302664,-122.08772573527538,-1.913008795119822
1656,37.38775214788688,-122.08771728922946,-0.30692511796951294
1657,37.38774099529858,-122.0877346140191,-1.1320745190605521
1658,37.387755094765346,-122.0877738099818,0.5835306271910667
1659,37.38776205453637,-122.08777997763751,0.6808822453022003
1660,37.387776780991864,-122.08775294990325,-4.806079531088471
1661,37.38777258930362,-122.08774539970143,-6.548612968064845
1662,37.38778196857755,-122.08772818885275,-10.097132753580809
1663,37.38778282712098,-122.0877252936505,-12.857524257153273
1664,37.387775292565124,-122.0877318591676,-11.281253612600267
1665,37.38778645656956,-122.08775165153945,-13.102185781113803
1666,37.387793655512894,-122.08776302505872,-14.039652351289988
1667,37.38781379438408,-122.087782430465,-14.54103175830096
1668,37.38780958264491,-122.08778451024611,-15.322493108920753
1669,37.38777289800928,-122.08778150896582,-14.306712199933827
1670,37.3877113832392,-122.08773231263913,-9.70923772919923
1671,37.3876886428759,-122.08770695572598,-7.037400845438242
1672,37.38769250083919,-122.08769066837976,-7.112536538392305
1673,37.38769072669682,-122.08767126765875,-5.505782389082015
1674,37.38767414195193,-122.08770794314187,-0.48964380845427513
1675,37.387686786775554,-122.08770165903242,-2.4898148579522967
1676,37.38770120165934,-122.08774213349749,-2.2768629118800163
1677,37.38771250068658,-122.08775903175884,-0.9964912021532655
1678,37.387732327308825,-122.08781188600823,-1.2247291393578053
1679,37.38777699814849,-122.08787492298015,-0.4202928552404046
1680,37.38780394421248,-122.0879404861667,-2.6462222151458263
1681,37.387861664622115,-122.08804085141273,-4.185901179909706
1682,37.38792348018439,-122.08817205469212,-4.195606026798487
1683,37.38798699386915,-122.08829183444242,-4.833437874913216
1684,37.38803413887434,-122.08839961613532,-2.022402338683605
1685,37.38809134982575,-122.08852457507525,0.6484723621979356
1686,37.388191882911904,-122.08871101399488,0.6224250700324774
1687,37.38827464771725,-122.08887157644158,-3.1480943709611893
1688,37.38835078292609,-122.08902068133304,-4.680075195617974
1689,37.38843355219017,-122.08917892814603,-5.362471682950854
1690,37.388509888305414,-122.08935841027781,-4.364588849246502
1691,37.38860990123046,-122.08954880692711,-2.3058816445991397
1692,37.38867117471564,-122.08970335877528,-1.7602578662335873
1693,37.38876326010535,-122.0898941611844,-1.497951379045844
1694,37.38884585320566,-122.09006966659089,-3.267677830532193
1695,37.38890910415081,-122.09022407007353,-6.618471032939851
1696,37.38899985789127,-122.09037862803076,-6.804132119752467
1697,37.38907751139106,-122.09054718232312,-7.402009022422135
1698,37.3891682908086,-122.09070990570413,-4.728714767843485
1699,37.38924648869103,-122.09088132773762,-8.28883720934391
1700,37.389344904437415,-122.0910449931991,-6.353436376899481
1701,37.38944056514108,-122.09120679822027,-2.689535090699792
1702,37.389513211381086,-122.09136956808473,-6.22790898848325
1703,37.38959472170902,-122.09151988733464,-3.54113788343966
1704,37.389681766749376,-122.09168329217476,3.5488511472940445
1705,37.38973461627486,-122.09186059722785,2.310435843653977
1706,37.3898315709196,-122.09202608348632,2.0843131076544523
1707,37.38991669363634,-122.09219564061301,-1.6248589884489775
1708,37.39000296877929,-122.09237655994745,-2.789269014261663
1709,37.39008228347545,-122.092526945159,-1.312325406819582
1710,37.39019142456988,-122.09268107003373,5.123476265929639
1711,37.390276851237644,-122.09284593397192,5.87587184086442
1712,37.39034267959308,-122.09301975424299,10.56993465218693
1713,37.390419562464785,-122.0931974308493,12.389924801886082
1714,37.3905105682892,-122.093358253714,5.69096889719367
1715,37.39059214882998,-122.0935373908328,4.523131554014981
1716,37.390681513042836,-122.0937607435386,16.727053144015372
1717,37.39071954027063,-122.09396495480948,22.875215222127736
1718,37.39086681270616,-122.0940801882811,9.526172227226198
1719,37.390974945767034,-122.09417622391325,10.989537122659385
1720,37.39107487542131,-122.09428834034433,3.4114747550338507
1721,37.39117184984494,-122.09442312625642,-0.6690015438944101
1722,37.39125728234134,-122.094570201854,-6.155760428868234
1723,37.39138548792421,-122.0946686352719,-4.322169038467109
1724,37.39147594606033,-122.09478824659801,-6.194746737368405
1725,37.39155372839852,-122.09485737292752,-7.839832897298038
1726,37.39162917246735,-122.0949368191346,-6.291673037223518
1727,37.39168926658772,-122.0949845775566,-8.91052097082138
1728,37.39176213130689,-122.09504477058032,-10.016879653558135
1729,37.39180953345387,-122.09505354664958,-7.686382069252431
1730,37.39184984634564,-122.09508794309174,-6.794876143336296
1731,37.39182262665082,-122.09512381999805,-1.3914443580433726
1732,37.39182744616816,-122.09511986131716,0.8416977906599641
1733,37.39182476130944,-122.09512961726301,2.897002556361258
1734,37.39181864646117,-122.09514526244517,6.5246243719011545
1735,37.3918079515287,-122.09512385937136,3.5694882599636912
1736,37.391803473203424,-122.0950852942365,2.6322136726230383
1737,37.391797853370115,-122.09504611511798,0.5070549985393882
1738,37.39178896868559,-122.09504286915852,-3.350530526600778
1739,37.39178493323571,-122.09505940112531,-1.5477118818089366
1740,37.39177019212621,-122.09507386345278,2.0948322461917996
1741,37.39177889066834,-122.09508143928689,2.4093995075672865
1742,37.3917633905424,-122.09508501309517,0.7140654306858778
1743,37.391769150956904,-122.09506675847132,-1.7322659296914935
1744,37.391772186613,-122.09503738660045,-1.4828578867018223
1745,37.391751224568935,-122.09501665480441,-2.576067396439612
1746,37.3917300135671,-122.0950093115178,-5.525038826279342
1747,37.391725031151445,-122.09501716277619,-4.721973278559744
1748,37.391709873115715,-122.09499891844845,-9.21893163304776
1749,37.391697759214004,-122.09499149122698,-11.18975388072431
1750,37.39167568335942,-122.09498029542061,-14.312413928098977
1751,37.391684975517045,-122.09497332565965,-14.336022584699094
1752,37.39170387576099,-122.0949133872208,-16.91537943482399
1753,37.39170077966943,-122.09490379634671,-17.8361048521474
1754,37.39170831512169,-122.09489487550488,-15.317570125684142
1755,37.391688220566955,-122.09492714556384,-15.45691478997469
1756,37.39169940910101,-122.09490105316918,-15.248295521363616
1757,37.39170563553155,-122.09487685740235,-17.237849754281342
1758,37.39171412547846,-122.09488794333137,-17.77876633219421
1759,37.391713839162,-122.09488584972388,-22.28176681790501
1760,37.39171768057067,-122.09490652285417,-19.768287558108568
1761,37.3917124242045,-122.094927514001,-17.394980269484222
1762,37.39171123958385,-122.09495743466401,-14.557819054462016
1763,37.39169081171533,-122.09504985526101,-10.874275260604918
1764,37.391694518041625,-122.09509081510872,-8.551301022991538
1765,37.39172034205431,-122.09508043828936,-11.960388416424394
1766,37.3917238275427,-122.0950991713193,-15.197168802842498
1767,37.39173702474483,-122.09511428910876,-14.467914772219956
1768,37.39175713827383,-122.09514762285656,-10.310199100524187
1769,37.39176181273574,-122.09516594255751,-9.251018385402858
1770,37.39177432807769,-122.09513909420208,-7.876045402139425
1771,37.39177802712264,-122.09513041388318,-9.029761165380478
1772,37.391794291336296,-122.09510959376914,-6.803725543431938
1773,37.391775993819536,-122.09505514031473,-7.629762300290167
1774,37.39176671262817,-122.09503095626125,-7.905210437253118
1775,37.391773244997644,-122.09500758330898,-8.945952299050987
1776,37.39178562985604,-122.09504040856002,-5.728991556912661
1777,37.39182686840392,-122.09509438574689,-5.577576547861099
1778,37.39187706511494,-122.09514837996846,-5.592057748697698
1779,37.39191630412295,-122.09517910606425,-5.124645541422069
1780,37.39199065311253,-122.09523597286379,-6.2997787585482
1781,37.39208676634284,-122.09534852114314,-9.544761491939425
1782,37.39219363999413,-122.09543894698258,-9.306562261655927
1783,37.39230037372831,-122.09556172142254,-7.722840443253517
1784,37.39240294515977,-122.09565287028508,-9.200139055028558
1785,37.39250607836124,-122.09579145597361,-7.391053963452578
1786,37.39261409106009,-122.09589854415205,-6.529291934333742
1787,37.39273698434021,-122.09599852334851,-6.56292474642396
1788,37.39285163638014,-122.09611675445966,-6.45515589043498
1789,37.392967018062535,-122.09622392926175,-6.670674621127546
1790,37.393070214554704,-122.09633682585431,-4.913178250193596
1791,37.39317806920446,-122.09647087656896,-6.277845004573464
1792,37.39328487262195,-122.09659170375713,-6.934928521513939
1793,37.39340765778249,-122.09672456731622,-5.8611505422741175
1794,37.39351657519489,-122.09687171772238,-7.594173446297646
1795,37.39362328583744,-122.09701203242066,-8.444751464761794
1796,37.3937116206587,-122.09717389938562,-7.673113058321178
1797,37.39380521198589,-122.09733880059991,-7.909012352116406
1798,37.39389614514359,-122.09746430072371,-10.312109033577144
1799,37.39396955182264,-122.09765205631635,-7.879988952539861
1800,37.394048465933,-122.09781808076256,-8.365970734506845
1801,37.39413699961589,-122.09799759414275,-8.21060439851135
1802,37.39422281189512,-122.09818005553828,-8.823257493786514
1803,37.39430089201688,-122.09836124286771,-6.641547832638025
1804,37.3943603363393,-122.09852250888245,-7.815418451093137
1805,37.39444727871508,-122.09869282087776,-9.852339510805905
1806,37.39451095576818,-122.09887153637452,-11.3983551627025
1807,37.394639943342526,-122.09904635288224,-12.256974486634135
1808,37.39469904534191,-122.09923456593557,-8.394220961257815
1809,37.394746569979105,-122.0993925617944,-10.818534356541932
1810,37.39482574809106,-122.09958657930764,-9.142386595718563
1811,37.394909248967245,-122.09977619860346,-8.183399412781
1812,37.39497577526978,-122.09995569542417,-8.241594405844808
1813,37.39508539011139,-122.10014532297225,-5.854894402436912
1814,37.39515193880132,-122.10032731348223,-5.20862090587616
1815,37.395198006956406,-122.10050431492213,-7.533658564090729
1816,37.395260741791674,-122.1006751815978,-9.03265158366412
1817,37.39534282503504,-122.10084542496291,-7.040825450792909
1818,37.39542362757485,-122.10099792316728,-7.412370543926954
1819,37.39549037520259,-122.10116344837883,-7.713856101036072
1820,37.3955297292682,-122.1013174272479,-10.449476037174463
1821,37.39558866136345,-122.10146983446685,-8.464831632561982
1822,37.395681756969644,-122.10162344316848,-8.800731582567096
1823,37.39573997632718,-122.10171852385265,-11.199015592224896
1824,37.39582648199157,-122.10187373052315,-10.899163921363652
1825,37.39588038149805,-122.10200634897164,-11.09916937444359
1826,37.39594767397536,-122.10215429960685,-10.47062009666115
1827,37.39600973707444,-122.1022809004465,-8.760759353637695
1828,37.396081784075434,-122.1024079766604,-8.492678009904921
1829,37.3961398872547,-122.10252785277663,-7.488369231112301
1830,37.39614941975986,-122.10262267875284,-8.071771188639104
1831,37.39619157751279,-122.10272519059853,-7.149350203573704
1832,37.39620737352252,-122.10277730319055,-6.964127057231963
1833,37.396226694743405,-122.10284826643662,-8.331717181019485
1834,37.39626147277235,-122.10292942741586,-7.646626876667142
1835,37.3963193479749,-122.10299354878559,-6.50348609033972
1836,37.396315524835046,-122.10305461919698,-8.34153562784195
1837,37.39636562096151,-122.10312954491914,-6.997840573079884
1838,37.39638501798318,-122.10317244062095,-4.9943720400333405
1839,37.39639039701081,-122.10318336512745,-5.887908227741718
1840,37.39640770598678,-122.10318371207732,-4.109679255634546
1841,37.396438715316684,-122.10316370419554,-5.6076424745842814
1842,37.396375069753766,-122.10315817358702,-11.583517904393375
1843,37.39640126298128,-122.10314932640365,-10.309099415317178
1844,37.39642946584066,-122.10312922100704,-10.038897067308426
1845,37.396463415568974,-122.10312156443972,-7.4498228169977665
1846,37.396509691115774,-122.10310690906707,-1.5005363719537854
1847,37.39648107800923,-122.10306648785516,-2.3479054793715477
1848,37.396487429561176,-122.10301805238784,-3.191449080593884
1849,37.39643444943957,-122.10297538773496,-7.315645642578602
1850,37.396424224061086,-122.10294470045908,-7.816263288259506
1851,37.39638990207015,-122.10292592358242,-11.931574975140393
1852,37.39644958238291,-122.10296573312509,-7.501777972094715
1853,37.39643188469869,-122.10299105767095,-9.804157454520464
1854,37.39644604494049,-122.10299446681891,-10.2686059018597
1855,37.3964830330121,-122.10299826956945,-7.651603488251567
1856,37.39647610633557,-122.10299561938015,-5.114590282551944
1857,37.39645445705325,-122.10298706315648,-7.501354845240712
1858,37.39638178052884,-122.10296347512013,-15.07287425827235
1859,37.39639213410109,-122.10296007623191,-15.6650294912979
1860,37.39638798101229,-122.1029765322684,-16.89788768067956
1861,37.39638830771329,-122.10297914160901,-16.86640323046595
1862,37.396424505900676,-122.10301324443832,-12.234309621155262
1863,37.39644547099302,-122.10307447359475,-5.115076915360987
1864,37.39648323305585,-122.10311272192648,-1.3413657937198877
1865,37.396503972939676,-122.10314774377069,3.6865011071786284
1866,37.396483504439146,-122.10316599420489,2.3634015219286084
1867,37.39645588386082,-122.10316846342701,-1.4186936626210809
1868,37.39645778692004,-122.10317929702155,0.29129201266914606
1869,37.396452440105186,-122.1031934876223,4.5302135813981295
1870,37.39642368818853,-122.10316473222825,4.427661160938442
1871,37.39642948360646,-122.10314768628443,5.022639637812972
1872,37.39637224888666,-122.1031137405473,-0.38195711467415094
1873,37.39634381844173,-122.10313740460968,-3.670283431187272
1874,37.39646290084316,-122.10309104795891,-0.4632109757512808
1875,37.39650168263696,-122.10308196316184,1.4526122147217393
1876,37.39655398923201,-122.10311336905694,9.214813529513776
1877,37.396610300357956,-122.10312938299506,18.688073102384806
1878,37.39661560650249,-122.10316536911715,23.245952093973756
1879,37.396634921517666,-122.10317175970945,22.314789183437824
1880,37.39654770864255,-122.10316281584683,12.488533694297075
1881,37.39647354719034,-122.10317116502858,7.297180942259729
1882,37.39643399741476,-122.10316180635665,3.0573115115985274
1883,37.396370903604264,-122.10313066643981,-7.684095514006913
1884,37.39633826950907,-122.10314638061233,-9.45685391779989
1885,37.39630907867109,-122.10315189859756,-8.80676332488656
1886,37.39631795089687,-122.10317350556875,-5.949743269942701
1887,37.39638899631029,-122.10318010559926,-1.481638086028397
1888,37.39639345229416,-122.10320367929774,0.5567927602678537
1889,37.396392665501615,-122.10323086166316,1.2757393876090646
1890,37.396409625084715,-122.10323243582272,2.477635098621249
1891,37.396395783353746,-122.10322990724616,2.076488586142659
1892,37.396392036857,-122.10322750383594,4.343084409832954
1893,37.396432303444534,-122.10321861610444,5.0728189861401916
1894,37.396415978268145,-122.10322305047228,4.413907008245587
1895,37.396462583175364,-122.10323673646394,10.268873186782002
1896,37.3964832030814,-122.10324764744583,13.627774997614324
1897,37.396543514604915,-122.10316582575241,11.252626528032124
1898,37.39652849059997,-122.10312706527611,6.883696003817022
1899,37.396522852929536,-122.10311089481766,5.137033979408443
1900,37.39651263336751,-122.10311388539455,4.710835488513112
1901,37.396542152806,-122.10311727303876,6.643851852975786
1902,37.39658307339258,-122.10307800030525,4.354458514600992
1903,37.39660236549526,-122.10304368036635,2.997723295353353
1904,37.39660666444743,-122.10304808653785,0.6844699326902628
1905,37.39656064643621,-122.10306444062932,-2.33652382530272
1906,37.39654742480286,-122.10308149797017,-2.493774976581335
1907,37.39652432084288,-122.10311812838717,0.08712375164031982
1908,37.396463660449015,-122.10315082546852,-1.3354372903704643
1909,37.396452355580635,-122.10316396720708,-2.4207325521856546
1910,37.39643811275545,-122.10317867338374,-1.542730893008411
1911,37.39642624538414,-122.10314643363091,-4.87126736715436
1912,37.39646068687604,-122.10313472597598,-4.139418768696487
1913,37.39648279003229,-122.10313011221984,-4.830068399198353
1914,37.396503508563704,-122.10312510022209,-4.841412400826812
1915,37.39649248217317,-122.10311467364511,-7.739543437026441
1916,37.39651577818937,-122.10313013619438,-3.7996659353375435
1917,37.39650318942449,-122.10315642000708,-0.11637900397181511
1918,37.396372460190676,-122.10316854641886,-6.309056987054646
1919,37.39635468960747,-122.10317058983142,-6.707111701369286
1920,37.39646055588891,-122.1031949532432,3.948971025645733
1921,37.39644442200635,-122.10319965066385,5.069823759607971
1922,37.396470701613154,-122.1031967118502,7.801570326089859
1923,37.396480020480986,-122.10320956894945,11.230077262967825
1924,37.39649877951631,-122.10322533493402,13.651567406952381
1925,37.39647464174842,-122.10321746515193,11.033523208461702
1926,37.39643516197119,-122.10322513332277,10.095943045802414
1927,37.39642799565616,-122.1032371583713,12.457497474737465
1928,37.396409135627415,-122.10330396095517,14.90926927421242
1929,37.396400192892635,-122.1033106345707,15.356736696325243
1930,37.3964505316899,-122.10328449398375,16.73721989709884
1931,37.39648080404488,-122.1032585325068,17.82346370164305
1932,37.3965319074424,-122.10324308984887,20.467105062678456
1933,37.39644935287243,-122.10321985008422,12.47831057664007
1934,37.3964307567804,-122.10320307826977,11.49743283726275
1935,37.396385250548384,-122.10316287580594,5.562078983522952
1936,37.39638715962396,-122.10312904585936,6.3318174732849
1937,37.39639370516156,-122.10310271413093,3.9927514903247356
1938,37.396438710236545,-122.10308855923401,5.623000146821141
1939,37.39644180034094,-122.10307231849077,3.8468186715617776
1940,37.39643273716157,-122.10312014072508,3.68962939735502
1941,37.39645742644611,-122.10317152031784,4.173854175955057
1942,37.39649599279277,-122.10320789835146,7.246018022298813
1943,37.39646461978517,-122.10319045703436,2.9473957009613514
1944,37.39647661337759,-122.10320306386514,4.8028882779181
1945,37.39647554624726,-122.10320911018263,4.581765666604042
1946,37.396481971859515,-122.1031965144767,3.557302551344037
1947,37.396467162647355,-122.10318730139335,3.3171628965064883
1948,37.39644109351795,-122.10319849633862,6.431903941556811
1949,37.396451354617675,-122.10318559340661,7.868292227387428
1950,37.39642670442706,-122.10317967593467,6.227125067263842
1951,37.39641825796757,-122.10317978107807,6.9285011254251
1952,37.396457725451164,-122.10316698538878,11.180326765403152
1953,37.396577475083774,-122.10317646598462,15.409102418459952
1954,37.396548164825276,-122.10317547726335,11.947533876635134
1955,37.39648230675088,-122.10319118287366,9.097461019642651
1956,37.396365919885596,-122.10317347133275,-2.0459492607042193
1957,37.39631955703258,-122.10318340855451,-5.562780007719994
1958,37.39625178819001,-122.10316506313582,-13.727710966952145
1959,37.396201939662234,-122.10315946208969,-12.400846772827208
1960,37.39612418143188,-122.10308271299645,-9.895804025232792
1961,37.39608489383285,-122.10304381728572,-10.392200443893671
1962,37.39605082543203,-122.10300378208026,-7.973771197721362
1963,37.39602197205934,-122.1029297147175,-8.437294755131006
1964,37.39600495797393,-122.10282506674726,-11.300481939688325
1965,37.395971337462626,-122.10278497735051,-9.804302358068526
1966,37.395938017473966,-122.10273488746122,-8.817211268469691
1967,37.395886899798214,-122.10270257231853,-3.3240383146330714
1968,37.39587769775987,-122.10275295389917,-3.638872006908059
1969,37.39586232167641,-122.10275976774413,-3.405581347644329
1970,37.39583557198138,-122.10276111465394,-5.953144165687263
1971,37.39580824025131,-122.10277237553673,-5.2401909325271845
1972,37.39578273344151,-122.10282743518977,-6.321930479258299
1973,37.39575805786427,-122.1028698246788,1.2531935637816787
1974,37.3957509224805,-122.10288841985152,1.5900088092312217
1975,37.39579215602231,-122.10294794743044,-2.4077741280198097
1976,37.39580762003563,-122.10304218125249,-5.518056998029351
1977,37.39582725519889,-122.10310041145677,-9.467560444958508
1978,37.3958255988948,-122.10313086977074,-10.085151770152152
1979,37.395843721905436,-122.10313647965802,-15.546356797218323
1980,37.39585571606688,-122.1030879161696,-13.795895951800048
1981,37.39587187168478,-122.10307464237063,-14.40798729751259
1982,37.395870018755176,-122.10301091320642,-8.722636451944709
1983,37.39587738104591,-122.10300096382775,-7.0979118552058935
1984,37.39587545213794,-122.10298177139923,-4.444256572984159
1985,37.39587092146938,-122.102958577518,-4.540414152666926
1986,37.39583279488621,-122.1029907347453,-5.76985686738044
1987,37.39583228550155,-122.1029977982318,-7.846587086096406
1988,37.39582797751272,-122.10299399433062,-7.167475291527808
1989,37.39582954364915,-122.10299726446641,-7.174853342585266
1990,37.39584461348243,-122.10299931746373,-8.915100147947669
1991,37.39588283906548,-122.10298537183945,-1.3637012867257
1992,37.39589031093732,-122.10293750254309,3.158659426495433
1993,37.395874917361766,-122.10289125841153,4.563317110762
1994,37.39586902092288,-122.10280960862453,6.780191304162145
1995,37.39585725110966,-122.10285500470226,3.2808018950745463
1996,37.39586136704857,-122.1028424878922,4.77593176625669
1997,37.39585433135694,-122.10281394489266,11.816210558637977
1998,37.39583014239026,-122.10283050205456,9.858507875353098
1999,37.39581197469073,-122.10278993996599,18.007368872873485
