Epoch,Lat,Lon,Alt
121,37.394109524640044,-122.09861465668135,-11.507946766912937
122,37.39419902833186,-122.09862138644607,-15.786912296898663
123,37.39419531366215,-122.09860921863373,-6.830784766934812
124,37.39414996581655,-122.09861421426636,-6.218541678972542
125,37.3941475288319,-122.09863092893404,-2.6918943468481302
126,37.394158555985534,-122.09864517270934,-4.714219571091235
127,37.39413517501064,-122.09864180695917,-5.732960351742804
128,37.39412983194556,-122.09863783000813,-4.951695176772773
129,37.39413678573908,-122.09861237475617,-4.841185970231891
130,37.39415571285216,-122.09860658279817,-7.07801800314337
131,37.394169329760615,-122.09860938728846,-10.403305510990322
132,37.39416135998649,-122.09861610841901,-13.60093358810991
133,37.394133656479184,-122.09864717607167,-9.627518265508115
134,37.39412348844849,-122.09861387853833,-7.7363029746338725
135,37.394112974434464,-122.0985623016658,-4.1773859187960625
136,37.39410456734532,-122.09850777121807,-8.116630874574184
137,37.39408890692268,-122.09844116814827,-9.894809554331005
138,37.39406834552847,-122.0983576767824,-10.708926278166473
139,37.39405540189207,-122.09830210761686,-10.38858789484948
140,37.39401622633178,-122.09824313553955,-10.072712172754109
141,37.39399123013481,-122.09816038444872,-14.69855594355613
142,37.39393449553459,-122.09803036964801,-11.303028279915452
143,37.393884094708824,-122.09792135459593,-11.913430359214544
144,37.3938252627185,-122.09781493678905,-16.57989484164864
145,37.39376225903285,-122.0976831325648,-12.396329295821488
146,37.39370868032127,-122.09756078892116,-12.105107865296304
147,37.39360781976144,-122.0974118248035,-7.194581963121891
148,37.393551612323165,-122.09727625710528,-8.850900962017477
149,37.39348260653381,-122.09711945816424,-8.426791560836136
150,37.3934030557985,-122.09701004073509,-7.176537896506488
151,37.39334416587635,-122.09692114373166,-10.251791626214981
152,37.39325504594907,-122.09682455073782,-13.621623645536602
153,37.393180974430585,-122.096732714893,-13.545405899174511
154,37.3930993238797,-122.0966664177663,-13.472230684943497
155,37.393020632639654,-122.09658378415399,-14.61214772425592
156,37.39294137550594,-122.09648891505248,-15.48894838616252
157,37.39287307625914,-122.09638660568274,-12.559615870006382
158,37.39280235445887,-122.09631324011654,-7.800975228659809
159,37.39273559151443,-122.09621794776753,-7.1639978950843215
160,37.39265592320887,-122.09616247305729,-4.6967468447983265
161,37.392595228058916,-122.0960975616269,-4.873086760751903
162,37.392550715230556,-122.09604647999942,-3.9931614007800817
163,37.3925067772325,-122.09602167600349,-6.216250244528055
164,37.39246611752761,-122.09597997134301,-4.980951071716845
165,37.39242484481275,-122.0959217873115,-8.348233955912292
166,37.39237710774958,-122.09588511826873,-9.257475854828954
167,37.39234756764572,-122.09583497915753,-12.558227499946952
168,37.39230120807608,-122.09579041429646,-12.462032670155168
169,37.392246345544315,-122.09575089806967,-11.053289061412215
170,37.392188474867446,-122.09570025792729,-9.310522477142513
171,37.39212097381035,-122.09565220798984,-8.995985658839345
172,37.39206370666075,-122.09558830013617,-12.114799303933978
173,37.391980770201755,-122.09551157194593,-13.189089439809322
174,37.39189078891529,-122.09541937501072,-13.165887681767344
175,37.391825490213925,-122.09536710050756,-10.11515333596617
176,37.39174366538877,-122.0953205064581,-12.121908344328403
177,37.39167083276099,-122.09524118402669,-11.01802260056138
178,37.391596261925386,-122.09518602931425,-8.505904542282224
179,37.39151979359528,-122.09508883313723,-10.454536908306181
180,37.3914704957455,-122.09500463850928,-10.16520400904119
181,37.39139007773105,-122.09492037969035,-8.16315121203661
182,37.39131889358305,-122.09484733528325,-5.825018768198788
183,37.391262764842,-122.09478222409122,-9.932297454215586
184,37.39121475899446,-122.09468006914764,-9.218566522933543
185,37.39118030153422,-122.09461710210422,-10.755235995166004
186,37.39116015961798,-122.09458970690117,-13.479794070124626
187,37.39112564056769,-122.09449226799589,-8.703310335054994
188,37.39110335391422,-122.09447138639382,-11.989935318008065
189,37.391070245897595,-122.09442309857668,-10.609664199873805
190,37.39105107203088,-122.09440276722296,-9.444485502317548
191,37.39103685332306,-122.09439975709942,-9.949623397551477
192,37.39101203803804,-122.09439068990365,-9.404623053967953
193,37.39098827570734,-122.09433776983434,-3.2556094247847795
194,37.39095832568453,-122.09426513186627,-1.4189322078600526
195,37.39083676614938,-122.09410487756242,0.12578563392162323
196,37.390732711600215,-122.0939649258794,3.4379198104143143
197,37.390747388114775,-122.09393164734482,3.024311655201018
198,37.39066184597041,-122.09384916883505,0.8008704837411642
199,37.39059900466738,-122.09374778664737,-7.8104011649265885
200,37.39050453439876,-122.09359276662914,-3.5657171653583646
201,37.39042957827726,-122.09343943626641,-1.1715664835646749
202,37.39034007445021,-122.09330290598787,1.7987956097349524
203,37.39029573988237,-122.09319221310993,1.5664969934150577
204,37.39022752469065,-122.09306900012359,-1.1026476975530386
205,37.390179268681706,-122.09297649919968,-5.221988192759454
206,37.390118483062615,-122.09285521412602,-5.383373875170946
207,37.39003076765097,-122.09273981416318,-3.23685709759593
208,37.38995493829299,-122.09261222558393,-3.1897780280560255
209,37.38989641833847,-122.09249205044631,-4.879550928249955
210,37.3898189075448,-122.09236748495246,-6.318146039731801
211,37.38976390163386,-122.09228497356493,-10.064852075651288
212,37.389698786192255,-122.09217218651351,-8.668438328430057
213,37.38961144763747,-122.09195547510613,-9.065060148946941
214,37.38953908830107,-122.0918484600259,-7.97644427139312
215,37.389449964742454,-122.09168590796125,-5.807758851908147
216,37.38937937681742,-122.09153332239728,-5.2501651691272855
217,37.38931147794394,-122.09139355601005,-7.1333658043295145
218,37.38925791165572,-122.0912679699708,-5.627693044953048
219,37.38919568766829,-122.09113369077329,-5.287630166858435
220,37.389129287818555,-122.09098206172177,-0.24354361183941364
221,37.38906307032687,-122.09082897512593,-1.4534064326435328
222,37.38898373763107,-122.09068984170081,-2.3353704288601875
223,37.38893793231657,-122.09060151198635,-6.216539335437119
224,37.3888703663875,-122.09050171747553,-11.760115759447217
225,37.38878022237863,-122.09031173738765,-7.43601331859827
226,37.3887188477249,-122.09021423791614,-11.20147601608187
227,37.38867805597976,-122.09008602004833,-8.49673891440034
228,37.38862436864436,-122.08999583669039,-4.103042277507484
229,37.38860339062644,-122.08992039219267,-4.929749372415245
230,37.3885628024002,-122.08988828851875,-11.670014483854175
231,37.3884837173916,-122.08974079909714,-5.9765541553497314
232,37.388452746138235,-122.08967309992032,-6.004036378115416
233,37.3884182687701,-122.08960641007012,-3.3858528593555093
234,37.38839939365478,-122.08954138610939,-5.336527856066823
235,37.388386600844434,-122.08949447261436,-6.594886666163802
236,37.3883854225433,-122.08944976252468,-6.83351244777441
237,37.388426409491785,-122.08942477048213,-15.171318690292537
238,37.3884608297125,-122.08941565020862,-25.080878101289272
239,37.38847803391132,-122.08940170740293,-27.442055305466056
240,37.38850633556753,-122.08938137275064,-34.488654563203454
241,37.38848203420093,-122.08936833156767,-33.66284521576017
242,37.388478053031506,-122.08938569945776,-32.92135808710009
243,37.38845430581572,-122.08938255841697,-31.938678309321404
244,37.388409639739805,-122.08938302646521,-20.63120607379824
245,37.38838460829874,-122.0893935372795,-13.637852128595114
246,37.38836315711391,-122.08940423028383,-8.161865561269224
247,37.388359018535624,-122.08942887441518,-9.460253240540624
248,37.38830556663805,-122.08940758341964,-1.46706348285079
249,37.388313030498445,-122.0893884495411,-1.7094615222886205
250,37.38832389617945,-122.0893970383014,-7.106406680308282
251,37.38832497075448,-122.08940083517861,-9.759176945313811
252,37.388341136436296,-122.08943097520681,-11.39178391546011
253,37.3883469217567,-122.0894407924272,-12.953778553754091
254,37.388349631050886,-122.0894500762098,-12.19224170036614
255,37.38836877082067,-122.08945612249912,-14.056094161234796
256,37.38836394185248,-122.08944959467739,-12.9870101865381
257,37.3883583320604,-122.08941923784394,-9.969980644993484
258,37.38836121913401,-122.08941129463399,-9.568639172241092
259,37.388355150507714,-122.08940531450133,-7.765898361802101
260,37.38833834832291,-122.08939349193724,-7.287916994653642
261,37.388328962612285,-122.08938719752139,-8.376894514076412
262,37.38832259439686,-122.08938213032194,-3.5374817959964275
263,37.38832949682397,-122.08937810581637,1.0359219200909138
264,37.388335749374626,-122.08936925955864,3.0575379664078355
265,37.388343024485195,-122.08937017164229,-1.9063176633790135
266,37.38835260481203,-122.0893957770752,-7.381755559705198
267,37.38833495499878,-122.08938430713062,-6.741014095954597
268,37.38832849471873,-122.08938171522533,-7.163691944442689
269,37.38831556524347,-122.08938187811646,-10.152448493056
270,37.38829157733574,-122.08935368897036,-7.834034651517868
271,37.38827207074008,-122.08931742457605,-4.301697033457458
272,37.388270121429194,-122.08928309714913,-5.216947796754539
273,37.388270051840856,-122.08924520173753,-7.24389136210084
274,37.388252258505275,-122.08921299655155,-8.418518228456378
275,37.38823324933639,-122.08917199469516,-4.953885294497013
276,37.38821431497027,-122.08911651169548,-5.201734963804483
277,37.38818609780805,-122.08907238791005,-9.690535567700863
278,37.38816787239238,-122.08900946231475,-8.118772305548191
279,37.38813045220451,-122.08895813730047,-7.593653062358499
280,37.3881090982574,-122.08889853269547,-10.608970523811877
281,37.388067930379094,-122.0888026517691,-8.219614095054567
282,37.38801752403132,-122.08872646390458,-8.210110567510128
283,37.38797853596784,-122.08865064161473,-8.375240403227508
284,37.387934447848444,-122.0885939667938,-7.493526860140264
285,37.387897061708884,-122.08849035293872,-9.232149885967374
286,37.38784754392124,-122.08838700523039,-10.755464086309075
287,37.38777844300938,-122.08827875210406,-7.381867317482829
288,37.387733083615174,-122.08816010359162,-6.0438779182732105
289,37.38769418300201,-122.0880687303793,-7.505527727305889
290,37.38763992682525,-122.08794551026462,-5.1100108893588185
291,37.387569718879284,-122.08784727178208,-2.9561625476926565
292,37.38750270931655,-122.08776469644638,-4.938197322189808
293,37.38749264315693,-122.087613590791,-1.5066046910360456
294,37.38741736635171,-122.08748897753695,0.380488527007401
295,37.38731425155535,-122.08731773270999,5.717080810107291
296,37.38725783067505,-122.08716550711316,4.980333371087909
297,37.38716771775754,-122.0870054209315,7.496353227645159
298,37.38711100785329,-122.08692646072942,5.600901949219406
299,37.38706619107888,-122.08680158630489,3.6397576481103897
300,37.3870119167405,-122.08670463810186,2.149564861319959
301,37.386969301773235,-122.08659437782751,-3.0285076601430774
302,37.38691719196714,-122.08649586098836,-7.14336908236146
303,37.386878275170446,-122.08642680889223,-9.24256189726293
304,37.38684462225606,-122.0863669684321,-8.235434615984559
305,37.38681832053035,-122.08628432135514,-14.251079743728042
306,37.38677803723594,-122.08617978017682,-11.615820124745369
307,37.386762029054374,-122.0861077862648,-12.113537372089922
308,37.38671878323987,-122.08602856254085,-11.306481597945094
309,37.386667841736525,-122.0859508965278,-11.853803436271846
310,37.38661066304248,-122.0858663505012,-5.4836074616760015
311,37.38657248935082,-122.0857877039241,-7.27319994289428
312,37.38652865077782,-122.08568579855141,-8.083155583590269
313,37.38647008517164,-122.08560308481538,-3.9042349103838205
314,37.386424228910684,-122.08554721061121,-2.1090446142479777
315,37.38640015742358,-122.08544741907131,-6.7871080581098795
316,37.38636915895375,-122.08540113159506,-8.273644586093724
317,37.3863280997428,-122.0853544235031,-4.506903729401529
318,37.38628339496989,-122.08526099019134,-6.254910505376756
319,37.38626345820417,-122.08516151744448,-11.987766980193555
320,37.3862340414164,-122.08510294724186,-9.870673653669655
321,37.386217610389906,-122.08504593241771,-6.616336669772863
322,37.3862157073517,-122.08497070343188,-0.762084904126823
323,37.386200574703395,-122.08488054214811,3.962032398208976
324,37.386276725930564,-122.08482438504257,3.340907405130565
325,37.386239461961296,-122.08471241730464,8.535125718452036
326,37.38625138209908,-122.08467079477785,8.723608585074544
327,37.38619148689188,-122.08458792077869,6.56127835996449
328,37.38606433943518,-122.08451224929894,3.487592926248908
329,37.38604106055244,-122.08441540899777,8.980097143910825
330,37.38602012978882,-122.08434458341847,13.680042438209057
331,37.38599301629279,-122.08427045872527,18.5143207795918
332,37.38597894938654,-122.08419728440374,22.357667438685894
333,37.386034444139426,-122.08415505639157,26.49466440733522
334,37.38604946903841,-122.08412011117713,28.941634189337492
335,37.38601493364631,-122.08405319996184,36.167169297114015
336,37.385946211790916,-122.08391559655979,53.36229922622442
337,37.385966086777465,-122.08397085459627,53.57177043706179
338,37.38597008574636,-122.08385567968499,58.591384834609926
339,37.38591518555327,-122.0838287147,58.13183984160423
340,37.38590805778335,-122.0838464795354,52.258466897532344
341,37.385924449781754,-122.08381006910746,54.59481065440923
342,37.38595791008396,-122.08383101976551,57.21524949930608
343,37.38594822720441,-122.0838547720186,55.861861765384674
344,37.38598537251997,-122.08380361336116,62.165496724657714
345,37.38604435573764,-122.0837810800526,65.28986363578588
346,37.38608027572521,-122.08369923738401,70.00987288821489
347,37.38610950013142,-122.08367751144952,72.46064792945981
348,37.38605158932693,-122.08369161555645,60.658604240976274
349,37.38610119341961,-122.08366087716821,64.03449312224984
350,37.38607165238916,-122.08370736019008,54.12018916755915
351,37.385997656180955,-122.08368850448329,55.91194380540401
352,37.38597478727435,-122.08371108214557,58.573151560500264
353,37.385943817365636,-122.08374948716528,53.97413949389011
354,37.38593740869588,-122.0837623173627,52.85052403900772
355,37.3859002382574,-122.08384498129135,46.76153258793056
356,37.385884791558844,-122.08384984954625,47.96275219414383
357,37.38585551533794,-122.08381553568555,52.91663240361959
358,37.3858297732165,-122.08384593868759,51.47438167501241
359,37.38581496486245,-122.08384746734593,50.917783446609974
360,37.38580429169268,-122.08387766430225,44.75537810847163
361,37.38579712263486,-122.08388493375551,44.84491226635873
362,37.3857742637979,-122.08390875139713,40.97953322157264
363,37.385768876526605,-122.08392456293569,33.94310730975121
364,37.38581421291183,-122.08412687575242,14.6667651059106
365,37.3858264907832,-122.08414421949726,13.114552706480026
366,37.385822454936815,-122.084128256566,17.543517428450286
367,37.38584051826719,-122.08414634777932,14.800345144234598
368,37.385835317491676,-122.08421818630939,9.229100117459893
369,37.3857926937924,-122.08414991049654,11.86427011527121
370,37.38577523946237,-122.08407288666051,15.223949533887208
371,37.38574027909963,-122.08404372225696,17.709670750424266
372,37.38584009002,-122.0845705811054,-21.747929325327277
373,37.38593538408607,-122.084921173345,-47.377909543924034
374,37.385896949249144,-122.08464354692904,-29.21168478578329
375,37.385890737694304,-122.08455114001701,-17.58550810161978
376,37.38588534288708,-122.08441441309712,-6.433828828856349
377,37.38587211261869,-122.0843482278851,1.1391915818676353
378,37.38584202301541,-122.0842455958313,5.050555761903524
379,37.38582142808169,-122.08416357007098,5.818464381620288
380,37.38581254314977,-122.08410315339691,11.824236023239791
381,37.38577058891212,-122.08392769735327,21.736917623318732
382,37.38576029157801,-122.08378948280375,30.11406682431698
383,37.385773363777446,-122.08373874385465,27.35221558716148
384,37.385763541295134,-122.0836784777011,29.26886798720807
385,37.38575938760178,-122.08366861163954,30.269296280108392
386,37.38574105202877,-122.08366327113599,36.28948395233601
387,37.385745626854415,-122.08371481649469,39.928547638468444
388,37.38575849334004,-122.08376913194145,40.472530007362366
389,37.385756712783824,-122.08371579932474,45.61507145874202
390,37.38578320686088,-122.08376660427518,38.352710529230535
391,37.38579260783761,-122.08379875753772,33.790614273399115
392,37.385805985254166,-122.08386062287224,26.189598531462252
393,37.38582302766983,-122.08389191326545,23.381162399426103
394,37.38582268946563,-122.08400948823828,10.995638751424849
395,37.38581917344453,-122.08408305155756,3.4920729445293546
396,37.38584703165331,-122.08417294794661,3.9895280096679926
397,37.385876490557166,-122.0842754408765,-2.982938762754202
398,37.385907107018895,-122.08429159640193,-4.859343737363815
399,37.38591165343169,-122.08437010967211,-10.969008672051132
400,37.385916083020234,-122.08437779467168,-10.005491115152836
401,37.38593706796791,-122.08437722597087,-4.677490940317512
402,37.38594267558489,-122.08435313131267,4.100729711353779
403,37.385961417262756,-122.08436383159962,4.873845557682216
404,37.38599405161191,-122.08439222141172,4.145717372186482
405,37.38602307589204,-122.08435686005691,4.229001735337079
406,37.38604897570613,-122.0843834960167,2.0541410511359572
407,37.38609435856806,-122.08441006327733,-1.3872226970270276
408,37.38607228614018,-122.08448265865,-11.29923399258405
409,37.38608157591028,-122.08443227516699,-6.904985524713993
410,37.38609740938358,-122.08448440480882,-12.697167756035924
411,37.38611927988603,-122.0844680322967,-14.627189910970628
412,37.38617813391876,-122.08451977569018,-24.486451436765492
413,37.38617166288291,-122.08454198679065,-27.25315338652581
414,37.38616234421006,-122.08449490811444,-21.730254838243127
415,37.38613869853007,-122.08446879975938,-23.057753002271056
416,37.38608193611039,-122.08441357655228,-20.423856197856367
417,37.38602237473842,-122.08434541877719,-10.369101708754897
418,37.38592472285335,-122.08434513524051,-11.281212951987982
419,37.38587699396185,-122.0842513393605,-4.601831787265837
420,37.385851259903625,-122.08423259823697,-3.8180675888434052
421,37.385794700001355,-122.0841854673388,-3.1024656426161528
422,37.38573335687281,-122.08414619685574,1.6506590684875846
423,37.385695134477444,-122.08406881992784,1.7021652404218912
424,37.38565124515526,-122.08398991903185,1.1279911464080215
425,37.38563496976159,-122.08392598535072,-3.0646996051073074
426,37.38559848859287,-122.08384931883222,-0.6881147418171167
427,37.385559426040444,-122.08376799292984,-0.6609240593388677
428,37.38551306836674,-122.08366019904011,-2.354993985965848
429,37.385464627581385,-122.08356863541424,-1.7287363447248936
430,37.38540419885073,-122.08347269331904,-2.4647270748391747
431,37.385357705024596,-122.08337587745169,-2.083628657273948
432,37.38530885262454,-122.08327248544478,-3.918486134149134
433,37.38526189527424,-122.08317197712455,-3.4441659059375525
434,37.38522907601813,-122.08308956633553,-4.999017938040197
435,37.38517915649191,-122.08299385039223,-4.394237623549998
436,37.38512972491299,-122.08289683745531,-4.286167097277939
437,37.38507418927862,-122.0828069701582,-2.711967535316944
438,37.38502849983187,-122.08268594735452,-2.696412431076169
439,37.384991463506765,-122.08258060667265,-5.525825802236795
440,37.38489969113124,-122.08241913570578,-0.1504930518567562
441,37.38484691888617,-122.08230385290769,-1.1376781612634659
442,37.38477980564777,-122.08219541472275,0.5404906142503023
443,37.38472370099006,-122.0820901073834,0.2240995680913329
444,37.38464990486347,-122.08196438442667,-0.9552380116656423
445,37.38459401758603,-122.08182388028959,-0.09457927476614714
446,37.38450493489662,-122.08158712613108,5.165334370918572
447,37.38443467346832,-122.08148069463348,3.914350281469524
448,37.38439537390376,-122.08138859641947,3.010085439309478
449,37.38433127412059,-122.08130781524711,3.5003962656483054
450,37.38431071192087,-122.08123821483805,4.455333712510765
451,37.384239606842186,-122.08111426546895,3.6136585101485252
452,37.384165346082874,-122.0810010747304,0.5759265637025237
453,37.384099662047156,-122.08087774865689,0.19057868793606758
454,37.38404762374062,-122.08075364707791,-1.059026937931776
455,37.38401523289908,-122.08064729200593,-2.4399377880617976
456,37.38394815147013,-122.08052294651793,1.8833831334486604
457,37.383907068640056,-122.08039307244097,0.5275693899020553
458,37.38384040432699,-122.08030385348141,-0.40301828272640705
459,37.3837800226779,-122.08019456796973,0.6087058829143643
460,37.383728079026945,-122.08004588528807,-1.670424242503941
461,37.383676083394285,-122.07993138822013,-1.6634943634271622
462,37.383630074283005,-122.07976866754292,1.1169074140489101
463,37.383539559917544,-122.07965653296962,2.2236306807026267
464,37.38347256301105,-122.07953440722697,5.197943394072354
465,37.383394608402824,-122.07941978753206,6.534043212421238
466,37.383348811453715,-122.07930081501848,3.437565241008997
467,37.383311451241156,-122.07921096076325,3.09974832739681
468,37.383281027153174,-122.0791220961913,-0.8738511297851801
469,37.38323514464828,-122.07901114527326,-0.8967674756422639
470,37.38319245133657,-122.07889937049542,0.3127188868820667
471,37.383181833259954,-122.07884792010967,3.4913541097193956
472,37.38312057078301,-122.07875686141642,3.3144877068698406
473,37.383111954152675,-122.07866611726466,1.5028298422694206
474,37.383074550749335,-122.07856217061828,3.107926744967699
475,37.38304405812209,-122.07847524545991,1.553985731676221
476,37.382991027873615,-122.07838750882088,-0.6367622166872025
477,37.38296299010405,-122.07830664311435,-0.8769580712541938
478,37.3829216477315,-122.0781948783704,0.6277359835803509
479,37.38287877040293,-122.07810429995111,-1.4606276918202639
480,37.38286009065531,-122.07802775729714,-3.079840269871056
481,37.382825457185824,-122.07800466193352,0.0881944578140974
482,37.38282702653194,-122.07794479415061,0.872763673774898
483,37.38281875503802,-122.07788211204237,3.768418984487653
484,37.38280363154342,-122.07785978609942,10.113366288132966
485,37.382795267618164,-122.07784660252408,10.137928512878716
486,37.382785480937905,-122.077834252495,9.090126517228782
487,37.382790234586864,-122.07783049849516,6.746628141030669
488,37.38277964659942,-122.07780338733376,8.554669756442308
489,37.38275516106523,-122.07780143829488,8.639910775236785
490,37.38276852885093,-122.07780179150159,4.378052858635783
491,37.38275534442669,-122.0778008698162,6.72041254863143
492,37.38275704566944,-122.0778048973485,7.14190261811018
493,37.38275831824613,-122.07780591903047,10.527366427704692
494,37.38275360542921,-122.07782924977631,12.341108036227524
495,37.38275048124088,-122.07782959575495,13.536583181470633
496,37.38274869052531,-122.07783257308323,14.261524280533195
497,37.38272449240562,-122.07781472134792,17.904407242313027
498,37.38271387164833,-122.0778126569756,19.190331974066794
499,37.382707684793196,-122.07780732953938,21.59853041637689
500,37.382707020627294,-122.0778190441024,20.13879269734025
501,37.38273357873177,-122.07784920209156,12.746223014779389
502,37.382754492146525,-122.07785954241143,11.549309946596622
503,37.38275765336527,-122.07787458593154,15.733273959718645
504,37.38277238678498,-122.07790837773719,14.405017278157175
505,37.38275709026758,-122.07793171368365,16.534075489267707
506,37.38278162817356,-122.0779543060839,12.754184683784842
507,37.382802546121525,-122.07798207969587,9.763537595048547
508,37.38282598122298,-122.07800103872323,6.3941808715462685
509,37.382831728453745,-122.07799958743996,4.724105378612876
510,37.38284392124506,-122.07799370915875,0.831030442379415
511,37.38284511520929,-122.07799134214386,-1.0170323438942432
512,37.38287671685937,-122.07797192645378,-6.608761173672974
513,37.38288088305169,-122.07796100201776,-8.150263044983149
514,37.382883832491714,-122.07795713295341,-10.516793258488178
515,37.38287468088986,-122.07797181188523,-10.627391736023128
516,37.38288216861626,-122.07799943573549,-12.793287376873195
517,37.38288398652803,-122.07798734904516,-14.835544125176966
518,37.38287417759799,-122.07801050226078,-13.235379098914564
519,37.382846883574636,-122.07804024321621,-11.639383604750037
520,37.38284200817526,-122.07802981153897,-10.544847797602415
521,37.382851725979535,-122.07801132277056,-10.901604693382978
522,37.38285596201725,-122.07801309354123,-9.51164089050144
523,37.382849500912776,-122.07802570276823,-9.807937546633184
524,37.38288065272153,-122.07803120962475,-18.36706750281155
525,37.3828906934851,-122.07802544563174,-23.843625666573644
526,37.3829117011245,-122.0780143109011,-27.17771914973855
527,37.382920302158475,-122.07798707113116,-26.03105408605188
528,37.38292032701452,-122.07795822828612,-26.25182696711272
529,37.38289774233782,-122.07799087217133,-22.43679570220411
530,37.38289879411327,-122.07798768489657,-18.904015303589404
531,37.38290978835826,-122.07795500469693,-19.400837276130915
532,37.382896389439125,-122.07795858759982,-16.94381558150053
533,37.38288792122163,-122.07796977551992,-14.55382494814694
534,37.38287574486757,-122.07795955673117,-7.777359728701413
535,37.38286217256466,-122.07794382518605,-2.8627100232988596
536,37.382841066415885,-122.07792193107743,0.26733550522476435
537,37.382819219090685,-122.07789927536052,2.071234630420804
538,37.38280998787044,-122.0778621537003,3.5659395288676023
539,37.382794582557594,-122.0778347338052,4.5979982782155275
540,37.382786256645815,-122.0777905012446,6.761563446372747
541,37.38278470373947,-122.07775191103711,11.632979384623468
542,37.38277732695516,-122.07770804896076,14.874292633496225
543,37.38277675265651,-122.07768043631093,12.766751634888351
544,37.382787125739775,-122.07766456032991,7.3445930397138
545,37.382800812602355,-122.07763782873913,0.766800188459456
546,37.3827993844522,-122.07764675805049,-3.4407439343631268
547,37.38277322346189,-122.07767254518065,0.24423613492399454
548,37.38276995461665,-122.07770436431571,1.0251540541648865
549,37.3827722458044,-122.07774187628988,-1.5176774831488729
550,37.38275995345543,-122.0777493187322,-1.7880961932241917
551,37.3827422550402,-122.07776665430636,1.2238047290593386
552,37.38274885624796,-122.07779115448369,1.8796614753082395
553,37.38273197818582,-122.07780993468398,1.2504957895725965
554,37.38273760679867,-122.07782191680404,-1.2101822877302766
555,37.382732950981755,-122.07779262847754,-1.441679853014648
556,37.38273868332625,-122.07775305644883,-2.6973559325560927
557,37.38274628734565,-122.07770254399371,-2.950718400068581
558,37.382764002512324,-122.07765751907135,-2.7957155723124743
559,37.38278275500774,-122.07762183289488,0.07103572227060795
560,37.38283864883765,-122.07756270121874,0.27715962287038565
561,37.38290352525553,-122.07751025091272,-0.9744307715445757
562,37.382977504562305,-122.07742573475124,-5.917863433249295
563,37.38305051592816,-122.07733697277862,-8.893028468824923
564,37.38314402586082,-122.0772882056125,-6.423970214091241
565,37.38320765663611,-122.07724149604228,-3.199900357052684
566,37.38328682459889,-122.07718335562015,-1.380550797097385
567,37.38341919097176,-122.07707654479945,-8.431640797294676
568,37.38343753381705,-122.07704755759512,-6.862265773117542
569,37.383488628814916,-122.07701087117374,-8.613214167766273
570,37.38358925455863,-122.07693586011479,-5.319889415055513
571,37.38367394361108,-122.07688418650794,-7.907739952206612
572,37.383798484040696,-122.07678813135904,-7.901279728859663
573,37.38392169612048,-122.0767077352548,-2.2420668732374907
574,37.383981600293566,-122.0766602046625,-1.8282196400687099
575,37.3840564892577,-122.0766019915171,2.684949180111289
576,37.384128155632155,-122.07654090053029,7.035729023627937
577,37.38421379642595,-122.07648244649432,5.350094182416797
578,37.384320157326556,-122.07641297854876,3.052124868147075
579,37.384392836225885,-122.07632987794024,4.643414846621454
580,37.38448047563893,-122.0762442616443,5.694220436736941
581,37.3845563581062,-122.07618755131251,4.496635703369975
582,37.38466280003552,-122.07610187714467,3.0325719211250544
583,37.38474521331411,-122.07603721208477,4.835006467998028
584,37.384833148914666,-122.07598081776409,1.72162713855505
585,37.384891708838474,-122.07593535440236,1.4904770646244287
586,37.384936069906196,-122.07590552874669,-0.10506385006010532
587,37.384992079255085,-122.07588201157617,0.3408694136887789
588,37.38503543838352,-122.07588738630896,0.38384483475238085
589,37.38507397328871,-122.07591035595094,-0.774779548868537
590,37.38511073789893,-122.07593546465287,-0.5235748579725623
591,37.38516087282608,-122.0759885306252,2.92677696980536
592,37.38518735197208,-122.07602650199178,3.9703036742284894
593,37.38523636797937,-122.07608060429797,0.7050513969734311
594,37.38529213288421,-122.07616240667073,0.8040418298915029
595,37.38532717720305,-122.07623734170132,-1.1892979070544243
596,37.385368848612075,-122.0763045521873,-5.011860403232276
597,37.38539879058262,-122.07639346421631,-2.3140341844409704
598,37.385443143044924,-122.07650073527562,-1.7571222763508558
599,37.38547094383532,-122.07659986573591,2.161550033837557
600,37.38551571162777,-122.07666773025356,-2.169729688204825
601,37.38555652445647,-122.07673293926179,-1.0923075322061777
602,37.385619683105105,-122.07685370312582,7.042995225638151
603,37.385639835690796,-122.07693054268987,6.368523203767836
604,37.385665317313425,-122.07698159479776,3.816908131353557
605,37.38570311738232,-122.07703211454283,6.537931147962809
606,37.38572881157889,-122.07705844226729,2.454614771530032
607,37.38574462693134,-122.07710561076924,0.5199429942294955
608,37.38574713408263,-122.07715000959325,-0.8633672157302499
609,37.385768819305824,-122.07717822506943,-2.752789276652038
610,37.38577564011591,-122.07720980249404,-3.2712916918098927
611,37.385783238760986,-122.07722179806065,-6.589080438949168
612,37.385788873937514,-122.07723646478209,-8.029507828876376
613,37.38577217528281,-122.0772395361574,-1.7271555066108704
614,37.38575310417139,-122.07722079224315,-4.502612608484924
615,37.38577179270606,-122.07722387508426,-7.048187862150371
616,37.385785069072995,-122.07724193977816,-15.070978476665914
617,37.3857953414556,-122.07723271407309,-17.398094511590898
618,37.385795477685946,-122.07721711340739,-14.631716548465192
619,37.385816621009106,-122.07721261228579,-15.703158936463296
620,37.38579876322775,-122.07719230209356,-11.919190149754286
621,37.38576027736577,-122.07717500786639,-5.817758333869278
622,37.385736747578086,-122.07715126093568,-4.147535446099937
623,37.3857180652203,-122.07708783836601,-4.352976753376424
624,37.385695421794594,-122.07702797064037,-3.0858700275421143
625,37.38567201622021,-122.07699483977184,-7.00627988576889
626,37.38560479303856,-122.07695433791565,-6.478822999633849
627,37.38557028284326,-122.07694610952686,-5.719334105961025
628,37.38551369259319,-122.07697839318384,-3.014800177887082
629,37.385452195422054,-122.07700000560412,-2.514176504686475
630,37.385397882066165,-122.0770393575634,-5.900203133933246
631,37.38532047582395,-122.07709579737163,-5.431641425006092
632,37.38523659223827,-122.07717283204687,-4.552416388876736
633,37.38515370429725,-122.07725504369189,-8.88658915180713
634,37.38507889740765,-122.07730029632037,-11.518330623395741
635,37.384975425975895,-122.07737244641461,-5.5136054791510105
636,37.384880935579375,-122.07744513062043,-2.9929088465869427
637,37.384786077946785,-122.07751243750262,0.1955589335411787
638,37.384653221935594,-122.07761021716352,1.8481298321858048
639,37.38454170010396,-122.07768235981347,-0.3624619683250785
640,37.38444744480364,-122.07775766967767,-0.7776120509952307
641,37.38434030460544,-122.07782657088366,2.0966086629778147
642,37.38421160080411,-122.0779082844833,2.7413132321089506
643,37.38411882368498,-122.07796321053097,5.574674694798887
644,37.38401866807689,-122.07805280536374,5.3517620377242565
645,37.38393198914156,-122.0781009636855,4.707348034717143
646,37.38383931477238,-122.07817271649456,-2.886638669297099
647,37.38375900658684,-122.078238730991,-0.1732638981193304
648,37.383674378653524,-122.07830252690536,-1.2053477438166738
649,37.38361354684429,-122.07834190123242,-4.26478704251349
650,37.38354010188921,-122.07839039306293,-3.1333511769771576
651,37.383481095643,-122.07843405947075,-1.6048258943483233
652,37.3834204296603,-122.07845908055384,-5.657439327798784
653,37.383396720046825,-122.078473765192,0.5145392967388034
654,37.383368219396296,-122.07849362880224,0.6468744445592165
655,37.383354908484115,-122.07849885143531,-0.9873859118670225
656,37.38334420457076,-122.07852835646244,-3.658664689399302
657,37.383327101291876,-122.07855364071304,-4.697212280705571
658,37.383314659108336,-122.07856924804899,-5.160747781395912
659,37.383308664185286,-122.078597717864,-4.0271674720570445
660,37.38329559975814,-122.078619634252,-2.1911657927557826
661,37.38331408301556,-122.07867227842195,-0.21980168484151363
662,37.38332167001038,-122.07871877267168,0.668972747400403
663,37.38334686349297,-122.07878486013004,-0.6121952012181282
664,37.383382016390414,-122.07887528718152,1.634954996407032
665,37.38344889104447,-122.07894337519186,-1.257272326387465
666,37.38351049436713,-122.07907321308349,0.0575370229780674
667,37.383548791537294,-122.07919564042098,2.1872626254335046
668,37.38360300087376,-122.07930422564978,0.6456955075263977
669,37.38365224763287,-122.07947182249326,8.895702977664769
670,37.383708710986106,-122.07962725577048,8.840325007215142
671,37.383754614662635,-122.0797673650875,10.279651292599738
672,37.38382185813906,-122.07990576425624,9.98484247457236
673,37.383919383287704,-122.08004037887986,3.803531755693257
674,37.38398353257665,-122.08012558936912,0.23684906028211117
675,37.38408007837054,-122.08023862961923,-4.076056630350649
676,37.38414073140582,-122.08039795688225,-1.544716190546751
677,37.38420597756998,-122.08051791189942,-1.4370619179680943
678,37.384262755566525,-122.08060234010753,-3.331746807321906
679,37.384363459966394,-122.08072539763458,-6.645411471836269
680,37.38441421486062,-122.0808546382895,-2.8004534458741546
681,37.38451110938082,-122.08101741133275,-7.083439460024238
682,37.38454633936997,-122.08116029606317,-4.540447069332004
683,37.38460004534133,-122.08130857102859,-0.11663936916738749
684,37.38468031332233,-122.0814485983594,-2.139129395596683
685,37.38475832019075,-122.08157735869696,-4.748892064206302
686,37.38483971658191,-122.08173528544444,-3.5410394351929426
687,37.38491934699849,-122.08186455537627,-8.213815613649786
688,37.384952264731055,-122.08197273277919,-6.371475027874112
689,37.3850154247255,-122.08210707874346,-6.295031294226646
690,37.38509850191635,-122.0822683536056,-0.7200402794405818
691,37.3851609116675,-122.08237196874268,-4.690598499029875
692,37.38521267978197,-122.08246857608036,-7.790494601242244
693,37.38524070953142,-122.08254434956105,-8.528252354823053
694,37.38527973538118,-122.08263149921827,-7.740362995304167
695,37.38529990137857,-122.08274027762299,-2.7163855442777276
696,37.3853418478771,-122.08282781582143,-1.9627053011208773
697,37.38537486397345,-122.08288460285291,-5.112070420756936
698,37.38541145679495,-122.08298871561531,-4.658864596858621
699,37.38545214816235,-122.08307949938971,-3.924500030465424
700,37.38550205214727,-122.0831497449971,-3.4245491102337837
701,37.38553051018543,-122.0832259467595,-2.798885098658502
702,37.385552985423935,-122.08329951660247,0.10982533916831017
703,37.38560901042937,-122.08338969912361,-2.505972048267722
704,37.38566117962763,-122.08348551085754,-5.7095014387741685
705,37.38567639854785,-122.08360516814638,5.778236074373126
706,37.385698750347075,-122.08373446823738,17.237664664164186
707,37.38574230354253,-122.0838398321686,21.436509273014963
708,37.385794646993325,-122.08395586296889,21.35956167522818
709,37.385821152724944,-122.08404748341992,22.37664337269962
710,37.38588127205717,-122.08411959479277,15.697627865709364
711,37.38593597000858,-122.08423291953962,19.72796002868563
712,37.38598878881899,-122.08434693236731,22.541903242468834
713,37.38604591915659,-122.0844915017662,23.518507348373532
714,37.386155077019296,-122.08457829116877,8.568513215519488
715,37.38623713312376,-122.08471254000368,0.9473245348781347
716,37.38629495185636,-122.0848220618418,0.7177385538816452
717,37.386374081300524,-122.0849362928382,0.040084946900606155
718,37.386470179199215,-122.0850624023907,-5.025307735428214
719,37.38651641098858,-122.08524686876191,1.3677994860336185
720,37.38657489124676,-122.08541646546128,3.6446989122778177
721,37.38659518806624,-122.0855378806115,8.5355490045622
722,37.38671887992356,-122.08564496184718,-6.968733084388077
723,37.38675974961461,-122.08574990518332,-5.390989772975445
724,37.386818703244586,-122.08593917004781,5.779547810554504
725,37.386902573790174,-122.08618765589452,20.977734679356217
726,37.38697371278012,-122.08633759082774,18.29007590096444
727,37.3870455857586,-122.08643507058436,6.941439627669752
728,37.38710929514066,-122.08658855110541,10.894053049385548
729,37.387166912141936,-122.0867107855839,9.844977829605341
730,37.38724872943126,-122.08683490033505,10.71427842695266
731,37.38730260780434,-122.0869931919596,11.959575711749494
732,37.38733216917008,-122.08710456682242,13.144754013046622
733,37.3874494288421,-122.08716315218007,4.182956812903285
734,37.387482891536266,-122.08729342792665,8.928435212932527
735,37.38751894118725,-122.08741336974909,10.532608789391816
736,37.38753265667635,-122.0875029000953,13.565083863213658
737,37.387590408482794,-122.08753523512989,5.607151321135461
738,37.3875816863006,-122.08757760836004,6.742903252132237
739,37.38759598263928,-122.08761165598148,5.092481842264533
740,37.387552758297616,-122.08767729859993,10.579398264177144
741,37.387569419002446,-122.08769065812719,10.66873821336776
742,37.38761123200864,-122.08770269562454,9.813858086243272
743,37.38760811797491,-122.08770397910871,15.912836994044483
744,37.3876206046917,-122.08772958878279,18.315174560062587
745,37.38764604942799,-122.08773549660704,16.816815010271966
746,37.387656751134344,-122.08778322125546,19.10955605469644
747,37.38766043612735,-122.08780804202968,21.99082453455776
748,37.38766233704024,-122.08784356286706,22.172311411239207
749,37.3876800674036,-122.08783260557387,18.196386663243175
750,37.3876797867234,-122.0878325963201,17.357715926133096
751,37.38767994432118,-122.08780419636005,13.679698928259313
752,37.38769229937336,-122.08781578765098,15.542767743580043
753,37.38771908029245,-122.08783400720765,14.537481537088752
754,37.38770812808604,-122.08783422194806,12.514425692148507
755,37.387702157232745,-122.08784453888796,12.287907855585217
756,37.38769731953725,-122.087857109465,11.451256776228547
757,37.38772524407908,-122.08784560867814,8.679310973733664
758,37.38771942736453,-122.08781959486878,3.8412981806322932
759,37.387689565914506,-122.08783494518828,11.156400918960571
760,37.38766774513367,-122.08783934987306,12.396840255707502
761,37.38764572424208,-122.08785886132677,14.853519616648555
762,37.387645772327076,-122.08784349627952,15.490046988241374
763,37.387606117446815,-122.08786119141594,28.10007410403341
764,37.38760038465519,-122.08786266875326,32.60443935357034
765,37.38761418031577,-122.08784620222391,33.85170706640929
766,37.387618133784805,-122.0878198752517,34.367414286360145
767,37.38760957556456,-122.08781722267919,32.03802681341767
768,37.38761489865953,-122.08781387485583,30.928453980013728
769,37.38763676896687,-122.08774295493075,16.198042654432356
770,37.3876610291963,-122.08774389037447,14.63213736563921
771,37.387667013995745,-122.08774826122317,13.281923992559314
772,37.38766827459099,-122.08774710710959,11.468107740394771
773,37.387642204830776,-122.08775606164495,15.44093367177993
774,37.38765834678323,-122.08776132889754,13.146759642288089
775,37.38765605705552,-122.08775978154519,13.067890473641455
776,37.38763467334679,-122.0877364414378,12.52722895797342
777,37.387634740165424,-122.08773625596393,14.13177896104753
778,37.38762986840215,-122.08771878482565,11.781581343151629
779,37.38761959356337,-122.0877276079759,13.577724233269691
780,37.38761061353376,-122.08771940214285,14.8117445576936
781,37.38759560051718,-122.087744127525,19.342674736864865
782,37.38759275023754,-122.08773819632312,16.490133904851973
783,37.387585202697196,-122.08774017263625,15.557405159808695
784,37.38757908656977,-122.08775417744155,20.27177730575204
785,37.387583237655065,-122.08772560095967,15.90930987894535
786,37.387608367468154,-122.08775352539902,16.571381489746273
787,37.38765143697881,-122.0877563394578,11.288068475201726
788,37.38764050661408,-122.08775706152363,11.616937350481749
789,37.38762548062449,-122.08779865601707,16.46168099809438
790,37.387644370556124,-122.08782799254796,17.2606370607391
791,37.38766990848958,-122.08780228146257,12.03898539673537
792,37.387676028252535,-122.08784836576186,17.45216611865908
793,37.38768870750753,-122.0878672949112,20.604351323097944
794,37.38771162039227,-122.08782803537771,10.883078026585281
795,37.38771816293629,-122.0878587574328,18.04283009003848
796,37.387725079672336,-122.08783035624307,16.68365534581244
797,37.38772453508154,-122.08778405465432,10.28683558292687
798,37.38776799983496,-122.08768324595019,-9.487640899606049
799,37.387782461642225,-122.08762638499466,-19.365786935202777
800,37.38779776157347,-122.0875957281231,-22.173957063816488
801,37.38779580967101,-122.08757882547056,-24.028753044083714
802,37.38779569418763,-122.08757270253503,-22.591033953242004
803,37.38778462520411,-122.08761542743757,-15.980813436210155
804,37.38776158781835,-122.08766586057962,-10.555474601686
805,37.3877596587226,-122.08770632794972,-1.533151681534946
806,37.38773324126737,-122.08772206048897,4.221149084158242
807,37.387727147302684,-122.08773970805343,2.3798377979546785
808,37.38771002498127,-122.08776859778412,8.105365610681474
809,37.38770441202579,-122.08778663028691,10.933929440565407
810,37.387717695502126,-122.08779859132062,8.038833430968225
811,37.38772056139534,-122.08784342250337,9.609421828761697
812,37.38773460392724,-122.08788120899894,8.52676272392273
813,37.38778454721964,-122.08795712285175,6.753311805427074
814,37.38781781575948,-122.08803769880907,7.49615079164505
815,37.3878642218052,-122.08811686494225,4.169298094697297
816,37.38789783730871,-122.08817877414214,3.2199452128261328
817,37.387965161898606,-122.08828828122563,-1.245323408395052
818,37.38804476103037,-122.08836424191168,-7.919504323974252
819,37.3880785764118,-122.08848769532788,-2.4639347419142723
820,37.38815616779413,-122.08865562536472,-0.206801968626678
821,37.388227534935595,-122.08880056544636,-4.186389430426061
822,37.388291000322404,-122.08890930813756,-7.516013707965612
823,37.3883681070309,-122.0890488280621,-8.03516081161797
824,37.38841803014228,-122.08916254849626,-5.313180352561176
825,37.38849499479911,-122.08930111324635,-7.4680308774113655
826,37.388619850772116,-122.08941332751513,-15.990895290859044
827,37.388682337307685,-122.08958636864008,-14.113744646310806
828,37.38874882265163,-122.08969770897218,-12.433846763335168
829,37.38880833409168,-122.08986891365313,-13.75347687676549
830,37.38888250560453,-122.09000699199368,-8.996462722308934
831,37.38895942315079,-122.09016391713517,-9.761141075752676
832,37.38903773873422,-122.09031137066818,-8.349237182177603
833,37.389094696735434,-122.09045105159554,-7.10326736792922
834,37.38915856737504,-122.0905851803614,-5.980823824182153
835,37.38921836766812,-122.09076145190124,-7.293537910096347
836,37.389308495704086,-122.09091892393353,-11.245340920053422
837,37.38938799784796,-122.09107556711811,-7.417244923301041
838,37.38944683087189,-122.09120995502474,-8.340842963196337
839,37.389540403206524,-122.09144883388494,10.224464057944715
840,37.38961676777505,-122.0915784846832,4.096915392205119
841,37.38970376315328,-122.09170964376979,1.0172417722642422
842,37.38974406192634,-122.09185211026679,3.846940386109054
843,37.38980355473107,-122.09201857144481,10.834909126162529
844,37.38983576971752,-122.09214196925208,11.014722554013133
845,37.38992118077879,-122.0922809324628,8.312078626826406
846,37.389980490162486,-122.09241650079383,7.487560071051121
847,37.39010589772899,-122.09257515447483,8.584282163530588
848,37.39016736089182,-122.09277484514057,10.582096638157964
849,37.39022061837028,-122.09294217492963,10.262543275021017
850,37.390323115545655,-122.09313555135698,7.430251219309866
851,37.39045176967811,-122.09324692701276,-5.394861213862896
852,37.39048116775295,-122.09345519347153,7.476234604604542
853,37.390588277959,-122.0935918871704,6.54843548219651
854,37.3907299013743,-122.09374356372487,2.699164530262351
855,37.390805985642764,-122.0938712745492,3.2878305753692985
856,37.390859844247984,-122.09398247860257,5.275641467422247
857,37.39094205776556,-122.09412683319154,8.035922826267779
858,37.391004934945066,-122.0941966497196,6.6912406058982015
859,37.39108991555501,-122.09430050317782,3.3005510214716196
860,37.3911648493969,-122.09441837028717,4.8825217029079795
861,37.39125815337515,-122.0945023793642,0.41350701823830605
862,37.39131500744383,-122.09457081858184,1.0378711856901646
863,37.39138417953882,-122.09464995544269,-0.7722037602216005
864,37.391443831189015,-122.09471933837952,-3.253322020173073
865,37.3914912060907,-122.09476899034523,-7.083688551560044
866,37.39150922447513,-122.0947922290286,-7.209553657099605
867,37.39152827265649,-122.09480439010068,-9.449910036288202
868,37.39153594684286,-122.09481910604532,-15.337926964275539
869,37.391536112413604,-122.09482018455027,-16.70585112646222
870,37.39153287762602,-122.09481797006251,-18.876015294343233
871,37.39153390599916,-122.09480975462573,-19.5367663577199
872,37.391533077056344,-122.09482075738512,-17.11705225892365
873,37.3915342916185,-122.0948027285194,-18.68669694568962
874,37.3915329100302,-122.09479909344488,-17.239555168896914
875,37.391531250376666,-122.09477858197685,-14.576071958988905
876,37.39153022816634,-122.09477590149358,-13.460529084317386
877,37.391531953681806,-122.09477311089081,-11.247357589192688
878,37.391523939281186,-122.09477715660753,-5.597266689874232
879,37.391535908643284,-122.0947845273939,-4.471310512162745
880,37.39154764022061,-122.0947893638443,-4.66103283315897
881,37.39156593614753,-122.0947852483063,-9.37578721344471
882,37.39157662064819,-122.09481130030602,-10.02602618932724
883,37.39157593920064,-122.09483219685004,-9.467679768800735
884,37.39158277753064,-122.09484569117849,-8.426912317983806
885,37.39158907009897,-122.09486092452099,-7.5441835867241025
886,37.39161622330896,-122.09489297711893,-6.346621427685022
887,37.39165779855832,-122.09492193143723,-8.518233582377434
888,37.39170399942264,-122.09496680586842,-11.38692871760577
889,37.39176204819426,-122.09502436735619,-12.085339318960905
890,37.39181187580053,-122.09507610289775,-12.3625083649531
891,37.391886283754175,-122.09513940033271,-14.119421131908894
892,37.391958871437296,-122.09520383944958,-13.6270118271932
893,37.39204523640773,-122.09528029427128,-15.779801907017827
894,37.392128838025045,-122.09538292164436,-15.62209793087095
895,37.392226000769284,-122.09546749212646,-14.846678321249783
896,37.392324233736474,-122.09556340947621,-15.350638406351209
897,37.39243651448521,-122.0956636833327,-13.69143063109368
898,37.392530490924464,-122.09576543276442,-13.493494444526732
899,37.392618694693084,-122.09584246907427,-14.403823889791965
900,37.392729110287895,-122.09596000455898,-14.251471406780183
901,37.392806221416244,-122.0960454974149,-14.539437252096832
902,37.39288808813849,-122.09613620213824,-13.001057151705027
903,37.39298317615559,-122.09624431786155,-11.814374290406704
904,37.393082342460886,-122.09637546688865,-8.68173365201801
905,37.393157455103974,-122.09647837553945,-9.790238302201033
906,37.39325667562457,-122.09660808932037,-5.7403751676902175
907,37.39333382407705,-122.09669710572933,-6.3399978978559375
908,37.39342660841756,-122.09682894108711,-8.502282306551933
909,37.39354928180609,-122.09701771621712,-6.71612021420151
910,37.393613762143474,-122.0971301419859,-5.806544506922364
911,37.39371944585758,-122.09733300480778,-3.3500912515446544
912,37.39380250585251,-122.09743914223291,-4.067767930217087
913,37.39386827536048,-122.09756878976637,-7.2049205508083105
914,37.39394824653911,-122.09770650092113,-5.570978886447847
915,37.39402849594735,-122.09787226901274,-6.292121637612581
916,37.394106874225976,-122.09802326849287,-7.8323559034615755
917,37.3941659101846,-122.09816976862541,-6.2794799050316215
918,37.39423102944949,-122.09833769415641,-2.453838643617928
919,37.394323047620084,-122.0984865018854,-4.225990105420351
920,37.39436804281893,-122.09866178608145,6.1206391248852015
921,37.394464668381055,-122.0987894052924,2.871548281982541
922,37.394546972268756,-122.09897679652344,2.2347507439553738
923,37.394599502352236,-122.09913818205713,1.0777601022273302
924,37.39464021282181,-122.09926246485287,2.567494999617338
925,37.39472934805484,-122.09939693658924,-5.463198972865939
926,37.394776072759335,-122.09957651462794,-5.187019425444305
927,37.39487943338157,-122.09975260364902,-10.18100209441036
928,37.39495002783917,-122.09990786423198,-11.306986044161022
929,37.39500880726706,-122.10004638186395,-10.942476097494364
930,37.39506801718555,-122.10024149306656,-11.507439591921866
931,37.39512110648296,-122.10039013959475,-14.6566512119025
932,37.395175517980135,-122.10055000914778,-9.740045793354511
933,37.395236518600385,-122.10073040547098,-3.2263454785570502
934,37.39530504045249,-122.100864732291,-1.502515939064324
935,37.39536453705801,-122.10099528067958,-2.8560675336048007
936,37.39542442908669,-122.10112273745467,-5.939880984835327
937,37.39547443963982,-122.1012499294286,-3.741020370274782
938,37.395536666635785,-122.10137043295997,-1.5325628565624356
939,37.395613456382826,-122.10147875069218,0.088045759126544
940,37.395677564144435,-122.10160303942271,-0.17102818470448256
941,37.39570827844216,-122.1017026851054,0.4319595219567418
942,37.39573970601447,-122.10183360466503,3.7600636007264256
943,37.39577979239693,-122.10194826793006,-0.18304655980318785
944,37.395849567439704,-122.10209621743972,-0.8127575563266873
945,37.39593569760978,-122.10223616641291,-3.4575306652113795
946,37.39601786638149,-122.1023409340818,-8.276745554059744
947,37.39606208788915,-122.10242813656785,-9.155228079296649
948,37.39609119838729,-122.10254460409409,-6.53319401666522
949,37.396132445061404,-122.10267884187127,-4.4665892431512475
950,37.396178127694824,-122.10276021772266,-5.788692124187946
951,37.39620932922687,-122.10283643962788,-2.3795136995613575
952,37.39624838534539,-122.10289947790501,0.6121306521818042
953,37.39624388181783,-122.10295129943864,4.876507594250143
954,37.39625710937545,-122.10298205668404,9.377087146043777
955,37.39628285546011,-122.1029815189552,6.565723923034966
956,37.3962901988984,-122.10296323891622,-0.24604003597050905
957,37.39630376016062,-122.1029541052894,-3.759509664028883
958,37.39636514226529,-122.10294640824698,-10.424822948873043
959,37.39641895057059,-122.10300684960438,-9.572513299062848
960,37.39638331621729,-122.10305931387798,0.573423027060926
961,37.39633974594915,-122.10310011667487,7.7672159653157
962,37.39632652276567,-122.10311615801369,13.318918318487704
963,37.39632109717101,-122.10310244752192,13.4758017398417
964,37.39633173396208,-122.10310364187252,11.963777035474777
965,37.39631156471217,-122.10311163230425,13.895605957135558
966,37.396302908802056,-122.10312471328277,16.006465737707913
967,37.39627386115768,-122.10311133025378,22.163492583669722
968,37.39627253586959,-122.10310779895644,19.9503181790933
969,37.396297855435925,-122.10308902996525,13.670662517659366
970,37.396302944956375,-122.10310262008245,12.0092230187729
971,37.39630439248142,-122.10310477729865,15.4998725829646
972,37.39636207430892,-122.10308708714555,3.150590240955353
973,37.39635887535986,-122.10309468622346,11.215030243620276
974,37.39637064769262,-122.10309408557667,9.777673956938088
975,37.396355193135705,-122.10312659311873,13.760879243724048
976,37.39637586880613,-122.10311201448066,5.452246347442269
977,37.39633233680763,-122.1031325982462,12.110870787873864
978,37.396298771535776,-122.10315823070441,16.86999568529427
979,37.396297749588285,-122.10316106032079,13.027494482696056
980,37.396309746185395,-122.10315241108144,1.319283572025597
981,37.396285386540846,-122.10314111871196,1.9232145650312304
982,37.396265861197854,-122.10313818412058,3.0273639503866434
983,37.39627301560877,-122.1031264025451,-1.6402811715379357
984,37.39624718000003,-122.10314022390376,3.8404607055708766
985,37.396258318708334,-122.10307288640107,-0.5346112363040447
986,37.39623258038161,-122.10306760955321,4.544863808900118
987,37.39619549793137,-122.10307868816918,8.527723636478186
988,37.39616057260542,-122.10309761377748,12.288827000185847
989,37.396133844741065,-122.10310718287514,19.015502089634538
990,37.396155766590184,-122.10308115669189,21.644660285674036
991,37.396151054344486,-122.10308052168789,21.352706040255725
992,37.39616024156849,-122.10307536178217,18.19268786534667
993,37.39612876555801,-122.10309357890617,25.78604149632156
994,37.39612731577743,-122.10311903302113,26.231624303385615
995,37.39614682512461,-122.10310688842839,19.679748190566897
996,37.39621724359486,-122.10304549820675,1.3411005167290568
997,37.39625429743684,-122.10301765828567,-2.7461176365613937
998,37.396247720220885,-122.1030346089877,2.2438048142939806
999,37.39625867180824,-122.10306066454896,4.877588456496596
1000,37.39626744130705,-122.10304966096861,5.417107206769288
1001,37.39626599931869,-122.10308708546451,7.589206526055932
1002,37.39630675712986,-122.10308998452886,3.5673901988193393
1003,37.3963443853107,-122.10307570012287,-3.113765270449221
1004,37.39635920446732,-122.10308324769355,-5.550214735791087
1005,37.39638373000405,-122.10309943850366,-3.663116095587611
1006,37.39637423981538,-122.10307291594806,-6.048399872146547
1007,37.39637047402483,-122.10303970710856,-10.03611643705517
1008,37.39633727437739,-122.10304926054863,-2.591879140585661
1009,37.39635095123137,-122.10301578491304,-13.647049409337342
1010,37.39630822103811,-122.10303621392318,-8.83645108435303
1011,37.39629812509577,-122.10299869754603,-10.730697732418776
1012,37.39627151106964,-122.10299233616189,-5.542051326483488
1013,37.39623901143865,-122.10297542875668,-1.8938612081110477
1014,37.39621768651543,-122.10295673031398,-3.163112621754408
1015,37.39622342985017,-122.102927684072,-6.307537560351193
1016,37.39619717122085,-122.10293080535814,-4.84895331133157
1017,37.396176706315956,-122.10293877194248,-3.921221883967519
1018,37.396180407439104,-122.10294949173634,-4.596999930217862
1019,37.39615947950036,-122.10297133300591,-0.44020965322852135
1020,37.39613668462418,-122.10299351316124,11.581998544745147
1021,37.39613586910418,-122.10300638519074,11.395920429378748
1022,37.396162476950714,-122.10303499825655,11.992066157981753
1023,37.396221650521944,-122.10301489987899,2.0236559500917792
1024,37.396263122299885,-122.1030234607096,1.778465075418353
1025,37.39629970676904,-122.1030472070767,3.1965273581445217
1026,37.39631558472144,-122.10304803065088,4.588876800611615
1027,37.396326923865274,-122.1030745079487,1.164929836988449
1028,37.39635792244747,-122.1031058973244,5.091994928196073
1029,37.39621265853986,-122.10311170484634,5.3003045823425055
1030,37.39617697166897,-122.10313479038332,7.28941834717989
1031,37.39621271190159,-122.1031402556045,8.310391759499907
1032,37.396169436049256,-122.10313052715617,-5.651954903267324
1033,37.396241580857364,-122.10312690214771,-12.026357774622738
1034,37.396325994706565,-122.10311641042581,-16.340894577093422
1035,37.39634501808499,-122.10312292911794,-20.166732798330486
1036,37.396257283420496,-122.10310591101653,-25.26126159261912
1037,37.39621368642654,-122.1031271494871,-9.102242424152792
1038,37.39610854215376,-122.1031420677825,-5.663424555212259
1039,37.39616557062065,-122.10313717080334,-6.556187800131738
1040,37.39619412273379,-122.10314898659665,0.41853227000683546
1041,37.39628146937163,-122.10317841603877,8.401667471975088
1042,37.39646478503428,-122.103165760401,5.473011197522283
1043,37.39653436643647,-122.10317821391989,14.148461325094104
1044,37.39665094623006,-122.10315653157495,20.05306156538427
1045,37.39671209869255,-122.10312250519372,20.998521433211863
1046,37.39665639712877,-122.10309206331192,28.670395587570965
1047,37.396669598580836,-122.10306492011408,22.96680056769401
1048,37.39666146052295,-122.10306365567726,12.979973977431655
1049,37.39656530996004,-122.10310002286998,12.80157482251525
1050,37.39648630508497,-122.10311340721624,9.199136001057923
1051,37.396421436368186,-122.10313118214512,8.067647761665285
1052,37.39638062980382,-122.10313373541807,1.3173541417345405
1053,37.396338890496196,-122.10311362748745,3.9978922121226788
1054,37.396264203051146,-122.10309888456106,5.266939477995038
1055,37.396245680265096,-122.10306561936424,0.6072473246604204
1056,37.39620226060225,-122.10296900762265,-2.2663607699796557
1057,37.396162526802115,-122.10289671733557,-4.570095368660986
1058,37.39612107199651,-122.10281746129463,-3.6233794447034597
1059,37.396068003350614,-122.1027448526247,-3.326256244443357
1060,37.39600561244101,-122.10262702495142,-3.632101032882929
1061,37.39594980548571,-122.10254279849458,-3.92682764492929
1062,37.395864342540456,-122.1023757263866,-4.141093485057354
1063,37.395822335748285,-122.10223237362099,-7.0098548624664545
1064,37.39575159847213,-122.10206745634565,-7.394734689034522
1065,37.395681112328695,-122.1019036412567,-9.357465974986553
1066,37.39559126490719,-122.10170289310497,-7.845200556330383
1067,37.39551930949443,-122.10151331525125,-8.833747293800116
1068,37.39544554878886,-122.1013415947151,-10.181695783510804
1069,37.395358557334944,-122.10117105668736,-7.75340592674911
1070,37.395289074569824,-122.10100743541007,-5.929464036598802
1071,37.39520487137468,-122.100807086841,-4.518484898842871
1072,37.39511901362673,-122.10060090554997,-4.628672046586871
1073,37.395053504305245,-122.10042238912372,-1.9341544741764665
1074,37.394991347214734,-122.10027065067138,-4.005104718729854
1075,37.39489101153921,-122.10002586415843,-5.0999774085357785
1076,37.39483671542578,-122.0998699312308,-2.131573266349733
1077,37.394741758016444,-122.09961917676839,2.735294613055885
1078,37.39463083194055,-122.0993420591445,6.0839363457635045
1079,37.39452584641276,-122.09916792146237,3.698731736280024
1080,37.39442417669906,-122.09896875172308,1.3891886118799448
1081,37.39432480879421,-122.0987781926452,-0.23797530587762594
1082,37.39424337027781,-122.09856810132315,-2.405239266343415
1083,37.39417654603597,-122.09842102006274,-4.573829055763781
1084,37.39412194463404,-122.09828263833994,-5.062553755007684
1085,37.394051979409404,-122.09812374706274,-2.103843543678522
1086,37.39398817333033,-122.09796839527228,-5.7321100840345025
1087,37.39391077197186,-122.09781337840668,-4.352337255142629
1088,37.393778599929604,-122.09758207193443,-6.0639645690098405
1089,37.39370428747099,-122.0974145156378,-3.4800761193037033
1090,37.39362043000491,-122.09729244308957,-5.587806221097708
1091,37.39354033307313,-122.09714128102952,-9.712282347492874
1092,37.39344641963725,-122.0969904064316,-10.43404833599925
1093,37.393328491051,-122.09684223851839,-8.925018125213683
1094,37.393227145495196,-122.09672091383628,-9.428583207540214
1095,37.39308376281287,-122.09655141083577,-9.719988367520273
1096,37.39299197765641,-122.09643740480105,-7.7058867663145065
1097,37.39288660285299,-122.09632407989442,-7.606530423276126
1098,37.392774961281994,-122.09620035470205,-8.32032751943916
1099,37.39268266709741,-122.09609267475888,-7.534007444046438
1100,37.392588881593895,-122.09599262504418,-5.5672698225826025
1101,37.39252964774345,-122.09592432032791,-6.9728888208046556
1102,37.39244801467498,-122.0958360964489,-6.409249271266162
1103,37.39233564414836,-122.09571894451503,-6.087775602005422
1104,37.39225258189192,-122.09565216425817,-5.583054055459797
1105,37.39214591441605,-122.09554153649417,-4.449738929979503
1106,37.39205866853542,-122.09546180734773,-7.456662006676197
1107,37.391960956013996,-122.09538716051493,-5.251011857762933
1108,37.391873231875756,-122.09533147307181,-6.02389283105731
1109,37.39177427665776,-122.09522391493073,-4.783486009575427
1110,37.39168029957241,-122.09513223693872,-1.9614076307043433
1111,37.39156973683942,-122.09498011234099,-1.0003435052931309
1112,37.391455403566674,-122.09476074558846,3.341910818591714
1113,37.39134855684405,-122.09460542586824,4.670975738205016
1114,37.39121335171439,-122.09449717442334,6.1934193801134825
1115,37.391152239540595,-122.0943678772473,11.254592774435878
1116,37.39106308396281,-122.09425203174648,12.099684258922935
1117,37.3909687890203,-122.09413951746507,10.479321188293397
1118,37.39086166537111,-122.0940214386,13.126036463305354
1119,37.39077049947835,-122.09391971540356,20.270966884680092
1120,37.39066090786631,-122.09375960745648,12.24896158836782
1121,37.39061660358179,-122.09369911788592,9.794999288395047
1122,37.39052640185059,-122.0935148708468,6.955176280811429
1123,37.39046355762574,-122.09336950397082,2.4101879065856338
1124,37.390393971541826,-122.09322772220855,1.002496538683772
1125,37.39030736084461,-122.09307435426442,0.9483834989368916
1126,37.39023467375298,-122.09292427737793,0.5477021336555481
1127,37.39013416453478,-122.09280037245982,-1.1415140265598893
1128,37.39007706655123,-122.09266774112935,-4.974292675964534
1129,37.39000469552025,-122.09256482110175,-6.594929455779493
1130,37.389920046352145,-122.0923970418747,-5.631412777118385
1131,37.38983809597698,-122.09225544152514,-6.352690799161792
1132,37.38977024136234,-122.09211471522413,-5.572492115199566
1133,37.38968638755271,-122.09195861518107,-8.575586881488562
1134,37.389621893345264,-122.09182628143004,-6.093374312855303
1135,37.38954125320128,-122.09168700129379,-5.559194520115852
1136,37.38946717805976,-122.09152379220394,-6.799635344184935
1137,37.38939134133251,-122.09137603435587,-5.455157272517681
1138,37.389327871949845,-122.0912238143274,-4.172430672682822
1139,37.38925306394573,-122.0910827095835,-2.3047837391495705
1140,37.38916285305493,-122.09091641453907,-4.758307071402669
1141,37.38912273398288,-122.0907966908593,-3.8478935472667217
1142,37.3890730530323,-122.09067975100488,-2.1541620697826147
1143,37.38901805419268,-122.09056820228889,-0.6098798485472798
1144,37.38896815641491,-122.09045508225053,-3.1090839710086584
1145,37.388891907630125,-122.09033148538111,-1.7592778941616416
1146,37.3888451943159,-122.09025031782676,-3.9100012611597776
1147,37.3887892420755,-122.09014835018624,-2.357813937589526
1148,37.38875851883063,-122.09007653225487,-2.427847698330879
1149,37.38872063499027,-122.09002218944855,-2.5580037031322718
1150,37.38870031731839,-122.08996102592361,-3.3804641300812364
1151,37.38866006145877,-122.08987892557812,1.541079510934651
1152,37.38866070442957,-122.08982366703464,-1.9152062563225627
1153,37.38863852006243,-122.08979773072562,-3.824451230466366
1154,37.388626124616955,-122.0897521684376,-4.459865588694811
1155,37.38860604893482,-122.08969424486799,-3.7273349622264504
1156,37.388575318325785,-122.08968218378769,0.7730655083432794
1157,37.38857183192773,-122.08968413054741,0.6349366968497634
1158,37.38856628638991,-122.0896875141143,-1.9589851526543498
1159,37.38857830845435,-122.08969900656903,-3.3842993266880512
1160,37.388584265931414,-122.08971075030526,-3.590337491594255
1161,37.38857107644923,-122.08971780138162,-5.167962112464011
1162,37.38856702708737,-122.08969914310262,-6.537033102475107
1163,37.38855558219398,-122.0896915862834,-5.917150931432843
1164,37.38854130887161,-122.08968879869113,-3.0341340405866504
1165,37.38854175611455,-122.08968279310052,-1.2307045105844736
1166,37.3885331855588,-122.08967522071364,-0.3111393637955189
1167,37.38851941231668,-122.08964645930104,0.13001729547977448
1168,37.3885076559992,-122.08964541734876,1.9009314002469182
1169,37.38849448949254,-122.08962070628269,1.0249968310818076
1170,37.3885056593158,-122.08963428975447,2.8944352325052023
1171,37.3885140722585,-122.08962573338154,6.339962953701615
1172,37.38854078031242,-122.0896357146034,4.548753530718386
1173,37.388536847169206,-122.08963159115645,4.304365459829569
1174,37.3885471456767,-122.0896335855413,1.9004828687757254
1175,37.38855424492771,-122.08963440651024,1.3839515065774322
1176,37.38855642825909,-122.08965058831377,1.1991973975673318
1177,37.388554955374715,-122.08965756373256,1.5951799461618066
1178,37.38855668466273,-122.08966718576428,3.0085922349244356
1179,37.388563668615475,-122.08968258499988,-0.4271887047216296
1180,37.388577189660175,-122.08969414055011,-0.021442260593175888
1181,37.388587396920165,-122.08970603647121,-6.015345064923167
1182,37.388598019098225,-122.08969639566898,-10.287791921757162
1183,37.388601625531614,-122.08974743447314,-14.992228624410927
1184,37.38860333448614,-122.08976955290655,-19.136560975573957
1185,37.388601518933164,-122.08979566673308,-20.333389981649816
1186,37.388591258276215,-122.08976763922885,-18.943302855826914
1187,37.38859945759673,-122.08973211241202,-14.345650980249047
1188,37.38857075872697,-122.08967973619568,-9.7227927390486
1189,37.38855710967675,-122.08963147082555,-9.924114543944597
1190,37.38854887944696,-122.08964792723741,-9.726514481008053
1191,37.38854107144914,-122.08961897467114,-10.235749125480652
1192,37.38850742092024,-122.08961776212999,-10.424836602061987
1193,37.38849930157105,-122.0896092377219,-4.526132130995393
1194,37.38850263479829,-122.08963915184111,-4.202909438870847
1195,37.38847510891036,-122.08965146164246,4.962092136032879
1196,37.388477243179636,-122.08963393766763,8.457914365455508
1197,37.38845908261046,-122.0895651136713,13.300608477555215
1198,37.38845404111174,-122.08955982573629,16.393691302277148
1199,37.38845115123074,-122.08952665507427,17.179880615323782
1200,37.388450342472765,-122.08949943072145,18.471618461422622
1201,37.388476355737524,-122.08947939975006,14.524444381706417
1202,37.388492457018984,-122.08945071070798,9.9068604670465
1203,37.38850806304076,-122.08939442311915,4.896968972869217
1204,37.38853071925082,-122.08940241341523,0.963466084562242
1205,37.38854213157961,-122.0894318962463,-2.8211043728515506
1206,37.38854829225939,-122.08944078777158,-1.5130296368151903
1207,37.388559814344504,-122.08949333550402,-1.902179810218513
1208,37.388558471251145,-122.08951960568659,-0.5866365684196353
1209,37.38855050882752,-122.08954995533568,2.478778462857008
1210,37.388542723097714,-122.08955795406256,3.5048968149349093
1211,37.38854124783742,-122.08955411418003,5.326556229963899
1212,37.38851833662891,-122.08954298323462,6.0823378106579185
1213,37.388505676593454,-122.08952742458916,4.4342205142602324
1214,37.388500978649034,-122.08954162601351,1.0622154232114553
1215,37.388472638620925,-122.08948726809547,2.657815813086927
1216,37.3884224984121,-122.08942824724636,4.47671299893409
1217,37.38839902887085,-122.08939384731438,2.804061744362116
1218,37.38838590684785,-122.08937259055661,2.216974970884621
1219,37.388357172420946,-122.08930488533083,-0.12292415276169777
1220,37.38832758021677,-122.08921881365798,-1.3523348597809672
1221,37.38827323742378,-122.08909081088336,-0.4568135505542159
1222,37.38823760708637,-122.08900057409969,-8.31117950938642
1223,37.38821498129357,-122.08894829649817,-9.9117482714355
1224,37.38815125494946,-122.08885741599512,-6.615478739142418
1225,37.38811320722248,-122.08878034709274,-6.906031025573611
1226,37.388072534872926,-122.08871030954857,-7.1683755572885275
1227,37.388017666455134,-122.08857275242414,-9.950835069641471
1228,37.38795372867267,-122.08846431741864,-8.95434757694602
1229,37.387893998097695,-122.08832892148835,-8.30159116256982
1230,37.38783471019048,-122.08821060074686,-4.723355736583471
1231,37.38777531296505,-122.08810446664917,-3.0682761408388615
1232,37.38771777313303,-122.08798638920635,-4.297148530371487
1233,37.38767033639854,-122.08784562349305,-2.3912267200648785
1234,37.387629902784774,-122.08774494054333,-0.1179058263078332
1235,37.387554629047415,-122.0875858850988,5.5248066652566195
1236,37.387486636136884,-122.08744085771295,6.962768274359405
1237,37.3874190796016,-122.08730584467547,5.667867183685303
1238,37.387344565475644,-122.08717775449547,3.332499855197966
1239,37.38729454152225,-122.08706961370838,1.1706040212884545
1240,37.38723908693959,-122.08697565445473,0.020787827670574188
1241,37.38716534774915,-122.08681132907134,-2.7710473369807005
1242,37.387071418182195,-122.08663755664455,-0.17768615949898958
1243,37.38701980964811,-122.08653706992501,-1.7060871152207255
1244,37.386972917689896,-122.08646314701988,-5.812531798146665
1245,37.38692809567276,-122.08633732905,-6.82909232750535
1246,37.38688723298688,-122.08622054457875,-6.264139734208584
1247,37.38683096744723,-122.08607481371203,-1.5367500958964229
1248,37.386797453183725,-122.08601417269239,-1.0346563216298819
1249,37.386694592423126,-122.08587941367416,5.925109283067286
1250,37.38663498910702,-122.08574424899601,4.0657997922971845
1251,37.38656902382348,-122.08563851051899,2.1784017086029053
1252,37.38649872566294,-122.08547418142032,-2.9121925896033645
1253,37.386438449681464,-122.08536870731461,-1.6604568529874086
1254,37.38639420467356,-122.08528228812756,-1.2997116018086672
1255,37.38634843384138,-122.08521236864021,-1.2196421036496758
1256,37.38632278682761,-122.08515869555055,-2.236595625989139
1257,37.38629509068781,-122.0850918033077,-0.8023677868768573
1258,37.38627560570241,-122.08505356927085,-1.2262193728238344
1259,37.386257300214794,-122.08500994861163,0.924794047139585
1260,37.386254085307556,-122.08495606970338,6.242066824808717
1261,37.386244457563684,-122.08491287871016,9.742275797761977
1262,37.38624464583262,-122.08489714877325,20.474215486086905
1263,37.38624103956776,-122.08491397960117,29.12949733622372
1264,37.3862639986634,-122.08494546209661,28.219519005157053
1265,37.38624564751085,-122.08500572814391,38.640020709484816
1266,37.38626154136963,-122.08504750637962,42.014248416759074
1267,37.3862455284769,-122.08507133514081,39.29037070740014
1268,37.38623017923334,-122.08508548076824,42.144903933629394
1269,37.386233398717366,-122.08508922387375,41.190005499869585
1270,37.386227126157294,-122.08507743304348,41.87917597498745
1271,37.38621070642568,-122.0850998002975,44.26486653462052
1272,37.38622756802374,-122.08507530812176,44.31249081809074
1273,37.38622871823152,-122.08502250544348,43.622054520994425
1274,37.38620521710156,-122.08497174222528,46.61673292797059
1275,37.38619513749068,-122.08495927948415,48.288168399594724
1276,37.38622073349363,-122.08495655240309,43.13143611792475
1277,37.38623041585447,-122.0849564805029,39.96260160766542
1278,37.38621602144828,-122.08494381367066,39.65045931469649
1279,37.386216874167495,-122.0849364587453,39.82785060442984
1280,37.38620851945441,-122.08491086281659,41.604155918583274
1281,37.38617586890039,-122.0849039884773,45.51903834566474
1282,37.386182716334474,-122.084886876949,46.99290669336915
1283,37.38618936869644,-122.08486945708479,46.210314149037
1284,37.38621192125223,-122.08487713762274,47.166687885299325
1285,37.3861836849389,-122.08488728270798,39.30077032651752
1286,37.386187983478045,-122.08486416704989,23.780322207137942
1287,37.38614527562646,-122.08484996955795,28.132252692244947
1288,37.386149878086755,-122.08483498748168,20.25694080349058
1289,37.38613806413678,-122.08482905189175,21.419125069864094
1290,37.38614441409173,-122.08481419022317,19.463549902662635
1291,37.386163117307916,-122.08477676828781,13.364571131765842
1292,37.38619754881659,-122.08477883959061,21.879024880938232
1293,37.38625080781204,-122.0846954320324,1.4392879027873278
1294,37.38623474166427,-122.08470257975237,7.059166402556002
1295,37.38619669325963,-122.08470844795741,15.513797926716506
1296,37.38623149581939,-122.0846943393689,-0.9968332387506962
1297,37.386247765530534,-122.0846371848348,-19.61124974489212
1298,37.386265737770614,-122.08464686893058,-26.640841408632696
1299,37.38627227076658,-122.08460643269582,-30.346944213844836
1300,37.38625013069815,-122.08464128402431,-31.69442250020802
1301,37.386233167659036,-122.08465671672894,-29.10716998577118
1302,37.38622623992795,-122.08468017121406,-26.338183579966426
1303,37.38622231251814,-122.08471711032512,-21.386101711541414
1304,37.386186807261986,-122.08476070451417,-8.480743572115898
1305,37.386182195851795,-122.08475195616214,-8.02154950518161
1306,37.38615539984763,-122.08480335344835,-1.8772256625816226
1307,37.38614096639641,-122.08484101005118,5.838538899086416
1308,37.38611683600014,-122.08485338267106,15.392393517307937
1309,37.3861108329924,-122.0848851317672,13.488750360906124
1310,37.38613452100973,-122.08486812389765,8.001903210766613
1311,37.386120855506,-122.08484059030906,8.158029391430318
1312,37.38605912201839,-122.0848959475415,26.333474197424948
1313,37.386060816862916,-122.08489866214094,24.530890790745616
1314,37.386011356533146,-122.08494279737342,28.661198713816702
1315,37.38599994795061,-122.08491048092563,27.125858488492668
1316,37.38598599330059,-122.08490520288701,23.714496071450412
1317,37.385996520694675,-122.08487018702688,18.716278702020645
1318,37.38599620954078,-122.0848439144818,8.531132604926825
1319,37.385998104292966,-122.08483636822585,10.256936902180314
1320,37.38600951985855,-122.08483693543624,14.725018037483096
1321,37.386018853453486,-122.08479779374566,17.335903396829963
1322,37.3860324577926,-122.08478044095496,17.54568710923195
1323,37.386058374443195,-122.08477783325375,16.509190348908305
1324,37.38608290802962,-122.08475566787568,23.48324658535421
1325,37.38607534105005,-122.08474952799097,24.0985452150926
1326,37.38608194788168,-122.08467739615884,22.311122570186853
1327,37.38612525300882,-122.08461920522721,20.160826984792948
1328,37.38614759136279,-122.08457752900296,16.40705706179142
1329,37.386170771590585,-122.08457015100596,17.613647633232176
1330,37.386164671599516,-122.08461491815565,19.332620149478316
1331,37.38616422680321,-122.08467409688369,19.140807411633432
1332,37.38615515306114,-122.08472553753214,16.29160068091005
1333,37.386127235491465,-122.08472507837057,16.28103499021381
1334,37.38614045695705,-122.08471897665788,17.825658582150936
1335,37.386130879048835,-122.08472631472576,19.997334454208612
1336,37.386142934172156,-122.08474698275951,15.139337575994432
1337,37.38613353014087,-122.08477354097768,14.471145086921751
1338,37.38611559190111,-122.08479182024175,11.710281075909734
1339,37.38609222311639,-122.08480325913004,18.183552533388138
1340,37.38611745505492,-122.08476022404294,18.7255740147084
1341,37.38610621005996,-122.08470564148777,20.89745780080557
1342,37.386072627741605,-122.08464881756507,21.33467499818653
1343,37.38604074170166,-122.08458039751288,27.106877976097167
1344,37.386006734340064,-122.08451721985588,25.74758997000754
1345,37.385985470275884,-122.08447602636892,20.484993119724095
1346,37.385917102188365,-122.08442673280844,17.809790570288897
1347,37.38587257310603,-122.08435192156153,15.877687697298825
1348,37.38584227313898,-122.08430460104543,12.59826282877475
1349,37.38581813054413,-122.08420386416653,8.987539730966091
1350,37.38576533431112,-122.08410916241363,10.081448758020997
1351,37.38574712810209,-122.08401399568059,2.8152278335765004
1352,37.38571055702912,-122.08397014387765,2.0092287557199597
1353,37.38566423875219,-122.08385277931157,2.2075788797810674
1354,37.38561029565529,-122.0837711872775,2.362315150909126
1355,37.38557528291536,-122.0836578928435,3.090320927090943
1356,37.38551741318544,-122.08352886061564,2.0202742870897055
1357,37.38545117660004,-122.08341292759378,2.2269931454211473
1358,37.38540144370468,-122.08330341386696,0.040177312679588795
1359,37.38533550015231,-122.0831726429087,0.9099725764244795
1360,37.38529127956937,-122.08306517780082,-2.7194471014663577
1361,37.385251135228266,-122.08296526639386,-1.2726436033844948
1362,37.38517981325504,-122.08283723347944,-2.01672481931746
1363,37.38513482984242,-122.0827498661052,-1.978892832994461
1364,37.38507730165092,-122.0826306497157,-2.67239560931921
1365,37.38500648010929,-122.08248553107339,-3.561568976379931
1366,37.38494372343189,-122.08234918621258,-10.858609346672893
1367,37.38483466870328,-122.08214167346648,-11.69825266674161
1368,37.384770240604986,-122.08200747804837,-13.55837593600154
1369,37.38470763605047,-122.08187038270955,-11.87421591207385
1370,37.3846039570345,-122.08169528133294,-9.545570361427963
1371,37.38452531180181,-122.08155949900808,-6.6548020942136645
1372,37.38445379036895,-122.08139946106954,-7.034143700264394
1373,37.384378889147385,-122.08126530057382,-1.9187210714444518
1374,37.384306257158606,-122.08109913302559,-0.334098762832582
1375,37.38424351042725,-122.08094887531233,0.5246585588902235
1376,37.38416281853469,-122.0807750458956,0.3324704235419631
1377,37.384099131849766,-122.08066890574624,-2.3113711960613728
1378,37.384031947197876,-122.08051501292447,-4.079723762348294
1379,37.383945968127115,-122.0803931666063,-0.42872074991464615
1380,37.383877606797014,-122.08028398280993,-1.4077850487083197
1381,37.383803726441904,-122.08014288264152,2.83659896440804
1382,37.3837649529923,-122.07999988906255,-0.97114631626755
1383,37.38370512476332,-122.0798769444887,-2.717223913408816
1384,37.383620768697085,-122.07968881033244,-1.7740634363144636
1385,37.38355659351149,-122.07955588170567,-2.542098306119442
1386,37.3834816261317,-122.07941221057428,-1.0929121151566505
1387,37.38341305537118,-122.07927899909856,0.5123396804556251
1388,37.38335782824088,-122.07916797204955,1.0187058439478278
1389,37.38330762297894,-122.07906931896902,0.03745242673903704
1390,37.383275114321606,-122.07899880404071,-0.6485035810619593
1391,37.38322758432599,-122.07889906460996,-0.2881283573806286
1392,37.383154166914885,-122.07877368051972,0.006653696298599243
1393,37.38309965857156,-122.07866037154032,1.3010632637888193
1394,37.383059570616986,-122.07851521353798,-3.5831039119511843
1395,37.38301219917105,-122.07840404179736,-1.7995188683271408
1396,37.3829790917623,-122.07832349288809,-4.12053622957319
1397,37.38293542786838,-122.07819327445367,-4.556793803349137
1398,37.382890407463236,-122.07809544441281,-2.3396267062053084
1399,37.38284927325629,-122.07802460944872,-1.9047458013519645
1400,37.38279836049151,-122.07794215175129,-1.2522320784628391
1401,37.3827831688471,-122.07788257597826,-4.6103504011407495
1402,37.38277186919872,-122.07784399661237,-5.165758797898889
1403,37.382744834189715,-122.07783670279868,3.1730696661397815
1404,37.38271565227635,-122.07781835937827,14.017375954426825
1405,37.38267443174403,-122.07777325246825,26.332829711027443
1406,37.38267210770268,-122.07776902062838,25.213304027915
1407,37.38266043134488,-122.0777439365881,31.819413477554917
1408,37.38265080224343,-122.07769731404069,34.32522361911833
1409,37.382668607897706,-122.07773066459781,29.59741613920778
1410,37.38264778501014,-122.07775963453133,36.47761754691601
1411,37.38264274337922,-122.07786799571173,35.743356104940176
1412,37.382644191551826,-122.07787272863345,34.4803332099691
1413,37.382700215960256,-122.07785175118812,18.521915892139077
1414,37.382757024965,-122.07783872132157,4.336905527859926
1415,37.38273096809297,-122.07778954691094,8.41032132692635
1416,37.38271719771305,-122.0777916523333,9.892654994502664
1417,37.38271362893681,-122.07781586004097,10.126376084983349
1418,37.38272401637236,-122.07781457477604,6.1359610529616475
1419,37.382714796030285,-122.0777820314149,8.420325183309615
1420,37.38269239539202,-122.07777830814133,11.340318027883768
1421,37.38265215190145,-122.0777947405334,26.539410268887877
1422,37.3826222131531,-122.07778365039313,30.60787073802203
1423,37.3825890176778,-122.0777533482926,39.12358002178371
1424,37.382594594883315,-122.0777618813769,37.2389824828133
1425,37.38263220074416,-122.07775424722634,27.823020103387535
1426,37.38268826255837,-122.07774480739968,16.474232925102115
1427,37.38268056450683,-122.07776062682576,19.514585907571018
1428,37.38269830237718,-122.07771623632449,14.833435003645718
1429,37.38269448214819,-122.07774018085271,17.557956195436418
1430,37.38268336876515,-122.0777538688777,21.59843015950173
1431,37.38266235039016,-122.07780499323096,30.513157946057618
1432,37.382687043067236,-122.07780363285309,27.274007006548345
1433,37.382705363670915,-122.0778317405522,23.04555422347039
1434,37.38267771837923,-122.07783682958576,29.487581804394722
1435,37.382699023489856,-122.07779481897484,17.629748846404254
1436,37.38268517162257,-122.0778095284014,22.098162714391947
1437,37.38266059318404,-122.07784345270484,29.20826896838844
1438,37.38261466412196,-122.07780730508068,37.66142295766622
1439,37.38261247926604,-122.07778259570178,38.11629759706557
1440,37.382640719200516,-122.07779430641135,30.583605424501002
1441,37.38263539668428,-122.07779236599723,32.17025676835328
1442,37.382633004758425,-122.07778907763904,28.971269774250686
1443,37.3826053851914,-122.07778516244028,37.01309991534799
1444,37.38258035486352,-122.07778930233546,43.88531337771565
1445,37.38256164361523,-122.07778426508665,50.76069030165672
1446,37.382553055412046,-122.07782562010217,55.198963220231235
1447,37.382533676954395,-122.07784561749733,61.3101118830964
1448,37.38253176718493,-122.07784512837937,64.53828947618604
1449,37.382550285669865,-122.07782971178814,60.472633871249855
1450,37.3825655728007,-122.07781111796821,57.03557249251753
1451,37.382613955297145,-122.07779917915104,45.04354689735919
1452,37.382626031340116,-122.07777403673494,41.53909294027835
1453,37.38263288887488,-122.07779056318836,41.503603839315474
1454,37.382662026792914,-122.07777481203904,29.040026533417404
1455,37.38269770497764,-122.0777494679988,17.723290154710412
1456,37.382652066178196,-122.07775241542136,28.338159551844
1457,37.382641511185355,-122.07774415954624,30.00028572510928
1458,37.38261552237018,-122.07773163031639,33.210534961894155
1459,37.382608194606476,-122.07775263755354,35.928651021793485
1460,37.38260674976149,-122.07776127812252,38.47690240293741
1461,37.38260884965294,-122.07778121974975,40.21031389571726
1462,37.3826397266011,-122.0777609561984,33.49487807229161
1463,37.38268565872671,-122.07779254380911,24.93949229642749
1464,37.38269662764266,-122.0778128245698,18.847748779691756
1465,37.38270171185656,-122.0777910782788,14.45964315161109
1466,37.382707438310014,-122.07779793717388,10.891375014558434
1467,37.38271385508486,-122.07780030807946,11.080168143846095
1468,37.38271631975589,-122.07775987038734,6.082172722555697
1469,37.38273622679835,-122.07770059125359,1.6289023216813803
1470,37.382753192037164,-122.07765694533347,0.7783788666129112
1471,37.38277893034516,-122.07761186092196,0.9440879132598639
1472,37.382821876577346,-122.07757518708091,1.3941368563100696
1473,37.38288432635216,-122.07752533995834,4.850010040216148
1474,37.382914096207124,-122.07748877387525,8.049563664011657
1475,37.383021430996756,-122.0774051428464,6.633085544221103
1476,37.38308072285947,-122.07734643567228,7.098190972581506
1477,37.38317629002475,-122.07727498910889,2.999017108231783
1478,37.383263163616746,-122.07721917749456,5.313563774339855
1479,37.383352734774164,-122.0771531776022,0.241265001706779
1480,37.38343159775759,-122.07709453541757,2.44557623937726
1481,37.38352140786373,-122.07699168519305,7.0040290066972375
1482,37.38358992602947,-122.07693934628497,8.949320291168988
1483,37.383703724318735,-122.07689491672326,10.48501675389707
1484,37.383777030804566,-122.07682745922601,11.074940624646842
1485,37.383890000805806,-122.07677271828021,18.946591175161302
1486,37.383998611734185,-122.07667064651207,14.854091903194785
1487,37.384098054482024,-122.07658867083084,15.635658426210284
1488,37.38418884664263,-122.07651877020369,17.46119202580303
1489,37.384268332898294,-122.07646228271507,14.829154853709042
1490,37.38434060579269,-122.07639298428488,11.064874509349465
1491,37.38443801836922,-122.07633362798889,10.4724888112396
1492,37.3845326157411,-122.07627319645628,3.0499655194580555
1493,37.38460258525441,-122.07620046007757,7.761545175686479
1494,37.384674209836696,-122.07613220649738,10.187751884572208
1495,37.38475882897338,-122.07607557629322,13.105189710855484
1496,37.3848485675087,-122.07602243052158,13.104688543826342
1497,37.3849414566442,-122.07595801727531,7.642022841610014
1498,37.384966380589816,-122.07592731778699,5.36934626288712
1499,37.38499954215473,-122.07590013662046,-4.4674571277573705
1500,37.38502174470758,-122.07590486124136,-3.212931822054088
1501,37.385047543531535,-122.07588744433541,0.1271016877144575
1502,37.385033461040614,-122.07588159564938,0.5305409375578165
1503,37.38506856150952,-122.07586711195225,0.009884160943329334
1504,37.38510487710178,-122.07586295698694,-1.8118980647996068
1505,37.38511593652013,-122.0758938256642,-1.4543332923203707
1506,37.38515707697676,-122.07592442238507,0.27981998026371
1507,37.38519602580222,-122.0759664125301,-2.164034199900925
1508,37.385226548245406,-122.07601429305967,2.8253865828737617
1509,37.385259896659015,-122.07608382703286,5.029116260819137
1510,37.38530182730727,-122.07619047054412,0.26838384196162224
1511,37.38536833527547,-122.07625975754253,1.6435633916407824
1512,37.38541313593163,-122.07633826393698,0.0016813818365335464
1513,37.3854538540314,-122.07641102926408,-0.4301830865442753
1514,37.385480389775644,-122.07646495119785,-2.9383796006441116
1515,37.38550016626938,-122.07653103247266,-3.279129358008504
1516,37.38550648417969,-122.0766004511891,-4.606642566621304
1517,37.385538698519696,-122.0766542125098,-5.785784928128123
1518,37.38554114004998,-122.07671660911318,-6.054301899857819
1519,37.38555434022103,-122.07675638396006,-4.336625435389578
1520,37.38555310730852,-122.07679986416473,-2.7547837560996413
1521,37.385537857343714,-122.07687422137431,-3.939314678311348
1522,37.38549128453845,-122.0769195692303,-5.51253104954958
1523,37.3854251601679,-122.07699964451862,-3.287085666321218
1524,37.385360115350046,-122.07707682197686,0.35006804019212723
1525,37.38531972943952,-122.07712472054345,-8.567600992508233
1526,37.385250250057574,-122.0771792295788,-5.355305296368897
1527,37.385131747144534,-122.0772920806917,1.537139036692679
1528,37.38505268416931,-122.07735437383337,-1.317036702297628
1529,37.38495757394052,-122.07741748550046,-0.9449327141046524
1530,37.38489693434825,-122.07744856078916,-0.8242873689159751
1531,37.38480314244935,-122.0775026365218,-0.004841730929911137
1532,37.384748645460206,-122.0775273308638,-1.2676428891718388
1533,37.38464144128467,-122.07760512550472,-1.4046814013272524
1534,37.384542421886344,-122.07767857927062,1.2539039673283696
1535,37.38448133672876,-122.07772757127302,0.17980420403182507
1536,37.384395476635035,-122.0777803851626,-5.016136221587658
1537,37.384247973648435,-122.07790615384027,0.3501489795744419
1538,37.384151528332936,-122.07798183364245,-3.5843509901314974
1539,37.38408747984709,-122.0780170241834,-3.4907086277380586
1540,37.38395668927886,-122.07809215509128,3.8864354211837053
1541,37.38387226025577,-122.0781487344992,1.3466779617592692
1542,37.38381918797651,-122.07818554225426,-2.0257377522066236
1543,37.38373668717155,-122.07825567305271,-2.1449263393878937
1544,37.383656011585636,-122.07832566210838,-3.2975635370239615
1545,37.38358567844565,-122.07838547514498,-2.3880806788802147
1546,37.383532798815104,-122.07843202242424,-3.178274837322533
1547,37.3834513708573,-122.07850346002627,-4.99466950353235
1548,37.38339701403286,-122.07855206911059,-8.022640802897513
1549,37.383357152037895,-122.0785717184705,-8.46917502488941
1550,37.383317119659225,-122.0786213451833,-3.6135368179529905
1551,37.38330635669458,-122.07866459836373,-3.343500250019133
1552,37.38329990409653,-122.07871188761789,-1.3104979814961553
1553,37.38329505489301,-122.0787849111357,4.366733928211033
1554,37.38332831322305,-122.07886808209852,3.979704864323139
1555,37.38337832760251,-122.07895876141913,2.3718678262084723
1556,37.383405616907055,-122.07904641673636,4.34489581361413
1557,37.38346184639059,-122.07918472347494,4.999842314980924
1558,37.38355290139429,-122.07932581397134,-0.6613436518236995
1559,37.38366584599773,-122.07949766761818,3.1255497382953763
1560,37.38375038391269,-122.0796589251779,0.8650712771341205
1561,37.383825558071614,-122.07984263444384,0.5983547978103161
1562,37.38391318634632,-122.08001853822208,2.530082722194493
1563,37.38401946013777,-122.0802265644519,2.169091233983636
1564,37.38411517998819,-122.08043851110828,4.903389470651746
1565,37.384215900583825,-122.0806483102324,2.6682326812297106
1566,37.38430888487859,-122.08087445218086,0.6918184086680412
1567,37.38440951553723,-122.08109598735763,-0.3764429809525609
1568,37.384520692896565,-122.08130060666358,-2.231268628500402
1569,37.38459831654441,-122.0814599894429,-4.0716504929587245
1570,37.38467443636331,-122.08162227108538,-6.5059166410937905
1571,37.384769931992494,-122.08182016236712,-5.2833949364721775
1572,37.38484916719554,-122.0819558458642,-4.615471236407757
1573,37.384944753825685,-122.08213611774143,-2.86463644169271
1574,37.3850383848615,-122.08229942278284,-1.7663204446434975
1575,37.38509595581445,-122.08245087204443,-3.2743610525503755
1576,37.38516863893861,-122.0825875272853,-4.558306874707341
1577,37.385220788838744,-122.08270828483545,-5.323024143464863
1578,37.38525463342744,-122.08285274619219,4.975613597780466
1579,37.38531612345278,-122.08293268858169,4.130978382192552
1580,37.385353976443426,-122.08300095521858,4.763437277637422
1581,37.38539668895561,-122.0830806728806,4.210248124785721
1582,37.38543968987033,-122.08315153743362,7.971001588739455
1583,37.38547161222394,-122.08320137812785,9.30132539011538
1584,37.38549391415956,-122.08325063553802,8.717096614651382
1585,37.385507214239745,-122.08330573487123,10.950291114859283
1586,37.38552715261649,-122.08332752829293,10.507946616970003
1587,37.38552277105287,-122.08335594628613,11.555789470672607
1588,37.385559069648366,-122.08337890669888,9.932916169054806
1589,37.38557361782406,-122.08337545087873,12.241261070594192
1590,37.38558688398915,-122.08338201444677,9.696814235299826
1591,37.3855935686425,-122.08340092398159,4.016411278396845
1592,37.38558022312368,-122.08343911487866,7.663037340156734
1593,37.385591888250346,-122.08349491246526,12.334053738974035
1594,37.385614046023235,-122.08354515136368,12.324404930695891
1595,37.3856555618319,-122.0835995441774,8.668649275787175
1596,37.385687725326385,-122.08367704215273,8.841779110953212
1597,37.38574076528518,-122.08376350656808,4.731782766059041
1598,37.38576100543663,-122.08391182807783,8.421274942345917
1599,37.38579222245506,-122.08403133564063,13.915069466456771
1600,37.3858386073409,-122.08416718376515,12.533229075372219
1601,37.38587903989024,-122.08429319074463,15.446633104234934
1602,37.38598563750726,-122.0843999318779,14.188016059808433
1603,37.38605409908527,-122.0844933353438,8.96375909075141
1604,37.386160084600554,-122.08465522110035,6.985770219936967
1605,37.38625555292228,-122.08481470258045,-0.16267124842852354
1606,37.38633519173019,-122.08497554859875,0.875645125284791
1607,37.38639683441635,-122.08506956865659,0.42920468375086784
1608,37.38648535273609,-122.08519391687446,-4.108554835431278
1609,37.38654753492233,-122.08531465550294,-2.248173422180116
1610,37.38665658184235,-122.08551930938177,-3.511835935525596
1611,37.38673426443139,-122.08571708158591,-4.8744115782901645
1612,37.38680814243717,-122.08588415062349,-4.728880641050637
1613,37.38689722827563,-122.08609020782123,1.846522099338472
1614,37.38698209907766,-122.08623596386823,0.10822904389351606
1615,37.387100149565114,-122.08643136490704,0.7448243526741862
1616,37.387159663831646,-122.08655565544785,-1.0604424150660634
1617,37.38723958084418,-122.0867039034747,0.7466887831687927
1618,37.38734388269029,-122.08687537439344,2.034273784607649
1619,37.38741092192308,-122.0870520226207,3.98004649579525
1620,37.387466666001515,-122.0872121436975,1.8405027389526367
1621,37.387514053311186,-122.08731711678115,0.8322661556303501
1622,37.38756687899323,-122.0874110025701,0.6224055141210556
1623,37.387587733850594,-122.08747079445519,-1.5185227151960135
1624,37.387615829980824,-122.08753010953384,0.09847544878721237
1625,37.38764613885151,-122.08758577033038,-2.6504214704036713
1626,37.38765153088492,-122.087621729437,-3.5902341417968273
1627,37.387679564142125,-122.08767678932635,-5.748909308575094
1628,37.38769256212473,-122.0876995933786,-4.287303889170289
1629,37.38771356510638,-122.08773020533498,-4.836714219301939
1630,37.38770802964194,-122.08773470171927,-4.016376126557589
1631,37.38769557494164,-122.08771182424657,-6.08771045692265
1632,37.387689357897706,-122.0877190806552,-5.16801465023309
1633,37.38768512699461,-122.0877194843528,-5.254236595705152
1634,37.38768315763806,-122.08771859719432,-5.946053744293749
1635,37.38769275202331,-122.0877106368161,-13.573214837349951
1636,37.38769236036958,-122.08769898220075,-14.33685783110559
1637,37.38768780659672,-122.08769638173925,-11.66286114603281
1638,37.387688967321786,-122.08772096117447,-11.777908618561924
1639,37.387718850103525,-122.08773396212825,-9.831616748124361
1640,37.38771632719044,-122.08774866531938,-7.836980025283992
1641,37.38772275807923,-122.08774345744068,-12.084977064281702
1642,37.387735388667565,-122.08774888681064,-12.304845002479851
1643,37.38774371880138,-122.0877473528216,-9.956776535138488
1644,37.387758721289764,-122.08774117967629,-7.498590589500964
1645,37.3877601810052,-122.08774363099296,-6.767044409178197
1646,37.38775619356571,-122.08773665640155,-4.832347004674375
1647,37.387748235411195,-122.08774159492297,-5.2170299012213945
1648,37.387754743677135,-122.0877302083034,-5.587247212417424
1649,37.38775286171431,-122.08771980575933,-10.267931680195034
1650,37.387763121113004,-122.08771563699,-11.336224988102913
1651,37.38775436473393,-122.08771005127102,-11.563934513367712
1652,37.38775390873734,-122.08770708324008,-11.262466497719288
1653,37.387747473418784,-122.08771497237491,-8.028328874148428
1654,37.3877555467671,-122.087724958925,-6.524902100674808
1655,37.38775761705222,-122.08772357909142,-4.004523031413555
1656,37.3877514620121,-122.08771419181124,-3.216205717995763
1657,37.3877443639635,-122.08772680354762,-3.218178126960993
1658,37.387754489110925,-122.08775608411094,-1.3906436432152987
1659,37.38775985949546,-122.08775825816339,-1.4698559632524848
1660,37.387770361118385,-122.0877437500392,-4.718781715258956
1661,37.38776484115191,-122.08773876335626,-5.839300331659615
1662,37.387773065693786,-122.08772975485269,-8.24505408294499
1663,37.387773277277965,-122.08772921692777,-10.228349613025784
1664,37.387770248980615,-122.08773394411158,-9.633480957709253
1665,37.38778019298864,-122.08774986284374,-11.089240687899292
1666,37.387786849495264,-122.08775808894582,-11.733296643011272
1667,37.38780113292164,-122.08776933061797,-12.681921583600342
1668,37.38779619119655,-122.0877691853725,-13.340105788782239
1669,37.38777119712864,-122.08776954185876,-12.767248198390007
1670,37.38773380476024,-122.0877412413589,-10.23209667019546
1671,37.38771737401266,-122.08772357414858,-8.308355245739222
1672,37.38771950436309,-122.0877121224236,-8.406430493108928
1673,37.387715225670505,-122.08769699944894,-7.266347837634385
1674,37.387699184789575,-122.08771945063552,-3.5554263619706035
1675,37.38770362992585,-122.0877115799987,-4.675318433903158
1676,37.387708994620425,-122.0877366929706,-4.168059879913926
1677,37.38771688142633,-122.08774671557613,-3.0465980311855674
1678,37.387728376919405,-122.0877814879339,-2.9033132568001747
1679,37.38775916959973,-122.08782698475727,-2.099612028338015
1680,37.387777505766955,-122.08787589232014,-3.7358281621709466
1681,37.38781822161856,-122.08795183065335,-4.3276922181248665
1682,37.38786555885032,-122.08805445127199,-4.1499174209311604
1683,37.38791743581501,-122.0881509684123,-4.684217249974608
1684,37.38795395693341,-122.08823732591517,-2.201860330067575
1685,37.38800268384903,-122.08834162928937,-0.3751329109072685
1686,37.388084315284196,-122.08849639584837,-0.4048401890322566
1687,37.388156347654856,-122.08863649697183,-2.918535432778299
1688,37.38822189663173,-122.0887664293649,-3.9437207262963057
1689,37.38829648511303,-122.08890989374912,-4.304483306594193
1690,37.38835931284998,-122.08905626672923,-3.457765624858439
1691,37.38843965794676,-122.08920731990666,-1.9655330451205373
1692,37.38849751019493,-122.08934590064278,-1.7653671177104115
1693,37.3885797865093,-122.08951346882752,-1.878787286579609
1694,37.38866996771689,-122.08970180374754,-3.128167529590428
1695,37.38874398484374,-122.08987142368501,-5.452743389643729
1696,37.38883235233514,-122.09003098606692,-5.455551330000162
1697,37.38889883281228,-122.09017688434781,-5.817199046723545
1698,37.388983086201904,-122.09033318900623,-3.842985048890114
1699,37.38906148106227,-122.09050189611656,-6.738303914666176
1700,37.389168424744675,-122.09069830178558,-5.970711310394108
1701,37.389257819763635,-122.09085481774446,-3.3630303973332047
1702,37.38932973298066,-122.09101214700482,-6.129557156935334
1703,37.38940652663752,-122.09115506410689,-3.981233931146562
1704,37.38948513102834,-122.09130251049181,1.6789586218073964
1705,37.38954817007282,-122.09147992343874,0.5181221617385745
1706,37.38964530186053,-122.09165150675788,0.4697976093739271
1707,37.38972016932841,-122.09180057921895,-2.7326340982690454
1708,37.38979190727429,-122.09194988530193,-3.219549492932856
1709,37.38988034632698,-122.09212161915242,-1.8033443875610828
1710,37.39001542786748,-122.09235326106115,2.32715364638716
1711,37.39008032461072,-122.09248154864719,2.859394958242774
1712,37.39014168546894,-122.09264204740393,6.9673180021345615
1713,37.390213829715314,-122.09280172161841,7.880538168363273
1714,37.390321876276744,-122.09299247653898,4.0383325181901455
1715,37.390410266671545,-122.09317894169388,3.670409493148327
1716,37.39050396574014,-122.09339619285228,13.310015980154276
1717,37.390535704194384,-122.09356509785499,18.176272653974593
1718,37.39068937770626,-122.09376254844895,10.83754011709243
1719,37.39079598676566,-122.09387808291508,11.808000271208584
1720,37.39090065075125,-122.09401902756869,6.470890237018466
1721,37.39095542751347,-122.09409221706544,2.743679882027209
1722,37.39103457045337,-122.09422942935451,-1.1401107590645552
1723,37.391168155337695,-122.09437374491283,-0.5379801020026207
1724,37.391252872809254,-122.09449036681617,-2.010868987068534
1725,37.39136061105092,-122.09461199101418,-4.516241463832557
1726,37.39144744256773,-122.09470891481854,-4.236140388064086
1727,37.391513877369306,-122.09477546470852,-6.330167314969003
1728,37.39156325682984,-122.0948163770881,-7.136748160235584
1729,37.391624371081235,-122.09485895994516,-5.716155372560024
1730,37.39165895929458,-122.09489616771745,-5.073641169816256
1731,37.39168791500713,-122.09496515152786,-2.1114687649533153
1732,37.391724611323134,-122.09500199789544,-0.8871031301096082
1733,37.39174360195392,-122.09503167269003,0.5594918159767985
1734,37.39175684779089,-122.09506293962745,3.3539891121909022
1735,37.39176419463315,-122.09506497245634,1.4886989342048764
1736,37.39177212272564,-122.09505224582854,1.3615542985498905
1737,37.391774849993006,-122.09503507433317,0.18943122401833534
1738,37.39177382733564,-122.09504161653996,-2.2917631827294827
1739,37.39177497103306,-122.09505776986559,-0.7078609894961119
1740,37.39176860160961,-122.0950681246512,1.7182028526440263
1741,37.39177602214311,-122.0950740869258,1.8195299226790667
1742,37.39176684032991,-122.09507691553402,0.5983414221554995
1743,37.39177163261452,-122.09506439983278,-1.2046662578359246
1744,37.39177339868036,-122.09504724424863,-0.9887367524206638
1745,37.391756366986684,-122.09503391891535,-1.777168858796358
1746,37.39174247503669,-122.09503025948285,-3.7609763368964195
1747,37.391737607586975,-122.09503060652364,-3.4431125689297915
1748,37.39172693870835,-122.09501499946813,-7.108285763300955
1749,37.39171883858456,-122.09500885692835,-8.472315987572074
1750,37.39170143518207,-122.09499883283888,-10.760188364423811
1751,37.39170485104192,-122.09499097147012,-11.115514577366412
1752,37.391710492741204,-122.09494974417898,-13.461995997466147
1753,37.391705556311905,-122.0949453096024,-14.181599389761686
1754,37.39170914771652,-122.09493012524936,-13.56806475110352
1755,37.391694996987816,-122.09494622575133,-14.056392789818347
1756,37.39170146285536,-122.09492221756337,-14.42738304939121
1757,37.391706998628855,-122.09490224170216,-16.11396778654307
1758,37.391711471394686,-122.09490371485288,-16.63555593136698
1759,37.391710869255604,-122.09490117893873,-20.024693455547094
1760,37.391713093776445,-122.09491336118207,-18.140254956670105
1761,37.39170919225678,-122.09492646708911,-16.686348220333457
1762,37.391709130502015,-122.09494442920064,-15.009561737067997
1763,37.39169578779106,-122.09500650257786,-12.801117818802595
1764,37.39170039898771,-122.09503344237189,-11.241798826493323
1765,37.39171794387498,-122.09503124928891,-13.597596828825772
1766,37.391718904815306,-122.09504981810338,-15.694519593380392
1767,37.391730221575415,-122.0950593164175,-14.379270860925317
1768,37.39174404439177,-122.09509804542618,-11.498154974542558
1769,37.39174668039756,-122.09511614474138,-10.763098670169711
1770,37.39175766715015,-122.09510531505562,-9.65373473893851
1771,37.39176320492508,-122.09510869793891,-10.200537918135524
1772,37.391777820517,-122.09509594617208,-8.485879081301391
1773,37.39176749592408,-122.0950628736542,-8.915389090776443
1774,37.39175974315218,-122.09505074517695,-8.958818964660168
1775,37.39176719830217,-122.09503640338384,-9.391530845314264
1776,37.391776328713604,-122.0950496609694,-7.300872389227152
1777,37.39180550198079,-122.0950816590268,-6.879018407315016
1778,37.39184209276541,-122.09511748258156,-6.591964532621205
1779,37.39186940608637,-122.09513707023402,-6.2568131210282445
1780,37.391922280147284,-122.09517677427264,-6.940433383919299
1781,37.391990995244285,-122.09525452192969,-8.707264295779169
1782,37.39207020581751,-122.09532274183147,-8.350828031077981
1783,37.392155144509054,-122.09541701228397,-7.440107770264149
1784,37.3922279164114,-122.09548140090335,-8.581656438298523
1785,37.392334699100275,-122.09560812053468,-7.718747009523213
1786,37.392423478171,-122.09569506463332,-7.114442835561931
1787,37.39253314885242,-122.09579030468714,-7.15822444204241
1788,37.392627041482015,-122.09588923779691,-7.076461536809802
1789,37.392726219754515,-122.09598467527701,-7.120481711812317
1790,37.392848757873544,-122.09611286453388,-5.822054358199239
1791,37.39295165974328,-122.09623512738766,-6.691837611608207
1792,37.39303496661819,-122.09632773346605,-7.218697908334434
1793,37.39315961155353,-122.09646100603422,-6.314350785687566
1794,37.393274388315476,-122.09660215183479,-7.457521212287247
1795,37.39337670363052,-122.09672917639423,-7.993148795329034
1796,37.39345651852169,-122.09686562392207,-7.275478977710009
1797,37.39354419353993,-122.09700449972767,-7.481488307006657
1798,37.3936413211994,-122.09712969510278,-9.215097466483712
1799,37.39375826534374,-122.09733846141086,-7.992272071540356
1800,37.39384780311946,-122.09750068555694,-8.306481696665287
1801,37.39394923719842,-122.09768288430581,-8.178162926808
1802,37.39402163150373,-122.09783191549828,-8.776000508107245
1803,37.3940946831687,-122.09798799736497,-6.942023313604295
1804,37.39416829253761,-122.09815381797132,-7.787392879836261
1805,37.39426875716562,-122.09834286624775,-9.161556942388415
1806,37.394336809759366,-122.09851065820786,-10.278129915706813
1807,37.39445050948417,-122.09867654341363,-10.816394406370819
1808,37.39451454897849,-122.09885578903938,-8.193751118145883
1809,37.394569738828736,-122.09900943618304,-10.160177270881832
1810,37.39465112911939,-122.09919735222212,-9.050801327452064
1811,37.39473185031268,-122.09937498078534,-8.459080467000604
1812,37.394792850916545,-122.0995313171921,-8.754000908695161
1813,37.39490195379109,-122.09973771022703,-7.095478001981974
1814,37.39496262867624,-122.09990266371928,-6.605135212652385
1815,37.3950347078256,-122.10011021438976,-7.838967592455447
1816,37.39508323037574,-122.10024567692166,-9.096355983056128
1817,37.39516991030406,-122.1004280391939,-7.649740426801145
1818,37.39526486565757,-122.10062618885588,-7.610667307861149
1819,37.3953236903394,-122.10077331092069,-7.900096031837165
1820,37.3953799904617,-122.10094946473224,-9.78952517081052
1821,37.395440192859375,-122.10109870414637,-8.112981501035392
1822,37.3955270587014,-122.10125724515295,-8.554219769313931
1823,37.39560065420264,-122.10140444625362,-10.225931895896792
1824,37.39569436931559,-122.10158979594524,-10.156231574714184
1825,37.39574991999603,-122.10172354347318,-10.319764319807291
1826,37.39581683069867,-122.10187153844389,-10.101885504089296
1827,37.395875090392316,-122.1019935247752,-8.999587810598314
1828,37.39593233331016,-122.10209579442099,-8.963740268722177
1829,37.3959811682027,-122.10219700743158,-8.216668874956667
1830,37.396019476070336,-122.10232247127284,-8.597751305438578
1831,37.39604972925915,-122.10239454548173,-7.832106603309512
1832,37.39609743559481,-122.10251375738424,-7.508050109259784
1833,37.396143595110914,-122.10263926959841,-8.21128329820931
1834,37.39617736564394,-122.10271430346148,-7.5583035089075565
1835,37.39623169127524,-122.10279252284371,-6.789321377873421
1836,37.39625216791639,-122.10288630802548,-7.962996916845441
1837,37.39629293929682,-122.10294328398622,-6.666758395731449
1838,37.39631262812957,-122.10299483407212,-5.469646573998034
1839,37.39632799872484,-122.1030315383552,-6.151548797264695
1840,37.39635483875547,-122.10307286702117,-5.082125585526228
1841,37.39638526919286,-122.10307907401899,-6.1268724007532
1842,37.396356925434496,-122.10310028044017,-9.775020757690072
1843,37.39638055613748,-122.10311055469722,-9.081438818015158
1844,37.396403124870815,-122.10310313724126,-8.869497379288077
1845,37.39643016958672,-122.10310698379277,-7.3602686719968915
1846,37.396461655619355,-122.10310135965736,-3.5897378167137504
1847,37.39644781254919,-122.10307877376069,-4.321970913559198
1848,37.396457581660925,-122.10304939916608,-4.763005322776735
1849,37.39642984719444,-122.10301993350566,-7.211385860107839
1850,37.39642651583339,-122.10299730343513,-7.302835219539702
1851,37.396407574746625,-122.10298296293102,-9.937964783981442
1852,37.3964439002864,-122.10299601628635,-7.325740558095276
1853,37.39643115421985,-122.1030070404237,-8.925839976407588
1854,37.396440109535135,-122.10300268034491,-9.36013977508992
1855,37.39646283298385,-122.10300095673875,-8.026011631824076
1856,37.396461222562245,-122.10299753557673,-6.405823252163827
1857,37.39644781319703,-122.10299155798444,-8.00405733473599
1858,37.396404214787026,-122.10297630340378,-12.715413318015635
1859,37.39641057291186,-122.10297351737344,-13.197840686887503
1860,37.396406284624646,-122.1029811820798,-14.22085874620825
1861,37.39641170607197,-122.10298260327414,-13.238081077113748
1862,37.396427119097794,-122.10300026300838,-11.450497551821172
1863,37.39643722212303,-122.10303972888394,-7.383073812350631
1864,37.396464092137386,-122.10306420066493,-5.3120055086910725
1865,37.39647812721108,-122.10309469886663,-1.8338229237124324
1866,37.3964679004776,-122.10311452201341,-1.9444711776450276
1867,37.396455362703165,-122.10312539102529,-3.39087116997689
1868,37.39646025100833,-122.10313009598092,-1.4107776749879122
1869,37.396458401995424,-122.10314971813767,1.8608786910772324
1870,37.39643957259812,-122.10313980088505,2.0199287571012974
1871,37.39643971975279,-122.10313911464671,3.080770908854902
1872,37.396400288502136,-122.10312000382162,-0.24727767519652843
1873,37.396376680358074,-122.10313457000454,-2.141187597066164
1874,37.39644658230174,-122.10310585924589,-0.2581456247717142
1875,37.39647113420356,-122.10310688614175,1.910956732928753
1876,37.396505728921085,-122.10311834545551,6.167627261020243
1877,37.3965450955091,-122.10312622694032,12.037594991736114
1878,37.39655402756415,-122.10314724751879,15.193966488353908
1879,37.39657554218481,-122.10315197006045,15.525578438304365
1880,37.39653070412826,-122.10314789784839,10.450745452195406
1881,37.39649693901667,-122.10315628573187,8.516808536835015
1882,37.396479769503664,-122.10315271289139,6.722611983306706
1883,37.39643284254816,-122.10314028428651,0.10373730584979057
1884,37.39641208605064,-122.10315251948929,-0.815994331613183
1885,37.39638549384649,-122.10315466187731,-1.490598101168871
1886,37.39637395897834,-122.10316606789435,-1.7369088847190142
1887,37.396406495257274,-122.10316863713598,-0.2716225190088153
1888,37.396398034356,-122.10318381752322,0.15472028963267803
1889,37.39639365538782,-122.10320165571602,0.28177846781909466
1890,37.39640178620905,-122.10320819784076,0.9776359712705016
1891,37.39638921669861,-122.10320693993683,0.48682159651070833
1892,37.39638904070736,-122.10321119691996,2.5217085015028715
1893,37.39641652748733,-122.10320828621063,3.190494379028678
1894,37.396408391709244,-122.10321453262688,3.0342276385053992
1895,37.39644068013778,-122.10322553627611,7.119070935063064
1896,37.39645314024795,-122.10323496907822,9.517721451818943
1897,37.3964964767698,-122.10318778466772,8.942449339665473
1898,37.39649565261658,-122.10316031403302,6.756445270963013
1899,37.39649198236606,-122.1031513523518,5.791367940604687
1900,37.39649185568978,-122.10315039062856,5.792953195981681
1901,37.39651675058212,-122.10314790218908,7.059000297449529
1902,37.39654677072362,-122.10311623091324,5.654878046363592
1903,37.39656675591457,-122.1030864936826,4.641023684293032
1904,37.396571297985844,-122.10308564126527,2.790376577526331
1905,37.39654863181491,-122.1030877251263,0.5911168269813061
1906,37.39653994046067,-122.1031049961063,1.3682484226301312
1907,37.39653015356932,-122.10312455430766,2.9710800806060433
1908,37.39649634678131,-122.10313894707265,1.4667397886514664
1909,37.39648282039185,-122.1031472503572,-0.14771242812275887
1910,37.39647871641786,-122.1031518174812,0.785401507280767
1911,37.39645835443544,-122.1031402504949,-2.081346096470952
1912,37.39648249188461,-122.1031341014462,-1.7690628599375486
1913,37.396488143081214,-122.10313255213048,-2.8148931646719575
1914,37.396502165133626,-122.10312975143843,-2.8429542304947972
1915,37.3964949375681,-122.10312159324984,-5.371981710195541
1916,37.39651424166264,-122.10313774957022,-1.4403685629367828
1917,37.39650687353815,-122.1031494478415,-0.24861637968569994
1918,37.39642518232835,-122.10315675922521,-4.354581801220775
1919,37.39643492623535,-122.10315137278903,-4.226918867789209
1920,37.396473721786315,-122.10317041578296,1.0610587541013956
1921,37.39645113520038,-122.10317291289518,0.9627101020887494
1922,37.39646362978941,-122.10317501918068,2.9565230663865805
1923,37.39646634971303,-122.10318659644501,5.407815208658576
1924,37.39647751160362,-122.1032017252746,7.903920441865921
1925,37.39645749959096,-122.10319627464678,5.9224407793954015
1926,37.396435928526394,-122.10320582714759,6.4648680267855525
1927,37.396440240804225,-122.10321782734488,9.405454589985311
1928,37.396426725061126,-122.10326391232368,11.684459175914526
1929,37.39642000909167,-122.10325815135867,11.344796222634614
1930,37.39645573270811,-122.10324690138023,13.051126031205058
1931,37.39647330099256,-122.10323478833841,14.254165234044194
1932,37.39650622445886,-122.10323102672648,16.580393025651574
1933,37.39646017956224,-122.10322222303719,12.841555891558528
1934,37.396443977055945,-122.10321303351205,12.560553795658052
1935,37.396413311924334,-122.10318638467541,8.70649208407849
1936,37.396409612337365,-122.10316024642297,8.642642087303102
1937,37.39642132412531,-122.10314122351159,6.696210709400475
1938,37.3964491204597,-122.10313134467593,7.859505563043058
1939,37.39644309541565,-122.1031188447771,6.2311217011883855
1940,37.396435157092654,-122.10312999568393,5.2166605377569795
1941,37.39644774181305,-122.10316000519826,5.043323401361704
1942,37.39647411086915,-122.10318244025014,6.851531538181007
1943,37.39645574783245,-122.10317254249972,3.99421420507133
1944,37.39646674006405,-122.10318352652274,5.163464607670903
1945,37.39646453443382,-122.10318641956894,4.840081186965108
1946,37.39646944986126,-122.10317392696079,4.0323325814679265
1947,37.39646130013705,-122.103174296067,3.7858164329081774
1948,37.396447570830524,-122.10318599442539,5.734040016308427
1949,37.3964584668038,-122.10317915687843,6.731692376546562
1950,37.3964413966036,-122.10317652901308,5.857040018774569
1951,37.3964338941965,-122.10317759681367,6.365668599493802
1952,37.39645908902496,-122.10317145972738,9.622562384232879
1953,37.396535763204305,-122.10317601475818,12.716312508098781
1954,37.396494116035875,-122.10317580147375,8.497851483523846
1955,37.396438285004805,-122.10319163384347,6.526455330662429
1956,37.39638095123094,-122.10317968399792,0.44820592924952507
1957,37.39635478616095,-122.10319119386294,-1.5322463177144527
1958,37.396308609856035,-122.10317511376688,-7.579381400719285
1959,37.396277804324384,-122.10317027940206,-5.172154150903225
1960,37.39621683674692,-122.10311577065325,-4.717346236109734
1961,37.39617513717509,-122.10308513825301,-6.379600808024406
1962,37.39613732252162,-122.10305165861391,-5.179334556683898
1963,37.39610448891379,-122.10299284059853,-6.115800637751818
1964,37.39607396361376,-122.1029084366688,-8.76270035840571
1965,37.39604388674202,-122.10287824732201,-7.3977586617693305
1966,37.39601490050041,-122.10283613457317,-6.9922807440161705
1967,37.39596520863106,-122.10279424545823,-3.6633974062278867
1968,37.39594607161073,-122.10281227254232,-4.323637026362121
1969,37.39593623664226,-122.102816835532,-4.574896157719195
1970,37.395909315058574,-122.10280812152527,-6.585200957022607
1971,37.395884360800764,-122.10281086593375,-5.916674342006445
1972,37.39585660678564,-122.10284337111169,-6.544193948619068
1973,37.39582598940905,-122.10286789487387,-0.7392024975270033
1974,37.39581652572979,-122.10287534479552,-0.8388747563585639
1975,37.3958290277333,-122.10291679837181,-3.1327877724543214
1976,37.39583159947436,-122.10298976507418,-5.400870299898088
1977,37.395839047341525,-122.10303440254093,-8.207273634150624
1978,37.39583224167463,-122.10306258259656,-8.572192206978798
1979,37.39584253710711,-122.10307663030713,-12.413495964370668
1980,37.39584991974378,-122.10304710648921,-11.195297552272677
1981,37.395861214234884,-122.10304415253155,-11.840773933567107
1982,37.39585927249527,-122.10300189228042,-7.9896967532113194
1983,37.39586416004743,-122.10300488725156,-7.1273837592452765
1984,37.395860625029925,-122.10299517166072,-5.370532282628119
1985,37.39585850363421,-122.1029778064969,-5.833326384425163
1986,37.3958379793776,-122.1029924576098,-6.245683970861137
1987,37.39583963262125,-122.10299776593719,-8.018208224326372
1988,37.395836467595856,-122.10299354076832,-6.9621241595596075
1989,37.395836212532735,-122.10299814891941,-7.066051913425326
1990,37.39584576361909,-122.10299941244203,-8.310441495850682
1991,37.39587332048554,-122.1029919971115,-3.0524425646290183
1992,37.39587652085971,-122.10295091435538,0.40128149650990963
1993,37.39586512200776,-122.10291873030982,1.2174696177244186
1994,37.395862202050026,-122.10285960269992,3.0188927706331015
1995,37.39585616518688,-122.10289218791632,0.7398580787703395
1996,37.39586314917341,-122.10288485814476,2.432839024811983
1997,37.39585845884957,-122.1028561343862,7.743630603887141
1998,37.395840314775185,-122.10286193070162,6.703792012296617
1999,37.39582554179281,-122.10282252531397,14.147203574888408
