Epoch,Lat,Lon,Alt
121,37.394109524640044,-122.09861465668135,-11.507946766912937
122,37.394261774315915,-122.09862610431372,-18.786640729755163
123,37.39419089817677,-122.09859475522863,3.815049639903009
124,37.394080308560035,-122.09862188787297,-5.278088222257793
125,37.394142877639375,-122.0986628302516,4.039014479145408
126,37.394181388428166,-122.0986746653977,-8.901571563445032
127,37.39406512590813,-122.09863172322737,-8.785086307674646
128,37.39411391724749,-122.09862598438147,-2.624640015885234
129,37.39415501799632,-122.0985456331252,-4.55143554136157
130,37.394209077015056,-122.0985898097867,-14.10719894617796
131,37.394207405346094,-122.09861708308148,-18.808561351150274
132,37.39414154996096,-122.09863308257567,-21.130120024085045
133,37.39404350244483,-122.09874065079619,3.0071064103394747
134,37.39409546526371,-122.09852084294934,-1.1834705686196685
135,37.39409002127225,-122.098430066359,5.213645978830755
136,37.394079565728596,-122.0983704984274,-18.66382421925664
137,37.39404952347405,-122.09827868630482,-14.083467570133507
138,37.39402632276258,-122.09817670389434,-12.20093987043947
139,37.39402584123513,-122.09814757170416,-9.650699935853481
140,37.39392227327373,-122.09810898754634,-9.92318067047745
141,37.39392061357131,-122.09792432222036,-30.902855313383043
142,37.39374894725912,-122.09764568947827,1.6355958813801408
143,37.3937437081209,-122.09763009170888,-12.902413234114647
144,37.39366194027275,-122.09753253518426,-29.458416499197483
145,37.3936076299741,-122.09736185345365,-0.7434194535017014
146,37.393599964389935,-122.09730730634611,-11.52505462244153
147,37.39340568719825,-122.09712663611111,4.044034673832357
148,37.3934507605092,-122.09701480141601,-12.810119985602796
149,37.393336829755214,-122.09678748599187,-7.438018762506545
150,37.393237976300654,-122.0967949788053,-5.506029112264514
151,37.39319674512872,-122.09670585314235,-18.540692241862416
152,37.39305021969737,-122.09661902202787,-22.42672653310001
153,37.39302462303746,-122.09654943778237,-14.185378122143447
154,37.392896246982446,-122.0965189726392,-12.476621884852648
155,37.39288672929649,-122.09644889999164,-16.815677970647812
156,37.39276666038337,-122.09628487391035,-16.527813863940537
157,37.392756694051236,-122.09619964564087,-6.262319731526077
158,37.39262512275279,-122.09612416333901,6.48866612650454
159,37.392607049953995,-122.09602669661707,-5.579093529842794
160,37.392511492165575,-122.09606871435714,-0.1052054176107049
161,37.39247661225675,-122.09597228862293,-6.0744476383551955
162,37.39245702397772,-122.09593672729955,-2.186132661998272
163,37.392391994082224,-122.09597220037547,-13.457868408411741
164,37.39237756017515,-122.0958919141809,-2.2205799613147974
165,37.39235935619084,-122.09582425936016,-15.271805051714182
166,37.392256244284326,-122.09579404962471,-11.886520040221512
167,37.392279435657834,-122.0957092377618,-20.835480618290603
168,37.39219061324195,-122.0956800385813,-11.703414966352284
169,37.39212809303504,-122.09567505321193,-6.710729628801346
170,37.3920410431632,-122.09557292613171,-3.865148087963462
171,37.39194489340235,-122.09553044069834,-7.514831840060651
172,37.39193083631908,-122.09544113059843,-20.56496367510408
173,37.39183224063063,-122.09537480438601,-14.83007844351232
174,37.391716341581244,-122.09523495222761,-13.270762875676155
175,37.391655009195766,-122.09523597123352,-0.9549095090478659
176,37.39157492885642,-122.09522922961206,-17.516232389956713
177,37.39148354450175,-122.09502843611351,-7.683471409603953
178,37.391372375683574,-122.09502959534753,0.9233626322820783
179,37.39132926249354,-122.09483379696995,-15.79209418501705
180,37.39133808711129,-122.09475486380866,-8.93635704740882
181,37.39118976873111,-122.09470663440479,-3.0867211781442165
182,37.39118583219977,-122.09471086585809,-0.6855114689096808
183,37.3911298494761,-122.0946192428327,-24.03350693359971
184,37.39111980318675,-122.09444620937796,-6.570627140812576
185,37.39112747997832,-122.09450975661058,-15.528784429654479
186,37.391131860014255,-122.09455112189264,-20.531770315021276
187,37.391061846892114,-122.09430324308262,2.585824945010245
188,37.39105234445143,-122.094436481233,-22.685792454518378
189,37.39101384452086,-122.09433791653765,-7.621293478645384
190,37.39100479358084,-122.09436434021976,-5.628325446508825
191,37.39100377659223,-122.0944176339423,-10.771299667656422
192,37.390941365361904,-122.09437800787457,-8.705482660792768
193,37.39093635775171,-122.09420964798463,12.260543402284384
194,37.3908896593986,-122.09408671112695,2.523915105499327
195,37.390510586906714,-122.09367904892416,3.0369707476347685
196,37.390389563247226,-122.09349133852898,15.473318817093968
197,37.39080428584359,-122.09388038156541,0.30847200378775597
198,37.390443581209105,-122.09365498632559,-6.785745776258409
199,37.39046085764823,-122.09352186890621,-31.009884994477034
200,37.39027538298638,-122.09321715572621,7.838169621303678
201,37.39025587251587,-122.09307635763491,5.007057027891278
202,37.390167516594474,-122.0930394731805,9.783113380894065
203,37.39022147912106,-122.09296050838384,1.007876694202423
204,37.39007010281662,-122.09279168446199,-7.7554862685501575
205,37.39008832311482,-122.09280698962948,-12.867038442753255
206,37.3900040409238,-122.09260355660399,-5.424269557930529
207,37.38983652713358,-122.09250437274966,1.870640785433352
208,37.389797580784645,-122.09235069943341,-4.617526582442224
209,37.38977174756653,-122.09223325534212,-8.386635835282505
210,37.38965369805323,-122.09210230808604,-9.226645068265498
211,37.389607289426536,-122.09206147578774,-21.318373922258615
212,37.38951304263847,-122.0918416765736,-3.117659419775009
213,37.389458682382816,-122.09156190615207,-9.795828701928258
214,37.389347082553314,-122.09157813733258,-4.773179114796221
215,37.389260672314386,-122.0913348199015,-0.33003272116184235
216,37.389232710376994,-122.09121514914902,-3.3810471892356873
217,37.38917030829618,-122.09109995886725,-11.80736574344337
218,37.389149827336354,-122.09099687756448,-1.7262092251330614
219,37.389026836521445,-122.09076735999275,-4.50654730014503
220,37.38896962058574,-122.09061667151126,12.864491692744195
221,37.38890538992853,-122.09046281481125,-4.916842469014227
222,37.388845983583984,-122.09045121714526,-4.833494449965656
223,37.388811990612425,-122.09037230214639,-19.305254275910556
224,37.388738081948546,-122.09032350770649,-23.99170412775129
225,37.388546581136325,-122.08981507769168,5.957594602368772
226,37.388590350892905,-122.09002302067773,-21.25347900018096
227,37.38861463148035,-122.08985078216264,-1.9044933188706636
228,37.388511289707004,-122.08981081423818,6.829962118528783
229,37.38856827240137,-122.08975500175677,-6.102005919441581
230,37.38848515397201,-122.08984362606418,-27.3319926597178
231,37.38833085148674,-122.0894578943175,6.734007402323186
232,37.3883922967569,-122.08953709563056,-6.670115482993424
233,37.38835184002483,-122.08948383909254,1.8800445916131139
234,37.38836089575897,-122.0893980983446,-9.49412738531828
235,37.388364299319704,-122.08940134641573,-10.588746436871588
236,37.38839777398933,-122.08934381405665,-7.205824022181332
237,37.388547051006334,-122.08937925748575,-37.196969132870436
238,37.38855733332625,-122.08941060299362,-50.07914643269032
239,37.388528584493926,-122.08939245263403,-34.302801365964115
240,37.388570771114885,-122.08933131290566,-50.7194018792361
241,37.38841877096119,-122.08934796407912,-30.013848083093762
242,37.38845817743271,-122.08944014025715,-28.414130862802267
243,37.388370889412236,-122.08937398414794,-26.84892898052931
244,37.388302946066794,-122.0893853126054,6.2850989773869514
245,37.38831398204185,-122.08942020868837,6.776831613853574
246,37.3883141402572,-122.08943348064922,5.644323077984154
247,37.3883620182887,-122.08948993073618,-15.49956884700805
248,37.38820389472631,-122.08936178647274,13.763218227773905
249,37.38834515017007,-122.0893395987079,-5.007417757064104
250,37.38835397611863,-122.08941358866198,-20.636487059295177
251,37.38833440977878,-122.0894118100739,-16.970193500630558
252,37.38837883055146,-122.08949664444562,-15.708962517790496
253,37.38836348684833,-122.08947038051396,-16.857372314669192
254,37.38835472172389,-122.0894722690071,-9.269644182175398
255,37.388415745225466,-122.08947069400938,-17.915208308026195
256,37.3883482189508,-122.08943128767221,-9.707820488139987
257,37.38833525027006,-122.08934392537125,-1.3365307999774814
258,37.38836739138639,-122.0893871816118,-8.2925418689847
259,37.388335913493286,-122.08938714726717,-3.1576155200600624
260,37.38829314337818,-122.08936326093077,-6.7341620391234756
261,37.388306706686606,-122.08937880689588,-12.087068814784288
262,37.388307455144044,-122.08937337199237,9.015256718732417
263,37.388350169306825,-122.08937414936221,12.723681973293424
264,37.38835687290177,-122.08935412811341,6.667278444394469
265,37.38836298246252,-122.08937626929979,-15.776893165893853
266,37.38837594182148,-122.08945774576624,-21.006008258089423
267,37.38829753007359,-122.08935884147492,-5.405888516455889
268,37.38831144554773,-122.08937501771972,-8.0745350131765
269,37.388278473296246,-122.0893810829976,-18.152017020620406
270,37.38822385618161,-122.08927459198777,-1.4731406839564443
271,37.388220140781264,-122.08922023693376,6.39697169419378
272,37.388270037305276,-122.08918990826564,-6.622652847319841
273,37.38827674235484,-122.08914030560324,-12.21208996605128
274,37.38821259378458,-122.08913866533895,-12.040231161750853
275,37.38819064844696,-122.08907843312501,3.566921473480761
276,37.38816800326126,-122.08898066891159,-5.924878601916134
277,37.388126666056664,-122.08898670840253,-20.391827289015055
278,37.388134581202515,-122.08889391651682,-5.276913131587207
279,37.38804735118058,-122.0888549644582,-6.001070015132427
280,37.388055383756715,-122.08874940084638,-18.103596532717347
281,37.3879788920786,-122.088590617076,-2.307149361819029
282,37.38790117323261,-122.08855180875408,-8.404346516355872
283,37.38789791754915,-122.08849565512627,-8.971379237249494
284,37.38781937783043,-122.08845566896967,-4.188230702653527
285,37.38780134098974,-122.08820868021614,-14.267946942709386
286,37.387730630726466,-122.08814416568204,-15.591799281537533
287,37.3876137674589,-122.08802529267552,2.1968747144564986
288,37.38764702558045,-122.08792656850036,-2.8880391838029027
289,37.387591398696465,-122.0878141825993,-13.25780382566154
290,37.38753568157153,-122.08770047782468,0.6729997051879764
291,37.3873756137952,-122.08759585422104,3.3944093929603696
292,37.38728480383974,-122.08752548344187,-13.272465826012194
293,37.38748983224253,-122.08723336806248,8.49638663418591
294,37.387219448486874,-122.0871684675143,4.91666251886636
295,37.38703708896638,-122.08687014927862,20.08418876491487
296,37.38714567581502,-122.08685514229059,2.9417154928669333
297,37.387016680844866,-122.08674226791967,11.93575884681195
298,37.38700324862067,-122.08678906013532,-0.017128514125943184
299,37.386989441904575,-122.08655427015952,-1.641339692287147
300,37.38688129986668,-122.08648816411707,-2.0461406046524644
301,37.38686851499356,-122.08633956013593,-17.79427527822554
302,37.38682856229722,-122.08631046056877,-15.671122351661325
303,37.386796716703486,-122.08628921467194,-13.863525769673288
304,37.3867669831714,-122.08623698538145,-4.2027167128399014
305,37.386766156740165,-122.08609164391927,-29.805756084620953
306,37.38665030340877,-122.08584228332461,0.8824379136785865
307,37.386742172372614,-122.08599383199852,-12.45013297535479
308,37.386589427030785,-122.08579430915175,-7.553330825641751
309,37.386549252166915,-122.08578368281171,-12.645866527222097
310,37.38646253850677,-122.08565408048541,12.224091963842511
311,37.38649043919746,-122.08561825579149,-12.84223915450275
312,37.3864409931189,-122.08548062679128,-10.468476520851254
313,37.386352152128104,-122.08545099444957,5.919228400103748
314,37.386309875383056,-122.08541829226331,1.2012524297460914
315,37.3863602762126,-122.08525561817972,-16.225233979523182
316,37.386301698423594,-122.08530393395371,-13.693490628153086
317,37.386226803342,-122.08524734324288,5.982338901609182
318,37.38619979754923,-122.08508436999898,-10.49229930061847
319,37.38622944537903,-122.08496757228325,-23.367410415783525
320,37.38614070160034,-122.08491751526357,-1.8279812093824148
321,37.38618431214738,-122.084901979396,3.349499681033194
322,37.386220864388264,-122.0848193971791,14.197149900719523
323,37.38616745078589,-122.08467650333553,16.150442076846957
324,37.38647244582946,-122.08471915081516,0.24642772134393454
325,37.386135781038334,-122.08442546077193,22.163887582719326
326,37.38628533460355,-122.08458747179728,9.091556594707072
327,37.386039477555656,-122.08441615248948,-0.306286065839231
328,37.38581932698123,-122.084390175175,-4.486493692733347
329,37.3859445105437,-122.08402088637835,32.79322712961584
330,37.3859530128582,-122.08411763855163,31.13409805111587
331,37.38594163150297,-122.0841241756882,30.525094299577177
332,37.385957247906845,-122.08404695983965,31.669224034063518
333,37.38624910079454,-122.08407777606031,36.84822172578424
334,37.386083514753075,-122.08406875023091,33.34094678424299
335,37.385928650951904,-122.0838868056127,56.42295980267227
336,37.38579796282164,-122.08363896636968,88.50290529616177
337,37.38600710630407,-122.08416517780832,48.52084395010024
338,37.3859772378032,-122.0836298450617,67.78819694928825
339,37.38570199567098,-122.08374114972288,54.61503866780549
340,37.38589203402646,-122.08390903195706,35.963236407376826
341,37.38596501148901,-122.08373792614074,58.7762228064239
342,37.38606853369928,-122.08390384889358,63.490899316966534
343,37.385933945613274,-122.08393189383071,50.67108815629035
344,37.386088306878335,-122.08366214830112,79.8653498319909
345,37.3862327332616,-122.08368518365015,78.9418143471703
346,37.386196658707,-122.08346030923803,84.26150114648044
347,37.38615537948956,-122.08363318357478,76.75750220101327
348,37.3858605600344,-122.08373615389753,25.365107278339565
349,37.386197829529294,-122.08360812352224,69.77909389324486
350,37.38596870948297,-122.0838570820504,23.184673238545656
351,37.38572872952751,-122.08363881323038,63.31136420369148
352,37.385919698249246,-122.08377802754754,64.10327747184783
353,37.385864019025256,-122.08385552940543,42.466369106434286
354,37.38593698459396,-122.08378594732584,51.63792161922902
355,37.38583989731755,-122.08398921788408,36.47245182655752
356,37.38586463032657,-122.08384597111721,53.411999540403485
357,37.38578799998671,-122.08373233222052,63.06687967758626
358,37.38578469574057,-122.08391337559942,48.78178907558322
359,37.385767116482555,-122.08385439559723,46.504053831100464
360,37.38577754288216,-122.08393596034233,31.699429760687053
361,37.38578260047585,-122.08390112896677,46.783630438148975
362,37.3857277937244,-122.08395905512135,32.48132781125605
363,37.38576679614565,-122.08395421397772,17.828366595320404
364,37.38592546767578,-122.08460430777197,-30.16604423802346
365,37.38586200119964,-122.08417127684581,11.58569263946265
366,37.38580910576854,-122.08405598902029,32.77127772010863
367,37.38587503599117,-122.08417194823808,10.850445135496557
368,37.38581292419661,-122.08445539738092,-8.666703431867063
369,37.385591964028244,-122.08380440240362,26.6630889037624
370,37.38572100867415,-122.08382011963631,27.834931418299675
371,37.38564351545067,-122.08395649060624,25.807027123868465
372,37.386016216799504,-122.08548746563201,-90.78171066567302
373,37.38610215953589,-122.0855206714909,-91.50219214241952
374,37.385780447161004,-122.08378700549807,27.5137298675254
375,37.385859733637076,-122.08415505357871,31.167262556031346
376,37.385872232293174,-122.08408358310588,20.359335077926517
377,37.38579792655759,-122.08401869193389,39.098941687494516
378,37.38577125381425,-122.08401830676407,13.877005234360695
379,37.38575263289393,-122.08389300321454,9.49278177227825
380,37.385769276611114,-122.08388625440784,33.33942656032741
381,37.38567904316423,-122.083597874793,37.94120515603572
382,37.385773658731864,-122.08358659186862,40.17791433725506
383,37.38580625690293,-122.08361677182789,20.52745023276657
384,37.38574304907709,-122.08354582443818,34.52689240407199
385,37.385758743493206,-122.08368081885428,32.038937657140195
386,37.385699031895044,-122.08366426332573,50.92501754965633
387,37.38576086237521,-122.08388787584758,47.64978974033147
388,37.38578965400956,-122.08390995027315,39.8721619406715
389,37.385753381845625,-122.08360623568183,56.37761064339429
390,37.38585119718181,-122.08389904959809,17.78545707371086
391,37.385817600866936,-122.08387579438077,21.501111255958676
392,37.38584066024454,-122.08400512213366,6.131010657176375
393,37.385868434086184,-122.08396142262204,15.757135926745832
394,37.38581888409726,-122.08423366649414,-13.28076250385493
395,37.38580673112829,-122.08420567072423,-8.793780983425677
396,37.38591173504375,-122.08438140238857,7.335178172215819
397,37.38596364757711,-122.08457439597046,-22.104546296410263
398,37.385964394837,-122.08428895776298,-5.551898722536862
399,37.385918854575706,-122.08451863162736,-22.85970683209598
400,37.385929083823264,-122.08437000266903,-2.327042761258781
401,37.385983006708784,-122.08435554259131,8.910842497833073
402,37.38595570760792,-122.08425521669093,32.04366628360003
403,37.38599761896361,-122.0843811504263,5.524349601007998
404,37.386063392529664,-122.0844506234559,1.205359973013401
405,37.386119929468904,-122.0842276587909,4.8522801185026765
406,37.38611166297501,-122.08446525949253,-5.153909400105476
407,37.38617292098573,-122.08445319168996,-8.235834702849388
408,37.38601256515363,-122.08464576445938,-34.04183924011886
409,37.38611281838764,-122.08420784295086,12.616451747715473
410,37.386124555037256,-122.08458871359178,-23.84760870691389
411,37.38618026854776,-122.084398729129,-17.73573318310082
412,37.386296203024095,-122.08462478478467,-44.27909995894879
413,37.38615093351566,-122.08458697256707,-31.891618196852505
414,37.38613621393169,-122.08436059859767,-6.180945282801986
415,37.386080830707435,-122.08440625278955,-25.31174945551902
416,37.385776260931934,-122.08410830457704,-3.592873563989997
417,37.38578080216648,-122.08410928263855,27.135700727812946
418,37.3857599888193,-122.08434009230858,-12.086651147343218
419,37.38573664923739,-122.08395987774858,16.65580403804779
420,37.38579855380511,-122.08418950928422,-2.4624142311513424
421,37.38571071893637,-122.0841169476714,-4.41601060424
422,37.38559749183198,-122.08407449909193,12.073540905490518
423,37.38561809860883,-122.08385996976101,1.1645866651088
424,37.38558168692857,-122.08383701421548,-2.2912048464640975
425,37.38559983622908,-122.08377500168605,-13.400476068258286
426,37.38552078089503,-122.08368135113895,5.877060138620436
427,37.38547424916916,-122.08360371882425,-1.5553052928298712
428,37.38541307793277,-122.0834179526549,-5.5292659886181355
429,37.38535868097909,-122.08336784047027,-0.17374203633517027
430,37.38527767940575,-122.08328211728553,-4.377049119211733
431,37.385262703473536,-122.08318758062703,-0.5341348135843873
432,37.38519745801969,-122.08303360003357,-8.407330443151295
433,37.38515204938876,-122.08293567242856,-2.06649527605623
434,37.38515855973232,-122.08289703696957,-9.974566778168082
435,37.38506084513214,-122.08276926468707,-1.9558608792722225
436,37.38500529630915,-122.0826547759804,-3.7717221984639764
437,37.3849292030202,-122.08257748490887,1.9541460620239377
438,37.38491718065365,-122.08237562598481,-2.4470369247719646
439,37.38489616070061,-122.082298548504,-14.82991764228791
440,37.384715583418796,-122.08210538596398,12.27176038455218
441,37.38471787822754,-122.08201859113151,-4.844935942441225
442,37.384621694450146,-122.08195178737544,5.065707570873201
443,37.38459996072095,-122.08185706846648,-1.5377609701827168
444,37.38448957705838,-122.08169935122658,-4.1030291728675365
445,37.38446606564252,-122.0814860867543,2.0867579439654946
446,37.384351749474554,-122.08117287309567,15.346387203782797
447,37.38428396950299,-122.08126243607228,0.317221756093204
448,37.3843248282729,-122.08121002564987,-0.08861521165817976
449,37.38419087025153,-122.08115308185623,5.4046928165480494
450,37.38427190860806,-122.08106591300944,6.915731097571552
451,37.38406709448673,-122.08082448756026,1.3757595270872116
452,37.383994070685546,-122.080751616167,-7.6229190565645695
453,37.3839348862099,-122.08057470508687,-1.2415977828204632
454,37.38392987231689,-122.08045632992523,-4.315631312318146
455,37.38394180205109,-122.08034203701119,-5.189584510400891
456,37.38380259369499,-122.08026182517779,12.75579263176769
457,37.383837195745365,-122.08013373597049,-2.8777907425537705
458,37.38369547478195,-122.0801382317247,-2.357858683913946
459,37.383605617120594,-122.07987733591615,4.7415685430169106
460,37.383632012531265,-122.0797587625908,-6.634493695572019
461,37.38353035622851,-122.07962165751815,-2.1946076415479183
462,37.38351481063606,-122.07933889981125,9.3886882904917
463,37.38335809534559,-122.07945245509589,4.326643166132271
464,37.383311917278874,-122.07923859326552,12.982245065271854
465,37.38321867351209,-122.07917907422987,10.53011914435774
466,37.38327982450023,-122.07909391453803,-3.725637476891279
467,37.38325189545622,-122.07906794228346,2.0297326054424047
468,37.38322753093401,-122.07895801549944,-9.353324035182595
469,37.383144246365966,-122.0787775819961,-1.3272278243675828
470,37.383071331390575,-122.0785727866934,4.156712835654616
471,37.383169863119164,-122.07872757345719,12.938759534619749
472,37.38299175035375,-122.07858553035733,2.961808554828167
473,37.38309923559035,-122.07844430609917,-2.922596155665815
474,37.38298090183002,-122.07831481043766,7.937677517533302
475,37.38297107280878,-122.07826291943792,-3.546858884394169
476,37.38286479603537,-122.07819849081822,-6.497755598276854
477,37.382904873803966,-122.07812889763845,-2.34970826189965
478,37.38283618267509,-122.07796246216073,4.180436443537474
479,37.38279428389615,-122.0779288522118,-5.760231739841402
480,37.38283633334581,-122.07790328831486,-5.655073304660618
481,37.3827351289574,-122.07798060547931,9.743019505403936
482,37.38284605358094,-122.07782730262815,2.5662519792094827
483,37.38280861357253,-122.07776525656772,10.380645263940096
484,37.382777179314424,-122.07782747369151,23.6560581009835
485,37.382777560049846,-122.07783043961045,9.393182904459536
486,37.38276856323568,-122.07781848511121,6.3398502906784415
487,37.38280331277238,-122.0778276557595,1.1928220381960273
488,37.38275516080646,-122.0777450826725,12.146080259233713
489,37.38269285638235,-122.07780247590688,7.975860268808901
490,37.38280349788756,-122.07781118645104,-7.019652996212244
491,37.38272522403217,-122.07779986188115,12.725147147662938
492,37.382764842380325,-122.07781328192395,8.47950330376625
493,37.38276289617735,-122.07781000691591,20.322738830931485
494,37.382742945278814,-122.07788897751746,16.80783157516271
495,37.382741851777766,-122.07782977552101,16.815011545084417
496,37.382747796238704,-122.07784197054664,15.45644217170775
497,37.38267443715043,-122.0777718318833,25.366187816485763
498,37.38267482925408,-122.07780452742561,22.696844562888145
499,37.38269837514024,-122.07779377133106,25.833638534881175
500,37.382706590685856,-122.0778490929413,15.664871633052826
501,37.38279633072776,-122.07791595487792,-4.441217292100191
502,37.38279745099335,-122.07787785101765,9.596032487228513
503,37.38276365868273,-122.07790783728271,24.819127414375544
504,37.38280526290305,-122.07798339867635,11.42586509604007
505,37.3827195432508,-122.07798466681123,21.66135278530419
506,37.382839787347294,-122.07800250501789,3.5461988616734743
507,37.38285489422632,-122.0780512378736,2.0478880740702152
508,37.38287725155146,-122.07803745777895,-0.9239935958757997
509,37.38284011144014,-122.07798905940167,1.1138035608455539
510,37.382870909284115,-122.07797551161896,-8.840193114243448
511,37.38284520436704,-122.07797841645568,-5.026784915477037
512,37.38295331550068,-122.07791619216458,-19.42060113698244
513,37.382887038451145,-122.07793369732676,-10.961168626323342
514,37.38288110351367,-122.07794836018692,-14.874876058660448
515,37.38284670960211,-122.07801504995301,-10.025843218900263
516,37.38290189590607,-122.07808194052208,-18.055988277308643
517,37.38288837829835,-122.07795851187893,-19.338001111522317
518,37.38284500973045,-122.07807210756694,-7.851904910989106
519,37.3827684208221,-122.07812261202017,-6.7102111065760255
520,37.38282747430351,-122.07799376309066,-6.751819659024477
521,37.3828892117555,-122.07794821046421,-12.67824514489621
522,37.382872079325665,-122.0780113576528,-5.291267728433013
523,37.38283139352243,-122.0780595207341,-11.270317529328167
524,37.38297466776552,-122.07804686876673,-44.29116148408502
525,37.38292094281261,-122.07801370435043,-39.2792396415025
526,37.38296304567819,-122.07798133198716,-34.97654530685395
527,37.382935937890295,-122.07792497559299,-21.633423948660493
528,37.38290894417642,-122.07789682236319,-25.344166697002947
529,37.38283162428725,-122.07807911281503,-10.984760710969567
530,37.382900826807756,-122.07797674851905,-9.39845279045403
531,37.38293561952416,-122.07787466980155,-19.777528126724064
532,37.38285711986189,-122.07797404038433,-10.112894327379763
533,37.38287240064838,-122.07800034576557,-10.449344586580992
534,37.38284109357241,-122.07793157478366,11.077044634148479
535,37.382830426037074,-122.07790123237919,8.955082743428648
536,37.38279525612666,-122.07786829014982,6.558393931016326
537,37.38276864154635,-122.07784052401483,4.927012104541063
538,37.382787906464756,-122.07778133812323,6.462888687849045
539,37.38275338392137,-122.07775761262529,6.804135404527187
540,37.38277553304767,-122.07768759300544,10.343074076808989
541,37.382785422276356,-122.07766848863956,22.567929998971522
542,37.38276566907312,-122.07761983384744,21.13545915670693
543,37.38277873817697,-122.07762732589093,7.622832616791129
544,37.38281776441816,-122.07763557922135,-7.237208569422364
545,37.382836737622505,-122.07758228387387,-16.29062050115317
546,37.38279349083862,-122.07768370935011,-14.276807577349246
547,37.3826945609757,-122.07775953968874,11.960203786380589
548,37.3827582652163,-122.0778108882886,3.9400795763358474
549,37.38277915550574,-122.07784643753455,-7.95720945764333
550,37.38273186579797,-122.07776192856683,-0.8067894792184234
551,37.382703439653,-122.07779675220442,9.357387728989124
552,37.38277496851499,-122.0778608685031,4.748703656718135
553,37.382696235370524,-122.07784430395476,-0.8819051822647452
554,37.38276004226503,-122.07783621733303,-8.920389671809971
555,37.38272652103136,-122.07772357203105,-2.686946148984134
556,37.38275030666832,-122.0776562593798,-4.966172098182142
557,37.38276505562645,-122.0775868888208,-3.226115809753537
558,37.382815722682516,-122.07753951709599,-2.6562596717849374
559,37.3828641140068,-122.07747192601668,13.293873055838048
560,37.38304687947207,-122.0773534928754,2.2119408901780844
561,37.383111074559096,-122.07736128616739,-4.730798337608576
562,37.383175149089254,-122.07720938163409,-20.460846264846623
563,37.38323316764348,-122.07712795303286,-17.394409249536693
564,37.38337387014205,-122.07719428659766,1.4049820844084024
565,37.38334101757332,-122.0771524699341,5.959868480451405
566,37.38351674541032,-122.07701794358736,5.6185697466135025
567,37.38361435896673,-122.07691729225624,-20.767898629419506
568,37.383454119616225,-122.0769904792182,-1.0087183509021997
569,37.38365273145171,-122.07689538393134,-14.633269184269011
570,37.38382913514063,-122.07676220988675,3.748105858452618
571,37.38386039550256,-122.0767720095422,-15.722141418606043
572,37.38398895739304,-122.07663622754703,-8.382803243584931
573,37.38410594782008,-122.07659272453799,7.384448220953345
574,37.38413959000235,-122.07653374425699,0.10620049200952053
575,37.38421165299257,-122.0764812516531,13.282361921854317
576,37.384331260783675,-122.07636147922962,19.711956601589918
577,37.384425384793765,-122.07633733763238,-0.21526084188371897
578,37.3845841482052,-122.07624258121076,-4.049879431724548
579,37.3845359047285,-122.07615578562263,8.342761319130659
580,37.384683668003596,-122.076041364071,7.342950603924692
581,37.38476404768675,-122.07603507417251,-1.2087525436654687
582,37.38489931842823,-122.07591635993997,-0.5971300452947617
583,37.38489363865163,-122.07592187006549,8.527988534420729
584,37.384971740136315,-122.07589831049381,-3.8386418130248785
585,37.3849873419775,-122.07586075658367,1.7410383252426982
586,37.38500138228258,-122.07586485095985,-3.1297666067257524
587,37.38511317085121,-122.07583993109606,1.252058319747448
588,37.385122023624625,-122.07591657088415,0.9418903486803174
589,37.38517088372097,-122.07598956034339,-3.9018091037869453
590,37.385207489643584,-122.07601691493082,0.21446802373975515
591,37.385305270466546,-122.07615307912593,13.692622006870806
592,37.38526853224236,-122.07617378426909,8.742760010063648
593,37.3853685957839,-122.07623715017907,-10.243296368978918
594,37.3854694375838,-122.07644212940527,1.3183491127565503
595,37.38538741784468,-122.07640806427287,-7.262627174146473
596,37.385449532401545,-122.07642950265638,-14.11796204186976
597,37.38545243781502,-122.0765884494148,5.435837162658572
598,37.38553739791966,-122.07674150593033,-0.46283332351595163
599,37.385522582208154,-122.07681468429455,12.469798430800438
600,37.3856229243622,-122.07681368378348,-12.923532860353589
601,37.38564520110513,-122.07686880828751,2.272801425307989
602,37.38576000939826,-122.07711318385721,26.092992193996906
603,37.38567484140442,-122.07707074118996,4.748605709522963
604,37.38571394889184,-122.07707807944182,-3.2533819638192654
605,37.3858011602996,-122.07714329658997,13.414711004123092
606,37.385785231877136,-122.07710338061027,-9.332892593927681
607,37.3857704112739,-122.07719737859261,-4.175874572247267
608,37.385740444182304,-122.07723879522923,-3.465367288328707
609,37.38580534203632,-122.07721827945252,-6.912930975668132
610,37.385786690252864,-122.07727580394511,-4.358146579936147
611,37.385804829732756,-122.07725104754816,-14.501535387709737
612,37.38579497452779,-122.0772612094085,-10.696306116878986
613,37.38572590327537,-122.077237429311,14.287359540350735
614,37.38570649420072,-122.07716864409916,-10.730767423287034
615,37.38582410756833,-122.07722580940006,-14.198788430541754
616,37.385826184599324,-122.07729602434331,-39.76265535131097
617,37.3858197963964,-122.07720774109798,-22.83394590485841
618,37.38579677758164,-122.07717267416608,-6.0196682382375
619,37.38587145197413,-122.07720501583393,-17.776636474765837
620,37.38575094408407,-122.07714122989465,-1.869438836351037
621,37.38566967798219,-122.07713916509027,8.588561503216624
622,37.38567540825585,-122.07709617501196,1.4470111029222608
623,37.38566209054164,-122.07690744975562,-5.46984697971493
624,37.3856481091173,-122.07689360961287,-0.6929294476285577
625,37.385622094413655,-122.07692881110944,-18.641907655633986
626,37.385466535851855,-122.07687771720491,-6.184894798323512
627,37.38548163610196,-122.07693631245768,-3.4606048529967666
628,37.38537581470289,-122.07708575836249,3.730329534970224
629,37.3852759838336,-122.07708073554828,-0.8447075244039297
630,37.385228143522795,-122.07719206136929,-16.728013462387025
631,37.38515678937441,-122.07723331262933,-3.8080253722146153
632,37.385033260633826,-122.07736816928255,-2.177903709001839
633,37.38498896562063,-122.07742747698292,-18.738603157922626
634,37.38491793176811,-122.07739434810426,-19.211984226480126
635,37.384718237319284,-122.07753702429402,12.108864882029593
636,37.384644483832965,-122.07762326066111,4.564122460782528
637,37.384529051462145,-122.07769405228974,10.990954517386854
638,37.384396175998276,-122.07779535843632,5.3325133211910725
639,37.3843352960542,-122.07781384869516,-5.770782908424735
640,37.38425861175767,-122.07791136313311,-2.018071264028549
641,37.38409514185895,-122.07798342497087,9.579672851599753
642,37.383953827957356,-122.07807275917366,2.905779772438109
643,37.38390116087021,-122.07808538744138,12.19532355107367
644,37.38379675347378,-122.07825773182113,5.160992484539747
645,37.38371336156024,-122.07821722644744,2.7360108587890863
646,37.38368314385324,-122.0782957121977,-17.28663418907672
647,37.38353559814284,-122.07842916090995,9.656967277638614
648,37.38347291844449,-122.07845523407204,-4.771404650062323
649,37.38349032088937,-122.07842065676121,-12.793545553460717
650,37.38337131539059,-122.07849880573033,1.0564613193273544
651,37.38334768660529,-122.07853176209763,3.34783071372658
652,37.38329220076454,-122.07849986619617,-15.20715574733913
653,37.38336132231749,-122.07849827145645,18.583098264411092
654,37.38331771804185,-122.07852652526984,1.1182420523837209
655,37.38335197168912,-122.07849235219221,-7.172437461093068
656,37.383329230434896,-122.07859460104658,-9.403537220321596
657,37.3832950578561,-122.0786078221344,-7.161992712877691
658,37.38330002338212,-122.07859078027157,-6.332963058724999
659,37.383298897760724,-122.07865286237237,-1.4333841986954212
660,37.383264293132456,-122.07867212948736,2.8216661205515265
661,37.383359094624936,-122.07879507650311,3.9598246002569795
662,37.3833534825679,-122.07888198062574,5.3045017421245575
663,37.38341326279793,-122.07894855276567,-3.9744710735976696
664,37.383474162952055,-122.07909603407441,7.158429219387472
665,37.38365715180545,-122.07913916357002,-11.218119477853179
666,37.38365531813854,-122.07937773788645,2.983382912352681
667,37.38363632223596,-122.0794937659006,7.565963662229478
668,37.38376482615748,-122.07962322352613,-5.264830992557108
669,37.38375943507258,-122.07988427321071,32.24711418244988
670,37.38382004194284,-122.07994484956198,8.285327408462763
671,37.38384951762257,-122.08007660596616,13.694417348131537
672,37.3839692456078,-122.08020015240749,8.124337194487453
673,37.38410156440725,-122.08027091981037,-9.320914858020842
674,37.38414169567371,-122.0803004285283,-10.444317571818829
675,37.38425496550765,-122.0804225758906,-12.570928966626525
676,37.384256328693205,-122.08072438466779,4.911668938584626
677,37.384349396888275,-122.08077805092822,-1.3315103696659207
678,37.384471168805256,-122.08091484298622,-8.682100899517536
679,37.3845781691494,-122.08098080641551,-13.886544618755579
680,37.3845364213755,-122.08121598781223,10.96346805151552
681,37.38467161007588,-122.08129131672109,-14.580138202756643
682,37.384627943469766,-122.0815762957273,3.8906368296593428
683,37.384754428057185,-122.08175648875475,14.911766720935702
684,37.38488532862691,-122.08177643540073,-9.52487806789577
685,37.38493072425904,-122.08185963919061,-11.188571059145033
686,37.384984387807144,-122.08201553734122,-0.683149928227067
687,37.385072261430324,-122.08210399773571,-18.246725889854133
688,37.38503541571431,-122.08227032914974,-0.34202035795897245
689,37.38513131956553,-122.08236023447597,-5.2280816081911325
690,37.385238777953376,-122.08252972011579,9.784800991415977
691,37.385271668348565,-122.0825597280459,-12.837803609669209
692,37.38530427579638,-122.08264462476909,-13.444686448201537
693,37.3853163907149,-122.08276021806566,-11.125637970864773
694,37.38534433327648,-122.08277603948338,-6.300039192661643
695,37.38534063724571,-122.0830234225573,12.664769366383553
696,37.38542007852322,-122.08298252199093,-1.1640509460121393
697,37.38544201753787,-122.08299908086785,-12.447679807431996
698,37.385492068681636,-122.08322721434818,-3.503104026429355
699,37.385551414805946,-122.08329617252468,-0.9912165682762861
700,37.38562700010746,-122.08330731562614,-2.6623076340183616
701,37.38562469745736,-122.08348097557793,-1.3828097898513079
702,37.38562988672533,-122.0835716445681,11.743918374180794
703,37.385717773554546,-122.08354879428025,-8.95974253024906
704,37.38574666921722,-122.08364877783674,-11.023824847303331
705,37.385696963234864,-122.08388696969143,37.38979437481612
706,37.385737545595624,-122.0840206986494,45.53112185373902
707,37.3858601850953,-122.08412432224168,32.72363561112434
708,37.385918687384404,-122.08422112001506,19.348170848563313
709,37.385892787584005,-122.08428824247281,23.378991743549705
710,37.38601806546902,-122.08426689296438,-1.8115955190733075
711,37.38610275296824,-122.08457687476962,32.87268441449851
712,37.386148881259125,-122.08466919969945,29.205298382788897
713,37.386149705791844,-122.08474605068852,22.508641170337796
714,37.38637901366509,-122.08473301166643,-24.520260547287762
715,37.38638055646038,-122.08495528828087,-12.490670605562627
716,37.38646112720076,-122.08514700180292,2.504367733374238
717,37.386567114981844,-122.08521028852807,-0.3677998259663582
718,37.38666088534982,-122.08531181529234,-15.182716746814549
719,37.386590250636274,-122.08560531315476,15.73880108166486
720,37.38668236920741,-122.08575144338562,9.922305881045759
721,37.38664590121363,-122.08596098760133,29.27971918322146
722,37.386977792950674,-122.08584362865815,-42.04819351620972
723,37.38689685029726,-122.08609745910073,-0.6048522787168622
724,37.38700767097011,-122.08660511656825,50.66529624443501
725,37.38706841520295,-122.08669369905728,54.41341669391841
726,37.38713069898665,-122.08665029296786,10.072863220237195
727,37.387221167218456,-122.08661697061801,-28.53010286577046
728,37.387237467352634,-122.08692318952993,22.43203815445304
729,37.38728539173077,-122.08697012126989,6.670527999289334
730,37.38742249661788,-122.08710096305727,14.07583012059331
731,37.38739909959333,-122.08726087350261,10.425874043256044
732,37.38740417846534,-122.08741657312534,16.269950659014285
733,37.387738711650314,-122.08729104104695,-17.298237524926662
734,37.3875329405607,-122.08756398924616,23.811891014687717
735,37.38757593808489,-122.0876359454097,14.116747045889497
736,37.387550889479115,-122.08769798069513,19.371296449564397
737,37.38770953683178,-122.08757767598522,-12.669997556135058
738,37.38754190692249,-122.08765565075409,9.747109196148813
739,37.38761503506898,-122.08765266092725,2.398164206184447
740,37.38745264284049,-122.0877955823775,22.266852241009474
741,37.38762008224922,-122.08772312687097,11.31410907395184
742,37.38777300784781,-122.08771566363446,4.669540476053953
743,37.387593209284596,-122.08769754184608,34.85830685310066
744,37.387646818696645,-122.08778322088295,23.64299481548369
745,37.38769925764215,-122.08774706620157,13.528457107022405
746,37.38768907459004,-122.0878982407228,23.188184121623635
747,37.38766317377359,-122.0878696791135,29.510052451863885
748,37.38766301868828,-122.08790592497942,21.144777724519372
749,37.38770483254206,-122.08780453830798,9.270123366266489
750,37.38767618161175,-122.08782728077435,14.91733599640429
751,37.38768597613781,-122.08770162248781,0.5405210237950087
752,37.38771628032387,-122.08783708363947,20.788448233157396
753,37.38779736690773,-122.08788714228609,12.089838553220034
754,37.38768123818589,-122.08782905799002,7.7202807273715734
755,37.387681723946,-122.08788221505174,12.381251215934753
756,37.38768410887163,-122.08788734233929,10.45496896840632
757,37.38778442226764,-122.0878235277989,3.220443492755294
758,37.387702484988665,-122.08774756443778,-8.941897405311465
759,37.387609557941786,-122.08787507731347,30.78891395032406
760,37.38761732937608,-122.08784335403317,14.764575052075088
761,37.387580808623696,-122.08791981772423,23.260917767882347
762,37.38765500874013,-122.08780292872758,17.075054021552205
763,37.38749493787508,-122.08791091353955,63.73480210173875
764,37.38759013161986,-122.08786749482874,43.015749224461615
765,37.38764864355742,-122.08781255127444,35.182470380328596
766,37.3876430976914,-122.08774366921357,33.341862021014094
767,37.38759207259859,-122.08780493551534,22.655213720165193
768,37.38763109897265,-122.08780833856801,27.450817363336682
769,37.387671193921555,-122.08763315535926,-7.700676058419049
770,37.38771166399167,-122.08775367131742,11.514763886108994
771,37.387680291039786,-122.08776091657373,10.337121842429042
772,37.38766288904318,-122.08775230293666,8.989819822832942
773,37.387575347715185,-122.0877837876024,26.629121732898057
774,37.387703172683494,-122.08777960268469,8.160895001143217
775,37.38764373570425,-122.08775076706239,14.581679563038051
776,37.387583699713254,-122.08768662585683,11.805692712776363
777,37.38763473715192,-122.08773892999419,18.393107446841896
778,37.3876147636125,-122.08763135742622,-1.1117058647796512
779,37.38758483170755,-122.08777320330175,21.756031312048435
780,37.387588516143325,-122.08769637594051,18.50070279557258
781,37.38755719387044,-122.08781948514036,31.946483423933387
782,37.38758255323099,-122.08772642640221,9.46795622818172
783,37.38757746056274,-122.08774862625144,12.592374372296035
784,37.38756735532546,-122.08778853007851,31.600537090562284
785,37.38759317630659,-122.08765391651845,5.134481045417488
786,37.387663714378824,-122.08781140883711,18.122462595812976
787,37.38775137930705,-122.0877569223223,-1.791564236395061
788,37.38760674251012,-122.08775986172952,13.019714288413525
789,37.387583357642754,-122.08790465513248,29.531160498969257
790,37.38769482256974,-122.08791402795354,20.506938364356756
791,37.387733383368534,-122.08772906894274,-2.100400653667748
792,37.38768419913414,-122.08794347397786,28.98214604239911
793,37.3877135611412,-122.08791025752554,29.138084300793707
794,37.38776767392394,-122.08770703067925,-16.605817617848516
795,37.387730713956046,-122.08793206402547,35.8935900432989
796,37.3877454410139,-122.08774914602355,11.759580335579813
797,37.38771628483502,-122.08766212491456,-6.205965528264642
798,37.38785075359008,-122.0874811289279,-49.351372765377164
799,37.38780846994226,-122.08752182935376,-37.936765673570335
800,37.38783584440286,-122.08751965008722,-28.72726439218968
801,37.38777951575832,-122.08755023113342,-26.068145101889968
802,37.387785498906126,-122.08758207332738,-9.439483461901546
803,37.387757832257115,-122.08772036680197,-0.6055562049150467
804,37.38772159226006,-122.08776225377251,0.6064388677477837
805,37.38775302530124,-122.08782911802957,26.083383845165372
806,37.387640130871645,-122.08777197256319,23.386033322662115
807,37.38772124222128,-122.08776430758178,-6.12649861164391
808,37.38766185458322,-122.08784061231219,22.70641769748181
809,37.3876997033952,-122.08781374121773,15.357625035569072
810,37.38775603372741,-122.08781523465967,-1.530204962939024
811,37.387728130761,-122.08792431400487,12.152725108899176
812,37.3877771260861,-122.0879794806639,4.717526615597308
813,37.38792152808309,-122.08815483691367,1.0020114500075579
814,37.38788578092584,-122.088199547371,10.085172708146274
815,37.38797680658687,-122.0883108732454,-3.738010506145656
816,37.388009974927115,-122.08837664484864,-1.336766199208796
817,37.38810074957189,-122.08851085942112,-10.067058136686683
818,37.3882553277898,-122.08855011518583,-25.960079088807106
819,37.388166397382584,-122.08884921181982,15.993893515318632
820,37.38829124035562,-122.0889621559449,5.52769467048347
821,37.38837339255163,-122.08910220704648,-13.257291942834854
822,37.38844053263747,-122.08915791587916,-16.041527815163136
823,37.38856640400768,-122.08940987036952,-7.953770556487143
824,37.38859906550791,-122.08959468215235,7.857736918143928
825,37.38872657304149,-122.08971419885798,-14.510092886164784
826,37.38892154361629,-122.08963917546588,-39.65131141617894
827,37.38881798417468,-122.08997395087304,-9.95854913443327
828,37.38893380708188,-122.09001921958938,-3.7728872392326593
829,37.3888984134811,-122.09018429613288,-14.99424455780536
830,37.3890536740009,-122.09033071714727,5.334034091793001
831,37.38909180170331,-122.09043835584876,-12.025475451722741
832,37.389225918736855,-122.09066444549342,-4.176000270061195
833,37.38922425112911,-122.09078797232088,-2.889042291790247
834,37.389349096657526,-122.09098831133196,-2.7104546520859003
835,37.38933179681694,-122.09107999595432,-12.268157353624701
836,37.389491415442635,-122.09123266586032,-20.612369425594807
837,37.38954843318738,-122.09138417785638,1.4926715763285756
838,37.38956126132506,-122.0914875982277,-11.230085977353156
839,37.38972133283936,-122.09191644187742,50.33088041190058
840,37.38978658514003,-122.0918494813552,-13.582690780051053
841,37.38992550789631,-122.09202441655498,-8.162938583642244
842,37.38983205400155,-122.09221539788308,12.034684897400439
843,37.389941152354595,-122.09241492200847,28.870664404705167
844,37.38989716306353,-122.09245038274078,9.630927928723395
845,37.39013337914173,-122.09259928890381,-1.6783895939588547
846,37.39012356875,-122.09273948171463,4.407560444436967
847,37.39042207663472,-122.09294277179126,10.126481895335019
848,37.390275689444664,-122.09317550065671,18.575421198271215
849,37.39032948088783,-122.09330533854984,7.547462693415582
850,37.39050498234906,-122.09345910873571,0.9643379570916295
851,37.39073282359564,-122.09346208909837,-35.93339865747839
852,37.39052600753879,-122.09396837378006,45.20609526056796
853,37.390814091704264,-122.09386673026108,4.44320934265852
854,37.3909450760099,-122.09395551268572,-3.902845955453813
855,37.390940757342655,-122.09409798582267,4.560110256075859
856,37.39098863749178,-122.09424231842229,10.970432747155428
857,37.391080558174586,-122.09437850103333,13.962338523939252
858,37.39123448121265,-122.09444154193768,0.8217641580849886
859,37.39123249338211,-122.09446863416314,-3.628044922836125
860,37.39131555639751,-122.09464324468985,6.669090201146901
861,37.3914138729871,-122.0946465517592,-6.73707327991724
862,37.391445832766394,-122.09472370179186,2.8798833461478353
863,37.39150871691743,-122.09478206022051,-4.82063770852983
864,37.391552519550785,-122.09484397321742,-8.42020211275667
865,37.39158170901502,-122.09486384543783,-15.30528835579753
866,37.39155472099784,-122.09486801479802,-5.292213856242597
867,37.39155764662643,-122.09481872951366,-13.51623094175011
868,37.39153742717885,-122.09483341245455,-27.430485657416284
869,37.39151746865553,-122.09480919806413,-20.39950801152736
870,37.39151889058923,-122.0948029541211,-22.69643715210259
871,37.39153086802182,-122.0947736072726,-20.199368335306644
872,37.39152998560557,-122.09484070424745,-11.518475342541933
873,37.39154076769607,-122.09473868665259,-23.575379360467196
874,37.39153317258202,-122.09479367583711,-12.42293535079807
875,37.39152852109377,-122.09473902028734,-8.831538693979383
876,37.39152984565303,-122.0947727005902,-10.785020226612687
877,37.391540164799075,-122.09476903197405,-3.80277541000396
878,37.39150710514351,-122.09478677947554,5.51370616722852
879,37.39156187632273,-122.09480258100604,-3.2147386195138097
880,37.39159719624291,-122.09480907106759,-6.754664367996156
881,37.391602195669925,-122.09478060196346,-19.564866924658418
882,37.39160346105975,-122.09487749856129,-12.45975790079683
883,37.39157141735902,-122.09489053877938,-8.023398186080158
884,37.39159399464369,-122.09486785289138,-6.191945383325219
885,37.391614389688534,-122.09493035507231,-3.2447936180979013
886,37.39167557270914,-122.094961614639,-3.483784271404147
887,37.39174337891648,-122.09497927562589,-12.528054066933692
888,37.39180209283669,-122.0950602034265,-17.52454774081707
889,37.391896304176676,-122.09515546493185,-13.569371131248772
890,37.39194688938233,-122.09520942479051,-13.851678469218314
891,37.39207916078112,-122.0953019421159,-19.035189383663237
892,37.392162650591814,-122.09538708716589,-11.615271067246795
893,37.39224644575913,-122.09545722578507,-20.947459341958165
894,37.392347018449165,-122.09565800090014,-14.670067751780152
895,37.392484670740785,-122.09569018046355,-11.335741228424013
896,37.39254918453569,-122.09578155872606,-16.518524666316807
897,37.3926886226427,-122.09588547899867,-9.462164868600667
898,37.39272403775102,-122.09598181035715,-12.973702766001225
899,37.3928312841352,-122.09602428395732,-17.12979093194008
900,37.39292639236596,-122.09617214768292,-14.225189446471632
901,37.39299581843667,-122.09625979611579,-15.208757054060698
902,37.39310187740544,-122.09637597176638,-8.610336476936936
903,37.39321471050459,-122.09651901635587,-8.500228912569582
904,37.39327616048168,-122.09663802386181,-1.5977737177163363
905,37.39338513356676,-122.0968042686653,-14.755701553076506
906,37.3934510574166,-122.09686357568327,3.5203074729070067
907,37.39360784693176,-122.09701174421693,-9.965383926406503
908,37.39366045313556,-122.0971647924416,-15.908194140531123
909,37.393763166323446,-122.09735672928082,-3.4653341425582767
910,37.39378525473104,-122.09745060439371,-3.458374439738691
911,37.39389501525543,-122.09768241889489,1.2246677298098803
912,37.39401458858203,-122.09769623785678,-6.683142574504018
913,37.39400733435301,-122.09786777049739,-16.218119582161307
914,37.39413815430483,-122.0980377860238,-1.5441689901053905
915,37.394168030990045,-122.09817493673538,-7.183464941568673
916,37.39427140731512,-122.09833819514238,-11.555253641679883
917,37.39430088983094,-122.09852010848019,-2.5026975413784385
918,37.3943536262803,-122.09867007242352,6.654007744975388
919,37.39452803038795,-122.09881037979315,-8.61283590272069
920,37.394462114981216,-122.09910940991442,37.51671014726162
921,37.394723616514646,-122.09909866180746,-7.457044614478946
922,37.394717950351115,-122.09937253808805,-0.30843537393957376
923,37.394725422907975,-122.09954624202912,-2.550453626550734
924,37.39474476049729,-122.09961901587049,7.188291952013969
925,37.39498992613951,-122.0997507334505,-34.00078442133963
926,37.39487357125326,-122.10001690289451,-4.142076260410249
927,37.39509419330646,-122.10010225459263,-21.301772559061646
928,37.395096717776376,-122.10021560500839,-14.001285934820771
929,37.39516044425839,-122.10043804315154,-4.93779637105763
930,37.3951732603248,-122.10058779025483,-12.462811060249805
931,37.395251132590644,-122.10076636792505,-23.415874962694943
932,37.39528368792433,-122.10089274723863,3.7762186573818326
933,37.39532926915461,-122.10101918635243,9.336865092627704
934,37.39545931409932,-122.101142234365,1.1443752590566874
935,37.39548657632741,-122.10126840361686,-6.30508288461715
936,37.39553517524927,-122.10134210217791,-13.304253028705716
937,37.39560188494914,-122.10156911469602,2.2889304123818874
938,37.39567360328593,-122.10162713095922,3.741419581696391
939,37.395811356356774,-122.1017376565714,4.0201918529346585
940,37.39581114602612,-122.10186160048566,-1.7703648284077644
941,37.3957904034608,-122.1020116847221,2.9201658898964524
942,37.3957919784004,-122.1021285694643,13.524657690897584
943,37.39588113115777,-122.10224751904448,-12.710771477781236
944,37.39599263934948,-122.10239563385299,-2.6999245043843985
945,37.396092344539234,-122.10247351009548,-9.832000334747136
946,37.39615545566846,-122.10250576335484,-16.95371296443045
947,37.39618235478906,-122.10266224774064,-11.092306799255311
948,37.39615830065582,-122.10283377040507,1.8779925657436252
949,37.39619239018309,-122.10288603455263,-0.46754785161465406
950,37.396278051655706,-122.10293572401835,-8.788745503872633
951,37.396276059370365,-122.10301813854734,8.598829075694084
952,37.39634133137656,-122.10304647610259,8.487421127036214
953,37.396216427010955,-122.10305567387611,15.806931574828923
954,37.3962854959253,-122.1030374686083,22.14773905556649
955,37.396345017107315,-122.10293416387283,-3.8254909915849566
956,37.39630522480464,-122.10289103658305,-20.959787025116384
957,37.39633516994009,-122.10291702764798,-14.23477574903518
958,37.396477045169696,-122.10292608172408,-23.251295213587582
959,37.3965738640293,-122.10318859910866,-6.850857905112207
960,37.39629916109076,-122.10317173623443,23.236477558501065
961,37.39625764012863,-122.10317454854463,21.369874777272344
962,37.396291796967105,-122.1031482100138,25.62774146720767
963,37.396305985262835,-122.1030654165263,14.266611779108644
964,37.39636350698875,-122.10309764387327,6.66947622038424
965,37.396268788254886,-122.10311979222159,16.596122892573476
966,37.39627572998016,-122.10315725092765,21.432785207405686
967,37.39622384243811,-122.10307392194512,32.644724417477846
968,37.39628392277269,-122.10310066560659,11.460753082297742
969,37.39636600984269,-122.10304367316115,-2.6221855292096734
970,37.39631456817891,-122.10315028087508,7.747049488127232
971,37.39630769516263,-122.10311498520214,26.905949715524912
972,37.39649155646677,-122.10304492636257,-24.62669722829014
973,37.39635150608498,-122.10311295320652,30.18167499359697
974,37.39639428499283,-122.1030945487651,6.434407299384475
975,37.39631479529849,-122.10320492190593,23.549297865480185
976,37.3964170586258,-122.10307171894583,-13.725498972460628
977,37.396218300164705,-122.10318357184951,29.12081940472126
978,37.396211578240255,-122.10322073070867,28.589195487089455
979,37.39629561723318,-122.10316935770172,0.4281488787382841
980,37.39633361704142,-122.10313354600635,-20.974450287409127
981,37.39621288447875,-122.10308980184416,1.7411177456378937
982,37.39621753668183,-122.103128040288,8.179309390485287
983,37.39631182304121,-122.10307842313323,-18.685071446932852
984,37.39618440106058,-122.10318204164483,19.93765980564058
985,37.39629017594989,-122.1029374362465,-10.116927766241133
986,37.3961394443654,-122.1030601670954,25.057833003811538
987,37.39609369719351,-122.10312061544087,21.170092788524926
988,37.396067121868086,-122.10315867581586,22.54545416496694
989,37.39607772646606,-122.10313827127821,34.29470405448228
990,37.39620623844941,-122.1030250676083,26.356859314255416
991,37.396141946217874,-122.10308248559379,19.357238540425897
992,37.39619157867681,-122.10306230938518,8.200920153409243
993,37.39606820619957,-122.10313501778313,40.79662373382598
994,37.3961344978948,-122.10315724652538,24.865221010521054
995,37.39622059854576,-122.10305751558974,-4.900796520523727
996,37.39634067674914,-122.10293653404696,-31.31717554386705
997,37.39637064431267,-122.10293026742424,-15.278107442893088
998,37.39621765551863,-122.10309228764179,19.314104618504643
999,37.39628813341869,-122.10313794577777,14.711191055364907
1000,37.396289643117505,-122.10301276520414,8.353669784963131
1001,37.39625741518469,-122.10318207868475,13.236479632556438
1002,37.39638665570214,-122.10310051021746,-3.2474300004541874
1003,37.39641255016893,-122.10304997460408,-15.968494283035398
1004,37.39639489780518,-122.1031039592968,-12.668432692997158
1005,37.39644059860341,-122.10312436761899,-1.5704328827559948
1006,37.396349238771485,-122.10299534919609,-12.815402520820498
1007,37.396351558573485,-122.10295776640972,-18.47933244612068
1008,37.396258388494246,-122.10307579994748,15.420173767022789
1009,37.39638602882718,-122.1029223577174,-43.363331007771194
1010,37.39618495775517,-122.10310301436047,6.099188007414341
1011,37.396277445630865,-122.10290683782691,-15.213950736448169
1012,37.39621934411834,-122.10298136942147,5.700276383198798
1013,37.396161331950125,-122.1029376737788,7.202524964697659
1014,37.39617673669212,-122.1029190850795,-6.330219917930663
1015,37.396247428171506,-122.10285143001656,-15.449016117490828
1016,37.396135155896665,-122.10294116002436,-1.7369592003524303
1017,37.39612244436357,-122.10297356747384,0.40489169396460056
1018,37.396207220629194,-122.10298054919652,-9.584256608970463
1019,37.39609916185187,-122.10304596265595,12.39642998110503
1020,37.39608293630544,-122.1030496477033,43.548155336640775
1021,37.39614068325827,-122.10303834130409,10.428110647946596
1022,37.396236685666345,-122.10310715547043,13.275752090848982
1023,37.396399354135895,-122.10294430532358,-29.379464817233384
1024,37.39638680797074,-122.1030340777939,-0.4832423431798816
1025,37.39640498651366,-122.1031156194711,7.423568362370133
1026,37.39634612517393,-122.10304387676487,8.402442676015198
1027,37.39634961924918,-122.10314277211423,-9.547177252359688
1028,37.3964175329794,-122.10318134994093,15.637109314091504
1029,37.395906962563885,-122.1031198401747,8.051633002236485
1030,37.39606908870116,-122.10319442107793,13.397151397541165
1031,37.396339093394005,-122.10315600275825,12.337323093786836
1032,37.39609572374317,-122.10310124462082,-34.66544526349753
1033,37.39651555816636,-122.10310568770765,-34.11097724363208
1034,37.39657153873382,-122.10308647364123,-27.09909960348159
1035,37.39638774008248,-122.1031332979413,-27.210665631107986
1036,37.39605309606474,-122.10306734455534,-36.549626984633505
1037,37.39613115680749,-122.10317540084337,26.744697926566005
1038,37.39584935827268,-122.10317542571185,3.2921257708221674
1039,37.396539030906425,-122.10311205832903,-9.782326363027096
1040,37.39625443355328,-122.10317185651293,14.225022552534938
1041,37.39653514030137,-122.10326251733281,29.140447814017534
1042,37.39689844186903,-122.10313330095545,-3.1825558682903647
1043,37.39671253066376,-122.10320476056629,33.871675819158554
1044,37.39689977194373,-122.1031059380815,30.627547246403992
1045,37.396833820372294,-122.10302620180512,19.6723412303254
1046,37.39649693292418,-122.10302898515343,45.807104473002255
1047,37.396646437961984,-122.10300207083147,6.753498832695186
1048,37.39661609995561,-122.1030597487699,-36.746435794979334
1049,37.396293814343124,-122.10319896718583,12.461602980270982
1050,37.39629221907994,-122.10315482372793,1.3101379442960024
1051,37.39627516123741,-122.10318130579333,4.0365794859826565
1052,37.39630757380659,-122.10314384601082,-12.116401568055153
1053,37.39627540501858,-122.10306328570069,12.529268942773342
1054,37.39613464022886,-122.10306356934045,8.73560234811157
1055,37.39619746740172,-122.10292268084517,-13.601348519325256
1056,37.3961308215648,-122.10274841745688,-8.309012398123741
1057,37.39608337406543,-122.10272993134762,-11.170752089470625
1058,37.39602255633339,-122.10263226733277,-0.1406890144571662
1059,37.39593865974596,-122.10257462309309,-2.2173482021316886
1060,37.39586053017034,-122.10235557406011,-3.986575059592724
1061,37.39579899313369,-122.10232038394784,-5.580857714638114
1062,37.3956754023729,-122.10199854942115,-3.5606783013790846
1063,37.39572711743068,-122.10188602777117,-14.021876881830394
1064,37.395577918023726,-122.10165363552616,-8.75669525936246
1065,37.39553717477964,-122.10155484143154,-14.183067199774086
1066,37.395414424486084,-122.10130300416643,-4.542169072665274
1067,37.395354955325786,-122.10106550893249,-10.964338411577046
1068,37.395273019823954,-122.10094600558288,-13.409216397441924
1069,37.39514420807045,-122.1007666973968,-0.3642159467563033
1070,37.39511905277851,-122.10061436358913,-0.5722406404092908
1071,37.39500027486549,-122.10032600983293,-0.3858993826434016
1072,37.3949550380846,-122.10019711510628,-5.42069533560425
1073,37.39491504805196,-122.10003234243321,4.711314071901143
1074,37.39480869489101,-122.09981976892902,-13.022290972992778
1075,37.394703225395546,-122.09956774356914,-7.520199386402965
1076,37.39464757870426,-122.09929041545324,10.629238137975335
1077,37.39453425182875,-122.09906534230414,14.227169453166425
1078,37.39441439667192,-122.09881027574869,13.185562434606254
1079,37.394326127740214,-122.09886336677759,-1.8638184489682317
1080,37.39425596501487,-122.09864997044951,-3.129913028329611
1081,37.394149221388574,-122.09845346633224,-3.9975879974663258
1082,37.394105918165,-122.0982006404673,-6.578697636723518
1083,37.39403512923272,-122.09811002586358,-10.204349367879331
1084,37.3940000055522,-122.09796139749972,-6.650817019864917
1085,37.39386060094236,-122.09768268762085,7.303069239482284
1086,37.39377993374335,-122.09744484630487,-18.36198376864195
1087,37.39370206520353,-122.09739451618323,1.3411814933642745
1088,37.3935103064588,-122.0971315338096,-9.707930194213986
1089,37.39354226685426,-122.09704848457162,3.809536819346249
1090,37.393375841975335,-122.09697988029187,-13.03589691594243
1091,37.39334253111292,-122.09676701157427,-23.038814468309283
1092,37.39318309858396,-122.09658966290603,-13.008301531895995
1093,37.393056471512445,-122.09652675572538,-4.407066334970295
1094,37.39297483520183,-122.09643941569325,-9.3099231030792
1095,37.392878509946215,-122.09631175912475,-10.564103391952813
1096,37.39278887756529,-122.09619021069987,-1.584971647709608
1097,37.39268125414382,-122.09611427613183,-7.535050283186138
1098,37.39248188681219,-122.09587536149384,-9.547819543629885
1099,37.3925018989492,-122.09588586551969,-5.972811685875058
1100,37.392387531295434,-122.09577617986928,-1.437521510757506
1101,37.39234251059649,-122.09570213302312,-12.975488326512277
1102,37.39229835798495,-122.09567606884575,-5.054918311536312
1103,37.39213491623087,-122.095511814198,-5.568531030789018
1104,37.392088798904126,-122.09553383873958,-4.688399546779692
1105,37.39195840478504,-122.0953462155235,-2.003431571647525
1106,37.39185622657921,-122.09528231974771,-15.855066043324769
1107,37.39172501312777,-122.09521133168239,0.440276556648314
1108,37.391647073980614,-122.09519941821029,-8.423070917837322
1109,37.39155585550382,-122.09497961698659,-1.380532312206924
1110,37.391365071647265,-122.09482034462718,8.015193776227534
1111,37.39132470673347,-122.09462072093413,1.2951509896665812
1112,37.3911482791336,-122.09411380732169,16.76985513884574
1113,37.39104209321043,-122.09414507739554,8.468026640824974
1114,37.39097098558,-122.09432560368138,8.939716527238488
1115,37.39106558094968,-122.09414736846146,20.447450715117157
1116,37.39090841371784,-122.09405743322033,13.219821518287063
1117,37.39073039669504,-122.09387326318124,4.163374242372811
1118,37.39058367594957,-122.09373256362875,20.234857219271362
1119,37.39057984741106,-122.09371891939519,36.94077651947737
1120,37.39044897990634,-122.09344349096372,-6.826492163352668
1121,37.39047589314847,-122.0934805578532,0.09155253879725933
1122,37.39034683363878,-122.0931294955141,0.6552130673080683
1123,37.39033636821919,-122.09306018807561,-8.882849495857954
1124,37.39021361729431,-122.09281301906707,-2.0292355129495263
1125,37.390102191319215,-122.09270289235371,2.014240617863834
1126,37.39008470578251,-122.09260975366382,-0.22100930381566286
1127,37.38993921128025,-122.09257955172289,-3.704594461247325
1128,37.38997929873071,-122.09243321351879,-11.017586371861398
1129,37.38984621194941,-122.0923585833226,-10.933438233099878
1130,37.38974167190694,-122.0920427782541,-3.125623671337962
1131,37.389658603104834,-122.09194494643054,-7.752377510070801
1132,37.38957725154819,-122.09169421477178,-3.069973710924387
1133,37.38950968759287,-122.09162382908418,-15.471377215348184
1134,37.38945460876583,-122.09147633106518,1.9826741870492697
1135,37.38936595048223,-122.09138321580286,-3.8312333626672626
1136,37.38932038499783,-122.09120144877423,-9.588766309432685
1137,37.389247060638475,-122.09108885833479,-2.563617349602282
1138,37.38916118011323,-122.0908153000318,-0.5040436834096909
1139,37.389073221210076,-122.09074680437567,3.1669902987778187
1140,37.389017032191816,-122.09065376872066,-9.60937575250864
1141,37.38899682682687,-122.09038684243272,-0.16585691832005978
1142,37.38897353520997,-122.09043915422697,1.357673273421824
1143,37.38888228403957,-122.09029442608696,4.243588779121637
1144,37.38886157380636,-122.0902154086584,-9.978997377678752
1145,37.388769337050256,-122.09014284761614,0.39659010898321867
1146,37.388723403845766,-122.09005183952648,-11.124535329639912
1147,37.38869336589756,-122.08997313961247,0.8458561645820737
1148,37.388690197517356,-122.08991285544397,-2.2873018216341734
1149,37.388642325267185,-122.08992851543636,-3.556512371636927
1150,37.38865956614979,-122.08981614986982,-5.4480266366153955
1151,37.38858540674596,-122.089722356942,12.748283320106566
1152,37.38867326976478,-122.08971072921833,-10.133046671748161
1153,37.38859673695747,-122.08975676329744,-8.6940000038594
1154,37.38860556204347,-122.0896670207437,-5.689058253541589
1155,37.38856270606708,-122.08956998550717,-2.2763149049133062
1156,37.3885159160409,-122.08967297971144,10.473725230433047
1157,37.388568929133186,-122.08969972321312,0.15919651463627815
1158,37.38855394199691,-122.08971154197494,-9.866250405088067
1159,37.38861911485658,-122.08974035462829,-7.773516881279647
1160,37.38859827049086,-122.089738885571,-3.149487500078976
1161,37.388544586304505,-122.08973456567045,-9.277146317064762
1162,37.3885584696886,-122.08965503570231,-10.15018857549876
1163,37.38853080061565,-122.08967206118984,-4.413682636804879
1164,37.38850616626887,-122.08967465359936,4.364953447133303
1165,37.38854115004079,-122.08966673288009,4.186008111573756
1166,37.38849754026689,-122.0896429193377,4.004492146894336
1167,37.38849166116034,-122.08958815970749,0.5761403730139136
1168,37.38847463186565,-122.08964886603474,7.408863806165755
1169,37.3884691946769,-122.08956785909531,-1.4350095773115754
1170,37.3885440544633,-122.08968559644659,7.691439756192267
1171,37.388533502536404,-122.08961024238678,12.308936231769621
1172,37.388598524460946,-122.08965976342031,0.08271582704037428
1173,37.38851702535193,-122.08961898028103,3.2863453617319465
1174,37.3885804394913,-122.08964331617966,-5.786177033558488
1175,37.38857018326907,-122.08963692484764,0.15686517022550106
1176,37.38855663007494,-122.089686688075,0.6763391550630331
1177,37.38854433562415,-122.08968040767289,3.3369642179459333
1178,37.38855477355733,-122.08968215525809,5.877974198199809
1179,37.388579692803795,-122.08972048201349,-8.395099333487451
1180,37.38863167083928,-122.08973378799176,3.6391524160280824
1181,37.38861478331959,-122.08973224297885,-20.87942054029554
1182,37.38862289516305,-122.08966516618035,-21.3827385334298
1183,37.38861228789036,-122.08991435053537,-30.40942699369043
1184,37.38860496928654,-122.08981150677961,-27.387278768233955
1185,37.388591004031575,-122.08987143181929,-22.204051863402128
1186,37.388564023657,-122.08969563597277,-14.324297265149653
1187,37.3886172741449,-122.08963312412106,-0.3043020283803344
1188,37.38850175516858,-122.08955572845446,1.6103915935382247
1189,37.3885196629622,-122.0894903787671,-9.806336903944612
1190,37.38853101856357,-122.08970061716289,-10.049597745761275
1191,37.38852739015021,-122.08955174819505,-12.185130937956274
1192,37.388439786237306,-122.08962832355405,-11.718209709972143
1193,37.388485525526015,-122.08960118102785,9.263653852976859
1194,37.38852506464387,-122.08979211826018,-4.317821387201548
1195,37.38843021107603,-122.08967582521018,20.43805820401758
1196,37.38848995956373,-122.089592571175,16.220340992324054
1197,37.38841335025585,-122.0893806364349,25.47529813181609
1198,37.38844415473988,-122.08954214569835,23.202583418227732
1199,37.388447022579555,-122.0894266415501,17.913276113569736
1200,37.38845555622121,-122.08938015751285,20.862701466307044
1201,37.38852491096331,-122.08944982619114,5.099403546191752
1202,37.38852919157206,-122.0893937393661,-0.7895533535629511
1203,37.388545190605846,-122.0892766968135,-7.154280843213201
1204,37.3886000330384,-122.0894618745846,-10.841015622019768
1205,37.38856779010615,-122.08952098028341,-11.195745509117842
1206,37.38855216295538,-122.08945199967702,1.63411770388484
1207,37.388580240555335,-122.08961659437354,-1.4847548799589276
1208,37.388546211570755,-122.08961275974994,5.572211563587189
1209,37.388528770139295,-122.08961664895605,10.295399589464068
1210,37.388513168738505,-122.08957673622658,7.33103196695447
1211,37.38853531000833,-122.08952768704795,10.872162769548595
1212,37.38844384268509,-122.0894806996579,7.386027393862605
1213,37.388470702209965,-122.08947244196992,-1.940895008854568
1214,37.388494167625424,-122.08957373295247,-7.651345826685429
1215,37.388395888863315,-122.0893144742817,7.449493237771094
1216,37.38831498027892,-122.08930192950922,8.355271794833243
1217,37.38834115400821,-122.0893092348314,-1.8449363010004163
1218,37.388365389477464,-122.08934048740184,1.4503960590809584
1219,37.38829482920481,-122.08915220418201,-5.516918124631047
1220,37.38824549080312,-122.0889567139855,-4.478652955032885
1221,37.3881762532229,-122.08886182694846,1.6235496765002608
1222,37.38818211508009,-122.08885564763357,-22.211464509367943
1223,37.388137746264576,-122.08876757449926,-17.395912759006023
1224,37.3880360326615,-122.08869767784358,0.4757384583353996
1225,37.38803178824984,-122.08862191547364,-6.738989690318704
1226,37.38792181237298,-122.08846214664476,-7.840860823169351
1227,37.387919423866784,-122.08832111234993,-15.252941209822893
1228,37.387823630529134,-122.08824956056094,-6.456055325455964
1229,37.38776863966344,-122.08803806955734,-6.627911710180342
1230,37.387708479274956,-122.08795665567435,4.693741399794817
1231,37.38763371058772,-122.08785372206155,0.14527669921517372
1232,37.38758756078811,-122.08771642323454,-7.832918478175998
1233,37.38755192282326,-122.08747292411135,3.9721071971580386
1234,37.38749054019493,-122.08738245526214,9.713535701856017
1235,37.38736260569212,-122.08718515114775,20.62661570776254
1236,37.387341575051096,-122.08712768365862,8.88404677528888
1237,37.38725249291601,-122.08698619338013,0.5233682561665773
1238,37.387187398702665,-122.0869195966087,-3.7199121890589595
1239,37.38716377776012,-122.08678597245294,-6.247080092318356
1240,37.387117006401006,-122.0867871938779,-3.21784080658108
1241,37.38705939476469,-122.08657282313992,-8.190129925496876
1242,37.38693307393744,-122.08637920836594,4.424943326041102
1243,37.386914708624396,-122.0863299442069,-4.906663772650063
1244,37.386864947887084,-122.08629922183047,-15.716247899457812
1245,37.38682767774198,-122.08603285723136,-8.719928556121886
1246,37.38675129590924,-122.08581052773886,-3.469315410591662
1247,37.38664873605331,-122.08559580357314,16.262202970683575
1248,37.38667484566593,-122.08580157621931,0.8256043791770935
1249,37.38643250185577,-122.0855607749161,25.015243742614985
1250,37.38651382135377,-122.08545525775641,-2.421298088505864
1251,37.38645427074442,-122.08547172559143,-1.9968766905367374
1252,37.38639473081802,-122.08522259172848,-12.78117848932743
1253,37.386359010325265,-122.08523916686418,-0.2779456237331033
1254,37.38631141296373,-122.08511430926175,-0.8782641096040606
1255,37.38625490645865,-122.08506876027377,-1.121942694298923
1256,37.38623358170435,-122.08495434643771,-5.37185229267925
1257,37.386251669717936,-122.08498133255067,2.021023493260145
1258,37.386215405940455,-122.08494840809121,-1.0510127199813724
1259,37.386219590272894,-122.08491104236653,6.816593375988305
1260,37.386258158037585,-122.08482765831296,21.869225101545453
1261,37.38622886971211,-122.08481073459697,18.24777186010033
1262,37.38625975591946,-122.08488823694557,53.480755457654595
1263,37.38623568160936,-122.08500395804589,59.0555360969156
1264,37.38632229664391,-122.08503826299766,23.095465240068734
1265,37.3861984640568,-122.08515585593128,62.73638819810003
1266,37.38631139245368,-122.08517313025587,47.49694522563368
1267,37.386205996529114,-122.08511969395973,30.368048382923007
1268,37.38619414626448,-122.08510574652693,46.225507653318346
1269,37.38624299737176,-122.08508107372045,37.546502457000315
1270,37.38621183800887,-122.08503151957677,42.067670468240976
1271,37.38617467543244,-122.08514136933552,50.34821252245456
1272,37.386277256937305,-122.08500017336284,45.18419701885432
1273,37.386236841523456,-122.08489604835717,40.78342049755156
1274,37.38613898290559,-122.08484168688203,56.05605912953615
1275,37.38617246678711,-122.0849350781804,53.057264934293926
1276,37.386273596170646,-122.08495932065777,31.663462444208562
1277,37.38625802027413,-122.0849677038892,30.498174681328237
1278,37.386179827925275,-122.08491935235895,38.69060137774795
1279,37.38621860281933,-122.08492465634338,40.38536743912846
1280,37.38617832602988,-122.0848469221034,48.15595839545131
1281,37.386097318113045,-122.08489192089061,55.643717353232205
1282,37.38620057467318,-122.0848506728308,49.79520304594189
1283,37.386204069930784,-122.08482132222107,44.717302890494466
1284,37.386276149478086,-122.08490359664839,50.37628286331892
1285,37.38611465766779,-122.08492057463432,17.411905269138515
1286,37.38620463975498,-122.08480451048557,-20.186541899107397
1287,37.38599292206266,-122.08480465127523,44.953048741444945
1288,37.38616633334064,-122.0848048070313,2.377469776198268
1289,37.38609739862221,-122.08480842374244,27.982735292054713
1290,37.38616460665588,-122.08476310907088,15.79423244483769
1291,37.386212583266385,-122.08469210504063,1.91064568515867
1292,37.38629446008798,-122.08478857505209,47.81355379708111
1293,37.38638456147816,-122.08450468744765,-45.46045418549329
1294,37.38616061527512,-122.08475517546366,29.215341730974615
1295,37.38609032114677,-122.08473383576552,36.01755250245333
1296,37.386318897214046,-122.0846599810696,-47.767669009044766
1297,37.38627188790822,-122.08454454162853,-51.95881334319711
1298,37.38630899706928,-122.08468704955894,-44.31144421733916
1299,37.38628080165591,-122.08453476464085,-35.73924533650279
1300,37.38620380683417,-122.08471377410515,-32.652622966095805
1301,37.3861669437224,-122.08473367472125,-11.32381479255855
1302,37.38621840699648,-122.08473266621232,-20.025816353037953
1303,37.38620899420902,-122.08481684360258,-5.873432016931474
1304,37.386099439961626,-122.0848607546729,23.743930902332067
1305,37.386176536988636,-122.0847235663698,-8.771348113194108
1306,37.3860867620001,-122.08493188338996,11.7978346478194
1307,37.3861106009199,-122.08493660704399,24.355251024477184
1308,37.386062202319934,-122.08485961830873,38.303464758209884
1309,37.386103987400205,-122.08494938812389,4.696299444884062
1310,37.38620367454795,-122.08481278732968,-8.620236694812775
1311,37.38609239108926,-122.08476403377125,6.77572253998369
1312,37.385947501413206,-122.08499874517702,59.78022545389831
1313,37.386065714703264,-122.0849017591205,21.239078815095127
1314,37.38592449345048,-122.0850174873056,34.986628524027765
1315,37.385979236490435,-122.08484376573638,23.37040774617344
1316,37.385931363030004,-122.08488336345991,8.128138654865324
1317,37.38602565236968,-122.08478233860676,7.0948715675622225
1318,37.386000517505366,-122.08478450930346,-16.602483104914427
1319,37.38602158828627,-122.08480116818679,16.52668116055429
1320,37.386062897957494,-122.08483315776306,32.2458664085716
1321,37.386036559361564,-122.0847162369408,26.927187048830092
1322,37.386076043197065,-122.0847417342431,18.545834821648896
1323,37.386111673364425,-122.08479530521534,15.702443559654057
1324,37.38612717143557,-122.08471519951448,38.58493886701763
1325,37.38604543809757,-122.08473884504686,25.030513267964125
1326,37.38609664791014,-122.08446928472522,15.4896303685382
1327,37.38624499058841,-122.0844580714771,9.808968876488507
1328,37.386228802286915,-122.08442508334572,1.0460303407162428
1329,37.38621616134008,-122.08456634463218,20.918457394465804
1330,37.38613658255839,-122.08474983901904,24.82782058324665
1331,37.386157413578,-122.08482527919398,18.62647874094546
1332,37.3861280700646,-122.08486593183414,8.759009632281959
1333,37.3860482559882,-122.0847228410747,18.369856275618076
1334,37.38616946423022,-122.0847038403808,22.549774853512645
1335,37.38610264679029,-122.0847283535848,25.550081052817404
1336,37.386180695640064,-122.0847822947109,2.1931111933663487
1337,37.386114548754286,-122.08482377081606,12.26373190432787
1338,37.386081327955594,-122.08481867507773,6.025807817466557
1339,37.38604015548291,-122.08482707629697,33.603545053862035
1340,37.38618067643475,-122.08466017929872,20.027729822322726
1341,37.38608053320375,-122.08458393804709,25.428652703762054
1342,37.385991364973655,-122.08451691507065,22.23321531433612
1343,37.385978714913314,-122.08444083527061,39.128972025588155
1344,37.38588819784913,-122.08429926142497,20.734016152098775
1345,37.385936029955026,-122.08437596048053,4.27794036641717
1346,37.38576346871113,-122.0843297669297,11.078886615112424
1347,37.385791997505564,-122.0842222832005,11.447328544221818
1348,37.38574728356732,-122.08417416298086,2.2828183649107814
1349,37.38577103807693,-122.08392611495768,-1.3766241474077106
1350,37.38568383371742,-122.08395850844474,12.848272690549493
1351,37.385717228223335,-122.08381073168798,-13.856745602563024
1352,37.38560604338468,-122.08385996376451,2.8740302277728915
1353,37.38558254799965,-122.08364136087162,3.2701239064335823
1354,37.38548988856246,-122.08359482525209,2.8542059091851115
1355,37.38547355868726,-122.08333361803285,6.128824166953564
1356,37.38539684898355,-122.08326595390798,0.10793605633080006
1357,37.38532534412079,-122.08320152062963,2.655392674729228
1358,37.38529475803121,-122.08306007881478,-5.428179803304374
1359,37.385191706365745,-122.0828943418103,3.9978560321033
1360,37.38519237422623,-122.08280520896419,-13.958503413014114
1361,37.385130247829,-122.08266507549911,4.0839718552306294
1362,37.38502902508209,-122.0825728957138,-3.504922216758132
1363,37.38495419288194,-122.0824191305889,-1.163021283224225
1364,37.38487729793007,-122.08220494462608,-4.700666994787753
1365,37.38487470503547,-122.08221405441458,-5.308350366540253
1366,37.384804917232984,-122.08205017054577,-30.39005282893777
1367,37.38463457328263,-122.08176423741766,-13.028440277092159
1368,37.3846250165836,-122.08170586580526,-17.23078745789826
1369,37.38452498940273,-122.08145547726426,-5.6688882345333695
1370,37.384409924537984,-122.08137233779397,-3.6934488555416465
1371,37.38434423583436,-122.08126073539648,2.0912369275465608
1372,37.38428689022962,-122.08102137295556,-7.770307426340878
1373,37.384213669573235,-122.08097152650845,10.80447394773364
1374,37.384151942545515,-122.08073102326404,3.635868045501411
1375,37.384113943554766,-122.08062284188372,0.7913410710170865
1376,37.38399287589524,-122.08040673947929,-1.2554243318736553
1377,37.38394836328631,-122.08042955860441,-11.30004798155278
1378,37.3839015993428,-122.08020844269387,-8.12721632886678
1379,37.383746183948396,-122.08013538561242,9.350071972236037
1380,37.383699536607196,-122.08001591712068,-4.1827951818704605
1381,37.383628830075594,-122.07980568261755,14.114733944647014
1382,37.38368346584888,-122.07964179295357,-11.694894216023386
1383,37.38357717833415,-122.07960948900993,-6.923925423063338
1384,37.3834918126054,-122.07939295805969,0.06974915973842144
1385,37.38342793685156,-122.07928621825316,-4.318070580251515
1386,37.38330769800451,-122.0790857910097,2.2028034823015332
1387,37.38325867704273,-122.07897761420865,4.336795403622091
1388,37.38324468373214,-122.07895135820016,2.7472161957994103
1389,37.383205687765155,-122.07887767481867,-2.537611394189298
1390,37.383171713380115,-122.07877787227298,-2.212108730338514
1391,37.38311851965801,-122.0786575567338,0.06904098857194185
1392,37.383032775951065,-122.0785714048558,0.261596885509789
1393,37.38297444918686,-122.07839263300718,5.004379507154226
1394,37.3829964307874,-122.07825493572886,-13.84081269428134
1395,37.38288457540905,-122.07810367461627,4.114913144148886
1396,37.38288611636311,-122.07809516125279,-11.546809254214168
1397,37.382835396863115,-122.07788188255188,-5.220683227293193
1398,37.38281674600816,-122.07794133656616,2.2286747144535184
1399,37.38276703132098,-122.07789061804579,-0.9156940830871463
1400,37.38271305190026,-122.0778118444571,0.057612039148807526
1401,37.3827633632267,-122.07778589701289,-12.285279674455523
1402,37.382755685458314,-122.0777827347198,-5.952302252873778
1403,37.382628029542154,-122.07785357815357,47.569595258682966
1404,37.38262398216672,-122.07777387515202,51.961121131666005
1405,37.382584952737474,-122.07767947274964,54.22871878463775
1406,37.38267503697458,-122.07776417315439,20.6032928917557
1407,37.38263280035831,-122.07766964438026,53.80145074427128
1408,37.38263659134199,-122.07760293116606,37.677618777379394
1409,37.38272238276963,-122.07783117995638,13.54201593156904
1410,37.382582782714955,-122.07787374695596,56.61695758718997
1411,37.38264210948604,-122.07802433490326,32.108174183405936
1412,37.38264843914068,-122.07788825776298,30.726567761972547
1413,37.382848939657364,-122.07779024704831,-23.200447608716786
1414,37.382925494582814,-122.07778220839224,-37.10609033983201
1415,37.38265683701845,-122.07765563884546,20.256863470189273
1416,37.3826516522626,-122.07779056533126,19.815755201503634
1417,37.38269920893704,-122.0778570285946,12.80408296175301
1418,37.382746570868754,-122.07781276083826,-2.124854912981391
1419,37.38268961788802,-122.0777152553638,15.271872616373003
1420,37.38264258806421,-122.0777907711248,18.991736721247435
1421,37.3825744931207,-122.07782986115151,55.9729023296386
1422,37.3825334109528,-122.07774507884125,40.98846176918596
1423,37.382538857866,-122.07769784976949,52.3432036601007
1424,37.38261409934055,-122.07778065259129,30.870770799927413
1425,37.38278537382676,-122.07772513652593,-10.683554340153933
1426,37.38279708064999,-122.0777312123498,-5.614336367696524
1427,37.382662545989604,-122.0778093728314,26.907465413212776
1428,37.382739196566625,-122.07761264419793,3.939127809368074
1429,37.38267244268209,-122.07784811353243,29.363714918494225
1430,37.38263197161297,-122.07781051720293,39.68813547026366
1431,37.38257923950554,-122.0779791884134,62.45454172696918
1432,37.38272661786351,-122.07779171473639,22.56381555274129
1433,37.38274598271368,-122.07790038802229,12.728375321254134
1434,37.382600638638905,-122.07784569296439,46.57468809466809
1435,37.382737519924945,-122.07772647358185,-1.969614963978529
1436,37.382613106420365,-122.07788319222351,45.05075583420694
1437,37.3825851424293,-122.07793380764441,50.74971941951662
1438,37.382526486364576,-122.07773772269118,53.98251588828862
1439,37.382606562715196,-122.07770311876097,39.71552211698145
1440,37.38270538789224,-122.07783087878869,14.05143332015723
1441,37.38262675555395,-122.07778604884305,36.38875774946064
1442,37.38263492951546,-122.07778807144452,17.65789510589093
1443,37.382532289989086,-122.07777865699538,58.81127000320703
1444,37.382542024398454,-122.07779206636214,54.146626812405884
1445,37.38249935791037,-122.07777217216842,74.37282277364284
1446,37.382535759129475,-122.07792116726719,64.70370928384364
1447,37.382478171186136,-122.07789226776273,77.92998965270817
1448,37.382530808089015,-122.07783218997453,74.16174627654254
1449,37.38260978570163,-122.07779044664285,46.434809708967805
1450,37.382615380155755,-122.07775399487713,45.35436465218663
1451,37.38274905902189,-122.0777654511284,10.098975359462202
1452,37.382655155689356,-122.07769756267287,32.26183624844998
1453,37.38264189768331,-122.07783108133184,42.49531205371022
1454,37.38273502091916,-122.0777295994264,-3.722978993318975
1455,37.38276631877339,-122.07770508437535,-4.377462036907673
1456,37.38249693909354,-122.0777730327422,65.17226864118129
1457,37.38259174970602,-122.07771965598663,40.04341047350317
1458,37.382547353290626,-122.07770367461679,42.62870187871158
1459,37.38258366030694,-122.0778249629508,46.125421188771725
1460,37.38261259656433,-122.07777989862474,42.11320111900568
1461,37.38261770406187,-122.0778299644182,44.40172426775098
1462,37.38269959814442,-122.07772581722823,21.023245530202985
1463,37.38279585775582,-122.0778629569187,3.3345465874299407
1464,37.382723785715704,-122.07784902783419,4.681752501986921
1465,37.38270415814225,-122.07773435935941,5.827114941552281
1466,37.3827143958267,-122.07780789529293,5.398878299631178
1467,37.382724511694825,-122.07780226743944,13.446929066441953
1468,37.38271788110185,-122.07765337548308,-5.854638882912695
1469,37.38279367595861,-122.0775089170769,-10.30771500337869
1470,37.38278857454696,-122.07755781513843,0.7045039040967822
1471,37.382856257905836,-122.07747432042704,3.1625548526644707
1472,37.38297550002965,-122.0774677141909,3.2016760921105742
1473,37.383080833185794,-122.07738903554147,16.64029626827687
1474,37.38299795292256,-122.07738451849227,19.14052628260106
1475,37.38326545475734,-122.07723470289326,2.7761908397078514
1476,37.383245019415,-122.07719427434573,9.319234753958881
1477,37.3833735749834,-122.07713069421519,-8.018341289833188
1478,37.38352415926223,-122.07705027791799,11.946812218055129
1479,37.38359319640236,-122.07697440339001,-17.905089298263192
1480,37.383573754839865,-122.07698494329387,7.777542028576136
1481,37.3836574404396,-122.0768282454692,15.135683719068766
1482,37.38383811572124,-122.07675638661445,18.408449704758823
1483,37.383966190309906,-122.07680701587113,15.264691199176013
1484,37.383958780403844,-122.07665385080541,12.11884477827698
1485,37.38412924661996,-122.07666364205517,37.83714619278908
1486,37.384215563905194,-122.0764569257467,3.0962143801152706
1487,37.384276521658315,-122.07644103323764,17.075400452129543
1488,37.384386398200746,-122.0763665390941,20.355782626196742
1489,37.384484563114825,-122.07631113852925,5.060907654464245
1490,37.38447191581824,-122.07624544524577,1.1241288296878338
1491,37.384698948123855,-122.0761775250873,9.102360500954092
1492,37.38479275552906,-122.07612092192002,-19.968612895347178
1493,37.384767818684665,-122.0760142823781,22.072735430672765
1494,37.384846597962934,-122.07596897498888,19.99685613438487
1495,37.38492713632141,-122.07596426739322,19.559888244606555
1496,37.38500862390898,-122.07593430619578,13.43513747304678
1497,37.385098842859,-122.07585042436509,-2.9175116568803787
1498,37.385006595817295,-122.07586546079769,-0.8982217675074935
1499,37.38504514189576,-122.07585763138282,-26.874408069998026
1500,37.38506932520574,-122.07593877684248,1.6050209049135447
1501,37.38509337769538,-122.07585935513268,6.659439019858837
1502,37.384991582365,-122.07587481906782,2.338930059224367
1503,37.385124173412905,-122.07584449416575,-0.27925137244164944
1504,37.38518953012723,-122.07585717008605,-5.458875361829996
1505,37.3851423054872,-122.07598761059135,0.4880989948287606
1506,37.385269830874876,-122.0760062267288,4.9829763835296035
1507,37.38529350798522,-122.07607707223363,-8.852876520715654
1508,37.385312591190285,-122.07615896795292,16.887196404859424
1509,37.38532467430624,-122.07622911300138,9.681174329482019
1510,37.38538734257736,-122.0764188367761,-10.384424596093595
1511,37.38552016385328,-122.07641843026192,5.343948423862457
1512,37.38549213370421,-122.07647759124985,-3.6661807084456086
1513,37.3855446672739,-122.07656809404585,-1.8952435767278075
1514,37.38552365587909,-122.07656284004912,-8.38458995334804
1515,37.38554841515624,-122.07670835489424,-3.828068937174976
1516,37.38551082911322,-122.07674835658199,-8.221008596941829
1517,37.38561756703955,-122.07677991493503,-7.949904943816364
1518,37.38553191577758,-122.07686255668042,-5.650516394525766
1519,37.38558141397526,-122.07685159599632,0.4770663622766733
1520,37.38554604912054,-122.07691588850254,3.3586405189707875
1521,37.38549249076544,-122.07704147086783,-7.130048366263509
1522,37.385358697861385,-122.07702346817655,-9.838604055345058
1523,37.38528730547719,-122.07714219518762,1.2156029790639877
1524,37.38520540474184,-122.0772513045859,9.398972473107278
1525,37.3852487168456,-122.07720005219704,-26.733198476955295
1526,37.38504325417242,-122.07733215540426,5.440828248858452
1527,37.38488413171375,-122.07752510922869,16.861166771501303
1528,37.38492861367472,-122.07744861184096,-6.501376050524414
1529,37.384741262977236,-122.07755620316311,0.1878677261993289
1530,37.38476845622817,-122.07750909164712,-0.8354817638173699
1531,37.384579322625584,-122.07762406908904,1.7121351920068264
1532,37.38455356513934,-122.07760052146598,-6.8659467520192266
1533,37.38443832699516,-122.07775536841947,-1.1458380473777652
1534,37.384340055974434,-122.0778319895004,6.032893872819841
1535,37.38428283654584,-122.0778906631121,-3.635687773115933
1536,37.38417844724386,-122.07791765699433,-18.790853680111468
1537,37.384019501523646,-122.07810951059069,9.909327101893723
1538,37.383977700547426,-122.07812043619174,-11.878560836426914
1539,37.383906306440736,-122.07810339903631,-2.866459734737873
1540,37.38370808817021,-122.07822828661229,19.899803920648992
1541,37.38369764781586,-122.0782624987078,-4.924157581292093
1542,37.38367344556347,-122.07828653504258,-15.525374782271683
1543,37.38361059619044,-122.07836749313137,-1.947494976222515
1544,37.383493212893605,-122.07847098764869,-5.973040722310543
1545,37.38342962532571,-122.07851994866716,-0.7944932784885168
1546,37.3833825133017,-122.07857590029987,-4.787723124958575
1547,37.38330351039619,-122.07863847036299,-9.54459884017706
1548,37.38327477738474,-122.07866168627643,-15.881587164476514
1549,37.383279291936766,-122.07859818551867,-7.633319804444909
1550,37.38323237682532,-122.0787348799307,10.034962830133736
1551,37.3832933230914,-122.07876690025765,-3.1517229666933417
1552,37.3833114297445,-122.07883698455313,5.6039545284584165
1553,37.383299214507396,-122.07898879829054,21.6221638713032
1554,37.38340923329381,-122.07903002064164,2.796441737562418
1555,37.38348928077346,-122.07914283094864,-1.502560019493103
1556,37.38349371027362,-122.0793209550908,10.028592037037015
1557,37.383596872266665,-122.07951222260908,5.197956872172654
1558,37.383805735547035,-122.0796907404462,-18.500811953097582
1559,37.3838906852873,-122.07983342815388,11.983635814860463
1560,37.38395558793704,-122.08004884837146,-5.836923748254776
1561,37.38401843531755,-122.08033025463342,0.12059811316430569
1562,37.38414635574415,-122.0805007002996,9.939132692292333
1563,37.38425959781702,-122.08069644804318,1.2278145104646683
1564,37.38429249440563,-122.08083838489767,10.891363646835089
1565,37.38441859860288,-122.0810795058973,-2.2694454342126846
1566,37.384484529731324,-122.08132433022125,-3.6944774221628904
1567,37.384603280764715,-122.08151887072074,-3.6228274339810014
1568,37.38473718048895,-122.08167980368124,-5.6112316669896245
1569,37.38482398862329,-122.08191637186074,-10.72123209014535
1570,37.38487675915857,-122.08206102782188,-13.975299455225468
1571,37.38497371561338,-122.08224105463188,-1.480514045804739
1572,37.385120798558006,-122.08239816181411,-1.3372919708490372
1573,37.38513719489178,-122.0824943162065,2.4617011677473783
1574,37.385206686829555,-122.08258421982771,0.6339230909943581
1575,37.385188310052946,-122.08272487201921,-6.752423834986985
1576,37.385303746664654,-122.08284114091234,-7.595799063332379
1577,37.385317453893165,-122.08293902182992,-7.297941972501576
1578,37.38531626460017,-122.08315948369767,29.315642585977912
1579,37.385436898409075,-122.08307627422477,1.39269476570189
1580,37.38546151841876,-122.08318845988533,6.569811942055821
1581,37.38551624470448,-122.0832956515142,2.2178898565471172
1582,37.38552605169976,-122.08328460331208,16.745641259476542
1583,37.38555271260959,-122.08331016330234,12.889053826220334
1584,37.385525290762615,-122.08332996353764,6.317474754527211
1585,37.38553465244897,-122.08345640969497,17.084985896013677
1586,37.38556381171483,-122.08335554431994,7.995274073444307
1587,37.38549918933129,-122.0834056766814,15.069879156537354
1588,37.38567748329858,-122.08342773253104,3.0185566963627934
1589,37.385610684518404,-122.0833520352306,18.95123829226941
1590,37.3856182091358,-122.08339395142194,2.2320758616551757
1591,37.385603348550205,-122.08343370741012,-7.354189709760249
1592,37.38554453412564,-122.08352913517832,17.28136372938752
1593,37.38561562012759,-122.08361972227303,23.355226540006697
1594,37.3856862676783,-122.08371528412714,12.623457100242376
1595,37.38576056838802,-122.08372824697062,-1.2053074110299349
1596,37.385742530744174,-122.08382130538347,9.620262001641095
1597,37.38586423569583,-122.08395426067271,-5.135112950578332
1598,37.385797830752175,-122.0842048504781,16.75567040964961
1599,37.3858723367099,-122.08433972658842,29.125472294166684
1600,37.38592157758147,-122.084407800559,8.621742594987154
1601,37.38599551216569,-122.08467717228743,25.795318929478526
1602,37.38622463571831,-122.08461492855716,11.651105104014277
1603,37.38623519523345,-122.08472685074005,-6.053653965704143
1604,37.386374158565744,-122.08496761005264,2.269592272117734
1605,37.38642044768679,-122.08508327536595,-13.955440518446267
1606,37.386510395627276,-122.08532555319556,3.167161819525063
1607,37.38663213653919,-122.08543454634648,0.21620787400752306
1608,37.3867351865134,-122.08554540296021,-16.779420097358525
1609,37.38677019445003,-122.08580125927915,9.61875936947763
1610,37.38688958650004,-122.08598102905188,-4.885116032324731
1611,37.38687743393933,-122.0860962548509,-6.815511127002537
1612,37.386995094447144,-122.0863188007504,-4.377308763563633
1613,37.38705704302816,-122.08646719577419,16.92144379671663
1614,37.38717886012894,-122.08654909178924,-7.290639482438564
1615,37.387275373579925,-122.0867124059955,2.0786298271268606
1616,37.38731416636084,-122.08687728884973,-6.530834158882499
1617,37.38742108198028,-122.08702670068264,4.469398859888315
1618,37.38755265174704,-122.08721467286117,5.050300689414144
1619,37.38751990448343,-122.08735332852794,7.435883840546012
1620,37.3875392891181,-122.0874441320076,-2.214924583211541
1621,37.387600928926815,-122.08751469343963,-1.5669703837484121
1622,37.38767978083789,-122.08760976090508,0.8933463776484132
1623,37.387634590102415,-122.08761617092607,-8.432016557082534
1624,37.38767073368444,-122.08763947070211,4.686063580214977
1625,37.38772279775869,-122.08772164822336,-11.289117999374866
1626,37.387654521610926,-122.08768878606382,-5.717566494829953
1627,37.38773340990092,-122.08777213366791,-9.845024737529457
1628,37.38772205587746,-122.08774766917503,1.6646177545189857
1629,37.38775457423041,-122.08778708615633,-6.084053499624133
1630,37.38767425079695,-122.0877262251514,-0.5806847726926208
1631,37.38765760843081,-122.08763566212706,-11.557097874581814
1632,37.387668227596315,-122.08773165667678,-2.865618845447898
1633,37.3876661148674,-122.08771164995451,-4.428487500175834
1634,37.38768108972935,-122.08771661470867,-8.040145345963538
1635,37.38771175313013,-122.087691102705,-30.263860848732293
1636,37.38769672003789,-122.08766512520772,-16.59817590843886
1637,37.38768059813506,-122.08769403766462,-5.562146779149771
1638,37.387699790889485,-122.08781244186066,-11.5812405385077
1639,37.38777679489222,-122.0877597002109,-5.507165952585638
1640,37.38770748717491,-122.087775242077,-3.595441752113402
1641,37.38774081001072,-122.08772408797778,-26.284555344842374
1642,37.387761851132694,-122.0877599645498,-12.499536865390837
1643,37.38776608994392,-122.08773983640609,-2.0782602531835437
1644,37.387787315778944,-122.08772523049895,-3.7216354915872216
1645,37.387761464716434,-122.08774728498295,-4.950690867379308
1646,37.38774292639715,-122.08771914309347,-0.7717120386660099
1647,37.3877292380688,-122.08775494607436,-6.289398988708854
1648,37.3877830948304,-122.08768783547019,-7.058256947435439
1649,37.38774542940135,-122.08769930502288,-20.720275154337287
1650,37.38778709727123,-122.08770586683269,-14.612692086026073
1651,37.38772649992325,-122.08769603128641,-12.382587025873363
1652,37.387752945880656,-122.08769666260916,-9.087300220504403
1653,37.38773369924425,-122.08773713985204,1.0682724583894014
1654,37.38777525555693,-122.0877501848406,-2.8280693674460053
1655,37.3877624154791,-122.08771896210878,3.943119153380394
1656,37.387726221739854,-122.08768546882506,-0.7584103923290968
1657,37.38773196921993,-122.08775017639219,-3.3957902938127518
1658,37.38777628317154,-122.08781692613516,1.2795932479202747
1659,37.38778232484452,-122.08776036308234,-3.2054709400981665
1660,37.38779142814156,-122.08770846021508,-12.448918582871556
1661,37.38774489556597,-122.08771892709905,-9.936433169990778
1662,37.387788816354245,-122.08771044718746,-12.978919138200581
1663,37.38777412047254,-122.08772934467515,-15.865299617871642
1664,37.38776328439868,-122.0877434205794,-7.64811259880662
1665,37.3878048638345,-122.08779043300993,-14.582122003659606
1666,37.38780551599601,-122.08778780720955,-13.203316391445696
1667,37.38783171467872,-122.08779827791417,-13.81869185063988
1668,37.38777939738285,-122.0877681571467,-14.815619468688965
1669,37.387707156100646,-122.08776554484103,-11.236272587440908
1670,37.38766285969309,-122.08768632661763,-5.380487068556249
1671,37.38768002104325,-122.08767689052524,-3.6672307271510363
1672,37.3877277296982,-122.08768397395053,-9.040699834935367
1673,37.38770775079524,-122.08766179924729,-4.39092175476253
1674,37.387665416311776,-122.08777934873353,5.031345530413091
1675,37.387718467709476,-122.08769567163235,-7.721281472593546
1676,37.38773064196465,-122.08780566927372,-3.4621490398421884
1677,37.387752932963785,-122.08778840672869,0.611168785020709
1678,37.38775917319,-122.08787771641431,-3.033448309637606
1679,37.38783545729351,-122.08793984485075,-0.17534801922738552
1680,37.38782770339565,-122.08801491064717,-8.940372361801565
1681,37.38790986854512,-122.08811599554295,-6.071456823498011
1682,37.38796651828232,-122.08826998652454,-3.747533118352294
1683,37.38802381102647,-122.0883553547427,-5.3058294001966715
1684,37.388044247740545,-122.0884521434448,4.844386751763523
1685,37.388113665681175,-122.08858278693015,4.336601664312184
1686,37.38824757175016,-122.08880267733637,-0.42773055098950863
1687,37.38830296275812,-122.0889223955541,-8.783124598674476
1688,37.3883657117261,-122.0890481128539,-6.320287772454321
1689,37.38845059699238,-122.08920660589946,-5.349579820409417
1690,37.388517805480376,-122.08943273907477,-1.0888762539252639
1691,37.38867021676197,-122.08963689052307,2.8876344077289104
1692,37.388636404776115,-122.08969028978348,-1.4387299232184887
1693,37.38879302396717,-122.08994973677441,-1.7703548213467002
1694,37.3888491516282,-122.09007848948097,-5.624503907747567
1695,37.38888740634207,-122.09020501056442,-10.71138253621757
1696,37.3890218058171,-122.09036177226332,-5.7091108448803425
1697,37.38907216157138,-122.09056104069107,-7.071034857071936
1698,37.38919172507062,-122.09070653059887,2.131032400764525
1699,37.38923998132357,-122.09089369337978,-14.426672343164682
1700,37.38936004921208,-122.09104315218276,-3.994287161156535
1701,37.38945815448028,-122.09120095569628,3.690488053485751
1702,37.389488916485455,-122.09136692981714,-13.204049217514694
1703,37.38958982497234,-122.09149297628198,2.289444106630981
1704,37.389690555374436,-122.09169010945045,19.39471801649779
1705,37.38968236685996,-122.09188726560517,-3.253217223100364
1706,37.38986026685012,-122.09202664115642,-0.09882186353206635
1707,37.38992545576655,-122.09220617476396,-12.854857159778476
1708,37.390016198173626,-122.09242596361825,-6.239295749925077
1709,37.39007527070217,-122.09249263462796,1.9937606398016214
1710,37.390208605823915,-122.09267385551045,9.233140681870282
1711,37.39026566728401,-122.0928538871273,3.154126768000424
1712,37.39028657745362,-122.09304674595454,19.485365936532617
1713,37.39040496331343,-122.09322854101411,11.776614769361913
1714,37.390522755612764,-122.09334871579739,-5.104950647801161
1715,37.390589327464525,-122.09355728887195,2.4645659858360887
1716,37.39069066348717,-122.0938374652407,34.366863313131034
1717,37.39060434305521,-122.0940216792343,31.80278728622943
1718,37.3909146285924,-122.09403371369277,-1.3682810850441456
1719,37.391003245636185,-122.09405770473924,13.914373117499053
1720,37.39107977243957,-122.09425070696008,-3.760596012696624
1721,37.39117782254408,-122.09437695782975,-14.741034817881882
1722,37.39123632236578,-122.09458380208342,-11.950309445150197
1723,37.39141840073978,-122.0946274750109,0.5060560368001461
1724,37.39145445297883,-122.0947666827595,-5.9395858235657215
1725,37.39153656823819,-122.09480981864797,-7.574279252439737
1726,37.39160786481385,-122.09489718213824,-2.3141337959095836
1727,37.39164371658213,-122.09489491602923,-11.467469103634357
1728,37.39172720771239,-122.0949220239804,-8.59524819906801
1729,37.3917544309878,-122.09492669644891,-1.2310573179274797
1730,37.39176397704508,-122.09500904925936,-3.1629417557269335
1731,37.39173035818728,-122.09510392662449,4.201980723999441
1732,37.39178633074798,-122.09505932309898,1.9765905607491732
1733,37.391773820635706,-122.09508968087242,3.7579283574596047
1734,37.39177194783207,-122.0951217343364,9.623373038135469
1735,37.39176988448095,-122.09505656219719,-3.4429781939834356
1736,37.39178300405707,-122.09500863490632,0.11612005811184645
1737,37.39177998322415,-122.09498478249479,-3.289949130266905
1738,37.39176985080143,-122.09505284312091,-9.078292440623045
1739,37.391777806119286,-122.0951030172405,3.8422769801691175
1740,37.391747359347306,-122.0951006987785,8.911413946188986
1741,37.39179489552154,-122.09508766757925,2.0783657180145383
1742,37.39174431373355,-122.09508483600388,-2.2509985473006964
1743,37.391783767321954,-122.09503642423691,-5.070711686275899
1744,37.391776818625615,-122.09501270522463,-0.6780702536925673
1745,37.39170296422929,-122.09498856250414,-4.198114844970405
1746,37.39170635917452,-122.09501699909983,-9.24905339628458
1747,37.391729340526524,-122.09503237052193,-3.0722097661346197
1748,37.39169392932232,-122.0949676549812,-18.900693497620523
1749,37.39169468165519,-122.09499540713666,-11.667813510634005
1750,37.39165816692397,-122.09497654016347,-16.406805445440114
1751,37.391716720714236,-122.09497670495361,-11.433740408159792
1752,37.391725676603144,-122.09487205841569,-17.698602366261184
1753,37.391695935362094,-122.09493703233593,-15.24692752584815
1754,37.391715990967434,-122.09490263642266,-11.932709814049304
1755,37.39166180837625,-122.09498855983443,-14.96049259789288
1756,37.391718800154685,-122.09487314921584,-14.494107265025377
1757,37.39172846936673,-122.09482615758695,-23.172113365493715
1758,37.39172083500888,-122.09491136219387,-17.586213871836662
1759,37.39170481993718,-122.09489778691318,-31.770478701218963
1760,37.39172056549108,-122.0949576302462,-11.530696311965585
1761,37.3916991858053,-122.0949601765445,-12.447092774324119
1762,37.39170813770437,-122.09499567599217,-10.197610813193023
1763,37.39166325551744,-122.09515693417666,-7.026062434539199
1764,37.39171030165127,-122.09510874881448,-6.991258567199111
1765,37.391765775450565,-122.09501013699959,-20.094915541820228
1766,37.391722375012,-122.09509076525141,-22.41091499477625
1767,37.39178322441696,-122.09507954405258,-8.585658234544098
1768,37.3917664096162,-122.09515628859717,-7.428267681971192
1769,37.391752244928696,-122.09515580910582,-8.754909664392471
1770,37.3917803206263,-122.09507030006328,-7.1716923620551825
1771,37.39177197992703,-122.09510979709505,-11.358706909231842
1772,37.39180759059888,-122.09506738975153,-4.005767162889242
1773,37.39174042760894,-122.09498813067516,-9.816689919680357
1774,37.39173276960489,-122.0950045457496,-10.003130122087896
1775,37.39178753981882,-122.09499508502027,-11.644005910493433
1776,37.391792839688115,-122.09507412083678,-3.590198002755642
1777,37.39185973791135,-122.09514760455015,-6.0938609996810555
1778,37.39190912228466,-122.09518757382291,-6.117682714946568
1779,37.391977458523165,-122.09521432709356,-4.916533675044775
1780,37.39208228491779,-122.09530061582971,-9.520815653726459
1781,37.392135294808035,-122.09541884384964,-12.418241050094366
1782,37.392276646575574,-122.09549697809231,-7.420526118017733
1783,37.3923395837125,-122.09562399050564,-5.383048199117184
1784,37.39245828241027,-122.09567934700715,-12.801974177360535
1785,37.39251906533725,-122.09583382255258,-5.689429528079927
1786,37.392650204166294,-122.09591755036244,-5.103860834613442
1787,37.392778974131225,-122.09599772968004,-7.177489674650133
1788,37.39287176691558,-122.09614762490217,-6.713958960957825
1789,37.392982873877074,-122.09622737176288,-7.4127099104225636
1790,37.39306550237801,-122.09634315552636,-3.459966627880931
1791,37.39317903647457,-122.0965093208781,-9.020113727077842
1792,37.393283113800614,-122.09661134381976,-9.075151959434152
1793,37.393425347704635,-122.09674343549958,-4.46111177187413
1794,37.39351316777633,-122.09691074971074,-10.371965914033353
1795,37.393616760951026,-122.09703346796614,-9.313093272037804
1796,37.393663160192794,-122.09724476896503,-4.8656684989109635
1797,37.393781196140964,-122.09739819777631,-8.109587757848203
1798,37.39387753572082,-122.09742992989136,-14.218549623154104
1799,37.3939469147011,-122.09769379829,-5.114038497209549
1800,37.39402615122375,-122.09784101928986,-9.171239818446338
1801,37.39413580757999,-122.09802339706971,-7.944363262504339
1802,37.39421297421539,-122.09823896183954,-10.413634262047708
1803,37.39427776126299,-122.09839368304195,-1.3640946159139276
1804,37.39432228540579,-122.09850939572054,-10.11430150270462
1805,37.39445482008129,-122.09869499273972,-11.898923378437757
1806,37.3944841365159,-122.09888696859771,-13.047598539851606
1807,37.39472368946058,-122.09905222566177,-12.450215921737254
1808,37.39464725444295,-122.09926156226119,-0.6413084659725428
1809,37.39468732333037,-122.09936145386071,-15.663931687362492
1810,37.394835380802604,-122.09962415931732,-5.820583699271083
1811,37.39492307072587,-122.09979610567514,-6.949114354327321
1812,37.39495293303918,-122.09995410000815,-9.19189552217722
1813,37.395127895573616,-122.10015689623171,-3.2984240986406803
1814,37.39511196401069,-122.10032649478987,-5.520989508368075
1815,37.39516118842607,-122.10049843515888,-10.974584973417222
1816,37.39523167451375,-122.10064023846473,-14.26935242395848
1817,37.39536423062553,-122.10083163294651,-3.1762267919257283
1818,37.395432642938324,-122.1009727344906,-8.00991357397288
1819,37.3954716261298,-122.10114931941695,-8.654842245392501
1820,37.395484910565415,-122.10129599139495,-14.135781149379909
1821,37.39557785635534,-122.10144401492023,-3.4805825371295214
1822,37.395735219731385,-122.10160686536041,-9.348397280089557
1823,37.39572830710361,-122.10165523284287,-13.414254744537175
1824,37.39584333258442,-122.10188245032319,-10.067881055176258
1825,37.39585684122993,-122.1019867809615,-10.827763581648469
1826,37.39594764358905,-122.10215920825677,-9.31524648424238
1827,37.39600177625917,-122.10225310691253,-6.039391647092998
1828,37.39609530543487,-122.10238044693493,-8.83007809240371
1829,37.396117385214154,-122.10248911083931,-6.004423826932907
1830,37.39609064054379,-122.10258352096444,-9.269987084902823
1831,37.39615712671155,-122.10264703018781,-4.54764002840966
1832,37.396177700288185,-122.10271846521444,-7.182902839034796
1833,37.39621073522251,-122.10282544404723,-9.623887035995722
1834,37.3962595990885,-122.10289563205693,-5.7044112933799624
1835,37.396355131165386,-122.1029515759498,-4.917540028691292
1836,37.396278750544056,-122.10303638749302,-10.172111628577113
1837,37.39643635041558,-122.10312057666867,-1.775002172216773
1838,37.39635855669098,-122.10311539947382,-2.0277735693380237
1839,37.39635234796991,-122.1030987356795,-8.27195874787867
1840,37.39640210638765,-122.10314187043662,-2.93683660030365
1841,37.39645176736326,-122.10307075334373,-8.972529004327953
1842,37.396283458328085,-122.10312763654775,-17.867954121902585
1843,37.39642716782119,-122.10312394945781,-7.420124885626137
1844,37.39647060385007,-122.10307003498293,-7.9483716590330005
1845,37.396488133314186,-122.10311150952973,-3.698273885063827
1846,37.39655405479849,-122.1030855630325,7.7087493715807796
1847,37.3964044702077,-122.103018357691,-6.218102168291807
1848,37.39647923218807,-122.10296803132535,-6.243495329283178
1849,37.39635478077058,-122.10295195611332,-13.315317116677761
1850,37.39641937399835,-122.10294248862138,-7.650654844008386
1851,37.39633199999717,-122.10294899562416,-19.542339840903878
1852,37.39653030934744,-122.10303772704448,-1.0236649308353662
1853,37.39639949562179,-122.10304067450133,-13.156061836518347
1854,37.39646749931589,-122.10299923705617,-10.090568178333342
1855,37.39652497388871,-122.10300183191062,-3.743866765871644
1856,37.39645385477123,-122.10299052942104,-2.4733725180849433
1857,37.396414411472364,-122.1029743415688,-12.108136526308954
1858,37.39628881126404,-122.10293546882143,-24.879271771758795
1859,37.39642619043839,-122.10296506770113,-14.015427115373313
1860,37.396394598215764,-122.10299565013061,-16.526209889911115
1861,37.396459271052365,-122.10299827544931,-5.85336406994611
1862,37.39645777803814,-122.10303908696093,-7.817866292782128
1863,37.396462022437944,-122.10312820394229,1.8129266370087862
1864,37.39658508627779,-122.10316256575571,3.700207255780697
1865,37.396506279786564,-122.1031528974511,5.454187303781509
1866,37.39644098764816,-122.10315290388189,-2.777470752596855
1867,37.396415662355665,-122.10314058058881,-8.101648143492639
1868,37.39648115922731,-122.1031327566417,7.215896354056895
1869,37.39644693239176,-122.10318949615692,9.21296131145209
1870,37.396390959821424,-122.10310874964766,2.154176466166973
1871,37.39644120718631,-122.10313113773331,4.522077973932028
1872,37.39631186951297,-122.10307565803298,-7.9263977985829115
1873,37.39633720924806,-122.1031637607164,-5.643694004043937
1874,37.39660478130796,-122.10304500948713,4.240242935717106
1875,37.39660995130749,-122.1031192588516,13.893906629644334
1876,37.39657042917058,-122.10314275873398,13.94611722137779
1877,37.396629733604954,-122.10314369990549,24.786707715131342
1878,37.39657179543106,-122.10320313948178,22.996940531767905
1879,37.39662231808602,-122.10316210210287,15.719228932633996
1880,37.39639808139053,-122.10313524906424,-4.265697375871241
1881,37.39638688446417,-122.10317500783442,1.81559740845114
1882,37.39642214672494,-122.10314401071943,0.9055489432066679
1883,37.39635236663294,-122.1031109855485,-12.387652616016567
1884,37.39635420333315,-122.10318941572707,-3.1829106025397778
1885,37.396322014020306,-122.10316001462093,-2.245528777129948
1886,37.3963626393839,-122.10319370878533,-0.4760450320318341
1887,37.39651246925367,-122.10317856875774,5.654329898767173
1888,37.39638844200097,-122.10323623844207,3.122952221892774
1889,37.396377221308434,-122.10326376125951,0.31649136543273926
1890,37.396419336624255,-122.10322100244504,2.610886961221695
1891,37.39634785316863,-122.10319634063148,-1.2129223039373755
1892,37.3963840601436,-122.10321160402236,6.728555342182517
1893,37.3964888339261,-122.10319853065138,4.549603756517172
1894,37.39637910581925,-122.10322698316843,2.1710611609742045
1895,37.39651824125582,-122.10325149683098,17.13682507071644
1896,37.396490517123084,-122.10325507904956,15.47808112949133
1897,37.39657822546236,-122.10309539934066,7.503082001581788
1898,37.39648923437583,-122.1031076003477,1.9778057401999831
1899,37.39647294801886,-122.10312768316865,2.2563184769824147
1900,37.3964833358382,-122.10315021257402,5.400847742334008
1901,37.39658316479959,-122.10314465330526,10.867848552763462
1902,37.39660186244584,-122.10305904939521,2.908679853193462
1903,37.39660245841179,-122.10302680416963,2.2624092837795615
1904,37.39658149237492,-122.10309323522034,-1.8067024825140834
1905,37.396483776130296,-122.10310297958397,-4.5244980454444885
1906,37.39649573174307,-122.10320347092855,6.8488424606621265
1907,37.39648690998048,-122.10319782630636,9.028625103645027
1908,37.39639208085742,-122.10318170299611,-3.031967109069228
1909,37.39645904451334,-122.10316201116761,-2.708067554049194
1910,37.39647098440937,-122.10317262472242,6.328312230296433
1911,37.39643131405576,-122.10311241596635,-7.054611198604107
1912,37.39656773045681,-122.10310422783715,-0.40264703147113323
1913,37.39650574402661,-122.10312688120639,-4.945813818834722
1914,37.39655178907585,-122.10311657646731,-3.126445802859962
1915,37.396484695155735,-122.10311173381065,-8.704968264326453
1916,37.396587355423435,-122.10320377071487,14.38415816705674
1917,37.39649055906751,-122.10317050542638,1.700585844926536
1918,37.396271860868076,-122.10317090743388,-12.063633280806243
1919,37.39649068967716,-122.10312289484618,-2.9214458726346493
1920,37.39655047224927,-122.10320607634776,11.396050108596683
1921,37.39637053017008,-122.10317814541449,0.4882355108857155
1922,37.39650526466234,-122.10317774703408,8.464504591189325
1923,37.396479538506156,-122.10322029613819,12.868666877038777
1924,37.39651107271693,-122.10323553588003,13.276095368899405
1925,37.39639338648578,-122.10317687398012,-0.7313786307349801
1926,37.39638265067357,-122.10322810629677,7.404188844375312
1927,37.39643036237533,-122.1032466894772,15.145299221388996
1928,37.39639862008989,-122.10336293319408,16.265342071652412
1929,37.396412363582435,-122.10321592809883,9.534235995262861
1930,37.396554437195235,-122.1032081934796,17.088317345827818
1931,37.396533367011436,-122.10318970359063,17.53079900238663
1932,37.396596968046744,-122.10321943148779,22.829278669320047
1933,37.39638378808783,-122.10320782650983,6.422493570484221
1934,37.39638411545205,-122.10317849291367,10.542816090397537
1935,37.396359167060055,-122.1031428365684,2.0322686145082116
1936,37.39640363760327,-122.10311533855764,8.814826021902263
1937,37.39646682281011,-122.10308736393569,-0.23694382328540087
1938,37.39652984397288,-122.10310542678425,11.362351260147989
1939,37.396430403726306,-122.10308259774115,1.4543864447623491
1940,37.396425974791775,-122.10314872967817,4.036248958669603
1941,37.396477113670855,-122.1032201291535,5.302530645392835
1942,37.39652435848046,-122.1032305162417,10.59742492530495
1943,37.396410967414,-122.10314977751084,-2.4289374267682433
1944,37.396487580994346,-122.10320829538664,7.870967285707593
1945,37.396444373230025,-122.10319261537101,3.6149040246382356
1946,37.39649795073128,-122.10309350217811,-1.0540020503103733
1947,37.396439156376566,-122.103170637503,3.5060738371685147
1948,37.39640272893724,-122.10321695847863,11.685012218542397
1949,37.39649603252435,-122.10314710130274,10.217938154935837
1950,37.396402988999725,-122.10317486886804,3.622949594631791
1951,37.39641511076923,-122.1031973867905,10.335510022006929
1952,37.39651027760475,-122.10315496209824,15.536373840644956
1953,37.396665087074254,-122.103186822455,17.676502441056073
1954,37.39634260223617,-122.10317630020096,-6.837362386286259
1955,37.396253284140755,-122.10323915606969,-0.5950830653309822
1956,37.39627776576266,-122.10315704947158,-10.65677447244525
1957,37.396240391618534,-122.10324694993542,-9.078670281916857
1958,37.39618829323652,-122.10312728817827,-23.764425040222704
1959,37.39618098006535,-122.10315333294557,4.5553662702441216
1960,37.396083093678364,-122.10299278145553,-3.1293690484017134
1961,37.39610168469202,-122.10301848697299,-8.691800364293158
1962,37.39608615040599,-122.10296633448507,1.2176398653537035
1963,37.39604337717903,-122.10287086387767,-8.245149965398014
1964,37.39602589395666,-122.10276915887809,-13.21534923557192
1965,37.395977582737856,-122.10281591725777,-3.68382849637419
1966,37.39594259263202,-122.10273465804866,-5.934887308627367
1967,37.39587027239729,-122.10272086888607,2.4598559606820345
1968,37.39591205659301,-122.10286375870781,-5.470397672615945
1969,37.39591188161242,-122.10284697034395,-5.375081145204604
1970,37.39583688034001,-122.10279605840944,-13.260040061548352
1971,37.39580783615693,-122.1028321869732,-2.9556550616398454
1972,37.39578614741716,-122.10294725088379,-8.651109489612281
1973,37.39576164143427,-122.102925951467,14.159887861460447
1974,37.395799531473656,-122.10289474484878,-1.4238544506952167
1975,37.39586366710046,-122.10299630873533,-8.347551800310612
1976,37.39584077228727,-122.1031359623821,-9.986760675907135
1977,37.39586360062981,-122.10312812576966,-14.801816982217133
1978,37.39582138524818,-122.10311323415249,-9.207884979434311
1979,37.395864486015164,-122.10309337978457,-20.745827205479145
1980,37.3958661174806,-122.10296575732379,-7.865870670415461
1981,37.39588767837661,-122.10303140834483,-13.408171051181853
1982,37.395847534880886,-122.10286964363547,4.977642714977264
1983,37.39588188185151,-122.10301018872214,-2.6528899427503347
1984,37.39584651725354,-122.10295559692275,1.4783342778682709
1985,37.3958495529903,-122.10293540770824,-7.814988508820534
1986,37.39580024210603,-122.1030287126917,-7.552786082960665
1987,37.395842510444545,-122.10302241484935,-12.940888576209545
1988,37.395829013650136,-122.10299116015722,-5.012635422870517
1989,37.395838108694775,-122.10300614025383,-7.373581781052053
1990,37.3958710512002,-122.10300475761775,-11.57763705868274
1991,37.39593273039553,-122.10296799631114,9.086026024073362
1992,37.39588635937624,-122.10283100821691,10.577774536795914
1993,37.395835138593284,-122.10283803489067,3.3169155353680253
1994,37.39585403420508,-122.10271021457295,7.159298310987651
1995,37.39583599591412,-122.10298796776739,-5.8596186125651
1996,37.39589386294113,-122.10286552806285,8.723415859043598
1997,37.39584680483804,-122.10279929642236,18.815144093707204
1998,37.3957947915216,-122.1028862268393,3.146679760888219
1999,37.395782876676726,-122.10271403438458,35.40013568662107
