Epoch,PRN,Raw_Pseudorange,CN0,Elevation
121,2,21063674.584687,36.2,1.241503
121,5,22982304.945301,20.9,0.464886
121,6,22391575.602421,35.9,0.640489
121,12,20102884.424725,39.2,1.408522
121,19,24191638.347127,36.4,0.242029
121,24,23256230.122175,28.6,0.475027
121,25,21263566.916146,37.7,0.851867
121,29,23326680.437887,22.8,0.422859
122,2,21063903.077838,35.7,1.24138
122,5,22981706.612235,26.1,0.465
122,6,22392111.69056,35.3,0.640366
122,12,20102798.150848,38.7,1.40866
122,19,24192168.135737,32.7,0.241942
122,24,23256801.878559,26.9,0.474917
122,25,21263151.740565,36.4,0.851994
122,29,23326238.598374,24.4,0.422942
123,2,21064133.193859,35.7,1.241256
123,5,22981116.777426,27.0,0.465114
123,6,22392653.868825,34.3,0.640244
123,12,20102716.466379,39.9,1.408797
123,19,24192709.424041,26.9,0.241855
123,24,23257377.037736,27.7,0.474806
123,25,21262742.690011,37.1,0.852121
123,29,23325815.15139,21.3,0.423024
124,2,21064361.023902,34.0,1.241136
124,5,22980528.286282,29.9,0.465227
124,6,22393175.21153,31.6,0.640124
124,12,20102634.310754,39.7,1.408937
124,19,24193235.84476,30.2,0.24177
124,24,23257955.041298,27.7,0.474693
124,25,21262326.886223,39.6,0.85225
124,29,23325401.738282,19.3,0.423107
125,2,21064597.247499,34.8,1.241012
125,5,22979936.182944,31.1,0.465341
125,6,22393716.325332,29.5,0.640002
125,12,20102549.153691,40.7,1.409075
125,19,24193762.579582,33.9,0.241682
125,24,23258522.522379,33.6,0.474584
125,25,21261914.048972,38.4,0.852378
125,29,23324900.166673,19.9,0.423191
126,2,21064829.283045,35.7,1.24089
126,5,22979342.00303,32.3,0.465454
126,6,22394245.450834,30.4,0.639881
126,12,20102464.624837,39.9,1.409214
126,19,24194298.301267,29.7,0.241596
126,24,23259111.624279,28.5,0.474471
126,25,21261499.431798,41.6,0.852506
126,29,23324486.753565,32.5,0.423273
127,2,21065063.464967,36.0,1.240765
127,5,22978749.637939,35.6,0.465569
127,6,22394792.009104,26.8,0.639758
127,12,20102382.800766,38.2,1.409351
127,19,24194834.057852,28.9,0.241508
127,24,23259676.452927,26.9,0.474362
127,25,21261090.259093,41.2,0.852634
127,29,23324047.898039,31.3,0.423356
128,2,21065299.37446,34.4,1.24064
128,5,22978166.224809,38.5,0.465681
128,12,20102298.551114,37.0,1.409489
128,19,24195386.269992,25.7,0.241418
128,24,23260261.942633,20.5,0.474252
128,25,21260671.73307,38.5,0.852763
128,29,23323605.081313,26.9,0.423441
129,2,21065529.490482,30.7,1.240518
129,5,22977581.502913,40.7,0.465793
129,6,22395880.710739,28.6,0.639513
129,12,20102215.383377,38.8,1.409629
129,19,24195920.66546,27.8,0.241332
129,24,23260847.310187,22.3,0.47414
129,25,21260259.087771,37.1,0.852891
129,29,23323170.867545,29.0,0.423523
130,2,21065756.97152,32.8,1.240394
130,5,22976993.238623,39.7,0.465906
130,6,22396420.864779,26.8,0.63939
130,12,20102129.580656,38.5,1.409768
130,19,24196462.616873,28.0,0.241243
130,24,23261407.846081,28.5,0.474029
130,25,21259839.305333,37.1,0.853021
130,29,23322723.199659,29.5,0.423607
131,2,21065991.659498,32.9,1.240271
131,5,22976412.79203,36.4,0.466018
131,6,22396971.227196,27.9,0.639267
131,12,20102046.168615,40.2,1.409908
131,19,24196997.396246,29.2,0.241155
131,24,23261981.59179,34.1,0.473918
131,25,21259419.243692,37.6,0.853151
131,29,23322280.348034,28.9,0.423692
132,2,21066230.378477,32.9,1.240147
132,5,22975827.092922,35.1,0.466129
132,6,22397500.160746,26.2,0.639146
132,12,20101963.821038,41.1,1.410049
132,19,24197538.021441,33.3,0.241068
132,24,23262560.293361,33.8,0.473807
132,25,21258993.022124,38.7,0.853283
132,29,23321834.355369,23.4,0.423778
133,2,21066458.662226,34.2,1.240024
133,5,22975252.823707,35.3,0.466241
133,6,22398052.512488,28.3,0.639024
133,12,20101881.229157,40.3,1.410189
133,19,24198072.678663,31.0,0.24098
133,24,23263134.527676,30.9,0.473695
133,25,21258579.451963,37.4,0.853412
133,29,23321421.971823,22.7,0.423861
134,2,21066692.896498,33.4,1.2399
134,5,22974679.427002,35.1,0.466351
134,6,22398580.556077,29.0,0.638902
134,12,20101795.880142,41.9,1.410331
134,19,24198625.606262,31.1,0.240891
134,24,23263718.638815,30.3,0.473583
134,25,21258150.263858,33.6,0.853544
134,29,23320946.907095,21.0,0.423947
135,2,21066926.537464,31.2,1.239777
135,5,22974095.83937,34.1,0.466463
135,6,22399121.79203,28.4,0.63878
135,12,20101710.251924,38.2,1.410471
135,19,24199161.135994,32.4,0.240803
135,24,23264297.637039,34.5,0.473472
135,25,21257734.250667,36.3,0.853674
135,29,23320493.724941,20.3,0.424031
136,2,21067165.238992,33.9,1.239654
136,5,22973526.892471,32.8,0.466574
136,6,22399656.972758,27.7,0.638658
136,12,20101626.962034,39.9,1.410612
136,19,24199700.522225,31.8,0.240715
136,24,23264869.986731,30.1,0.47336
136,25,21257316.701857,36.6,0.853805
136,29,23320053.089492,29.4,0.424116
137,2,21067398.216849,34.5,1.239531
137,5,22972939.622843,34.8,0.466685
137,6,22400189.134598,31.2,0.638536
137,12,20101542.153976,39.7,1.410752
137,19,24200238.390286,27.4,0.240627
137,24,23265447.135232,32.9,0.473249
137,25,21256897.02412,27.1,0.853936
137,29,23319604.339693,30.4,0.424201
138,2,21067625.488485,33.3,1.239407
138,5,22972358.37354,32.0,0.466797
138,6,22400732.988084,35.5,0.638414
138,12,20101457.642572,39.0,1.410892
138,19,24200781.039707,30.0,0.240539
138,24,23266023.358872,35.9,0.473138
138,25,21256485.146631,25.2,0.854066
138,29,23319151.977699,23.5,0.424286
139,2,21067872.915122,34.2,1.239283
139,5,22971780.178026,31.6,0.466907
139,6,22401273.63073,38.5,0.638291
139,12,20101372.607661,40.3,1.411033
139,19,24201326.777817,25.6,0.24045
139,24,23266605.969292,33.5,0.473027
139,25,21256033.465195,22.5,0.854197
139,29,23318721.585528,24.9,0.424371
140,2,21068104.392261,33.4,1.239158
140,5,22971201.301953,29.1,0.467018
140,6,22401815.093537,36.0,0.638168
140,12,20101289.003667,41.0,1.411174
140,19,24201873.929394,24.8,0.240361
140,24,23267177.708226,33.6,0.472916
140,25,21255636.559993,24.4,0.854328
140,29,23318248.85913,24.7,0.424457
141,2,21068340.685659,29.3,1.239033
141,5,22970624.258152,29.0,0.46713
141,6,22402361.355153,33.0,0.638045
141,12,20101207.511151,33.1,1.411314
141,19,24202425.600577,26.9,0.240271
141,24,23267744.369147,31.1,0.472806
141,25,21255202.81738,25.0,0.85446
141,29,23317800.10933,31.9,0.424544
142,2,21068579.195235,28.4,1.238908
142,5,22970046.743196,25.0,0.46724
142,6,22402899.362816,23.8,0.637922
142,12,20101121.952733,40.8,1.411455
142,19,24202963.904894,26.1,0.240182
142,24,23268319.842427,33.6,0.472696
142,25,21254791.079493,25.9,0.854592
142,29,23317338.917526,27.2,0.42463
143,2,21068819.013578,28.2,1.238783
143,5,22969468.42553,34.0,0.467352
143,6,22403444.66467,24.4,0.637798
143,12,20101039.483004,39.1,1.411595
143,19,24203494.217011,22.9,0.240093
143,24,23268884.042867,33.5,0.472586
143,25,21254368.051314,24.6,0.854722
143,29,23316900.602956,26.8,0.424716
144,2,21069047.454378,31.1,1.238656
144,5,22968896.110739,30.7,0.467461
144,6,22404000.785659,29.6,0.637673
144,12,20100953.453431,36.3,1.411736
144,19,24204071.016509,24.6,0.240001
144,24,23269457.24762,34.5,0.472476
144,25,21253931.569018,26.3,0.854854
144,29,23316433.216325,30.6,0.424803
145,2,21069283.27662,31.8,1.238531
145,5,22968308.998163,28.9,0.467574
145,6,22404542.684721,29.2,0.63755
145,12,20100869.989039,36.0,1.411875
145,19,24204629.406026,19.9,0.239912
145,24,23270022.233319,30.5,0.472367
145,25,21253509.622753,29.3,0.854985
145,29,23315979.21401,29.2,0.424889
146,2,21069528.120626,29.0,1.238404
146,5,22967733.018826,30.6,0.467684
146,6,22405107.129464,28.6,0.637425
146,12,20100788.967678,33.8,1.412014
146,19,24205180.065097,23.9,0.239821
146,24,23270600.463734,31.2,0.472257
146,25,21253086.856328,24.1,0.855116
146,29,23315525.857353,25.4,0.424975
147,2,21069755.654015,33.3,1.238277
147,5,22967153.217892,27.4,0.467795
147,6,22405651.523907,30.3,0.6373
147,12,20100702.920654,39.0,1.412154
147,19,24205738.559316,22.7,0.23973
147,24,23271157.753888,29.7,0.472148
147,25,21252656.63866,28.4,0.855247
147,29,23315068.644198,28.0,0.425062
148,2,21069993.605184,29.5,1.238152
148,5,22966564.622047,25.0,0.467909
148,6,22406195.569345,34.3,0.637177
148,12,20100619.787817,35.4,1.412292
148,19,24206272.989684,29.9,0.239642
148,24,23271728.777363,31.7,0.472039
148,25,21252245.52898,27.0,0.855376
148,29,23314620.976312,24.8,0.425146
149,2,21070230.56169,30.6,1.238026
149,5,22965985.554022,24.9,0.468021
149,6,22406745.512957,31.3,0.637052
149,12,20100537.754344,35.4,1.412431
149,19,24206825.044773,22.6,0.239552
149,24,23272293.099955,29.8,0.47193
149,25,21251836.426075,24.3,0.855506
149,29,23314167.811607,25.5,0.425232
150,2,21070474.393583,28.8,1.237899
150,5,22965411.860663,23.5,0.468131
150,6,22407293.030989,31.9,0.636927
150,12,20100453.33019,32.3,1.412571
150,19,24207385.161862,20.0,0.239461
150,24,23272851.419671,29.5,0.471821
150,25,21251394.953017,24.0,0.855639
150,29,23313709.830643,27.9,0.42532
151,2,21070714.700531,30.1,1.237774
151,5,22964823.247369,24.7,0.468245
151,6,22407840.025514,32.2,0.636803
151,12,20100376.461981,34.4,1.412709
151,19,24207933.046348,23.6,0.239373
151,24,23273420.907527,32.3,0.471712
151,25,21250997.297455,25.0,0.855767
151,29,23313263.925229,25.6,0.425405
152,2,21070949.004605,31.3,1.237647
152,5,22964240.602049,31.4,0.468354
152,6,22408391.504745,34.5,0.636679
152,12,20100291.776074,36.8,1.41285
152,19,24208491.121762,24.9,0.239282
152,24,23273992.175305,32.5,0.471602
152,25,21250556.766708,30.2,0.8559
152,29,23312801.808563,25.8,0.425492
153,2,21071179.39983,30.5,1.237522
153,5,22963659.771551,32.8,0.468466
153,6,22408938.48182,29.7,0.636555
153,12,20100211.29567,37.2,1.41299
153,19,24209037.505529,25.1,0.239192
153,24,23274562.832326,33.1,0.471492
153,25,21250131.208248,28.0,0.856031
153,29,23312343.269191,25.0,0.425579
154,2,21071432.236035,30.9,1.237395
154,5,22963087.561461,32.8,0.468577
154,6,22409486.61061,30.0,0.636431
154,12,20100130.745465,37.2,1.41313
154,19,24209585.634319,25.5,0.239102
154,24,23275124.746787,31.6,0.471383
154,25,21249711.914416,25.3,0.856163
154,29,23311893.402578,28.3,0.425666
155,2,21071661.479545,31.8,1.237272
155,5,22962503.485223,29.3,0.468688
155,6,22410037.252231,23.0,0.636309
155,12,20100047.315974,41.3,1.413271
155,19,24210131.163026,21.9,0.239014
155,24,23275710.759999,30.1,0.471272
155,25,21249295.412619,27.1,0.856294
155,29,23311431.320812,26.5,0.425751
156,2,21071902.32745,32.0,1.237143
156,5,22961940.279446,26.3,0.468798
156,6,22410590.476484,22.9,0.636182
156,12,20099963.781782,39.6,1.41341
156,19,24210713.773445,20.9,0.238921
156,24,23276272.674461,27.1,0.471164
156,25,21248869.819259,27.8,0.856426
156,29,23310982.34416,26.1,0.425839
157,2,21072145.269382,30.9,1.237018
157,5,22961361.17652,28.8,0.468909
157,6,22411140.995953,22.6,0.63606
157,12,20099885.639707,37.8,1.413552
157,19,24211222.325141,21.7,0.238832
157,24,23276837.59036,30.5,0.471054
157,25,21248440.910357,25.1,0.856559
157,29,23310518.674424,27.4,0.425927
158,2,21072386.640794,29.4,1.23689
158,5,22960787.727464,27.4,0.469021
158,6,22411700.764038,27.6,0.635933
158,12,20099805.944562,37.2,1.413689
158,19,24211803.382491,21.2,0.23874
158,24,23277406.048653,26.8,0.470946
158,25,21248036.239808,25.5,0.856687
158,29,23310079.225591,26.8,0.426012
159,2,21072616.617213,28.0,1.236765
159,5,22960227.15667,28.4,0.469129
159,6,22412230.535198,22.7,0.63581
159,12,20099722.340569,37.0,1.413832
159,19,24212365.227152,23.6,0.238651
159,24,23277983.773012,28.0,0.470834
159,25,21247609.372581,25.7,0.856821
159,29,23309622.675544,26.5,0.426099
160,2,21072861.373967,28.4,1.236641
160,5,22959637.897717,30.9,0.46924
160,6,22412800.860664,21.5,0.635688
160,12,20099641.528611,37.0,1.413973
160,19,24212897.772897,21.5,0.238562
160,24,23278561.008764,27.8,0.470724
160,25,21247171.197614,25.8,0.856953
160,29,23309161.117285,26.8,0.426186
161,2,21073112.971207,29.0,1.236509
161,5,22959073.452974,30.6,0.469351
161,6,22413348.047142,23.1,0.635558
161,12,20099558.849479,38.2,1.414111
161,19,24213493.226677,21.0,0.238467
161,24,23279111.493333,29.1,0.470618
161,25,21246768.359337,26.7,0.857085
161,29,23308695.615277,27.6,0.426275
162,2,21073351.445882,30.5,1.236386
162,5,22958494.995706,29.3,0.469461
162,6,22413890.207957,28.6,0.635437
162,12,20099480.742304,43.1,1.414253
162,19,24214037.202314,22.5,0.23838
162,24,23279693.231242,31.9,0.470506
162,25,21246335.00063,28.8,0.857217
162,29,23308243.672087,27.6,0.426361
163,2,21073589.431952,26.6,1.236259
163,5,22957926.24076,24.8,0.469572
163,6,22414449.87134,25.4,0.635312
163,12,20099400.645805,42.9,1.414392
163,19,24214589.955411,23.2,0.238288
163,24,23280260.677422,32.5,0.470398
163,25,21245912.530858,30.8,0.857348
163,29,23307794.817587,29.1,0.426448
164,2,21073849.701949,21.4,1.236134
164,5,22957345.584764,29.9,0.469682
164,6,22415000.949216,27.1,0.63519
164,12,20099322.451379,44.3,1.414534
164,19,24215131.749772,26.0,0.2382
164,24,23280845.329517,29.5,0.470287
164,25,21245484.180364,27.7,0.857481
164,29,23307337.098375,34.4,0.426534
165,2,21074081.179088,28.2,1.236007
165,5,22956780.808467,29.8,0.469792
165,6,22415554.400322,31.6,0.635064
165,12,20099241.848824,44.3,1.414675
165,19,24215688.184865,19.7,0.238108
165,24,23281407.488282,29.3,0.470178
165,25,21245062.705255,36.0,0.857614
165,29,23306880.251675,36.0,0.426622
166,2,21074309.515187,30.4,1.235882
166,5,22956208.406425,32.3,0.469902
166,6,22416099.021618,33.1,0.634942
166,12,20099161.089216,41.7,1.414816
166,24,23281982.979013,27.1,0.470067
166,25,21244638.699864,37.6,0.857746
166,29,23306422.654615,39.4,0.426709
167,2,21074551.357754,35.4,1.235757
167,5,22955642.914669,31.7,0.470011
167,6,22416644.253671,33.7,0.634819
167,12,20099078.86379,38.3,1.414959
167,19,24216808.017688,19.7,0.237929
167,24,23282577.682433,25.0,0.469956
167,25,21244218.306668,32.9,0.857879
167,29,23305962.091018,32.1,0.426796
168,2,21074789.640478,41.6,1.235632
168,5,22955077.754467,25.3,0.47012
168,6,22417187.426599,34.6,0.634696
168,12,20098996.376611,38.3,1.415101
168,19,24217361.381543,22.8,0.237839
168,24,23283144.238653,27.5,0.469844
168,25,21243795.243589,23.0,0.858013
168,29,23305508.141054,30.1,0.426883
169,2,21075028.254755,43.1,1.235508
169,5,22954512.925819,32.9,0.470229
169,6,22417730.931081,28.5,0.634574
169,12,20098915.4076,39.3,1.415245
169,19,24217894.10179,29.3,0.23775
169,24,23283725.505405,28.8,0.469733
169,25,21243356.335713,31.9,0.858147
169,29,23305053.353479,26.7,0.426971
170,2,21075268.875807,43.7,1.235384
170,5,22953945.58434,32.1,0.470338
170,6,22418275.220822,30.7,0.634452
170,12,20098832.83317,38.7,1.415387
170,19,24218439.002289,24.2,0.237661
170,24,23284309.982998,29.6,0.469621
170,25,21242931.405461,35.4,0.85828
170,29,23304608.338027,22.6,0.427058
171,2,21075506.879327,44.4,1.23526
171,5,22953390.056658,32.0,0.470446
171,6,22418813.926494,30.6,0.63433
171,12,20098752.474917,38.8,1.415532
171,19,24218989.102953,21.5,0.237572
171,24,23284894.565293,28.1,0.469509
171,25,21242502.985165,34.5,0.858415
171,29,23304133.447801,22.4,0.427145
172,2,21075747.814483,43.2,1.235135
172,5,22952826.641478,30.7,0.470555
172,6,22419362.142534,31.4,0.634207
172,12,20098671.73276,38.4,1.415674
172,19,24219552.012077,25.3,0.237481
172,24,23285475.448141,26.5,0.469398
172,25,21242076.571644,34.6,0.858548
172,29,23303682.446923,22.6,0.427233
173,2,21075987.283821,44.0,1.23501
173,5,22952268.949969,31.1,0.470663
173,6,22419905.298012,32.1,0.634085
173,12,20098590.414745,38.7,1.415818
173,19,24220104.747724,29.0,0.237392
173,24,23286048.583092,25.8,0.469286
173,25,21241648.988959,35.2,0.858682
173,29,23303234.796488,22.9,0.42732
174,2,21076224.170527,44.4,1.234886
174,5,22951701.503789,31.3,0.470772
174,6,22420451.577078,30.8,0.633962
174,12,20098508.922228,38.5,1.415961
174,19,24220655.232292,21.8,0.237302
174,24,23286643.129461,25.4,0.469174
174,25,21241218.544438,35.4,0.858816
174,29,23302779.450506,23.5,0.427407
175,2,21076461.720341,43.7,1.234762
175,5,22951148.209735,30.4,0.470879
175,6,22420992.830482,27.5,0.633841
175,12,20098428.406924,38.3,1.416105
175,19,24221228.85585,20.0,0.237213
175,24,23287239.228899,24.8,0.469061
175,25,21240789.96709,35.0,0.858951
175,29,23302302.90251,23.5,0.427495
176,2,21076698.258043,44.5,1.234638
176,5,22950580.100446,30.9,0.470987
176,6,22421532.757669,30.1,0.633718
176,12,20098342.970658,39.2,1.416248
176,19,24221753.182542,25.2,0.237123
176,24,23287805.837469,25.5,0.46895
176,25,21240357.358742,34.4,0.859085
177,2,21076933.801082,44.4,1.234513
177,5,22950016.98192,31.1,0.471096
177,6,22422077.675618,35.3,0.633596
177,12,20098261.914396,39.6,1.416391
177,19,24222289.706937,21.5,0.237034
177,24,23288381.048996,27.0,0.468838
177,25,21239928.554542,34.1,0.859218
178,2,21077175.172494,44.5,1.234389
178,5,22949463.321411,31.2,0.471204
178,6,22422616.154437,35.9,0.633474
178,12,20098181.015187,40.4,1.416536
178,19,24222859.665949,23.8,0.236945
178,24,23288962.088896,26.9,0.468726
178,25,21239501.111458,35.2,0.859353
178,29,23300942.396284,24.7,0.427757
179,2,21077415.636494,44.4,1.234266
179,5,22948906.624565,30.9,0.47131
179,6,22423153.987598,33.2,0.633353
179,12,20098099.50522,40.1,1.416681
179,19,24223409.208206,30.3,0.236855
179,24,23289564.697266,28.4,0.468612
179,25,21239068.223907,36.7,0.859489
180,2,21077655.332685,44.2,1.234141
180,5,22948352.47545,31.1,0.471418
180,6,22423706.374241,35.3,0.63323
180,12,20098018.414058,39.5,1.416825
180,19,24223961.577398,24.2,0.236765
180,24,23290151.844742,27.9,0.468501
180,25,21238639.978113,35.6,0.859624
180,29,23300014.114501,24.3,0.427933
181,2,21077894.348317,45.3,1.234017
181,5,22947795.848405,32.4,0.471525
181,6,22424252.07745,31.0,0.633109
181,12,20097936.956441,40.3,1.41697
181,19,24224505.797339,29.1,0.236676
181,24,23290736.828391,29.3,0.468388
181,25,21238205.973748,36.1,0.859759
182,2,21078136.278136,43.6,1.233892
182,5,22947247.824317,31.6,0.471633
182,6,22424790.207265,30.0,0.632986
182,12,20097859.617076,39.3,1.417114
182,19,24225077.798026,25.4,0.236585
182,24,23291319.020006,28.6,0.468276
182,25,21237780.851543,34.9,0.859894
182,29,23299091.451688,24.1,0.42811
183,2,21078377.8066,45.0,1.233769
183,5,22946687.410574,30.3,0.47174
183,6,22425334.82856,37.1,0.632865
183,12,20097777.060096,39.7,1.41726
183,19,24225621.215257,28.8,0.236496
183,24,23291910.704538,29.2,0.468164
183,25,21237346.061918,35.8,0.86003
183,29,23298627.258446,24.0,0.428198
184,2,21078617.41554,44.7,1.233644
184,5,22946146.349123,31.0,0.471846
184,6,22425883.515757,34.5,0.632743
184,12,20097698.883121,39.3,1.417404
184,19,24226173.200544,25.1,0.236406
184,24,23292492.983404,28.0,0.468051
184,25,21236916.524808,36.2,0.860166
184,29,23298179.433508,25.0,0.428286
185,2,21078860.28767,45.0,1.233521
185,5,22945590.577138,31.6,0.471953
185,6,22426425.58932,35.5,0.632622
185,12,20097623.986786,39.6,1.417551
185,19,24226735.970066,24.3,0.236317
185,24,23293102.205406,26.2,0.467938
185,25,21236484.579569,35.3,0.860302
185,29,23297710.022651,25.7,0.428375
186,2,21079100.437567,45.3,1.233396
186,5,22945041.663089,32.2,0.47206
186,6,22426973.910062,31.8,0.632499
186,12,20097539.754585,40.0,1.417695
186,19,24227281.289371,22.6,0.236226
186,24,23293680.208968,29.2,0.467826
186,25,21236054.065247,36.2,0.860437
186,29,23297248.638894,24.2,0.428463
187,2,21079342.210333,44.6,1.233271
187,5,22944483.587675,31.5,0.472167
187,6,22427516.978289,36.1,0.632377
187,12,20097463.148129,39.7,1.417839
187,19,24227863.323933,24.9,0.236136
187,24,23294262.24353,29.9,0.467714
187,25,21235624.004631,35.3,0.860572
188,2,21079585.117364,45.2,1.233147
188,5,22943932.963505,32.6,0.472274
188,6,22428063.292255,35.0,0.632255
188,12,20097383.487885,40.2,1.417984
188,19,24228406.636463,21.7,0.236046
188,24,23294851.432682,31.0,0.467602
188,25,21235196.00314,36.3,0.860708
189,2,21079826.192122,44.9,1.233023
189,5,22943387.382447,33.0,0.472381
189,6,22428609.257218,37.9,0.632133
189,12,20097306.480075,40.5,1.418129
189,19,24228963.38566,29.1,0.235957
189,24,23295439.347968,29.4,0.467489
189,25,21234765.523719,37.4,0.860844
190,2,21080066.830625,43.7,1.232899
190,5,22942834.175644,32.6,0.472488
190,6,22429153.285206,38.0,0.632012
190,12,20097227.238636,39.4,1.418274
190,19,24229516.41796,31.5,0.235867
190,24,23296030.15999,27.4,0.467376
190,25,21234337.033622,36.5,0.860979
190,29,23295413.190092,29.8,0.428816
191,2,21080309.964509,43.4,1.232775
191,5,22942276.553936,33.2,0.472595
191,6,22429698.60451,37.2,0.63189
191,12,20097149.305963,39.7,1.418419
191,19,24230069.240858,32.3,0.235778
191,24,23296627.341342,28.1,0.467264
191,25,21233905.332685,37.6,0.861114
191,29,23294954.807772,32.2,0.428904
192,2,21080553.412497,40.9,1.232651
192,5,22941729.45471,31.7,0.472702
192,6,22430240.643174,35.8,0.631769
192,12,20097071.373291,37.9,1.418564
192,19,24230623.564475,34.9,0.235688
192,24,23297221.85281,25.5,0.46715
192,25,21233477.854701,35.6,0.86125
192,29,23294498.536929,32.7,0.428993
193,2,21080793.597294,42.8,1.232527
193,5,22941178.778189,31.8,0.472809
193,6,22430786.625586,37.8,0.631647
193,12,20096991.9748,39.4,1.418709
193,19,24231174.049044,31.3,0.235599
193,24,23297806.190801,26.1,0.467038
193,25,21233047.706834,37.0,0.861386
193,29,23294037.502176,34.4,0.429081
194,2,21081033.363285,42.5,1.232403
194,5,22940630.70175,33.3,0.472915
194,6,22431329.170306,37.1,0.631525
194,12,20096913.658223,39.6,1.418855
194,19,24231732.787566,35.4,0.235509
194,24,23298403.023148,23.1,0.466925
194,25,21232614.732032,37.7,0.861522
194,29,23293573.064631,35.1,0.42917
195,2,21081278.9402,42.2,1.232279
195,5,22940078.821164,33.4,0.473022
195,6,22431872.430485,37.6,0.631404
195,12,20096839.65185,39.4,1.419
195,19,24232288.943455,36.2,0.23542
195,25,21232189.662178,37.4,0.861658
195,29,23293119.812675,36.1,0.429257
196,2,21081521.00962,41.4,1.232155
196,5,22939529.435959,32.0,0.473129
196,6,22432417.906841,37.0,0.631282
196,12,20096760.34061,38.5,1.419145
196,19,24232843.09257,38.3,0.23533
196,25,21231759.304908,36.6,0.861793
196,29,23292660.662546,35.0,0.429346
197,2,21081760.740711,42.1,1.232032
197,5,22938984.308607,31.8,0.473235
197,6,22432961.324072,37.1,0.631161
197,12,20096681.099171,39.4,1.419291
197,19,24233399.702165,35.4,0.235241
197,25,21231329.88995,37.5,0.861929
197,29,23292209.679119,35.2,0.429433
198,2,21082004.345751,42.2,1.231908
198,5,22938431.660211,32.0,0.473342
198,6,22433505.31716,37.6,0.63104
198,12,20096604.824269,38.7,1.419436
198,19,24233952.088807,34.1,0.235151
198,25,21230894.175463,37.3,0.862065
198,29,23291747.876557,35.6,0.429522
199,2,21082247.91589,42.3,1.231784
199,5,22937879.291018,32.0,0.473449
199,6,22434049.886105,36.8,0.630918
199,12,20096526.123787,38.0,1.419581
199,19,24234504.161346,34.4,0.235062
199,25,21230466.80218,38.1,0.862201
199,29,23291291.134558,33.9,0.42961
200,2,21082491.206826,42.3,1.231661
200,5,22937335.629485,31.9,0.473556
200,6,22434597.159833,37.3,0.630798
200,12,20096453.722834,38.0,1.419726
200,19,24235058.031257,37.5,0.234973
200,25,21230045.449223,37.7,0.862336
200,29,23290836.504035,34.9,0.429698
201,2,21082735.597125,42.5,1.231537
201,5,22936792.456557,32.5,0.473662
201,6,22435140.140809,37.2,0.630676
201,12,20096376.732473,38.2,1.419872
201,19,24235618.985957,38.5,0.234883
201,25,21229616.208767,37.7,0.862473
201,29,23290378.767373,34.1,0.429786
202,2,21082978.661208,42.0,1.231412
202,5,22936235.68991,31.8,0.473769
202,6,22435686.01852,36.8,0.630554
202,12,20096301.434784,37.5,1.420017
202,19,24236173.553876,37.8,0.234793
202,25,21229185.048787,36.6,0.862608
202,29,23289916.144651,34.6,0.429875
203,2,21083219.980269,42.2,1.231289
203,5,22935690.353155,32.2,0.473876
203,6,22436228.022283,37.0,0.630433
203,12,20096224.374622,38.3,1.420163
203,19,24236727.563389,37.0,0.234704
203,25,21228758.12921,37.1,0.862744
203,29,23289460.728868,34.6,0.429963
204,2,21083461.700686,42.0,1.231165
204,5,22935143.306279,32.1,0.473982
204,6,22436774.318799,37.6,0.630312
204,12,20096147.105058,38.7,1.420308
204,19,24237284.661591,37.0,0.234614
204,25,21228328.923654,37.1,0.86288
204,29,23289001.543839,34.5,0.430051
205,2,21083706.911145,42.0,1.231041
205,5,22934592.874061,32.6,0.474089
205,6,22437320.528065,38.1,0.63019
205,12,20096073.639641,38.7,1.420453
205,19,24237833.854843,38.4,0.234525
205,25,21227902.597385,36.9,0.863016
205,29,23288540.439285,35.1,0.43014
206,2,21083948.055704,41.8,1.230918
206,5,22934046.15874,32.3,0.474196
206,6,22437860.856607,38.3,0.63007
206,12,20095996.108324,38.5,1.420599
206,19,24238390.987945,37.8,0.234436
206,25,21227474.892548,37.0,0.863151
206,29,23288087.553784,35.5,0.430227
207,2,21084189.514367,41.7,1.230794
207,5,22933492.271378,32.7,0.474303
207,6,22438407.816232,37.8,0.629948
207,12,20095917.076288,37.8,1.420743
207,19,24238941.228211,38.1,0.234346
207,25,21227040.923083,36.8,0.863287
207,29,23287626.012975,35.9,0.430316
208,2,21084430.763627,42.5,1.23067
208,5,22932944.753346,32.3,0.47441
208,6,22438951.233462,38.5,0.629827
208,12,20095841.447044,38.7,1.420888
208,19,24239496.057884,39.0,0.234257
208,25,21226616.324385,37.3,0.863422
208,29,23287171.138149,36.5,0.430403
209,2,21084675.101576,42.6,1.230547
209,5,22932397.060812,32.9,0.474516
209,6,22439496.273563,39.0,0.629705
209,12,20095766.219155,38.9,1.421034
209,19,24240051.288912,39.5,0.234168
209,25,21226184.937552,37.4,0.863559
209,29,23286714.867306,35.1,0.430492
210,2,21084917.554901,37.9,1.230422
210,5,22931842.056637,30.7,0.474623
210,6,22440040.022348,34.9,0.629583
210,12,20095692.07318,34.8,1.421179
210,19,24240607.619304,38.9,0.234078
210,25,21225755.557495,32.5,0.863694
210,29,23286253.989605,32.6,0.43058
211,2,21085159.118265,42.0,1.230299
211,5,22931299.058212,31.5,0.47473
211,6,22440586.475917,38.1,0.629462
211,12,20095610.458512,38.8,1.421324
211,19,24241155.852794,29.4,0.233989
211,25,21225329.178874,37.6,0.86383
211,29,23285797.038204,35.0,0.430668
212,2,21085403.683067,41.7,1.230175
212,5,22930748.887747,33.0,0.474836
212,6,22441129.038087,38.1,0.629341
212,12,20095533.066796,38.2,1.421469
212,19,24241713.718805,38.5,0.2339
212,25,21224901.613639,37.0,0.863966
212,29,23285339.214291,35.2,0.430756
213,2,21085645.822288,41.8,1.230051
213,5,22930194.756083,32.9,0.474944
213,6,22441673.362729,38.2,0.62922
213,12,20095459.514129,38.2,1.421614
213,19,24242267.623617,39.1,0.23381
213,25,21224471.902027,36.8,0.864101
213,29,23284884.322015,35.8,0.430844
214,2,21085886.914497,41.7,1.229927
214,5,22929648.00586,32.6,0.47505
214,6,22442216.954461,37.8,0.629099
214,12,20095381.633807,37.8,1.42176
214,19,24242819.312251,39.2,0.233721
214,25,21224044.17974,36.5,0.864237
214,29,23284424.805431,35.2,0.430932
215,2,21086130.187982,41.9,1.229803
215,5,22929094.135949,32.7,0.475157
215,6,22442760.022688,38.1,0.628977
215,12,20095305.324005,38.1,1.421904
215,19,24243370.774032,38.7,0.233632
215,25,21223614.415778,36.8,0.864372
215,29,23283967.156021,36.2,0.43102
216,2,21086374.997087,42.0,1.22968
216,5,22928545.693056,33.3,0.475264
216,6,22443302.218403,38.3,0.628856
216,12,20095228.159142,38.3,1.42205
216,19,24243923.771432,31.3,0.233543
216,25,21223184.093408,37.2,0.864509
216,29,23283508.948203,35.9,0.431109
217,2,21086618.04372,42.1,1.229556
217,5,22927994.283626,33.8,0.475371
217,6,22443847.74711,37.6,0.628735
217,12,20095157.607911,38.2,1.422195
217,19,24244482.806607,28.4,0.233454
217,25,21222758.901403,37.5,0.864644
217,29,23283053.48007,35.5,0.431196
218,2,21086857.931863,42.4,1.229431
218,5,22927443.921208,33.4,0.475478
218,6,22444394.619484,37.6,0.628613
218,12,20095078.820178,38.4,1.422339
218,19,24245029.975635,35.7,0.233364
218,25,21222330.236804,37.2,0.864779
218,29,23282591.258703,34.5,0.431285
219,2,21087097.837456,42.5,1.229308
219,5,22926897.46764,33.3,0.475584
219,6,22444934.319818,37.8,0.628492
219,12,20095000.346549,38.4,1.422486
219,19,24245583.164987,34.2,0.233275
219,25,21221899.51308,37.6,0.864916
219,29,23282133.539491,34.9,0.431373
220,2,21087342.105604,42.3,1.229184
220,5,22926343.091672,33.3,0.475691
220,6,22445476.585334,36.9,0.628371
220,12,20094922.047422,38.3,1.42263
220,19,24246133.230751,34.7,0.233185
220,25,21221468.649753,37.1,0.865051
220,29,23281675.698128,35.8,0.431461
221,2,21087580.126574,42.0,1.229061
221,5,22925793.566866,32.9,0.475798
221,6,22446021.293881,37.5,0.62825
221,12,20094844.376503,37.8,1.422775
221,19,24246684.51803,28.3,0.233096
221,25,21221039.932804,36.8,0.865187
221,29,23281218.799077,34.7,0.431548
222,2,21087825.127631,41.6,1.228936
222,5,22925242.314487,33.0,0.475905
222,6,22446565.199718,37.6,0.628128
222,12,20094765.60622,37.8,1.422921
222,19,24247236.817421,38.2,0.233006
222,25,21220607.708361,36.8,0.865323
222,29,23280750.906389,35.0,0.431638
223,2,21088063.462705,41.9,1.228813
223,5,22924690.695654,33.2,0.476012
223,6,22447103.329532,37.5,0.628007
223,12,20094691.564946,38.4,1.423066
223,19,24247787.232189,36.2,0.232917
223,25,21220180.806234,37.4,0.865459
223,29,23280288.615221,35.1,0.431726
224,2,21088303.874355,41.3,1.228689
224,5,22924136.057934,33.1,0.476118
224,6,22447642.035204,36.8,0.627886
224,12,20094609.095217,37.8,1.423211
224,19,24248335.832134,34.9,0.232828
224,25,21219749.384501,36.3,0.865594
224,29,23279830.512105,34.8,0.431813
225,2,21088543.622897,42.1,1.228564
225,5,22923580.757105,34.4,0.476225
225,6,22448185.766539,37.8,0.627764
225,12,20094531.668601,39.3,1.423356
225,19,24248887.66037,35.9,0.232739
225,25,21219315.798941,37.3,0.86573
225,29,23279368.151135,36.0,0.431902
226,2,21088786.093672,42.7,1.22844
226,5,22923027.271098,34.8,0.476332
226,6,22448728.922016,37.4,0.627642
226,12,20094453.648678,39.2,1.423501
226,19,24249444.61897,32.3,0.232649
226,25,21218884.621511,37.2,0.865866
226,29,23278904.900205,35.3,0.431991
227,2,21089025.999265,41.9,1.228316
227,5,22922484.708929,34.1,0.476439
227,6,22449276.108494,36.6,0.627521
227,12,20094379.066447,39.2,1.423646
227,19,24249993.899473,37.6,0.23256
227,25,21218458.382492,37.3,0.866002
227,29,23278449.589124,35.2,0.432078
228,2,21089269.900959,42.2,1.228193
228,5,22921933.875355,35.0,0.476545
228,6,22449817.414248,37.8,0.6274
228,12,20094300.400865,39.4,1.423792
228,19,24250544.802847,33.3,0.23247
228,25,21218028.060123,37.3,0.866138
228,29,23277990.473895,34.8,0.432167
229,2,21089510.103206,42.3,1.228068
229,5,22921379.028232,33.9,0.476652
229,6,22450358.911955,37.6,0.627278
229,12,20094225.225327,38.9,1.423936
229,19,24251100.086226,35.3,0.232381
229,25,21217597.336398,37.4,0.866274
229,29,23277526.175952,35.4,0.432255
230,2,21089753.167289,42.2,1.227945
230,5,22920827.932906,33.6,0.476759
230,6,22450896.971969,36.9,0.627158
230,12,20094146.612096,38.7,1.424082
230,19,24251645.929037,32.7,0.232292
230,25,21217165.862314,36.7,0.86641
230,29,23277065.315701,35.2,0.432343
231,2,21089992.427224,43.1,1.227821
231,5,22920280.537025,33.8,0.476865
231,6,22451443.809442,37.3,0.627036
231,12,20094069.586835,39.3,1.424227
231,19,24252197.268667,35.3,0.232202
231,25,21216735.679547,38.2,0.866546
231,29,23276603.966845,35.5,0.432432
232,2,21090239.278005,42.7,1.227696
232,5,22919736.840591,33.3,0.476971
232,6,22451989.250898,37.2,0.626915
232,12,20093992.648825,38.9,1.424374
232,19,24252755.012526,37.7,0.232112
232,25,21216304.100761,37.2,0.866683
232,29,23276143.298547,34.6,0.432521
233,2,21090481.452126,43.0,1.227572
233,5,22919189.35746,32.9,0.477078
233,6,22452536.01857,37.5,0.626794
233,12,20093920.05592,39.2,1.424519
233,19,24253309.877099,38.1,0.232023
233,25,21215876.535526,37.8,0.866819
233,29,23275685.457184,34.4,0.432609
234,2,21090726.732387,43.0,1.227448
234,5,22918643.497199,32.5,0.477184
234,6,22453081.093572,37.9,0.626672
234,12,20093841.861494,38.8,1.424664
234,19,24253862.14159,37.8,0.231934
234,24,23322070.299763,22.6,0.462408
234,25,21215446.684313,37.8,0.866955
234,29,23275226.237254,34.7,0.432698
235,2,21090970.128024,43.5,1.227325
235,5,22918095.43821,32.4,0.47729
235,6,22453625.191361,38.1,0.626552
235,12,20093772.880783,38.7,1.42481
235,19,24254421.211666,38.8,0.231844
235,24,23322699.240511,23.5,0.462294
235,25,21215019.747286,38.0,0.867092
235,29,23274769.91406,34.7,0.432786
236,2,21091215.146531,43.4,1.227201
236,5,22917548.112131,32.6,0.477397
236,6,22454170.597916,37.8,0.62643
236,12,20093695.314565,39.0,1.424955
236,19,24254971.120378,38.4,0.231755
236,24,23323264.435613,24.2,0.462182
236,25,21214594.729782,37.8,0.867227
236,29,23274306.226874,34.7,0.432874
237,2,21091460.618744,43.0,1.227076
237,5,22916998.534973,32.4,0.477503
237,6,22454715.86487,38.2,0.626309
237,12,20093623.611621,38.9,1.4251
237,19,24255525.391644,38.3,0.231665
237,24,23323840.572002,23.0,0.462069
237,25,21214160.289161,37.6,0.867364
237,29,23273850.479537,34.4,0.432963
238,2,21091705.951355,42.4,1.226954
238,5,22916457.787626,32.3,0.477609
238,6,22455259.474053,38.0,0.626188
238,12,20093552.344931,38.0,1.425247
238,19,24256081.599884,37.8,0.231577
238,24,23324463.94613,25.0,0.461955
238,25,21213735.271658,37.4,0.867501
238,29,23273393.388534,34.6,0.433051
239,2,21091949.626196,42.0,1.226829
239,5,22915913.91669,33.1,0.477715
239,6,22455807.44579,38.8,0.626067
239,12,20093480.048679,38.3,1.425392
239,19,24256642.153229,38.5,0.231487
239,25,21213311.004514,37.1,0.867637
239,29,23272934.360556,35.2,0.43314
240,2,21092195.97092,41.6,1.226704
240,5,22915368.213481,33.0,0.477822
240,6,22456355.068523,37.9,0.625945
240,12,20093403.21537,37.9,1.425537
240,19,24257190.980027,38.8,0.231397
240,25,21212881.92111,36.3,0.867773
240,29,23272466.590019,34.2,0.433229
241,2,21092441.827037,42.5,1.226581
241,5,22914825.61641,33.9,0.477928
241,6,22456899.829421,38.6,0.625824
241,12,20093332.489638,39.3,1.425683
241,19,24257748.933289,38.2,0.231308
241,25,21212457.741218,37.0,0.867909
241,29,23272014.542129,35.4,0.433317
242,2,21092687.944908,42.2,1.226458
242,5,22914285.671773,33.6,0.478034
242,6,22457445.445379,38.3,0.625704
242,12,20093259.931633,38.8,1.42583
242,19,24258306.520096,37.9,0.231219
242,25,21212031.414948,37.2,0.868046
242,29,23271562.145234,34.8,0.433405
243,2,21092935.929953,42.3,1.226333
243,5,22913738.03159,33.8,0.478141
243,6,22457994.429229,38.5,0.625582
243,12,20093189.851558,39.0,1.425975
243,19,24258866.305631,38.0,0.231129
243,25,21211605.19338,37.2,0.868182
243,29,23271099.330559,35.3,0.433494
244,2,21093182.641131,41.5,1.226209
244,5,22913192.066627,33.7,0.478247
244,6,22458543.308378,38.1,0.625461
244,12,20093117.258652,38.7,1.42612
244,19,24259419.390282,39.3,0.23104
244,25,21211177.645595,37.1,0.868318
244,29,23270648.399482,34.7,0.433582
245,2,21093429.265058,41.9,1.226085
245,5,22912649.329955,33.7,0.478353
245,6,22459086.428955,37.8,0.625339
245,12,20093047.614833,38.6,1.426266
245,19,24259978.093904,39.0,0.23095
245,25,21210749.434702,36.9,0.868456
245,29,23270181.518907,34.2,0.433672
246,2,21093674.318466,42.1,1.225961
246,5,22912104.150252,33.6,0.47846
246,6,22459636.686671,38.4,0.625218
246,12,20092973.695711,38.6,1.426411
246,19,24260533.761187,38.2,0.23086
246,25,21210325.37696,36.6,0.868591
246,29,23269725.980973,35.1,0.43376
247,2,21093925.182796,42.0,1.225837
247,5,22911562.355892,33.1,0.478566
247,6,22460183.140239,38.4,0.625097
247,12,20092903.179381,38.7,1.426557
247,19,24261092.796363,38.4,0.230771
247,25,21209900.795713,36.6,0.868728
247,29,23269271.123597,34.9,0.433849
248,2,21094171.54497,41.9,1.225713
248,5,22911024.767034,32.3,0.478672
248,6,22460734.095964,38.0,0.624976
248,12,20092834.14632,38.6,1.426703
248,19,24261645.252806,35.4,0.230682
248,25,21209473.213027,36.7,0.868865
248,29,23268812.96813,35.0,0.433937
249,2,21094423.299262,42.3,1.225589
249,5,22910478.767171,33.9,0.478778
249,6,22461284.144277,39.1,0.624855
249,12,20092764.834055,39.2,1.426848
249,19,24262208.493484,39.2,0.230592
249,25,21209048.945883,37.1,0.869001
249,29,23268360.518885,35.0,0.434026
250,2,21094670.167492,41.4,1.225465
250,5,22909938.979586,33.5,0.478884
250,6,22461833.494582,37.9,0.624733
250,12,20092696.621154,38.5,1.426994
250,19,24262767.441409,38.2,0.230503
250,25,21208625.184796,36.4,0.869138
250,29,23267901.665409,34.3,0.434115
251,2,21094919.810307,42.0,1.22534
251,5,22909392.979723,33.6,0.478991
251,6,22462380.838112,38.2,0.624612
251,12,20092625.179962,38.7,1.427139
251,19,24263327.959853,39.1,0.230413
251,25,21208202.38347,36.8,0.869274
251,29,23267441.69512,35.4,0.434204
252,2,21095169.679975,41.9,1.225216
252,5,22908855.879471,33.6,0.479096
252,6,22462931.689135,38.0,0.624491
252,12,20092554.873035,38.6,1.427285
252,19,24263886.611123,38.5,0.230323
252,25,21207776.214253,36.7,0.869411
252,29,23266987.657905,35.5,0.434292
253,2,21095419.183188,42.0,1.225093
253,5,22908316.929496,33.9,0.479202
253,6,22463480.079678,38.6,0.62437
253,12,20092490.795836,39.2,1.427431
253,19,24264446.396658,36.4,0.230234
253,25,21207350.882645,37.1,0.869548
253,29,23266534.737503,35.2,0.434381
254,2,21095669.192458,41.5,1.224969
254,5,22907776.688205,33.2,0.479308
254,6,22464028.697073,37.8,0.624249
254,12,20092420.925164,38.5,1.427577
254,19,24265003.407608,38.4,0.230145
254,25,21206926.057094,36.6,0.869684
254,29,23266081.136543,34.0,0.434469
255,2,21095920.283641,42.1,1.224844
255,5,22907239.640304,33.0,0.479415
255,6,22464585.882526,38.2,0.624127
255,12,20092356.341908,38.8,1.427722
255,19,24265566.281832,38.8,0.230055
255,25,21206508.333782,36.7,0.869821
255,29,23265621.724661,34.9,0.434558
256,2,21096171.828529,42.0,1.22472
256,5,22906701.52794,33.4,0.47952
256,6,22465132.423345,37.9,0.624006
256,12,20092286.209483,38.3,1.427869
256,19,24266126.608323,38.8,0.229966
256,25,21206081.745759,36.9,0.869958
256,29,23265164.267203,35.1,0.434648
257,2,21096421.471344,42.1,1.224597
257,5,22906163.607528,33.3,0.479626
257,6,22465685.141542,38.5,0.623886
257,12,20092221.364474,38.8,1.428014
257,19,24266682.345408,37.1,0.229877
257,24,23335812.974441,23.2,0.459807
257,25,21205661.335114,36.5,0.870095
257,29,23264708.79907,35.0,0.434736
258,2,21096677.169385,42.3,1.224472
258,5,22905622.772929,32.8,0.479733
258,6,22466237.94699,38.9,0.623764
258,12,20092154.198586,39.1,1.42816
258,19,24267245.93509,38.5,0.229787
258,24,23336401.744787,24.5,0.459694
258,25,21205235.322948,37.5,0.870232
258,29,23264262.090946,34.7,0.434825
259,2,21096925.154429,41.9,1.224348
259,5,22905091.588301,33.0,0.479838
259,6,22466789.024866,38.2,0.623643
259,12,20092086.788394,38.6,1.428306
259,19,24267806.90724,35.6,0.229697
259,25,21204819.257406,37.0,0.870369
259,29,23263797.461448,34.5,0.434914
260,2,21097176.332863,41.7,1.224225
260,5,22904550.404699,33.3,0.479944
260,6,22467336.682499,37.8,0.623522
260,12,20092020.180913,38.9,1.428452
260,19,24268369.851264,37.1,0.229608
260,25,21204394.100301,37.4,0.870505
260,29,23263346.216268,35.2,0.435003
261,2,21097426.394484,42.3,1.2241
261,5,22904008.715039,33.6,0.48005
261,6,22467890.430259,38.5,0.6234
261,12,20091952.159965,39.1,1.428597
261,19,24268933.493297,35.4,0.229518
261,25,21203972.328539,36.9,0.870642
261,29,23262889.666221,35.2,0.435091
262,2,21097678.689732,42.3,1.223976
262,5,22903473.761164,33.0,0.480156
262,6,22468441.036979,37.8,0.62328
262,12,20091889.391531,39.0,1.428744
262,19,24269489.195481,38.5,0.229429
262,25,21203549.195659,37.9,0.870779
262,29,23262433.866533,33.4,0.43518
263,2,21097934.387772,42.4,1.223852
263,5,22902941.320121,33.5,0.480262
263,6,22468999.827852,37.8,0.623158
263,12,20091823.412258,39.2,1.428889
263,19,24270057.880627,38.8,0.229339
263,25,21203127.964853,37.1,0.870916
263,29,23261985.361037,34.4,0.435269
264,2,21098189.614657,41.9,1.223728
264,5,22902404.184968,32.8,0.480368
264,6,22469551.533936,38.1,0.623038
264,12,20091763.243907,39.0,1.429035
264,19,24270620.074292,35.7,0.22925
264,25,21202707.746159,37.5,0.871053
264,29,23261526.769315,32.1,0.435359
265,2,21098440.810541,41.9,1.223604
265,5,22901867.224318,33.2,0.480474
265,6,22470102.838665,37.7,0.622917
265,12,20091695.467262,38.8,1.429181
265,19,24271180.679987,38.5,0.229161
265,25,21202288.923483,36.8,0.871189
265,29,23261079.747087,35.2,0.435447
266,2,21098695.53137,42.1,1.22348
266,5,22901333.491959,34.0,0.48058
266,6,22470659.744914,38.2,0.622795
266,12,20091633.309586,39.3,1.429327
266,19,24271746.276444,39.7,0.229071
266,25,21201866.715465,36.6,0.871326
266,29,23260626.652183,35.4,0.435536
267,2,21098950.40925,41.0,1.223356
267,5,22900803.511396,34.1,0.480685
267,6,22471211.119444,38.2,0.622675
267,12,20091568.307525,38.6,1.429474
267,19,24272308.138555,37.6,0.228982
267,25,21201448.259244,36.9,0.871464
267,29,23260172.527717,34.2,0.435625
268,2,21099204.344818,42.2,1.223231
268,5,22900261.490182,35.1,0.480792
268,6,22471767.83374,38.1,0.622553
268,12,20091507.458616,39.3,1.429618
268,19,24272869.948315,39.5,0.228892
268,25,21201027.953299,37.4,0.8716
268,29,23259721.334887,35.3,0.435714
269,2,21099459.3274,42.2,1.223107
269,5,22899726.536307,35.1,0.480898
269,6,22472323.22182,37.9,0.622432
269,12,20091442.578706,39.0,1.429764
269,19,24273437.638799,40.0,0.228802
269,24,23343038.935104,23.2,0.458449
269,25,21200608.118511,37.2,0.871736
269,29,23259270.927317,35.4,0.435802
270,2,21099715.374445,42.1,1.222983
270,5,22899194.723472,34.6,0.481004
270,6,22472881.454286,37.8,0.62231
270,12,20091382.933862,38.5,1.429909
270,19,24274003.968165,39.9,0.228713
270,25,21200194.112095,37.3,0.871873
270,29,23258820.956002,34.1,0.435891
271,2,21099968.018697,42.5,1.222859
271,5,22898660.711908,33.7,0.481109
271,6,22473435.673201,37.2,0.622189
271,12,20091318.68216,38.9,1.430055
271,19,24274568.081354,37.5,0.228623
271,25,21199771.014116,37.8,0.87201
271,29,23258368.78596,34.2,0.43598
272,2,21100223.89124,42.5,1.222734
272,5,22898120.627669,33.6,0.481216
272,6,22473988.653151,38.2,0.622068
272,12,20091256.489584,38.7,1.430201
272,19,24275129.158205,38.2,0.228534
272,25,21199353.570007,37.9,0.872147
272,29,23257915.062849,32.3,0.436069
273,2,21100482.74777,42.9,1.222611
273,5,22897591.327665,33.1,0.481322
273,6,22474543.692227,38.5,0.621948
273,12,20091192.761389,39.9,1.430346
273,19,24275688.681987,39.6,0.228445
273,24,23345446.785949,22.1,0.457996
273,25,21198942.076422,36.7,0.872283
273,29,23257469.995045,36.1,0.436157
274,2,21100733.542299,43.1,1.222486
274,5,22897050.667569,32.9,0.481428
274,6,22475097.282934,38.7,0.621826
274,12,20091132.976943,40.1,1.430492
274,19,24276256.37247,39.8,0.228355
274,24,23346060.632258,23.7,0.457884
274,25,21198520.740915,37.4,0.87242
274,29,23257011.787228,33.7,0.436246
275,2,21100990.514206,42.9,1.222362
275,5,22896517.406365,33.0,0.481535
275,6,22475655.864404,38.4,0.621705
275,12,20091070.662215,40.1,1.430637
275,19,24276818.234581,39.5,0.228266
275,24,23346655.475281,24.3,0.457771
275,25,21198104.082066,37.8,0.872556
275,29,23256561.55416,35.6,0.436335
276,2,21101247.172008,41.9,1.222237
276,5,22895979.904758,31.9,0.481641
276,6,22476213.800216,37.5,0.621583
276,12,20091009.254899,38.8,1.430782
276,19,24277381.876614,38.2,0.228176
276,25,21197685.311741,37.0,0.872693
276,29,23256113.101014,34.9,0.436423
277,2,21101499.065901,42.2,1.222114
277,5,22895439.454064,32.4,0.481747
277,6,22476762.487412,38.7,0.621463
277,12,20090945.160249,39.7,1.430928
277,19,24277940.458084,38.2,0.228088
277,25,21197265.965558,37.8,0.872829
277,29,23255661.977985,36.0,0.436512
278,2,21101752.635015,42.1,1.221989
278,5,22894897.066396,33.1,0.481854
278,6,22477315.25796,37.5,0.621341
278,12,20090882.147513,39.9,1.431072
278,19,24278502.529597,38.6,0.227998
278,25,21196846.811328,37.8,0.872965
278,29,23255208.028021,34.6,0.4366
279,2,21102010.845887,42.0,1.221866
279,5,22894365.934119,32.8,0.481961
279,6,22477874.153533,37.9,0.621221
279,12,20090825.573907,39.5,1.431218
279,19,24279063.222544,39.1,0.227909
279,25,21196435.282843,37.0,0.873102
279,29,23254760.831291,35.4,0.436689
280,2,21102266.543928,42.0,1.221741
280,5,22893826.861993,33.5,0.482067
280,6,22478428.145596,37.5,0.621099
280,12,20090759.891288,39.5,1.431363
280,19,24279626.498122,39.1,0.22782
280,25,21196018.536743,38.3,0.873237
280,29,23254313.215756,34.4,0.436777
281,2,21102523.603085,42.2,1.221617
281,5,22893287.685165,33.4,0.482174
281,6,22478984.388737,37.8,0.620978
281,12,20090700.979353,39.9,1.431507
281,19,24280192.042229,38.9,0.227731
281,25,21195603.465864,38.2,0.873374
281,29,23253864.256554,34.3,0.436865
282,2,21102777.486303,41.9,1.221493
282,5,22892748.927142,33.6,0.482281
282,6,22479539.27076,37.6,0.620857
282,12,20090640.078093,39.7,1.431652
282,19,24280753.817088,39.6,0.227641
282,25,21195187.609725,37.5,0.873509
282,29,23253416.641019,34.0,0.436953
283,2,21103034.196456,42.2,1.221369
283,5,22892212.978605,33.7,0.482387
283,6,22480092.477563,37.5,0.620737
283,12,20090581.113807,39.3,1.431798
283,19,24281312.730112,39.6,0.227553
283,25,21194774.283868,37.0,0.873646
283,29,23252966.739505,34.7,0.437042
284,2,21103292.093224,42.1,1.221244
284,5,22891669.823128,33.6,0.482495
284,6,22480653.467163,37.6,0.620614
284,12,20090520.613902,39.1,1.431941
284,19,24281877.000353,39.1,0.227464
284,25,21194364.552755,36.9,0.87378
284,29,23252522.805966,34.4,0.437129
285,2,21103547.983217,42.1,1.22112
285,5,22891134.275945,34.1,0.482602
285,6,22481209.762654,37.8,0.620493
285,12,20090459.032084,39.0,1.432086
285,19,24282439.595373,38.9,0.227374
285,25,21193950.406737,37.7,0.873916
285,29,23252074.789075,34.2,0.437217
286,2,21103803.82086,42.3,1.220995
286,5,22890595.046767,34.0,0.482708
286,6,22481768.675678,39.7,0.620372
286,12,20090401.882621,39.5,1.43223
286,19,24283006.605298,39.5,0.227285
286,24,23353286.331169,25.0,0.45653
286,25,21193532.002867,38.0,0.874052
286,29,23251629.721272,34.6,0.437306
287,2,21104062.642489,41.8,1.220871
287,5,22890063.321182,33.3,0.482815
287,6,22482325.79133,37.8,0.620251
287,12,20090339.026936,38.5,1.432376
287,19,24283568.51976,39.3,0.227196
287,25,21193120.788486,37.0,0.874189
287,29,23251178.633143,33.1,0.437394
288,2,21104322.33663,42.2,1.220747
288,5,22889524.964515,33.7,0.482922
288,6,22482881.685466,37.8,0.62013
288,12,20090285.140664,39.5,1.43252
288,19,24284133.994065,38.7,0.227107
288,24,23354503.972462,23.2,0.456304
288,25,21192713.744707,37.0,0.874324
288,29,23250734.40295,36.0,0.437482
289,2,21104577.441363,42.6,1.220624
289,5,22888988.021315,32.3,0.483029
289,6,22483438.382313,38.3,0.620009
289,12,20090223.663547,39.6,1.432665
289,19,24284694.303107,38.6,0.227018
289,25,21192297.016057,37.7,0.87446
289,29,23250290.696264,34.7,0.43757
290,2,21104839.944988,42.9,1.220499
290,5,22888454.864812,33.7,0.483136
290,6,22484001.273986,37.6,0.619888
290,12,20090167.78795,39.8,1.43281
290,19,24285258.084742,38.7,0.226929
290,25,21191884.074104,37.1,0.874597
290,29,23249843.290131,35.2,0.437659
291,2,21105096.306137,41.7,1.220374
291,5,22887910.48782,32.4,0.483243
291,6,22484556.819118,37.1,0.619766
291,12,20090112.959365,38.6,1.432954
291,19,24285826.525584,37.9,0.22684
291,25,21191472.807372,36.5,0.874732
291,29,23249395.430293,33.4,0.437747
292,2,21105353.976052,42.0,1.22025
292,5,22887377.017213,33.7,0.48335
292,6,22485116.691904,38.1,0.619645
292,12,20090049.562724,38.7,1.433098
292,19,24286387.288331,38.3,0.22675
292,25,21191062.849407,37.0,0.874867
292,29,23248949.507429,34.5,0.437835
293,2,21105611.680868,42.2,1.220125
293,5,22886840.562619,33.2,0.483458
293,6,22485678.379513,38.2,0.619523
293,12,20089994.280435,39.0,1.433242
293,19,24286950.773312,39.0,0.226661
293,25,21190655.299572,36.8,0.875002
293,29,23248504.78863,34.4,0.437923
294,2,21105874.533498,42.3,1.220001
294,5,22886302.380454,33.3,0.483564
294,6,22486232.633329,37.8,0.619403
294,12,20089937.863881,39.2,1.433387
294,19,24287517.940289,39.4,0.226572
294,25,21190238.536022,37.0,0.875139
294,29,23248061.937004,34.3,0.438011
295,2,21106134.541742,42.0,1.219877
295,5,22885767.635982,33.2,0.483671
295,6,22486795.437751,37.9,0.619281
295,12,20089883.680955,39.1,1.433531
295,19,24288084.025353,39.9,0.226483
295,25,21189832.713758,36.9,0.875274
295,29,23247620.132391,34.5,0.438099
296,2,21106393.22377,42.4,1.219754
296,5,22885236.95741,33.3,0.483778
296,6,22487351.803043,37.9,0.619161
296,12,20089831.469903,39.1,1.433677
296,19,24288646.690174,39.1,0.226395
296,25,21189424.343762,37.2,0.875411
296,29,23247172.778609,34.8,0.438187
297,2,21106650.47488,41.8,1.219629
297,5,22884693.156274,32.8,0.483886
297,6,22487913.647704,37.2,0.619039
297,12,20089775.733908,39.1,1.43382
297,19,24289210.62886,38.1,0.226306
297,25,21189012.762927,36.6,0.875546
297,29,23246727.030247,33.8,0.438275
298,2,21106912.908704,42.2,1.219504
298,5,22884157.539291,33.2,0.483992
298,6,22488470.763355,38.4,0.618918
298,12,20089714.9897,39.2,1.433965
298,19,24289777.342132,38.4,0.226217
298,25,21188599.454519,37.2,0.875682
298,29,23246285.243085,34.2,0.438363
299,2,21107172.498143,42.2,1.21938
299,5,22883621.189399,33.3,0.484099
299,6,22489031.665704,38.4,0.618797
299,12,20089658.9047,39.0,1.434109
299,19,24290339.745199,37.5,0.226128
299,25,21188191.416078,36.7,0.875817
299,29,23245840.03568,34.7,0.438451
300,2,21107431.302323,42.6,1.219255
300,5,22883086.130822,33.8,0.484207
300,6,22489593.841919,38.4,0.618676
300,12,20089605.018427,39.7,1.434253
300,19,24290904.329544,36.5,0.226038
300,25,21187780.777554,37.1,0.875953
300,29,23245395.508833,34.6,0.43854
301,2,21107692.985788,42.9,1.219131
301,5,22882546.465389,34.3,0.484314
301,6,22490152.022034,39.4,0.618554
301,12,20089547.118605,39.7,1.434397
301,19,24291466.697711,37.6,0.22595
301,25,21187373.611624,36.6,0.876088
301,29,23244954.175376,34.7,0.438627
302,2,21107954.616902,42.6,1.219007
302,5,22882013.361237,33.7,0.484421
302,6,22490713.465339,37.9,0.618433
302,12,20089491.888666,39.9,1.434541
302,19,24292037.127879,34.3,0.225861
302,25,21186967.318204,37.2,0.876223
302,29,23244512.807019,33.5,0.438715
303,2,21108214.293592,42.4,1.218882
303,5,22881471.706478,33.9,0.484529
303,6,22491271.436052,37.6,0.618312
303,12,20089436.780878,39.5,1.434686
303,19,24292600.490708,35.7,0.225772
303,25,21186554.568204,37.4,0.876359
303,29,23244068.576826,34.0,0.438803
304,2,21108473.813231,42.0,1.218758
304,5,22880935.269334,33.2,0.484636
304,6,22491829.528915,37.0,0.618191
304,12,20089381.516039,38.7,1.43483
304,19,24293161.899113,36.7,0.225683
304,25,21186145.238446,36.9,0.876495
304,29,23243621.484797,33.5,0.438891
305,2,21108730.523384,42.6,1.218634
305,5,22880395.132745,33.6,0.484743
305,6,22492386.033809,37.9,0.61807
305,12,20089321.051034,39.7,1.434974
305,19,24293719.904726,36.5,0.225594
305,25,21185735.821438,37.6,0.87663
305,29,23243175.474682,34.4,0.438979
306,2,21108988.332901,42.4,1.21851
306,5,22879864.17497,33.7,0.484849
306,6,22492944.231374,38.2,0.617949
306,12,20089264.058623,39.2,1.435119
306,19,24294285.588435,37.0,0.225505
306,25,21185323.28084,37.0,0.876766
306,29,23242731.767995,35.0,0.439067
307,2,21109248.341145,42.1,1.218385
307,5,22879317.145544,33.1,0.484958
307,6,22493503.441052,38.5,0.617827
307,12,20089207.799121,39.2,1.435262
307,19,24294845.39142,38.9,0.225416
307,25,21184913.549728,36.8,0.876901
307,29,23242283.3672,33.6,0.439155
308,2,21109503.288826,41.9,1.218261
308,5,22878780.341946,33.2,0.485065
308,6,22494063.575591,38.0,0.617706
308,12,20089149.759697,38.7,1.435406
308,19,24295405.822613,38.5,0.225328
308,25,21184504.464273,36.5,0.877036
308,29,23241843.098207,33.6,0.439242
309,2,21109761.063443,42.4,1.218137
309,5,22878240.676512,33.6,0.485172
309,6,22494616.660242,38.8,0.617586
309,12,20089093.657247,39.6,1.435551
309,19,24295967.597472,38.8,0.225239
309,25,21184091.609572,37.3,0.877172
309,29,23241395.465221,33.9,0.43933
310,2,21110018.506505,42.7,1.218012
310,5,22877697.660636,33.4,0.48528
310,6,22495173.287288,38.2,0.617464
310,12,20089034.221805,39.8,1.435694
310,19,24296524.835275,39.0,0.22515
310,25,21183682.314715,37.1,0.877307
310,29,23240946.889924,34.6,0.439418
311,2,21110279.33491,42.7,1.217888
311,5,22877152.655436,33.1,0.485388
311,6,22495730.908996,38.3,0.617343
311,12,20088977.875052,39.4,1.435838
311,19,24297086.051728,38.8,0.225061
311,25,21183272.810455,37.1,0.877442
311,29,23240505.922922,34.6,0.439506
312,2,21110535.0155,42.3,1.217763
312,5,22876611.489283,33.2,0.485496
312,6,22496290.572379,38.4,0.617221
312,12,20088919.364472,39.4,1.435981
312,19,24297647.826588,38.8,0.224972
312,25,21182863.829702,36.8,0.877577
312,29,23240058.865794,33.8,0.439593
313,2,21110792.144458,42.4,1.21764
313,5,22876075.366244,33.7,0.485602
313,6,22496841.19655,38.1,0.617101
313,12,20088864.099632,39.6,1.436127
313,19,24298207.140967,39.4,0.224884
313,25,21182450.032688,37.4,0.877713
313,29,23239610.290496,33.3,0.439682
314,2,21111048.540508,36.9,1.217516
314,5,22875531.303355,30.6,0.48571
314,6,22497401.592842,31.6,0.61698
314,12,20088806.025308,34.7,1.436269
314,19,24298765.722437,35.0,0.224796
314,24,23370227.543507,22.0,0.453375
314,25,21182040.59823,31.7,0.877847
314,29,23239175.064616,29.8,0.439768
315,2,21111307.850743,41.5,1.21739
315,5,22874987.781423,30.9,0.485818
315,6,22497963.402602,38.7,0.616858
315,12,20088745.769706,38.3,1.436412
315,19,24299329.643673,29.2,0.224706
315,25,21181631.966481,35.4,0.877982
315,29,23238728.077288,32.5,0.439856
316,2,21111569.063053,42.3,1.217265
316,5,22874445.254154,30.9,0.485926
316,6,22498516.295301,40.3,0.616737
316,12,20088690.086061,39.6,1.436557
316,19,24299887.928489,28.6,0.224618
316,25,21181219.844688,37.5,0.878119
316,29,23238280.566454,24.5,0.439945
317,2,21111821.253599,42.3,1.217141
317,5,22873905.693421,33.2,0.486033
317,6,22499072.486091,36.9,0.616616
317,12,20088634.402416,39.5,1.4367
317,19,24300446.213305,29.8,0.224529
317,25,21180812.190152,36.8,0.878253
317,29,23237824.662066,31.9,0.440032
318,2,21112082.116904,42.6,1.217017
318,5,22873366.097788,33.7,0.486141
318,6,22499630.142699,37.6,0.616495
318,12,20088578.369767,39.7,1.436844
318,19,24301006.260594,32.0,0.22444
318,25,21180402.110035,36.9,0.878388
318,29,23237386.399847,33.7,0.44012
319,2,21112338.861958,42.2,1.216892
319,5,22872823.605419,34.1,0.486248
319,6,22500192.371265,37.9,0.616373
319,12,20088518.829624,39.9,1.436987
319,19,24301566.412583,30.5,0.224351
319,25,21179987.335809,37.0,0.878524
319,29,23236939.238018,34.0,0.440208
320,2,21112598.782951,41.4,1.216768
320,5,22872289.070349,33.4,0.486355
320,6,22500748.788908,36.2,0.616253
320,12,20088464.576897,39.3,1.437132
320,19,24302131.520434,30.5,0.224262
320,25,21179577.8141,35.9,0.878659
320,29,23236500.940899,34.1,0.440295
321,2,21112857.953585,42.6,1.216644
321,5,22871752.894959,33.8,0.486462
321,6,22501304.752845,37.3,0.616132
321,12,20088408.963053,39.3,1.437277
321,19,24302694.080554,26.0,0.224174
321,24,23374427.20016,24.2,0.452588
321,25,21179168.746095,37.1,0.878795
321,29,23236050.795082,34.5,0.440384
322,2,21113117.124219,42.4,1.21652
322,5,22871214.014785,33.4,0.486569
322,6,22501864.014873,37.6,0.616011
322,12,20088354.553274,39.4,1.437421
322,19,24303254.843301,33.7,0.224085
322,25,21178759.381437,36.9,0.878931
322,29,23235605.762179,33.7,0.440472
323,2,21113376.87071,42.0,1.216395
323,5,22870675.710468,33.7,0.486676
323,6,22502421.444629,37.8,0.615889
323,12,20088297.107158,39.4,1.437565
323,19,24303818.275931,37.8,0.223996
323,25,21178351.185944,37.0,0.879066
323,29,23235157.989592,33.7,0.44056
324,2,21113637.175608,41.9,1.21627
324,5,22870142.170061,34.1,0.486784
324,6,22502984.842359,38.7,0.615768
324,12,20088244.128297,38.8,1.437709
324,19,24304376.874851,33.2,0.223907
324,25,21177943.252204,36.9,0.879202
324,29,23234711.979476,34.0,0.440648
325,2,21113895.072376,42.4,1.216146
325,5,22869599.014583,33.8,0.486891
325,6,22503541.626456,38.7,0.615647
325,12,20088192.039397,39.3,1.437852
325,19,24304943.256568,38.6,0.223818
325,24,23376849.063529,24.8,0.452138
325,25,21177536.505079,37.0,0.879337
325,29,23234272.25144,34.3,0.440735
326,2,21114157.366599,42.8,1.216021
326,5,22869057.883331,34.6,0.486999
326,6,22504098.637406,38.7,0.615525
326,12,20088132.673756,39.3,1.437995
326,19,24305505.938839,39.3,0.223729
326,24,23377436.036503,24.2,0.452026
326,25,21177128.780741,37.2,0.879472
326,29,23233826.747381,33.9,0.440823
327,2,21114419.765523,33.4,1.215896
327,5,22868520.137421,29.2,0.487107
327,12,20088086.587731,31.5,1.438139
327,19,24306071.133942,26.6,0.22364
327,24,23378045.904163,20.8,0.451914
327,25,21176715.14078,24.3,0.879608
327,29,23233379.253997,26.8,0.440912
328,2,21114678.342849,41.5,1.215771
328,5,22867976.475888,26.3,0.487215
328,6,22505225.799321,34.3,0.615282
328,12,20088026.489181,38.5,1.438281
328,19,24306632.8041,34.9,0.223551
328,24,23378649.245441,19.8,0.451803
328,25,21176314.187127,37.2,0.879742
328,29,23232933.313683,34.2,0.440999
329,2,21114937.094678,41.8,1.215648
329,5,22867437.752766,33.2,0.487323
329,6,22505778.936323,37.1,0.615162
329,12,20087973.143865,38.7,1.438426
329,19,24307188.94254,37.0,0.223464
329,24,23379244.646871,22.6,0.451689
329,25,21175907.980958,37.0,0.879877
329,29,23232498.035451,34.5,0.441086
330,2,21115200.366113,42.0,1.215524
330,5,22866908.679614,34.3,0.487429
330,6,22506338.704407,36.7,0.615042
330,12,20087915.942052,38.8,1.438571
330,19,24307752.602023,38.5,0.223375
330,24,23379885.645719,23.0,0.451575
330,25,21175497.324984,36.9,0.880014
330,29,23232051.693782,35.1,0.441174
331,2,21115460.653561,42.2,1.215399
331,5,22866368.822228,35.0,0.487537
331,6,22506902.677994,37.8,0.614919
331,12,20087863.242394,39.0,1.438714
331,19,24308318.687086,36.3,0.223285
331,24,23380461.031748,23.7,0.451464
331,25,21175088.780486,37.1,0.880149
331,29,23231611.372438,34.9,0.441262
332,2,21115722.494078,42.5,1.215274
332,5,22865826.015755,34.3,0.487645
332,6,22507464.609906,37.1,0.614798
332,12,20087811.502498,38.7,1.438857
332,19,24308878.821625,31.4,0.223197
332,24,23381088.908033,24.7,0.451351
332,25,21174685.680457,37.2,0.880283
332,29,23231169.306072,34.5,0.441349
333,2,21115984.927903,42.0,1.21515
333,5,22865293.400209,34.1,0.487752
333,6,22508024.430341,36.7,0.614678
333,12,20087761.839179,38.7,1.439001
333,19,24309440.439433,30.9,0.223109
333,25,21174281.655565,36.6,0.880419
333,29,23230726.314844,34.3,0.441437
334,2,21116247.065074,42.1,1.215025
334,5,22864755.689199,33.5,0.48786
334,6,22508584.861534,35.5,0.614556
334,12,20087704.113858,39.5,1.439144
334,19,24310014.656298,28.7,0.223019
334,25,21173876.758163,36.6,0.880554
334,29,23230286.935812,33.5,0.441525
335,2,21116510.144556,42.6,1.214901
335,5,22864220.124567,34.6,0.487967
335,6,22509143.530255,30.5,0.614435
335,12,20087656.893569,39.6,1.439289
335,19,24310570.637686,28.3,0.222931
335,25,21173467.410955,36.8,0.88069
335,29,23229838.604818,33.3,0.441613
336,2,21116774.445554,43.2,1.214776
336,5,22863683.984077,34.4,0.488074
336,6,22509709.440817,37.2,0.614314
336,12,20087605.223475,40.3,1.439432
336,19,24311139.532234,35.6,0.222842
336,25,21173063.473315,37.0,0.880825
336,29,23229400.499651,34.0,0.441701
337,2,21117037.141132,42.6,1.214651
337,5,22863145.62741,34.1,0.488182
337,6,22510270.72707,36.1,0.614193
337,12,20087550.726445,39.9,1.439575
337,19,24311700.521834,36.0,0.222753
337,25,21172660.024281,36.8,0.88096
337,29,23228956.583562,33.6,0.441789
338,2,21117299.644757,42.5,1.214527
338,5,22862609.190266,33.5,0.48829
338,6,22510836.323528,36.8,0.614071
338,12,20087502.371891,39.7,1.439719
338,19,24312266.118291,35.3,0.222664
338,25,21172255.510784,36.2,0.881095
338,29,23228518.775049,32.6,0.441876
339,2,21117565.516275,42.2,1.214402
339,5,22862074.916949,33.5,0.488397
339,6,22511396.876872,37.1,0.61395
339,12,20087450.143389,40.3,1.439863
339,19,24312829.673073,36.2,0.222576
339,25,21171850.735533,35.8,0.881231
339,29,23228075.64422,32.3,0.441965
340,2,21117827.339342,42.4,1.214278
340,5,22861536.298529,34.2,0.488504
340,6,22511958.198026,37.2,0.613829
340,12,20087400.794174,40.7,1.440006
340,19,24313392.494946,37.2,0.222487
340,25,21171442.225936,35.9,0.881366
340,29,23227632.356338,31.8,0.442053
341,2,21118089.738266,43.2,1.214153
341,5,22860998.552619,34.6,0.488612
341,6,22512521.595756,37.9,0.613708
341,12,20087350.502646,41.6,1.440149
341,19,24313959.190767,37.7,0.222398
341,25,21171039.091005,36.4,0.881501
341,29,23227190.534276,31.6,0.44214
342,2,21118355.574883,43.7,1.214028
342,5,22860467.839147,34.9,0.488719
342,6,22513086.319702,37.9,0.613587
342,12,20087301.258132,41.4,1.440294
342,19,24314530.196792,34.7,0.222309
342,25,21170631.576071,36.0,0.881637
342,29,23226755.447997,31.5,0.442228
343,2,21118621.586002,43.3,1.213904
343,5,22859928.016661,35.2,0.488827
343,6,22513645.232726,37.7,0.613465
343,12,20087248.907479,41.3,1.440437
343,19,24315096.61341,31.5,0.222221
343,24,23387744.421079,27.9,0.450115
343,25,21170233.868158,35.3,0.881772
343,29,23226312.177566,31.5,0.442316
344,2,21118884.648035,42.0,1.213779
344,5,22859395.418565,33.5,0.488935
344,6,22514213.778271,37.1,0.613344
344,12,20087202.57715,41.0,1.44058
344,19,24315658.876875,28.5,0.222132
344,24,23388351.636306,26.8,0.450003
344,25,21169834.08367,33.4,0.881907
344,29,23225872.815983,29.3,0.442403
345,2,21119148.72218,43.4,1.213654
345,5,22858861.145249,34.2,0.489042
345,6,22514777.647156,36.6,0.613222
345,12,20087150.959406,41.5,1.440724
345,19,24316224.22903,31.8,0.222042
345,24,23388955.658142,29.4,0.449891
345,25,21169429.308419,33.8,0.882043
345,29,23225420.366738,30.3,0.442492
346,2,21119415.274256,44.0,1.213529
346,5,22858323.940296,34.4,0.489149
346,6,22515339.788471,36.4,0.613101
346,12,20087100.318874,42.0,1.440867
346,19,24316789.668435,32.1,0.221954
346,24,23389567.567478,29.8,0.449778
346,25,21169015.930211,33.1,0.882179
346,29,23224986.903329,31.7,0.44258
347,2,21119678.650392,43.0,1.213404
347,5,22857793.174473,33.5,0.489256
347,6,22515902.959348,36.2,0.61298
347,12,20087051.022009,41.8,1.441012
347,19,24317357.341468,27.6,0.221865
347,24,23390174.206847,30.0,0.449666
347,25,21168617.070584,30.9,0.882315
347,29,23224536.478309,31.6,0.442669
348,2,21119943.178243,44.5,1.213278
348,5,22857255.760117,34.7,0.489364
348,6,22516472.691507,36.6,0.612858
348,12,20087000.468729,42.4,1.441154
348,19,24317928.556896,30.8,0.221775
348,24,23390771.231147,30.6,0.449555
348,25,21168210.672463,31.3,0.882449
348,29,23224098.006688,33.1,0.442756
349,2,21120208.770557,44.4,1.213154
349,5,22856722.097558,34.9,0.489471
349,6,22517040.451791,37.1,0.612737
349,12,20086950.683257,42.5,1.441297
349,19,24318490.349206,33.0,0.221686
349,24,23391388.759452,31.3,0.449442
349,25,21167805.007251,30.3,0.882585
349,29,23223658.470603,33.0,0.442844
350,2,21120476.962953,43.3,1.213028
350,5,22856189.237709,34.0,0.489579
350,6,22517604.844184,36.7,0.612615
350,12,20086904.684483,41.5,1.441441
350,19,24319064.025114,30.8,0.221597
350,24,23391984.928691,29.3,0.449331
350,25,21167407.665793,26.9,0.882721
350,29,23223208.656341,33.1,0.442934
351,2,21120742.974072,44.1,1.212903
351,5,22855655.418098,35.0,0.489686
351,6,22518170.667494,37.9,0.612493
351,12,20086853.817099,41.9,1.441584
351,19,24319626.532883,31.0,0.221508
351,24,23392591.51571,29.0,0.449218
351,25,21166999.45285,27.0,0.882856
351,29,23222773.46536,32.4,0.443021
352,2,21121010.241607,44.8,1.212777
352,5,22855121.040081,35.3,0.489793
352,6,22518740.399653,38.0,0.612371
352,12,20086807.800874,41.9,1.441727
352,19,24320205.583458,32.2,0.221418
352,24,23393193.932127,29.0,0.449107
352,25,21166589.774088,27.5,0.882992
352,29,23222325.727674,31.6,0.44311
353,2,21121281.452891,44.5,1.212651
353,5,22854588.80844,35.1,0.489901
353,6,22519313.2205,38.8,0.612249
353,12,20086763.931027,42.0,1.44187
353,19,24320778.386855,30.4,0.221328
353,24,23393805.126003,28.6,0.448995
353,25,21166192.764184,25.7,0.883127
353,29,23221890.030637,33.7,0.443198
354,2,21121548.99963,44.1,1.212526
354,5,22854057.711063,35.5,0.490009
354,6,22519884.453378,40.8,0.612127
354,12,20086718.49066,43.0,1.442013
354,19,24321349.916387,33.3,0.221239
354,24,23394414.417806,30.9,0.448884
354,25,21165798.668467,21.8,0.883262
354,29,23221445.573591,34.4,0.443287
355,2,21121818.745096,43.4,1.212401
355,5,22853526.997591,35.3,0.490116
355,6,22520452.178762,41.4,0.612005
355,12,20086671.357622,43.7,1.442156
355,19,24321922.458031,34.5,0.22115
355,24,23395017.235577,31.4,0.448772
355,25,21165416.054992,23.1,0.883398
355,29,23221008.096633,33.7,0.443375
356,2,21122087.54825,44.0,1.212275
356,5,22852995.970014,35.6,0.490223
356,6,22521023.481441,42.1,0.611883
356,12,20086623.578926,43.8,1.442299
356,19,24322496.744697,34.2,0.22106
356,24,23395623.31654,31.4,0.44866
356,25,21164997.441719,22.8,0.883534
356,29,23220565.210106,32.7,0.443463
357,2,21122360.87101,43.3,1.212149
357,5,22852456.845537,35.6,0.490332
357,6,22521595.394877,42.0,0.611761
357,12,20086582.413862,43.7,1.442441
357,19,24323067.471518,33.8,0.220971
357,24,23396232.992247,31.7,0.448549
357,25,21164589.926784,20.3,0.883668
357,29,23220128.309005,33.8,0.443551
358,2,21122629.37751,43.4,1.212024
358,5,22851931.803386,35.2,0.490439
358,6,22522168.198274,42.0,0.611639
358,12,20086536.449989,43.9,1.442584
358,19,24323640.257465,34.7,0.220881
358,24,23396837.869145,31.1,0.448437
358,25,21164203.090357,21.7,0.883803
358,29,23219693.205276,34.8,0.443639
359,2,21122899.873336,43.5,1.211898
359,5,22851394.37158,33.8,0.490547
359,6,22522737.284775,41.2,0.611517
359,12,20086492.772094,43.7,1.442728
359,19,24324217.458317,34.5,0.220792
359,24,23397452.832268,30.2,0.448325
359,25,21163795.470721,24.6,0.883939
359,29,23219251.400663,35.1,0.443728
360,2,21123173.824304,44.1,1.211772
360,5,22850865.769584,33.8,0.490654
360,6,22523311.030484,40.8,0.611395
360,12,20086450.420415,43.6,1.44287
360,19,24324789.982511,34.8,0.220703
360,24,23398055.056733,30.1,0.448214
360,25,21163400.868947,25.1,0.884075
360,29,23218810.939717,35.4,0.443817
361,2,21123442.854311,44.4,1.211647
361,5,22850334.951411,33.7,0.490762
361,6,22523880.448539,38.6,0.611273
361,12,20086406.480767,42.1,1.443013
361,19,24325355.212514,33.6,0.220614
361,24,23398661.050444,29.7,0.448103
361,25,21163001.677766,25.0,0.88421
361,29,23218371.874788,33.0,0.443905
362,2,21123711.831967,44.2,1.211521
362,5,22849807.082324,33.0,0.490869
362,6,22524451.332412,38.7,0.611151
362,12,20086359.487331,41.4,1.443157
362,19,24325936.583968,33.8,0.220524
362,24,23399268.21332,29.7,0.447991
362,25,21162603.324196,29.1,0.884345
362,29,23217934.240778,31.3,0.443993
363,2,21123984.962775,43.3,1.211395
363,5,22849272.878809,32.6,0.490977
363,6,22525021.256524,37.2,0.611029
363,12,20086317.537007,41.6,1.443299
363,19,24326512.510954,33.0,0.220434
363,24,23399868.413559,29.4,0.44788
363,25,21162206.10489,28.9,0.884481
363,29,23217494.163737,32.0,0.444082
364,2,21124254.010232,43.8,1.21127
364,5,22848739.669955,32.1,0.491085
364,6,22525593.379363,38.1,0.610907
364,12,20086271.189229,41.1,1.443442
364,19,24327078.334265,30.6,0.220345
364,24,23400484.301544,30.0,0.447767
364,25,21161801.818245,29.3,0.884616
364,29,23217055.692115,30.8,0.44417
365,2,21124522.900637,44.4,1.211144
365,5,22848213.214336,33.0,0.491192
365,6,22526165.3626,39.0,0.610785
365,12,20086225.59181,41.5,1.443585
365,19,24327648.520129,33.2,0.220256
365,24,23401086.875013,31.3,0.447656
365,25,21161410.863567,29.4,0.884752
365,29,23216605.982554,30.5,0.444259
366,2,21124791.738692,44.6,1.211019
366,5,22847680.720942,33.6,0.491299
366,6,22526732.80878,38.9,0.610663
366,12,20086182.960928,42.1,1.443729
366,19,24328226.453891,33.4,0.220166
366,24,23401692.676772,31.1,0.447544
366,25,21160998.288069,30.3,0.884888
366,29,23216168.208942,30.9,0.444347
367,2,21125062.164716,44.0,1.210893
367,5,22847145.889219,32.9,0.491407
367,6,22527303.012095,38.1,0.610542
367,12,20086134.990279,41.9,1.443871
367,19,24328789.76437,31.9,0.220077
367,24,23402301.863873,30.0,0.447433
367,25,21160609.148213,29.1,0.885023
367,29,23215729.615169,31.6,0.444435
368,2,21125331.037671,44.1,1.210767
368,5,22846610.115183,33.5,0.491514
368,6,22527872.273098,38.1,0.610419
368,12,20086090.579475,41.3,1.444014
368,19,24329369.827057,33.5,0.219988
368,24,23402903.198376,30.4,0.447321
368,25,21160198.701642,28.6,0.885158
368,29,23215288.595816,31.8,0.444523
369,2,21125600.294531,44.7,1.210642
369,5,22846080.745378,33.6,0.491622
369,6,22528443.436175,39.3,0.610298
369,12,20086045.069307,42.1,1.444157
369,19,24329938.28535,28.7,0.219898
369,24,23403511.844521,31.4,0.447209
369,25,21159797.922491,30.2,0.885294
369,29,23214845.552238,31.7,0.444612
370,2,21125869.551391,44.2,1.210516
370,5,22845545.651901,33.4,0.49173
370,6,22529011.877018,38.6,0.610176
370,12,20086001.042408,41.8,1.444299
370,19,24330508.226912,23.0,0.21981
370,24,23404114.156237,30.6,0.447098
370,25,21159410.039051,30.1,0.885428
370,29,23214406.993366,30.3,0.444699
371,2,21126137.499484,44.7,1.21039
371,5,22845007.748939,33.6,0.491838
371,6,22529582.010532,38.0,0.610054
371,12,20085954.799331,42.1,1.444441
371,19,24331056.181199,23.0,0.21972
371,24,23404713.972571,31.1,0.446987
371,25,21159005.24635,30.9,0.885564
371,29,23213962.623571,31.5,0.444788
372,2,21126406.058335,44.6,1.210265
372,5,22844480.665113,33.7,0.491945
372,6,22530152.161496,37.8,0.609932
372,12,20085908.573704,42.2,1.444585
372,19,24331650.308763,24.0,0.21963
372,24,23405323.700629,31.8,0.446875
372,25,21158604.973255,30.5,0.8857
372,29,23213517.974573,32.1,0.444877
373,2,21126675.960853,43.8,1.210139
373,5,22843948.014666,32.4,0.492053
373,6,22530722.748716,37.5,0.609809
373,12,20085864.005848,41.2,1.444727
373,19,24332209.221787,23.6,0.219541
373,24,23405922.46995,29.9,0.446764
373,25,21158202.134979,29.3,0.885835
373,29,23213077.967332,30.7,0.444965
374,2,21126946.543929,44.6,1.210013
374,5,22843414.858164,33.3,0.49216
374,6,22531290.439199,38.6,0.609688
374,12,20085818.914485,42.0,1.444871
374,19,24332798.184086,23.0,0.219451
374,24,23406530.330835,30.8,0.446652
374,25,21157798.493992,30.0,0.885971
374,29,23212635.36001,31.2,0.445054
375,2,21127216.254494,43.9,1.209887
375,5,22842879.328431,33.2,0.492268
375,6,22531863.53925,38.2,0.609565
375,12,20085772.322404,41.4,1.445013
375,19,24333338.599879,22.7,0.219362
375,24,23407140.896503,29.8,0.446541
375,25,21157394.870456,28.5,0.886106
375,29,23212196.347432,31.2,0.445142
376,2,21127487.430878,44.4,1.209761
376,5,22842348.248505,33.4,0.492375
376,6,22532432.695552,38.4,0.609443
376,12,20085728.121002,42.1,1.445156
376,19,24333934.455014,25.4,0.219272
376,24,23407736.437535,30.4,0.44643
376,25,21156990.601262,29.6,0.886243
376,29,23211751.017875,31.7,0.445232
377,2,21127755.309171,44.4,1.209635
377,5,22841813.905387,33.3,0.492483
377,6,22533000.386035,38.9,0.609321
377,12,20085681.232267,42.0,1.445298
377,19,24334496.73593,27.6,0.219183
377,24,23408335.608211,30.5,0.446318
377,25,21156594.743072,30.2,0.886378
377,29,23211307.206487,31.8,0.44532
378,2,21128025.054636,44.4,1.20951
378,5,22841285.285941,33.8,0.49259
378,6,22533570.222896,38.9,0.6092
378,12,20085637.990628,42.1,1.445442
378,19,24335075.262998,27.2,0.219094
378,24,23408952.804962,29.9,0.446206
378,25,21156197.750619,30.3,0.886513
378,29,23210868.839567,34.0,0.445408
379,2,21128295.794765,44.6,1.209384
379,5,22840754.380517,33.6,0.492697
379,6,22534143.741752,38.8,0.609077
379,12,20085593.335521,42.4,1.445584
379,19,24335639.794993,27.4,0.219004
379,24,23409556.006639,30.8,0.446095
379,25,21155794.859992,30.6,0.886649
379,29,23210423.667063,32.5,0.445497
380,2,21128565.993936,44.4,1.209259
380,5,22840219.339391,32.6,0.492805
380,6,22534709.547612,38.1,0.608956
380,12,20085549.657626,41.4,1.445728
380,19,24336213.38365,22.9,0.218915
380,24,23410163.780272,30.2,0.445983
380,25,21155393.22578,29.5,0.886785
380,29,23209983.363169,32.1,0.445585
381,2,21128834.395735,44.9,1.209133
381,5,22839686.688944,33.3,0.492913
381,6,22535281.932204,37.8,0.608834
381,12,20085506.276384,42.1,1.44587
381,24,23410768.552469,30.6,0.445872
381,25,21154996.687032,29.7,0.88692
381,29,23209542.745171,32.2,0.445673
382,2,21129101.750521,44.3,1.209007
382,5,22839156.307026,33.7,0.493019
382,6,22535849.692488,38.7,0.608712
382,12,20085457.363424,41.8,1.446013
382,24,23411371.073587,30.4,0.44576
382,25,21154588.317037,30.3,0.887057
382,29,23209093.611466,31.6,0.445763
383,2,21129371.530887,43.7,1.208881
383,5,22838626.83252,33.0,0.493126
383,6,22536417.452773,38.0,0.60859
383,12,20085410.54449,41.2,1.446156
383,19,24337941.984769,23.8,0.218646
383,24,23411972.42554,30.8,0.445648
383,25,21154192.249445,29.6,0.887192
383,29,23208649.573226,32.0,0.445851
384,2,21129639.40918,43.7,1.208755
384,5,22838084.375051,32.7,0.493234
384,6,22536987.219832,37.7,0.608467
384,12,20085362.748343,40.7,1.446298
384,24,23412576.953433,31.0,0.445537
384,25,21153786.496982,30.7,0.887327
384,29,23208208.745825,31.6,0.445939
385,2,21129904.059182,44.8,1.208629
385,5,22837555.476402,33.7,0.493341
385,6,22537553.461948,38.5,0.608346
385,12,20085315.301201,41.6,1.446442
385,19,24339061.800142,25.6,0.218467
385,24,23413177.083872,31.1,0.445425
385,25,21153381.407627,31.0,0.887464
385,29,23207757.186541,28.4,0.446029
386,2,21130170.593808,44.8,1.208504
386,5,22837017.660691,34.0,0.493449
386,6,22538122.181994,38.8,0.608224
386,12,20085271.850159,41.7,1.446584
386,19,24339626.628789,23.1,0.218378
386,24,23413786.270973,31.5,0.445314
386,25,21152983.595013,30.1,0.887599
386,29,23207310.809971,30.9,0.446116
387,2,21130441.61314,44.0,1.208378
387,5,22836483.753829,33.5,0.493557
387,6,22538690.308733,38.1,0.608102
387,12,20085223.896961,41.1,1.446726
387,19,24340201.037607,25.2,0.218289
387,24,23414382.579813,30.1,0.445203
387,25,21152584.892438,29.2,0.887734
387,29,23206877.329112,30.2,0.446205
388,2,21130706.699397,43.9,1.208252
388,5,22835947.194534,33.4,0.493664
388,6,22539258.487823,37.5,0.60798
388,12,20085177.810936,40.7,1.446869
388,19,24340748.241535,22.1,0.2182
388,24,23414990.632651,30.1,0.445091
388,25,21152175.737183,29.2,0.88787
388,29,23206426.520187,30.2,0.446293
389,2,21130975.048846,44.6,1.208126
389,5,22835412.101057,34.1,0.493771
389,6,22539823.927228,37.9,0.607858
389,12,20085130.171841,41.6,1.447012
389,19,24341338.56495,30.8,0.21811
389,24,23415592.944366,31.1,0.444979
389,25,21151772.549902,30.8,0.888006
389,29,23205976.566323,30.3,0.446382
390,2,21131243.974151,44.6,1.208
390,5,22834883.568862,33.8,0.493878
390,6,22540394.130543,38.2,0.607736
390,12,20085086.406695,41.6,1.447155
390,19,24341902.172083,28.0,0.218021
390,24,23416195.221181,30.4,0.444868
390,25,21151371.735851,30.3,0.888142
390,29,23205531.969675,30.8,0.446471
391,2,21131511.067184,44.5,1.207875
391,5,22834344.514186,34.2,0.493987
391,6,22540963.7231,37.2,0.607614
391,12,20085043.217406,41.3,1.447297
391,19,24342475.952693,28.8,0.217932
391,24,23416797.79465,28.2,0.444756
391,25,21150973.295029,29.6,0.888276
391,29,23205097.546504,26.5,0.446558
392,2,21131780.04484,42.3,1.207749
392,5,22833814.25442,32.4,0.494094
392,6,22541531.588086,34.2,0.607492
392,12,20084993.519186,40.6,1.447439
392,19,24343053.432748,30.1,0.217842
392,24,23417406.144141,29.8,0.444645
392,25,21150570.142649,30.0,0.888411
392,29,23204656.928507,32.5,0.446647
393,2,21132050.575566,44.2,1.207623
393,5,22833278.026679,33.5,0.494201
393,6,22542094.706612,37.5,0.607371
393,12,20084949.562088,41.6,1.447583
393,19,24343622.850803,27.8,0.217753
393,24,23418003.13354,29.8,0.444533
393,25,21150170.026606,29.9,0.888548
393,29,23204205.247071,32.8,0.446736
394,2,21132315.766525,44.3,1.207498
394,5,22832747.57496,34.4,0.494308
394,6,22542665.695187,38.0,0.607249
394,12,20084901.765941,41.7,1.447726
394,19,24344191.117144,25.7,0.217663
394,24,23418615.182477,29.9,0.444421
394,25,21149764.570797,29.7,0.888684
394,29,23203764.41967,30.4,0.446824
395,2,21132583.732069,44.6,1.207371
395,5,22832210.61431,34.4,0.494415
395,6,22543232.268856,37.6,0.607127
395,12,20084856.168522,41.9,1.447869
395,19,24344752.298696,29.0,0.217574
395,24,23419212.643032,30.5,0.44431
395,25,21149356.218252,30.6,0.88882
395,29,23203311.412018,31.7,0.446914
396,2,21132849.673387,44.1,1.207246
396,5,22831676.689998,33.9,0.494523
396,6,22543797.097504,36.2,0.607005
396,12,20084810.920108,41.4,1.448011
396,19,24345316.219933,22.1,0.217485
396,24,23419813.139925,28.7,0.444198
396,25,21148957.219023,29.5,0.888955
396,29,23202873.725656,30.1,0.447001
397,2,21133120.116861,44.9,1.207119
397,5,22831139.799148,34.1,0.494631
397,6,22544368.539785,37.7,0.606882
397,12,20084761.483641,41.4,1.448153
397,19,24345878.972005,23.9,0.217395
397,24,23420413.357614,30.0,0.444087
397,25,21148553.735088,30.1,0.889091
397,29,23202424.661753,31.4,0.447091
398,2,21133385.098418,44.4,1.206994
398,5,22830604.932524,33.3,0.494737
398,6,22544933.909389,36.3,0.606761
398,12,20084716.182876,41.3,1.448297
398,19,24346467.131593,24.3,0.217305
398,24,23421023.993083,31.1,0.443975
398,25,21148141.491145,29.4,0.889227
398,29,23201971.950754,30.0,0.44718
399,2,21133653.936472,44.6,1.206869
399,5,22830073.032438,33.4,0.494845
399,6,22545500.744812,37.2,0.60664
399,12,20084670.84721,41.9,1.448439
399,19,24347009.990417,26.5,0.217217
399,24,23421622.012045,30.2,0.443864
399,25,21147749.280051,29.9,0.889362
399,29,23201536.271168,30.0,0.447267
400,2,21133920.191895,44.6,1.206742
400,5,22829537.345653,33.8,0.494952
400,6,22546071.279681,39.2,0.606517
400,12,20084622.004051,42.2,1.448581
400,19,24347578.134606,26.0,0.217127
400,24,23422227.325198,30.5,0.443752
400,25,21147342.201371,31.3,0.889498
400,29,23201087.521368,31.3,0.447356
401,2,21134188.750746,43.3,1.206616
401,5,22829002.164925,32.7,0.49506
401,6,22546634.834463,36.8,0.606395
401,12,20084577.593246,40.7,1.448724
401,19,24348158.179844,30.0,0.217038
401,24,23422824.471649,29.1,0.443641
401,25,21146948.524459,27.3,0.889633
401,29,23200642.87237,30.8,0.447445
402,2,21134453.208795,44.5,1.206491
402,5,22828467.368102,32.3,0.495167
402,6,22547200.587972,35.9,0.606274
402,12,20084530.547459,41.5,1.448867
402,19,24348720.321158,24.1,0.216948
402,24,23423430.37811,29.6,0.443529
402,25,21146541.149126,30.3,0.88977
402,29,23200184.839055,31.4,0.447534
403,2,21134719.63872,44.5,1.206365
403,5,22827928.261076,33.1,0.495274
403,6,22547770.110729,36.9,0.606151
403,12,20084481.006291,41.6,1.449009
403,19,24349274.540074,22.6,0.216859
403,24,23424035.272457,31.1,0.443418
403,25,21146137.52559,30.7,0.889905
403,29,23199739.858503,31.5,0.447622
404,2,21134987.691515,44.1,1.206239
404,5,22827390.462815,33.2,0.495382
404,6,22548333.142004,35.4,0.606029
404,12,20084433.367197,41.2,1.449151
404,19,24349871.477122,21.7,0.21677
404,24,23424631.302095,30.6,0.443307
404,25,21145734.652413,29.0,0.89004
404,29,23199299.188154,31.8,0.44771
405,2,21135254.086539,43.3,1.206113
405,5,22826853.711568,32.5,0.49549
405,6,22548899.035115,38.1,0.605908
405,12,20084386.181808,40.7,1.449294
405,24,23425230.455321,29.0,0.443195
405,25,21145335.792786,28.5,0.890176
405,29,23198849.077238,30.0,0.447799
406,2,21135518.003632,44.6,1.205987
406,5,22826325.284074,33.6,0.495596
406,6,22549467.842412,38.5,0.605786
406,12,20084338.926618,41.8,1.449437
406,19,24350982.183481,31.0,0.216591
406,24,23425831.056915,30.0,0.443083
406,25,21144919.186287,29.3,0.890312
406,29,23198406.08601,32.6,0.447888
407,2,21135786.35308,45.0,1.205861
407,5,22825788.689879,33.8,0.495704
407,6,22550035.393294,35.5,0.605664
407,12,20084293.38155,41.7,1.449579
407,19,24351554.829827,28.0,0.216501
407,24,23426439.057401,29.3,0.442972
407,25,21144521.705228,30.3,0.890448
407,29,23197956.742903,33.1,0.447976
408,2,21136052.38165,44.5,1.205735
408,5,22825253.386999,32.7,0.495811
408,6,22550601.809912,37.2,0.605541
408,12,20084249.145248,41.4,1.449721
408,19,24352130.844064,30.2,0.216412
408,24,23427031.579545,29.1,0.44286
408,25,21144115.010453,30.2,0.890583
408,29,23197516.47391,32.8,0.448065
409,2,21136321.429107,43.8,1.20561
409,5,22824721.382211,32.8,0.495918
409,6,22551169.151391,39.0,0.60542
409,12,20084200.38934,41.2,1.449865
409,19,24352682.288395,28.6,0.216323
409,24,23427643.279477,29.5,0.442749
409,25,21143713.707796,29.8,0.89072
409,29,23197063.605859,31.3,0.448154
410,2,21136584.368988,44.2,1.205485
410,5,22824181.15837,32.6,0.496026
410,6,22551728.587922,36.7,0.605299
410,12,20084155.140925,41.6,1.450007
410,19,24353244.412259,23.9,0.216234
410,24,23428234.492854,28.9,0.442637
410,25,21143314.708567,30.4,0.890855
410,29,23196618.1367,31.3,0.448242
411,2,21136852.194929,44.6,1.205358
411,5,22823649.153582,32.9,0.496133
411,6,22552300.71076,38.5,0.605176
411,12,20084107.606532,42.1,1.450149
411,19,24353819.239881,28.2,0.216144
411,24,23428833.890384,28.6,0.442526
411,25,21142909.811165,30.9,0.890991
411,29,23196172.458139,31.7,0.44833
412,2,21137121.573941,44.2,1.205232
412,5,22823104.287983,32.7,0.496242
412,6,22552865.068252,38.4,0.605054
412,12,20084060.089589,41.8,1.450291
412,19,24354381.817451,28.7,0.216055
412,24,23429439.936446,29.2,0.442415
412,25,21142508.246754,30.8,0.891126
412,29,23195725.924518,31.4,0.448419
413,2,21137387.236056,44.2,1.205106
413,5,22822578.216269,33.1,0.496348
413,6,22553433.840649,38.7,0.604932
413,12,20084014.876075,41.7,1.450434
413,24,23430044.970395,29.3,0.442302
413,25,21142103.279551,29.9,0.891262
413,29,23195278.989541,33.4,0.448508
414,2,21137653.962634,44.3,1.204981
414,5,22822040.592511,32.9,0.496456
414,6,22553997.657184,38.9,0.604811
414,12,20083971.913639,41.8,1.450577
414,24,23430644.472626,31.1,0.442191
414,25,21141703.26821,30.0,0.891398
414,29,23194830.710897,34.2,0.448596
415,2,21137923.079892,44.6,1.204854
415,5,22821507.453458,33.2,0.496563
415,6,22554568.052452,39.3,0.604689
415,12,20083924.7457,41.6,1.450719
415,24,23431242.753341,31.3,0.44208
415,25,21141290.047054,29.3,0.891534
415,29,23194382.711457,33.8,0.448686
416,2,21138192.127349,44.3,1.204728
416,5,22820970.66731,34.0,0.49667
416,6,22555134.50397,38.9,0.604566
416,12,20083878.712026,41.7,1.450861
416,19,24356663.834776,23.5,0.215697
416,24,23431841.278359,31.3,0.441969
416,25,21140894.764722,29.8,0.89167
416,29,23193935.863732,33.2,0.448774
417,2,21138462.099667,43.8,1.204602
417,5,22820441.995514,33.7,0.496777
417,6,22555702.473657,38.5,0.604445
417,12,20083833.603213,41.5,1.451004
417,19,24357232.694424,25.0,0.215608
417,24,23432448.80769,30.9,0.441857
417,25,21140489.90222,28.9,0.891806
417,29,23193495.926292,32.9,0.448863
418,2,21138725.388553,43.8,1.204476
418,5,22819903.045539,33.7,0.496885
418,6,22556270.652746,39.6,0.604323
418,12,20083785.719816,42.2,1.451146
418,19,24357782.289031,31.3,0.215518
418,24,23433046.076292,31.0,0.441746
418,25,21140092.141957,29.5,0.891941
418,29,23193042.726687,33.3,0.448951
419,2,21138992.394334,43.8,1.204349
419,5,22819364.496919,34.1,0.496991
419,6,22556832.357805,39.4,0.604199
419,12,20083740.331799,42.4,1.451288
419,19,24358435.119127,28.2,0.215428
419,24,23433647.637648,31.5,0.441634
419,25,21139683.126303,29.0,0.892077
419,29,23192597.728685,33.8,0.44904
420,2,21139258.545055,44.1,1.204223
420,5,22818829.612845,34.2,0.497098
420,6,22557400.9906,39.2,0.604078
420,12,20083694.996134,42.1,1.451431
420,19,24358967.787024,31.3,0.215338
420,24,23434257.348256,31.3,0.441522
420,25,21139275.628818,27.1,0.892214
420,29,23192145.558643,33.3,0.449129
421,2,21139526.074343,43.8,1.204098
421,5,22818295.182476,35.1,0.497206
421,6,22557965.906499,38.7,0.603957
421,12,20083646.536879,41.4,1.451574
421,19,24359481.730837,30.3,0.21525
421,24,23434850.446257,28.3,0.441411
421,25,21138866.822567,28.5,0.89235
421,29,23191705.865506,23.3,0.449218
422,2,21139793.341878,39.4,1.203973
422,5,22817756.616406,31.0,0.497314
422,6,22558529.077376,37.6,0.603836
422,12,20083600.224001,36.1,1.451716
422,19,24360053.609372,31.1,0.215162
422,24,23435457.678934,21.1,0.441299
422,25,21138480.544548,27.5,0.892484
422,29,23191251.845741,26.8,0.449305
423,2,21140062.685989,37.4,1.203847
423,5,22817222.796795,28.0,0.497422
423,6,22559098.792085,30.5,0.603714
423,12,20083557.488418,35.8,1.451858
423,19,24360619.136029,28.4,0.215072
423,24,23436057.093913,27.7,0.441188
423,25,21138086.745484,25.9,0.89262
423,29,23190804.683912,31.7,0.449394
424,2,21140327.109139,41.1,1.203712
424,5,22816689.483241,30.6,0.497528
424,6,22559681.315254,26.4,0.603583
424,12,20083510.739285,40.1,1.451995
424,19,24361324.264427,25.0,0.214975
424,24,23436647.103225,29.9,0.441081
424,25,21137658.656742,26.1,0.892753
424,29,23190364.60687,32.1,0.449483
425,2,21140591.863842,44.0,1.203593
425,5,22816151.70243,34.1,0.497635
425,6,22560232.672333,39.0,0.603468
425,12,20083459.505445,41.3,1.452142
425,19,24361878.012187,23.4,0.214892
425,24,23437257.511841,26.9,0.440965
425,25,21137268.068519,27.6,0.892892
425,29,23189906.259451,32.3,0.449572
426,2,21140861.085801,44.2,1.203468
426,5,22815612.979308,34.7,0.497744
426,6,22560796.279466,37.5,0.603348
426,12,20083415.426195,41.9,1.452285
426,19,24362321.701423,21.8,0.214804
426,24,23437852.599167,27.8,0.440854
426,25,21136860.344181,28.2,0.893028
426,29,23189460.755392,33.1,0.44966
427,2,21141126.20696,43.7,1.203343
427,5,22815071.656104,34.4,0.497853
427,6,22561364.79011,37.2,0.603226
427,12,20083371.76575,40.8,1.452425
427,24,23438450.199324,30.9,0.440743
427,25,21136463.52623,28.5,0.893161
427,29,23189021.079706,32.6,0.449747
428,2,21141394.050352,43.8,1.203217
428,5,22814540.558727,34.0,0.497959
428,6,22561927.036125,37.6,0.603105
428,12,20083326.04618,41.2,1.452569
428,19,24363439.579822,24.3,0.214626
428,24,23439055.02387,30.4,0.440631
428,25,21136054.754879,26.6,0.893299
428,29,23188569.729824,32.4,0.449837
429,2,21141661.63199,43.9,1.203091
429,5,22814002.585964,34.6,0.498067
429,6,22562495.005812,38.3,0.602983
429,12,20083278.843341,41.9,1.45271
429,19,24364000.656673,27.5,0.214537
429,24,23439653.566339,30.8,0.44052
429,25,21135669.680924,28.0,0.893433
429,29,23188122.899549,32.8,0.449925
430,2,21141927.363906,44.3,1.202965
430,5,22813463.095033,34.4,0.498175
430,6,22563060.846573,39.3,0.60286
430,12,20083235.182896,42.0,1.452852
430,19,24364571.575446,27.1,0.214448
430,24,23440247.868404,30.5,0.440409
430,25,21135250.99785,28.1,0.893569
430,29,23187679.01836,32.7,0.450013
431,2,21142193.305225,44.6,1.202839
431,5,22812930.671439,35.2,0.498282
431,6,22563628.659208,39.7,0.602739
431,12,20083189.341174,42.6,1.452994
431,19,24365138.812224,27.5,0.214358
431,24,23440854.071518,31.3,0.440297
431,25,21134857.984046,28.7,0.893704
431,29,23187232.345137,32.4,0.450101
432,2,21142464.184955,44.1,1.202713
432,5,22812393.030231,34.8,0.49839
432,6,22564195.145626,39.2,0.602617
432,12,20083145.139773,42.1,1.453136
432,19,24365696.29433,27.6,0.21427
432,24,23441455.929528,31.1,0.440185
432,25,21134453.435648,28.2,0.89384
432,29,23186791.238533,32.8,0.45019
433,2,21142732.202849,43.9,1.202588
433,5,22811858.495161,34.6,0.498497
433,6,22564761.457543,39.2,0.602496
433,12,20083101.374627,41.5,1.453278
433,24,23442062.115192,30.6,0.440074
433,25,21134057.420407,28.2,0.893975
433,29,23186345.43782,32.4,0.450278
434,2,21143001.285206,44.0,1.202462
434,5,22811322.319771,34.1,0.498605
434,6,22565325.832485,38.2,0.602374
434,12,20083057.155775,41.3,1.453421
434,24,23442662.455033,30.8,0.439962
434,25,21133653.151213,28.8,0.894111
434,29,23185896.216865,32.5,0.450367
435,2,21143268.692343,43.7,1.202336
435,5,22810792.286857,34.0,0.498712
435,6,22565896.0358,38.4,0.602252
435,12,20083009.795884,40.9,1.453562
435,19,24367374.394519,23.9,0.214002
435,24,23443256.949051,30.9,0.439851
435,25,21133250.836443,27.3,0.894247
435,29,23185455.80827,32.5,0.450455
436,2,21143535.837726,43.8,1.20221
436,5,22810251.487159,33.3,0.49882
436,6,22566461.754409,39.0,0.60213
436,12,20082966.641495,41.5,1.453705
436,19,24367956.917688,29.2,0.213913
436,24,23443861.651446,30.6,0.43974
436,25,21132842.239594,27.6,0.894383
436,29,23185003.742929,32.6,0.450544
437,2,21143804.187175,44.2,1.202083
437,5,22809716.393682,33.3,0.498927
437,6,22567031.69597,39.8,0.602008
437,12,20082921.410531,41.7,1.453846
437,19,24368519.65231,30.1,0.213823
437,24,23444457.36698,27.5,0.439629
437,25,21132440.849686,28.2,0.894519
437,29,23184551.398385,32.9,0.450633
438,2,21144071.541961,44.1,1.201958
438,5,22809181.806262,33.7,0.499034
438,6,22567596.751471,39.4,0.601886
438,12,20082878.186342,41.7,1.453989
438,19,24369090.099928,26.1,0.213734
438,24,23445067.688345,29.2,0.439517
438,25,21132043.263925,28.8,0.894654
438,29,23184109.45417,31.7,0.450721
439,2,21144340.135712,44.1,1.201832
439,5,22808649.365218,33.7,0.499141
439,6,22568166.344028,38.7,0.601765
439,12,20082834.997053,41.3,1.454131
439,19,24369655.801086,24.2,0.213645
439,24,23445672.949147,30.0,0.439405
439,25,21131635.522137,28.0,0.89479
439,29,23183663.636007,30.8,0.45081
440,2,21144608.886516,44.1,1.201706
440,5,22808110.764248,34.0,0.499249
440,6,22568728.886697,39.3,0.601643
440,12,20082792.27892,41.2,1.454273
440,19,24370231.239466,24.7,0.213556
440,24,23446266.082048,29.4,0.439294
440,25,21131244.148654,28.7,0.894926
440,29,23183213.786844,31.4,0.450899
441,2,21144873.920423,44.4,1.201579
441,5,22807572.965987,34.5,0.499356
441,6,22569297.920848,38.7,0.601521
441,12,20082746.123094,41.8,1.454415
441,19,24370782.87575,29.1,0.213467
441,24,23446868.07966,31.2,0.439183
441,25,21130829.845584,28.8,0.895062
441,29,23182762.018157,31.7,0.450987
442,2,21145146.597525,44.2,1.201453
442,5,22807038.884623,34.3,0.499464
442,6,22569864.075712,37.9,0.601399
442,12,20082699.810216,42.1,1.454556
442,19,24371354.736835,31.2,0.213377
442,24,23447471.124285,31.0,0.439071
442,25,21130435.174009,27.8,0.895197
442,29,23182326.28622,32.7,0.451075
443,2,21145412.922748,44.2,1.201328
443,5,22806500.562856,33.5,0.499572
443,6,22570431.103087,38.0,0.601277
443,12,20082658.540451,41.4,1.454698
443,19,24371918.448669,31.3,0.213289
443,24,23448069.317749,30.9,0.43896
443,25,21130042.56156,28.6,0.895332
443,29,23181879.10694,32.5,0.451163
444,2,21145681.900404,43.8,1.201202
444,5,22805968.505717,33.4,0.499679
444,6,22570996.874047,36.9,0.601156
444,12,20082616.939132,40.7,1.45484
444,19,24372485.12704,30.3,0.2132
444,24,23448670.774403,30.4,0.438848
444,25,21129637.315154,26.9,0.895468
444,29,23181430.077937,32.1,0.451252
445,2,21145948.714234,43.6,1.201076
445,5,22805427.374465,33.9,0.499787
445,6,22571564.686682,38.2,0.601034
445,12,20082573.173986,41.1,1.454982
445,19,24373044.249466,30.1,0.213111
445,24,23449272.457911,30.4,0.438737
445,25,21129222.087223,27.1,0.895603
445,29,23180984.591329,32.6,0.451341
446,2,21146213.992444,44.7,1.20095
446,5,22804887.429828,34.9,0.499895
446,6,22572130.963698,38.6,0.600912
446,12,20082526.965809,41.7,1.455123
446,19,24373606.024326,29.4,0.213021
446,24,23449872.902453,31.1,0.438626
446,25,21128835.320597,27.7,0.895739
446,29,23180532.473637,32.5,0.451429
447,2,21146481.678784,43.9,1.200824
447,5,22804350.765831,34.2,0.500003
447,6,22572694.53593,38.0,0.60079
447,12,20082480.775083,41.1,1.455264
447,19,24374174.988676,30.6,0.212932
447,24,23450465.860852,30.3,0.438515
447,25,21128437.769736,28.3,0.895874
447,29,23180089.342808,32.5,0.451517
448,2,21146746.468388,45.1,1.200697
448,5,22803812.409164,34.4,0.500111
448,6,22573262.104262,40.9,0.600668
448,12,20082434.374954,41.7,1.455405
448,19,24374732.680184,32.2,0.212843
448,24,23451048.436371,24.9,0.438404
448,25,21128037.32214,29.6,0.896008
448,29,23179646.31668,31.7,0.451605
449,2,21147011.816399,44.9,1.200572
449,5,22803271.906119,35.3,0.500219
449,6,22573823.948922,35.6,0.600547
449,12,20082387.346617,41.4,1.455547
449,19,24375288.818624,25.1,0.212754
449,24,23451658.548334,29.2,0.438292
449,25,21127629.039395,31.4,0.896144
449,29,23179197.566881,28.5,0.451693
450,2,21147276.937557,45.0,1.200446
450,5,22802728.785542,35.1,0.500327
450,6,22574386.770795,38.4,0.600425
450,12,20082341.278042,41.0,1.455688
450,19,24375849.54647,23.8,0.212666
450,24,23452262.133916,30.6,0.438181
450,25,21127226.811876,30.2,0.896279
450,29,23178750.387601,30.6,0.451781
451,2,21147542.320468,44.7,1.20032
451,5,22802184.740104,35.4,0.500435
451,6,22574948.94701,38.2,0.600303
451,12,20082292.19058,41.0,1.455829
451,19,24376418.615521,25.3,0.212577
451,24,23452856.994388,31.8,0.43807
451,25,21126827.864998,28.9,0.896414
451,29,23178302.859317,31.5,0.451869
452,2,21147809.064497,43.9,1.200194
452,5,22801651.042645,35.1,0.500542
452,6,22575516.096536,38.2,0.600181
452,12,20082247.151568,41.3,1.455972
452,24,23453460.702121,31.8,0.437958
452,25,21126416.772769,28.8,0.89655
452,29,23177850.095967,32.0,0.451958
453,2,21148074.778962,44.8,1.200069
453,5,22801109.998644,35.5,0.50065
453,6,22576078.883509,39.4,0.60006
453,12,20082202.566261,41.8,1.456113
453,19,24377535.673759,24.6,0.212399
453,24,23454059.768096,31.4,0.437846
453,25,21126029.238333,29.2,0.896685
453,29,23177405.900675,31.6,0.452045
454,2,21148342.2908,44.7,1.199942
454,5,22800572.584288,35.4,0.500758
454,6,22576644.706819,37.9,0.599938
454,12,20082156.79434,41.5,1.456255
454,19,24378089.49132,22.6,0.21231
454,24,23454653.459404,30.2,0.437735
454,25,21125609.927051,28.6,0.896821
454,29,23176958.110637,33.0,0.452135
455,2,21148609.331482,44.3,1.199816
455,5,22800031.976542,35.4,0.500866
455,6,22577207.633393,39.5,0.599817
455,12,20082111.458675,41.3,1.456396
455,24,23455251.79247,30.3,0.437624
455,25,21125203.040324,27.9,0.896956
455,29,23176517.056384,32.5,0.452222
456,2,21148874.714394,45.1,1.199689
456,5,22799492.101706,35.8,0.500974
456,6,22577775.795032,39.2,0.599694
456,12,20082066.24516,41.9,1.456536
456,24,23455839.131899,30.7,0.437514
456,25,21124809.764767,29.5,0.897091
456,29,23176062.32116,32.8,0.452311
457,2,21149139.626149,44.7,1.199565
457,5,22798956.27532,35.2,0.501081
457,6,22578338.110849,39.0,0.599573
457,12,20082022.061209,41.7,1.456679
457,24,23456452.402351,31.1,0.437401
457,25,21124405.844577,29.0,0.897227
457,29,23175617.619811,32.6,0.452399
458,2,21149405.445316,45.2,1.199438
458,5,22798419.558973,35.0,0.501188
458,6,22578904.928821,38.8,0.599451
458,12,20081976.41144,41.9,1.456821
458,24,23457057.000045,32.4,0.437289
458,25,21124014.523444,29.6,0.897362
458,29,23175165.432319,33.4,0.452487
459,2,21149671.805439,44.5,1.199312
459,5,22797876.473296,34.4,0.501296
459,6,22579468.972209,39.2,0.599329
459,12,20081932.192588,41.3,1.456962
459,19,24380918.55552,24.3,0.211865
459,24,23457646.520751,30.0,0.437179
459,25,21123599.155911,29.1,0.897498
459,29,23174716.787221,33.1,0.452576
460,2,21149937.799108,44.8,1.199186
460,5,22797342.932889,34.9,0.501403
460,6,22580033.574004,39.7,0.599208
460,12,20081888.200589,41.8,1.457104
460,24,23458243.806803,31.2,0.437067
460,25,21123204.414536,28.7,0.897634
460,29,23174267.793118,32.7,0.452665
461,2,21150204.612938,44.8,1.199061
461,5,22796804.192317,34.9,0.501511
461,6,22580595.959622,40.5,0.599086
461,12,20081842.009863,42.2,1.457245
461,24,23458843.675488,31.7,0.436955
461,25,21122801.174904,29.0,0.897769
461,29,23173825.58715,33.3,0.452752
462,2,21150473.765096,44.4,1.198934
462,5,22796265.713498,34.9,0.501618
462,6,22581160.421815,40.3,0.598965
462,12,20081796.394993,42.3,1.457387
462,19,24382598.906787,25.8,0.211598
462,24,23459443.195169,32.4,0.436844
462,25,21122397.307065,29.0,0.897905
462,29,23173372.544597,33.7,0.452842
463,2,21150739.148008,44.4,1.198808
463,5,22795727.35683,34.3,0.501726
463,6,22581726.803532,40.0,0.598843
463,12,20081753.292956,42.2,1.457528
463,24,23460039.853014,30.9,0.436733
463,25,21121989.355874,28.5,0.89804
463,29,23172924.71966,32.0,0.45293
464,2,21151004.443668,44.0,1.198682
464,5,22795187.115539,33.9,0.501834
464,6,22582292.190587,38.7,0.598721
464,12,20081704.118242,41.1,1.457669
464,19,24383711.794424,23.0,0.211419
464,24,23460641.815725,31.0,0.436622
464,25,21121590.321745,27.7,0.898176
464,29,23172473.823483,32.3,0.453018
465,2,21151267.366099,44.0,1.198556
465,5,22794646.577595,33.9,0.501941
465,6,22582854.000347,39.4,0.598599
465,12,20081660.946403,41.5,1.457811
465,24,23461238.700423,30.7,0.43651
465,25,21121186.488806,27.2,0.898311
465,29,23172020.536627,33.0,0.453107
466,2,21151532.295304,44.3,1.19843
466,5,22794103.561719,34.0,0.50205
466,6,22583416.630267,40.0,0.598477
466,12,20081613.481811,41.8,1.457952
466,19,24384823.931701,24.3,0.211242
466,24,23461825.306943,30.3,0.4364
466,25,21120783.493478,28.5,0.898446
466,29,23171571.647226,34.0,0.453195
467,2,21151797.172159,44.2,1.198304
467,5,22793561.994211,33.4,0.502157
467,6,22583978.59708,39.5,0.598356
467,12,20081566.278972,41.0,1.458094
467,19,24385390.993976,25.8,0.211153
467,24,23462434.651096,30.3,0.436288
467,25,21120381.021656,28.7,0.898582
467,29,23171120.925552,33.9,0.453283
468,2,21152062.747023,44.3,1.198178
468,5,22793024.736908,34.4,0.502265
468,6,22584542.762619,40.8,0.598234
468,12,20081521.27486,42.0,1.458235
468,24,23463026.40543,31.6,0.436177
468,25,21119983.156692,29.8,0.898717
468,29,23170673.292567,33.7,0.453371
469,2,21152327.205073,44.7,1.198052
469,5,22792486.938647,34.4,0.502372
469,6,22585105.514691,40.3,0.598112
469,12,20081475.433138,41.9,1.458376
469,19,24386523.914463,19.2,0.210975
469,24,23463618.822872,32.0,0.436065
469,25,21119574.28064,28.9,0.898853
469,29,23170220.651369,32.5,0.45346
470,2,21152592.029577,44.7,1.197927
470,5,22791942.928109,34.6,0.50248
470,6,22585668.633217,39.7,0.597991
470,12,20081432.086798,41.8,1.458517
470,24,23464226.613956,31.7,0.435953
470,25,21119176.258623,28.7,0.898988
470,29,23169775.862769,33.2,0.453548
471,2,21152857.744043,44.3,1.1978
471,5,22791402.215662,33.4,0.502588
471,6,22586231.45509,39.8,0.597869
471,12,20081384.22085,41.4,1.458658
471,24,23464815.820558,30.9,0.435843
471,25,21118775.845927,27.4,0.899123
471,29,23169327.18277,32.0,0.453636
472,2,21153121.486634,44.3,1.197674
472,5,22790864.888558,32.9,0.502696
472,6,22586795.568279,38.8,0.597747
472,12,20081336.162951,40.7,1.458799
472,24,23465413.211312,30.8,0.435731
472,25,21118370.739122,28.6,0.899258
472,29,23168880.108192,32.9,0.453724
473,2,21153390.865645,43.8,1.197548
473,5,22790322.151885,32.6,0.502804
473,6,22587358.756606,38.8,0.597626
473,12,20081293.462268,41.2,1.45894
473,24,23466006.675767,30.3,0.43562
473,25,21117973.694318,30.5,0.899394
473,29,23168426.38508,30.7,0.453813
474,2,21153656.615011,43.9,1.197422
474,5,22789788.943032,32.6,0.502911
474,6,22587922.189237,39.0,0.597504
474,12,20081248.929312,41.6,1.459082
474,24,23466605.794092,30.5,0.435508
474,25,21117563.701452,27.8,0.89953
474,29,23167984.615368,32.1,0.453901
475,2,21153922.661031,44.2,1.197296
475,5,22789243.76333,33.7,0.503019
475,6,22588484.731906,39.2,0.597383
475,12,20081201.988226,41.9,1.459223
475,19,24389875.560334,24.2,0.210441
475,24,23467206.413137,29.5,0.435397
475,25,21117160.322219,28.0,0.899666
475,29,23167526.075997,31.7,0.45399
476,2,21154186.28147,44.3,1.197169
476,5,22788707.814792,33.5,0.503126
476,6,22589050.83442,39.9,0.59726
476,12,20081156.216305,42.3,1.459364
476,19,24390432.361881,24.6,0.210352
476,24,23467797.399661,30.4,0.435286
476,25,21116752.981786,28.6,0.899801
476,29,23167077.971855,29.9,0.454079
477,2,21154452.938247,43.8,1.197043
477,5,22788168.952068,33.4,0.503234
477,6,22589616.710081,40.2,0.597138
477,12,20081111.404146,41.7,1.459505
477,24,23468382.453111,30.9,0.435176
477,25,21116359.217623,28.8,0.899937
477,29,23166626.046116,30.6,0.454167
478,2,21154719.19367,44.1,1.196917
478,5,22787640.454774,33.9,0.503339
478,6,22590182.742793,40.2,0.597016
478,12,20081066.766489,41.9,1.459648
478,24,23468995.549061,30.7,0.435063
478,25,21115946.432722,28.7,0.900075
478,29,23166167.995351,31.6,0.454257
479,2,21154988.293477,44.0,1.19679
479,5,22787107.001618,33.5,0.503446
479,6,22590745.931121,39.4,0.596895
479,12,20081022.285884,41.4,1.45979
479,24,23469589.030966,30.0,0.434952
479,25,21115543.699147,28.5,0.900212
479,29,23165712.492317,33.7,0.454347
480,2,21155252.053519,44.4,1.196664
480,5,22786560.722551,33.3,0.503554
480,6,22591310.393314,39.7,0.596773
480,12,20080977.264322,41.1,1.459931
480,19,24392688.919338,29.3,0.209994
480,24,23470187.95734,29.7,0.434841
480,25,21115128.122212,27.7,0.900347
480,29,23165259.746418,33.8,0.454435
481,2,21155516.912923,44.6,1.196538
481,5,22786030.829239,34.3,0.50366
481,6,22591873.843395,40.3,0.596651
481,12,20080931.823955,41.8,1.460074
481,19,24393257.761536,29.8,0.209904
481,24,23470787.983077,30.5,0.434729
481,25,21114732.246572,26.3,0.900484
481,29,23164804.505137,33.3,0.454525
482,2,21155784.773766,44.2,1.196411
482,5,22785494.636399,34.0,0.503767
482,6,22592438.794194,39.7,0.596529
482,12,20080882.50964,41.0,1.460215
482,19,24393811.631447,31.0,0.209815
482,24,23471373.926488,29.9,0.434619
482,25,21114324.365183,28.0,0.90062
482,29,23164350.764576,34.3,0.454614
483,2,21156049.022413,44.0,1.196285
483,5,22784955.459571,34.1,0.503874
483,6,22592999.836144,40.7,0.596408
483,12,20080839.180749,41.3,1.460357
483,19,24394373.284155,29.7,0.209726
483,24,23471976.936212,29.7,0.434507
483,25,21113918.595269,28.0,0.900756
483,29,23163896.116603,33.0,0.454703
484,2,21156316.743653,43.7,1.196158
484,5,22784426.019965,34.2,0.503979
484,6,22593564.054035,39.0,0.596285
484,12,20080790.006036,40.9,1.460499
484,19,24394932.982439,31.5,0.209635
484,24,23472566.038113,28.6,0.434396
484,25,21113508.480252,26.5,0.900894
484,29,23163435.343603,32.8,0.454794
485,2,21156581.864812,43.9,1.196033
485,5,22783887.401544,33.9,0.504086
485,6,22594124.171124,38.9,0.596164
485,12,20080748.142964,40.9,1.460642
485,19,24395502.400494,31.0,0.209547
485,24,23473172.311028,29.4,0.434284
485,25,21113102.657988,27.6,0.901031
485,29,23162982.161449,31.9,0.454882
486,2,21156844.490589,44.8,1.195906
486,5,22783349.28918,35.3,0.504193
486,6,22594689.296425,39.7,0.596042
486,12,20080698.689046,41.9,1.460783
486,19,24396065.135116,26.0,0.209457
486,24,23473772.214613,30.3,0.434173
486,25,21112687.168304,27.6,0.901167
486,29,23162524.68654,32.9,0.454971
487,2,21157107.273417,43.5,1.19578
487,5,22782811.927175,34.0,0.5043
487,6,22595250.66993,38.7,0.59592
487,12,20080649.095528,40.7,1.460925
487,19,24396611.204779,30.4,0.209367
487,24,23474356.378102,28.8,0.434062
487,25,21112287.994573,26.5,0.901304
487,29,23162066.461273,32.1,0.455061
488,2,21157371.574415,44.0,1.195653
488,5,22782275.175927,35.0,0.504407
488,6,22595812.654192,40.0,0.595798
488,12,20080604.597472,41.7,1.461066
488,19,24397181.8967,33.0,0.209278
488,24,23474949.24925,29.7,0.43395
488,25,21111883.760279,27.2,0.90144
488,29,23161614.552984,32.7,0.45515
489,2,21157635.700911,44.1,1.195527
489,5,22781739.454243,35.1,0.504513
489,6,22596374.778056,38.8,0.595676
489,12,20080555.457659,41.4,1.461208
489,19,24397738.925101,31.6,0.209188
489,24,23475546.744705,29.4,0.433839
489,25,21111469.160556,29.0,0.901577
489,29,23161154.390742,31.8,0.455239
490,2,21157898.745493,44.3,1.195401
490,5,22781201.760683,35.5,0.50462
490,6,22596935.820007,39.5,0.595555
490,12,20080509.999842,41.4,1.46135
490,19,24398296.965614,31.6,0.209099
490,24,23476147.660404,29.3,0.433727
490,25,21111063.669846,27.3,0.901713
490,29,23160702.430103,32.9,0.455328
491,2,21158163.936452,44.2,1.195275
491,5,22780658.1166,34.7,0.504727
491,6,22597496.600204,39.4,0.595433
491,12,20080463.407761,41.3,1.461491
491,19,24398856.85585,32.9,0.20901
491,24,23476738.420075,29.5,0.433616
491,25,21110653.729331,27.0,0.901849
491,29,23160243.925632,33.2,0.455417
492,2,21158426.160874,43.6,1.195149
492,5,22780127.682331,34.4,0.504834
492,6,22598059.823432,39.1,0.595311
492,12,20080415.960619,40.9,1.461633
492,19,24399422.173104,32.3,0.208921
492,24,23477331.91943,29.0,0.433504
492,25,21110248.622526,26.6,0.901986
492,29,23159794.146269,32.2,0.455506
493,2,21158693.829764,42.6,1.195022
493,5,22779587.40614,34.5,0.50494
493,6,22598620.69088,38.9,0.595189
493,12,20080370.031646,39.2,1.461775
493,19,24399980.632422,31.2,0.208831
493,24,23477932.346522,25.9,0.433393
493,25,21109836.047028,24.4,0.902124
494,2,21158945.304852,21.3,1.194893
494,5,22779063.009647,20.0,0.505045
494,6,22599232.809618,18.4,0.595066
494,19,24400542.686485,29.4,0.208739
494,29,23158840.404619,16.3,0.455689
495,2,21159215.312071,21.9,1.194774
495,12,20080293.42519,19.9,1.462057
495,24,23479114.28467,19.5,0.43317
495,25,21109031.853744,19.7,0.902392
495,29,23158428.090874,28.2,0.455771
495,31,25682131.663949,21.4,0.013041
496,2,21159490.327503,43.8,1.194643
496,5,22777975.372475,29.4,0.505262
496,6,22600311.756581,35.5,0.594824
496,12,20080236.57238,41.3,1.462198
496,24,23479717.259494,30.0,0.433059
496,25,21108629.329571,27.6,0.902531
496,29,23157968.905844,32.4,0.455863
497,2,21159755.37886,43.8,1.194518
497,5,22777440.575652,34.3,0.505368
497,6,22600871.507215,39.1,0.594704
497,12,20080191.341416,40.8,1.462341
497,24,23480323.776712,30.4,0.432947
497,25,21108214.153991,27.2,0.902669
497,29,23157513.559863,31.8,0.455952
498,2,21160018.21404,43.8,1.19439
498,5,22776902.65524,34.3,0.505475
498,6,22601439.825907,38.5,0.594581
498,12,20080145.080889,40.7,1.462482
498,19,24402782.090378,31.6,0.208384
498,24,23480910.993989,29.7,0.432836
498,25,21107813.549342,26.5,0.902804
498,29,23157057.480972,31.2,0.456041
499,2,21160285.062769,43.4,1.194265
499,5,22776370.563201,33.7,0.505581
499,6,22602002.281325,38.9,0.594459
499,12,20080100.460682,40.4,1.462624
499,19,24403338.228818,30.4,0.208295
499,24,23481513.602358,29.9,0.432725
499,25,21107399.87448,26.9,0.902942
499,29,23156599.133553,31.4,0.456131
500,2,21160549.869823,44.5,1.194138
500,5,22775828.943343,34.7,0.505689
500,6,22602561.787656,39.8,0.594337
500,12,20080053.188042,41.4,1.462765
500,19,24403902.254755,31.4,0.208206
500,24,23482098.306804,31.2,0.432614
500,25,21106998.257719,27.8,0.903078
500,29,23156145.951398,32.4,0.45622
501,2,21160815.374886,44.4,1.194012
501,5,22775292.785403,35.2,0.505795
501,6,22603124.382676,40.3,0.594216
501,12,20080008.689987,41.9,1.462907
501,19,24404467.240455,29.4,0.208117
501,24,23482700.758122,31.6,0.432502
501,25,21106598.211477,28.5,0.903215
501,29,23155684.44549,32.6,0.456309
502,2,21161081.75246,44.2,1.193885
502,5,22774757.22077,34.4,0.505902
502,6,22603691.741605,39.8,0.594094
502,12,20079962.080455,41.3,1.463047
502,19,24405027.706548,26.1,0.208027
502,24,23483296.613256,30.6,0.432391
502,25,21106197.833682,27.6,0.90335
502,29,23155234.927881,32.2,0.456398
503,2,21161344.360787,44.1,1.193759
503,5,22774221.499085,35.0,0.506008
503,6,22604252.050647,39.1,0.593972
503,12,20079919.22272,41.1,1.46319
503,19,24405588.923001,31.2,0.207938
503,24,23483893.201301,30.8,0.432279
503,25,21105780.529175,26.7,0.903487
503,29,23154777.138868,31.9,0.456487
504,2,21161611.890075,44.0,1.193633
504,5,22773681.6766,34.4,0.506115
504,6,22604811.277775,38.6,0.593851
504,12,20079873.764903,40.6,1.463331
504,19,24406144.537934,30.6,0.207849
504,24,23484484.798582,30.2,0.432168
504,25,21105373.223642,26.7,0.903624
504,29,23154320.658623,32.0,0.456577
505,2,21161877.081034,43.2,1.193506
505,5,22773149.410058,34.0,0.506221
505,6,22605376.856782,38.1,0.593729
505,12,20079826.562064,40.0,1.463473
505,19,24406707.429608,22.8,0.207758
505,24,23485078.856345,28.2,0.432057
505,25,21104953.982161,26.6,0.903762
505,29,23153861.560844,30.8,0.456667
506,2,21162142.324344,44.1,1.19338
506,5,22772610.023828,34.4,0.506329
506,6,22605942.208936,39.2,0.593607
506,12,20079782.13381,40.9,1.463613
506,24,23485679.876744,28.6,0.431946
506,25,21104564.789955,27.7,0.903897
506,29,23153405.20275,31.6,0.456755
507,2,21162407.096497,43.4,1.193253
507,5,22772075.244455,34.1,0.506434
507,6,22606501.366263,38.1,0.593485
507,12,20079731.510728,40.7,1.463755
507,19,24407832.235743,27.8,0.207579
507,24,23486273.812355,28.7,0.431834
507,25,21104155.913903,25.8,0.904035
507,29,23152945.668716,31.4,0.456845
508,2,21162668.151755,43.3,1.193127
508,5,22771539.767073,33.8,0.506541
508,6,22607064.624391,38.8,0.593363
508,12,20079685.599205,40.4,1.463897
508,19,24408385.896251,26.0,0.20749
508,24,23486869.754741,29.0,0.431723
508,25,21103750.841999,27.3,0.904171
508,29,23152484.843366,30.5,0.456934
509,2,21162932.278251,43.7,1.193001
509,5,22771001.340605,34.2,0.506647
509,6,22607623.13606,38.6,0.593242
509,12,20079638.221864,41.3,1.464039
509,19,24408954.302194,25.9,0.207401
509,24,23487462.73059,29.6,0.431611
509,25,21103325.440591,26.4,0.904308
509,29,23152032.149817,31.7,0.457024
510,2,21163196.020841,43.9,1.192874
510,5,22770467.939799,35.0,0.506754
510,6,22608185.172673,38.0,0.59312
510,12,20079592.589545,41.2,1.46418
510,19,24409504.053853,22.7,0.207311
510,24,23488046.96388,30.0,0.4315
510,25,21102920.351236,26.1,0.904445
510,29,23151570.102952,31.9,0.457114
511,2,21163461.316502,44.3,1.192748
511,5,22769927.995162,35.9,0.506861
511,6,22608746.075022,40.6,0.592998
511,12,20079548.492845,41.7,1.464322
511,24,23488646.832565,31.1,0.431389
511,25,21102526.709224,26.8,0.904582
511,29,23151107.201026,32.6,0.457203
512,2,21163728.985392,43.7,1.192621
512,5,22769397.909898,35.4,0.506966
512,6,22609310.223112,39.2,0.592876
512,12,20079501.377257,40.9,1.464464
512,19,24410633.606448,24.9,0.207131
512,24,23489245.462285,28.7,0.431277
512,25,21102095.252591,28.4,0.90472
512,29,23150651.767793,31.2,0.457294
513,2,21163995.048862,44.1,1.192494
513,5,22768857.808208,35.8,0.507073
513,6,22609879.08276,40.5,0.592754
513,12,20079458.955777,42.0,1.464604
513,24,23489840.392558,30.0,0.431166
513,25,21101696.375513,24.4,0.904855
513,29,23150195.915755,33.8,0.457382
514,2,21164260.012968,43.8,1.192369
514,5,22768325.628918,35.1,0.50718
514,6,22610435.430602,39.7,0.592633
514,12,20079414.527523,41.3,1.464746
514,19,24411753.107716,24.6,0.206953
514,24,23490435.724187,30.1,0.431054
514,25,21101294.898354,25.4,0.904993
514,29,23149740.482522,33.2,0.457472
515,2,21164526.669745,44.3,1.192242
515,5,22767790.360939,35.4,0.507286
515,6,22611001.89957,39.9,0.592511
515,12,20079370.012018,41.3,1.464887
515,19,24412304.883601,27.3,0.206864
515,24,23491030.375257,29.3,0.430943
515,25,21100889.739198,25.1,0.905129
515,29,23149284.054627,34.2,0.457561
516,2,21164792.855366,44.0,1.192115
516,5,22767255.197661,34.5,0.507392
516,6,22611565.175148,40.1,0.592389
516,12,20079324.117945,41.0,1.465029
516,19,24412873.551297,25.8,0.206774
516,24,23491635.915262,29.5,0.430832
516,25,21100478.385216,25.4,0.905267
516,29,23148823.246727,33.8,0.457651
517,2,21165056.248953,43.4,1.191989
517,5,22766722.634466,34.7,0.507498
517,6,22612125.362038,39.2,0.592268
517,12,20079279.61989,40.9,1.465171
517,24,23492225.488319,30.0,0.43072
517,25,21100075.337537,24.7,0.905404
517,29,23148364.742256,32.6,0.457741
518,2,21165322.87083,44.0,1.191863
518,5,22766190.01892,35.4,0.507604
518,6,22612687.887257,39.9,0.592146
518,12,20079231.753942,40.9,1.465313
518,19,24413998.96819,29.1,0.206594
518,24,23492825.479155,29.9,0.430608
518,25,21099666.234632,23.5,0.905542
518,29,23147905.260573,33.8,0.457831
519,2,21165586.037564,43.6,1.191736
519,5,22765650.336036,35.1,0.507711
519,6,22613251.738693,40.2,0.592024
519,12,20079188.843857,40.8,1.465453
519,19,24414564.913651,28.7,0.206505
519,24,23493418.716758,30.5,0.430497
519,25,21099266.554845,23.6,0.905678
519,29,23147444.731876,33.4,0.45792
520,2,21165853.706453,44.2,1.191609
520,5,22765116.359374,35.5,0.507817
520,6,22613815.904232,40.5,0.591902
520,12,20079143.211538,41.5,1.465595
520,24,23494015.252451,30.5,0.430386
520,25,21098854.886758,24.6,0.905815
520,29,23146983.592422,33.8,0.45801
521,2,21166117.222191,44.7,1.191483
521,5,22764581.824304,35.7,0.507923
521,6,22614375.602516,39.9,0.59178
521,12,20079097.352365,41.5,1.465736
521,19,24415670.192993,25.6,0.206326
521,24,23494604.947659,30.1,0.430275
521,25,21098438.175558,25.6,0.905952
521,29,23146526.117514,33.1,0.4581
522,2,21166385.379688,44.3,1.191356
522,5,22764046.538875,35.5,0.50803
522,6,22614937.569328,39.9,0.591659
522,12,20079053.412717,41.5,1.465878
522,19,24416236.644511,27.1,0.206236
522,24,23495200.174586,30.8,0.430164
522,25,21098030.887476,25.6,0.90609
522,29,23146065.170012,33.5,0.45819
523,2,21166646.347694,44.1,1.19123
523,5,22763515.162294,35.8,0.508136
523,6,22615503.427539,39.9,0.591536
523,12,20079008.007251,41.4,1.466019
523,19,24416803.410133,25.9,0.206146
523,24,23495792.120872,30.3,0.430052
523,25,21097625.728321,25.3,0.906226
523,29,23145610.836143,33.1,0.458279
524,2,21166915.918657,43.9,1.191103
524,5,22762977.695588,35.3,0.508242
524,6,22616064.696342,39.4,0.591415
524,12,20078965.184416,40.8,1.46616
524,19,24417359.286819,24.3,0.206057
524,24,23496389.057921,29.1,0.429941
524,25,21097225.263274,24.2,0.906364
524,29,23145146.52075,32.6,0.458369
525,2,21167181.022365,43.8,1.190977
525,5,22762444.13773,35.4,0.508348
525,6,22616625.389288,40.1,0.591294
525,12,20078919.709149,41.1,1.466302
525,19,24417920.276419,29.3,0.205968
525,24,23496985.733216,29.4,0.429829
525,25,21096805.637888,25.6,0.906501
525,29,23144691.523772,33.5,0.458458
526,2,21167443.089735,44.3,1.190851
526,5,22761909.969115,35.7,0.508454
526,6,22617186.064784,40.4,0.591172
526,12,20078876.293007,41.5,1.466444
526,19,24418474.94904,29.7,0.205878
526,24,23497581.169546,31.2,0.429717
526,25,21096397.07594,24.9,0.906639
526,29,23144228.691647,33.2,0.458548
527,2,21167711.090179,44.3,1.190724
527,5,22761375.119941,35.5,0.50856
527,6,22617749.95112,39.5,0.59105
527,12,20078828.008255,41.2,1.466585
527,19,24419040.039441,27.5,0.205788
527,24,23498175.942767,30.1,0.429606
527,25,21095992.946347,26.2,0.906776
527,29,23143765.493068,33.1,0.458638
528,2,21167976.822095,44.1,1.190597
528,5,22760839.799612,35.5,0.508667
528,6,22618314.570366,40.3,0.590928
528,12,20078784.941117,41.0,1.466726
528,24,23498774.136231,30.3,0.429495
528,25,21095581.435313,25.4,0.906913
528,29,23143309.623579,32.6,0.458728
528,31,25665475.256614,17.6,0.015867
529,2,21168239.953928,43.2,1.19047
529,5,22760305.194741,35.1,0.508773
529,6,22618877.51439,39.3,0.590806
529,12,20078737.511425,40.6,1.466867
529,24,23499359.85279,29.7,0.429384
529,25,21095166.155031,23.8,0.90705
529,29,23142847.576714,31.6,0.458818
530,2,21168505.790545,43.4,1.190344
530,5,22759769.682459,34.5,0.508879
530,6,22619440.720167,38.1,0.590684
530,12,20078693.344924,40.7,1.467008
530,19,24420712.53811,26.5,0.205519
530,24,23499952.758838,29.4,0.429273
530,25,21094749.042476,23.5,0.907187
530,29,23142391.20117,31.3,0.458907
531,2,21168767.491461,44.2,1.190218
531,5,22759229.737822,35.4,0.508985
531,6,22619997.417014,40.7,0.590563
531,12,20078648.654917,41.6,1.46715
531,19,24421273.126355,27.1,0.205429
531,24,23500550.533497,30.6,0.429161
531,25,21094347.600217,26.0,0.907325
531,29,23141918.998278,31.8,0.458998
532,2,21169031.949511,43.6,1.190091
532,5,22758702.758696,35.1,0.50909
532,6,22620560.186536,39.8,0.590441
532,12,20078603.738056,41.4,1.467292
532,19,24421846.976765,28.1,0.20534
532,24,23501149.564571,29.2,0.429049
532,25,21093939.038269,25.1,0.907462
532,29,23141463.669746,31.8,0.459087
533,2,21169296.861266,43.8,1.189965
533,5,22758162.726808,35.5,0.509197
533,6,22621121.594941,39.8,0.59032
533,12,20078556.570118,41.2,1.467433
533,19,24422399.694962,30.0,0.20525
533,24,23501744.547195,30.3,0.428938
533,25,21093529.429308,19.3,0.9076
533,29,23141003.682006,33.0,0.459177
533,31,25662867.740378,20.6,0.016296
534,2,21169565.071113,43.9,1.189837
534,5,22757628.38369,35.1,0.509303
534,6,22621684.800719,39.8,0.590197
534,12,20078510.902898,41.0,1.467573
534,19,24422963.790701,29.0,0.20516
534,24,23502332.933637,29.4,0.428827
534,25,21093121.006962,18.4,0.907736
534,29,23140542.804306,33.9,0.459267
535,2,21169827.784141,44.1,1.189712
535,5,22757095.139937,36.0,0.509409
535,6,22622245.493665,40.4,0.590076
535,12,20078467.521656,41.4,1.467715
535,19,24423519.998941,29.3,0.205071
535,24,23502931.406305,28.6,0.428715
535,25,21092728.95292,18.2,0.907874
535,29,23140082.101107,34.2,0.459356
536,2,21170093.585858,44.4,1.189584
536,5,22756564.09491,36.4,0.509515
536,6,22622809.886057,41.5,0.589953
536,12,20078420.022164,42.2,1.467856
536,19,24424079.592523,30.8,0.20498
536,24,23503516.791309,29.2,0.428604
536,25,21092313.323634,20.8,0.908012
536,29,23139616.7038,34.6,0.459447
537,2,21170359.003669,44.4,1.189458
537,5,22756027.86717,36.4,0.509621
537,6,22623371.207211,41.3,0.589832
537,12,20078379.066503,42.4,1.467997
537,19,24424640.006266,26.1,0.204891
537,24,23504113.780708,28.8,0.428493
537,25,21091930.588008,18.3,0.908149
537,29,23139157.536221,35.8,0.459537
538,2,21170623.863074,43.8,1.189331
538,5,22755499.177923,35.9,0.509726
538,6,22623935.547253,42.0,0.58971
538,12,20078333.626136,42.7,1.468139
538,24,23504720.088523,30.5,0.428381
538,29,23138695.088,33.4,0.459627
539,2,21170890.240648,42.6,1.189205
539,5,22754965.707316,34.6,0.509832
539,6,22624496.32745,41.3,0.589588
539,12,20078288.220669,42.1,1.46828
539,24,23505299.749856,29.4,0.42827
539,25,21091112.46945,22.4,0.908424
539,29,23138233.267988,33.8,0.459717
540,2,21171157.647785,43.1,1.189078
540,5,22754426.076783,35.8,0.509939
540,6,22625056.339838,41.2,0.589467
540,12,20078244.752177,42.1,1.468421
540,19,24426320.043429,31.5,0.204622
540,24,23505897.838619,29.4,0.428159
540,29,23137770.383512,33.7,0.459807
541,2,21171418.877544,44.0,1.188952
541,5,22753889.255734,36.6,0.510045
541,6,22625616.753581,40.8,0.589345
541,12,20078197.200333,42.6,1.468562
541,19,24426883.755263,25.1,0.204532
541,24,23506489.435901,30.2,0.428047
541,29,23137313.309959,34.2,0.459896
542,2,21171686.249781,44.1,1.188824
542,5,22753357.390548,36.5,0.51015
542,6,22626181.233224,40.3,0.589223
542,12,20078152.196222,41.9,1.468703
542,19,24427447.641599,24.6,0.204442
542,24,23507083.284261,30.0,0.427937
542,25,21089834.816858,17.3,0.908837
542,29,23136845.591773,33.4,0.459987
543,2,21171948.875557,43.8,1.188698
543,5,22752822.855478,36.1,0.510257
543,6,22626743.339638,41.3,0.589101
543,12,20078109.617691,41.7,1.468844
543,24,23507677.184971,29.6,0.427825
543,29,23136386.022838,34.0,0.460077
544,2,21172214.171218,43.4,1.188572
544,5,22752286.802239,35.7,0.510363
544,6,22627302.427164,40.2,0.58898
544,12,20078064.927683,41.1,1.468986
544,19,24428570.336258,27.0,0.204264
544,24,23508279.444336,28.5,0.427713
544,29,23135927.012311,34.6,0.460166
545,2,21172479.519229,43.3,1.188446
545,5,22751753.802789,35.2,0.510469
545,6,22627860.973733,39.1,0.588859
545,12,20078019.696719,41.0,1.469127
545,19,24429126.195494,25.5,0.204174
545,24,23508865.876354,24.5,0.427602
545,29,23135462.679467,34.1,0.460257
546,2,21172740.434884,43.1,1.188319
546,5,22751215.777675,34.8,0.510575
546,6,22628422.277437,37.5,0.588737
546,12,20077974.814759,41.0,1.469268
546,19,24429682.700388,23.3,0.204084
546,24,23509456.845428,24.1,0.42749
546,25,21088219.642154,22.8,0.909386
546,29,23135000.178896,35.1,0.460346
547,2,21173004.648631,43.6,1.188192
547,5,22750676.845151,35.3,0.510681
547,6,22628983.598591,33.6,0.588614
547,12,20077926.355504,41.7,1.469408
547,19,24430223.325583,20.7,0.203994
547,24,23510047.552748,27.6,0.42738
547,25,21087802.442348,25.2,0.909523
547,29,23134533.804377,34.3,0.460436
548,2,21173263.278308,43.6,1.188066
548,5,22750139.535496,36.1,0.510787
548,6,22629539.632329,36.6,0.588493
548,12,20077878.611708,42.3,1.469549
548,24,23510642.552823,29.6,0.427267
548,29,23134073.24078,34.0,0.460525
549,2,21173528.259865,42.3,1.187939
549,5,22749603.464807,35.6,0.510893
549,6,22630104.68783,29.7,0.588372
549,12,20077834.200904,42.2,1.46969
549,19,24431341.430835,22.4,0.203815
549,24,23511236.401183,29.7,0.427156
549,25,21086985.074149,17.7,0.909797
549,29,23133607.63407,32.5,0.460616
550,2,21173791.793053,42.0,1.187813
550,5,22749063.258417,35.2,0.510999
550,6,22630658.138936,34.4,0.58825
550,12,20077787.155117,41.5,1.469831
550,19,24431902.350634,23.9,0.203726
550,24,23511827.911213,28.8,0.427045
550,29,23133141.765607,32.1,0.460706
551,2,21174052.429505,43.0,1.187686
551,5,22748529.438806,35.9,0.511105
551,6,22631215.847895,39.0,0.588129
551,12,20077740.179131,42.9,1.469972
551,19,24432463.078481,24.6,0.203637
551,24,23512411.11494,28.1,0.426933
551,25,21086165.873678,17.3,0.910072
551,29,23132681.097309,33.5,0.460795
552,2,21174317.812417,43.3,1.187559
552,5,22747990.785485,36.0,0.511212
552,6,22631777.430802,34.0,0.588007
552,12,20077694.093106,43.4,1.470112
552,19,24433008.467586,26.0,0.203547
552,24,23513005.975413,29.7,0.426823
552,25,21085736.633222,20.2,0.910209
552,29,23132219.783353,33.6,0.460885
553,2,21174584.242341,42.4,1.187433
553,5,22747453.772484,34.9,0.511318
553,6,22632338.26335,35.1,0.587885
553,12,20077652.928042,43.6,1.470253
553,24,23513603.662821,27.9,0.426711
553,25,21085354.019747,18.5,0.910347
553,29,23131754.420946,34.5,0.460975
554,2,21174847.199672,42.2,1.187306
554,5,22746920.47638,34.4,0.511424
554,6,22632904.592716,36.0,0.587763
554,12,20077607.697078,42.3,1.470393
554,19,24434125.735227,21.1,0.203368
554,24,23514201.48983,27.5,0.4266
554,25,21084950.221709,17.4,0.910483
554,29,23131299.074965,33.5,0.461064
555,2,21175115.217566,41.7,1.187178
555,5,22746378.455166,34.1,0.511531
555,6,22633468.531403,35.1,0.58764
555,12,20077563.949382,42.9,1.470532
555,19,24434705.256958,22.1,0.203278
555,24,23514787.607744,27.0,0.42649
555,25,21084561.710061,19.8,0.91062
555,29,23130835.614632,33.7,0.461154
556,2,21175378.872906,41.6,1.187054
556,5,22745847.951097,34.4,0.511636
556,6,22634020.865695,35.3,0.587521
556,12,20077521.493002,43.0,1.470675
556,19,24435252.199133,21.4,0.20319
556,24,23515385.504554,28.2,0.426377
556,25,21084132.539406,18.7,0.910758
556,29,23130375.242987,33.6,0.461244
557,2,21175641.149679,42.0,1.186926
557,5,22745307.099048,34.5,0.511743
557,6,22634585.641992,36.4,0.587398
557,12,20077472.300838,42.9,1.470815
557,19,24435783.994518,21.8,0.203099
557,24,23515976.368927,29.2,0.426266
557,25,21083715.793306,17.7,0.910895
557,29,23129909.932931,33.7,0.461333
558,2,21175904.037209,42.2,1.1868
558,5,22744769.230987,34.7,0.511849
558,6,22635140.82067,36.4,0.587277
558,12,20077428.483342,43.1,1.470956
558,19,24436357.16437,20.8,0.20301
558,24,23516567.215849,28.8,0.426155
558,25,21083292.747677,20.4,0.911032
558,29,23129446.123594,33.5,0.461423
559,2,21176169.821475,42.4,1.186673
559,5,22744233.683804,34.8,0.511956
559,6,22635703.41569,34.4,0.587155
559,12,20077384.002737,42.9,1.471096
559,19,24436906.567025,22.7,0.202921
559,24,23517157.399663,27.7,0.426044
559,25,21082908.895238,20.4,0.911169
559,29,23128987.322469,33.6,0.461513
560,2,21176435.012434,42.2,1.186547
560,5,22743699.619891,36.0,0.512061
560,6,22636266.289913,40.4,0.587034
560,12,20077343.39608,42.8,1.471237
560,24,23517754.16221,28.6,0.425932
560,25,21082536.716994,19.4,0.911307
560,29,23128521.611058,34.3,0.461603
561,2,21176703.90284,40.5,1.186421
561,5,22743166.550639,35.4,0.512168
561,6,22636830.176249,38.4,0.586912
561,12,20077300.503445,41.0,1.471377
561,24,23518354.606752,28.0,0.425821
561,25,21082087.60074,24.5,0.911443
561,29,23128069.196713,31.3,0.461692
562,2,21176970.699219,42.9,1.186293
562,5,22742631.404812,34.7,0.512274
562,6,22637391.671905,36.4,0.58679
562,12,20077258.500771,42.3,1.471517
562,19,24438585.225621,23.3,0.202652
562,24,23518936.484262,26.6,0.42571
562,29,23127602.106735,32.2,0.461783
563,2,21177237.041892,43.5,1.186168
563,5,22742097.899305,36.9,0.51238
563,6,22637953.307163,36.2,0.586669
563,12,20077218.766625,43.1,1.471658
563,24,23519544.58945,28.5,0.425598
563,25,21081288.450568,16.5,0.911719
563,29,23127145.033181,33.2,0.461872
564,2,21177506.420903,43.7,1.186041
564,5,22741566.243521,37.4,0.512486
564,6,22638521.27685,40.4,0.586547
564,12,20077176.955903,43.1,1.471798
564,24,23520137.757252,29.9,0.425487
564,25,21080876.119373,18.3,0.911855
564,29,23126692.234932,34.3,0.461961
565,2,21177770.756802,43.9,1.185914
565,5,22741033.418572,37.2,0.512592
565,6,22639085.407489,39.0,0.586425
565,12,20077134.900878,42.8,1.471938
565,24,23520733.053979,27.9,0.425376
565,29,23126232.561296,34.2,0.462051
566,2,21178039.158601,43.8,1.185788
566,5,22740496.580074,37.0,0.512699
566,6,22639645.803782,38.9,0.586304
566,12,20077093.020356,42.6,1.472078
566,24,23521327.321145,28.1,0.425264
566,29,23125770.671483,34.1,0.462141
567,2,21178304.558962,42.2,1.18566
567,5,22739960.94564,35.8,0.512805
567,6,22640210.998884,40.4,0.586182
567,12,20077052.343898,41.7,1.472218
567,24,23521912.915552,27.4,0.425154
567,29,23125309.67163,31.9,0.462231
568,2,21178572.140601,43.9,1.185535
568,5,22739425.084354,37.2,0.512912
568,6,22640770.88912,40.1,0.586061
568,12,20077009.346562,43.1,1.472358
568,24,23522516.27428,30.2,0.425042
568,29,23124853.557839,33.7,0.46232
569,2,21178839.914192,43.5,1.185408
569,5,22738890.008327,37.4,0.513018
569,6,22641333.047885,40.5,0.585939
569,12,20076968.617753,42.8,1.472498
569,19,24442511.018556,25.5,0.202027
569,24,23523104.817774,28.8,0.424931
569,25,21078828.545724,14.4,0.912541
569,29,23124392.243883,32.6,0.46241
570,2,21179105.977662,43.2,1.185281
570,5,22738357.427682,37.0,0.513124
570,6,22641896.497965,42.1,0.585817
570,12,20076923.805594,42.6,1.472639
570,19,24443073.87533,31.6,0.201937
570,24,23523706.937537,28.6,0.424819
570,29,23123932.500446,32.4,0.4625
571,2,21179374.728466,42.9,1.185154
571,5,22737822.73556,37.5,0.51323
571,6,22642460.26215,41.9,0.585695
571,12,20076884.96141,43.9,1.472779
571,19,24443637.918718,27.6,0.201847
571,24,23524299.47713,29.5,0.424708
571,25,21078034.386315,16.7,0.912815
571,29,23123472.460356,32.6,0.46259
572,2,21179641.036238,41.4,1.185027
572,5,22737286.490369,35.9,0.513337
572,6,22643024.549841,39.3,0.585573
572,12,20076841.580168,42.7,1.472918
572,19,24444182.731966,29.4,0.201758
572,24,23524888.945486,27.7,0.424598
572,29,23123013.257876,32.0,0.462679
573,2,21179907.535964,40.9,1.184901
573,5,22736751.047888,36.0,0.513443
573,6,22643584.248125,42.0,0.585452
573,12,20076803.800447,43.6,1.473059
573,19,24444750.823804,30.0,0.201669
573,24,23525481.328027,27.2,0.424486
573,29,23122550.059297,31.9,0.462769
574,2,21180171.243654,41.0,1.184774
574,5,22736217.612182,35.8,0.513549
574,6,22644149.547928,40.5,0.58533
574,12,20076759.913149,43.0,1.473198
574,19,24445299.336498,26.5,0.201579
574,24,23526076.310651,27.6,0.424375
574,25,21076844.770071,15.2,0.913226
574,29,23122090.071557,32.6,0.462859
575,2,21180436.609115,41.1,1.184648
575,5,22735680.145475,36.1,0.513656
575,6,22644712.910758,42.4,0.585209
575,12,20076717.997726,43.4,1.473337
575,19,24445856.713903,29.1,0.20149
575,24,23526668.745544,29.5,0.424264
575,29,23121636.540398,32.3,0.462947
576,2,21180703.492746,41.1,1.184521
576,5,22735144.772795,36.7,0.513762
576,6,22645275.994384,42.9,0.585087
576,12,20076677.897126,44.6,1.473477
576,19,24446431.175071,25.6,0.2014
576,24,23527264.513427,29.6,0.424153
576,25,21076006.37436,20.3,0.9135
576,29,23121173.132416,33.7,0.463037
577,2,21180972.540203,40.8,1.184395
577,5,22734613.064661,36.8,0.513868
577,6,22645837.926296,42.2,0.584966
577,12,20076637.255569,44.2,1.473618
577,19,24446982.619402,28.8,0.201311
577,24,23527858.815493,29.5,0.424041
577,25,21075597.882213,17.4,0.913637
577,29,23120718.170339,32.6,0.463127
577,31,25640604.787486,18.6,0.020054
578,2,21181241.797062,41.0,1.184268
578,5,22734075.894608,36.7,0.513975
578,6,22646401.289125,42.0,0.584844
578,12,20076595.340146,44.2,1.473757
578,19,24447547.779604,29.8,0.201222
578,24,23528460.254698,30.0,0.42393
578,29,23120261.044435,33.5,0.463216
579,2,21181509.012247,40.8,1.184141
579,5,22733543.87237,37.0,0.514081
579,6,22646965.297613,42.4,0.584722
579,12,20076554.070381,44.1,1.473897
579,19,24448098.909831,27.6,0.201132
579,24,23529048.850542,29.3,0.423819
579,29,23119794.966569,32.4,0.463307
580,2,21181774.290457,41.5,1.184015
580,5,22733010.19236,37.6,0.514187
580,6,22647525.571754,42.2,0.584601
580,12,20076515.330897,44.2,1.474037
580,19,24448656.461738,29.3,0.201043
580,24,23529637.289334,29.5,0.423708
580,29,23119333.547912,33.2,0.463397
581,2,21182040.842533,41.7,1.183888
581,5,22732473.284061,37.6,0.514293
581,6,22648088.603029,42.4,0.584479
581,12,20076472.508063,44.1,1.474177
581,19,24449216.212372,27.9,0.200954
581,24,23530239.915154,28.8,0.423596
581,29,23118874.293081,33.4,0.463486
582,2,21182307.795964,40.9,1.183761
582,5,22731938.906043,37.2,0.5144
582,6,22648649.66243,41.5,0.584358
582,12,20076429.179172,44.0,1.474316
582,19,24449774.270335,24.3,0.200864
582,24,23530821.356409,28.4,0.423485
582,29,23118417.847736,33.6,0.463575
583,2,21182574.34804,41.3,1.183634
583,5,22731401.71854,37.0,0.514506
583,6,22649214.508528,41.0,0.584235
583,12,20076388.432914,44.0,1.474455
583,24,23531411.383171,28.6,0.423374
583,29,23117957.999598,33.9,0.463665
584,2,21182839.853103,41.1,1.183508
584,5,22730867.375423,36.3,0.514612
584,6,22649777.714305,39.9,0.584114
584,12,20076349.955184,44.0,1.474596
584,19,24450880.736292,21.3,0.200685
584,24,23532013.555285,29.0,0.423263
584,25,21072746.778387,24.6,0.914597
584,29,23117490.229061,33.7,0.463755
585,2,21183110.436179,41.4,1.183379
585,5,22730333.625613,36.3,0.514718
585,6,22650342.106698,39.1,0.583991
585,12,20076305.771233,44.5,1.474734
585,19,24451508.385723,27.3,0.200594
585,24,23532601.627623,30.7,0.423153
585,25,21072353.014224,27.9,0.914734
585,29,23117031.72459,33.6,0.463846
586,2,21183375.539887,41.7,1.183253
586,5,22729795.879703,36.0,0.514824
586,6,22650903.689605,39.4,0.58387
586,12,20076263.576606,44.4,1.474875
586,24,23533191.095978,30.6,0.423042
586,25,21071946.877856,29.4,0.914872
586,29,23116566.222582,32.9,0.463936
586,31,25636082.895113,25.5,0.02082
587,2,21183642.406067,40.0,1.183126
587,5,22729259.285507,34.2,0.514931
587,6,22651465.551716,35.9,0.583748
587,12,20076221.957837,43.0,1.475014
587,24,23533790.127053,27.7,0.42293
587,25,21071538.612562,30.0,0.915008
587,29,23116104.280418,29.1,0.464025
587,31,25635614.670871,19.1,0.020904
588,2,21183905.485549,40.4,1.183
588,5,22728718.346208,35.3,0.515037
588,6,22652030.834069,26.5,0.583627
588,12,20076176.255717,44.0,1.475154
588,24,23534412.66357,28.5,0.422818
588,25,21071128.968701,32.8,0.915146
588,29,23115630.786209,28.9,0.464114
589,2,21184169.699296,40.4,1.182871
589,5,22728177.302207,34.9,0.515144
589,6,22652587.042309,36.2,0.583503
589,12,20076129.27973,43.8,1.475291
589,24,23534950.287329,25.8,0.42271
589,25,21070718.644281,33.8,0.915283
589,29,23115167.988985,28.1,0.464206
590,2,21184433.529138,40.3,1.182743
590,5,22727638.893189,35.1,0.51525
590,6,22653151.2602,35.8,0.583381
590,12,20076087.032753,44.5,1.47543
590,24,23535543.001424,27.6,0.4226
590,25,21070313.642177,35.6,0.91542
590,29,23114690.74298,30.4,0.464296
591,2,21184697.167028,40.7,1.182616
591,5,22727099.995564,34.8,0.515357
591,6,22653712.30215,36.0,0.583259
591,12,20076043.983066,44.6,1.475569
591,24,23536121.423792,29.5,0.422489
591,25,21069903.649311,35.8,0.915557
591,29,23114233.98353,34.0,0.464386
592,2,21184964.26006,39.9,1.182488
592,5,22726557.328693,33.7,0.515464
592,6,22654277.968408,36.5,0.583136
592,12,20076002.277046,44.2,1.475707
592,24,23536709.269277,28.9,0.422379
592,25,21069497.390792,34.1,0.915693
592,29,23113774.362245,29.5,0.464475
593,2,21185229.46847,23.2,1.182359
593,5,22726023.29968,29.3,0.51557
593,6,22654851.365113,25.5,0.583012
593,12,20075960.501224,19.9,1.475844
593,19,24455930.113847,21.2,0.199875
593,25,21069097.362001,30.1,0.915829
593,29,23113310.483107,31.1,0.464565
594,2,21185500.3831,39.4,1.182233
594,5,22725480.877111,28.5,0.515676
594,6,22655404.397414,36.5,0.582891
594,12,20075918.428749,43.6,1.475985
594,19,24456479.533952,23.3,0.199786
594,24,23537881.260801,25.0,0.422158
594,25,21068676.968805,36.1,0.915969
594,29,23112837.617107,35.7,0.464657
595,2,21185764.03844,39.3,1.182105
595,5,22724941.979487,30.7,0.515783
595,6,22655972.3322,37.4,0.582768
595,12,20075876.286474,44.0,1.476122
595,19,24457024.085447,33.0,0.199696
595,24,23538465.092736,29.5,0.422048
595,25,21068273.572122,36.7,0.916104
595,29,23112375.46554,37.6,0.464746
596,2,21186032.876494,39.4,1.181977
596,5,22724408.875335,31.3,0.515889
596,6,22656539.760931,37.8,0.582646
596,12,20075833.952245,44.3,1.476261
596,19,24457585.214649,30.3,0.199606
596,24,23539057.405476,30.7,0.421938
596,25,21067867.278702,37.2,0.916242
596,29,23111912.21461,38.4,0.464836
596,31,25631049.955663,16.8,0.021666
597,2,21186300.737337,38.3,1.181849
597,5,22723868.808546,30.0,0.515996
597,6,22657106.229899,37.2,0.582523
597,12,20075792.438177,43.7,1.476399
597,19,24458152.887682,30.9,0.199516
597,24,23539645.757018,29.8,0.421828
597,25,21067466.307599,36.3,0.916378
597,29,23111448.597225,38.1,0.464926
598,2,21186571.407664,38.8,1.181722
598,5,22723329.125662,30.5,0.516102
598,6,22657673.676079,37.7,0.5824
598,12,20075754.606105,44.4,1.476537
598,19,24458711.050346,31.5,0.199426
598,24,23540234.492464,31.0,0.421718
598,25,21067060.345733,37.7,0.916515
598,29,23110984.770438,39.2,0.465017
599,2,21186842.269944,38.8,1.181593
599,5,22722800.453866,29.2,0.516209
599,6,22658242.553178,37.8,0.582277
599,12,20075713.999449,43.7,1.476675
599,19,24459273.610466,31.3,0.199335
599,24,23540809.058333,29.3,0.421608
599,25,21066657.280604,37.1,0.916652
599,29,23110522.043014,39.2,0.465107
600,2,21187111.160349,38.8,1.181465
600,5,22722266.494653,27.5,0.516315
600,6,22658811.220873,36.6,0.582154
600,12,20075674.090801,43.8,1.476813
600,19,24459843.796331,29.5,0.199245
600,24,23541397.811229,27.8,0.421498
600,25,21066251.022085,37.5,0.91679
600,29,23110057.622919,39.5,0.465197
601,2,21187382.040079,39.2,1.181337
601,5,22721724.333838,27.2,0.516423
601,6,22659380.708729,37.8,0.582032
601,12,20075637.9863,44.5,1.476951
601,19,24460397.090385,26.5,0.199155
601,24,23541981.084757,27.4,0.421388
601,25,21065849.475124,37.5,0.916926
601,29,23109597.914383,40.2,0.465287
602,2,21187651.506341,39.3,1.181209
602,5,22721199.047384,25.4,0.516529
602,6,22659951.156347,37.7,0.581909
602,12,20075599.264267,44.5,1.477089
602,19,24460969.038721,29.5,0.199064
602,24,23542577.027143,26.5,0.421278
602,25,21065450.406095,38.1,0.917063
602,29,23109133.494288,40.4,0.465378
603,2,21187924.7244,38.8,1.18108
603,5,22720649.033971,23.3,0.516636
603,6,22660519.963645,35.6,0.581786
603,12,20075560.088528,44.3,1.477226
603,19,24461524.653654,29.5,0.198974
603,24,23543153.338034,25.5,0.421169
603,25,21065044.897935,38.2,0.917199
603,29,23108669.824552,40.0,0.465468
604,2,21188197.17465,38.8,1.180952
604,5,22720085.967795,18.7,0.516743
604,6,22661090.411262,37.0,0.581663
604,12,20075522.57056,44.3,1.477363
604,19,24462087.021821,27.9,0.198884
604,24,23543751.967754,26.1,0.42106
604,25,21064645.811455,38.5,0.917336
604,29,23108209.59251,39.7,0.465558
605,2,21188472.294783,38.5,1.180825
605,5,22719570.837367,21.9,0.516849
605,6,22661661.138084,35.9,0.581541
605,12,20075490.409809,44.2,1.477502
605,19,24462658.935257,25.9,0.198794
605,24,23544343.355633,26.4,0.420949
605,25,21064244.002742,38.7,0.917474
605,29,23107750.215528,40.0,0.465648
606,2,21188745.059136,38.7,1.180696
606,5,22719041.362861,23.2,0.516956
606,6,22662233.383074,36.5,0.581417
606,12,20075450.483711,44.7,1.477639
606,19,24463223.676654,31.2,0.198704
606,24,23544931.811876,27.3,0.420839
606,25,21063843.118889,39.0,0.91761
606,29,23107288.77942,40.5,0.465738
607,2,21189018.032892,38.0,1.180567
607,5,22718503.983405,24.6,0.517064
607,6,22662804.947506,35.1,0.581293
607,12,20075413.454349,44.2,1.477775
607,19,24463785.364263,29.3,0.198613
607,24,23545501.875589,25.8,0.420731
607,25,21063443.962609,38.2,0.917746
607,29,23106826.3661,39.6,0.465828
608,2,21189288.284415,37.9,1.180439
608,5,22717973.496786,27.0,0.51717
608,6,22663380.996644,35.6,0.581171
608,12,20075377.332398,44.2,1.477914
608,19,24464354.799768,27.4,0.198523
608,24,23546101.901326,26.9,0.420621
608,25,21063040.286722,38.2,0.917883
608,29,23106365.121945,39.6,0.465919
608,31,25625043.573267,21.4,0.022677
609,2,21189561.676976,38.3,1.18031
609,5,22717439.851677,27.5,0.517277
609,6,22663951.775816,36.4,0.581047
609,12,20075339.83188,44.4,1.478051
609,19,24464924.095671,26.5,0.198432
609,24,23546687.966889,26.0,0.420511
609,25,21062640.345182,39.4,0.91802
609,29,23105903.12743,40.4,0.466009
610,2,21189832.137901,37.9,1.180182
610,5,22716898.179469,28.8,0.517384
610,6,22664522.031481,36.4,0.580925
610,12,20075306.903319,44.5,1.478188
610,19,24465487.144397,25.3,0.198342
610,24,23547283.717322,25.1,0.420401
610,25,21062240.176788,38.8,0.918157
610,29,23105440.888612,40.1,0.4661
611,2,21190111.289034,36.8,1.180053
611,5,22716371.182893,27.4,0.51749
611,6,22665099.77329,36.3,0.580801
611,12,20075269.472602,44.2,1.478325
611,19,24466046.00507,21.9,0.198251
611,24,23547868.945275,25.2,0.420292
611,25,21061841.788317,37.9,0.918293
611,29,23104984.041912,39.5,0.46619
612,2,21190384.699045,36.8,1.179924
612,5,22715828.550922,28.6,0.517597
612,6,22665673.274696,36.9,0.580677
612,12,20075234.101011,44.4,1.478462
612,19,24466644.390487,21.2,0.198161
612,24,23548449.63617,25.8,0.420183
612,25,21061438.86279,38.1,0.91843
612,29,23104520.860782,40.0,0.46628
613,2,21190659.348022,36.4,1.179796
613,5,22715297.959601,28.9,0.517704
613,6,22666245.310284,37.6,0.580554
613,12,20075199.950934,44.3,1.478599
613,19,24467220.631577,21.0,0.19807
613,24,23549037.568907,25.7,0.420074
613,25,21061042.864999,37.4,0.918567
613,29,23104061.326748,39.2,0.46637
613,31,25622594.976164,20.5,0.023097
614,2,21190931.972774,35.8,1.179667
614,5,22714759.655285,28.7,0.517812
614,6,22666820.43456,37.5,0.580431
614,12,20075165.312252,44.2,1.478735
614,19,24467773.559176,20.5,0.19798
614,24,23549633.982448,23.2,0.419964
614,25,21060645.47119,37.1,0.918703
614,29,23103603.06658,39.5,0.46646
614,31,25622103.735085,24.1,0.023181
615,2,21191206.290197,37.0,1.179539
615,5,22714233.513769,31.1,0.517918
615,6,22667397.234057,38.2,0.580308
615,12,20075129.329903,44.8,1.478873
615,19,24468310.484926,23.0,0.197889
615,24,23550217.674782,24.7,0.419854
615,25,21060242.249009,37.4,0.91884
615,29,23103143.480196,40.2,0.466551
615,31,25621592.600757,26.8,0.023265
616,2,21191485.074876,37.0,1.179409
616,5,22713693.272478,31.6,0.518025
616,6,22667971.032117,38.7,0.580184
616,12,20075094.830823,45.1,1.479009
616,19,24468900.162684,23.4,0.197799
616,24,23550822.935584,22.3,0.419746
616,25,21059844.715598,37.6,0.918977
616,29,23102678.484244,40.4,0.466642
616,31,25621096.421266,25.9,0.023349
617,2,21191759.497,35.7,1.179281
617,5,22713160.342829,30.3,0.518132
617,6,22668547.622212,37.6,0.580061
617,12,20075061.064651,44.3,1.479145
617,19,24469465.67189,19.1,0.197708
617,24,23551440.917595,18.8,0.419636
617,25,21059450.58498,35.4,0.919112
617,29,23102223.208063,39.5,0.466731
617,31,25620620.152473,18.7,0.023432
618,2,21192037.60112,35.4,1.179152
618,5,22712618.827672,30.6,0.51824
618,6,22669117.755726,35.4,0.579938
618,12,20075027.996489,43.8,1.479281
618,19,24470019.314948,17.9,0.197619
618,25,21059050.573639,35.4,0.919249
618,29,23101762.330362,39.1,0.466821
618,31,25620127.497926,19.3,0.023516
619,2,21192308.062045,34.9,1.179022
619,5,22712075.34064,30.1,0.518348
619,6,22669694.590123,37.3,0.579813
619,12,20074992.363144,44.1,1.479416
619,25,21058649.480384,36.0,0.919385
619,29,23101298.294172,38.9,0.466912
619,31,25619639.485136,18.4,0.023599
620,2,21192584.054688,35.9,1.178893
620,5,22711549.705182,29.6,0.518454
620,6,22670272.471534,35.8,0.579689
620,12,20074955.682787,44.1,1.479553
620,25,21058254.861161,35.8,0.919521
620,29,23100836.805714,39.7,0.467002
621,2,21192858.424462,36.2,1.178764
621,5,22711004.734882,28.5,0.518562
621,6,22670846.636048,38.6,0.579566
621,12,20074920.049442,44.3,1.479688
621,24,23553715.344075,21.8,0.419202
621,25,21057853.192049,36.6,0.919657
621,29,23100373.380281,39.7,0.467093
622,2,21193135.795673,35.9,1.178636
622,5,22710474.771769,29.3,0.518668
622,6,22671420.800563,37.9,0.579443
622,12,20074888.953154,43.9,1.479826
622,24,23554309.59379,23.5,0.419092
622,25,21057452.727002,35.5,0.919795
622,29,23099913.863697,39.1,0.467183
623,2,21193408.612377,35.8,1.178506
623,5,22709932.750556,29.0,0.518777
623,6,22671998.804125,35.6,0.579318
623,12,20074850.580125,44.0,1.47996
623,24,23554891.785404,20.4,0.418984
623,25,21057058.509133,35.6,0.91993
623,29,23099453.090698,38.4,0.467273
624,2,21193683.383506,35.8,1.178377
624,5,22709393.277074,30.7,0.518883
624,6,22672570.368557,37.7,0.579195
624,12,20074814.161521,43.4,1.480097
624,24,23555480.747703,22.8,0.418875
624,25,21056654.850696,36.9,0.920067
624,29,23098990.06662,39.2,0.467363
625,2,21193959.515751,36.7,1.178248
625,5,22708862.668303,32.1,0.51899
625,6,22673144.184067,38.5,0.579072
625,12,20074778.80738,43.7,1.480233
625,24,23556066.551512,22.9,0.418766
625,25,21056258.835455,38.4,0.920203
625,29,23098526.606288,39.1,0.467454
626,2,21194230.029026,37.3,1.178119
626,5,22708318.343661,32.7,0.519098
626,6,22673719.604997,38.9,0.578948
626,12,20074744.133797,44.6,1.480368
626,19,24474558.797141,22.7,0.196893
626,24,23556652.460023,22.8,0.418657
626,25,21055860.220131,39.2,0.920339
626,29,23098064.437271,40.4,0.467544
626,31,25616185.877643,19.8,0.024184
627,2,21194510.209722,37.4,1.177989
627,5,22707786.391224,32.7,0.519205
627,6,22674298.079715,38.9,0.578823
627,12,20074708.029296,44.3,1.480504
627,19,24475107.606489,20.4,0.196801
627,24,23557226.135932,22.8,0.418549
627,25,21055459.266478,39.2,0.920476
627,29,23097600.523232,40.0,0.467635
627,31,25615725.261695,18.9,0.024267
628,2,21194784.736548,36.3,1.17786
628,5,22707237.372473,30.8,0.519313
628,6,22674867.881674,37.0,0.5787
628,12,20074673.460415,42.9,1.480639
628,19,24475707.387923,18.5,0.196712
628,24,23557808.833602,18.1,0.41844
628,25,21055058.068522,36.8,0.920612
628,29,23097139.959635,38.4,0.467725
628,31,25615192.140093,19.0,0.02435
629,2,21195053.330299,36.8,1.177731
629,5,22706702.226646,32.1,0.519419
629,6,22675440.475669,38.3,0.578576
629,12,20074635.069936,43.8,1.480776
629,25,21054654.514786,38.0,0.920749
629,29,23096671.368938,39.4,0.467816
629,31,25614678.283532,18.9,0.024435
630,2,21195325.8678,37.0,1.177601
630,5,22706168.947992,31.8,0.519526
630,6,22676014.308629,38.3,0.578452
630,12,20074597.342565,43.8,1.480912
630,19,24476851.424198,19.8,0.19653
630,25,21054256.143765,38.1,0.920886
630,29,23096206.128683,39.7,0.467906
631,2,21195600.150322,36.9,1.177472
631,5,22705628.375147,32.6,0.519634
631,6,22676590.183265,38.0,0.578328
631,12,20074560.732008,43.9,1.481047
631,19,24477383.516237,20.0,0.196439
631,24,23559533.229219,20.0,0.418114
631,25,21053853.776645,38.4,0.921022
631,29,23095742.005242,39.4,0.467996
631,31,25613725.536543,21.0,0.024601
632,2,21195869.913239,37.4,1.177342
632,5,22705088.692263,32.9,0.519741
632,6,22677163.039013,39.1,0.578204
632,12,20074523.807348,44.8,1.481182
632,25,21053454.096858,39.5,0.921158
632,29,23095277.881801,40.4,0.468087
632,31,25613222.74342,21.7,0.024685
633,2,21196145.068272,37.2,1.177213
633,5,22704553.214881,31.2,0.519847
633,6,22677738.582094,38.4,0.578081
633,12,20074486.271929,44.1,1.481318
633,19,24478527.41291,22.0,0.196257
633,24,23560712.21828,22.0,0.417896
633,25,21053050.525672,38.7,0.921295
633,29,23094812.850948,39.7,0.468178
634,2,21196415.8084,37.2,1.177085
634,5,22704012.432633,32.6,0.519954
634,6,22678307.912898,38.4,0.577958
634,12,20074453.936676,44.1,1.481455
634,19,24479092.555662,22.9,0.196167
634,24,23561312.435969,19.8,0.417787
634,25,21052649.746521,38.9,0.921432
634,29,23094348.500654,39.3,0.468268
635,2,21196691.434589,38.0,1.176955
635,5,22703471.702736,33.0,0.520062
635,6,22678883.333828,38.9,0.577833
635,12,20074415.668348,44.7,1.481589
635,25,21052247.833106,39.4,0.921568
635,29,23093882.126135,40.7,0.468359
636,2,21196965.001653,36.8,1.176826
636,5,22702934.340731,33.1,0.520169
636,6,22679453.990849,38.7,0.57771
636,12,20074377.452372,44.3,1.481725
636,24,23562463.591933,20.4,0.417569
636,25,21051847.769414,39.2,0.921705
636,29,23093416.11807,39.9,0.468449
637,2,21197237.643855,37.5,1.176696
637,5,22702389.161028,33.2,0.520277
637,6,22680027.945961,38.9,0.577586
637,12,20074338.625637,44.3,1.481859
637,24,23563022.260654,22.1,0.417462
637,25,21051446.484207,39.2,0.92184
637,29,23092950.685863,40.2,0.468539
638,2,21197509.884702,37.6,1.176566
638,5,22701850.141253,32.8,0.520383
638,6,22680603.558843,39.0,0.577462
638,12,20074302.957392,44.3,1.481994
638,24,23563605.970438,22.3,0.417353
638,25,21051043.279476,38.8,0.921977
638,29,23092486.021465,40.1,0.46863
639,2,21197780.694631,37.5,1.176437
639,5,22701313.930962,32.5,0.52049
639,6,22681174.460166,38.9,0.577338
639,12,20074266.486437,44.3,1.48213
639,19,24481907.537537,20.7,0.195713
639,24,23564182.874636,21.8,0.417244
639,25,21050641.366061,38.9,0.922114
639,29,23092015.441443,39.9,0.468721
639,31,25609741.459881,19.2,0.02527
640,2,21198048.084317,36.0,1.176308
640,5,22700779.657645,32.4,0.520597
640,6,22681745.832646,38.2,0.577214
640,12,20074225.07707,43.7,1.482266
640,19,24482479.20667,19.6,0.195622
640,24,23564768.329441,20.3,0.417134
640,25,21050239.313044,38.8,0.92225
640,29,23091553.726132,39.7,0.46881
640,31,25609272.55508,22.1,0.025353
641,2,21198324.042061,36.2,1.176179
641,5,22700229.696583,32.0,0.520705
641,6,22682316.80377,38.3,0.577091
641,12,20074194.957994,44.0,1.482401
641,19,24483071.763714,19.4,0.195532
641,24,23565342.895311,22.5,0.417026
641,25,21049837.731184,38.7,0.922387
641,29,23091084.105872,39.4,0.468902
641,31,25608727.689481,19.8,0.025437
642,2,21198598.411834,36.6,1.176049
642,5,22699688.321028,31.5,0.520812
642,6,22682890.060873,37.8,0.576966
642,12,20074151.855957,43.5,1.482535
642,19,24483605.147069,19.6,0.19544
642,24,23565926.639994,21.0,0.416918
642,25,21049434.578803,38.2,0.922523
642,29,23090617.696452,39.1,0.468992
642,31,25608275.048283,21.5,0.025519
643,2,21198870.059374,36.6,1.17592
643,5,22699150.836871,31.9,0.520919
643,6,22683460.002435,37.8,0.576843
643,12,20074115.908508,43.5,1.482671
643,19,24484184.982904,21.3,0.19535
643,24,23566498.378928,21.7,0.416809
643,25,21049032.281483,38.4,0.92266
643,29,23090153.346158,38.9,0.469082
643,31,25607751.646453,18.8,0.025603
644,2,21199133.836865,36.3,1.175791
644,5,22698609.967373,31.9,0.521026
644,6,22684028.076823,38.2,0.57672
644,12,20074075.109899,43.6,1.482806
644,19,24484735.659425,20.7,0.195259
644,25,21048628.431094,38.3,0.922796
644,29,23089683.237292,39.4,0.469173
644,31,25607297.731389,18.6,0.025686
645,2,21199407.246877,36.7,1.175661
645,5,22698066.148787,32.2,0.521133
645,6,22684601.264125,38.2,0.576595
645,12,20074034.922048,43.2,1.48294
645,19,24485285.480886,20.9,0.195168
645,24,23567646.550905,19.7,0.416592
645,25,21048224.318952,38.0,0.922933
645,29,23089212.866673,38.7,0.469263
645,31,25606809.072941,18.5,0.025769
646,2,21199676.294334,36.1,1.175533
646,5,22697520.65498,32.2,0.52124
646,6,22685168.308951,37.2,0.576472
646,12,20073995.170452,43.2,1.483076
646,19,24485851.007542,19.9,0.195078
646,24,23568249.857283,21.0,0.416482
646,25,21047819.718203,38.0,0.923069
646,29,23088748.60363,39.0,0.469353
647,2,21199944.992786,36.6,1.175404
647,5,22696983.205724,32.0,0.521347
647,6,22685736.48804,38.2,0.576349
647,12,20073955.698059,43.5,1.483211
647,24,23568809.660268,21.0,0.416373
647,25,21047417.473234,39.1,0.923206
647,29,23088277.116197,38.9,0.469444
648,2,21200211.579763,36.7,1.175274
648,5,22696435.565541,31.3,0.521454
648,6,22686309.762594,38.5,0.576224
648,12,20073911.68861,43.7,1.483346
648,19,24486953.512299,20.9,0.194896
648,24,23569401.519303,22.1,0.416265
648,25,21047008.038775,38.2,0.923342
648,29,23087809.223509,38.6,0.469534
649,2,21200482.284991,36.7,1.175145
649,5,22695891.432851,32.5,0.521561
649,6,22686875.481202,38.7,0.576101
649,12,20073872.128966,44.0,1.483481
649,19,24487523.122307,20.2,0.194806
649,24,23569974.724055,22.8,0.416156
649,25,21046602.722568,39.0,0.923479
649,29,23087337.648824,39.8,0.469625
650,2,21200745.08527,37.3,1.175016
650,5,22695342.989958,32.9,0.521669
650,6,22687440.466902,38.5,0.575978
650,12,20073833.319682,44.6,1.483615
650,19,24488094.093431,21.4,0.194716
650,24,23570543.601154,22.6,0.416047
650,25,21046199.378235,39.1,0.923614
650,29,23086871.64076,40.0,0.469714
650,31,25604295.473777,19.4,0.026186
651,2,21201016.436156,37.5,1.174887
651,5,22694798.298861,32.7,0.521776
651,6,22688008.296987,38.6,0.575854
651,12,20073791.090155,44.4,1.48375
651,24,23571114.450127,22.4,0.415938
651,25,21045792.596209,39.3,0.923751
651,29,23086401.305041,39.7,0.469805
652,2,21201287.525288,36.5,1.174758
652,5,22694258.773029,32.2,0.521883
652,6,22688576.807631,38.4,0.575731
652,12,20073751.600312,43.8,1.483885
652,24,23571703.325174,23.5,0.41583
652,25,21045389.757933,38.7,0.923888
652,29,23085928.910196,39.5,0.469896
653,2,21201553.641109,36.4,1.174629
653,5,22693715.44305,31.7,0.52199
653,6,22689144.201461,38.4,0.575607
653,12,20073711.32521,43.5,1.48402
653,24,23572272.830481,22.8,0.415721
653,25,21044986.43105,38.7,0.924024
653,29,23085462.029621,39.0,0.469986
654,2,21201819.687128,36.6,1.174498
654,5,22693168.745178,31.7,0.522098
654,6,22689714.823581,38.4,0.575483
654,12,20073670.090345,43.4,1.484153
654,24,23572832.057609,22.8,0.415613
654,25,21044581.236994,38.6,0.92416
654,29,23084990.280434,39.1,0.470076
655,2,21202087.827174,36.7,1.17437
655,5,22692623.565476,31.6,0.522205
655,6,22690277.680354,38.2,0.57536
655,12,20073627.651416,43.6,1.484288
655,24,23573378.423926,20.0,0.415503
655,25,21044171.558232,37.7,0.924296
655,29,23084520.346071,38.6,0.470166
656,2,21202353.995345,36.7,1.174241
656,5,22692076.378998,31.6,0.522312
656,6,22690842.142547,38.5,0.575236
656,12,20073584.130573,43.8,1.484423
656,24,23573959.376575,20.2,0.415395
656,25,21043766.189674,38.7,0.924433
656,29,23084049.03314,39.0,0.470256
657,2,21202618.627897,35.8,1.17411
657,5,22691531.56575,31.7,0.52242
657,6,22691414.649291,38.2,0.575111
657,12,20073545.966946,43.4,1.484555
657,24,23574549.577839,20.0,0.415287
657,25,21043363.770203,38.2,0.924568
657,29,23083576.463793,39.1,0.470347
657,31,25600886.067686,22.7,0.026767
658,2,21202885.616229,37.0,1.173981
658,5,22690981.02883,32.0,0.522527
658,6,22691979.041683,38.5,0.574988
658,12,20073502.079649,43.6,1.48469
658,24,23575139.133446,24.3,0.415178
658,25,21042954.737099,39.0,0.924704
658,29,23083107.175088,39.3,0.470436
658,31,25600375.997821,23.6,0.02685
659,2,21203155.152292,36.7,1.173853
659,5,22690439.321721,32.0,0.522634
659,6,22692545.37105,38.2,0.574865
659,12,20073460.425979,43.6,1.484825
659,24,23575706.666877,21.9,0.415069
659,25,21042551.235714,38.5,0.924841
659,29,23082638.305187,39.3,0.470527
659,31,25599757.841308,22.2,0.026934
660,2,21203425.281663,37.0,1.173723
660,5,22689892.815802,31.7,0.522742
660,6,22693114.091096,38.2,0.57474
660,12,20073424.164427,43.5,1.484958
660,19,24493655.599976,22.5,0.19381
660,24,23576291.284072,20.3,0.414961
660,25,21042146.530265,38.7,0.924976
660,29,23082170.046044,39.0,0.470616
660,31,25599372.034444,25.8,0.027016
661,2,21203694.36402,37.1,1.173594
661,5,22689353.063117,32.0,0.522849
661,6,22693680.874169,38.2,0.574618
661,12,20073383.261116,43.9,1.485094
661,19,24494207.096658,24.4,0.19372
661,25,21041740.795252,38.8,0.925113
661,29,23081701.943953,39.2,0.470707
661,31,25598826.889642,24.1,0.0271
662,2,21203962.765819,36.7,1.173465
662,5,22688803.328908,31.5,0.522957
662,6,22694248.774055,38.1,0.574494
662,12,20073346.476057,43.4,1.485227
662,19,24494743.516351,19.8,0.19363
662,24,23577425.059619,22.2,0.414743
662,25,21041340.958413,38.2,0.925249
662,29,23081235.569434,39.2,0.470797
662,31,25598297.240633,25.6,0.027183
663,2,21204233.087142,37.0,1.173337
663,5,22688262.703712,31.8,0.523063
663,6,22694817.371949,38.5,0.574371
663,12,20073305.310994,43.8,1.485362
663,19,24495344.187746,20.5,0.193539
663,24,23578038.923379,20.9,0.414633
663,25,21040936.427465,38.5,0.925386
663,29,23080768.985512,38.9,0.470887
663,31,25597811.775575,23.1,0.027266
664,2,21204500.633881,36.8,1.173207
664,5,22687713.318507,32.5,0.523172
664,6,22695386.214147,38.6,0.574246
664,12,20073266.170155,44.1,1.485494
664,24,23578590.38516,20.9,0.414525
664,25,21040536.346323,39.6,0.92552
664,29,23080303.535854,39.7,0.470976
664,31,25597368.819248,25.5,0.027347
665,2,21204775.43991,37.3,1.173079
665,5,22687173.600722,32.6,0.523278
665,6,22695954.515388,38.3,0.574125
665,12,20073228.89649,43.9,1.48563
665,25,21040133.316094,39.1,0.925658
665,29,23079836.061971,39.8,0.471068
666,2,21205046.825696,37.0,1.17295
666,5,22686629.24118,32.5,0.523386
666,6,22696524.195197,38.7,0.574001
666,12,20073194.484661,43.9,1.485764
666,19,24497000.056358,21.5,0.193269
666,25,21039735.869935,39.1,0.925794
666,29,23079369.949205,39.9,0.471158
667,2,21205311.144144,35.8,1.17282
667,5,22686080.833187,30.9,0.523494
667,6,22697093.717953,37.9,0.573877
667,12,20073152.429636,42.9,1.485897
667,19,24497574.971231,21.5,0.193179
667,24,23580308.6732,19.7,0.414199
667,25,21039334.357875,38.9,0.925929
667,29,23078906.384171,38.4,0.471247
668,2,21205580.278852,36.7,1.172692
668,5,22685544.11684,31.5,0.5236
668,6,22697661.722541,38.5,0.573755
668,12,20073117.267447,43.2,1.486032
668,19,24498130.394212,21.4,0.193089
668,24,23580920.460384,21.6,0.414089
668,25,21038928.954416,38.0,0.926067
668,29,23078437.130366,38.8,0.471338
669,2,21205853.165357,37.2,1.172563
669,5,22684997.959925,32.4,0.523709
669,6,22698230.198284,39.0,0.573631
669,12,20073079.557527,44.4,1.486165
669,19,24498696.775929,20.7,0.192999
669,24,23581461.661437,23.1,0.413981
669,25,21038533.288179,39.6,0.926202
669,29,23077973.722384,39.6,0.471427
670,2,21206129.035849,37.4,1.172433
670,5,22684451.523807,32.1,0.523817
670,6,22698804.083595,39.2,0.573507
670,12,20073043.051671,44.4,1.486298
670,19,24499240.664315,23.5,0.192908
670,24,23582058.912589,23.8,0.413872
670,25,21038132.229825,39.4,0.926337
670,29,23077510.000297,40.0,0.471517
671,2,21206397.891354,37.1,1.172305
671,5,22683913.638295,32.5,0.523924
671,6,22699371.826429,39.2,0.573384
671,12,20073008.831794,44.4,1.486432
671,19,24499804.219097,23.8,0.192819
671,24,23582623.374782,21.7,0.413763
671,25,21037735.568926,39.7,0.926473
671,29,23077047.377575,40.2,0.471607
672,2,21206671.057063,36.7,1.172176
672,5,22683367.760584,31.8,0.524032
672,6,22699942.396198,39.2,0.573262
672,12,20072975.309926,44.1,1.486566
672,24,23583229.612797,23.7,0.413654
672,25,21037335.99384,39.7,0.92661
672,29,23076583.952142,40.0,0.471697
673,2,21206944.536875,36.7,1.172047
673,5,22682832.702008,32.0,0.524138
673,6,22700516.264059,38.9,0.573138
673,12,20072940.601443,44.7,1.4867
673,24,23583814.561546,20.5,0.413545
673,25,21036936.139551,39.2,0.926746
673,29,23076124.138905,40.0,0.471786
674,2,21207222.379242,37.5,1.171918
674,5,22682291.518405,32.7,0.524246
674,6,22701087.304984,39.0,0.573015
674,12,20072908.754795,43.9,1.486833
674,24,23584422.771435,20.3,0.413436
674,25,21036541.834431,39.9,0.926881
674,29,23075661.777936,40.0,0.471876
674,31,25592326.543932,27.3,0.028177
675,2,21207496.975868,37.7,1.171789
675,5,22681754.261101,32.8,0.524354
675,6,22701661.975555,39.1,0.572891
675,12,20072874.552369,44.2,1.486966
675,19,24502047.008332,21.6,0.192458
675,24,23584952.193591,20.5,0.413328
675,25,21036144.597674,39.6,0.927018
675,29,23075197.689395,40.1,0.471967
676,2,21207771.555044,37.7,1.17166
676,5,22681211.297576,32.6,0.524462
676,6,22702235.145407,38.9,0.572768
676,12,20072844.834648,43.8,1.4871
676,19,24502590.792018,21.0,0.192368
676,24,23585535.55437,20.0,0.413219
676,25,21035747.343467,39.6,0.927154
676,29,23074738.975521,39.8,0.472056
677,2,21208044.336848,37.2,1.171531
677,5,22680671.963696,31.9,0.524569
677,6,22702811.037493,38.5,0.572644
677,12,20072810.649671,43.5,1.487232
677,19,24503158.883856,21.4,0.192278
677,25,21035352.200737,39.4,0.927289
677,29,23074276.370249,40.0,0.472146
678,2,21208319.491881,37.1,1.171402
678,5,22680128.389414,31.8,0.524677
678,6,22703382.985829,38.8,0.572521
678,12,20072775.819037,44.0,1.487365
678,25,21034956.709002,39.6,0.927425
678,29,23073815.248245,39.8,0.472236
679,2,21208594.053607,37.1,1.171274
679,5,22679600.398176,33.2,0.524783
679,6,22703955.230819,38.5,0.572398
679,12,20072745.787212,44.3,1.4875
679,25,21034561.828024,39.3,0.927562
679,29,23073357.406882,39.9,0.472326
680,2,21208871.163065,37.2,1.171145
680,5,22679060.57569,33.1,0.524891
680,6,22704529.447684,38.3,0.572275
680,12,20072717.116504,43.7,1.487633
680,25,21034161.118675,38.9,0.927698
680,29,23072896.738584,40.2,0.472416
680,31,25589365.713137,26.1,0.028674
681,2,21209148.935631,37.5,1.171016
681,5,22678527.401737,33.3,0.524998
681,6,22705106.404234,37.5,0.572152
681,12,20072685.793363,44.3,1.487767
681,25,21033770.949256,39.6,0.927834
681,29,23072437.902559,40.0,0.472506
681,31,25588855.922476,29.0,0.028757
682,2,21209426.254491,36.3,1.170886
682,5,22677984.804667,31.8,0.525106
682,6,22705679.033129,37.0,0.572028
682,12,20072652.829902,43.2,1.487899
682,25,21033374.637361,38.5,0.92797
682,29,23071973.848919,38.7,0.472596
682,31,25588385.865961,22.7,0.028839
683,2,21209700.24036,37.1,1.170757
683,5,22677450.234696,33.5,0.525213
683,6,22706257.280994,37.9,0.571905
683,12,20072622.815528,43.8,1.488032
683,25,21032984.572644,39.6,0.928105
683,29,23071516.618313,39.8,0.472686
683,31,25587893.874522,22.5,0.028921
684,2,21209977.314917,36.7,1.170629
684,5,22676911.267271,32.5,0.525321
684,6,22706828.758175,37.2,0.571782
684,12,20072594.703227,43.8,1.488164
684,24,23590205.319888,20.6,0.412348
684,25,21032588.923857,39.4,0.928241
684,29,23071056.508422,39.4,0.472775
684,31,25587469.72953,23.3,0.029004
685,2,21210256.064696,37.2,1.1705
685,5,22676380.885353,32.7,0.525428
685,6,22707402.20723,37.5,0.571658
685,12,20072563.170683,44.0,1.488298
685,24,23590790.163935,24.1,0.412239
685,25,21032191.931403,39.2,0.928378
685,29,23070595.683072,39.6,0.472866
685,31,25586993.321135,23.5,0.029087
686,2,21210530.469369,36.9,1.170371
686,5,22675839.858803,31.8,0.525535
686,6,22707977.907364,37.2,0.571536
686,12,20072534.779179,44.1,1.488431
686,24,23591380.836356,25.4,0.41213
686,25,21031798.708197,39.7,0.928514
686,29,23070136.480592,39.5,0.472955
686,31,25586459.466624,24.0,0.02917
687,2,21210807.229823,36.5,1.170242
687,5,22675314.677049,30.3,0.525642
687,6,22708551.757774,36.0,0.571412
687,12,20072503.665441,43.2,1.488565
687,24,23591961.282948,27.0,0.41202
687,25,21031403.321163,38.7,0.928651
687,29,23069674.555879,39.2,0.473046
687,31,25585986.757675,23.6,0.029253
688,2,21211080.884137,37.0,1.170115
688,5,22674777.088192,29.6,0.525749
688,6,22709120.111366,36.4,0.57129
688,12,20072473.633616,43.5,1.488699
688,24,23592556.317923,27.9,0.41191
688,25,21031005.752853,39.1,0.928787
688,29,23069217.02862,39.3,0.473135
688,31,25585511.535896,24.6,0.029336
689,2,21211362.460851,38.6,1.169985
689,5,22674236.637498,30.3,0.525856
689,6,22709696.68401,37.2,0.571167
689,12,20072439.815094,44.2,1.488832
689,24,23593133.501325,28.8,0.411802
689,25,21030608.289243,40.0,0.928924
689,29,23068752.416572,40.4,0.473226
689,31,25584964.174916,26.1,0.029419
690,2,21211635.591659,38.6,1.169856
690,5,22673704.528008,29.4,0.525963
690,6,22710267.812186,36.5,0.571043
690,12,20072412.854508,44.0,1.488964
690,19,24510480.140159,22.7,0.191107
690,24,23593725.604663,28.3,0.411693
690,25,21030218.276877,39.7,0.92906
690,29,23068290.753612,40.3,0.473316
690,31,25584541.792396,25.7,0.029502
691,2,21211914.254186,39.8,1.169728
691,5,22673167.445207,28.5,0.52607
691,6,22710848.36348,34.1,0.570921
691,12,20072383.642843,44.2,1.489098
691,19,24511047.813192,24.2,0.191017
691,24,23594306.452611,26.8,0.411583
691,25,21029823.011995,39.8,0.929197
691,29,23067835.826435,40.5,0.473406
691,31,25583939.061875,23.2,0.029585
692,2,21212187.85615,40.8,1.1696
692,5,22672637.010938,27.1,0.526176
692,6,22711418.462094,35.0,0.570799
692,12,20072351.447192,43.7,1.489233
692,19,24511603.82948,24.0,0.190927
692,24,23594909.532136,27.0,0.411473
692,25,21029425.077229,39.0,0.929334
692,29,23067373.448016,40.1,0.473496
692,31,25583465.585117,24.7,0.029669
693,2,21212463.709192,40.3,1.169471
693,5,22672105.512206,22.5,0.526283
693,6,22711991.9984,35.3,0.570676
693,12,20072319.111938,42.5,1.489365
693,19,24512163.266011,22.3,0.190837
693,24,23595481.567724,26.5,0.411364
693,25,21029027.59617,38.3,0.92947
693,29,23066912.395813,39.3,0.473586
693,31,25582969.457976,26.7,0.029752
694,2,21212739.038727,40.9,1.169344
694,5,22671557.313616,20.6,0.52639
694,6,22712558.729122,35.8,0.570554
694,12,20072291.051988,42.3,1.489499
694,19,24512722.213935,23.9,0.190748
694,24,23596072.885802,26.6,0.411254
694,25,21028633.186348,37.9,0.929607
694,29,23066452.634926,39.0,0.473676
694,31,25582470.4341,27.6,0.029835
695,2,21213017.142848,41.3,1.169215
695,5,22671031.678157,19.6,0.526498
695,6,22713134.533957,36.7,0.570431
695,12,20072261.264466,42.0,1.489631
695,19,24513290.201072,28.2,0.190658
695,24,23596654.082754,26.0,0.411146
695,25,21028242.161869,37.7,0.929743
695,29,23065993.257944,39.2,0.473766
695,31,25581983.468323,28.1,0.029918
696,2,21213292.036128,41.9,1.169087
696,5,22670456.955236,17.6,0.526605
696,6,22713703.81241,37.7,0.570308
696,12,20072231.8783,42.6,1.489765
696,19,24513846.897919,31.5,0.190569
696,24,23597244.057166,28.1,0.411036
696,25,21027844.611009,38.0,0.929879
696,29,23065531.856737,40.0,0.473856
696,31,25581493.291707,30.6,0.030001
697,2,21213567.540165,41.7,1.168958
697,5,22669973.392252,18.5,0.526713
697,6,22714276.720509,37.8,0.570185
697,12,20072198.600734,43.0,1.489896
697,19,24514408.707679,31.3,0.190479
697,24,23597822.950689,27.9,0.410927
697,25,21027450.689793,37.8,0.930014
697,29,23065076.458405,40.4,0.473945
697,31,25581012.712711,29.8,0.030083
698,2,21213841.19448,41.7,1.16883
698,5,22669413.03086,22.1,0.526819
698,6,22714846.574819,38.7,0.570063
698,12,20072167.661498,42.4,1.490031
698,19,24514968.371062,31.6,0.190389
698,24,23598423.081127,25.9,0.410817
698,25,21027053.71479,37.3,0.930152
698,29,23064612.334963,39.6,0.474035
698,31,25580504.527469,24.4,0.030167
699,2,21214117.134773,41.8,1.168702
699,5,22668880.711968,24.9,0.526927
699,6,22715416.900285,38.5,0.56994
699,12,20072139.601548,42.7,1.490163
699,19,24515524.910856,31.7,0.1903
699,24,23598994.017351,27.4,0.410708
699,25,21026661.398995,37.5,0.930287
699,29,23064156.168821,39.5,0.474125
699,31,25580021.976598,28.7,0.030249
700,2,21214392.324707,41.2,1.168574
700,5,22668341.674742,27.5,0.527033
700,6,22715987.08615,38.5,0.569818
700,12,20072111.401996,42.9,1.490297
700,19,24516093.596002,32.3,0.19021
700,24,23599590.884599,27.3,0.410598
700,25,21026262.661519,36.8,0.930425
700,29,23063696.268333,40.3,0.474215
700,31,25579530.892571,29.5,0.030333
701,2,21214665.87432,41.2,1.168447
701,5,22667812.985495,30.6,0.527139
701,6,22716557.743171,39.1,0.569697
701,12,20072080.375509,43.2,1.490431
701,19,24516647.762567,31.8,0.190121
701,24,23600187.315591,30.0,0.410487
701,25,21025865.878468,35.4,0.930561
701,29,23063238.636373,40.0,0.474304
701,31,25579034.887582,34.5,0.030416
702,2,21214937.993015,40.3,1.168319
702,5,22667272.063646,29.4,0.527247
702,6,22717126.655169,37.9,0.569574
702,12,20072047.307347,42.4,1.490563
702,19,24517197.79343,30.6,0.190032
702,24,23600767.325928,28.5,0.410378
702,25,21025467.071192,32.9,0.930697
702,29,23062777.165365,38.4,0.474394
702,31,25578545.827779,35.6,0.030498
703,2,21215208.610992,40.9,1.168191
703,5,22666739.221247,30.7,0.527354
703,6,22717689.564293,38.8,0.569452
703,12,20072013.628426,43.4,1.490697
703,19,24517757.404463,31.7,0.189942
703,24,23601355.415716,30.2,0.410268
703,25,21025073.638583,33.5,0.930834
703,29,23062313.58288,39.0,0.474484
703,31,25578045.372985,35.9,0.030582
704,2,21215480.537735,39.9,1.168063
704,5,22666202.923705,30.9,0.527461
704,6,22718261.285777,38.7,0.56933
704,12,20071980.961619,43.7,1.490829
704,19,24518309.023296,29.7,0.189853
704,24,23601939.422153,30.2,0.410158
704,25,21024678.827407,32.9,0.93097
704,29,23061851.623266,39.0,0.474574
704,31,25577551.636524,36.5,0.030665
705,2,21215752.447028,39.9,1.167935
705,5,22665658.197708,30.8,0.527568
705,6,22718828.487654,38.5,0.569208
705,12,20071951.889556,43.3,1.490962
705,19,24518866.941657,31.2,0.189764
705,24,23602527.913296,28.5,0.410049
705,25,21024274.994468,30.9,0.931107
705,29,23061389.035444,38.0,0.474663
705,31,25577055.771137,35.2,0.030748
706,2,21216026.014092,40.3,1.167806
706,5,22665121.132357,29.9,0.527674
706,6,22719395.253276,38.3,0.569085
706,12,20071914.860194,43.6,1.491095
706,19,24519428.315162,32.6,0.189673
706,24,23603110.87272,27.5,0.409939
706,25,21023881.841062,28.9,0.931243
706,29,23060923.620686,37.0,0.474753
706,31,25576561.877624,34.1,0.030831
707,2,21216296.230713,39.6,1.167679
707,5,22664578.01178,29.1,0.527782
707,6,22719961.966548,37.6,0.568963
707,12,20071883.798806,43.0,1.491227
707,19,24519980.038696,33.4,0.189584
707,24,23603688.66688,28.1,0.40983
707,25,21023472.424054,24.6,0.931379
707,29,23060466.233029,34.9,0.474842
707,31,25576066.431042,29.5,0.030913
708,2,21216568.262158,39.9,1.167551
708,5,22664039.096705,27.0,0.527888
708,6,22720526.603243,38.0,0.568841
708,12,20071850.643393,43.4,1.49136
708,19,24520536.875144,33.2,0.189495
708,24,23604275.796906,28.4,0.409719
708,25,21023066.61924,19.6,0.931516
708,29,23060004.378116,32.9,0.474933
708,31,25575562.294251,32.7,0.030997
709,2,21216838.356628,39.1,1.167424
709,5,22663510.843714,28.7,0.527994
709,6,22721090.786233,38.5,0.568719
709,12,20071817.941685,43.6,1.491494
709,19,24521091.181311,33.1,0.189406
709,24,23604869.366062,29.4,0.409609
709,25,21022675.978666,19.8,0.931654
709,29,23059537.881445,33.1,0.475023
709,31,25575066.428864,31.8,0.031081
710,2,21217108.573249,39.8,1.167296
710,5,22662978.210718,29.5,0.528101
710,6,22721658.092812,38.2,0.568597
710,12,20071784.158063,43.9,1.491627
710,19,24521641.979984,32.9,0.189316
710,24,23605455.553777,29.9,0.409499
710,29,23059073.897606,32.6,0.475112
710,31,25574572.4481,33.5,0.031164
711,2,21217383.623581,40.1,1.167168
711,5,22662442.314531,30.5,0.528208
711,6,22722224.230226,37.7,0.568475
711,12,20071753.410779,43.9,1.49176
711,19,24522199.130536,33.1,0.189227
711,24,23606030.084746,27.8,0.409389
711,29,23058617.748914,31.3,0.475202
711,31,25574078.240484,35.0,0.031247
712,2,21217658.167857,39.6,1.167041
712,5,22661901.741686,30.6,0.528315
712,6,22722791.083099,37.0,0.568353
712,12,20071717.986837,43.4,1.491892
712,19,24522749.510403,32.3,0.189138
712,24,23606630.529288,25.1,0.409279
712,25,21021501.561562,23.7,0.932063
712,29,23058158.127629,29.5,0.475291
712,31,25573585.324183,31.4,0.031329
713,2,21217929.344241,39.9,1.166914
713,5,22661362.582309,30.4,0.528422
713,6,22723352.770707,35.9,0.568232
713,12,20071692.666571,43.4,1.492026
713,19,24523306.085098,31.1,0.189049
713,25,21021090.120328,25.9,0.9322
713,29,23057690.304742,28.8,0.475381
713,31,25573083.630423,29.9,0.031413
714,2,21218200.15417,39.6,1.166786
714,5,22660824.557195,30.7,0.528529
714,6,22723919.466528,35.3,0.56811
714,12,20071657.992989,42.7,1.492158
714,19,24523868.889521,29.2,0.18896
714,25,21020694.488991,25.4,0.932336
714,29,23057232.620431,27.7,0.475471
714,31,25572590.574521,28.8,0.031496
715,2,21218471.784259,39.9,1.166659
715,5,22660289.149614,31.2,0.528635
715,6,22724483.405215,35.1,0.567988
715,12,20071625.936939,43.0,1.492291
715,19,24524413.929621,29.1,0.188871
715,25,21020304.773278,24.6,0.932473
715,29,23056764.675392,29.3,0.475561
715,31,25572088.741159,25.5,0.031579
716,2,21218745.456024,41.4,1.166532
716,5,22659759.361004,32.3,0.528742
716,6,22725051.758807,35.4,0.567867
716,12,20071597.702486,43.5,1.492425
716,19,24524971.498979,30.5,0.188782
716,24,23608992.52096,25.4,0.408837
716,25,21019909.00234,22.6,0.93261
716,29,23056309.224709,31.2,0.47565
716,31,25571588.932023,24.9,0.031663
717,2,21219016.248503,42.3,1.166404
717,5,22659216.51963,34.0,0.52885
717,6,22725619.658693,36.2,0.567745
717,12,20071563.918865,44.3,1.492556
717,19,24525518.702907,31.5,0.188693
717,24,23609573.595761,24.8,0.408728
717,25,21019514.854272,21.5,0.932745
717,29,23055846.741588,31.1,0.475739
718,2,21219290.164571,42.8,1.166275
718,5,22658685.806158,34.3,0.528955
718,6,22726184.365189,35.7,0.567622
718,12,20071530.850702,43.9,1.492689
718,19,24526080.722069,31.4,0.188602
718,24,23610161.109692,23.4,0.408618
718,29,23055375.079653,30.3,0.475831
719,2,21219560.119439,43.0,1.166149
719,5,22658146.315227,35.0,0.529062
719,6,22726746.925309,35.4,0.567501
719,12,20071499.806765,43.3,1.492821
719,19,24526630.979785,32.0,0.188514
719,24,23610744.348319,23.0,0.408508
719,29,23054921.635745,30.7,0.475919
720,2,21219830.24881,43.3,1.166022
720,5,22657610.296888,35.6,0.529168
720,6,22727308.159212,35.6,0.56738
720,12,20071468.047369,43.7,1.492955
720,19,24527184.116787,31.3,0.188425
720,29,23054455.173975,31.5,0.476009
721,2,21220102.297704,43.4,1.165893
721,5,22657072.306675,35.6,0.529275
721,6,22727874.889933,35.7,0.567257
721,12,20071434.595301,43.9,1.493087
721,19,24527735.857772,32.5,0.188336
721,24,23611917.578808,23.4,0.408288
721,29,23053984.314749,31.4,0.4761
722,2,21220371.606915,43.0,1.165766
722,5,22656533.984908,35.6,0.529382
722,6,22728438.898421,36.1,0.567135
722,12,20071399.625065,43.3,1.493219
722,19,24528292.083462,30.7,0.188246
722,29,23053523.053144,31.6,0.476189
723,2,21220640.951026,42.4,1.165639
723,5,22656002.259324,34.4,0.529487
723,6,22729003.238463,35.9,0.567014
723,12,20071367.673716,43.0,1.493352
723,19,24528845.325165,30.7,0.188157
723,29,23053060.884127,30.3,0.476279
724,2,21220908.096409,42.7,1.165511
724,5,22655459.976357,35.3,0.529594
724,6,22729565.973084,35.9,0.566892
724,12,20071333.226986,43.8,1.493484
724,19,24529392.180089,29.5,0.188068
724,24,23613676.124501,24.8,0.407956
724,29,23052592.956538,30.7,0.476369
725,2,21221177.370719,42.3,1.165384
725,5,22654922.806305,35.4,0.529701
725,6,22730128.742606,35.8,0.566771
725,12,20071298.204399,43.6,1.493617
725,19,24529945.351991,31.3,0.187979
725,24,23614270.67087,24.4,0.407846
725,25,21016322.581239,21.4,0.933841
725,29,23052126.233015,30.9,0.476458
726,2,21221445.685267,43.1,1.165257
726,5,22654381.675052,35.4,0.529807
726,6,22730688.161687,36.6,0.566649
726,12,20071263.443566,44.2,1.493749
726,19,24530493.079426,32.0,0.18789
726,29,23051662.144474,31.2,0.476548
727,2,21221716.756949,42.2,1.165129
727,5,22653846.023169,35.0,0.529914
727,6,22731252.135274,37.2,0.566528
727,12,20071233.830546,43.4,1.493882
727,19,24531047.158739,30.6,0.187801
727,24,23615429.138475,27.2,0.407626
727,29,23051194.548439,32.0,0.476638
728,2,21221982.10496,42.2,1.165002
728,5,22653301.611276,34.4,0.530021
728,6,22731810.961047,36.3,0.566406
728,12,20071197.568994,43.5,1.494013
728,19,24531598.201715,26.6,0.187712
728,24,23616010.440128,23.6,0.407515
728,25,21015080.335139,22.8,0.934252
728,29,23050730.774002,29.5,0.476728
729,2,21222250.506759,42.8,1.164875
729,5,22652763.568712,34.5,0.530127
729,6,22732371.968097,36.2,0.566285
729,12,20071162.284653,43.1,1.494146
729,24,23616591.532379,24.1,0.407405
729,29,23050266.196856,30.9,0.476817
730,2,21222518.507203,39.9,1.164747
730,5,22652226.346309,32.9,0.530233
730,6,22732933.481203,33.7,0.566163
730,12,20071123.911625,40.4,1.494278
730,19,24532728.208015,17.7,0.187534
730,24,23617186.916358,21.0,0.407294
730,25,21014289.264418,21.9,0.934526
730,29,23049800.607596,29.4,0.476908
730,31,25564595.251207,24.6,0.032828
731,2,21222785.861989,42.9,1.16462
731,5,22651688.757451,35.8,0.530339
731,6,22733494.017097,36.9,0.566041
731,12,20071090.860912,43.4,1.49441
731,29,23049328.666457,30.8,0.476997
732,2,21223054.804745,43.0,1.164492
732,5,22651147.050342,35.8,0.530446
732,6,22734056.455065,35.9,0.565919
732,12,20071056.117529,43.0,1.494542
732,19,24533788.535596,30.1,0.187355
732,25,21013501.072983,22.1,0.934799
732,29,23048859.534804,31.5,0.477087
733,2,21223324.113956,43.2,1.164365
733,5,22650612.323319,35.4,0.530552
733,6,22734618.369527,36.6,0.565798
733,12,20071023.537972,43.3,1.494674
733,19,24534348.041927,29.8,0.187266
733,24,23618939.860531,24.7,0.406964
733,25,21013097.344746,20.3,0.934937
733,29,23048391.345462,32.3,0.477178
734,2,21223594.662131,42.4,1.164237
734,5,22650068.033578,35.3,0.530659
734,6,22735182.709569,36.0,0.565676
734,12,20070989.195944,42.7,1.494805
734,19,24534896.188167,29.2,0.187177
734,24,23619530.288648,24.0,0.406854
734,25,21012684.071239,20.5,0.935073
734,29,23047930.101306,30.6,0.477267
734,31,25562605.123675,25.7,0.03316
735,2,21223862.732376,42.7,1.16411
735,5,22649531.160179,34.9,0.530765
735,6,22735744.868333,36.1,0.565554
735,12,20070956.87814,42.6,1.494937
735,19,24535444.875363,25.8,0.187088
735,24,23620116.144808,24.3,0.406744
735,29,23047461.283757,29.0,0.477357
735,31,25562088.946234,24.0,0.033244
736,2,21224130.977123,42.2,1.163982
736,5,22648995.368693,35.7,0.530872
736,6,22736306.922396,37.0,0.565432
736,12,20070921.122644,43.3,1.495068
736,19,24535999.408382,30.9,0.186998
736,24,23620677.884767,24.4,0.406634
736,25,21011892.005856,22.0,0.935347
736,29,23046995.031389,29.5,0.477447
737,2,21224400.216533,41.3,1.163854
737,5,22648456.366368,36.0,0.530978
737,6,22736867.266338,37.7,0.565311
737,12,20070885.4893,44.2,1.4952
737,19,24536545.076691,30.2,0.186909
737,24,23621263.409373,26.6,0.406524
737,25,21011492.709973,23.8,0.935484
737,29,23046530.087787,29.7,0.477537
738,2,21224667.972674,40.0,1.163727
738,5,22647914.380055,35.5,0.531085
738,6,22737428.814345,38.1,0.565189
738,12,20070850.745916,44.3,1.495331
738,19,24537096.119667,25.1,0.18682
738,24,23621858.828253,27.3,0.406413
738,25,21011086.835359,25.3,0.935621
738,29,23046058.844657,29.3,0.477627
738,31,25560604.072306,27.7,0.033493
739,2,21224937.962443,38.7,1.1636
739,5,22647376.128089,35.6,0.531191
739,6,22737990.501954,37.1,0.565068
739,12,20070818.23616,44.6,1.495463
739,19,24537636.221356,24.7,0.186731
739,24,23622439.414447,28.7,0.406303
739,25,21010687.382425,25.3,0.935758
739,29,23045603.341624,28.2,0.477716
739,31,25560097.300533,30.1,0.033576
740,2,21225206.294441,39.4,1.163473
740,5,22646840.423854,36.3,0.531297
740,6,22738553.219125,36.9,0.564946
740,12,20070785.586803,45.1,1.495595
740,19,24538189.672462,27.1,0.186642
740,24,23623033.611812,28.9,0.406192
740,25,21010284.177694,28.3,0.935896
740,29,23045127.596337,29.6,0.477807
740,31,25559593.355695,29.6,0.03366
741,2,21225470.787391,38.5,1.163344
741,5,22646297.565031,35.4,0.531404
741,6,22739117.210162,36.0,0.564824
741,12,20070751.471627,44.3,1.495725
741,19,24538743.751776,28.6,0.186553
741,24,23623612.575136,29.7,0.406083
741,25,21009878.33798,28.9,0.936031
741,29,23044653.979978,31.0,0.477896
741,31,25559124.555595,24.4,0.033742
742,2,21225739.677796,37.6,1.163217
742,5,22645760.325177,35.7,0.53151
742,6,22739675.704381,35.3,0.564702
742,12,20070715.192625,43.8,1.495857
742,19,24539287.256257,28.6,0.186463
742,24,23624189.357183,29.2,0.405973
742,25,21009482.287838,30.2,0.936169
742,29,23044182.998601,32.7,0.477987
742,31,25558596.00595,21.8,0.033826
743,2,21226009.580314,37.5,1.163089
743,5,22645219.874484,35.3,0.531616
743,6,22740239.695418,35.0,0.56458
743,12,20070679.890834,44.2,1.495988
743,19,24539843.167844,29.3,0.186374
743,24,23624780.640361,30.2,0.405862
743,25,21009076.465574,33.1,0.936306
743,29,23043718.404004,33.7,0.478076
743,31,25558096.039762,24.9,0.033909
744,2,21226279.081477,38.7,1.162962
744,5,22644680.837258,34.6,0.531722
744,6,22740797.59633,35.0,0.564459
744,12,20070645.705858,43.8,1.496119
744,19,24540394.751776,31.1,0.186285
744,24,23625358.329819,30.3,0.405752
744,25,21008662.424258,30.6,0.936444
744,29,23043249.813307,33.8,0.478167
744,31,25557589.37269,31.4,0.033993
745,2,21226544.342237,38.4,1.162834
745,5,22644141.747681,33.1,0.531829
745,6,22741361.744419,34.7,0.564337
745,12,20070611.765184,43.2,1.49625
745,19,24540945.724951,32.6,0.186195
745,24,23625937.467645,30.2,0.405642
745,25,21008272.342091,33.3,0.93658
745,29,23042782.688428,35.8,0.478257
745,31,25557088.359488,31.8,0.034075
746,2,21226810.178854,38.0,1.162706
746,5,22643596.358576,32.5,0.531936
746,6,22741921.093699,35.5,0.564215
746,12,20070573.322355,43.9,1.49638
746,19,24541487.973017,32.0,0.186107
746,24,23626522.590896,29.7,0.405532
746,25,21007865.15871,33.1,0.936716
746,29,23042315.842753,36.9,0.478346
747,2,21227080.517627,37.9,1.162578
747,5,22643059.345575,32.5,0.532042
747,6,22742481.018835,36.0,0.564092
747,12,20070536.676897,43.8,1.49651
747,19,24542045.804128,32.5,0.186016
747,24,23627086.128228,28.8,0.405423
747,25,21007462.145931,34.5,0.936853
747,29,23041845.97819,37.1,0.478436
748,2,21227345.830738,37.3,1.16245
748,5,22642513.118859,33.0,0.532149
748,6,22743045.533379,37.4,0.56397
748,12,20070502.491921,44.8,1.49664
748,19,24542588.436099,32.2,0.185927
748,24,23627677.603358,28.6,0.405313
748,25,21007064.629971,35.6,0.93699
748,29,23041373.199441,38.4,0.478526
749,2,21227616.693017,36.6,1.162322
749,5,22641975.460201,31.9,0.532255
749,6,22743606.59278,36.2,0.563849
749,12,20070470.575472,44.1,1.496772
749,19,24543144.400036,30.6,0.185838
749,24,23628261.470194,30.1,0.405203
749,25,21006660.064123,35.0,0.937128
749,29,23040905.0799,38.7,0.478617
750,2,21227883.873301,36.0,1.162194
750,5,22641430.804005,32.1,0.532362
750,6,22744170.269713,36.5,0.563726
750,12,20070435.273682,44.6,1.496901
750,19,24543691.586513,29.7,0.185749
750,24,23628836.228015,31.7,0.405094
750,25,21006259.91318,37.2,0.937263
750,29,23040437.483865,39.4,0.478706
751,2,21228157.824269,35.7,1.162066
751,5,22640891.714428,32.1,0.532469
751,6,22744732.62043,37.1,0.563604
751,12,20070402.816277,44.7,1.497031
751,19,24544243.449649,30.1,0.185659
751,24,23629418.663933,32.4,0.404984
751,25,21005855.417133,36.8,0.937401
751,29,23039971.231497,39.8,0.478796
751,31,25554094.635033,33.8,0.034572
752,2,21228425.056904,35.6,1.161938
752,5,22640356.097445,31.2,0.532575
752,6,22745299.351152,36.4,0.563482
752,12,20070374.756327,44.4,1.497161
752,19,24544804.177496,30.2,0.18557
752,24,23629996.492993,31.7,0.404875
752,25,21005460.414004,36.0,0.937538
752,29,23039500.668926,39.6,0.478887
752,31,25553592.313065,32.8,0.034655
753,2,21228694.994322,35.8,1.16181
753,5,22639819.5905,31.7,0.532682
753,6,22745866.378527,36.2,0.56336
753,12,20070343.101632,44.5,1.49729
753,19,24545351.119671,29.8,0.18548
753,24,23630576.416079,30.4,0.404765
753,25,21005063.613503,37.4,0.937674
753,29,23039038.220706,40.2,0.478976
753,31,25553111.559567,25.8,0.034737
754,2,21228971.091667,35.7,1.161681
754,5,22639284.444673,29.9,0.532789
754,6,22746433.562954,36.2,0.563237
754,12,20070311.307335,44.2,1.49742
754,19,24545909.613889,31.4,0.185391
754,24,23631166.687144,29.8,0.404655
754,25,21004669.674837,37.8,0.937811
754,29,23038571.427381,40.1,0.479067
754,31,25552609.987958,30.3,0.03482
755,2,21229241.273388,35.7,1.161553
755,5,22638750.293508,29.6,0.532895
755,6,22747002.946109,35.5,0.563115
755,12,20070281.397662,43.9,1.49755
755,19,24546458.911844,29.4,0.185301
755,24,23631746.854533,28.1,0.404546
755,25,21004269.523894,38.1,0.937947
755,29,23038109.223464,39.8,0.479156
755,31,25552123.510788,28.2,0.034902
756,2,21229517.300933,35.8,1.161426
756,5,22638213.873814,29.0,0.533001
756,6,22747563.778657,34.5,0.562993
756,12,20070248.329499,43.9,1.49768
756,19,24547018.540326,30.3,0.185212
756,24,23632331.052923,28.5,0.404435
756,25,21003870.10586,39.0,0.938085
756,29,23037642.953646,40.4,0.479246
756,31,25551611.661001,29.3,0.034986
757,2,21229791.670706,35.3,1.161297
757,5,22637665.622873,28.6,0.53311
757,6,22748135.238387,34.8,0.562871
757,12,20070220.827956,43.1,1.497808
757,19,24547559.130622,28.8,0.185123
757,24,23632911.83107,28.8,0.404327
757,25,21003476.5511,38.6,0.93822
757,29,23037176.247572,40.7,0.479336
757,31,25551127.277857,30.5,0.035067
758,2,21230064.400159,36.6,1.161168
758,5,22637127.109154,27.0,0.533216
758,6,22748705.965209,35.9,0.562748
758,12,20070191.965296,43.5,1.497937
758,19,24548125.948594,28.0,0.185033
758,24,23633491.230649,27.8,0.404218
758,25,21003081.931876,37.4,0.938357
758,29,23036712.682538,40.6,0.479426
758,31,25550624.432383,33.1,0.03515
759,2,21230341.963323,37.7,1.161041
759,5,22636605.731548,25.3,0.533322
759,6,22749276.430277,35.9,0.562626
759,12,20070163.748294,43.3,1.498067
759,19,24548670.343037,30.0,0.184943
759,24,23634084.799806,25.5,0.404108
759,25,21002684.974323,37.0,0.938494
759,29,23036247.075828,39.9,0.479517
759,31,25550131.533532,32.4,0.035233
760,2,21230615.84449,38.9,1.160912
760,5,22636049.174304,24.8,0.53343
760,6,22749840.491115,36.5,0.562504
760,12,20070136.316552,43.8,1.498195
760,19,24549232.013196,31.2,0.184854
760,24,23634656.957545,27.5,0.403999
760,25,21002288.802029,37.7,0.93863
760,29,23035787.943149,40.1,0.479606
760,31,25549639.437392,25.8,0.035315
761,2,21230887.806133,39.7,1.160783
761,5,22635507.798749,25.4,0.533538
761,6,22750410.450127,37.0,0.562381
761,12,20070105.202813,44.1,1.498323
761,19,24549784.277687,31.4,0.184765
761,24,23635242.202947,26.3,0.40389
761,25,21001897.323845,37.6,0.938765
761,29,23035322.423691,40.4,0.479695
761,31,25549168.82247,23.5,0.035396
762,2,21231165.665951,40.2,1.160656
762,5,22634990.923299,22.6,0.533643
762,6,22750979.431926,36.7,0.56226
762,12,20070080.87721,43.9,1.498454
762,19,24550343.347763,31.5,0.184675
762,24,23635828.26851,25.8,0.40378
762,25,21001501.273703,37.0,0.938903
762,29,23034861.005033,40.9,0.479786
762,31,25548654.634354,25.4,0.03548
763,2,21231441.745845,38.6,1.160528
763,5,22634455.760022,22.9,0.53375
763,6,22751552.305125,34.9,0.562137
763,12,20070054.754234,43.5,1.498583
763,19,24550900.93457,29.3,0.184586
763,24,23636421.209459,26.8,0.40367
763,25,21001110.004921,37.4,0.93904
763,29,23034396.881592,39.7,0.479876
763,31,25548148.246485,25.6,0.035563
764,2,21231716.359922,38.8,1.160398
764,5,22633921.539056,22.8,0.533857
764,6,22752121.304374,36.1,0.562014
764,12,20070022.977387,43.4,1.49871
764,19,24551457.055559,30.5,0.184496
764,24,23636989.318748,26.7,0.403562
764,25,21000709.487523,37.3,0.939176
764,29,23033931.309783,39.8,0.479966
764,31,25547683.878741,29.5,0.035644
765,2,21231992.963323,39.2,1.160269
765,5,22633379.709795,24.0,0.533964
765,6,22752695.60849,36.3,0.561891
765,12,20069996.191303,43.4,1.498838
765,19,24552011.257024,31.0,0.184406
765,24,23637574.110444,27.2,0.403453
765,25,21000316.944875,37.0,0.939312
765,29,23033468.023952,39.7,0.480056
765,31,25547186.407934,25.4,0.035726
766,2,21232269.16537,39.7,1.160142
766,5,22632845.261976,23.5,0.53407
766,6,22753259.599528,36.7,0.56177
766,12,20069969.300518,44.0,1.498968
766,19,24552572.857382,31.3,0.184317
766,24,23638171.379047,27.6,0.403342
766,25,20999924.314976,37.9,0.93945
766,29,23033007.338204,40.4,0.480146
766,31,25546691.240555,24.5,0.03581
767,2,21232542.697533,38.8,1.160014
767,5,22632302.455503,23.9,0.534176
767,6,22753832.926432,36.0,0.561648
767,12,20069943.945351,43.0,1.499096
767,19,24553129.397176,31.3,0.184227
767,24,23638751.302133,27.0,0.403233
767,25,20999525.106345,36.9,0.939587
767,29,23032545.779944,39.6,0.480236
767,31,25546190.122652,27.2,0.035892
768,2,21232822.058069,39.4,1.159886
768,5,22631785.580054,23.5,0.534283
768,6,22754401.890781,36.7,0.561526
768,12,20069916.025003,43.1,1.499225
768,19,24553674.68158,30.3,0.184138
768,24,23639346.651212,26.8,0.403123
768,25,20999134.134216,36.0,0.939724
768,29,23032077.468451,40.1,0.480327
768,31,25545690.034313,25.1,0.035975
769,2,21233094.473418,40.3,1.159757
769,5,22631245.251512,25.3,0.53439
769,6,22754972.896806,37.6,0.561403
769,12,20069888.645611,43.7,1.499353
769,19,24554232.791894,30.4,0.184048
769,24,23639919.454609,27.2,0.403015
769,25,20998740.1083,36.3,0.93986
769,29,23031615.072581,40.8,0.480417
769,31,25545207.553242,31.0,0.036057
770,2,21233373.938655,39.7,1.15963
770,5,22630726.683391,28.4,0.534495
770,6,22755541.075895,37.0,0.561281
770,12,20069865.628774,44.0,1.499483
770,19,24554802.471702,31.8,0.183959
770,24,23640502.030128,26.3,0.402904
770,25,20998345.05282,37.7,0.939998
770,29,23031155.573448,40.0,0.480507
770,31,25544724.060059,30.0,0.036141
771,2,21233653.334091,39.4,1.1595
771,6,22756115.153159,36.7,0.561158
771,12,20069838.929941,44.2,1.499608
771,19,24555352.86902,30.9,0.18387
771,24,23641086.909076,26.3,0.402797
771,25,20997961.008428,37.4,0.940132
771,29,23030692.078214,41.1,0.480596
771,31,25544227.583914,31.8,0.036221
772,2,21233929.76299,39.7,1.159372
772,6,22756688.672015,37.1,0.561036
772,12,20069812.562662,43.3,1.499737
772,19,24555915.900296,32.3,0.18378
772,24,23641682.310506,26.1,0.402686
772,25,20997561.991749,36.6,0.94027
772,29,23030232.805934,40.8,0.480687
772,31,25543736.848891,30.5,0.036304
773,2,21234207.692608,39.7,1.159245
773,5,22629129.39516,23.8,0.534816
773,6,22757260.393499,37.5,0.560914
773,12,20069793.384873,44.2,1.499866
773,19,24556472.335389,31.4,0.183691
773,24,23642267.817661,26.7,0.402576
773,25,20997169.885357,37.5,0.940407
773,29,23029772.643692,40.7,0.480777
773,31,25543256.287345,28.6,0.036387
774,2,21234485.709477,39.2,1.159116
774,5,22628577.287721,24.2,0.534923
774,6,22757833.406299,37.3,0.560792
774,12,20069770.420386,43.5,1.499993
774,19,24557032.749131,30.6,0.183601
774,24,23642855.226891,26.7,0.402467
774,25,20996781.46096,36.6,0.940543
774,29,23029311.66129,40.4,0.480867
775,2,21234765.401567,39.5,1.158988
775,5,22628046.050743,27.4,0.53503
775,6,22758404.517025,37.3,0.560669
775,12,20069744.925618,43.9,1.500121
775,19,24557593.66893,32.2,0.183512
775,24,23643446.108714,24.9,0.402358
775,25,20996393.525169,36.1,0.94068
775,29,23028852.685663,38.6,0.480957
775,31,25542315.947461,20.6,0.036551
776,2,21235042.685527,29.7,1.158859
776,5,22627513.295595,24.6,0.535137
776,6,22758984.876366,28.7,0.560547
776,12,20069724.21221,33.5,1.500248
776,19,24558149.440915,29.4,0.183422
776,25,20996010.353288,24.7,0.940816
776,29,23028391.563659,34.4,0.481047
776,31,25541787.67702,35.2,0.036634
777,2,21235326.530769,38.8,1.158731
777,5,22626966.719875,25.2,0.535245
777,6,22759552.933304,35.9,0.560425
777,12,20069701.980632,43.6,1.500375
777,24,23644617.018324,24.6,0.40214
777,25,20995615.768965,37.3,0.940952
777,29,23027935.223015,40.6,0.481136
777,31,25541299.873633,35.9,0.036715
778,2,21235605.961106,39.7,1.158604
778,5,22626451.694149,26.9,0.535351
778,6,22760127.342122,36.7,0.560303
778,12,20069678.300687,43.6,1.500504
778,24,23645207.027636,25.9,0.40203
778,25,20995223.662572,35.8,0.941089
778,29,23027479.562929,40.3,0.481226
778,31,25540812.715904,35.9,0.036798
779,2,21235887.084113,37.8,1.158476
779,5,22625926.07614,24.4,0.535457
779,6,22760699.587112,35.0,0.560182
779,12,20069656.644966,41.7,1.500632
779,19,24559822.480541,28.6,0.183155
779,24,23645794.838221,22.7,0.40192
779,25,20994836.861046,34.3,0.941226
779,29,23027022.611528,38.8,0.481316
779,31,25540322.486938,34.3,0.036881
780,2,21236168.381623,39.1,1.158348
780,5,22625384.752936,26.1,0.535565
780,6,22761271.378397,37.1,0.56006
780,12,20069633.959683,43.1,1.500759
780,19,24560382.58018,31.1,0.183066
780,24,23646400.203724,23.1,0.40181
780,25,20994450.513225,35.7,0.941362
780,29,23026564.909767,40.3,0.481406
780,31,25539836.306421,36.0,0.036963
781,2,21236447.585107,39.1,1.158219
781,5,22624850.305117,28.6,0.535672
781,6,22761846.764426,37.6,0.559937
781,12,20069614.555041,43.4,1.500885
781,19,24560941.772407,32.9,0.182977
781,24,23646977.107923,24.5,0.401702
781,25,20994060.570659,35.4,0.941498
781,29,23026106.021391,40.6,0.481495
781,31,25539352.237381,35.5,0.037045
782,2,21236726.71879,38.9,1.158091
782,5,22624320.01045,29.3,0.535779
782,6,22762421.208144,37.5,0.559815
782,12,20069593.004022,43.5,1.501013
782,19,24561502.727107,32.0,0.182887
782,24,23647568.932057,24.5,0.401592
782,25,20993672.076462,33.8,0.941634
782,29,23025649.471344,40.5,0.481585
782,31,25538868.709298,35.6,0.037127
783,2,21237008.993512,39.9,1.157963
783,5,22623791.042,30.7,0.535885
783,6,22762994.587399,38.2,0.559693
783,12,20069573.093324,43.3,1.50114
783,19,24562063.21065,32.3,0.182798
783,24,23648164.193885,29.3,0.401482
783,25,20993281.034533,29.2,0.941771
783,29,23025191.56018,39.7,0.481675
783,31,25538381.115314,35.9,0.037209
784,2,21237292.664252,40.9,1.157835
784,5,22623261.078887,30.2,0.535993
784,6,22763571.439246,38.5,0.55957
784,12,20069553.060474,43.1,1.501266
784,19,24562621.181362,32.7,0.182709
784,24,23648749.735941,29.0,0.401374
784,25,20992903.045366,19.9,0.941907
784,29,23024735.045034,38.1,0.481765
784,31,25537900.01281,35.1,0.037291
785,2,21237577.033,40.9,1.157707
785,5,22622731.220476,30.4,0.5361
785,6,22764148.413246,37.6,0.559448
785,12,20069534.650494,42.6,1.501393
785,19,24563185.259651,32.9,0.18262
785,24,23649343.200396,26.8,0.401264
785,25,20992512.28264,21.2,0.942044
785,29,23024282.525988,37.1,0.481855
785,31,25537416.624329,35.1,0.037373
786,2,21237857.318397,42.1,1.157578
786,5,22622206.562229,32.4,0.536206
786,6,22764727.289319,38.0,0.559326
786,12,20069518.456692,43.2,1.50152
786,19,24563747.959372,34.4,0.18253
786,24,23649930.784128,29.0,0.401155
786,25,20992139.63324,20.7,0.942181
786,29,23023826.831001,36.6,0.481945
786,31,25536927.930981,35.4,0.037456
787,2,21238142.367704,42.3,1.157451
787,5,22621681.869082,32.5,0.536312
787,6,22765298.644348,36.0,0.559205
787,12,20069500.116513,42.7,1.501648
787,19,24564314.812245,34.8,0.182441
787,24,23650529.710501,29.0,0.401044
787,25,20991720.775664,23.3,0.942318
787,29,23023374.67841,32.7,0.482035
787,31,25536444.018993,34.4,0.037539
788,2,21238427.34721,43.2,1.157323
788,5,22621152.010671,33.9,0.53642
788,6,22765877.119066,35.2,0.559083
788,12,20069482.299841,43.0,1.501774
788,19,24564867.512992,34.2,0.182352
788,24,23651120.487623,25.1,0.400935
788,25,20991359.695759,25.3,0.942454
788,29,23022919.47203,30.7,0.482125
788,31,25535961.241269,33.3,0.03762
789,2,21238712.466318,42.9,1.157196
789,5,22620628.294736,34.7,0.536526
789,6,22766450.637922,35.1,0.558961
789,12,20069467.0309,42.1,1.501902
789,19,24565435.028973,33.0,0.182263
789,24,23651722.781888,25.4,0.400825
789,25,20990977.483639,25.4,0.942591
789,29,23022469.797369,31.3,0.482215
789,31,25535472.286168,33.0,0.037703
790,2,21238993.083269,43.5,1.157068
790,5,22620108.156096,35.0,0.536632
790,6,22767026.250805,35.7,0.55884
790,12,20069448.132315,42.4,1.50203
790,19,24565997.746144,31.8,0.182174
790,24,23652322.668023,30.4,0.400714
790,25,20990593.439247,24.8,0.942728
790,29,23022010.821742,32.8,0.482304
790,31,25534998.02415,31.6,0.037786
791,2,21239278.167476,43.5,1.156941
791,5,22619578.995693,35.5,0.536739
791,6,22767601.235479,37.8,0.558719
791,12,20069433.439231,42.3,1.502156
791,19,24566557.130324,31.3,0.182086
791,24,23652912.642435,30.9,0.400605
791,25,20990191.996988,24.5,0.942864
791,29,23021562.316245,34.4,0.482394
791,31,25534508.144188,34.6,0.037868
792,2,21239560.773753,42.9,1.156814
792,5,22619058.176494,35.7,0.536844
792,6,22768178.541033,38.2,0.558598
792,12,20069417.751486,41.5,1.502284
792,19,24567119.166937,32.2,0.181997
792,24,23653521.131528,26.6,0.400494
792,25,20989833.360113,19.5,0.943002
792,29,23021108.645485,34.7,0.482484
792,31,25534019.381039,35.7,0.037951
793,2,21239845.159951,42.4,1.156687
793,5,22618536.414984,36.8,0.536951
793,6,22768752.513595,40.2,0.558477
793,12,20069400.545571,41.9,1.502412
793,19,24567685.042598,30.8,0.181908
793,24,23654118.190728,25.9,0.400383
793,25,20989467.202194,21.3,0.943139
793,29,23020661.518555,33.4,0.482573
793,31,25533538.993995,37.2,0.038034
794,2,21240130.34886,42.8,1.156559
794,5,22618010.971477,37.4,0.537057
794,6,22769329.714447,41.0,0.558355
794,12,20069385.346431,42.1,1.502538
794,19,24568240.640081,31.1,0.181819
794,24,23654707.676533,24.0,0.400274
794,29,23020201.426115,31.9,0.482664
794,31,25533053.424236,38.5,0.038116
795,2,21240415.433067,43.5,1.156432
795,5,22617490.797937,37.2,0.537163
795,6,22769902.290991,42.2,0.558234
795,12,20069370.932551,42.2,1.502666
795,19,24568803.339802,32.0,0.181731
795,24,23655326.1297,22.6,0.400163
795,29,23019751.419899,34.1,0.482753
795,31,25532570.437109,37.8,0.038199
796,2,21240699.435361,44.3,1.156305
796,5,22616969.874037,36.4,0.537269
796,6,22770480.102601,40.7,0.558113
796,12,20069355.750862,42.2,1.502793
796,19,24569363.753545,32.8,0.181642
796,25,20988277.4987,27.5,0.94355
796,29,23019298.551849,36.7,0.482843
796,31,25532083.087428,34.3,0.038282
797,2,21240983.647057,43.2,1.156179
797,5,22616447.030613,33.6,0.537376
797,6,22771050.899223,38.8,0.557993
797,12,20069341.651086,41.3,1.502921
797,19,24569918.967123,32.2,0.181554
797,25,20987901.254555,29.2,0.943687
797,29,23018849.156391,35.9,0.482933
797,31,25531591.724197,28.7,0.038365
798,2,21241265.101619,43.5,1.156052
798,5,22615927.43293,32.2,0.537481
798,6,22771624.051625,37.5,0.557872
798,12,20069325.422384,40.4,1.503048
798,19,24570477.426441,30.4,0.181465
798,25,20987515.36044,33.3,0.943824
798,29,23018393.723158,34.6,0.483022
798,31,25531114.094287,29.7,0.038448
799,2,21241549.627419,42.3,1.155926
799,5,22615404.624406,31.4,0.537587
799,6,22772195.179801,37.5,0.557752
799,12,20069311.950815,41.4,1.503176
799,19,24571051.852708,29.8,0.181377
799,25,20987132.555013,33.4,0.943962
799,29,23017947.643242,35.6,0.483112
799,31,25530628.751381,31.3,0.038531
800,2,21241836.840553,42.9,1.155799
800,5,22614882.39174,32.2,0.537693
800,6,22772767.197939,37.9,0.557631
800,12,20069299.962516,41.3,1.503303
800,19,24571622.684231,30.8,0.181288
800,25,20986751.232855,34.7,0.944099
800,29,23017495.874555,34.4,0.483202
800,31,25530141.907757,31.8,0.038614
801,2,21242116.026587,43.2,1.155674
801,5,22614364.137723,33.7,0.537799
801,6,22773338.378466,38.1,0.557511
801,12,20069284.745926,41.0,1.503431
801,19,24572156.678344,31.9,0.181201
801,24,23658926.493524,21.3,0.399497
801,25,20986364.274277,36.7,0.944236
801,29,23017043.268258,33.5,0.483291
801,31,25529652.725803,32.6,0.038697
802,2,21242403.152469,43.3,1.155547
802,5,22613849.618053,34.3,0.537905
802,6,22773913.904097,38.4,0.557391
802,12,20069270.890453,40.4,1.503558
802,19,24572721.123087,32.7,0.181113
802,24,23659536.204132,27.3,0.399386
802,25,20985986.162959,37.8,0.944373
802,29,23016606.384606,30.4,0.48338
802,31,25529172.984417,31.6,0.03878
803,2,21242687.608469,43.4,1.155421
803,5,22613330.334474,35.2,0.53801
803,6,22774489.464629,38.9,0.55727
803,12,20069261.257933,41.5,1.503685
803,19,24573311.673356,33.2,0.181024
803,24,23660145.635537,21.6,0.399274
803,25,20985610.477221,37.4,0.94451
803,29,23016154.877673,32.0,0.48347
803,31,25528687.885814,29.2,0.038862
804,2,21242975.065905,43.2,1.155295
804,5,22612813.738228,34.7,0.538117
804,6,22775062.617031,38.2,0.557151
804,12,20069250.421348,41.3,1.503813
804,19,24573856.347002,32.6,0.180937
804,24,23660771.557397,21.4,0.399163
804,25,20985230.603431,38.0,0.944648
804,29,23015707.523891,33.7,0.483559
804,31,25528204.567133,30.3,0.038946
805,2,21243259.487004,42.5,1.15517
805,5,22612296.513774,34.7,0.538223
805,6,22775633.640506,37.5,0.557031
805,12,20069238.642451,42.1,1.503941
805,19,24574392.888847,33.8,0.18085
805,24,23661368.05819,21.1,0.399051
805,25,20984845.267723,36.8,0.944785
805,29,23015264.340711,33.6,0.483648
805,31,25527720.009487,29.2,0.039029
806,2,21243543.576549,43.2,1.155044
806,5,22611782.569961,35.1,0.538328
806,6,22776209.42789,38.6,0.556911
806,12,20069225.031281,41.8,1.504068
806,19,24574953.389841,34.4,0.180762
806,24,23661989.722197,22.8,0.398939
806,25,20984466.528197,37.7,0.944922
806,29,23014815.154656,34.2,0.483738
806,31,25527237.528417,32.9,0.039112
807,2,21243829.446016,41.7,1.154918
807,5,22611259.901039,33.7,0.538435
807,6,22776777.118374,37.3,0.556791
807,12,20069213.828241,40.4,1.504195
807,19,24575516.281514,32.2,0.180674
807,24,23662590.376142,21.5,0.398828
807,25,20984083.269065,36.8,0.945059
807,29,23014366.544458,32.3,0.483827
807,31,25526761.050221,32.6,0.039195
808,2,21244113.291258,42.8,1.154792
808,5,22610736.987814,34.8,0.538541
808,6,22777352.050698,37.9,0.556671
808,12,20069200.862729,41.5,1.504321
808,19,24576070.221226,32.3,0.180586
808,24,23663188.691757,24.4,0.398718
808,25,20983701.563002,37.2,0.945196
808,29,23013914.374416,33.5,0.483917
808,31,25526266.319098,32.2,0.039278
809,2,21244396.630443,42.7,1.154666
809,5,22610221.386231,34.9,0.538646
809,6,22777922.88222,37.8,0.556551
809,12,20069188.612676,41.2,1.504449
809,19,24576627.877835,33.8,0.180498
809,24,23663812.606842,23.6,0.398606
809,25,20983318.460922,37.5,0.945334
809,29,23013462.623179,32.3,0.484006
809,31,25525783.680976,32.9,0.039361
810,2,21244680.440785,42.7,1.154541
810,5,22609702.050301,35.1,0.538752
810,6,22778489.717643,38.0,0.556432
810,12,20069173.535688,41.8,1.504576
810,19,24577188.989586,33.1,0.18041
810,24,23664406.402851,22.6,0.398494
810,25,20982938.848885,37.2,0.945471
810,29,23013020.940718,34.8,0.484095
810,31,25525297.936715,34.1,0.039444
811,2,21244966.257901,43.0,1.154415
811,5,22609185.628557,35.9,0.538858
811,6,22779064.213712,38.5,0.556312
811,12,20069166.43345,43.2,1.504703
811,19,24577740.119813,33.4,0.180323
811,24,23665016.287961,25.5,0.398382
811,25,20982554.315887,37.5,0.945609
811,29,23012574.66885,35.6,0.484185
811,31,25524812.977714,33.2,0.039527
812,2,21245253.593186,42.9,1.154289
812,5,22608672.819008,36.1,0.538963
812,6,22779639.652092,39.3,0.556192
812,12,20069153.991444,43.3,1.50483
812,19,24578306.274677,33.7,0.180234
812,24,23665651.091982,25.8,0.398271
812,25,20982177.321383,37.1,0.945746
812,29,23012121.521595,34.7,0.484275
812,31,25524330.740946,32.2,0.03961
813,2,21245544.750069,43.1,1.154163
813,5,22608159.328901,35.8,0.539069
813,6,22780217.708005,39.4,0.556072
813,12,20069148.04092,42.4,1.504956
813,19,24578872.935598,34.4,0.180146
813,24,23666245.620901,23.9,0.39816
813,25,20981800.832935,37.2,0.945884
813,29,23011682.666069,33.3,0.484364
813,31,25523853.233188,34.0,0.039693
814,2,21245832.53906,42.8,1.154037
814,5,22607645.175685,35.1,0.539175
814,6,22780792.710129,38.7,0.555952
814,12,20069140.258123,42.5,1.505082
814,19,24579427.538418,32.0,0.180059
814,24,23666850.009192,24.3,0.398048
814,25,20981421.901457,36.7,0.946021
814,29,23011240.774206,34.1,0.484453
814,31,25523375.358975,32.7,0.039776
815,2,21246124.184549,43.1,1.153911
815,5,22607132.784942,35.7,0.539281
815,6,22781368.253211,38.9,0.555831
815,12,20069127.903369,41.9,1.505209
815,19,24579997.096075,33.1,0.17997
815,24,23667471.428896,22.1,0.397937
815,25,20981045.290858,37.6,0.946158
815,29,23010791.029744,34.4,0.484543
815,31,25522900.137196,31.5,0.039859
816,2,21246405.726362,43.3,1.153786
816,5,22606620.167346,35.8,0.539385
816,6,22781945.401712,38.7,0.555712
816,12,20069120.74878,41.9,1.505336
816,19,24580561.942173,34.3,0.179883
816,24,23668098.921276,24.9,0.397824
816,25,20980666.690934,37.6,0.946296
816,29,23010349.783538,34.0,0.484632
816,31,25522406.418185,33.0,0.039943
817,2,21246697.057748,43.4,1.15366
817,5,22606105.351022,35.5,0.539492
817,6,22782521.520651,38.5,0.555592
817,12,20069114.676104,42.0,1.505461
817,19,24581120.087387,33.8,0.179795
817,24,23668695.142865,23.6,0.397714
817,25,20980291.877707,37.7,0.946433
817,29,23009901.208241,34.5,0.484722
817,31,25521931.178955,34.3,0.040025
818,2,21246987.185068,43.2,1.153534
818,5,22605595.647612,35.6,0.539597
818,6,22783099.454412,39.2,0.555472
818,12,20069108.306774,42.1,1.505588
818,19,24581685.718745,34.2,0.179707
818,24,23669306.650846,22.2,0.397602
818,25,20979913.783839,38.1,0.946571
818,29,23009461.043949,34.0,0.484811
818,31,25521448.732785,34.8,0.040109
819,2,21247279.528566,43.6,1.153408
819,5,22605080.95344,35.7,0.539703
819,6,22783678.103633,39.2,0.555352
819,12,20069103.263661,42.5,1.505713
819,19,24582254.177038,34.7,0.179619
819,25,20979539.389418,37.8,0.946708
819,29,23009023.113284,34.8,0.4849
819,31,25520978.117863,35.0,0.040191
820,2,21247570.947202,42.7,1.153282
820,5,22604574.914575,34.9,0.539809
820,6,22784254.327273,37.9,0.555233
820,12,20069097.888994,41.8,1.50584
820,19,24582812.11285,34.1,0.179531
820,25,20979163.459377,37.1,0.946846
820,29,23008574.642688,33.7,0.48499
820,31,25520498.167074,33.3,0.040274
821,2,21247860.638266,42.8,1.153156
821,5,22604058.457931,35.0,0.539914
821,6,22784832.71474,38.8,0.555112
821,12,20069090.490102,41.9,1.505966
821,19,24583382.70007,33.6,0.179443
821,24,23671151.732168,22.1,0.397268
821,25,20978789.41396,36.8,0.946983
821,29,23008134.635448,34.3,0.48508
821,31,25520008.391813,32.8,0.040357
822,2,21248149.45682,43.2,1.153031
822,5,22603545.945036,36.0,0.54002
822,6,22785406.338297,38.3,0.554993
822,12,20069084.312725,42.2,1.506092
822,19,24583934.755158,32.9,0.179356
822,24,23671765.822781,21.9,0.397156
822,25,20978407.603195,37.8,0.94712
822,29,23007690.457606,34.7,0.485169
822,31,25519535.141908,33.7,0.04044
823,2,21248441.695617,43.4,1.152904
823,5,22603029.924647,36.0,0.540127
823,6,22785988.477561,39.1,0.554872
823,12,20069076.756781,42.2,1.506216
823,19,24584503.387953,34.6,0.179267
823,24,23672374.940081,22.6,0.397045
823,25,20978035.494752,37.8,0.947257
823,29,23007246.401915,34.2,0.485259
823,31,25519054.213907,33.8,0.040523
824,2,21248730.601422,42.9,1.152779
824,5,22602522.297813,35.2,0.540232
824,6,22786566.079768,39.0,0.554753
824,12,20069076.966183,42.4,1.506342
824,19,24585068.408554,34.2,0.17918
824,24,23672998.418911,22.5,0.396933
824,25,20977658.255945,37.1,0.947395
824,29,23006808.314198,34.2,0.485348
824,31,25518579.847188,35.6,0.040606
825,2,21249023.450976,43.4,1.152653
825,5,22602016.189148,36.1,0.540337
825,6,22787140.122131,38.8,0.554633
825,12,20069069.706893,42.2,1.506468
825,19,24585637.94876,34.4,0.179091
825,24,23673615.039805,22.2,0.396821
825,25,20977283.163515,37.5,0.947533
825,29,23006357.662325,33.7,0.485438
825,31,25518099.529945,36.0,0.04069
826,2,21249312.356781,43.4,1.152528
826,5,22601501.966132,35.7,0.540443
826,6,22787717.741788,38.7,0.554514
826,12,20069064.227524,42.7,1.506593
826,19,24586200.875334,34.4,0.179004
826,24,23674228.921015,23.8,0.396709
826,25,20976912.241687,37.7,0.94767
826,29,23005917.480583,33.6,0.485527
826,31,25517622.772546,34.6,0.040772
827,2,21249604.682828,42.1,1.152401
827,5,22600991.442562,34.7,0.540548
827,6,22788297.577623,37.7,0.554393
827,12,20069060.056922,41.9,1.506718
827,19,24586763.330752,33.2,0.178916
827,24,23674821.949214,21.9,0.396599
827,25,20976532.437698,35.9,0.947808
827,29,23005471.435567,33.0,0.485618
827,31,25517140.431077,33.8,0.040856
828,2,21249894.583296,43.5,1.152276
828,5,22600482.105606,35.8,0.540654
828,6,22788875.284532,38.7,0.554274
828,12,20069054.368151,42.2,1.506844
828,19,24587327.234539,35.3,0.178828
828,24,23675454.816261,22.7,0.396486
828,25,20976157.694272,37.6,0.947945
828,29,23005031.026972,34.2,0.485707
828,31,25516664.964995,32.4,0.040939
829,2,21250185.565676,42.9,1.15215
829,5,22599972.035742,35.4,0.540759
829,6,22789451.647774,38.1,0.554154
829,12,20069048.557229,42.1,1.506969
829,19,24587890.422866,33.7,0.17874
829,24,23676070.459943,22.3,0.396375
829,25,20975781.031322,36.8,0.948083
829,29,23004589.920368,33.8,0.485796
829,31,25516185.782015,33.5,0.041022
830,2,21250477.054113,42.9,1.152023
830,5,22599457.079816,35.7,0.540865
830,6,22790035.130704,38.3,0.554033
830,12,20069042.938259,42.2,1.507093
830,19,24588456.822033,34.2,0.178652
830,24,23676688.12785,22.7,0.396264
830,25,20975408.783277,37.4,0.94822
830,29,23004143.020292,33.6,0.485886
830,31,25515707.087642,35.8,0.041104
831,2,21250764.843104,43.5,1.151897
831,5,22598944.706523,36.4,0.540971
831,6,22790611.319444,38.9,0.553914
831,12,20069036.324626,42.9,1.507217
831,19,24589012.908122,34.0,0.178564
831,24,23677277.491504,24.0,0.396153
831,25,20975024.424781,37.4,0.948358
831,29,23003701.704285,34.5,0.485976
831,31,25515228.009365,35.4,0.041187
832,2,21251054.62142,42.8,1.151772
832,5,22598430.151953,35.8,0.541076
832,6,22791181.400607,38.5,0.553794
832,12,20069029.309639,42.2,1.507343
832,19,24589580.598606,34.2,0.178476
832,24,23677897.340688,22.7,0.396041
832,25,20974652.857295,37.3,0.948495
832,29,23003256.095525,33.8,0.486065
832,31,25514740.118727,35.3,0.04127
833,2,21251345.254797,43.3,1.151647
833,5,22597919.43643,35.6,0.541182
833,6,22791756.838987,38.8,0.553675
833,12,20069024.650431,42.6,1.507468
833,19,24590143.455379,34.8,0.178389
833,24,23678519.859756,22.8,0.395929
833,25,20974273.158007,37.8,0.948633
833,29,23002812.52844,34.7,0.486155
833,31,25514263.291527,32.8,0.041354
834,2,21251635.870723,43.6,1.15152
834,5,22597408.406803,36.2,0.541288
834,6,22792337.669485,38.3,0.553555
834,12,20069020.881184,42.8,1.507591
834,19,24590706.277252,33.0,0.178301
834,25,20973900.944862,37.7,0.94877
834,29,23002369.572113,34.8,0.486244
834,31,25513785.85357,29.3,0.041436
835,2,21251926.957805,42.3,1.151394
835,5,22596899.052398,35.0,0.541393
835,6,22792915.341493,37.4,0.553435
835,12,20069014.564205,41.5,1.507716
835,19,24591270.774345,31.8,0.178213
835,25,20973525.590679,36.6,0.948908
835,29,23001923.75395,33.2,0.486334
835,31,25513303.756404,28.7,0.041519
836,2,21252213.246077,43.0,1.151269
836,5,22596381.897745,35.6,0.541499
836,6,22793487.935487,38.8,0.553315
836,12,20069008.247226,42.1,1.50784
836,19,24591837.365465,34.5,0.178125
836,24,23680343.878666,21.1,0.395595
836,25,20973147.828365,37.5,0.949045
836,29,23001478.546545,34.1,0.486423
836,31,25512832.16427,28.5,0.041602
837,2,21252503.338497,43.1,1.151143
837,5,22595867.639828,35.3,0.541604
837,6,22794065.834348,38.5,0.553195
837,12,20068999.74897,42.1,1.507964
837,19,24592387.378878,33.6,0.178037
837,24,23680965.246019,22.2,0.395484
837,25,20972768.495532,37.7,0.949183
837,29,23001034.455954,33.8,0.486513
837,31,25512328.708038,24.2,0.041685
838,2,21252791.825497,43.4,1.151017
838,5,22595355.68534,36.0,0.54171
838,6,22794638.829698,38.6,0.553076
838,12,20068994.444104,42.8,1.508088
838,19,24592963.061561,33.8,0.177949
838,24,23681584.100541,23.7,0.395371
838,25,20972395.025972,37.9,0.94932
838,29,23000591.74393,34.0,0.486602
839,2,21253083.907241,43.0,1.15089
839,5,22594844.027506,35.7,0.541815
839,6,22795219.607845,38.8,0.552955
839,12,20068987.935172,42.4,1.508211
839,19,24593524.365265,32.4,0.177861
839,24,23682187.982776,23.5,0.395261
839,25,20972015.588437,37.5,0.949458
839,29,23000140.638351,34.1,0.486693
840,2,21253372.080137,43.4,1.150766
840,5,22594335.353659,35.4,0.541921
840,6,22795791.974987,37.8,0.552837
840,12,20068984.410228,42.2,1.508336
840,19,24594077.554618,33.3,0.177774
840,24,23682809.210527,22.3,0.395148
840,25,20971644.806211,37.6,0.949595
840,29,22999705.115816,34.1,0.486781
841,2,21253664.475985,43.2,1.15064
841,5,22593823.416621,36.0,0.542026
841,6,22796369.786596,39.3,0.552717
841,12,20068980.920185,42.1,1.508459
841,19,24594643.971235,33.5,0.177686
841,24,23683431.991348,22.9,0.395037
841,25,20971265.386126,37.4,0.949733
841,29,22999254.638445,34.5,0.486871
841,31,25510437.383638,25.5,0.042017
842,2,21253951.72402,43.0,1.150514
842,5,22593308.704998,35.9,0.542132
842,6,22796946.620994,37.8,0.552597
842,12,20068973.154838,42.3,1.508582
842,19,24595207.019961,29.8,0.177598
842,24,23684033.413103,23.2,0.394926
842,25,20970894.272346,37.4,0.94987
842,29,22998812.781482,33.4,0.48696
842,31,25509954.745516,26.5,0.042099
843,2,21254241.362734,43.1,1.150387
843,5,22592794.30748,35.6,0.542238
843,6,22797524.083599,38.3,0.552476
843,12,20068963.923673,42.3,1.508705
843,19,24595770.976098,32.9,0.17751
843,24,23684644.72913,25.1,0.394815
843,25,20970514.189153,37.1,0.950007
843,29,22998365.235748,30.5,0.48705
843,31,25509466.436073,29.8,0.042182
844,2,21254528.523517,43.2,1.150262
844,5,22592282.510044,35.1,0.542343
844,6,22798097.829309,37.6,0.552357
844,12,20068959.962473,42.1,1.508829
844,19,24596323.746645,30.2,0.177422
844,24,23685249.065071,27.8,0.394703
844,25,20970137.892658,38.2,0.950145
844,29,22997917.288658,33.3,0.48714
844,31,25508987.008791,32.9,0.042265
845,2,21254823.903352,43.5,1.150136
845,5,22591768.758183,35.8,0.542449
845,6,22798676.216775,38.0,0.552237
845,12,20068953.470992,42.5,1.508951
845,24,23685864.028195,29.5,0.394592
845,25,20969761.753215,37.9,0.950283
845,29,22997471.295993,34.0,0.48723
845,31,25508503.847162,34.7,0.042348
846,2,21255108.324451,43.6,1.150011
846,5,22591260.223938,36.1,0.542554
846,6,22799247.536904,36.9,0.552118
846,12,20068949.771546,42.8,1.509075
846,24,23686479.11347,28.7,0.394479
846,25,20969385.421819,37.9,0.95042
846,29,22997028.409467,34.8,0.487319
846,31,25508026.775659,35.1,0.042431
847,2,21255394.839576,42.6,1.149885
847,5,22590743.906895,35.1,0.542659
847,6,22799824.563254,37.3,0.551998
847,12,20068942.808909,42.0,1.509198
847,19,24598009.699432,27.8,0.177159
847,24,23687088.21332,26.7,0.394368
847,25,20969004.309063,36.8,0.950558
847,29,22996579.85162,32.1,0.487409
847,31,25507540.455541,33.1,0.042514
848,2,21255686.83407,42.6,1.149758
848,5,22590229.439576,35.4,0.542765
848,6,22800396.249838,37.5,0.551878
848,12,20068934.991212,42.0,1.50932
848,19,24598580.199401,29.0,0.17707
848,24,23687690.786788,25.6,0.394257
848,25,20968628.95488,36.9,0.950696
848,29,22996130.438712,32.1,0.487499
848,31,25507058.969133,34.5,0.042596
849,2,21255971.761225,43.2,1.149633
849,5,22589714.518551,36.2,0.542871
849,6,22800972.874833,39.0,0.551758
849,12,20068926.126501,42.6,1.509443
849,19,24599130.125562,30.2,0.176983
849,24,23688305.488159,26.4,0.394146
849,25,20968246.847462,38.2,0.950833
849,29,22995688.075693,32.7,0.487588
849,31,25506574.917543,35.0,0.042679
850,2,21256259.445515,43.4,1.149507
850,5,22589199.370673,36.0,0.542976
850,6,22801549.272975,38.7,0.551638
850,12,20068920.333029,42.9,1.509565
850,19,24599690.347353,35.2,0.176895
850,24,23688910.66171,24.6,0.394035
850,25,20967871.388577,37.3,0.950971
850,29,22995243.967651,33.3,0.487678
850,31,25506093.343884,36.0,0.042762
851,2,21256547.531159,43.3,1.149382
851,5,22588687.311484,36.3,0.543081
851,6,22802115.253337,38.5,0.551519
851,12,20068913.719396,42.8,1.509688
851,19,24600248.544918,34.1,0.176808
851,24,23689542.307241,24.9,0.393922
851,25,20967489.734865,36.8,0.951109
851,29,22994788.569319,33.0,0.487768
851,31,25505611.264169,35.8,0.042845
852,2,21256839.508203,43.0,1.149256
852,5,22588175.252294,36.2,0.543187
852,6,22802692.035384,38.0,0.551399
852,12,20068904.697634,42.6,1.50981
852,19,24600807.039137,34.4,0.176719
852,24,23690145.474017,24.5,0.393811
852,25,20967115.8814,37.0,0.951246
852,29,22994343.06526,33.7,0.487857
852,31,25505133.075852,29.9,0.042928
853,2,21257125.43002,42.2,1.14913
853,5,22587661.622585,35.3,0.543292
853,6,22803266.950258,37.6,0.551279
853,12,20068898.624958,42.0,1.509932
853,19,24601365.463554,34.1,0.176632
853,24,23690760.262639,23.3,0.3937
853,25,20966735.658606,35.8,0.951384
853,29,22993894.786617,32.7,0.487947
853,31,25504649.425618,29.4,0.043011
854,2,21257410.235024,43.0,1.149003
854,5,22587145.375344,36.1,0.543397
854,6,22803841.359075,38.4,0.551159
854,12,20068891.732122,42.6,1.510054
854,19,24601938.668307,34.6,0.176543
854,24,23691356.850683,23.5,0.393588
854,25,20966352.818279,36.8,0.951522
854,29,22993446.29857,33.4,0.488037
854,31,25504163.471954,35.1,0.043094
855,2,21257696.610547,43.1,1.148878
855,5,22586635.200778,36.0,0.543503
855,6,22804415.837693,38.3,0.55104
855,12,20068884.594983,42.5,1.510176
855,19,24602488.559568,35.0,0.176456
855,24,23691960.698017,23.3,0.393476
855,25,20965977.551346,37.2,0.951659
855,29,22992999.381044,33.9,0.488127
855,31,25503683.573516,35.0,0.043176
856,2,21257985.272049,43.3,1.148752
856,5,22586114.41648,36.2,0.543609
856,6,22804987.506826,38.6,0.55092
856,12,20068876.777285,42.8,1.510297
856,19,24603046.425579,34.5,0.176368
856,24,23692569.832768,22.9,0.393365
856,25,20965601.586405,37.5,0.951796
856,29,22992552.65547,34.1,0.488216
856,31,25503199.364874,33.4,0.043259
857,2,21258271.385819,43.4,1.148626
857,5,22585603.10765,35.9,0.543714
857,6,22805560.222972,38.4,0.5508
857,12,20068868.505882,42.8,1.510419
857,19,24603610.468967,32.7,0.17628
857,24,23693175.84393,24.5,0.393254
857,25,20965218.571576,37.4,0.951935
857,29,22992103.992921,34.3,0.488306
857,31,25502714.423323,33.5,0.043342
858,2,21258559.384213,42.9,1.1485
858,5,22585087.942322,35.4,0.543819
858,6,22806136.917768,38.0,0.55068
858,12,20068860.897587,42.5,1.51054
858,19,24604167.078562,34.1,0.176192
858,24,23693785.816291,22.9,0.393143
858,25,20964841.629422,36.9,0.952072
858,29,22991654.492763,33.4,0.488396
858,31,25502234.053729,34.9,0.043424
859,2,21258842.130091,43.0,1.148375
859,5,22584570.543366,35.6,0.543925
859,6,22806705.969369,38.1,0.550561
859,12,20068851.631522,42.5,1.510661
859,19,24604725.921785,33.4,0.176104
859,24,23694394.130881,22.6,0.393031
859,25,20964463.919459,37.0,0.95221
859,29,22991203.631487,34.0,0.488485
859,31,25501747.227555,35.3,0.043507
860,2,21259130.145935,43.2,1.148249
860,5,22584052.114847,35.7,0.544031
860,6,22807277.882805,38.2,0.550441
860,12,20068842.260755,42.3,1.510782
860,19,24605278.954086,33.9,0.176017
860,24,23695024.502547,23.7,0.392919
860,25,20964083.103358,37.9,0.952346
860,29,22990760.151653,34.0,0.488574
860,31,25501270.766809,27.6,0.043589
861,2,21259418.580584,43.0,1.148123
861,5,22583540.997969,35.6,0.544136
861,6,22807849.621739,38.4,0.550321
861,12,20068835.699473,42.7,1.510903
861,19,24605834.795872,33.9,0.175929
861,24,23695615.43672,21.8,0.392808
861,25,20963704.800087,36.8,0.952485
861,29,22990303.601607,33.2,0.488665
862,2,21259704.781605,43.1,1.147997
862,5,22583026.478299,35.8,0.544241
862,6,22808424.833266,38.1,0.550201
862,12,20068828.405282,43.0,1.511024
862,19,24606392.923636,33.8,0.175841
862,24,23696220.627722,22.2,0.392697
862,25,20963323.373228,37.2,0.952622
862,29,22989858.3244,33.8,0.488754
862,31,25500303.274387,25.2,0.043755
863,2,21259993.233704,43.2,1.147871
863,5,22582507.561174,35.5,0.544347
863,6,22809000.463599,38.1,0.550081
863,12,20068822.751411,42.7,1.511144
863,19,24606957.176427,33.5,0.175753
863,24,23696830.146377,22.0,0.392586
863,25,20962947.757291,37.1,0.95276
863,29,22989407.777229,34.0,0.488844
863,31,25499814.964944,32.0,0.043838
864,2,21260279.452175,42.7,1.147746
864,5,22581994.245569,35.4,0.544453
864,6,22809570.003806,37.6,0.549962
864,12,20068815.788774,42.4,1.511265
864,19,24607512.0061,34.0,0.175666
864,24,23697447.343128,22.7,0.392474
864,25,20962568.756012,36.7,0.952897
864,29,22988964.314845,33.7,0.488933
864,31,25499334.019493,34.5,0.043921
865,2,21260563.977976,43.0,1.14762
865,5,22581480.423908,35.9,0.544558
865,6,22810144.726727,38.2,0.549843
865,12,20068807.709324,42.6,1.511386
865,19,24608065.753859,30.3,0.175578
865,24,23698050.230701,22.5,0.392362
865,25,20962191.325253,37.2,0.953034
865,29,22988515.233492,33.5,0.489023
865,31,25498854.958666,34.8,0.044003
866,2,21260847.99772,43.3,1.147494
866,5,22580964.612922,36.4,0.544664
866,6,22810713.254821,38.7,0.549723
866,12,20068798.844613,43.2,1.511506
866,19,24608623.480268,30.6,0.17549
866,24,23698644.550217,23.7,0.392251
866,25,20961812.515926,37.6,0.953172
866,29,22988059.974761,33.7,0.489112
866,31,25498372.721898,34.8,0.044086
867,2,21261138.456594,43.1,1.147367
867,5,22580442.921212,35.8,0.54477
867,6,22811288.501249,38.1,0.549602
867,12,20068789.78795,42.5,1.511624
867,19,24609184.347717,33.5,0.175402
867,24,23699245.291413,24.1,0.39214
867,25,20961433.235443,37.0,0.953309
867,29,22987616.529828,33.3,0.489202
867,31,25497889.699871,34.1,0.044168
868,2,21261422.738091,43.1,1.147242
868,5,22579925.557157,35.7,0.544875
868,6,22811858.791815,38.3,0.549483
868,12,20068781.79575,42.8,1.511745
868,19,24609734.849736,33.3,0.175315
868,24,23699890.21656,23.8,0.392028
868,25,20961052.576393,36.7,0.953446
868,29,22987166.924968,33.4,0.489291
868,31,25497409.225576,34.2,0.04425
869,2,21261707.089389,42.4,1.147116
869,5,22579405.854772,35.0,0.544981
869,6,22812431.839515,37.6,0.549363
869,12,20068775.33917,42.0,1.511864
869,19,24610295.909136,33.3,0.175227
869,24,23700461.466888,20.4,0.391918
869,25,20960677.675916,36.2,0.953584
869,29,22986712.887752,33.3,0.489381
869,31,25496924.894783,33.5,0.044332
870,2,21261992.033995,43.1,1.146991
870,5,22578893.952635,35.9,0.545086
870,6,22813003.386497,38.3,0.549244
870,12,20068766.474459,42.6,1.511984
870,19,24610844.962787,33.8,0.175139
870,24,23701077.389773,22.5,0.391806
870,25,20960293.788576,37.1,0.953721
870,29,22986265.446719,34.1,0.48947
870,31,25496443.879531,30.6,0.044415
871,2,21262278.409518,43.3,1.146864
871,5,22578369.102436,36.0,0.545193
871,6,22813574.881127,38.5,0.549124
871,12,20068757.278194,43.2,1.512103
871,19,24611402.375093,35.1,0.175051
871,24,23701687.257433,23.3,0.391695
871,25,20959912.832872,37.4,0.953858
871,29,22985817.028474,34.7,0.48956
871,31,25495955.604988,33.2,0.044497
872,2,21262564.174284,43.1,1.146739
872,5,22577855.612328,35.4,0.545298
872,6,22814145.433447,38.4,0.549005
872,12,20068751.031016,42.8,1.512222
872,19,24611958.234329,34.5,0.174964
872,24,23702289.586599,23.4,0.391583
872,25,20959536.658528,37.2,0.953996
872,29,22985367.09206,34.1,0.489649
872,31,25495476.893165,31.2,0.04458
873,2,21262852.36463,42.6,1.146613
873,5,22577336.765004,35.7,0.545404
873,6,22814717.835489,39.0,0.548884
873,12,20068743.33547,43.0,1.512341
873,19,24612521.038751,35.5,0.174876
873,24,23702901.548285,20.0,0.391472
873,25,20959157.500197,36.6,0.954133
873,29,22984921.099395,34.3,0.489739
873,31,25494996.715523,27.5,0.044662
874,2,21263139.595214,43.1,1.146487
874,5,22576822.350036,35.5,0.54551
874,6,22815291.668449,38.4,0.548765
874,12,20068736.460085,42.8,1.51246
874,19,24613072.395831,34.4,0.174789
874,24,23703504.470758,22.0,0.391361
874,25,20958780.400992,37.0,0.95427
874,29,22984474.740275,34.8,0.489828
874,31,25494513.484094,25.4,0.044744
875,2,21263427.611057,42.6,1.14636
875,5,22576306.6263,35.3,0.545615
875,6,22815867.769938,38.2,0.548645
875,12,20068729.479997,43.0,1.512578
875,19,24613627.522157,33.9,0.1747
875,24,23704121.353405,25.8,0.39125
875,25,20958403.179635,36.1,0.954408
875,29,22984018.975488,33.8,0.489918
876,2,21263709.449524,42.8,1.146236
876,5,22575788.319933,36.2,0.545721
876,6,22816433.523447,38.3,0.548526
876,12,20068721.121343,43.0,1.512698
876,19,24614188.162753,34.1,0.174613
876,24,23704737.171589,26.2,0.391137
876,25,20958022.468235,36.6,0.954545
876,29,22983574.117088,34.5,0.490007
877,2,21263997.465368,41.8,1.146109
877,5,22575272.282094,34.8,0.545826
877,6,22817007.827563,37.5,0.548406
877,12,20068712.640537,42.2,1.512816
877,19,24614743.585733,33.7,0.174525
877,24,23705347.458054,24.4,0.391027
877,25,20957650.045688,35.5,0.954682
877,29,22983120.446327,33.5,0.490097
878,2,21264283.963043,43.1,1.145983
878,5,22574757.134216,36.2,0.545932
878,6,22817579.426895,38.8,0.548286
878,12,20068703.548974,43.3,1.512934
878,19,24615300.491982,35.8,0.174437
878,24,23705933.436366,24.2,0.390916
878,25,20957270.39875,36.9,0.95482
878,29,22982671.539476,34.4,0.490187
878,31,25492586.770653,25.4,0.045074
879,2,21264567.45928,42.8,1.145858
879,5,22574240.188966,35.7,0.546037
879,6,22818148.04224,37.5,0.548167
879,12,20068696.533986,42.7,1.513053
879,19,24615851.70946,34.4,0.17435
879,24,23706550.912321,23.9,0.390804
879,25,20956888.361133,36.4,0.954957
879,29,22982223.243382,35.0,0.490276
879,31,25492102.788864,25.5,0.045157
880,2,21264854.846916,42.4,1.145732
880,5,22573721.446343,35.9,0.546143
880,6,22818719.030815,38.2,0.548047
880,12,20068689.833103,43.0,1.513171
880,19,24616406.225029,32.7,0.174263
880,24,23707154.881807,23.8,0.390692
880,25,20956508.714196,35.6,0.955094
880,29,22981777.058764,32.4,0.490365
880,31,25491623.012577,32.4,0.045239
881,2,21265141.745946,30.3,1.145608
881,5,22573212.702695,31.6,0.546248
881,6,22819291.64226,27.1,0.547929
881,12,20068678.752215,30.9,1.51329
881,19,24616963.829287,27.1,0.174175
881,24,23707790.436187,19.2,0.39058
881,25,20956153.462663,22.3,0.955233
881,29,22981333.962836,22.9,0.490455
881,31,25491135.854848,35.5,0.045322
882,2,21265429.151032,41.4,1.145479
882,5,22572693.645969,31.3,0.546354
882,6,22819869.523671,36.7,0.547807
882,12,20068675.942729,41.8,1.513405
882,24,23708350.954631,23.9,0.390471
882,29,22980873.067685,33.8,0.490545
882,31,25490656.392666,34.5,0.045404
883,2,21265718.475642,42.0,1.145354
883,5,22572177.747731,35.2,0.54646
883,6,22820441.576708,37.8,0.547687
883,12,20068670.288859,42.3,1.513523
883,19,24618082.894301,30.6,0.173999
883,24,23708962.863966,22.8,0.390359
883,25,20955377.224628,35.7,0.955507
883,29,22980427.319323,32.8,0.490635
883,31,25490175.255262,35.1,0.045486
884,2,21266007.172045,42.2,1.145228
884,5,22571665.985196,35.2,0.546565
884,6,22821017.15469,38.1,0.547568
884,12,20068666.973318,42.5,1.513641
884,19,24618643.185892,33.2,0.173911
884,24,23709593.008779,23.2,0.390248
884,25,20954999.16566,36.3,0.955645
884,29,22979977.906415,33.8,0.490725
884,31,25489694.676266,32.9,0.045569
885,2,21266296.863109,43.0,1.145102
885,5,22571151.343374,36.0,0.54667
885,6,22821588.666772,38.0,0.547448
885,12,20068661.075144,42.8,1.513758
885,19,24619196.113491,33.5,0.173823
885,24,23710191.202243,25.4,0.390137
885,25,20954625.434347,36.8,0.955783
885,29,22979525.928325,33.4,0.490815
885,31,25489204.307697,30.9,0.045652
886,2,21266583.133931,43.1,1.144976
886,5,22570637.451912,36.3,0.546775
886,6,22822162.726585,38.3,0.547329
886,12,20068656.852191,43.4,1.513875
886,19,24619758.778312,34.0,0.173736
886,24,23710812.639397,25.0,0.390025
886,25,20954250.359367,36.9,0.95592
886,29,22979076.794621,33.8,0.490904
886,31,25488729.714125,28.9,0.045734
887,2,21266874.465316,42.1,1.14485
887,5,22570122.949692,35.3,0.546881
887,6,22822737.955562,37.4,0.547209
887,12,20068653.780953,42.2,1.513992
887,19,24620315.126154,31.0,0.173647
887,24,23711408.843537,23.6,0.389914
887,25,20953868.653304,35.8,0.956058
887,29,22978627.050159,32.7,0.490994
887,31,25488249.972739,30.8,0.045816
888,2,21267161.399247,42.4,1.144724
888,5,22569608.23807,36.5,0.546987
888,6,22823312.695934,38.1,0.547089
888,12,20068649.610351,43.6,1.514108
888,19,24620879.378944,33.6,0.17356
888,24,23712008.171265,24.5,0.389803
888,25,20953494.85219,36.8,0.956195
888,29,22978181.284347,33.8,0.491084
888,31,25487776.338929,29.6,0.045898
889,2,21267447.617718,42.8,1.1446
889,5,22569096.702387,35.9,0.547092
889,6,22823883.422755,37.5,0.54697
889,12,20068645.928355,43.1,1.514226
889,19,24621431.800487,33.4,0.173473
889,24,23712631.946748,23.2,0.38969
889,25,20953120.928924,36.9,0.956333
889,29,22977737.804514,34.2,0.491173
889,31,25487293.282002,27.4,0.045981
890,2,21267738.6699,42.1,1.144473
890,5,22568579.809487,35.8,0.547198
890,6,22824458.075875,37.5,0.54685
890,12,20068639.279822,42.8,1.514341
890,19,24621991.463871,33.2,0.173384
890,24,23713229.983161,25.5,0.38958
890,25,20952744.335775,36.2,0.95647
890,29,22977285.372718,33.8,0.491263
890,31,25486804.2571,28.7,0.046063
891,2,21268027.750207,42.5,1.144347
891,5,22568065.446869,36.2,0.547303
891,6,22825036.463342,38.2,0.54673
891,12,20068637.866354,43.6,1.514458
891,19,24622548.562072,33.0,0.173297
891,24,23713858.731956,25.4,0.389469
891,25,20952367.882228,36.1,0.956608
891,29,22976836.971923,34.5,0.491353
891,31,25486323.486151,30.9,0.046146
892,2,21268318.069479,42.2,1.144221
892,5,22567556.825373,35.5,0.547408
892,6,22825611.587619,37.7,0.546611
892,12,20068632.003081,42.9,1.514574
892,19,24623104.805213,31.3,0.173209
892,24,23714462.334988,25.3,0.389357
892,25,20951989.055451,35.9,0.956746
892,29,22976394.591453,33.6,0.491443
892,31,25485847.828116,33.3,0.046228
893,2,21268608.859908,42.2,1.144096
893,5,22567050.1583,35.5,0.547513
893,6,22826186.572293,37.2,0.546491
893,12,20068631.07822,42.8,1.514691
893,19,24623674.39777,32.1,0.173121
893,24,23715072.097946,26.0,0.389245
893,25,20951623.002233,35.7,0.956883
893,29,22975951.478074,34.0,0.491532
893,31,25485369.953903,35.4,0.046311
894,2,21268898.585873,41.4,1.14397
894,5,22566532.235838,35.2,0.54762
894,6,22826765.884622,36.5,0.546372
894,12,20068631.200371,42.2,1.514806
894,19,24624227.325369,32.5,0.173034
894,24,23715687.09597,24.5,0.389134
894,25,20951244.48956,35.7,0.95702
894,29,22975508.207643,34.1,0.491621
894,31,25484896.11069,34.2,0.046392
895,2,21269193.2677,42.2,1.143844
895,5,22566023.788844,35.3,0.547725
895,6,22827345.092249,37.5,0.546252
895,12,20068632.107782,42.4,1.514921
895,19,24624796.935377,32.8,0.172946
895,24,23716313.070181,25.9,0.389023
895,25,20950876.638971,35.3,0.957158
895,29,22975063.331792,36.0,0.491711
895,31,25484420.03385,33.8,0.046475
896,2,21269484.040678,42.5,1.143717
896,5,22565510.822243,35.4,0.54783
896,6,22827916.464728,37.8,0.546132
896,12,20068626.977418,42.4,1.515036
896,19,24625355.115492,33.3,0.172858
896,24,23716899.432397,24.1,0.388912
896,25,20950500.656579,36.2,0.957295
896,29,22974615.99546,33.9,0.491801
896,31,25483943.922109,34.8,0.046557
897,2,21269775.598916,42.2,1.143592
897,5,22565001.031582,35.6,0.547936
897,6,22828494.014585,37.8,0.546013
897,12,20068625.337098,42.5,1.515152
897,19,24625915.581585,32.8,0.172771
897,24,23717523.15553,23.4,0.3888
897,25,20950132.07308,35.9,0.957433
897,29,22974173.667341,33.5,0.49189
897,31,25483465.018334,35.9,0.046639
898,2,21270068.675323,43.4,1.143466
898,5,22564493.963155,36.2,0.548041
898,6,22829073.08261,38.5,0.545893
898,12,20068628.198934,43.1,1.515267
898,19,24626479.973977,31.9,0.172683
898,24,23718128.608284,23.3,0.388689
898,25,20949755.113476,37.6,0.957571
898,29,22973720.851641,34.0,0.49198
898,31,25482990.913368,37.5,0.046722
899,2,21270363.584003,42.8,1.14334
899,5,22563982.130818,36.0,0.548147
899,6,22829651.016372,37.8,0.545774
899,12,20068631.723878,43.3,1.515382
899,19,24627035.711062,33.6,0.172596
899,24,23718739.819611,24.1,0.388578
899,25,20949384.802406,36.5,0.957708
899,29,22973283.688786,35.2,0.49207
899,31,25482513.283458,34.0,0.046804
900,2,21270655.212042,41.9,1.143214
900,5,22563470.315932,35.8,0.548253
900,6,22830230.154198,37.3,0.545654
900,12,20068629.856704,42.6,1.515496
900,19,24627603.453896,33.9,0.172508
900,24,23719357.60967,24.9,0.388467
900,25,20949017.178669,35.7,0.957845
900,29,22972842.320429,34.4,0.492159
900,31,25482037.747574,30.4,0.046886
901,2,21270947.503189,42.9,1.143089
901,5,22562959.460808,35.7,0.548358
901,6,22830802.730743,37.7,0.545535
901,12,20068630.153358,42.8,1.515611
901,19,24628161.651461,34.2,0.172421
901,24,23719957.792459,23.4,0.388355
901,25,20948642.417792,36.8,0.957982
901,29,22972399.20705,34.0,0.492249
901,31,25481561.35663,32.0,0.046968
902,2,21271240.509795,42.8,1.142963
902,5,22562448.727835,36.0,0.548464
902,6,22831381.449764,38.1,0.545415
902,12,20068627.570726,43.2,1.515725
902,19,24628719.37787,32.8,0.172333
902,24,23720568.288326,23.4,0.388244
902,25,20948271.112059,36.3,0.95812
902,29,22971952.935181,34.2,0.492338
902,31,25481083.604569,33.3,0.04705
903,2,21271532.696241,42.7,1.142837
903,5,22561938.65797,35.9,0.548569
903,6,22831961.128547,38.0,0.545295
903,12,20068628.338535,43.3,1.515838
903,19,24629279.268106,33.5,0.172245
903,24,23721183.635354,24.2,0.388133
903,25,20947901.935253,36.3,0.958257
903,29,22971507.029767,34.3,0.492428
903,31,25480613.111798,34.4,0.047132
904,2,21271825.14444,42.6,1.142711
904,5,22561430.682132,35.7,0.548675
904,6,22832540.78988,37.9,0.545176
904,12,20068631.200371,43.0,1.515952
904,19,24629844.236356,33.2,0.172158
904,24,23721792.072096,23.3,0.388022
904,25,20947533.351754,36.4,0.958394
904,29,22971067.685635,33.7,0.492517
904,31,25480142.601577,32.5,0.047214
905,2,21272118.988656,42.8,1.142585
905,5,22560918.064536,36.1,0.54878
905,6,22833119.42165,38.6,0.545056
905,12,20068631.235272,42.7,1.516066
905,19,24630407.581735,33.5,0.17207
905,24,23722420.471887,23.9,0.387911
905,25,20947159.55064,36.2,0.958532
905,29,22970623.141338,33.8,0.492607
905,31,25479665.96633,34.0,0.047296
906,2,21272412.58857,43.1,1.142459
906,5,22560413.020334,36.2,0.548885
906,6,22833697.529913,37.7,0.544936
906,12,20068631.636627,42.9,1.51618
906,19,24630968.309582,34.2,0.171982
906,24,23723037.546487,25.5,0.387799
906,25,20946789.414071,36.9,0.95867
906,29,22970179.2427,34.2,0.492697
906,31,25479189.400883,34.3,0.047379
907,2,21272704.583063,42.5,1.142334
907,5,22559900.071183,35.6,0.548991
907,6,22834276.126783,37.7,0.544817
907,12,20068633.451449,42.1,1.516293
907,19,24631529.211931,33.3,0.171895
907,24,23723650.624987,24.6,0.387688
907,25,20946423.360854,36.6,0.958807
907,29,22969736.443424,33.6,0.492786
907,31,25478713.027389,35.3,0.04746
908,2,21272998.113176,42.5,1.142208
908,5,22559390.158371,36.0,0.549097
908,6,22834854.165245,37.7,0.544697
908,12,20068636.173683,42.1,1.516406
908,19,24632092.853964,33.5,0.171807
908,24,23724263.441733,25.3,0.387577
908,25,20946049.263086,37.1,0.958944
908,29,22969289.194344,33.6,0.492876
908,31,25478239.079475,34.2,0.047543
909,2,21273291.713089,42.8,1.142081
909,5,22558877.924679,36.0,0.549203
909,6,22835432.570163,38.2,0.544577
909,12,20068634.777666,42.7,1.516519
909,19,24632650.283719,34.4,0.171719
909,24,23724882.313706,24.3,0.387466
909,25,20945677.625798,37.0,0.959081
909,29,22968844.719848,34.1,0.492965
909,31,25477770.017623,31.8,0.047624
910,2,21273586.883522,42.3,1.141956
910,5,22558364.853377,35.2,0.549309
910,6,22836007.153482,37.6,0.544458
910,12,20068635.562926,42.5,1.516631
910,19,24633211.971328,32.7,0.171632
910,24,23725490.471244,21.6,0.387355
910,25,20945308.745646,36.5,0.959218
910,29,22968407.783846,33.6,0.493054
910,31,25477295.022696,31.8,0.047706
911,2,21273878.37196,42.6,1.14183
911,5,22557855.900327,36.2,0.549414
911,6,22836585.837603,37.4,0.544339
911,12,20068636.540138,43.2,1.516744
911,19,24633769.069529,33.1,0.171545
911,24,23726095.540094,24.0,0.387244
911,25,20944940.388999,36.7,0.959355
911,29,22967960.587116,34.9,0.493144
911,31,25476816.049119,29.6,0.047788
912,2,21274171.151713,43.1,1.141704
912,5,22557344.329743,35.8,0.54952
912,6,22837163.40491,37.4,0.544219
912,12,20068638.215359,43.3,1.516856
912,19,24634331.961203,33.1,0.171457
912,24,23726708.496442,23.4,0.387132
912,25,20944566.430833,36.5,0.959493
912,29,22967516.16497,34.4,0.493233
912,31,25476349.133643,28.8,0.04787
913,2,21274465.222782,42.4,1.141578
913,5,22556835.865299,35.9,0.549625
913,6,22837743.799152,38.2,0.544099
913,12,20068640.309385,43.1,1.516968
913,19,24634911.133929,34.1,0.171369
913,24,23727332.045073,24.7,0.387021
913,25,20944194.671395,36.0,0.95963
913,29,22967074.55231,34.3,0.493323
913,31,25475873.946764,26.7,0.047952
914,2,21274762.487241,42.6,1.141452
914,5,22556333.874885,36.4,0.54973
914,6,22838322.849727,37.8,0.54398
914,12,20068645.858554,43.1,1.517081
914,19,24635481.8084,32.3,0.171281
914,24,23727951.580153,24.6,0.386909
914,25,20943829.979294,36.4,0.959768
914,29,22966633.114152,34.3,0.493413
914,31,25475400.731759,29.5,0.048035
915,2,21275058.268432,42.7,1.141325
915,5,22555822.007648,36.4,0.549836
915,6,22838911.532822,37.9,0.543859
915,12,20068649.348598,43.0,1.517191
915,19,24636057.892438,25.9,0.171193
915,24,23728538.169222,25.0,0.3868
915,25,20943462.320656,36.6,0.959905
915,29,22966188.133599,33.9,0.493503
915,31,25474925.754283,34.6,0.048116
916,2,21275352.845558,42.8,1.1412
916,5,22555315.235875,36.0,0.549941
916,6,22839484.318769,37.6,0.54374
916,12,20068653.728602,43.2,1.517304
916,19,24636590.21133,33.3,0.171106
916,24,23729152.312186,24.0,0.386688
916,25,20943089.269902,36.5,0.960043
916,29,22965747.602853,35.0,0.493593
916,31,25474450.166048,35.2,0.048199
917,2,21275647.632086,41.4,1.141074
917,5,22554805.392863,34.7,0.550047
917,6,22840062.706236,36.2,0.543621
917,12,20068655.909879,41.2,1.517415
917,19,24637166.190667,28.6,0.171018
917,24,23729775.668864,23.0,0.386576
917,25,20942720.302498,35.2,0.96018
917,29,22965306.408998,32.3,0.493682
917,31,25473978.975269,33.0,0.04828
918,2,21275939.103073,42.7,1.140949
918,5,22554290.716141,35.9,0.550153
918,6,22840643.170279,37.6,0.543501
918,12,20068655.072269,43.0,1.517526
918,19,24637711.597223,28.1,0.170931
918,24,23730409.495672,24.0,0.386465
918,25,20942351.928401,36.6,0.960317
918,29,22964864.883588,34.1,0.493771
918,31,25473503.875641,35.3,0.048362
919,2,21276237.309844,42.4,1.140823
919,5,22553785.479987,36.2,0.550259
919,6,22841224.681335,37.8,0.543382
919,12,20068660.097932,43.1,1.517637
919,19,24638270.911602,29.1,0.170843
919,24,23731003.309132,22.7,0.386355
919,25,20941983.100599,36.6,0.960455
919,29,22964424.091088,34.1,0.493861
919,31,25473029.229718,37.5,0.048444
920,2,21276533.736693,43.4,1.140697
920,5,22553284.170132,36.4,0.550364
920,6,22841799.334456,37.5,0.543262
920,12,20068662.139607,43.4,1.517748
920,19,24638830.574985,31.2,0.170756
920,24,23731605.83025,25.1,0.386243
920,25,20941616.401723,37.0,0.960593
920,29,22963972.845908,33.6,0.493951
920,31,25472556.398618,33.9,0.048526
921,2,21276825.539234,43.1,1.140571
921,5,22552770.732375,36.5,0.550469
921,6,22842386.429581,37.9,0.543142
921,12,20068668.229733,43.2,1.517858
921,19,24639399.085629,31.7,0.170668
921,24,23732237.301279,26.3,0.386132
921,25,20941246.265155,37.2,0.960729
921,29,22963538.562339,34.4,0.49404
921,31,25472085.225289,29.1,0.048608
922,2,21277121.79158,42.8,1.140446
922,5,22552266.22913,36.4,0.550575
922,6,22842966.57952,38.1,0.543023
922,12,20068673.377547,43.1,1.517969
922,19,24639952.257531,32.6,0.170581
922,24,23732841.131164,24.7,0.38602
922,25,20940882.672418,36.5,0.960866
922,29,22963098.223544,34.5,0.494129
923,2,21277418.27078,42.6,1.140319
923,5,22551751.761811,36.1,0.550681
923,6,22843542.174952,37.5,0.542903
923,12,20068675.768227,43.1,1.518078
923,19,24640520.052716,33.2,0.170493
923,24,23733462.585768,24.7,0.38591
923,25,20940515.101032,35.9,0.961003
923,29,22962651.812074,34.0,0.494219
923,31,25471148.707003,26.4,0.048771
924,2,21277714.941931,42.8,1.140193
924,5,22551247.398167,36.1,0.550787
924,6,22844126.931749,37.7,0.542784
924,12,20068679.834128,42.9,1.518188
924,19,24641077.534822,33.8,0.170406
924,24,23734060.849033,24.8,0.385799
924,25,20940144.73761,36.1,0.961141
924,29,22962213.392804,34.3,0.494309
924,31,25470667.726652,24.2,0.048853
925,2,21278009.152602,43.3,1.140068
925,5,22550738.445117,36.1,0.550892
925,6,22844702.649332,38.2,0.542665
925,12,20068685.941704,43.3,1.518298
925,19,24641643.044029,33.1,0.170319
925,24,23734698.008833,25.9,0.385687
925,25,20939777.899133,37.0,0.961278
925,29,22961769.494165,34.8,0.494398
925,31,25470207.355008,27.0,0.048935
926,2,21278302.403512,43.1,1.139942
926,5,22550230.678681,36.0,0.550997
926,6,22845281.612657,38.7,0.542545
926,12,20068686.011505,43.5,1.518408
926,19,24642204.033628,33.5,0.170231
926,24,23735302.763579,25.3,0.385576
926,25,20939407.116907,36.8,0.961416
926,29,22961327.375448,35.3,0.494488
926,31,25469718.748911,27.8,0.049017
927,2,21278594.938962,42.2,1.139816
927,5,22549721.254475,35.8,0.551103
927,6,22845862.251202,37.3,0.542426
927,12,20068690.740514,42.7,1.518517
927,19,24642767.57096,33.3,0.170143
927,24,23735903.487325,22.2,0.385465
927,25,20939038.603208,35.8,0.961553
927,29,22960885.710437,34.7,0.494577
927,31,25469262.094163,27.3,0.049098
928,2,21278890.947005,42.8,1.13969
928,5,22549211.725567,36.0,0.551208
928,6,22846437.951335,38.0,0.542306
928,12,20068693.253345,43.1,1.518626
928,19,24643333.080166,31.1,0.170056
928,24,23736516.96718,24.2,0.385354
928,25,20938669.670705,36.4,0.961691
928,29,22960439.124465,35.5,0.494668
928,31,25468771.446391,29.6,0.049181
929,2,21279185.087876,42.4,1.139565
929,5,22548703.924231,35.3,0.551314
929,6,22847018.101274,37.8,0.542187
929,12,20068695.696376,42.8,1.518735
929,19,24643888.660199,33.0,0.169968
929,24,23737141.789676,23.6,0.385242
929,25,20938298.888478,36.0,0.961828
929,29,22959999.693082,34.5,0.494757
929,31,25468300.831468,33.9,0.049263
930,2,21279477.553525,42.9,1.139439
930,5,22548190.538825,36.0,0.55142
930,6,22847593.260451,38.3,0.542068
930,12,20068699.744826,43.3,1.518844
930,19,24644443.123417,32.1,0.169881
930,24,23737756.822601,23.0,0.385131
930,25,20937929.100914,36.0,0.961965
930,29,22959554.049421,35.3,0.494846
930,31,25467832.415274,34.6,0.049344
931,2,21279772.828659,43.1,1.139313
931,5,22547679.369596,36.2,0.551525
931,6,22848172.747281,38.3,0.541947
931,12,20068700.931441,42.8,1.518952
931,19,24645007.917165,31.7,0.169793
931,24,23738357.581247,24.6,0.385021
931,25,20937564.827619,36.3,0.962102
931,29,22959107.044643,35.3,0.494936
931,31,25467355.413572,34.5,0.049426
932,2,21280065.38156,43.4,1.139187
932,5,22547168.793676,36.4,0.551631
932,6,22848751.605904,38.5,0.541828
932,12,20068705.992004,42.9,1.51906
932,19,24645572.990115,32.7,0.169706
932,24,23738965.826036,24.3,0.38491
932,25,20937191.253358,36.8,0.96224
932,29,22958661.819788,34.4,0.495026
932,31,25466881.413307,32.6,0.049508
933,2,21280360.115737,42.9,1.139061
933,5,22546659.177517,35.7,0.551736
933,6,22849329.347713,37.9,0.541708
933,12,20068707.527624,42.9,1.519168
933,19,24646130.646724,33.6,0.169618
933,24,23739592.131801,24.8,0.384798
933,25,20936823.141014,36.8,0.962377
933,29,22958220.259478,34.6,0.495115
933,31,25466411.077588,29.9,0.049589
934,2,21280656.699638,43.0,1.138934
934,5,22546148.11299,35.7,0.551842
934,6,22849909.235899,38.1,0.541588
934,12,20068711.20962,43.1,1.519275
934,19,24646688.338233,33.4,0.16953
934,24,23740193.605906,22.8,0.384688
934,25,20936448.188186,36.7,0.962515
934,29,22957774.563467,35.0,0.495205
934,31,25465936.588718,32.4,0.049671
935,2,21280946.477954,43.1,1.13881
935,5,22545642.248628,36.0,0.551947
935,6,22850485.302487,38.1,0.54147
935,12,20068715.886278,43.4,1.519384
935,19,24647249.432534,35.2,0.169443
935,24,23740817.643143,23.4,0.384576
935,25,20936082.920228,36.3,0.962652
935,29,22957332.235348,34.7,0.495294
935,31,25465460.389726,33.0,0.049753
936,2,21281240.200019,43.3,1.138683
936,5,22545130.137088,36.1,0.552053
936,6,22851065.033621,38.2,0.54135
936,12,20068715.519823,43.1,1.51949
936,19,24647811.7658,34.5,0.169355
936,24,23741428.854469,21.5,0.384465
936,25,20935711.701746,36.6,0.962789
936,29,22956884.584912,33.8,0.495384
936,31,25464985.761254,31.2,0.049835
937,2,21281532.089811,42.6,1.138557
937,5,22544620.381327,36.1,0.552158
937,6,22851641.431763,37.1,0.54123
937,12,20068715.101018,42.8,1.519597
937,19,24648371.673487,34.4,0.169268
937,24,23742022.633028,22.5,0.384354
937,25,20935343.449801,36.3,0.962926
937,29,22956444.071615,34.7,0.495474
937,31,25464511.080431,29.0,0.049916
938,2,21281826.440084,43.1,1.138431
938,5,22544110.08461,36.7,0.552264
938,6,22852218.772217,37.1,0.541111
938,12,20068716.86349,43.0,1.519704
938,19,24648926.53806,34.1,0.16918
938,24,23742638.346511,25.1,0.384243
938,25,20934974.360246,37.6,0.963064
938,29,22955995.531219,34.7,0.495563
938,31,25464037.952677,32.6,0.049998
939,2,21282120.580954,42.9,1.138305
939,5,22543597.18781,36.1,0.552369
939,6,22852796.234822,36.8,0.540991
939,12,20068719.009867,42.5,1.51981
939,19,24649490.808301,30.9,0.169092
939,24,23743246.381898,24.9,0.384132
939,25,20934602.373954,37.1,0.963201
939,29,22955550.690268,34.2,0.495653
939,31,25463563.132252,31.6,0.05008
940,2,21282411.755287,43.1,1.13818
940,5,22543086.402486,36.0,0.552475
940,6,22853369.509375,37.9,0.540872
940,12,20068722.081105,43.0,1.519918
940,19,24650044.294307,31.7,0.169006
940,24,23743868.831165,26.8,0.38402
940,25,20934233.092446,37.9,0.963339
940,29,22955106.180871,35.3,0.495743
940,31,25463084.141226,34.1,0.050162
941,2,21282703.976633,42.1,1.138054
941,5,22542575.495011,35.3,0.55258
941,6,22853949.833817,36.6,0.540752
941,12,20068724.401984,42.3,1.520023
941,19,24650618.633324,20.4,0.168918
941,24,23744474.039616,25.0,0.38391
941,25,20933863.985441,36.2,0.963476
941,29,22954658.512986,34.9,0.495832
941,31,25462611.589329,33.0,0.050243
942,2,21282993.091841,43.2,1.137928
942,5,22542059.649125,36.6,0.552686
942,6,22854520.438486,37.6,0.540633
942,12,20068722.412659,43.4,1.520129
942,19,24651161.352546,31.3,0.16883
942,24,23745077.625198,26.5,0.383798
942,25,20933487.549344,36.9,0.963613
942,29,22954216.132516,35.1,0.495921
942,31,25462134.133922,31.7,0.050325
943,2,21283283.009758,42.7,1.137802
943,5,22541545.53081,35.8,0.552791
943,6,22855095.754715,37.2,0.540514
943,12,20068724.227482,42.9,1.520235
943,19,24651714.786201,33.5,0.168743
943,24,23745689.517083,24.9,0.383687
943,25,20933114.027433,36.6,0.963751
943,29,22953764.660482,34.5,0.496012
943,31,25461648.180258,27.3,0.050407
944,2,21283573.957239,42.8,1.137676
944,5,22541032.442058,36.2,0.552897
944,6,22855665.521775,37.2,0.540394
944,12,20068721.383096,42.9,1.52034
944,19,24652270.470935,34.1,0.168656
944,24,23746284.464807,24.9,0.383576
944,25,20932748.742025,36.4,0.963887
944,29,22953317.830207,34.8,0.4961
945,2,21283864.887269,43.0,1.13755
945,5,22540517.817686,36.1,0.553003
945,6,22856246.352272,37.1,0.540274
945,12,20068721.208594,43.2,1.520445
945,19,24652826.103318,34.4,0.168568
945,24,23746899.759484,23.9,0.383466
945,25,20932373.213339,36.2,0.964024
945,29,22952870.965031,35.3,0.49619
946,2,21284155.503195,43.0,1.137425
946,5,22540006.491406,36.2,0.553108
946,6,22856819.679176,37.8,0.540156
946,12,20068724.332183,43.2,1.520551
946,19,24653376.343584,33.8,0.168481
946,24,23747521.946998,25.4,0.383354
946,25,20932000.406887,36.9,0.964162
946,29,22952422.581686,35.1,0.49628
946,31,25460224.277391,30.7,0.050651
947,2,21284446.747329,42.6,1.137298
947,5,22539488.900498,35.5,0.553215
947,6,22857392.412772,37.0,0.540035
947,12,20068723.878478,42.2,1.520654
947,19,24653941.591037,33.3,0.168393
947,24,23748103.702357,25.4,0.383244
947,25,20931628.804501,36.4,0.964299
947,29,22951976.344718,34.1,0.496369
947,31,25459756.1404,32.2,0.050732
948,2,21284732.197991,43.2,1.137173
948,5,22538973.909672,36.6,0.55332
948,6,22857966.280633,38.0,0.539916
948,12,20068722.43011,43.1,1.52076
948,19,24654492.372259,33.1,0.168306
948,24,23748727.320788,27.5,0.383132
948,25,20931255.614144,36.9,0.964436
948,29,22951530.596356,33.8,0.496458
948,31,25459276.817819,33.3,0.050814
949,2,21285022.360212,33.5,1.137048
949,5,22538462.42634,33.1,0.553425
949,6,22858540.340446,29.1,0.539797
949,12,20068725.6933,35.0,1.520864
949,19,24655046.346872,30.8,0.168219
949,24,23749342.458413,21.2,0.383021
949,25,20930883.540601,20.5,0.964573
949,31,25458800.723528,30.2,0.050895
950,2,21285312.819086,41.2,1.136922
950,5,22537944.940132,29.2,0.553531
950,6,22859110.49141,36.0,0.539678
950,12,20068723.843577,41.2,1.520969
950,24,23749955.170459,22.1,0.382909
950,25,20930510.245544,35.7,0.964711
950,29,22950633.236359,31.6,0.496637
950,31,25458319.795527,31.8,0.050977
951,2,21285603.173259,42.7,1.136795
951,5,22537433.648753,36.0,0.553636
951,6,22859686.557998,37.7,0.539558
951,12,20068718.905166,42.6,1.521071
951,19,24656155.988768,30.5,0.168044
951,24,23750538.129883,25.7,0.382799
951,25,20930134.455104,36.7,0.964848
951,29,22950187.906802,34.4,0.496727
951,31,25457842.689124,33.0,0.051058
952,2,21285892.951575,42.5,1.136669
952,5,22536911.887242,36.0,0.553743
952,6,22860260.827214,37.6,0.539438
952,12,20068717.875603,42.7,1.521174
952,19,24656705.373973,34.2,0.167956
952,24,23751153.476911,25.6,0.382689
952,25,20929762.294311,36.3,0.964985
952,29,22949732.997076,33.7,0.496817
952,31,25457366.804236,30.1,0.051139
953,2,21286182.503038,42.5,1.136544
953,5,22536402.183832,35.9,0.553849
953,6,22860832.182243,37.4,0.539319
953,12,20068718.119906,42.0,1.521277
953,19,24657263.850741,35.1,0.167869
953,24,23751749.419297,25.8,0.382577
953,25,20929398.596873,37.0,0.965121
953,29,22949286.254052,34.0,0.496906
954,2,21286470.832985,42.4,1.136417
954,5,22535886.791651,35.5,0.553953
954,6,22861408.336082,37.7,0.539199
954,12,20068718.067555,42.0,1.52138
954,19,24657824.997393,34.4,0.167781
954,24,23752365.429433,27.6,0.382466
954,25,20929019.892247,37.0,0.965259
954,29,22948836.50959,33.6,0.496995
954,31,25456423.84682,24.3,0.051302
955,2,21286761.797916,43.4,1.136292
955,5,22535372.795488,36.3,0.554059
955,6,22861981.104579,38.8,0.53908
955,12,20068717.927953,42.7,1.521483
955,19,24658374.679252,35.2,0.167694
955,24,23752970.585534,29.4,0.382355
955,25,20928645.00922,37.5,0.965397
955,29,22948385.473812,34.6,0.497086
956,2,21287050.756071,43.4,1.136166
956,5,22534859.514783,35.8,0.554165
956,6,22862553.367019,38.9,0.538961
956,12,20068717.299745,42.4,1.521586
956,19,24658922.66844,34.2,0.167607
956,24,23753577.015501,29.9,0.382244
956,25,20928275.047153,37.7,0.965534
956,29,22947937.858277,34.1,0.497175
956,31,25455462.531775,28.5,0.051465
957,2,21287336.293984,43.1,1.13604
957,5,22534339.812399,35.7,0.554271
957,6,22863124.285793,38.0,0.538841
957,12,20068714.42046,42.5,1.521688
957,19,24659476.800104,34.6,0.167519
957,24,23754180.025225,28.2,0.382133
957,25,20927901.019186,37.4,0.965671
957,29,22947486.194291,34.2,0.497264
958,2,21287629.684495,43.2,1.135914
958,5,22533825.554482,36.0,0.554376
958,6,22863698.589909,38.5,0.538722
958,12,20068715.816477,42.7,1.52179
958,19,24660033.113045,34.2,0.167432
958,24,23754789.404279,28.6,0.382022
958,25,20927529.172496,37.1,0.965807
958,29,22947045.087687,34.2,0.497353
958,31,25454509.505583,30.0,0.051628
959,2,21287919.602413,42.1,1.135788
959,5,22533314.420154,35.0,0.554481
959,6,22864273.609484,37.6,0.538602
959,12,20068715.537274,41.7,1.521891
959,19,24660591.048857,31.2,0.167344
959,24,23755397.701419,26.1,0.381911
959,25,20927154.743174,36.0,0.965945
959,29,22946594.819719,31.5,0.497443
959,31,25454032.259579,29.5,0.051709
960,2,21288206.920248,41.5,1.135663
960,5,22532793.21705,33.1,0.554587
960,6,22864840.933513,36.3,0.538484
960,12,20068716.252732,41.8,1.521994
960,19,24661139.491751,27.5,0.167258
960,24,23756020.796344,24.5,0.3818
960,25,20926781.622619,35.2,0.966083
960,29,22946143.155733,34.1,0.497533
960,31,25453548.207989,32.0,0.051791
961,2,21288494.464936,41.9,1.135537
961,5,22532280.913558,35.3,0.554693
961,6,22865415.987989,37.5,0.538364
961,12,20068713.303646,41.7,1.522094
961,19,24661695.054333,21.5,0.16717
961,24,23756603.040309,27.1,0.381689
961,25,20926406.338236,35.4,0.966219
961,29,22945697.721475,33.5,0.497622
961,31,25453073.701668,31.5,0.051872
962,2,21288780.631056,42.3,1.135412
962,5,22531765.434126,35.2,0.554797
962,6,22865982.753611,36.9,0.538245
962,12,20068712.274083,42.4,1.522196
962,19,24662263.913981,23.7,0.167083
962,24,23757223.465351,26.4,0.381577
962,25,20926029.95449,36.1,0.966357
962,29,22945244.591671,35.4,0.497712
962,31,25452597.188572,33.5,0.051954
963,2,21289072.293996,42.7,1.135285
963,5,22531247.651265,36.2,0.554904
963,6,22866557.720835,37.7,0.538125
963,12,20068711.628425,42.8,1.522296
963,19,24662799.321562,30.1,0.166995
963,24,23757815.516338,27.0,0.381467
963,25,20925662.086449,35.8,0.966494
963,29,22944796.662032,34.9,0.497801
963,31,25452115.684714,34.3,0.052035
964,2,21289364.550242,43.2,1.135159
964,5,22530731.665777,36.1,0.55501
964,6,22867134.782085,37.1,0.538005
964,12,20068714.874165,42.9,1.522395
964,19,24663350.277286,32.3,0.166908
964,24,23758413.849404,26.7,0.381357
964,25,20925290.885418,37.0,0.966631
964,29,22944344.52689,34.8,0.497891
964,31,25451638.962216,31.7,0.052116
965,2,21289653.648,42.7,1.135033
965,5,22530218.524674,35.9,0.555116
965,6,22867711.075526,38.0,0.537886
965,12,20068715.886278,42.8,1.522495
965,19,24663910.097722,33.3,0.16682
965,24,23759026.735952,24.8,0.381246
965,25,20924921.63881,36.0,0.966768
965,29,22943897.644264,35.1,0.49798
965,31,25451168.992951,29.6,0.052197
966,2,21289942.484004,42.9,1.134908
966,5,22529703.917753,36.1,0.555221
966,6,22868281.121789,38.0,0.537767
966,12,20068716.322533,42.5,1.522596
966,19,24664467.859031,34.0,0.166733
966,24,23759639.064092,23.9,0.381134
966,25,20924546.441679,36.7,0.966905
966,29,22943453.483872,34.6,0.49807
966,31,25450690.665033,30.8,0.052278
967,2,21290233.361683,42.2,1.134781
967,5,22529185.349632,35.5,0.555327
967,6,22868855.600407,37.2,0.537647
967,12,20068716.09568,42.3,1.522695
967,19,24665020.437626,33.0,0.166645
967,24,23760247.710237,26.4,0.381024
967,25,20924172.972119,36.0,0.967042
967,29,22942998.766098,34.6,0.498159
967,31,25450217.956085,30.2,0.05236
968,2,21290523.436653,42.4,1.134655
968,5,22528677.373794,36.0,0.555432
968,6,22869429.276315,37.1,0.537527
968,12,20068715.973529,42.6,1.522794
968,19,24665572.527615,33.3,0.166558
968,24,23760829.168942,25.6,0.380913
968,25,20923806.8142,36.1,0.96718
968,29,22942551.063312,35.6,0.498249
968,31,25449738.476452,31.6,0.052441
969,2,21290812.674012,42.4,1.134529
969,5,22528158.980176,35.8,0.555538
969,6,22870006.63422,37.6,0.537407
969,12,20068712.919741,42.9,1.522892
969,19,24666128.002946,33.1,0.16647
969,24,23761452.386018,25.2,0.380802
969,25,20923429.906947,35.7,0.967317
969,29,22942100.725543,35.0,0.498339
969,31,25449259.04917,33.8,0.052522
970,2,21291098.979734,42.6,1.134404
970,5,22527643.640345,36.5,0.555643
970,6,22870569.944698,37.7,0.537289
970,12,20068713.827152,43.2,1.522992
970,19,24666680.215086,34.4,0.166383
970,24,23762050.474781,26.3,0.380691
970,25,20923055.774278,35.8,0.967454
970,29,22941648.031994,34.2,0.498428
970,31,25448781.785714,32.0,0.052604
971,2,21291390.32857,42.7,1.134278
971,5,22527132.139563,36.7,0.555748
971,6,22871144.580369,37.6,0.53717
971,12,20068715.868828,43.0,1.523091
971,19,24667228.483478,34.2,0.166296
971,24,23762660.796146,27.9,0.38058
971,25,20922683.072528,36.8,0.967592
971,29,22941200.695662,33.6,0.498518
971,31,25448301.451021,30.5,0.052685
972,2,21291676.791344,42.7,1.134153
972,5,22526615.75272,36.4,0.555854
972,6,22871717.348865,37.9,0.537051
972,12,20068717.229945,42.4,1.523189
972,19,24667785.965584,35.2,0.166209
972,24,23763274.031698,27.4,0.380468
972,25,20922312.395003,37.5,0.967729
972,29,22940755.366105,33.4,0.498607
972,31,25447826.456094,33.6,0.052766
973,2,21291967.197868,42.7,1.134026
973,5,22526099.732331,37.5,0.555959
973,6,22872294.654419,38.1,0.536931
973,12,20068716.84604,42.8,1.523286
973,19,24668340.481153,36.7,0.166121
973,24,23763880.426765,29.1,0.380358
973,25,20921941.455724,38.1,0.967866
973,29,22940305.586743,35.3,0.498697
973,31,25447346.383154,34.1,0.052847
974,2,21292255.807019,42.2,1.133901
974,5,22525588.196648,37.1,0.556064
974,6,22872867.77192,37.7,0.536812
974,12,20068719.149469,42.0,1.523385
974,19,24668891.716081,35.6,0.166034
974,24,23764491.027334,28.5,0.380246
974,25,20921567.532458,37.0,0.968004
974,29,22939854.010009,35.2,0.498787
974,31,25446868.735794,33.3,0.052929
975,2,21292547.330356,42.6,1.133776
975,5,22525075.369649,37.9,0.55617
975,6,22873435.410053,37.6,0.536693
975,12,20068718.678313,42.6,1.523483
975,19,24669443.457066,36.9,0.165947
975,24,23765102.413162,29.5,0.380135
975,25,20921195.615968,38.0,0.968141
975,29,22939407.73814,35.9,0.498876
975,31,25446397.876569,32.0,0.05301
976,2,21292835.677754,42.8,1.13365
976,5,22524559.070057,38.5,0.556275
976,6,22874004.060298,37.0,0.536574
976,12,20068718.311858,42.8,1.523579
976,19,24669995.320202,37.4,0.16586
976,24,23765694.150046,29.4,0.380024
976,25,20920819.022819,38.2,0.968278
976,29,22938956.789613,36.2,0.498966
976,31,25445917.559325,32.0,0.053092
977,2,21293121.931126,42.1,1.133524
977,5,22524041.880503,37.6,0.556381
977,6,22874575.415328,36.3,0.536454
977,12,20068716.776239,42.4,1.523676
977,19,24670545.682619,37.5,0.165773
977,24,23766300.876667,28.8,0.379913
977,25,20920449.933263,37.8,0.968415
977,29,22938504.951125,36.4,0.499055
977,31,25445433.943991,33.1,0.053173
978,2,21293412.215498,42.7,1.133399
978,5,22523530.519323,38.4,0.556486
978,6,22875145.705894,36.8,0.536336
978,12,20068718.050105,42.9,1.523773
978,19,24671101.297552,38.6,0.165685
978,24,23766911.651738,29.6,0.379801
978,25,20920076.16705,38.7,0.968553
978,29,22938059.551768,37.2,0.499145
978,31,25444958.565159,35.3,0.053255
979,2,21293699.498433,42.4,1.133274
979,5,22523017.657423,39.0,0.556591
979,6,22875714.478291,37.3,0.536217
979,12,20068721.417997,43.0,1.523871
979,19,24671652.689532,38.9,0.165598
979,24,23767529.302195,30.9,0.379689
979,25,20919703.604901,39.0,0.968691
979,29,22937606.038059,37.3,0.499234
979,31,25444479.556682,34.4,0.053336
980,2,21293988.247186,42.4,1.133148
980,5,22522501.462532,39.4,0.556697
980,6,22876285.04806,37.3,0.536098
980,12,20068719.672975,43.4,1.523966
980,19,24672204.046611,38.9,0.165511
980,24,23768131.038053,30.3,0.379578
980,25,20919331.618609,39.2,0.968827
980,29,22937157.30571,37.4,0.499323
980,31,25444006.847734,30.9,0.053417
981,2,21294276.646934,42.1,1.133023
981,5,22521989.717447,39.3,0.556802
981,6,22876853.139899,37.5,0.535979
981,12,20068719.079668,42.8,1.524063
981,19,24672755.072137,39.2,0.165424
981,24,23768735.11224,31.2,0.379467
981,25,20918959.562517,38.9,0.968965
981,29,22936710.004278,37.0,0.499413
981,31,25443521.173274,25.1,0.053499
982,2,21294562.446601,42.3,1.132898
982,5,22521474.185664,39.4,0.556907
982,6,22877425.559391,37.7,0.53586
982,12,20068721.575049,42.8,1.524159
982,19,24673304.998299,38.8,0.165337
982,24,23769346.498069,31.2,0.379355
982,25,20918582.236459,39.0,0.969102
982,29,22936259.230254,36.9,0.499502
982,31,25443041.013082,24.6,0.05358
983,2,21294849.642284,42.4,1.132772
983,5,22520957.013561,39.6,0.557013
983,6,22877994.837844,37.9,0.535741
983,12,20068718.573611,43.3,1.524254
983,19,24673853.894898,38.7,0.16525
983,24,23769953.556244,31.2,0.379244
983,25,20918208.976301,39.2,0.96924
983,29,22935805.018536,37.5,0.499592
984,2,21295137.85008,42.5,1.132647
984,5,22520444.186562,39.3,0.557118
984,6,22878566.367376,37.8,0.535623
984,12,20068724.384534,43.1,1.524349
984,19,24674404.745921,38.8,0.165163
984,24,23770560.457367,30.8,0.379133
984,25,20917837.059811,39.4,0.969377
984,29,22935355.76268,37.6,0.499682
984,31,25442082.978678,26.9,0.053743
985,2,21295427.95995,42.2,1.132522
985,5,22519934.465702,39.2,0.557223
985,6,22879134.09276,37.2,0.535504
985,12,20068721.906603,42.8,1.524445
985,19,24674954.776784,38.8,0.165076
985,24,23771174.338576,31.5,0.37902
985,25,20917464.026506,39.0,0.969515
985,29,22934909.578063,37.6,0.499771
985,31,25441610.426782,32.9,0.053825
986,2,21295715.452287,42.4,1.132397
986,5,22519416.403638,39.6,0.557328
986,6,22879701.887945,37.7,0.535385
986,12,20068721.889153,43.4,1.524539
986,19,24675504.266691,39.4,0.164989
986,24,23771770.019209,30.7,0.37891
986,25,20917089.876387,38.9,0.969652
986,29,22934460.479259,37.2,0.499861
986,31,25441127.143002,35.9,0.053906
987,2,21296001.949962,41.9,1.132271
987,5,22518901.25576,38.5,0.557433
987,6,22880270.189186,36.9,0.535266
987,12,20068720.580386,42.5,1.524633
987,19,24676054.890861,36.7,0.164902
987,24,23772377.286787,31.2,0.378799
987,25,20916715.02826,38.9,0.96979
987,29,22934001.084827,37.2,0.499951
987,31,25440645.865996,31.7,0.053988
988,2,21296288.342936,42.3,1.132146
988,5,22518390.191233,38.8,0.557538
988,6,22880839.868994,38.0,0.535147
988,12,20068720.964291,42.7,1.524728
988,19,24676604.799573,36.2,0.164815
988,24,23772981.151571,29.5,0.378686
988,25,20916345.170895,39.1,0.969927
988,29,22933555.982123,37.1,0.50004
988,31,25440161.500302,26.4,0.054069
989,2,21296573.549295,41.8,1.132021
989,5,22517870.157294,38.5,0.557644
989,6,22881408.082984,35.8,0.535028
989,12,20068719.27162,42.7,1.524821
989,19,24677154.725735,30.3,0.164728
989,24,23773590.14672,30.8,0.378575
989,25,20915966.937426,38.7,0.970065
989,29,22933101.002596,37.4,0.500129
989,31,25439684.027445,28.3,0.05415
990,2,21296857.848242,42.4,1.131896
990,5,22517352.828139,39.3,0.557749
990,6,22881971.201511,33.5,0.53491
990,12,20068718.48636,42.9,1.524914
990,19,24677701.947113,33.1,0.164641
990,24,23774195.23302,30.9,0.378464
990,25,20915589.611367,39.0,0.970202
990,29,22932650.525225,37.7,0.500219
990,31,25439208.072756,29.4,0.054231
991,2,21297146.99835,42.4,1.13177
991,5,22516839.721937,39.3,0.557854
991,6,22882543.3418,37.6,0.534791
991,12,20068716.514486,42.9,1.525007
991,19,24678249.203392,37.4,0.164554
991,24,23774802.744901,31.6,0.378353
991,25,20915218.898942,39.3,0.970339
991,29,22932198.87869,37.5,0.500308
992,2,21297434.70009,42.4,1.131645
992,5,22516324.870712,39.2,0.557959
992,6,22883115.255236,38.3,0.534672
992,12,20068715.816477,42.4,1.5251
992,19,24678797.122778,31.6,0.164466
992,24,23775413.921327,31.8,0.378241
992,25,20914845.551533,38.8,0.970477
992,29,22931745.783786,37.0,0.500398
992,31,25438245.169741,28.1,0.054394
993,2,21297719.24334,42.3,1.13152
993,5,22515809.879886,38.4,0.558065
993,6,22883683.399425,37.0,0.534554
993,12,20068720.07433,42.5,1.525193
993,19,24679336.509009,29.4,0.16438
993,24,23776020.752649,31.6,0.378129
993,25,20914474.455203,38.5,0.970614
993,29,22931297.051437,36.9,0.500487
993,31,25437763.753134,30.3,0.054476
994,2,21298010.365323,42.2,1.131394
994,5,22515296.354879,38.6,0.55817
994,6,22884250.636203,36.7,0.534434
994,12,20068716.793689,42.6,1.525284
994,19,24679896.538847,34.1,0.164293
994,24,23776624.547633,30.6,0.378018
994,25,20914099.746677,38.8,0.970752
994,29,22930844.078685,36.9,0.500577
994,31,25437281.708319,31.2,0.054557
995,2,21298295.327379,42.5,1.131269
995,5,22514780.264689,39.2,0.558275
995,6,22884820.106609,37.6,0.534315
995,12,20068719.638075,43.1,1.525376
995,19,24680447.40732,39.0,0.164206
995,24,23777228.796323,31.2,0.377907
995,25,20913724.566996,39.5,0.970889
995,29,22930395.154383,37.4,0.500667
995,31,25436805.788531,32.3,0.054638
996,2,21298583.290872,41.9,1.131143
996,5,22514265.989322,38.4,0.55838
996,6,22885393.450963,36.8,0.534196
996,12,20068718.608512,42.6,1.525467
996,19,24680999.479859,38.6,0.164118
996,24,23777841.421117,30.6,0.377796
996,25,20913353.575367,37.8,0.971027
996,29,22929942.024579,36.4,0.500756
996,31,25436327.774716,32.4,0.054719
997,2,21298870.015399,42.2,1.131019
997,5,22513755.570453,39.6,0.558485
997,6,22885954.789567,37.3,0.534078
997,12,20068720.231382,42.9,1.52556
997,19,24681548.236856,39.7,0.164032
997,24,23778447.432278,31.3,0.377683
997,25,20912979.56485,38.5,0.971164
997,29,22929494.251992,37.2,0.500846
997,31,25435845.241295,31.6,0.054801
998,2,21299159.37491,42.7,1.130893
998,5,22513240.282974,39.3,0.55859
998,6,22886528.06412,37.5,0.533959
998,12,20068722.395209,43.3,1.52565
998,19,24682099.314732,40.1,0.163944
998,24,23779048.888933,31.5,0.377573
998,25,20912605.187878,39.2,0.971302
998,29,22929040.144976,37.6,0.500936
998,31,25435365.639511,29.6,0.054882
999,2,21299449.380079,42.2,1.130768
999,5,22512725.955256,39.0,0.558696
999,6,22887097.185521,37.4,0.533841
999,12,20068727.892028,43.0,1.52574
999,19,24682649.240894,39.7,0.163858
999,24,23779662.072134,31.0,0.377461
999,25,20912238.942709,38.3,0.971439
999,29,22928593.244899,37.1,0.501025
999,31,25434894.483632,30.2,0.054963
1000,2,21299738.076481,42.6,1.130643
1000,5,22512216.60085,39.3,0.558801
1000,6,22887671.280235,37.8,0.533721
1000,12,20068729.6894,43.2,1.52583
1000,19,24683203.564511,40.3,0.16377
1000,24,23780270.945132,31.1,0.37735
1000,25,20911865.403348,39.3,0.971576
1000,29,22928146.257572,37.1,0.501114
1000,31,25434421.408229,31.6,0.055045
1001,2,21300030.088424,42.8,1.130518
1001,5,22511707.263895,39.4,0.558906
1001,6,22888245.985706,37.9,0.533603
1001,12,20068736.582236,43.4,1.525921
1001,19,24683755.776651,31.6,0.163684
1001,24,23780891.823879,30.4,0.377238
1001,25,20911496.052039,39.0,0.971714
1001,29,22927698.973591,37.5,0.501204
1001,31,25433936.937834,30.5,0.055126
1002,2,21300320.878853,42.5,1.130392
1002,5,22511194.018091,39.2,0.559011
1002,6,22888813.798341,37.6,0.533484
1002,12,20068738.082955,43.4,1.526009
1002,19,24684310.693575,32.9,0.163596
1002,24,23781485.113832,31.0,0.377127
1002,25,20911124.920808,38.5,0.971852
1002,29,22927248.984826,37.6,0.501294
1002,31,25433463.862431,31.0,0.055207
1003,2,21300615.089524,42.4,1.130267
1003,5,22510685.06504,39.6,0.559117
1003,6,22889391.5925,37.7,0.533365
1003,12,20068746.284557,43.3,1.526098
1003,19,24684858.525711,32.3,0.163509
1003,24,23782094.998942,30.3,0.377016
1003,25,20910758.972292,38.6,0.971989
1003,29,22926804.196226,37.3,0.501383
1003,31,25432988.501049,32.8,0.055289
1004,2,21300907.764576,42.1,1.130141
1004,5,22510174.907925,39.4,0.559222
1004,6,22889960.696452,37.1,0.533247
1004,12,20068750.280657,43.0,1.526187
1004,19,24685412.622475,33.3,0.163422
1004,24,23782706.34987,30.9,0.376905
1004,25,20910390.912299,38.1,0.972127
1004,29,22926353.090647,36.9,0.501473
1004,31,25432513.122218,30.8,0.05537
1005,2,21301199.462416,42.9,1.130016
1005,5,22509667.071688,39.6,0.559327
1005,6,22890537.792602,38.1,0.533128
1005,12,20068758.970865,43.4,1.526276
1005,19,24685969.633425,35.4,0.163335
1005,24,23783323.633872,30.8,0.376793
1005,25,20910024.265774,38.6,0.972264
1005,29,22925907.010731,37.7,0.501563
1005,31,25432045.142278,32.5,0.055451
1006,2,21301490.985753,42.9,1.129891
1006,5,22509156.932023,39.7,0.559432
1006,6,22891108.711376,37.7,0.533009
1006,12,20068761.187043,43.4,1.526364
1006,19,24686518.076319,35.8,0.163249
1006,24,23783938.021139,31.4,0.376681
1006,25,20909655.944028,39.0,0.972401
1006,29,22925461.628824,38.0,0.501652
1006,31,25431571.59572,31.4,0.055532
1007,2,21301784.236662,41.5,1.129765
1007,5,22508648.851483,38.7,0.559537
1007,6,22891681.375172,36.5,0.53289
1007,12,20068766.038204,42.3,1.526451
1007,19,24687075.750377,32.2,0.163161
1007,24,23784540.053651,31.1,0.37657
1007,25,20909291.461331,38.5,0.972539
1007,29,22925014.693847,36.9,0.501741
1007,31,25431095.274576,28.3,0.055613
1008,2,21302075.498247,42.9,1.12964
1008,5,22508136.059384,39.2,0.559642
1008,6,22892256.237695,37.3,0.532772
1008,12,20068774.885464,42.6,1.526539
1008,19,24687632.325072,30.5,0.163074
1008,24,23785157.494705,34.1,0.376459
1008,25,20908916.578303,39.3,0.972676
1008,29,22924570.271702,37.2,0.501831
1008,31,25430619.372238,27.3,0.055695
1009,2,21302370.581429,42.1,1.129515
1009,5,22507626.495576,38.8,0.559748
1009,6,22892830.123006,37.0,0.532652
1009,12,20068780.382283,42.1,1.526625
1009,19,24688186.421836,31.2,0.162987
1009,24,23785764.064274,33.8,0.376348
1009,25,20908551.223094,38.5,0.972813
1009,29,22924126.355613,38.5,0.50192
1010,2,21302661.371857,42.1,1.129389
1010,5,22507112.953118,39.0,0.559853
1010,6,22893404.828477,39.9,0.532534
1010,12,20068785.477746,42.6,1.526712
1010,19,24688735.946643,36.2,0.162901
1010,24,23786378.329388,30.6,0.376237
1010,25,20908184.262465,38.9,0.97295
1010,29,22923679.071631,37.7,0.50201
1010,31,25429671.807965,28.0,0.055856
1011,2,21302955.076472,42.9,1.129264
1011,5,22506603.197358,39.2,0.559959
1011,6,22893981.523273,38.4,0.532415
1011,12,20068793.155842,42.9,1.526798
1011,19,24689291.666277,36.9,0.162813
1011,24,23786986.818481,32.0,0.376126
1011,25,20907814.527252,39.4,0.973087
1011,29,22923235.574348,37.9,0.502099
1012,2,21303249.810649,42.6,1.129139
1012,5,22506099.30487,39.3,0.560063
1012,6,22894553.890414,37.2,0.532297
1012,12,20068800.711786,43.2,1.526885
1012,19,24689840.632677,36.7,0.162727
1012,24,23787604.434037,31.2,0.376014
1012,25,20907452.12113,38.9,0.973225
1012,29,22922788.342717,37.5,0.502189
1012,31,25428738.500519,28.6,0.056019
1013,2,21303543.14881,42.4,1.129014
1013,5,22505589.496759,39.4,0.560169
1013,6,22895132.923539,37.8,0.532178
1013,12,20068811.338969,42.8,1.52697
1013,19,24690399.877255,36.7,0.16264
1013,24,23788218.245446,30.9,0.375902
1013,25,20907089.208951,38.9,0.973362
1013,29,22922345.683044,37.7,0.502278
1013,31,25428263.174038,30.1,0.056099
1014,2,21303840.640122,42.2,1.128889
1014,5,22505083.841799,39.2,0.560274
1014,6,22895702.917452,37.0,0.532059
1014,12,20068821.02384,42.6,1.527055
1014,19,24690955.788841,38.7,0.162553
1014,24,23788823.925054,31.2,0.375791
1014,25,20906725.354461,38.3,0.9735
1014,29,22921902.081059,37.2,0.502368
1014,31,25427791.686605,31.9,0.056181
1015,2,21304135.234698,42.4,1.128763
1015,5,22504572.58532,39.7,0.56038
1015,6,22896284.707711,37.6,0.53194
1015,12,20068830.220104,42.9,1.527139
1015,19,24691512.991744,38.5,0.162466
1015,24,23789436.584748,31.5,0.375681
1015,25,20906360.697261,39.3,0.973637
1015,29,22921457.37971,38.0,0.502457
1015,31,25427314.318448,30.3,0.056261
1016,2,21304428.241304,42.4,1.128638
1016,5,22504066.337053,39.6,0.560485
1016,6,22896857.109753,36.9,0.531821
1016,12,20068839.608322,43.0,1.527224
1016,19,24692066.215997,38.3,0.162379
1016,24,23790046.766512,30.8,0.375569
1016,25,20905994.155438,39.3,0.973774
1016,29,22921014.091828,37.6,0.502547
1016,31,25426843.738427,30.0,0.056343
1017,2,21304724.127196,42.1,1.128513
1017,5,22503561.484804,38.8,0.56059
1017,6,22897437.521446,35.1,0.531703
1017,12,20068849.205941,42.9,1.527308
1017,19,24692623.226947,38.1,0.162292
1017,24,23790674.241442,31.2,0.375457
1017,25,20905631.121108,38.9,0.973912
1017,29,22920570.9959,36.4,0.502636
1017,31,25426384.7628,29.4,0.056423
1018,2,21305020.833248,42.5,1.128387
1018,5,22503052.950558,39.4,0.560695
1018,6,22898016.327718,37.1,0.531583
1018,12,20068858.402206,42.9,1.527391
1018,19,24693179.557339,38.7,0.162205
1018,24,23791281.823123,31.8,0.375346
1018,25,20905263.776574,39.4,0.974049
1018,29,22920126.015347,37.7,0.502726
1018,31,25425912.193453,30.2,0.056504
1019,2,21305316.998343,41.8,1.128262
1019,5,22502545.672729,39.1,0.560801
1019,6,22898589.794223,36.4,0.531465
1019,12,20068868.575683,42.0,1.527475
1019,19,24693735.643428,35.8,0.162118
1019,24,23791890.975324,31.5,0.375235
1019,25,20904903.098024,38.6,0.974186
1019,29,22919683.198622,37.9,0.502815
1019,31,25425438.489842,29.6,0.056585
1020,2,21305610.84256,42.3,1.128137
1020,5,22502036.981431,39.1,0.560906
1020,6,22899161.550608,36.1,0.531346
1020,12,20068875.224216,42.4,1.527558
1020,19,24694288.518676,38.1,0.162031
1020,24,23792502.902109,30.7,0.375124
1020,25,20904538.004568,38.6,0.974323
1020,29,22919241.655762,37.4,0.502904
1020,31,25424964.873483,32.3,0.056666
1021,2,21305906.257296,42.4,1.128011
1021,5,22501528.656589,39.4,0.561011
1021,6,22899739.972975,37.9,0.531227
1021,12,20068888.224628,42.9,1.52764
1021,19,24694848.653216,39.5,0.161944
1021,24,23793115.806107,31.7,0.375013
1021,25,20904173.870874,39.5,0.974461
1021,29,22918797.47792,37.7,0.502994
1021,31,25424495.514976,34.8,0.056747
1022,2,21306207.430604,42.4,1.127885
1022,5,22501026.369521,39.6,0.561116
1022,6,22900319.948412,36.6,0.531108
1022,12,20068898.607508,42.8,1.527722
1022,19,24695404.041296,37.5,0.161857
1022,24,23793728.762455,31.3,0.374902
1022,25,20903813.105073,39.1,0.974598
1022,29,22918353.963186,37.9,0.503084
1022,31,25424028.023643,34.1,0.056828
1023,2,21306504.590362,42.2,1.12776
1023,5,22500517.992328,39.2,0.561222
1023,6,22900903.710546,37.4,0.53099
1023,12,20068913.963699,42.4,1.527804
1023,19,24695963.216073,37.3,0.16177
1023,24,23794353.288298,31.4,0.374791
1023,25,20903451.623812,39.1,0.974735
1023,29,22917916.939933,37.9,0.503173
1023,31,25423560.113504,32.8,0.056909
1024,2,21306801.627968,42.1,1.127635
1024,5,22500016.071715,39.0,0.561327
1024,6,22901478.64287,36.4,0.530871
1024,12,20068923.491518,42.1,1.527885
1024,19,24696522.268698,39.2,0.161683
1024,24,23794968.094369,31.4,0.374679
1024,25,20903089.706297,38.7,0.974873
1024,29,22917471.069419,36.9,0.503263
1024,31,25423091.173803,32.2,0.05699
1025,2,21307098.28167,42.2,1.12751
1025,5,22499510.207353,39.0,0.561432
1025,6,22902056.820934,35.9,0.530752
1025,12,20068936.544281,42.7,1.527966
1025,19,24697081.548177,38.7,0.161596
1025,24,23795584.942116,31.0,0.374568
1025,25,20902725.031646,38.8,0.97501
1025,29,22917032.650149,36.6,0.503352
1025,31,25422626.369803,30.4,0.057071
1026,2,21307399.577129,42.3,1.127385
1026,5,22499007.745783,39.2,0.561537
1026,6,22902637.825934,37.1,0.530634
1026,12,20068950.940711,42.0,1.528047
1026,19,24697638.873231,38.4,0.16151
1026,24,23796204.320145,32.4,0.374456
1026,25,20902364.68465,39.0,0.975147
1026,29,22916592.259004,37.7,0.503442
1026,31,25422159.297275,31.3,0.057152
1027,2,21307698.987965,41.7,1.127259
1027,5,22498504.010348,38.6,0.561643
1027,6,22903220.837708,36.0,0.530515
1027,12,20068964.639132,41.6,1.528126
1027,19,24698195.79693,36.5,0.161422
1027,24,23796811.308518,29.7,0.374346
1027,25,20902003.936299,38.4,0.975285
1027,29,22916150.279889,36.5,0.503531
1027,31,25421698.419575,31.4,0.057232
1028,2,21307995.973221,42.5,1.127134
1028,5,22497999.350051,39.2,0.561748
1028,6,22903796.921747,36.7,0.530396
1028,12,20068977.430141,42.4,1.528206
1028,19,24698755.093859,38.8,0.161336
1028,24,23797423.374906,30.9,0.374234
1028,25,20901644.392012,39.4,0.975422
1028,29,22915710.674004,37.3,0.503621
1028,31,25421224.052855,30.3,0.057313
1029,2,21308295.698161,42.3,1.127008
1029,5,22497495.021308,39.2,0.561853
1029,6,22904379.654318,36.3,0.530277
1029,12,20068992.053424,42.6,1.528285
1029,19,24699316.537165,38.8,0.161249
1029,24,23798040.275003,30.5,0.374123
1029,25,20901284.865176,38.7,0.975559
1029,29,22915271.713776,36.9,0.50371
1029,31,25420761.395233,29.2,0.057394
1030,2,21308594.759992,42.1,1.126883
1030,5,22496991.250972,38.9,0.561958
1030,6,22904956.924971,36.9,0.530159
1030,12,20069007.514317,42.4,1.528365
1030,19,24699872.832656,37.3,0.161162
1030,24,23798663.718932,31.3,0.374012
1030,25,20900923.488617,38.1,0.975696
1030,29,22914832.387095,37.0,0.5038
1030,31,25420297.795298,27.6,0.057475
1031,2,21308895.182941,42.2,1.126757
1031,5,22496487.916892,39.0,0.562064
1031,6,22905540.338101,37.0,0.53004
1031,12,20069019.81672,42.5,1.528443
1031,19,24700434.659866,39.1,0.161075
1031,24,23799281.317039,30.7,0.373901
1031,25,20900564.956443,38.8,0.975833
1031,29,22914389.308616,36.6,0.503889
1031,31,25419833.724207,31.4,0.057555
1032,2,21309193.930669,42.7,1.126632
1032,5,22495983.535798,39.2,0.562169
1032,6,22906121.796806,37.0,0.529921
1032,12,20069034.666856,42.8,1.528521
1032,19,24700992.438626,38.1,0.160988
1032,24,23799884.361663,30.0,0.37379
1032,25,20900209.268655,38.5,0.97597
1032,29,22913953.576679,37.4,0.503979
1032,31,25419359.619242,32.2,0.057636
1033,2,21309498.087964,42.6,1.126507
1033,5,22495485.750887,39.7,0.562274
1033,6,22906703.866269,37.1,0.529802
1033,12,20069051.942571,43.1,1.528599
1033,19,24701555.923607,37.5,0.160901
1033,24,23800510.196272,30.6,0.373679
1033,25,20899852.376802,38.7,0.976108
1033,29,22913513.360036,37.3,0.504068
1033,31,25418899.020744,31.7,0.057717
1034,2,21309800.255934,42.3,1.126381
1034,5,22494981.457044,39.8,0.56238
1034,6,22907286.930394,37.1,0.529683
1034,12,20069068.69478,43.2,1.528676
1034,19,24702115.604441,36.5,0.160814
1034,24,23801133.727453,30.5,0.373568
1034,25,20899493.495624,39.0,0.976245
1034,29,22913074.731363,37.5,0.504158
1034,31,25418438.492048,33.8,0.057797
1035,2,21310102.598407,42.3,1.126257
1035,5,22494484.26544,39.2,0.562485
1035,6,22907868.982407,36.7,0.529565
1035,12,20069088.029621,43.1,1.528754
1035,19,24702678.16456,32.7,0.160728
1035,24,23801761.06278,30.9,0.373456
1035,25,20899137.493732,38.5,0.976382
1035,29,22912640.186041,37.3,0.504247
1035,31,25417977.579447,34.1,0.057878
1036,2,21310405.254983,42.4,1.126131
1036,5,22493981.681719,39.6,0.56259
1036,6,22908453.44255,37.8,0.529446
1036,12,20069104.677129,43.4,1.52883
1036,19,24703240.445476,38.5,0.160641
1036,24,23802376.095705,31.1,0.373345
1036,25,20898780.008571,38.1,0.97652
1036,29,22912202.342628,37.4,0.504337
1036,31,25417515.462781,33.8,0.057959
1037,2,21310707.405504,41.9,1.126005
1037,5,22493478.888596,39.0,0.562696
1037,6,22909034.709303,37.1,0.529327
1037,12,20069122.633403,42.7,1.528906
1037,19,24703799.515552,37.9,0.160554
1037,24,23802987.027828,31.1,0.373234
1037,25,20898418.125956,37.2,0.976657
1037,29,22911764.918019,36.7,0.504426
1037,31,25417048.337902,30.9,0.05804
1038,2,21311007.060643,42.2,1.12588
1038,5,22492974.786706,39.5,0.562801
1038,6,22909617.354623,37.8,0.529209
1038,12,20069137.780192,43.0,1.528981
1038,19,24704359.981646,39.3,0.160467
1038,24,23803609.267692,31.6,0.373123
1038,25,20898062.124064,37.9,0.976793
1038,29,22911328.871979,37.1,0.504515
1038,31,25416589.222673,27.5,0.05812
1039,2,21311307.623193,42.6,1.125755
1039,5,22492475.815179,39.5,0.562906
1039,6,22910194.93938,36.2,0.52909
1039,12,20069152.647778,43.2,1.529057
1039,19,24704920.168535,39.4,0.16038
1039,24,23804227.912811,31.4,0.373011
1039,25,20897706.750379,38.0,0.976931
1039,29,22910889.562747,37.2,0.504605
1040,2,21311611.16973,42.0,1.12563
1040,5,22491973.231458,39.1,0.563012
1040,6,22910776.991392,36.5,0.528972
1040,12,20069173.186684,42.8,1.529132
1040,19,24705480.337975,39.3,0.160293
1040,24,23804842.352428,31.3,0.3729
1040,25,20897348.061154,37.8,0.977068
1040,29,22910452.312641,36.6,0.504694
1041,2,21311910.667818,42.2,1.125504
1041,5,22491469.565824,39.6,0.563117
1041,6,22911360.387072,37.2,0.528853
1041,12,20069184.285022,42.7,1.529206
1041,19,24706038.867094,38.2,0.160206
1041,24,23805460.212287,31.9,0.37279
1041,25,20896993.402928,38.5,0.977205
1041,29,22910011.031535,37.4,0.504784
1042,2,21312211.073316,42.2,1.125379
1042,5,22490967.435808,39.3,0.563222
1042,6,22911939.298045,36.8,0.528734
1042,12,20069203.183608,42.6,1.52928
1042,19,24706598.582828,38.8,0.16012
1042,24,23806078.107047,31.7,0.372678
1042,25,20896634.870755,38.3,0.977342
1042,29,22909571.844455,37.1,0.504873
1042,31,25414734.159826,27.0,0.058443
1043,2,21312511.880169,42.1,1.125253
1043,5,22490465.09639,39.7,0.563327
1043,6,22912522.501772,36.4,0.528615
1043,12,20069216.480674,42.9,1.529353
1043,19,24707159.310675,38.7,0.160033
1043,24,23806694.58834,31.7,0.372567
1043,25,20896275.518421,38.4,0.97748
1043,29,22909131.558011,37.1,0.504963
1043,31,25414267.191999,29.5,0.058523
1044,2,21312809.964789,37.0,1.125128
1044,5,22489960.052188,37.1,0.563433
1044,6,22913106.316257,30.8,0.528497
1044,12,20069230.074394,37.8,1.529427
1044,19,24707715.833019,36.9,0.159946
1044,24,23807311.366286,29.5,0.372456
1044,25,20895921.279001,29.9,0.977616
1044,29,22908695.45962,19.6,0.505051
1044,31,25413809.804342,32.7,0.058603
1045,2,21313113.965032,39.4,1.125003
1045,5,22489470.48633,25.4,0.563538
1045,6,22913684.913127,33.4,0.528378
1045,12,20069252.271071,39.5,1.5295
1045,19,24708290.224386,20.8,0.159859
1045,24,23807933.134994,22.7,0.372344
1045,25,20895565.730814,36.4,0.977754
1045,29,22908258.959873,35.9,0.505141
1045,31,25413345.122494,30.4,0.058684
1046,2,21313416.918262,42.3,1.124877
1046,5,22488960.992322,39.3,0.563644
1046,6,22914270.559884,37.2,0.528259
1046,12,20069272.513323,42.7,1.529571
1046,19,24708841.11031,36.7,0.159772
1046,24,23808541.275082,30.8,0.372234
1046,25,20895206.430831,38.0,0.977891
1046,29,22907822.320525,37.2,0.505231
1046,31,25412877.910364,31.6,0.058765
1047,2,21313717.986869,41.4,1.124753
1047,5,22488455.634017,38.1,0.563749
1047,6,22914847.446633,35.2,0.528141
1047,12,20069286.6829,41.7,1.529644
1047,19,24709396.411139,39.1,0.159686
1047,24,23809166.132479,30.5,0.372123
1047,25,20894850.062484,37.4,0.978027
1047,29,22907385.611376,36.5,0.50532
1047,31,25412423.210041,29.0,0.058845
1048,2,21314018.357467,42.4,1.124627
1048,5,22487953.469101,39.2,0.563854
1048,6,22915433.529646,37.4,0.528022
1048,12,20069305.267382,42.6,1.529714
1048,19,24709957.906795,39.3,0.159599
1048,24,23809783.678235,31.4,0.372012
1048,25,20894489.994691,38.2,0.978165
1048,29,22906941.311382,37.3,0.50541
1048,31,25411951.93201,31.4,0.058926
1049,2,21314321.746952,42.6,1.124501
1049,5,22487448.320198,39.4,0.56396
1049,6,22916015.424606,38.0,0.527903
1049,12,20069319.646361,42.9,1.529785
1049,19,24710514.621092,39.7,0.159512
1049,24,23810400.351479,31.5,0.371901
1049,25,20894135.947224,39.0,0.978302
1049,29,22906505.108289,37.9,0.505499
1049,31,25411487.546816,34.6,0.059006
1050,2,21314620.564481,42.2,1.124377
1050,5,22486946.068031,39.7,0.564065
1050,6,22916589.135415,36.6,0.527785
1050,12,20069338.143592,42.8,1.529856
1050,19,24711073.342163,39.2,0.159426
1050,24,23811012.435317,31.5,0.37179
1050,25,20893776.996245,38.6,0.978439
1050,29,22906067.927984,37.7,0.505588
1050,31,25411026.669115,32.6,0.059086
1051,2,21314922.331096,42.2,1.124251
1051,5,22486445.299132,39.2,0.56417
1051,6,22917172.112289,36.3,0.527666
1051,12,20069354.511896,42.6,1.529926
1051,19,24711635.029772,39.4,0.159339
1051,24,23811635.285939,31.8,0.371678
1051,25,20893418.621123,38.5,0.978576
1051,29,22905629.508713,37.3,0.505678
1051,31,25410565.163206,29.7,0.059167
1052,2,21315221.811733,42.2,1.124126
1052,5,22485941.650948,39.2,0.564276
1052,6,22917755.507969,36.1,0.527547
1052,12,20069371.59566,42.7,1.529996
1052,19,24712190.24335,38.1,0.159252
1052,24,23812242.972321,31.0,0.371568
1052,25,20893061.275564,38.8,0.978713
1052,29,22905190.304183,37.9,0.505767
1052,31,25410101.38877,26.7,0.059247
1053,2,21315524.066955,42.4,1.124
1053,5,22485439.241729,39.2,0.564381
1053,6,22918334.750496,36.7,0.527429
1053,12,20069386.951851,43.4,1.530065
1053,19,24712751.512153,38.2,0.159165
1053,24,23812864.79338,30.8,0.371456
1053,25,20892703.964906,38.3,0.97885
1053,29,22904750.85535,37.2,0.505857
1054,2,21315825.362414,42.2,1.123874
1054,5,22484934.703583,39.4,0.564487
1054,6,22918919.960998,37.1,0.527309
1054,12,20069404.332268,42.8,1.530132
1054,19,24713315.119286,37.0,0.159078
1054,24,23813473.963031,31.4,0.371346
1054,25,20892351.418157,38.2,0.978987
1054,29,22904314.966361,37.7,0.505946
1054,31,25409177.783645,28.9,0.059407
1055,2,21316125.663211,41.6,1.123749
1055,5,22484434.859546,38.8,0.564592
1055,6,22919499.657232,36.6,0.527191
1055,12,20069422.236192,42.4,1.530201
1055,19,24713881.047297,33.6,0.158991
1055,24,23814098.349272,30.5,0.371234
1055,25,20891991.577217,38.0,0.979124
1055,29,22903878.082709,36.9,0.506035
1055,31,25408720.814793,32.0,0.059488
1056,2,21316426.976121,42.2,1.123624
1056,5,22483928.244825,39.2,0.564698
1056,6,22920081.604543,36.2,0.527072
1056,12,20069439.651509,42.6,1.530269
1056,19,24714431.496966,35.4,0.158905
1056,24,23814712.352633,31.9,0.371124
1056,25,20891635.767277,38.6,0.979261
1056,29,22903434.725027,37.2,0.506125
1056,31,25408251.369035,31.7,0.059568
1057,2,21316726.64871,41.7,1.123498
1057,5,22483424.771143,38.6,0.564803
1057,6,22920661.265876,35.6,0.526953
1057,12,20069453.925787,42.1,1.530336
1057,19,24714988.682418,37.2,0.158818
1057,24,23815325.308982,30.5,0.371013
1057,25,20891277.688809,38.6,0.979398
1057,29,22902992.711012,37.0,0.506214
1057,31,25407784.767663,31.6,0.059649
1058,2,21317028.031421,41.4,1.123373
1058,5,22482920.896105,37.7,0.564909
1058,6,22921240.264101,35.6,0.526835
1058,12,20069472.300866,41.3,1.530403
1058,19,24715543.983247,36.1,0.158731
1058,24,23815940.272105,30.6,0.370902
1058,25,20890918.022371,37.1,0.979535
1058,29,22902554.18704,36.0,0.506304
1058,31,25407336.070215,25.8,0.059729
1059,2,21317328.419469,42.4,1.123248
1059,5,22482418.451986,39.4,0.565014
1059,6,22921826.347114,37.1,0.526716
1059,12,20069489.087976,42.7,1.530469
1059,19,24716101.901609,37.8,0.158644
1059,24,23816555.741285,31.3,0.370791
1059,25,20890560.362708,38.5,0.979672
1059,29,22902116.204025,37.4,0.506393
1059,31,25406862.104851,29.1,0.059809
1060,2,21317626.521539,42.5,1.123122
1060,5,22481915.50181,39.9,0.565119
1060,6,22922404.455377,37.5,0.526598
1060,12,20069503.292453,42.8,1.530535
1060,19,24716660.221325,37.0,0.158557
1060,24,23817171.62927,32.6,0.37068
1060,25,20890202.825197,38.9,0.97981
1060,29,22901672.61949,37.5,0.506483
1060,31,25406395.433678,33.6,0.05989
1061,2,21317928.619708,42.3,1.122997
1061,5,22481413.267094,39.5,0.565224
1061,6,22922985.669779,37.3,0.526479
1061,12,20069520.288965,42.7,1.5306
1061,19,24717217.755782,38.8,0.158471
1061,24,23817790.605943,31.8,0.370569
1061,25,20889843.577564,38.6,0.979947
1061,29,22901235.125081,37.2,0.506572
1061,31,25405926.162422,32.3,0.05997
1062,2,21318228.379548,42.4,1.122872
1062,5,22480912.271342,39.7,0.565329
1062,6,22923564.231749,37.1,0.52636
1062,12,20069536.72707,42.6,1.530665
1062,19,24717777.733269,37.7,0.158384
1062,24,23818406.947634,31.9,0.370457
1062,25,20889483.195668,38.7,0.980084
1062,29,22900793.791624,37.4,0.506662
1063,2,21318527.720584,41.9,1.122746
1063,5,22480409.373517,39.2,0.565434
1063,6,22924144.765592,36.7,0.526242
1063,12,20069554.264539,42.2,1.53073
1063,19,24718339.682631,37.8,0.158297
1063,24,23819021.666454,31.9,0.370346
1063,25,20889129.584455,38.3,0.980221
1063,29,22900353.243427,37.0,0.506751
1064,2,21318828.440186,42.6,1.122622
1064,5,22479905.446129,39.2,0.565539
1064,6,22924720.413375,37.0,0.526124
1064,12,20069571.086549,42.5,1.530794
1064,19,24718890.725607,38.7,0.15821
1064,24,23819636.87388,31.7,0.370235
1064,25,20888765.066857,38.9,0.980359
1064,29,22899911.683118,37.6,0.506841
1065,2,21319127.69397,42.4,1.122497
1065,5,22479406.352452,39.6,0.565644
1065,6,22925299.062595,37.4,0.526006
1065,12,20069589.426728,42.7,1.530858
1065,19,24719447.492254,29.5,0.158124
1065,24,23820253.89613,31.9,0.370123
1065,25,20888410.478433,38.9,0.980497
1065,29,22899470.140258,37.4,0.506931
1065,31,25404070.052562,31.6,0.060293
1066,2,21319429.931741,42.7,1.122371
1066,5,22478902.442514,39.7,0.565749
1066,6,22925882.807279,37.8,0.525886
1066,12,20069604.172162,42.4,1.530921
1066,19,24720011.762495,28.6,0.158037
1066,24,23820875.123881,32.9,0.370013
1066,25,20888053.778532,39.2,0.980634
1066,29,22899028.300745,37.5,0.507021
1066,31,25403599.716843,30.4,0.060373
1067,2,21319728.504967,41.2,1.122246
1067,5,22478397.886918,38.6,0.565854
1067,6,22926459.292672,36.0,0.525768
1067,12,20069619.737756,41.6,1.530983
1067,19,24720566.661969,33.1,0.15795
1067,24,23821488.184931,31.3,0.369902
1067,25,20887690.709301,37.9,0.980772
1067,29,22898582.500032,36.6,0.507111
1067,31,25403128.735466,31.9,0.060454
1068,2,21320027.217794,41.2,1.122121
1068,5,22477895.844154,37.8,0.565959
1068,6,22927038.011694,36.5,0.525649
1068,12,20069636.350363,41.5,1.531046
1068,19,24721123.79507,38.4,0.157863
1068,24,23822104.369569,30.8,0.36979
1068,25,20887333.468444,37.6,0.980908
1068,29,22898145.215026,36.3,0.5072
1068,31,25402672.569324,28.1,0.060534
1069,2,21320326.105123,42.3,1.121995
1069,5,22477391.288558,39.1,0.566064
1069,6,22927618.388485,37.1,0.525531
1069,12,20069651.025996,42.3,1.531107
1069,19,24721678.694544,38.8,0.157776
1069,24,23822714.725835,31.7,0.36968
1069,25,20886972.214036,38.2,0.981046
1069,29,22897700.915032,37.2,0.50729
1069,31,25402197.382445,31.8,0.060615
1070,2,21320624.992453,42.4,1.12187
1070,5,22476887.937028,39.6,0.566169
1070,6,22928197.596113,37.8,0.525412
1070,12,20069665.108322,42.6,1.531168
1070,19,24722234.204776,38.4,0.157689
1070,24,23823327.507681,31.4,0.369568
1070,25,20886613.053655,38.3,0.981183
1070,29,22897258.115757,37.8,0.507379
1070,31,25401732.403943,34.0,0.060695
1071,2,21320921.803206,41.7,1.121745
1071,5,22476384.899601,38.5,0.566274
1071,6,22928774.116406,36.7,0.525294
1071,12,20069681.022921,41.6,1.531229
1071,19,24722792.733895,35.7,0.157602
1071,24,23823948.997186,30.6,0.369457
1071,25,20886254.521481,37.9,0.981321
1071,29,22896816.241343,37.0,0.507469
1071,31,25401264.441454,31.9,0.060776
1072,2,21321220.25428,41.9,1.12162
1072,5,22475879.90775,39.2,0.566379
1072,6,22929346.274145,36.0,0.525175
1072,12,20069695.873056,41.8,1.531289
1072,19,24723347.214564,35.1,0.157516
1072,24,23824555.043248,31.4,0.369346
1072,25,20885890.126034,38.2,0.981458
1072,29,22896370.301029,36.9,0.507559
1072,31,25400798.119286,30.6,0.060857
1073,2,21321518.39125,42.5,1.121495
1073,5,22475377.585782,39.4,0.566484
1073,6,22929925.918028,36.7,0.525057
1073,12,20069713.393075,42.4,1.531349
1073,19,24723905.865835,36.5,0.157429
1073,24,23825175.747493,31.7,0.369234
1073,25,20885530.529397,39.1,0.981596
1073,29,22895928.548767,37.8,0.507648
1073,31,25400331.797117,33.0,0.060937
1074,2,21321821.693485,42.0,1.121368
1074,5,22474873.850346,39.1,0.566589
1074,6,22930510.430522,36.3,0.524937
1074,12,20069730.703691,42.2,1.531407
1074,19,24724463.103638,38.9,0.157342
1074,24,23825785.440651,31.6,0.369124
1074,25,20885176.080575,38.6,0.981733
1074,29,22895486.569652,37.4,0.507738
1074,31,25399870.919416,33.8,0.061017
1075,2,21322119.830455,42.5,1.121244
1075,5,22474373.936509,39.7,0.566694
1075,6,22931087.072967,36.7,0.52482
1075,12,20069749.724428,42.7,1.531467
1075,19,24725020.550843,37.1,0.157255
1075,24,23826402.253497,32.1,0.369012
1075,25,20884817.967206,39.0,0.98187
1075,29,22895050.209507,37.3,0.507827
1075,31,25399399.798438,31.7,0.061098
1076,2,21322423.516594,42.6,1.121118
1076,5,22473871.789043,39.7,0.566799
1076,6,22931667.763862,36.3,0.524701
1076,12,20069764.714165,42.2,1.531524
1076,19,24725576.375179,38.0,0.157168
1076,24,23827017.722677,31.8,0.368902
1076,25,20884464.216392,38.8,0.982007
1076,29,22894605.63031,37.8,0.507917
1076,31,25398941.102014,27.8,0.061178
1077,2,21322719.210534,41.8,1.120993
1077,5,22473368.821417,38.9,0.566904
1077,6,22932252.450858,37.0,0.524582
1077,12,20069784.886617,41.6,1.531582
1077,19,24726135.567406,38.5,0.157081
1077,24,23827635.09393,32.6,0.368791
1077,25,20884102.752582,38.0,0.982145
1077,29,22894165.012312,37.0,0.508007
1077,31,25398475.91411,27.6,0.061258
1078,2,21323025.618907,42.4,1.120868
1078,5,22472869.082081,39.4,0.567009
1078,6,22932831.065178,36.8,0.524464
1078,12,20069800.207908,41.7,1.531639
1078,19,24726690.798434,38.8,0.156995
1078,24,23828251.470521,31.9,0.36868
1078,25,20883744.517062,38.8,0.982282
1078,29,22893727.029297,37.5,0.508096
1079,2,21323325.780103,42.1,1.120742
1079,5,22472364.002979,39.2,0.567115
1079,6,22933413.937351,36.9,0.524345
1079,12,20069821.863628,41.7,1.531695
1079,19,24727254.789472,38.6,0.156908
1079,24,23828865.526233,31.9,0.368569
1079,25,20883392.930075,38.3,0.982419
1079,29,22893285.503888,37.4,0.508186
1080,2,21323626.866159,42.7,1.120617
1080,5,22471864.368345,39.7,0.56722
1080,6,22933995.029602,37.6,0.524227
1080,12,20069842.646837,42.5,1.531752
1080,19,24727808.903686,38.6,0.156821
1080,24,23829485.008963,32.0,0.368458
1080,25,20883035.09591,38.7,0.982556
1080,29,22892845.828202,37.4,0.508275
1081,2,21323927.620662,42.6,1.120492
1081,5,22471360.458407,39.8,0.567325
1081,6,22934574.289579,36.4,0.524108
1081,12,20069860.097055,42.2,1.531807
1081,19,24728367.467705,39.0,0.156735
1081,24,23830104.718546,32.2,0.368347
1081,25,20882681.379996,38.6,0.982693
1081,29,22892406.676022,37.7,0.508365
1082,2,21324228.636918,42.6,1.120367
1082,5,22470859.549907,39.4,0.56743
1082,6,22935158.313467,37.3,0.523989
1082,12,20069878.716437,42.4,1.531862
1082,19,24728926.625032,38.3,0.156648
1082,24,23830719.943422,31.9,0.368236
1082,25,20882322.568619,38.6,0.98283
1082,29,22891967.227189,37.8,0.508454
1083,2,21324528.588711,42.2,1.120242
1083,5,22470357.856147,39.5,0.567535
1083,6,22935732.286029,36.0,0.523872
1083,12,20069898.662036,42.5,1.531917
1083,19,24729478.994225,27.7,0.156562
1083,24,23831334.662243,31.9,0.368124
1083,25,20881964.472701,38.6,0.982968
1083,29,22891524.288312,37.4,0.508544
1084,2,21324831.611742,40.5,1.120116
1084,5,22469855.324776,39.2,0.567641
1084,6,22936321.004025,31.1,0.523752
1084,12,20069917.770025,41.5,1.53197
1084,19,24730041.641595,37.4,0.156474
1084,24,23831950.375725,31.9,0.368014
1084,25,20881609.744675,37.2,0.983104
1084,29,22891087.125457,37.8,0.508633
1084,31,25395253.225348,30.5,0.061819
1085,2,21325137.130154,40.8,1.11999
1085,5,22469353.805519,34.4,0.567746
1085,6,22936899.932448,36.4,0.523634
1085,12,20069936.389407,39.0,1.532024
1085,19,24730598.687446,38.7,0.156387
1085,24,23832563.175022,31.3,0.367903
1085,25,20881254.824696,36.9,0.983242
1085,29,22890646.751762,31.9,0.508723
1086,2,21325434.272462,43.0,1.119866
1086,5,22468849.598927,39.1,0.567851
1086,6,22937472.875447,37.1,0.523515
1086,12,20069950.820737,42.0,1.532077
1086,19,24731154.529232,38.9,0.156301
1086,24,23833177.789141,31.0,0.367792
1086,25,20880897.810691,39.0,0.983379
1086,29,22890204.894799,37.7,0.508812
1086,31,25394311.646499,30.7,0.06198
1087,2,21325733.491345,39.9,1.11974
1087,5,22468345.985643,39.1,0.567956
1087,6,22938051.803871,29.9,0.523397
1087,12,20069969.143466,40.4,1.532129
1087,19,24731713.389905,34.8,0.156214
1087,24,23833806.485586,19.4,0.367681
1087,25,20880542.594059,35.2,0.983516
1087,29,22889766.929234,33.3,0.508902
1087,31,25393847.296205,32.2,0.06206
1088,2,21326033.704891,38.8,1.119615
1088,5,22467846.647663,30.3,0.568061
1088,6,22938637.136525,33.0,0.523278
1088,12,20069985.459419,39.0,1.532181
1088,19,24732262.722759,23.8,0.156127
1088,24,23834426.893177,18.6,0.36757
1088,25,20880179.367777,34.3,0.983653
1088,29,22889323.065495,33.7,0.508991
1088,31,25393397.429591,25.7,0.06214
1089,2,21326332.958675,33.8,1.119489
1089,5,22467340.347045,34.4,0.568166
1089,6,22939204.390753,24.4,0.523159
1089,12,20070006.190278,36.6,1.532231
1089,24,23835008.543835,24.7,0.36746
1089,25,20879826.873378,28.5,0.983791
1089,29,22888866.236245,26.1,0.509082
1089,31,25392918.717768,30.0,0.06222
1090,2,21326630.170784,38.7,1.119366
1090,5,22466853.014814,20.3,0.56827
1090,6,22939775.920284,27.6,0.523042
1090,12,20070020.115552,38.2,1.532284
1090,19,24733379.623946,27.1,0.155954
1090,25,20879465.444469,34.8,0.983929
1090,29,22888436.158179,35.3,0.509171
1090,31,25392441.576465,24.3,0.062301
1091,2,21326929.58162,41.3,1.119239
1091,5,22466332.492269,38.8,0.568376
1091,6,22940373.311038,31.9,0.522923
1091,12,20070036.81541,42.2,1.532333
1091,19,24733929.968913,36.0,0.155867
1091,24,23836248.207303,24.5,0.367237
1091,25,20879103.509502,37.1,0.984065
1091,29,22887992.974999,37.5,0.509261
1091,31,25391981.309521,30.3,0.062381
1092,2,21327226.584326,38.3,1.119114
1092,5,22465824.254678,38.8,0.568481
1092,6,22940943.723756,34.8,0.522804
1092,12,20070052.311203,37.1,1.532383
1092,19,24734485.391893,38.5,0.15578
1092,24,23836857.010499,28.6,0.367126
1092,25,20878740.073818,31.6,0.984202
1092,29,22887544.696355,33.0,0.50935
1092,31,25391524.026566,30.8,0.062461
1093,2,21327528.612695,42.0,1.118988
1093,5,22465317.448004,35.9,0.568587
1093,6,22941523.367638,35.4,0.522685
1093,12,20070069.831222,42.7,1.532432
1093,19,24735044.339818,39.6,0.155693
1093,24,23837477.418091,30.3,0.367015
1093,25,20878388.556631,37.1,0.984339
1093,29,22887105.648877,37.2,0.50944
1093,31,25391054.999613,31.6,0.06254
1094,2,21327829.053093,42.0,1.118862
1094,5,22464814.724681,39.3,0.568692
1094,6,22942105.2975,35.9,0.522566
1094,12,20070088.764708,42.5,1.532479
1094,19,24735599.9024,39.7,0.155606
1094,24,23838082.43459,22.5,0.366905
1094,25,20878028.837843,38.6,0.984476
1094,29,22886660.790476,37.5,0.50953
1094,31,25390591.260077,30.6,0.06262
1095,2,21328126.736358,42.6,1.118738
1095,5,22464313.170523,39.8,0.568797
1095,6,22942683.894369,36.0,0.522448
1095,12,20070106.145125,42.9,1.532528
1095,19,24736152.411194,39.4,0.15552
1095,24,23838698.497077,31.2,0.366793
1095,25,20877674.476271,38.3,0.984613
1095,29,22886223.383318,37.8,0.509619
1095,31,25390127.46819,29.3,0.0627
1096,2,21328426.234445,42.7,1.118612
1096,5,22463811.913018,39.7,0.568901
1096,6,22943258.006533,35.8,0.52233
1096,12,20070125.026261,42.6,1.532576
1096,19,24736712.126928,40.3,0.155433
1096,24,23839306.776767,31.3,0.366682
1096,25,20877312.628556,37.8,0.984751
1096,29,22885777.303402,38.2,0.509709
1096,31,25389660.692315,30.7,0.062781
1097,2,21328727.303052,41.8,1.118486
1097,5,22463304.460686,39.4,0.569007
1097,6,22943838.488026,34.2,0.522211
1097,12,20070140.714007,41.8,1.532622
1097,19,24737267.724411,39.2,0.155346
1097,24,23839920.849929,31.1,0.366572
1097,25,20876955.963556,37.8,0.984888
1097,29,22885335.498789,37.5,0.509798
1097,31,25389194.003692,30.0,0.062861
1098,2,21329024.51516,41.6,1.118361
1098,5,22462802.417922,38.9,0.569112
1098,6,22944419.894381,34.8,0.522092
1098,12,20070158.513229,41.7,1.532669
1098,19,24737821.245317,38.4,0.15526
1098,24,23840537.627875,31.1,0.366461
1098,25,20876597.518633,37.7,0.985026
1098,29,22884891.006843,37.3,0.509888
1098,31,25388729.129892,30.5,0.062941
1099,2,21329322.774282,41.4,1.118236
1099,5,22462297.827426,38.4,0.569217
1099,6,22944999.363761,34.6,0.521974
1099,12,20070177.359464,41.9,1.532714
1099,19,24738376.423995,37.7,0.155173
1099,24,23841148.874102,31.3,0.36635
1099,25,20876241.638893,37.1,0.985162
1099,29,22884446.375295,37.4,0.509978
1099,31,25388270.416018,27.9,0.063021
1100,2,21329624.348945,41.9,1.11811
1100,5,22461792.067765,38.9,0.569322
1100,6,22945574.051782,35.9,0.521855
1100,12,20070192.331751,42.0,1.532759
1100,19,24738931.323469,39.6,0.155086
1100,24,23841762.825113,31.9,0.366239
1100,25,20875882.757715,37.7,0.9853
1100,29,22884001.464544,37.8,0.510067
1100,31,25387798.230576,28.9,0.063101
1101,2,21329919.327425,42.4,1.117985
1101,5,22461290.496156,39.4,0.569427
1101,6,22946152.631201,35.5,0.521737
1101,12,20070207.600691,42.6,1.532804
1101,19,24739483.832263,38.7,0.154999
1101,24,23842373.792136,32.2,0.366128
1101,25,20875517.297805,38.2,0.985437
1101,29,22883558.351165,38.1,0.510157
1101,31,25387334.124585,28.9,0.063181
1102,2,21330216.731486,41.9,1.11786
1102,5,22460782.363266,39.1,0.569532
1102,6,22946726.743365,35.4,0.521618
1102,12,20070225.90597,42.1,1.532848
1102,19,24740037.859226,33.2,0.154913
1102,24,23842984.479956,31.3,0.366017
1102,25,20875159.655592,37.7,0.985574
1102,29,22883112.288699,37.9,0.510247
1102,31,25386880.261872,28.3,0.063261
1103,2,21330517.677941,42.1,1.117735
1103,5,22460283.147437,39.7,0.569637
1103,6,22947306.195295,35.3,0.5215
1103,12,20070241.750767,42.3,1.532892
1103,19,24740591.519734,37.0,0.154826
1103,24,23843598.396067,31.9,0.365906
1103,25,20874802.554336,38.1,0.985712
1103,29,22882668.233008,38.1,0.510337
1103,31,25386409.228144,27.1,0.063341
1104,2,21330816.51292,42.5,1.117609
1104,5,22459772.85072,39.7,0.569742
1104,6,22947882.942442,36.1,0.521381
1104,12,20070259.078833,42.5,1.532934
1104,19,24741148.495784,36.8,0.154739
1104,24,23844204.826034,32.5,0.365796
1104,25,20874445.156427,38.4,0.985848
1104,29,22882226.585447,38.3,0.510426
1105,2,21331114.004232,42.6,1.117484
1105,5,22459270.807955,39.7,0.569847
1105,6,22948461.940666,36.6,0.521263
1105,12,20070275.970644,42.2,1.532977
1105,19,24741701.109279,36.7,0.154652
1105,24,23844818.602542,32.1,0.365685
1105,25,20874083.710067,38.3,0.985986
1105,29,22881781.500194,38.3,0.510516
1106,2,21331413.746622,42.9,1.117359
1106,5,22458768.294035,39.4,0.569952
1106,6,22949038.391159,35.8,0.521145
1106,12,20070296.596802,42.7,1.533019
1106,19,24742258.678637,39.6,0.154566
1106,24,23845439.428939,32.0,0.365573
1106,25,20873726.608811,38.2,0.986123
1106,29,22881340.760044,38.8,0.510605
1106,31,25385009.197175,29.8,0.063581
1107,2,21331712.319848,41.7,1.117234
1107,5,22458265.535812,38.9,0.570056
1107,6,22949619.675362,33.3,0.521026
1107,12,20070312.179846,41.9,1.533061
1107,19,24742807.278582,35.9,0.154479
1107,24,23846049.488551,31.2,0.365462
1107,25,20873368.024286,37.6,0.986261
1107,29,22880893.458613,37.1,0.510695
1107,31,25384531.619616,30.3,0.063662
1108,2,21332014.435468,42.8,1.117108
1108,5,22457759.392246,40.4,0.570162
1108,6,22950190.995491,35.7,0.520908
1108,12,20070330.380423,42.9,1.533101
1108,19,24743360.90419,34.8,0.154392
1108,24,23846662.4798,31.9,0.365352
1108,25,20873007.886693,38.5,0.986398
1108,29,22880449.664675,38.5,0.510785
1108,31,25384075.540725,29.0,0.063741
1109,2,21332305.871554,42.2,1.116983
1109,5,22457253.98159,39.8,0.570266
1109,6,22950769.923915,36.7,0.520789
1109,12,20070345.405061,42.9,1.533141
1109,19,24743920.044067,34.7,0.154305
1109,24,23847270.183632,32.2,0.365241
1109,25,20872648.482008,37.9,0.986535
1109,29,22880002.415595,38.6,0.510875
1109,31,25383604.611699,29.2,0.063821
1110,2,21332606.730758,42.2,1.116858
1110,5,22456751.694522,39.7,0.570372
1110,6,22951347.491221,36.0,0.52067
1110,12,20070359.661888,42.4,1.533181
1110,19,24744465.24122,33.5,0.154219
1110,24,23847872.949054,31.3,0.36513
1110,25,20872290.996848,38.1,0.986673
1110,29,22879559.197514,38.5,0.510964
1110,31,25383138.306981,29.8,0.063901
1111,2,21332903.332109,42.2,1.116733
1111,5,22456245.463706,39.6,0.570476
1111,6,22951923.802113,35.8,0.520552
1111,12,20070376.850353,42.2,1.53322
1111,19,24745021.170256,36.9,0.154132
1111,24,23848501.715299,31.7,0.365018
1111,25,20871930.457899,38.0,0.98681
1111,29,22879114.11226,38.5,0.511054
1111,31,25382672.229115,29.5,0.063981
1112,2,21333201.399278,42.4,1.116608
1112,5,22455740.0705,39.6,0.570581
1112,6,22952494.389332,36.2,0.520434
1112,12,20070392.520649,42.2,1.533258
1112,19,24745573.766301,36.0,0.154045
1112,24,23849106.173391,30.7,0.364907
1112,25,20871570.477357,38.3,0.986947
1112,29,22878668.695453,38.3,0.511144
1112,31,25382206.727107,27.4,0.064061
1113,2,21333498.401984,42.7,1.116482
1113,5,22455235.130999,39.5,0.570686
1113,6,22953074.399669,36.7,0.520316
1113,12,20070411.611187,42.5,1.533296
1113,19,24746130.690001,36.2,0.153959
1113,24,23849720.647909,31.2,0.364796
1113,25,20871213.027097,38.8,0.987084
1113,29,22878227.309645,38.6,0.511233
1113,31,25381728.468989,27.2,0.064141
1114,2,21333799.645093,42.6,1.116357
1114,5,22454730.243849,39.7,0.570792
1114,6,22953652.630084,36.7,0.520197
1114,12,20070434.052167,42.6,1.533333
1114,19,24746678.958392,39.4,0.153872
1114,24,23850329.189352,31.4,0.364686
1114,25,20870856.222495,39.0,0.987222
1114,29,22877780.269967,38.5,0.511323
1114,31,25381282.633376,27.4,0.064221
1115,2,21334099.544535,42.3,1.116232
1115,5,22454229.091046,39.9,0.570896
1115,6,22954228.644322,36.3,0.520079
1115,12,20070450.35067,42.3,1.53337
1115,19,24747232.479298,37.3,0.153786
1115,24,23850942.058449,31.0,0.364575
1115,25,20870499.574945,38.8,0.987359
1115,29,22877336.685432,38.4,0.511413
1115,31,25380815.648099,26.8,0.064301
1116,2,21334397.437202,42.7,1.116106
1116,5,22453724.448199,39.8,0.571001
1116,6,22954805.949875,36.3,0.51996
1116,12,20070467.050528,42.4,1.533406
1116,19,24747789.996305,38.3,0.153699
1116,24,23851553.548979,31.8,0.364464
1116,25,20870140.344762,39.0,0.987496
1116,29,22876892.594841,38.3,0.511502
1116,31,25380345.486882,27.4,0.064381
1117,2,21334694.317757,42.1,1.115981
1117,5,22453220.573162,39.7,0.571107
1117,6,22955384.93065,38.0,0.519842
1117,12,20070484.500746,42.2,1.533442
1117,19,24748340.498324,37.9,0.153612
1117,24,23852161.008509,31.0,0.364353
1117,25,20869785.756338,38.4,0.987633
1117,29,22876451.069432,38.7,0.511591
1118,2,21334997.462939,42.2,1.115857
1118,5,22452718.495497,39.9,0.571211
1118,6,22955963.893974,36.8,0.519724
1118,12,20070506.767224,42.6,1.533477
1118,19,24748894.280984,37.4,0.153526
1118,24,23852783.440325,30.8,0.364242
1118,25,20869426.683207,38.5,0.987771
1118,29,22876009.247369,39.8,0.511681
1118,31,25379409.387402,28.7,0.064541
1119,2,21335298.706048,40.9,1.115731
1119,5,22452214.777512,38.9,0.571316
1119,6,22956540.955224,34.8,0.519605
1119,12,20070526.800074,42.1,1.533511
1119,19,24749453.036956,37.0,0.153439
1119,24,23853401.858592,28.6,0.364131
1119,25,20869069.581951,36.2,0.987908
1119,29,22875562.207691,38.2,0.511772
1119,31,25378948.544602,27.1,0.064621
1120,2,21335594.295286,42.4,1.115606
1120,5,22451712.612596,40.1,0.571421
1120,6,22957118.033925,35.3,0.519487
1120,12,20070546.257067,43.5,1.533545
1120,19,24750004.045031,37.0,0.153353
1120,24,23854005.025368,28.9,0.36402
1120,25,20868715.20293,37.4,0.988045
1120,29,22875122.392403,39.0,0.511861
1120,31,25378488.644113,27.4,0.0647
1121,2,21335897.440469,42.1,1.115481
1121,5,22451212.925611,40.0,0.571526
1121,6,22957691.011824,34.1,0.519369
1121,12,20070564.021388,43.6,1.533578
1121,19,24750557.234384,35.9,0.153266
1121,24,23854621.47176,28.8,0.363909
1121,25,20868355.815695,36.8,0.988183
1121,29,22874676.068184,39.4,0.511951
1121,31,25378024.939477,28.6,0.064781
1122,2,21336197.25266,41.4,1.115355
1122,5,22450705.700132,39.6,0.571631
1122,6,22958278.90966,35.1,0.51925
1122,12,20070585.014,43.6,1.53361
1122,19,24751112.465412,33.8,0.153179
1122,24,23855230.362208,29.2,0.363799
1122,25,20868000.284959,36.0,0.988319
1122,29,22874233.303809,39.4,0.51204
1122,31,25377562.386556,27.7,0.06486
1123,2,21336497.536007,41.3,1.11523
1123,5,22450205.541991,39.6,0.571736
1123,6,22958858.012586,35.7,0.519132
1123,12,20070605.605257,43.5,1.533642
1123,19,24751672.076445,35.2,0.153092
1123,24,23855849.635535,28.5,0.363688
1123,25,20867645.818686,34.5,0.988457
1123,29,22873791.900551,39.5,0.51213
1123,31,25377104.789496,28.6,0.06494
1124,2,21336798.517362,40.8,1.115105
1124,5,22449707.268474,39.4,0.571841
1124,6,22959437.77862,35.4,0.519014
1124,12,20070627.767034,43.0,1.533674
1124,19,24752229.069945,34.3,0.153006
1124,24,23856461.789173,27.8,0.363576
1124,25,20867296.238474,33.2,0.988594
1124,29,22873352.381917,39.4,0.51222
1124,31,25376636.198799,31.6,0.06502
1125,2,21337101.941748,40.7,1.11498
1125,5,22449203.044432,39.4,0.571946
1125,6,22960013.129749,34.5,0.518895
1125,12,20070650.295265,43.6,1.533704
1125,19,24752783.725116,36.2,0.152919
1125,24,23857076.403292,28.3,0.363466
1125,25,20866937.130443,34.3,0.988731
1125,29,22872912.322326,39.4,0.512309
1125,31,25376173.959981,31.5,0.065099
1126,2,21337402.539199,41.5,1.114854
1126,5,22448702.607088,39.7,0.572051
1126,6,22960599.422165,35.4,0.518776
1126,12,20070673.277202,43.3,1.533734
1126,19,24753340.334711,36.1,0.152832
1126,24,23857688.487129,28.0,0.363355
1126,25,20866579.383529,34.8,0.988868
1126,29,22872466.748466,39.1,0.512399
1126,31,25375716.677025,28.6,0.065179
1127,2,21337708.563668,40.9,1.114728
1127,5,22448198.295795,38.4,0.572156
1127,6,22961182.748043,36.7,0.518657
1127,12,20070691.495229,43.0,1.533762
1127,19,24753899.387337,35.6,0.152745
1127,24,23858307.795357,27.6,0.363245
1127,25,20866229.768417,33.8,0.989005
1127,29,22872025.380109,39.1,0.512489
1127,31,25375256.427532,28.8,0.065258
1128,2,21338009.30072,42.0,1.114603
1128,5,22447700.388732,39.1,0.572261
1128,6,22961769.494165,38.7,0.518539
1128,12,20070719.729681,43.4,1.533791
1128,19,24754451.355174,35.6,0.152659
1128,24,23858907.733843,27.9,0.363135
1128,25,20865875.459196,34.2,0.989142
1128,29,22871586.838687,39.2,0.512578
1128,31,25374799.301628,27.8,0.065338
1129,2,21338316.913158,42.3,1.114477
1129,5,22447200.352743,38.7,0.572366
1129,6,22962350.516615,38.5,0.51842
1129,12,20070739.535678,42.7,1.533819
1129,19,24755013.479038,35.0,0.152571
1129,24,23859522.923819,27.3,0.363025
1129,25,20865525.023923,34.2,0.98928
1129,29,22871143.463555,38.2,0.512669
1129,31,25374329.541767,28.8,0.065418
1130,2,21338619.290531,42.0,1.11435
1130,5,22446695.692446,37.1,0.572471
1130,6,22962935.011658,37.6,0.5183
1130,12,20070760.126935,42.3,1.533845
1130,19,24755576.981469,33.1,0.152484
1130,24,23860143.087107,28.3,0.362914
1130,25,20865166.055494,34.3,0.989416
1130,29,22870699.966271,37.2,0.512759
1130,31,25373875.242798,28.7,0.065497
1131,2,21338924.320337,42.2,1.114226
1131,5,22446198.483392,37.5,0.572576
1131,6,22963514.63809,37.1,0.518182
1131,12,20070783.649829,42.3,1.533873
1131,19,24756129.036558,34.0,0.152398
1131,24,23860761.400673,28.6,0.362803
1131,25,20864814.538308,34.3,0.989553
1131,29,22870262.698715,37.2,0.512848
1131,31,25373420.298172,28.2,0.065577
1132,2,21339227.46552,42.4,1.1141
1132,5,22445696.388277,37.0,0.572681
1132,6,22964096.602852,37.2,0.518063
1132,12,20070807.085471,42.1,1.533899
1132,19,24756687.914681,35.0,0.152311
1132,24,23861369.732713,29.4,0.362693
1132,25,20864463.247975,35.7,0.989691
1132,29,22869817.264457,37.2,0.512938
1132,31,25372961.078242,27.4,0.065656
1133,2,21339532.216123,43.2,1.113974
1133,5,22445201.587353,37.4,0.572786
1133,6,22964681.045544,37.6,0.517945
1133,12,20070831.219122,42.3,1.533924
1133,19,24757248.084121,31.1,0.152224
1133,24,23861987.767075,29.4,0.362582
1133,25,20864110.24752,36.1,0.989828
1133,29,22869379.12439,37.1,0.513028
1133,31,25372498.647471,29.9,0.065736
1134,2,21339839.043301,42.4,1.113848
1134,5,22444699.876143,37.0,0.572891
1134,6,22965267.285609,37.2,0.517826
1134,12,20070855.05612,42.4,1.533949
1134,19,24757810.033483,34.1,0.152137
1134,24,23862600.671073,29.3,0.362472
1134,25,20863760.231053,36.0,0.989965
1134,29,22868939.780258,35.8,0.513118
1134,31,25372037.71742,30.5,0.065815
1135,2,21340145.416774,42.8,1.113722
1135,5,22444199.787803,37.1,0.572997
1135,6,22965852.164557,37.2,0.517707
1135,12,20070882.016706,42.3,1.533972
1135,19,24758370.621728,35.2,0.15205
1135,24,23863210.730685,29.7,0.362362
1135,25,20863411.244148,35.5,0.990102
1135,29,22868499.650866,36.9,0.513207
1135,31,25371584.709768,28.2,0.065895
1136,2,21340451.511043,42.8,1.113597
1136,5,22443704.236519,37.7,0.573101
1136,6,22966437.357609,37.0,0.517589
1136,12,20070911.088769,42.1,1.533996
1136,19,24758933.042245,35.4,0.151963
1136,24,23863824.402492,29.7,0.362251
1136,25,20863058.697399,35.4,0.990239
1136,29,22868063.761877,37.6,0.513297
1137,2,21340759.681889,42.2,1.113471
1137,5,22443208.371132,37.4,0.573206
1137,6,22967024.330583,37.6,0.517469
1137,12,20070934.454611,42.2,1.534019
1137,19,24759494.537902,35.5,0.151876
1137,24,23864442.262351,29.1,0.362141
1137,25,20862709.413841,35.6,0.990377
1137,29,22867621.555909,37.2,0.513388
1137,31,25370662.221457,27.7,0.066054
1138,2,21341065.060699,42.9,1.113346
1138,5,22442712.697697,37.9,0.573311
1138,6,22967609.715588,37.2,0.517351
1138,12,20070963.125318,42.4,1.534042
1138,19,24760058.040333,33.5,0.151789
1138,24,23865062.722293,28.7,0.36203
1138,25,20862358.559763,35.6,0.990514
1138,29,22867187.045487,37.8,0.513477
1139,2,21341373.388596,42.2,1.11322
1139,5,22442217.286015,37.9,0.573416
1139,6,22968197.456371,37.3,0.517233
1139,12,20070991.150368,42.5,1.534063
1139,19,24760617.599015,32.2,0.151702
1139,24,23865688.242799,28.5,0.361919
1139,25,20862007.042577,34.4,0.990651
1139,29,22866747.998009,37.8,0.513567
1139,31,25369747.603195,27.6,0.066214
1140,2,21341680.913784,41.8,1.113095
1140,5,22441722.868996,38.5,0.57352
1140,6,22968782.893726,37.8,0.517114
1140,12,20071018.983465,42.6,1.534084
1140,19,24761183.247823,27.5,0.151615
1140,24,23866299.454125,29.2,0.361809
1140,25,20861658.928183,34.8,0.990789
1140,29,22866306.350448,38.0,0.513658
1140,31,25369297.562079,29.4,0.066294
1141,2,21341991.056503,42.2,1.112969
1141,5,22441226.584804,38.4,0.573625
1141,6,22969370.65196,37.9,0.516995
1141,12,20071044.914489,42.4,1.534104
1141,19,24761747.012007,33.5,0.151528
1141,24,23866920.193271,29.9,0.361699
1141,25,20861308.632512,35.3,0.990926
1141,29,22865872.695087,38.4,0.513747
1141,31,25368843.22821,27.6,0.066373
1142,2,21342299.227349,42.4,1.112843
1142,5,22440730.108659,38.0,0.57373
1142,6,22969956.124216,36.9,0.516876
1142,12,20071073.689898,42.4,1.534125
1142,19,24762308.804317,33.9,0.151441
1142,24,23867538.349784,29.5,0.361588
1142,25,20860963.554456,35.4,0.991063
1142,29,22865436.491994,37.5,0.513837
1142,31,25368381.530349,27.9,0.066452
1143,2,21342608.549908,43.0,1.112717
1143,5,22440240.472999,38.5,0.573834
1143,6,22970546.953688,37.4,0.516758
1143,12,20071104.192879,42.4,1.534143
1143,19,24762877.140459,31.6,0.151354
1143,24,23868156.157293,29.1,0.361477
1143,25,20860612.735279,36.5,0.991201
1143,29,22864997.217663,37.0,0.513927
1144,2,21342918.744979,42.7,1.112592
1144,5,22439747.225145,38.0,0.573939
1144,6,22971135.35758,37.1,0.516639
1144,12,20071134.085102,42.4,1.534162
1144,19,24763435.86153,34.8,0.151267
1144,24,23868787.122266,28.5,0.361367
1144,25,20860268.774037,36.9,0.991338
1144,29,22864560.630666,37.4,0.514017
1145,2,21343231.330729,42.5,1.112466
1145,5,22439254.256494,38.1,0.574044
1145,6,22971724.948087,37.0,0.51652
1145,12,20071163.663221,42.2,1.534179
1145,19,24764001.475438,35.0,0.15118
1145,24,23869393.796536,28.9,0.361257
1145,25,20859920.013985,36.2,0.991475
1145,29,22864124.322871,37.1,0.514108
1146,2,21343539.012969,42.7,1.112341
1146,5,22438760.607284,38.5,0.574149
1146,6,22972313.840585,37.8,0.516402
1146,12,20071194.04405,42.7,1.534197
1146,19,24764562.185834,33.2,0.151094
1146,24,23870015.076638,28.9,0.361146
1146,25,20859570.852579,35.9,0.991613
1146,29,22863689.428545,38.3,0.514197
1146,31,25366564.334474,28.8,0.066771
1147,2,21343850.132901,41.6,1.112215
1147,5,22438270.378317,37.2,0.574253
1147,6,22972902.855234,35.8,0.516283
1147,12,20071225.454442,41.7,1.534213
1147,19,24765134.727478,34.0,0.151006
1147,24,23870633.477454,28.2,0.361036
1147,25,20859224.832211,34.5,0.991751
1147,29,22863248.670945,37.1,0.514288
1147,31,25366112.77519,30.1,0.066851
1148,2,21344160.554824,42.8,1.112089
1148,5,22437774.059224,37.9,0.574358
1148,6,22973490.892672,37.2,0.516164
1148,12,20071253.479491,42.6,1.534229
1148,19,24765693.378749,34.3,0.150919
1148,24,23871256.886483,29.0,0.360925
1148,25,20858877.206423,35.3,0.991888
1148,29,22862812.014147,38.4,0.514378
1148,31,25365654.532472,30.5,0.06693
1149,2,21344469.231726,42.9,1.111964
1149,5,22437285.592729,37.4,0.574462
1149,6,22974080.186525,37.2,0.516046
1149,12,20071285.44829,42.3,1.534244
1149,19,24766261.086683,22.9,0.150832
1149,24,23871876.753117,29.6,0.360814
1149,25,20858529.650437,35.5,0.992026
1149,29,22862372.408261,37.9,0.514468
1149,31,25365200.547607,28.9,0.067011
1150,2,21344781.049666,42.2,1.111838
1150,5,22436794.875156,37.8,0.574567
1150,6,22974671.103248,37.8,0.515927
1150,12,20071318.149998,42.6,1.534259
1150,19,24766831.010794,32.6,0.150745
1150,24,23872499.446687,29.3,0.360704
1150,25,20858184.013974,34.3,0.992163
1150,29,22861939.55561,37.6,0.514559
1150,31,25364734.103287,27.6,0.067091
1151,2,21345093.809919,42.2,1.111712
1151,5,22436302.377661,37.1,0.574672
1151,6,22975257.273512,36.7,0.515808
1151,12,20071349.403338,41.9,1.534273
1151,19,24767399.800642,32.7,0.150658
1151,24,23873116.80049,29.2,0.360593
1151,25,20857839.633927,34.3,0.992301
1151,29,22861504.015626,37.7,0.514649
1151,31,25364292.281224,29.3,0.06717
1152,2,21345406.081565,42.0,1.111587
1152,5,22435813.317858,38.1,0.574776
1152,6,22975849.551352,37.3,0.515689
1152,12,20071380.168072,42.1,1.534286
1152,19,24767959.394224,31.6,0.150571
1152,24,23873739.354458,29.2,0.360483
1152,25,20857489.966464,35.0,0.992439
1152,29,22861065.317152,36.8,0.514739
1153,2,21345720.62174,42.1,1.111461
1153,5,22435322.600285,37.1,0.574881
1153,6,22976440.206322,36.2,0.515571
1153,12,20071415.906118,41.8,1.534299
1153,19,24768530.260647,32.6,0.150484
1153,24,23874351.281244,28.3,0.360373
1153,25,20857149.757019,34.7,0.992575
1153,29,22860635.465938,36.4,0.514829
1154,2,21346031.828923,42.3,1.111336
1154,5,22434834.552595,37.7,0.574985
1154,6,22977028.714916,36.7,0.515453
1154,12,20071446.199696,42.2,1.534312
1154,19,24769092.384511,30.8,0.150397
1154,24,23874982.961676,29.5,0.360262
1154,25,20856806.807889,34.7,0.992713
1154,29,22860199.5944,38.1,0.514919
1155,2,21346342.268297,42.5,1.11121
1155,5,22434344.253828,37.5,0.57509
1155,6,22977625.460012,37.6,0.515334
1155,12,20071480.245071,42.5,1.534323
1155,19,24769660.057544,31.5,0.15031
1155,24,23875601.903449,30.1,0.360151
1155,25,20856456.512219,34.1,0.99285
1155,29,22859765.642385,38.4,0.515009
1155,31,25362481.349978,28.4,0.067488
1156,2,21346658.396441,42.4,1.111084
1156,5,22433854.234263,38.1,0.575195
1156,6,22978216.481436,37.5,0.515215
1156,12,20071516.646225,42.2,1.534334
1156,19,24770229.49305,33.5,0.150223
1156,24,23876229.797184,28.4,0.360041
1156,25,20856112.79528,34.4,0.992988
1156,29,22859331.69037,37.7,0.515099
1156,31,25362030.907507,30.0,0.067568
1157,2,21346970.650638,42.0,1.110958
1157,5,22433366.046972,37.9,0.575299
1157,6,22978809.945891,37.4,0.515096
1157,12,20071547.114305,42.1,1.534344
1157,19,24770793.292135,27.5,0.150136
1157,24,23876847.552342,29.3,0.35993
1157,25,20855766.705111,34.2,0.993125
1157,29,22858896.865844,38.0,0.51519
1157,31,25361579.592526,28.4,0.067647
1158,2,21347284.510254,42.1,1.110833
1158,5,22432875.573702,38.1,0.575404
1158,6,22979398.419584,37.4,0.514978
1158,12,20071583.969165,42.1,1.534353
1158,19,24771375.169645,23.3,0.150049
1158,24,23877466.302162,29.2,0.35982
1158,25,20855426.722519,34.7,0.993263
1158,29,22858462.442674,37.8,0.51528
1158,31,25361127.492285,29.0,0.067727
1159,2,21347599.95784,42.0,1.110707
1159,5,22432388.17167,38.2,0.575508
1159,6,22979994.763325,37.1,0.514859
1159,12,20071616.095016,42.0,1.534362
1159,19,24771931.342985,31.5,0.149962
1159,24,23878095.033508,29.9,0.35971
1159,25,20855085.012355,34.2,0.993401
1159,29,22858027.199343,37.7,0.51537
1159,31,25360676.648459,27.3,0.067807
1160,2,21347914.707417,42.4,1.110582
1160,5,22431896.790989,38.4,0.575613
1160,6,22980585.941802,37.1,0.51474
1160,12,20071654.450595,42.8,1.53437
1160,19,24772499.12072,34.7,0.149875
1160,24,23878721.880229,27.6,0.359599
1160,25,20854744.733109,35.0,0.993538
1160,29,22857595.480956,37.4,0.51546
1160,31,25360224.844872,29.3,0.067886
1161,2,21348226.839462,42.0,1.110457
1161,5,22431409.057403,37.7,0.575718
1161,6,22981177.469283,37.3,0.514622
1161,12,20071689.263779,42.5,1.534379
1161,19,24773063.076857,31.0,0.149789
1161,24,23879348.482648,28.9,0.359488
1161,25,20854402.708842,34.5,0.993675
1161,29,22857162.628305,38.2,0.51555
1162,2,21348540.908481,42.3,1.11033
1162,5,22430915.198791,37.9,0.575823
1162,6,22981765.855725,37.2,0.514503
1162,12,20071721.843335,42.6,1.534385
1162,19,24773636.473561,31.7,0.149702
1162,24,23879957.844251,29.7,0.359378
1162,25,20854055.728712,34.0,0.993812
1162,29,22856732.62004,38.2,0.515639
1162,31,25359331.707827,29.8,0.068044
1163,2,21348856.146664,41.9,1.110205
1163,5,22430427.90146,38.1,0.575927
1163,6,22982359.599383,36.8,0.514385
1163,12,20071757.075325,42.2,1.534392
1163,19,24774202.628426,32.6,0.149615
1163,24,23880588.163566,29.4,0.359268
1163,25,20853713.233289,34.4,0.993949
1163,29,22856298.964678,37.7,0.51573
1163,31,25358876.763201,26.4,0.068124
1164,2,21349170.163333,42.4,1.110079
1164,5,22429937.864446,38.6,0.576032
1164,6,22982953.011488,37.0,0.514266
1164,12,20071790.771696,42.4,1.534397
1164,19,24774764.874441,33.8,0.149528
1164,24,23881203.475694,30.0,0.359158
1164,25,20853373.983606,35.0,0.994087
1164,29,22855862.604534,37.4,0.51582
1164,31,25358425.116665,28.7,0.068203
1165,2,21349482.120875,42.3,1.109954
1165,5,22429446.675717,37.8,0.576137
1165,6,22983543.474505,37.7,0.514147
1165,12,20071825.724482,42.6,1.534403
1165,24,23881831.700983,30.4,0.359047
1165,25,20853028.207541,34.6,0.994224
1165,29,22855430.467342,37.1,0.51591
1165,31,25357980.69452,26.5,0.068283
1166,2,21349792.420647,42.0,1.109828
1166,5,22428956.830655,38.0,0.576242
1166,6,22984134.094575,38.2,0.514029
1166,12,20071858.40874,42.5,1.534407
1166,19,24775924.057505,19.2,0.149354
1166,24,23882455.598618,31.2,0.358936
1166,25,20852684.961758,34.5,0.994361
1166,29,22854996.986483,37.2,0.515999
1166,31,25357524.72033,30.1,0.068362
1167,2,21350105.407752,42.4,1.109703
1167,5,22428466.374835,38.0,0.576346
1167,6,22984721.97496,37.6,0.51391
1167,12,20071891.389651,42.3,1.534411
1167,19,24776484.977304,18.8,0.149267
1167,24,23883068.363014,29.7,0.358826
1167,25,20852344.403309,35.0,0.994498
1167,29,22854560.486736,36.2,0.51609
1167,31,25357072.934193,29.9,0.068441
1168,2,21350417.679399,41.9,1.109577
1168,5,22427968.31072,37.4,0.576452
1168,6,22985315.77097,37.4,0.513791
1168,12,20071924.859169,41.8,1.534414
1168,19,24777023.595725,31.1,0.149181
1168,24,23883693.028458,28.5,0.358716
1168,25,20851996.829872,34.4,0.994634
1168,29,22854126.587072,36.7,0.516179
1168,31,25356632.735,29.9,0.06852
1169,2,21350726.705305,42.1,1.109452
1169,5,22427475.376969,38.0,0.576557
1169,6,22985899.096848,37.4,0.513673
1169,12,20071955.379599,42.3,1.534417
1169,19,24777588.040468,34.4,0.149094
1169,24,23884305.740503,30.5,0.358606
1169,25,20851654.997556,34.4,0.994772
1169,29,22853691.814897,37.7,0.516269
1169,31,25356165.592671,30.1,0.068599
1170,2,21351038.750098,42.4,1.109325
1170,5,22426980.994851,38.3,0.576662
1170,6,22986489.350463,37.5,0.513554
1170,12,20071985.917481,42.7,1.534419
1170,19,24778146.81389,34.2,0.149007
1170,24,23884925.973592,29.3,0.358496
1170,25,20851305.713998,34.4,0.994909
1170,29,22853251.982159,37.5,0.516359
1170,31,25355715.272352,26.5,0.068679
1171,2,21351348.508914,41.9,1.1092
1171,5,22426486.403329,38.0,0.576766
1171,6,22987079.70878,36.9,0.513435
1171,12,20072015.966755,41.8,1.53442
1171,19,24778708.396798,32.3,0.14892
1171,24,23885550.220232,28.5,0.358385
1171,25,20850957.425102,35.0,0.995046
1171,29,22852814.068945,37.2,0.516449
1172,2,21351654.777685,41.9,1.109074
1172,5,22425991.916509,38.1,0.576871
1172,6,22987663.889719,37.2,0.513317
1172,12,20072046.120732,42.1,1.534421
1172,19,24779277.867203,22.0,0.148833
1172,24,23886155.672986,29.9,0.358275
1172,25,20850614.039718,34.4,0.995183
1172,29,22852379.244419,37.7,0.516539
1172,31,25354812.241035,30.5,0.068837
1173,2,21351968.445349,42.5,1.108948
1173,5,22425494.655104,37.9,0.576976
1173,6,22988254.265485,31.2,0.513198
1173,12,20072079.188894,42.7,1.53442
1173,19,24779835.576162,19.4,0.148746
1173,24,23886782.031102,30.0,0.358165
1173,25,20850265.157514,34.4,0.99532
1173,29,22851942.221166,38.9,0.516629
1173,31,25354356.336646,30.6,0.068916
1174,2,21352278.622969,42.2,1.108822
1174,5,22425004.984544,38.0,0.577081
1174,6,22988844.745953,29.8,0.513079
1174,12,20072112.361758,42.5,1.53442
1174,19,24780417.959729,20.6,0.148659
1174,24,23887395.894861,30.0,0.358054
1174,25,20849919.3989,34.1,0.995457
1174,29,22851508.618156,38.2,0.516719
1174,31,25353910.745336,27.6,0.068995
1175,2,21352587.107919,42.4,1.108697
1175,5,22424509.119157,38.6,0.577186
1175,6,22989432.643789,37.0,0.51296
1175,12,20072139.933102,43.0,1.534418
1175,19,24780960.5917,32.8,0.148573
1175,24,23888008.06595,28.6,0.357944
1175,25,20849581.527784,33.8,0.995594
1175,29,22851068.523664,38.9,0.516808
1176,2,21352896.58753,42.3,1.108572
1176,5,22424016.656562,38.9,0.577291
1176,6,22990015.830066,37.5,0.512843
1176,12,20072174.20533,43.2,1.534417
1176,19,24781518.597313,33.8,0.148487
1176,24,23888623.029073,27.8,0.357833
1176,25,20849230.551555,33.7,0.995731
1176,29,22850635.40926,39.6,0.516898
1176,31,25353000.367477,29.1,0.069153
1177,2,21353205.438934,41.3,1.108446
1177,5,22423520.564322,37.5,0.577396
1177,6,22990602.593637,36.0,0.512724
1177,12,20072204.847912,42.1,1.534414
1177,19,24782089.167082,30.8,0.148399
1177,24,23889238.2714,27.5,0.357723
1177,25,20848880.77939,33.6,0.995868
1177,29,22850196.588634,38.5,0.516988
1178,2,21353515.337351,41.8,1.108321
1178,5,22423023.721723,37.4,0.577501
1178,6,22991188.292746,35.7,0.512606
1178,12,20072233.55352,42.3,1.534411
1178,19,24782642.199383,33.2,0.148313
1178,24,23889864.455014,27.9,0.357613
1178,25,20848536.818149,33.5,0.996005
1178,29,22849757.610957,38.4,0.517078
1179,2,21353823.927001,41.2,1.108195
1179,5,22422525.570357,37.6,0.577606
1179,6,22991777.499348,35.7,0.512487
1179,12,20072264.527657,41.9,1.534407
1179,19,24783203.81719,32.2,0.148226
1179,24,23890476.730803,27.7,0.357503
1179,25,20848188.860807,33.4,0.996142
1179,29,22849317.621167,38.4,0.517168
1180,2,21354127.054734,40.4,1.10807
1180,5,22422030.053974,37.7,0.57771
1180,6,22992357.317732,36.7,0.512369
1180,12,20072291.24394,41.4,1.534403
1180,19,24783760.269734,27.7,0.148139
1180,24,23891092.548987,27.9,0.357392
1180,25,20847837.849677,32.8,0.99628
1180,29,22848878.451537,37.5,0.517258
1181,2,21354434.335618,41.8,1.107943
1181,5,22421528.796469,38.6,0.577815
1181,6,22992943.714849,37.9,0.512249
1181,12,20072318.518631,42.1,1.534397
1181,19,24784320.578775,30.7,0.148052
1181,24,23891696.919829,28.2,0.357283
1181,25,20847488.583569,33.6,0.996417
1181,29,22848433.261582,38.0,0.517348
1182,2,21354740.586939,36.4,1.107818
1182,5,22421033.698892,35.0,0.57792
1182,6,22993523.672836,33.2,0.512131
1182,12,20072349.562568,36.7,1.534392
1182,19,24784877.450123,33.5,0.147966
1182,24,23892308.061354,24.0,0.357172
1182,25,20847144.290773,27.6,0.996554
1182,31,25350266.843218,27.5,0.069627
1183,2,21355051.043763,36.6,1.107692
1183,6,22994121.342793,32.6,0.512012
1183,12,20072379.123237,37.8,1.534385
1183,19,24785424.741302,19.0,0.147879
1183,24,23892937.804812,20.1,0.357063
1183,25,20846802.092003,30.6,0.996689
1183,29,22847562.408466,33.2,0.517527
1183,31,25349822.124419,21.8,0.069705
1184,2,21355358.656201,40.5,1.107567
1184,5,22420042.491624,34.2,0.57813
1184,6,22994699.957113,37.2,0.511894
1184,12,20072410.010122,41.3,1.534378
1184,19,24786000.668289,29.4,0.147792
1184,24,23893542.193104,26.9,0.356952
1184,25,20846451.953384,31.3,0.996828
1184,29,22847118.125922,38.0,0.517618
1185,2,21355665.396129,41.3,1.107441
1185,5,22419543.67715,38.0,0.578235
1185,6,22995284.905862,36.9,0.511775
1185,12,20072437.05796,41.7,1.53437
1185,19,24786559.528962,30.4,0.147705
1185,24,23894162.23424,27.5,0.356841
1185,25,20846097.958267,33.6,0.996965
1185,29,22846677.787128,37.6,0.517707
1186,2,21355970.199082,40.4,1.107315
1186,5,22419046.83455,37.4,0.578339
1186,6,22995870.308317,36.9,0.511656
1186,12,20072464.245399,41.2,1.534362
1186,19,24787109.559825,21.7,0.147618
1186,24,23894768.92596,26.7,0.356731
1186,25,20845754.311129,32.3,0.997102
1186,29,22846232.806575,37.6,0.517798
1187,2,21356274.932234,40.5,1.10719
1187,5,22418546.641509,37.3,0.578444
1187,6,22996452.37778,35.9,0.511538
1187,12,20072493.491964,41.5,1.534353
1187,24,23895380.050036,27.9,0.356621
1187,25,20845396.215211,31.5,0.997239
1187,29,22845794.369855,38.3,0.517887
1187,31,25347985.733305,25.3,0.070022
1188,2,21356583.347383,40.9,1.107063
1188,5,22418044.703446,37.3,0.57855
1188,6,22997036.279515,36.2,0.511419
1188,12,20072520.086096,41.3,1.534343
1188,19,24788252.444386,20.1,0.147445
1188,24,23895994.24535,28.3,0.356511
1188,25,20845054.068792,33.3,0.997375
1188,29,22845351.779982,37.1,0.517977
1188,31,25347538.065419,27.8,0.0701
1189,2,21356889.825557,42.1,1.106938
1189,5,22417551.35089,38.0,0.578654
1189,6,22997621.577269,36.8,0.511301
1189,12,20072548.966206,41.7,1.534333
1189,19,24788780.487975,26.3,0.147358
1189,24,23896614.321387,28.5,0.356401
1189,25,20844700.719333,34.9,0.997513
1189,29,22844910.603577,37.2,0.518067
1189,31,25347078.287082,29.2,0.07018
1190,2,21357196.478233,42.1,1.106813
1190,5,22417056.06136,38.2,0.578758
1190,6,22998207.328727,36.9,0.511182
1190,12,20072581.004806,42.1,1.534322
1190,19,24789351.860454,29.3,0.147271
1190,24,23897230.663077,27.5,0.35629
1190,25,20844355.623827,34.6,0.99765
1190,29,22844471.957454,37.8,0.518157
1190,31,25346625.855287,30.4,0.070259
1191,2,21357508.174022,42.6,1.106687
1191,5,22416563.110159,38.3,0.578863
1191,6,22998794.842658,37.2,0.511064
1191,12,20072610.303721,42.3,1.53431
1191,19,24789905.782716,26.2,0.147184
1191,24,23897843.043569,28.7,0.35618
1191,25,20844011.069277,35.0,0.997787
1191,29,22844035.073803,38.3,0.518247
1191,31,25346169.479742,30.4,0.070338
1192,2,21357822.836349,42.4,1.106562
1192,5,22416071.92143,38.6,0.578968
1192,6,22999381.710931,37.6,0.510946
1192,12,20072646.146469,42.7,1.534298
1192,19,24790470.471762,28.6,0.147098
1192,24,23898471.582961,28.8,0.356069
1192,25,20843664.385801,34.9,0.997925
1192,29,22843600.563381,38.3,0.518337
1192,31,25345711.882683,29.7,0.070417
1193,2,21358134.026082,41.7,1.106436
1193,5,22415579.07493,37.8,0.579073
1193,6,22999972.906858,36.8,0.510827
1193,12,20072682.722125,42.0,1.534286
1193,19,24791039.767665,30.8,0.147011
1193,24,23899094.555735,28.9,0.355959
1193,25,20843328.922816,33.2,0.998062
1193,29,22843163.452877,38.2,0.518427
1193,31,25345270.287472,28.4,0.070496
1194,2,21358445.337966,42.1,1.10631
1194,5,22415085.425721,38.2,0.579177
1194,6,23000559.72278,36.7,0.510708
1194,12,20072714.027816,41.9,1.534272
1194,19,24791602.310335,26.4,0.146924
1194,24,23899708.646347,28.2,0.355849
1194,25,20842982.483643,35.2,0.998199
1194,29,22842724.387948,36.7,0.518517
1194,31,25344813.824677,30.3,0.070575
1195,2,21358755.288734,41.8,1.106185
1195,5,22414593.730935,38.1,0.579282
1195,6,23001145.770893,36.5,0.51059
1195,12,20072747.863788,41.9,1.534258
1195,19,24792159.286385,25.1,0.146837
1195,24,23900320.189228,29.3,0.355739
1195,25,20842634.980007,34.5,0.998336
1195,29,22842288.149955,38.0,0.518607
1195,31,25344364.097665,30.2,0.070654
1196,2,21359066.443566,41.7,1.106059
1196,5,22414102.0536,38.2,0.579386
1196,6,23001739.043395,37.2,0.510471
1196,12,20072781.123903,41.6,1.534242
1196,19,24792730.676314,27.1,0.14675
1196,24,23900939.549806,28.8,0.355629
1196,25,20842287.214617,35.0,0.998473
1196,29,22841848.945425,37.0,0.518698
1196,31,25343914.388104,30.7,0.070733
1197,2,21359377.615849,41.9,1.105934
1197,5,22413607.688932,38.2,0.579491
1197,6,23002325.719716,36.6,0.510353
1197,12,20072814.680672,42.0,1.534228
1197,19,24793287.669814,21.8,0.146664
1197,24,23901563.098436,27.7,0.355518
1197,25,20841950.216012,35.0,0.99861
1197,29,22841412.724882,37.5,0.518787
1197,31,25343457.489053,31.3,0.070812
1198,2,21359688.910283,41.6,1.105808
1198,5,22413117.634467,37.7,0.579596
1198,6,23002916.130383,37.2,0.510234
1198,12,20072850.471068,41.4,1.534211
1198,19,24793861.572575,25.5,0.146577
1198,24,23902173.576854,27.2,0.355408
1198,25,20841601.979467,33.4,0.998748
1198,29,22840975.439875,37.9,0.518878
1198,31,25343003.713591,30.6,0.070891
1199,2,21360000.710774,42.0,1.105683
1199,5,22412628.99347,37.8,0.5797
1199,6,23003501.637539,36.9,0.510116
1199,12,20072881.968711,42.1,1.534194
1199,19,24794410.521525,20.7,0.14649
1199,24,23902795.659666,28.2,0.355297
1199,25,20841256.028901,34.3,0.998886
1199,29,22840538.346821,38.0,0.518968
1199,31,25342549.24012,31.6,0.07097
1200,2,21360310.015883,42.1,1.105557
1200,5,22412132.464974,38.6,0.579805
1200,6,23004086.167482,37.0,0.509998
1200,12,20072916.36309,42.5,1.534178
1200,24,23903405.07362,29.3,0.355187
1200,25,20840912.99252,34.2,0.999022
1200,29,22840102.388031,38.1,0.519058
1200,31,25342099.181554,30.5,0.071049
1201,2,21360618.361231,42.3,1.105432
1201,5,22411638.257358,38.4,0.579909
1201,6,23004676.316396,38.1,0.509879
1201,12,20072948.000335,42.6,1.53416
1201,24,23904044.693901,27.1,0.355077
1201,25,20840567.495659,34.9,0.99916
1201,29,22839661.246527,38.5,0.519148
1201,31,25341646.662508,31.1,0.071128
1202,2,21360928.992557,41.8,1.105306
1202,5,22411149.040503,38.0,0.580013
1202,6,23005266.936466,39.3,0.50976
1202,12,20072984.017585,41.9,1.53414
1202,24,23904639.519473,28.4,0.354967
1202,25,20840221.562543,33.7,0.999297
1202,29,22839219.982871,38.0,0.519239
1202,31,25341191.316526,31.0,0.071207
1203,2,21361239.920536,42.1,1.10518
1203,5,22410656.228904,38.4,0.580118
1203,6,23005853.385933,37.5,0.509642
1203,12,20073016.143435,42.4,1.534121
1203,24,23905264.638623,28.1,0.354856
1203,25,20839876.554288,34.5,0.999435
1203,29,22838780.237384,37.9,0.519329
1203,31,25340735.970544,30.9,0.071286
1204,2,21361549.5572,42.4,1.105055
1204,5,22410163.626708,38.7,0.580222
1204,6,23006438.229981,37.6,0.509523
1204,12,20073046.97797,42.8,1.534101
1204,19,24797192.121133,17.0,0.146056
1204,24,23905875.256643,29.7,0.354746
1204,25,20839528.439894,34.6,0.999572
1204,29,22838344.296044,38.8,0.519419
1204,31,25340277.535874,30.3,0.071365
1205,2,21361858.583106,41.6,1.10493
1205,5,22409670.082199,37.9,0.580327
1205,6,23007021.259206,37.6,0.509406
1205,12,20073082.576414,42.3,1.534081
1205,24,23906497.566308,30.4,0.354635
1205,25,20839182.122873,33.5,0.99971
1205,29,22837902.33438,37.5,0.519509
1205,31,25339837.371582,27.3,0.071445
1206,2,21362166.998254,42.3,1.104803
1206,5,22409176.258487,38.4,0.580431
1206,6,23007615.072665,37.1,0.509286
1206,12,20073113.986806,42.2,1.534059
1206,24,23907106.962811,28.6,0.354526
1206,25,20838834.584336,34.9,0.999847
1206,29,22837460.669369,37.7,0.5196
1206,31,25339368.728534,27.0,0.071523
1207,2,21362476.80942,42.8,1.104678
1207,5,22408682.050871,39.0,0.580536
1207,6,23008198.311293,37.8,0.509168
1207,12,20073148.293934,42.9,1.534038
1207,24,23907718.680194,28.5,0.354415
1207,25,20838489.070025,34.5,0.999984
1207,29,22837022.511851,39.0,0.51969
1208,2,21362786.777638,42.6,1.104552
1208,5,22408188.576163,38.5,0.58064
1208,6,23008784.376855,37.8,0.509049
1208,12,20073177.365997,42.8,1.534015
1208,19,24799455.536525,29.5,0.145708
1208,24,23908339.227387,29.3,0.354305
1208,25,20838140.397224,33.6,1.000121
1208,29,22836581.492499,39.2,0.51978
1208,31,25338467.686541,29.9,0.071681
1209,2,21363093.587366,41.3,1.104427
1209,5,22407694.926954,37.5,0.580744
1209,6,23009370.006163,36.7,0.508931
1209,12,20073207.764276,42.3,1.533992
1209,19,24800014.467,32.3,0.145621
1209,24,23908951.834731,28.3,0.354195
1209,25,20837794.254705,32.8,1.000259
1209,29,22836140.630198,38.3,0.51987
1210,2,21363400.938051,41.8,1.104301
1210,5,22407197.630649,38.2,0.580849
1210,6,23009954.344154,37.8,0.508812
1210,12,20073237.796101,42.6,1.533968
1210,19,24800580.831267,31.5,0.145534
1210,24,23909573.062483,28.9,0.354084
1210,25,20837448.949797,32.9,1.000396
1210,29,22835698.790684,38.7,0.51996
1210,31,25337552.283019,28.0,0.071839
1211,2,21363711.307624,40.6,1.104176
1211,5,22406702.46327,37.9,0.580954
1211,6,23010534.23234,34.4,0.508694
1211,12,20073271.160917,41.6,1.533944
1211,19,24801129.832567,29.8,0.145448
1211,24,23910179.928705,27.8,0.353974
1211,25,20837102.17907,32.9,1.000534
1211,29,22835255.782007,36.2,0.520051
1211,31,25337089.799898,27.5,0.071918
1212,2,21364016.459581,42.2,1.10405
1212,5,22406206.266329,36.2,0.581058
1212,6,23011125.096712,38.0,0.508575
1212,12,20073300.512184,42.2,1.533919
1212,19,24801694.905518,24.9,0.145361
1212,24,23910795.066331,27.9,0.353864
1212,25,20836757.676871,33.9,1.00067
1212,29,22834819.24736,38.3,0.52014
1212,31,25336632.272639,26.6,0.071996
1213,2,21364323.216959,42.4,1.103925
1213,5,22405712.582218,38.6,0.581162
1213,6,23011707.358128,37.6,0.508458
1213,12,20073335.360269,43.0,1.533894
1213,24,23911412.699337,29.5,0.353754
1213,25,20836407.887257,34.4,1.000808
1213,29,22834374.127206,39.6,0.520231
1214,2,21364634.493943,41.6,1.103799
1214,5,22405212.61603,38.4,0.581268
1214,6,23012289.340339,37.0,0.508339
1214,12,20073364.816236,42.3,1.533868
1214,24,23912024.975127,28.3,0.353644
1214,25,20836058.411746,33.5,1.000944
1214,29,22833937.121403,38.9,0.52032
1215,2,21364939.000242,42.2,1.103674
1215,5,22404717.867457,38.9,0.581372
1215,6,23012873.556179,37.8,0.508221
1215,12,20073393.818498,43.0,1.533842
1215,19,24803352.833255,20.0,0.145101
1215,24,23912646.359931,27.9,0.353533
1215,25,20835713.263889,33.8,1.001082
1215,29,22833493.641569,39.2,0.52041
1215,31,25335278.781401,29.2,0.072233
1216,2,21365248.305352,42.1,1.103548
1216,5,22404219.838242,38.5,0.581477
1216,6,23013459.883495,37.9,0.508102
1216,12,20073425.525544,42.7,1.533814
1216,19,24803923.560076,32.0,0.145014
1216,24,23913252.458344,29.1,0.353424
1216,25,20835363.945431,33.4,1.001219
1216,29,22833052.866519,38.2,0.5205
1216,31,25334817.9386,28.1,0.072311
1217,2,21365552.218344,42.0,1.103422
1217,5,22403725.403773,38.6,0.581581
1217,6,23014044.081885,37.0,0.507984
1217,12,20073457.808446,42.3,1.533786
1217,19,24804476.295723,27.8,0.144928
1217,24,23913862.744809,28.8,0.353313
1217,25,20835017.000201,34.0,1.001356
1217,29,22832608.496724,38.1,0.520591
1217,31,25334363.953736,27.9,0.072391
1218,2,21365858.138111,41.7,1.103297
1218,5,22403223.692563,38.5,0.581687
1218,6,23014624.929832,37.1,0.507865
1218,12,20073483.425366,42.1,1.533758
1218,19,24805036.744366,21.4,0.144841
1218,24,23914466.382741,27.5,0.353203
1218,25,20834669.07776,34.1,1.001492
1218,29,22832171.839926,38.3,0.52068
1219,2,21366168.263381,41.9,1.103171
1219,5,22402728.263431,38.9,0.581791
1219,6,23015209.058421,37.5,0.507746
1219,12,20073516.545879,42.3,1.533729
1219,19,24805597.19301,21.0,0.144754
1219,24,23915077.192712,28.2,0.353093
1219,25,20834325.360821,33.5,1.001629
1219,29,22831728.272841,38.9,0.52077
1220,2,21366476.329525,42.6,1.103046
1220,5,22402228.698597,38.9,0.581897
1220,6,23015793.23936,37.9,0.507629
1220,12,20073551.795319,42.5,1.5337
1220,19,24806140.59279,22.5,0.144668
1220,24,23915701.247399,28.0,0.352983
1220,25,20833982.865398,34.9,1.001766
1220,29,22831290.760982,38.8,0.52086
1221,2,21366782.8426,42.1,1.10292
1221,5,22401734.159427,39.0,0.582001
1221,6,23016379.741178,38.1,0.50751
1221,12,20073583.397664,42.6,1.533669
1221,19,24806702.542152,31.9,0.144581
1221,24,23916314.4306,28.5,0.352873
1221,25,20833631.627415,34.0,1.001903
1221,29,22830846.897244,39.7,0.52095
1221,31,25332560.089828,28.2,0.072704
1222,2,21367093.05512,42.2,1.102794
1222,5,22401239.724957,38.9,0.582105
1222,6,23016963.381161,37.8,0.507391
1222,12,20073612.120722,42.9,1.533638
1222,19,24807263.3747,34.4,0.144494
1222,24,23916929.847429,28.6,0.352763
1222,25,20833282.308956,34.5,1.00204
1222,29,22830407.029605,39.1,0.52104
1223,2,21367402.569632,41.6,1.102669
1223,5,22400743.702518,38.9,0.58221
1223,6,23017553.198521,37.0,0.507273
1223,12,20073648.81853,42.4,1.533606
1223,19,24807823.212585,35.6,0.144408
1223,24,23917544.548799,28.5,0.352653
1223,25,20832941.558555,33.8,1.002177
1223,29,22829967.353919,38.8,0.52113
1223,31,25331644.28495,28.4,0.072861
1224,2,21367709.867967,41.2,1.102543
1224,5,22400250.856018,38.7,0.582315
1224,6,23018136.61165,37.5,0.507154
1224,12,20073680.316173,42.4,1.533574
1224,19,24808380.240986,33.8,0.144321
1224,24,23918143.544973,28.7,0.352543
1224,25,20832598.016118,33.7,1.002314
1224,29,22829528.184289,39.0,0.52122
1225,2,21368018.841522,42.2,1.102418
1225,5,22399754.589276,39.7,0.582419
1225,6,23018719.588525,38.3,0.507037
1225,12,20073714.082344,42.9,1.533542
1225,24,23918772.39847,29.5,0.352432
1225,25,20832251.053439,34.5,1.002452
1225,29,22829087.374339,39.6,0.52131
1226,2,21368327.623125,41.7,1.102292
1226,5,22399256.926516,39.1,0.582524
1226,6,23019306.561499,37.5,0.506917
1226,12,20073743.747714,42.6,1.533508
1226,24,23919361.779574,27.5,0.352323
1226,25,20831901.76988,33.6,1.002588
1226,29,22828646.965743,38.7,0.5214
1226,31,25330279.224217,27.2,0.073097
1227,2,21368636.142975,41.5,1.102166
1227,5,22398761.706787,38.4,0.582629
1227,6,23019892.400209,37.1,0.506799
1227,12,20073777.950141,42.0,1.533474
1227,19,24810060.487551,23.2,0.144061
1227,24,23919987.474581,28.4,0.352213
1227,25,20831557.058279,33.3,1.002726
1227,29,22828204.201369,37.7,0.52149
1228,2,21368943.388958,41.8,1.102041
1228,5,22398267.307218,39.1,0.582733
1228,6,23020474.853576,37.0,0.506681
1228,12,20073809.09878,42.7,1.53344
1228,19,24810608.773393,30.9,0.143974
1228,24,23920604.409579,28.5,0.352102
1228,25,20831212.852734,33.8,1.002863
1228,29,22827762.867912,38.4,0.52158
1229,2,21369250.512791,41.9,1.101916
1229,5,22397770.970675,38.9,0.582838
1229,6,23021058.982165,37.3,0.506562
1229,12,20073840.997778,42.3,1.533404
1229,19,24811163.515815,31.8,0.143888
1229,24,23921222.112387,28.0,0.351992
1229,25,20830865.226947,34.0,1.003
1229,29,22827320.504892,38.5,0.52167
1230,2,21369557.008415,41.5,1.10179
1230,5,22397274.634132,38.8,0.582942
1230,6,23021647.298806,37.5,0.506444
1230,12,20073873.19343,42.1,1.533369
1230,19,24811723.057047,31.7,0.143801
1230,24,23921829.920921,28.4,0.351882
1230,25,20830518.177016,33.3,1.003136
1230,29,22826881.422513,38.3,0.52176
1231,2,21369868.808905,41.7,1.101664
1231,5,22396780.00771,38.6,0.583047
1231,6,23022227.117191,37.7,0.506325
1231,12,20073904.394419,42.4,1.533332
1231,19,24812282.476127,30.6,0.143714
1231,24,23922446.000858,28.2,0.351772
1231,25,20830177.04271,33.8,1.003274
1231,29,22826436.564113,38.4,0.521851
1231,31,25328014.552409,26.8,0.07349
1232,2,21370179.003976,42.1,1.101538
1232,5,22396288.539777,38.8,0.583151
1232,6,23022817.894312,37.8,0.506207
1232,12,20073939.364655,42.7,1.533295
1232,19,24812843.587878,33.4,0.143627
1232,24,23923067.368212,28.4,0.351662
1232,25,20829828.282658,33.4,1.003411
1232,29,22825997.254881,38.9,0.521941
1233,2,21370489.390999,42.1,1.101414
1233,5,22395796.984594,38.9,0.583255
1233,6,23023400.208078,38.0,0.506089
1233,12,20073979.343104,43.2,1.533258
1233,19,24813411.505215,24.0,0.143541
1233,24,23923687.147595,30.1,0.351551
1233,25,20829485.124126,33.8,1.003549
1233,29,22825559.969875,39.3,0.522031
1233,31,25327110.072724,27.0,0.073648
1234,2,21370800.947186,41.7,1.101288
1234,5,22395304.190445,38.0,0.58336
1234,6,23023988.769022,36.9,0.505971
1234,12,20074014.487843,42.6,1.53322
1234,19,24813967.085247,29.9,0.143454
1234,24,23924292.495649,29.5,0.351441
1234,25,20829145.228785,33.8,1.003686
1234,29,22825123.836583,38.6,0.522121
1234,31,25326653.557577,26.2,0.073726
1235,2,21371112.608075,41.4,1.101162
1235,5,22394813.001716,38.7,0.583464
1235,6,23024577.731321,37.9,0.505852
1235,12,20074047.049949,43.3,1.533181
1235,19,24814521.583366,34.6,0.143367
1235,24,23924909.343395,29.6,0.351331
1235,25,20828799.43527,33.9,1.003823
1235,29,22824683.916593,39.1,0.522211
1236,2,21371420.796371,42.2,1.101037
1236,5,22394317.450433,38.9,0.583569
1236,6,23025167.129875,38.4,0.505734
1236,12,20074084.81222,42.7,1.533142
1236,19,24815083.68978,34.2,0.143281
1236,24,23925529.611385,28.7,0.351221
1236,25,20828456.468691,33.8,1.003959
1236,29,22824245.916128,38.8,0.522301
1237,2,21371731.427697,42.1,1.100911
1237,5,22393823.452219,38.9,0.583674
1237,6,23025752.968585,38.3,0.505615
1237,12,20074119.346201,42.7,1.533102
1237,19,24815641.660492,34.1,0.143194
1237,24,23926140.944863,28.7,0.351111
1237,25,20828113.257808,34.0,1.004096
1237,29,22823806.781399,38.5,0.522391
1238,2,21372041.395915,41.9,1.100785
1238,5,22393330.867472,38.9,0.583778
1238,6,23026336.957572,38.1,0.505497
1238,12,20074154.700342,42.3,1.533061
1238,19,24816202.859495,35.0,0.143107
1238,24,23926741.406855,28.2,0.351001
1238,25,20827770.291229,34.4,1.004234
1238,29,22823364.872085,38.5,0.522482
1239,2,21372352.288994,41.7,1.10066
1239,5,22392841.929822,39.3,0.583882
1239,6,23026920.667356,36.6,0.505379
1239,12,20074189.496076,42.4,1.53302
1239,19,24816760.481202,34.4,0.14302
1239,24,23927380.590881,27.4,0.35089
1239,25,20827428.232061,34.4,1.004372
1239,29,22822921.496952,38.0,0.522572
1240,2,21372661.908207,42.2,1.100535
1240,5,22392345.69798,39.6,0.583987
1240,6,23027508.49539,38.0,0.505261
1240,12,20074222.407187,42.5,1.532979
1240,19,24817315.328326,31.3,0.142934
1240,24,23927992.988822,28.7,0.35078
1240,25,20827081.915039,34.6,1.004508
1240,29,22822485.817366,38.1,0.522662
1241,2,21372971.562321,42.1,1.100409
1241,5,22391850.40845,39.2,0.584091
1241,6,23028094.543503,38.4,0.505142
1241,12,20074257.15057,42.7,1.532936
1241,19,24817876.213224,34.6,0.142847
1241,24,23928602.141023,28.7,0.350671
1241,25,20826734.411403,34.3,1.004646
1241,29,22822043.297294,38.8,0.522752
1241,31,25323479.781776,26.3,0.074276
1242,2,21373279.20966,41.6,1.100284
1242,5,22391356.096132,38.4,0.584196
1242,6,23028676.194161,37.8,0.505024
1242,12,20074290.480486,42.3,1.532894
1242,19,24818437.761231,34.8,0.14276
1242,24,23929215.271874,28.3,0.35056
1242,25,20826389.403148,34.1,1.004783
1242,29,22821602.9585,38.5,0.522842
1243,2,21373586.001938,42.2,1.100158
1243,5,22390864.244294,39.2,0.5843
1243,6,23029265.697416,38.3,0.504905
1243,12,20074323.548649,42.6,1.53285
1243,19,24818992.189549,34.3,0.142673
1243,24,23929812.557927,29.0,0.35045
1243,25,20826044.15059,34.5,1.00492
1243,29,22821159.653168,38.5,0.522933
1243,31,25322582.666082,26.3,0.074432
1244,2,21373895.743303,41.9,1.100032
1244,5,22390367.558747,38.9,0.584405
1244,6,23029850.663615,37.5,0.504787
1244,12,20074356.599361,42.4,1.532806
1244,19,24819547.769582,34.3,0.142587
1244,24,23930442.78999,28.1,0.35034
1244,25,20825705.459314,34.1,1.005057
1244,29,22820717.237798,39.1,0.523022
1245,2,21374204.315503,42.2,1.099907
1245,5,22389868.779173,38.6,0.584509
1245,6,23030429.923593,37.7,0.504669
1245,12,20074392.058204,42.3,1.532762
1245,19,24820101.569692,30.5,0.142501
1245,24,23931057.735664,29.3,0.35023
1245,25,20825354.779739,35.5,1.005194
1245,29,22820274.822428,38.3,0.523113
1245,31,25321673.527188,27.8,0.074589
1246,2,21374513.062205,41.9,1.099781
1246,5,22389377.991799,39.6,0.584613
1246,6,23031017.786529,29.1,0.50455
1246,12,20074422.299431,42.7,1.532716
1246,19,24820657.341676,32.7,0.142413
1246,24,23931665.387146,28.9,0.35012
1246,25,20825004.885423,34.3,1.005331
1246,29,22819834.082278,38.8,0.523203
1247,2,21374820.866596,41.7,1.099656
1247,5,22388879.945135,39.1,0.584718
1247,6,23031598.686827,36.7,0.504432
1247,12,20074456.083053,42.6,1.532671
1247,19,24821226.864433,23.2,0.142327
1247,24,23932286.161192,28.9,0.35001
1247,25,20824657.032782,33.8,1.005469
1247,29,22819389.712484,38.4,0.523293
1248,2,21375128.16493,41.6,1.09953
1248,5,22388381.706518,38.9,0.584823
1248,6,23032186.898766,36.4,0.504313
1248,12,20074489.674722,42.3,1.532625
1248,19,24821765.901659,21.8,0.14224
1248,24,23932895.95905,28.3,0.3499
1248,25,20824319.772424,33.2,1.005605
1248,29,22818950.22875,38.8,0.523383
1248,31,25320308.763108,28.9,0.074824
1249,2,21375432.723581,42.0,1.099404
1249,5,22387881.321524,39.1,0.584928
1249,6,23032766.071493,36.9,0.504195
1249,12,20074517.525269,42.7,1.532578
1249,19,24822319.282964,23.6,0.142154
1249,24,23933496.403593,28.8,0.349791
1249,25,20823969.581454,34.2,1.005741
1249,29,22818506.504613,38.7,0.523473
1249,31,25319849.159274,27.8,0.074902
1250,2,21375737.037928,41.2,1.099279
1250,5,22387388.492475,38.8,0.585031
1250,6,23033346.500636,38.4,0.504077
1250,12,20074548.743709,42.3,1.532531
1250,19,24822874.531442,27.0,0.142067
1250,24,23934106.515556,27.3,0.34968
1250,25,20823622.165069,33.3,1.005879
1250,29,22818061.942866,38.6,0.523563
1251,2,21376044.022158,41.1,1.099154
1251,5,22386891.440473,38.9,0.585136
1251,6,23033929.599661,38.0,0.503958
1251,12,20074582.021274,41.9,1.532483
1251,24,23934712.701219,28.2,0.34957
1251,25,20823275.603745,34.0,1.006016
1251,29,22817618.846937,38.0,0.523653
1252,2,21376352.053402,42.0,1.099028
1252,5,22386388.525197,39.7,0.585242
1252,6,23034511.634224,37.9,0.50384
1252,12,20074615.735095,42.6,1.532435
1252,24,23935316.932459,27.5,0.349461
1252,25,20822927.38465,34.5,1.006152
1252,29,22817175.297303,38.4,0.523743
1252,31,25318499.960789,27.3,0.075137
1253,2,21376661.916918,41.8,1.098902
1253,5,22385892.834312,39.5,0.585346
1253,6,23035097.909189,38.1,0.503722
1253,12,20074650.391227,42.4,1.532386
1253,24,23935939.172323,28.7,0.349351
1253,25,20822584.592573,34.3,1.006289
1253,29,22816735.673967,38.7,0.523833
1253,31,25318036.360854,26.6,0.075215
1254,2,21376971.43143,41.8,1.098777
1254,5,22385400.109964,39.6,0.58545
1254,6,23035680.833713,37.8,0.503603
1254,12,20074682.586879,42.9,1.532337
1254,24,23936562.860555,28.9,0.34924
1254,25,20822239.654119,33.6,1.006426
1254,29,22816295.10832,39.4,0.523923
1255,2,21377277.002193,41.2,1.098652
1255,5,22384905.832547,39.7,0.585555
1255,6,23036266.114016,35.5,0.503485
1255,12,20074721.343813,43.3,1.532287
1255,24,23937161.92653,29.4,0.34913
1255,25,20821900.386985,33.1,1.006563
1255,29,22815855.397733,37.0,0.524012
1255,31,25317142.892255,29.2,0.075371
1256,2,21377558.247352,19.7,1.098527
1256,5,22384407.314726,36.3,0.58566
1256,12,20074752.562252,29.5,1.532238
1256,24,23937789.733014,23.7,0.349019
1256,25,20821562.847424,24.7,1.006699
1256,29,22815417.728822,35.5,0.524101
1256,31,25316687.24962,30.0,0.075449
1257,2,21377895.560061,38.2,1.098401
1257,5,22383914.817231,34.7,0.585764
1257,6,23037439.885462,32.5,0.503249
1257,12,20074789.783567,42.4,1.532186
1257,24,23938405.865302,25.1,0.34891
1257,29,22814974.999348,39.9,0.524192
1257,31,25316232.81105,30.5,0.075528
1258,2,21378203.18995,37.6,1.098275
1258,5,22383416.596064,39.3,0.585869
1258,6,23038023.316042,35.6,0.50313
1258,12,20074822.206071,43.2,1.532134
1258,19,24827338.506542,20.2,0.141375
1258,24,23938997.096129,24.3,0.3488
1258,25,20820865.920628,31.6,1.006973
1258,29,22814534.643103,41.2,0.524282
1258,31,25315780.169852,30.3,0.075605
1259,2,21378511.7796,36.4,1.098149
1259,5,22382919.945417,39.3,0.585974
1259,6,23038606.519769,36.1,0.503012
1259,12,20074857.682364,43.1,1.532082
1259,19,24827886.024574,31.0,0.141288
1259,25,20820524.262815,31.6,1.00711
1259,29,22814094.653313,41.2,0.524372
1259,31,25315335.067148,31.9,0.075683
1260,2,21378823.161286,37.0,1.098024
1260,5,22382422.788714,40.1,0.586079
1260,6,23039193.405492,36.9,0.502894
1260,12,20074895.950691,44.4,1.53203
1260,19,24828435.148026,31.7,0.141202
1260,25,20820182.098945,32.1,1.007246
1260,29,22813654.750774,42.6,0.524462
1260,31,25314882.286348,30.4,0.075761
1261,2,21379137.509508,37.9,1.097897
1261,5,22381931.896639,39.7,0.586184
1261,6,23039782.978548,36.6,0.502774
1261,12,20074931.793438,44.2,1.531976
1261,19,24829005.525843,30.5,0.141115
1261,25,20819844.105678,31.0,1.007383
1261,29,22813215.720746,42.4,0.524552
1261,31,25314433.362047,32.9,0.075839
1262,2,21379451.438925,38.0,1.097771
1262,5,22381434.879537,37.8,0.586289
1262,6,23040372.412003,35.8,0.502656
1262,12,20074971.405433,43.9,1.531923
1262,19,24829567.07385,27.6,0.141028
1262,29,22812779.570004,41.7,0.524642
1262,31,25313984.01894,32.3,0.075916
1263,2,21379763.152165,38.9,1.097646
1263,5,22380945.243877,34.7,0.586393
1263,6,23040962.334064,37.3,0.502537
1263,12,20075009.412007,44.1,1.531868
1263,19,24830123.107588,30.4,0.140942
1263,29,22812340.295673,36.6,0.524732
1263,31,25313545.355366,32.0,0.075994
1264,2,21380082.107245,38.6,1.097519
1264,5,22380453.566542,34.6,0.586498
1264,6,23041556.496528,39.5,0.502418
1264,12,20075048.971651,44.5,1.531812
1264,19,24830682.805872,30.6,0.140854
1264,25,20818828.06675,29.6,1.007793
1264,29,22811901.68445,30.9,0.524823
1264,31,25313094.738394,33.7,0.076072
1265,2,21380397.275627,37.3,1.097392
1265,5,22379960.196536,35.8,0.586603
1265,6,23042149.577078,39.4,0.502299
1265,12,20075089.229303,44.6,1.531757
1265,19,24831256.097875,26.6,0.140767
1265,29,22811466.772673,30.9,0.524913
1265,31,25312649.63569,37.3,0.07615
1266,2,21380713.037317,36.1,1.097266
1266,5,22379473.108609,36.7,0.586707
1266,6,23042745.641616,39.2,0.502179
1266,12,20075127.968786,44.5,1.5317
1266,19,24831832.967173,24.3,0.140679
1266,24,23943898.984444,30.1,0.347925
1266,29,22811027.34129,34.3,0.525003
1266,31,25312207.516973,38.6,0.076228
1267,2,21381033.877021,35.1,1.097139
1267,5,22378977.92378,35.1,0.586813
1267,6,23043340.484638,39.6,0.50206
1267,12,20075169.413053,43.7,1.531643
1267,19,24832378.967036,24.4,0.140593
1267,24,23944518.711476,30.2,0.347817
1267,29,22810588.520664,37.9,0.525093
1267,31,25311764.490845,36.7,0.076305
1268,2,21381349.638711,35.8,1.097011
1268,5,22378483.035605,35.3,0.586918
1268,6,23043938.643202,39.4,0.50194
1268,12,20075208.449191,44.1,1.531585
1268,19,24832957.93036,24.9,0.140505
1268,24,23945120.464785,29.7,0.347709
1268,25,20817477.786351,28.6,1.008339
1268,29,22810151.497411,40.9,0.525184
1268,31,25311322.668782,37.4,0.076382
1269,2,21381667.651479,35.5,1.096884
1269,5,22377993.103291,37.9,0.587023
1269,6,23044537.255471,40.3,0.50182
1269,12,20075250.661267,44.1,1.531527
1269,19,24833521.467692,24.4,0.140417
1269,25,20817136.564794,35.2,1.008476
1269,29,22809713.427145,42.9,0.525274
1269,31,25310879.799706,36.2,0.076459
1270,2,21381987.723372,35.6,1.096757
1270,5,22377500.745398,38.7,0.587129
1270,6,23045131.365584,38.6,0.5017
1270,12,20075290.447764,44.3,1.531468
1270,19,24834077.798084,25.6,0.14033
1270,24,23946320.987415,30.9,0.347493
1270,25,20816802.497825,38.9,1.008612
1270,29,22809272.948749,42.5,0.525365
1270,31,25310436.93063,36.6,0.076537
1271,2,21382305.70124,35.7,1.096629
1271,5,22377008.090851,37.8,0.587234
1271,6,23045733.537698,35.1,0.50158
1271,12,20075331.106771,44.7,1.531408
1271,19,24834641.597169,24.1,0.140242
1271,24,23946939.946638,28.7,0.347384
1271,25,20816465.429419,41.2,1.008748
1271,29,22808836.937609,42.0,0.525455
1271,31,25310000.622836,37.2,0.076613
1272,2,21382629.681983,35.7,1.096501
1272,5,22376509.730082,37.7,0.58734
1272,6,23046330.928452,33.7,0.50146
1272,12,20075375.971281,44.8,1.531349
1272,24,23947538.820661,29.6,0.347277
1272,25,20816128.06436,42.0,1.008884
1272,29,22808403.334598,41.0,0.525545
1272,31,25309559.812886,37.0,0.07669
1273,2,21382950.923041,35.6,1.096372
1273,5,22376021.542791,36.5,0.587444
1273,6,23046938.771887,34.9,0.501338
1273,12,20075416.909492,44.3,1.531287
1273,24,23948157.169126,26.7,0.347169
1273,25,20815793.369184,42.4,1.00902
1273,29,22807962.507198,40.4,0.525636
1273,31,25309125.599118,36.0,0.076767
1274,2,21383272.18155,35.1,1.096245
1274,5,22375527.370075,35.7,0.58755
1274,6,23047543.038027,35.5,0.501218
1274,12,20075460.273283,44.0,1.531226
1274,19,24836370.460041,19.0,0.139978
1274,24,23948764.733357,25.9,0.347061
1274,25,20815460.47138,42.3,1.009156
1274,29,22807528.886737,39.8,0.525726
1274,31,25308682.084384,33.5,0.076844
1275,2,21383598.692574,34.9,1.096115
1275,5,22375032.743653,33.9,0.587657
1275,6,23048148.944487,35.0,0.501096
1275,12,20075503.462572,44.1,1.531164
1275,24,23949351.165375,25.6,0.346956
1275,25,20815130.732065,42.4,1.009292
1275,29,22807089.734557,39.3,0.525817
1275,31,25308249.214282,29.5,0.07692
1276,2,21383917.246299,35.4,1.095988
1276,5,22374542.758989,34.1,0.587761
1276,6,23048749.912536,35.0,0.500977
1276,12,20075545.918951,44.5,1.531103
1276,24,23949980.908832,20.3,0.346847
1276,25,20814795.443582,42.4,1.009428
1276,29,22806654.910032,39.7,0.525907
1276,31,25307809.294293,29.2,0.076997
1277,2,21384241.593496,35.6,1.095859
1277,5,22374047.155355,35.4,0.587867
1277,6,23049356.359953,36.7,0.500855
1277,12,20075592.650634,44.0,1.53104
1277,25,20814462.633029,41.7,1.009564
1277,29,22806217.782077,38.5,0.525998
1277,31,25307388.046037,27.8,0.077073
1278,2,21384566.883005,36.2,1.09573
1278,5,22373558.514358,36.0,0.587973
1278,6,23049964.046335,35.9,0.500734
1278,12,20075633.431793,43.9,1.530976
1278,19,24838667.659055,16.7,0.139626
1278,25,20814131.986303,39.9,1.0097
1278,29,22805780.706474,36.2,0.526089
1278,31,25306938.388826,30.7,0.07715
1279,2,21384890.916098,37.7,1.095601
1279,5,22373065.615507,33.6,0.588078
1279,6,23050573.49519,35.4,0.500612
1279,12,20075677.476143,43.9,1.530912
1279,19,24839218.946334,25.9,0.139537
1279,24,23951771.510575,19.0,0.346527
1279,25,20813797.081724,38.7,1.009835
1279,29,22805343.857723,32.0,0.526179
1280,2,21385216.659312,38.5,1.095471
1280,5,22372565.125812,30.3,0.588184
1280,6,23051179.227148,36.0,0.500491
1280,12,20075721.694995,44.0,1.530847
1280,19,24839804.593091,28.0,0.139448
1280,24,23952382.041343,23.7,0.346421
1280,25,20813463.276509,38.1,1.009971
1280,29,22804903.030322,30.6,0.52627
1281,2,21385540.866908,39.9,1.095342
1281,5,22372070.010784,30.5,0.588291
1281,6,23051786.163171,36.3,0.500369
1281,12,20075765.006435,44.4,1.530782
1281,19,24840369.543891,27.8,0.13936
1281,24,23952962.889291,21.9,0.346315
1281,25,20813129.13974,39.4,1.010107
1281,29,22804465.762766,32.3,0.526361
1282,2,21385866.43562,40.1,1.095213
1282,5,22371575.628666,29.9,0.588396
1282,6,23052391.720627,36.5,0.500248
1282,12,20075812.069672,44.1,1.530717
1282,19,24840954.126185,28.5,0.139272
1282,24,23953562.443872,21.1,0.346208
1282,25,20812800.55214,39.5,1.010243
1282,29,22804030.746288,32.9,0.526452
1283,2,21386192.143934,40.1,1.095083
1283,5,22371085.312448,29.9,0.588502
1283,6,23053008.23682,37.1,0.500125
1283,12,20075852.972983,43.2,1.53065
1283,19,24841524.172448,28.0,0.139183
1283,24,23954175.36532,19.6,0.346102
1283,25,20812467.93354,41.0,1.010377
1283,29,22803593.496182,34.5,0.526542
1283,31,25304784.159446,33.6,0.07753
1284,2,21386519.632171,39.7,1.094954
1284,5,22370591.366584,31.0,0.588608
1284,6,23053617.214519,37.5,0.500004
1284,12,20075902.252398,43.1,1.530584
1284,19,24842101.966607,26.6,0.139095
1284,24,23954755.864263,21.4,0.345996
1284,25,20812138.264026,41.7,1.010513
1284,29,22803162.1966,35.6,0.526633
1284,31,25304346.87444,30.9,0.077607
1285,2,21386845.619688,39.7,1.094825
1285,5,22370099.828851,31.1,0.588714
1285,6,23054226.523772,38.5,0.499883
1285,12,20075943.138258,43.2,1.530517
1285,19,24842677.404988,29.7,0.139006
1285,24,23955383.461344,24.7,0.345889
1285,25,20811807.722002,42.9,1.010649
1285,29,22802727.633828,35.6,0.526723
1285,31,25303914.388243,35.3,0.077683
1286,2,21387175.359003,40.1,1.094696
1286,5,22369608.134066,30.0,0.588821
1286,6,23054833.564496,38.9,0.499761
1286,12,20075992.871378,43.3,1.530451
1286,19,24843247.573402,30.3,0.138918
1286,24,23955978.513769,26.3,0.345783
1286,25,20811480.006912,43.6,1.010784
1286,29,22802289.005155,36.4,0.526813
1286,31,25303492.54668,31.7,0.077759
1287,2,21387503.405646,39.5,1.094566
1287,5,22369113.542544,29.8,0.588927
1287,6,23055445.508732,38.2,0.499639
1287,12,20076037.020429,42.6,1.530383
1287,19,24843828.944856,29.0,0.13883
1287,24,23956581.767796,25.9,0.345676
1287,25,20811150.302498,42.8,1.010918
1287,29,22801853.168517,34.9,0.526903
1287,31,25303080.704091,32.9,0.077834
1288,2,21387829.724718,39.7,1.094437
1288,5,22368621.1323,29.2,0.589032
1288,6,23056056.929461,38.7,0.499518
1288,12,20076081.221831,42.7,1.530314
1288,19,24844401.678453,28.8,0.138741
1288,24,23957189.593781,24.6,0.34557
1288,25,20810818.870513,42.8,1.011055
1288,29,22801421.310528,35.0,0.526995
1288,31,25302619.163282,25.0,0.07791
1289,2,21388155.869287,40.1,1.094308
1289,5,22368125.563567,29.2,0.589139
1289,6,23056663.690982,38.7,0.499396
1289,12,20076127.081003,42.9,1.530246
1289,19,24844974.865755,30.3,0.138653
1289,24,23957781.662218,24.8,0.345464
1289,25,20810487.281475,42.6,1.01119
1289,29,22800982.995959,35.1,0.527085
1289,31,25302215.330343,24.9,0.077986
1290,2,21388483.88103,40.0,1.094178
1290,5,22367642.628791,28.7,0.589244
1290,6,23057276.804382,39.1,0.499274
1290,12,20076175.069102,43.0,1.530176
1290,19,24845551.996806,31.4,0.138564
1290,24,23958376.784444,26.4,0.345358
1290,25,20810160.840252,42.9,1.011326
1290,29,22800544.437087,34.6,0.527176
1291,2,21388808.716833,39.6,1.094049
1291,5,22367140.935031,28.6,0.589351
1291,6,23057883.740406,38.8,0.499153
1291,12,20076219.00875,42.7,1.530108
1291,19,24846127.76674,29.8,0.138476
1291,24,23958978.031696,23.0,0.345252
1291,25,20809831.537193,42.3,1.011461
1291,29,22800111.09583,34.8,0.527266
1291,31,25301331.441914,26.1,0.078138
1292,2,21389136.205069,40.3,1.093919
1292,5,22366644.895141,29.4,0.589458
1292,6,23058493.049658,39.2,0.499031
1292,12,20076264.69342,43.3,1.530037
1292,19,24846700.482887,30.0,0.138388
1292,24,23959548.95047,22.0,0.345147
1292,25,20809500.384411,42.4,1.011596
1292,29,22799674.421581,35.5,0.527357
1293,2,21389460.150912,40.3,1.09379
1293,5,22366146.202819,30.1,0.589563
1293,6,23059103.87708,39.1,0.498909
1293,12,20076310.727094,43.2,1.529967
1293,19,24847273.251384,28.7,0.138299
1293,24,23960180.770504,22.9,0.34504
1293,25,20809167.783261,42.2,1.011732
1293,29,22799240.172912,35.7,0.527447
1294,2,21389785.824325,39.6,1.093661
1294,5,22365659.446445,30.3,0.589669
1294,6,23059713.465536,38.8,0.498788
1294,12,20076357.005072,43.1,1.529896
1294,19,24847846.857491,28.3,0.138211
1294,24,23960769.977106,23.9,0.344933
1294,25,20808837.817094,42.1,1.011867
1294,29,22798802.294599,34.2,0.527538
1294,31,25300037.909624,33.3,0.078366
1295,2,21390116.191848,39.6,1.093532
1295,5,22365166.582495,29.6,0.589775
1295,6,23060322.338534,38.3,0.498666
1295,12,20076400.770218,42.6,1.529825
1295,19,24848426.361772,28.4,0.138122
1295,24,23961374.958705,23.1,0.344827
1295,25,20808510.136905,41.6,1.012002
1295,29,22798367.592225,34.5,0.527628
1295,31,25299606.208687,35.1,0.078441
1296,2,21390443.418331,39.6,1.093402
1296,5,22364678.063649,30.5,0.58988
1296,6,23060933.462609,38.7,0.498545
1296,12,20076449.177122,42.8,1.529753
1296,19,24849000.910191,28.5,0.138033
1296,24,23961970.482285,22.7,0.344721
1296,25,20808176.907547,42.2,1.012139
1296,29,22797927.933989,35.5,0.52772
1296,31,25299173.164083,36.2,0.078518
1297,2,21390766.177558,39.9,1.093273
1297,5,22364176.40479,29.6,0.589986
1297,6,23061542.230905,39.1,0.498423
1297,12,20076492.837567,43.0,1.529681
1297,19,24849581.496385,27.7,0.137945
1297,24,23962570.263719,25.7,0.344615
1297,25,20807846.13867,42.8,1.012274
1297,29,22797492.533606,35.5,0.52781
1297,31,25298738.653662,34.7,0.078594
1298,2,21391094.869859,40.1,1.093143
1298,5,22363688.758455,29.4,0.590092
1298,6,23062155.71076,39.2,0.4983
1298,12,20076536.410761,43.3,1.529608
1298,19,24850155.102493,27.1,0.137856
1298,24,23963177.147392,23.3,0.344508
1298,25,20807514.968438,42.2,1.012409
1298,29,22797057.342626,34.6,0.527901
1299,2,21391420.194269,39.3,1.093014
1299,5,22363197.447575,28.7,0.590197
1299,6,23062763.15284,38.5,0.49818
1299,12,20076584.730413,42.7,1.529535
1299,19,24850732.565098,27.0,0.137768
1299,24,23963777.382532,22.5,0.344402
1299,25,20807184.042508,41.4,1.012546
1299,29,22796619.394511,32.7,0.527992
1300,2,21391748.363063,40.5,1.092885
1300,5,22362703.571512,29.5,0.590303
1300,6,23063366.511568,39.4,0.498058
1300,12,20076630.502335,43.4,1.529461
1300,19,24851305.054391,28.4,0.137679
1300,24,23964377.757273,24.5,0.344295
1300,25,20806852.36622,42.2,1.012682
1300,29,22796177.991253,34.6,0.528083
1301,2,21392074.193529,40.5,1.092755
1301,5,22362208.578636,29.5,0.590409
1301,6,23063980.165925,39.2,0.497936
1301,12,20076674.825888,43.4,1.529387
1301,19,24851895.011353,28.2,0.13759
1301,24,23964971.919737,25.3,0.34419
1301,25,20806522.871208,42.2,1.012817
1301,29,22795738.751823,35.1,0.528174
1302,2,21392402.06567,40.1,1.092625
1302,5,22361719.518833,29.9,0.590514
1302,6,23064589.841633,39.3,0.497814
1302,12,20076718.800436,43.1,1.529312
1302,19,24852454.919039,29.2,0.137501
1302,24,23965569.293041,25.8,0.344083
1302,25,20806187.600175,42.5,1.012953
1302,29,22795303.962197,35.2,0.528265
1302,31,25296572.26148,36.5,0.078974
1303,2,21392723.952387,40.0,1.092497
1303,5,22361225.974325,29.9,0.59062
1303,6,23065195.329288,38.9,0.497693
1303,12,20076764.572357,43.2,1.529238
1303,19,24853031.037978,29.7,0.137413
1303,24,23966167.591206,26.2,0.343977
1303,25,20805857.442055,42.2,1.013089
1303,29,22794863.169697,34.7,0.528355
1303,31,25296138.082612,35.6,0.07905
1304,2,21393051.876878,40.4,1.092367
1304,5,22360735.152051,30.2,0.590726
1304,6,23065805.057346,39.1,0.497571
1304,12,20076808.581807,43.4,1.529162
1304,19,24853611.083215,28.3,0.137325
1304,24,23966748.247201,25.9,0.343871
1304,25,20805527.004732,42.5,1.013224
1304,29,22794423.930266,35.1,0.528446
1304,31,25295709.609966,36.7,0.079125
1305,2,21393378.614755,39.9,1.092237
1305,5,22360239.269213,30.2,0.590832
1305,6,23066414.48875,38.8,0.497449
1305,12,20076855.016836,43.1,1.529086
1305,19,24854179.750911,29.2,0.137236
1305,24,23967353.490553,24.5,0.343765
1305,25,20805193.007565,42.1,1.01336
1305,29,22793982.300156,34.7,0.528537
1305,31,25295277.577475,35.8,0.079202
1306,2,21393700.047766,39.9,1.092108
1306,5,22359743.770281,30.0,0.590938
1306,6,23067021.023418,38.6,0.497328
1306,12,20076899.148437,43.2,1.529011
1306,19,24854754.508733,29.4,0.137148
1306,24,23967949.223537,26.0,0.343658
1306,25,20804860.895021,42.3,1.013495
1306,29,22793547.353479,35.6,0.528627
1306,31,25294850.431045,36.5,0.079277
1307,2,21394027.623253,39.7,1.091978
1307,5,22359249.318361,29.6,0.591044
1307,6,23067629.809165,38.3,0.497205
1307,12,20076940.435652,42.8,1.528934
1307,19,24855321.920013,28.8,0.137059
1307,24,23968546.020983,25.1,0.343553
1307,25,20804527.735464,42.0,1.013631
1307,29,22793104.466953,34.8,0.528718
1307,31,25294411.453368,34.7,0.079353
1308,2,21394350.591883,40.4,1.091849
1308,5,22358761.043818,29.6,0.591149
1308,6,23068231.894027,38.8,0.497084
1308,12,20076985.492114,43.2,1.528857
1308,19,24855891.320618,29.9,0.13697
1308,24,23969135.803443,25.0,0.343446
1308,25,20804193.24969,42.0,1.013767
1308,29,22792664.756366,35.8,0.52881
1308,31,25293972.946846,35.6,0.079429
1309,2,21394670.89063,40.2,1.09172
1309,5,22358262.909903,29.5,0.591254
1309,6,23068842.983202,39.1,0.496963
1309,12,20077026.377974,42.9,1.52878
1309,19,24856468.53892,29.1,0.136881
1309,24,23969750.208159,25.1,0.34334
1309,25,20803858.502163,42.6,1.013903
1309,29,22792224.784026,35.5,0.5289
1309,31,25293535.958494,36.3,0.079505
1310,2,21394996.476793,40.1,1.09159
1310,5,22357758.668411,30.0,0.59136
1310,6,23069448.872212,39.3,0.496841
1310,12,20077073.144558,43.0,1.528702
1310,19,24857041.447019,29.0,0.136793
1310,24,23970341.997393,25.0,0.343234
1310,25,20803525.133203,42.6,1.014038
1310,29,22791780.798136,35.2,0.528991
1310,31,25293104.257557,37.5,0.079581
1311,2,21395318.904466,39.9,1.09146
1311,5,22357263.570833,29.9,0.591466
1311,6,23070054.604171,38.6,0.496719
1311,12,20077114.379422,42.5,1.528624
1311,19,24857608.212641,29.0,0.136704
1311,24,23970920.751315,23.7,0.343128
1311,25,20803190.717231,42.5,1.014173
1311,29,22791338.766671,34.2,0.529082
1311,31,25292670.026339,37.4,0.079656
1312,2,21395640.128074,40.5,1.091331
1312,5,22356768.455805,29.8,0.591571
1312,6,23070657.038038,38.8,0.496597
1312,12,20077154.689425,43.1,1.528545
1312,19,24858185.448393,29.0,0.136616
1312,24,23971524.371797,22.4,0.343022
1312,25,20802853.893128,42.3,1.01431
1312,29,22790891.918945,34.4,0.529174
1312,31,25292222.567856,35.7,0.079733
1313,2,21395966.918302,40.3,1.091201
1313,5,22356274.701894,29.6,0.591676
1313,6,23071268.022511,39.2,0.496475
1313,12,20077200.269394,42.8,1.528466
1313,19,24858751.77776,29.3,0.136527
1313,24,23972127.27682,24.6,0.342916
1313,25,20802520.244965,42.4,1.014446
1313,29,22790453.639276,31.7,0.529265
1313,31,25291786.992971,36.3,0.079809
1314,2,21396288.892269,40.0,1.091072
1314,5,22355779.150611,30.1,0.591783
1314,6,23071872.707457,38.9,0.496353
1314,12,20077242.254618,43.3,1.528387
1314,19,24859321.387767,29.2,0.136438
1314,24,23972705.577035,25.4,0.34281
1314,25,20802186.282698,42.2,1.014581
1314,29,22790009.042629,33.9,0.529355
1314,31,25291358.590125,31.9,0.079885
1315,2,21396612.558908,40.0,1.090943
1315,5,22355283.494626,30.0,0.591888
1315,6,23072475.193674,39.0,0.496232
1315,12,20077283.210279,43.3,1.528307
1315,19,24859903.178027,28.4,0.13635
1315,24,23973310.750587,26.1,0.342703
1315,25,20801851.308318,42.4,1.014717
1315,29,22789571.234116,34.3,0.529446
1316,2,21396935.213434,40.2,1.090813
1316,5,22354788.606451,30.3,0.591993
1316,6,23073084.433126,39.1,0.49611
1316,12,20077326.451918,43.2,1.528227
1316,19,24860466.85496,28.7,0.136261
1316,24,23973914.004614,29.1,0.342597
1316,25,20801515.915133,42.1,1.014853
1316,29,22789126.113962,34.3,0.529537
1316,31,25290493.059325,28.0,0.080037
1317,2,21397255.913535,39.6,1.090683
1317,5,22354288.169107,29.8,0.592099
1317,6,23073687.547552,38.5,0.495989
1317,12,20077369.553956,42.6,1.528146
1317,19,24861038.192539,28.9,0.136172
1317,24,23974489.233591,26.2,0.342491
1317,25,20801177.677562,41.0,1.014989
1317,29,22788684.745604,32.9,0.529628
1317,31,25290049.300288,32.7,0.080112
1318,2,21397577.6781,39.6,1.090554
1318,5,22353790.017741,31.0,0.592205
1318,6,23074295.007081,38.1,0.495866
1318,12,20077411.015674,43.5,1.528065
1318,19,24861614.171876,28.7,0.136083
1318,24,23975092.208415,26.0,0.342385
1318,25,20800845.285815,42.4,1.015124
1318,29,22788236.048156,34.1,0.529719
1318,31,25289616.185884,37.0,0.080188
1319,2,21397899.617167,39.9,1.090424
1319,5,22353299.212917,31.7,0.59231
1319,6,23074898.156407,38.8,0.495745
1319,12,20077450.854521,43.2,1.527984
1319,19,24862177.447455,24.1,0.135995
1319,24,23975670.177077,26.0,0.342279
1319,25,20800508.583864,42.0,1.01526
1319,29,22787797.419482,33.5,0.52981
1319,31,25289171.850989,36.2,0.080264
1320,2,21398224.679823,40.4,1.090295
1320,5,22352794.447919,30.2,0.592416
1320,6,23075502.335296,39.0,0.495623
1320,12,20077496.207637,43.4,1.527903
1320,19,24862747.755471,28.9,0.135906
1320,24,23976271.947836,26.8,0.342174
1320,25,20800174.708848,42.1,1.015396
1320,29,22787352.613432,33.8,0.529901
1320,31,25288737.53252,36.3,0.08034
1321,2,21398548.241761,40.4,1.090166
1321,5,22352305.580069,30.2,0.592521
1321,6,23076105.606774,39.2,0.495502
1321,12,20077538.559315,43.6,1.52782
1321,19,24863322.844847,28.3,0.135818
1321,24,23976868.309027,26.9,0.342067
1321,25,20799841.130485,42.2,1.015532
1321,29,22786908.104036,34.2,0.529992
1321,31,25288298.729345,37.5,0.080416
1322,2,21398867.894849,40.1,1.090036
1322,5,22351802.891646,30.3,0.592627
1322,6,23076711.251481,38.7,0.49538
1322,12,20077578.502863,43.5,1.527738
1322,19,24863890.709832,28.9,0.135729
1322,24,23977460.482166,26.2,0.341962
1322,25,20799507.238019,42.1,1.015667
1322,29,22786462.983882,33.9,0.530083
1322,31,25287858.408001,36.7,0.080491
1323,2,21399190.374873,40.1,1.089907
1323,5,22351306.32825,30.0,0.592732
1323,6,23077317.332443,38.7,0.495258
1323,12,20077625.775503,43.1,1.527655
1323,19,24864458.417766,28.7,0.13564
1323,24,23978051.870045,26.3,0.341855
1323,25,20799169.262202,42.1,1.015803
1323,29,22786018.89329,34.8,0.530174
1323,31,25287424.508337,36.1,0.080567
1324,2,21399512.959598,39.8,1.089777
1324,5,22350809.590352,29.7,0.592839
1324,6,23077921.127427,38.4,0.495136
1324,12,20077664.165982,42.9,1.527573
1324,19,24865026.544505,28.6,0.135552
1324,24,23978635.579829,26.3,0.34175
1324,25,20798839.208784,42.2,1.015938
1324,29,22785571.016002,33.9,0.530264
1324,31,25286987.729386,33.9,0.080642
1325,2,21399835.212769,40.2,1.089647
1325,5,22350313.096757,29.8,0.592944
1325,6,23078527.278191,38.8,0.495015
1325,12,20077707.599574,43.3,1.527489
1325,19,24865589.820083,28.6,0.135463
1325,24,23979231.225561,28.0,0.341644
1325,25,20798500.70946,42.3,1.016074
1325,29,22785135.388766,34.3,0.530356
1325,31,25286550.880636,31.0,0.080718
1326,2,21400156.401477,40.2,1.089518
1326,5,22349811.071443,29.8,0.59305
1326,6,23079134.179313,38.7,0.494893
1326,12,20077748.485434,43.0,1.527405
1326,19,24866164.647706,28.7,0.135374
1326,24,23979834.235285,26.0,0.341538
1326,25,20798165.054522,42.0,1.016209
1326,29,22784690.024309,33.8,0.530446
1326,31,25286121.413327,29.2,0.080794
1327,2,21400480.242618,40.1,1.089389
1327,5,22349326.356744,28.8,0.593154
1327,6,23079737.712544,37.9,0.494772
1327,12,20077793.506996,42.8,1.527321
1327,19,24866740.888796,28.7,0.135286
1327,24,23980431.172334,25.8,0.341431
1327,25,20797831.441259,42.0,1.016346
1327,29,22784246.369973,33.8,0.530538
1327,31,25285684.669277,31.1,0.08087
1328,2,21400802.687741,40.3,1.089259
1328,5,22348823.179716,30.0,0.593261
1328,6,23080341.071273,36.3,0.49465
1328,12,20077832.665285,43.4,1.527237
1328,19,24867300.482379,27.9,0.135198
1328,24,23981026.730815,24.9,0.341325
1328,25,20797500.044174,42.4,1.01648
1328,29,22783804.652612,34.4,0.530628
1328,31,25285247.750725,37.1,0.080945
1329,2,21401129.390718,40.6,1.089129
1329,5,22348327.558632,29.8,0.593367
1329,6,23080945.983071,39.0,0.494528
1329,12,20077878.454656,43.4,1.527151
1329,19,24867883.511603,22.5,0.135109
1329,24,23981613.668889,24.9,0.34122
1329,25,20797165.104694,42.7,1.016617
1329,29,22783360.893575,35.0,0.530719
1329,31,25284806.382368,33.7,0.081021
1330,2,21401448.851854,40.1,1.089
1330,5,22347828.290452,29.7,0.593473
1330,6,23081554.140609,38.8,0.494406
1330,12,20077919.410317,43.5,1.527067
1330,19,24868437.398965,21.2,0.13502
1330,24,23982207.133344,23.0,0.341114
1330,25,20796831.31693,42.4,1.016751
1330,29,22782919.176213,34.2,0.530809
1330,31,25284377.857371,32.9,0.081096
1331,2,21401774.420566,39.7,1.088871
1331,5,22347337.520528,29.3,0.593578
1331,6,23082156.714078,38.2,0.494285
1331,12,20077967.084312,42.6,1.526981
1331,19,24869021.998709,23.8,0.134932
1331,24,23982790.825677,22.9,0.341007
1331,25,20796498.244624,42.6,1.016888
1331,29,22782478.785068,35.0,0.530901
1331,31,25283934.168135,33.0,0.081172
1332,2,21402097.493897,40.4,1.088742
1332,5,22346841.56789,31.2,0.593683
1332,6,23082763.091694,38.8,0.494164
1332,12,20078012.245476,43.4,1.526895
1332,19,24869584.593729,23.7,0.134843
1332,24,23983393.591098,25.2,0.340901
1332,25,20796163.566898,42.9,1.017024
1332,29,22782034.677026,35.0,0.530992
1332,31,25283500.547674,34.6,0.081248
1333,2,21402422.27735,40.6,1.088612
1333,5,22346355.998131,31.2,0.593788
1333,6,23083370.586124,39.0,0.494042
1333,12,20078057.022734,43.8,1.526809
1333,19,24870157.920633,28.3,0.134755
1333,24,23983987.59651,25.5,0.340794
1333,25,20795833.914834,43.0,1.017159
1333,29,22781595.00134,35.1,0.531083
1333,31,25283070.766262,31.7,0.081324
1334,2,21402750.446145,40.5,1.088482
1334,5,22345850.744527,30.4,0.593894
1334,6,23083979.057767,38.0,0.49392
1334,12,20078104.277924,43.3,1.526722
1334,19,24870740.897507,29.2,0.134666
1334,24,23984587.06384,22.9,0.340689
1334,25,20795503.42516,42.6,1.017295
1334,29,22781151.80071,34.7,0.531174
1334,31,25282640.740546,29.7,0.081399
1335,2,21403075.561151,39.9,1.088353
1335,5,22345363.429746,29.5,0.593999
1335,6,23084586.272993,37.0,0.493799
1335,12,20078151.777417,42.9,1.526634
1335,19,24871305.551653,28.3,0.134578
1335,24,23985188.590296,23.0,0.340583
1335,25,20795169.602495,41.9,1.017431
1335,29,22780710.345102,33.7,0.531265
1335,31,25282206.491877,27.4,0.081476
1336,2,21403396.906911,40.3,1.088224
1336,5,22344864.842125,29.8,0.594105
1336,6,23085195.407744,34.6,0.493677
1336,12,20078194.914355,43.1,1.526548
1336,19,24871871.532015,28.3,0.134489
1336,24,23985780.658733,23.8,0.340477
1336,25,20794836.495289,42.6,1.017566
1336,29,22780273.513801,34.3,0.531355
1336,31,25281789.15247,30.2,0.08155
1337,2,21403722.074268,40.0,1.088094
1337,5,22344373.374192,29.7,0.594211
1337,6,23085801.488707,33.5,0.493555
1337,12,20078237.981492,43.0,1.52646
1337,19,24872450.024183,24.2,0.1344
1337,24,23986356.149464,22.7,0.340371
1337,25,20794505.115654,42.2,1.017702
1337,29,22779831.499786,33.7,0.531446
1337,31,25281333.649436,36.5,0.081626
1338,2,21404046.072461,40.4,1.087964
1338,5,22343875.641632,30.1,0.594317
1338,6,23086409.995249,36.9,0.493433
1338,12,20078282.287595,43.3,1.526372
1338,19,24873017.749567,23.6,0.134312
1338,24,23986952.05695,24.5,0.340266
1338,25,20794173.177612,42.7,1.017837
1338,29,22779388.351506,33.9,0.531537
1338,31,25280897.393993,35.0,0.081701
1339,2,21404370.419658,40.1,1.087835
1339,5,22343391.136336,30.4,0.594421
1339,6,23087013.441229,38.7,0.493312
1339,12,20078328.408521,42.8,1.526283
1339,19,24873584.933994,21.4,0.134223
1339,24,23987548.924197,26.6,0.340159
1339,25,20793838.569687,43.2,1.017974
1339,29,22778942.515893,33.7,0.531629
1339,31,25280465.954809,32.6,0.081778
1340,2,21404698.832756,40.1,1.087705
1340,5,22342884.94042,30.2,0.594527
1340,6,23087621.860521,38.5,0.49319
1340,12,20078375.925464,42.8,1.526194
1340,24,23988149.839895,26.3,0.340054
1340,25,20793508.045113,43.3,1.018109
1340,29,22778497.46554,33.8,0.53172
1340,31,25280021.20111,29.6,0.081853
1341,2,21405021.033577,40.4,1.087576
1341,5,22342397.102133,30.9,0.594632
1341,6,23088224.974946,38.5,0.493069
1341,12,20078419.917462,43.0,1.526105
1341,24,23988743.060047,26.8,0.339947
1341,25,20793173.105633,43.8,1.018245
1341,29,22778057.597901,35.2,0.531811
1341,31,25279595.119143,33.0,0.081929
1342,2,21405343.949856,39.8,1.087446
1342,5,22341894.989568,31.9,0.594738
1342,6,23088832.696229,38.6,0.492946
1342,12,20078462.827548,42.5,1.526015
1342,19,24875301.337411,17.8,0.133957
1342,24,23989342.684429,24.4,0.339842
1342,25,20792839.47492,44.1,1.01838
1342,29,22777608.254794,36.9,0.531902
1342,31,25279160.765773,34.5,0.082004
1343,2,21405668.83801,40.2,1.087317
1343,5,22341406.837177,33.3,0.594842
1343,6,23089437.887231,38.7,0.492825
1343,12,20078510.100188,42.5,1.525925
1343,19,24875880.457787,25.9,0.133868
1343,24,23989945.467301,21.1,0.339735
1343,25,20792504.517991,44.2,1.018517
1343,29,22777165.961576,38.4,0.531994
1343,31,25278719.973273,32.6,0.082081
1344,2,21405992.085843,40.3,1.087188
1344,5,22340914.043028,33.8,0.594948
1344,6,23090042.031219,39.5,0.492704
1344,12,20078556.046611,42.5,1.525835
1344,19,24876440.83663,23.4,0.13378
1344,24,23990513.053083,23.3,0.339629
1344,25,20792171.515486,44.4,1.018653
1344,29,22776726.844296,39.6,0.532084
1344,31,25278289.249549,30.1,0.082156
1345,2,21406313.710806,40.1,1.087059
1345,5,22340424.128165,32.5,0.595052
1345,6,23090646.36716,39.8,0.492583
1345,12,20078597.962034,42.6,1.525745
1345,19,24877030.479487,20.8,0.133691
1345,25,20791837.500868,44.6,1.018789
1345,29,22776284.289324,39.8,0.532175
1345,31,25277852.697452,30.4,0.082232
1346,2,21406635.527722,39.0,1.086929
1346,5,22339919.118863,30.2,0.595158
1346,6,23091250.580949,39.2,0.492461
1346,12,20078640.069409,42.4,1.525654
1346,25,20791501.270072,44.3,1.018925
1346,29,22775834.143508,39.6,0.532267
1346,31,25277408.53706,25.9,0.082307
1347,2,21406957.763443,38.2,1.0868
1347,5,22339429.22145,28.3,0.595263
1347,6,23091849.228119,38.0,0.49234
1347,12,20078682.002283,42.2,1.525563
1347,24,23992325.345446,20.8,0.33931
1347,25,20791165.772186,43.8,1.019061
1347,29,22775390.122717,39.2,0.532358
1347,31,25276969.611733,31.3,0.082384
1348,2,21407276.229916,37.6,1.086672
1348,5,22338931.070085,25.1,0.595368
1348,6,23092453.110354,37.1,0.492219
1348,12,20078725.575476,42.2,1.525471
1348,19,24878694.811454,15.0,0.133426
1348,24,23992907.345108,26.9,0.339203
1348,25,20790829.785694,43.0,1.019197
1348,29,22774944.72336,39.0,0.532449
1348,31,25276521.507591,34.5,0.08246
1349,2,21407596.930018,37.3,1.086543
1349,5,22338437.211472,25.0,0.595472
1349,6,23093051.408519,37.5,0.492098
1349,12,20078769.846679,42.8,1.525379
1349,24,23993496.935615,28.6,0.339096
1349,25,20790490.937366,42.1,1.019334
1349,29,22774496.74137,39.2,0.53254
1349,31,25276083.733979,36.6,0.082536
1350,2,21407908.957361,36.6,1.086415
1350,5,22337940.997081,28.4,0.595577
1350,6,23093650.94565,36.9,0.491978
1350,12,20078812.669513,42.6,1.525287
1350,19,24879853.977068,20.0,0.13325
1350,24,23994094.675374,27.7,0.338989
1350,25,20790155.107925,40.3,1.01947
1350,29,22774049.684241,39.4,0.532631
1350,31,25275636.676851,35.5,0.082613
1351,2,21408232.781052,35.8,1.086286
1351,5,22337445.794802,29.7,0.595682
1351,6,23094249.976725,35.8,0.491856
1351,12,20078854.689637,42.4,1.525195
1351,19,24880403.850879,24.2,0.133161
1351,24,23994692.205729,24.3,0.338883
1351,25,20789818.196571,38.0,1.019606
1351,29,22773602.749265,39.2,0.532722
1351,31,25275196.931364,36.8,0.082688
1352,2,21408547.652781,35.2,1.086158
1352,5,22336960.81835,32.8,0.595786
1352,6,23094844.26134,34.8,0.491736
1352,12,20078894.353982,42.2,1.525102
1352,19,24880978.643601,22.9,0.133073
1352,24,23995286.193691,25.0,0.338775
1352,25,20789478.022027,37.1,1.019743
1352,29,22773154.959227,40.1,0.532814
1352,31,25274755.440855,36.8,0.082765
1353,2,21408870.900614,34.0,1.086028
1353,5,22336464.132803,34.4,0.59589
1353,6,23095448.405328,32.7,0.491614
1353,12,20078936.391557,42.1,1.525008
1353,19,24881557.606926,18.7,0.132984
1353,24,23995854.372781,19.5,0.338669
1353,25,20789135.125248,34.8,1.01988
1353,29,22772704.132852,40.3,0.532906
1353,31,25274313.008034,37.2,0.082841
1354,2,21409182.404451,33.9,1.085902
1354,5,22335966.504943,35.3,0.595995
1354,6,23096033.912484,30.3,0.491496
1354,12,20078977.783473,42.2,1.524915
1354,19,24882106.538425,21.8,0.132897
1354,24,23996492.038637,22.7,0.338561
1354,25,20788795.177556,32.3,1.020016
1354,29,22772257.162975,41.3,0.532996
1354,31,25273862.146759,36.0,0.082918
1355,2,21409496.630522,33.5,1.085773
1355,5,22335475.78737,35.6,0.596099
1355,6,23096634.147624,33.3,0.491375
1355,12,20079018.599533,42.4,1.524821
1355,19,24882671.401973,25.4,0.132808
1355,24,23997079.69217,25.5,0.338453
1355,25,20788460.063575,30.3,1.020153
1355,29,22771808.430626,42.0,0.533088
1355,31,25273418.806527,37.4,0.082995
1356,2,21409820.646165,33.9,1.085645
1356,5,22334980.166286,35.9,0.596204
1356,6,23097223.773031,35.5,0.491254
1356,12,20079058.700133,42.8,1.524727
1356,19,24883228.95388,27.1,0.13272
1356,24,23997666.019486,27.6,0.338347
1356,25,20788122.436762,27.6,1.02029
1356,29,22771358.075406,42.3,0.533179
1356,31,25272980.439607,29.0,0.083071
1357,2,21410130.788885,33.9,1.085517
1357,5,22334485.365362,37.0,0.596308
1357,6,23097820.221473,36.3,0.491134
1357,12,20079100.545755,42.9,1.524633
1357,19,24883798.424286,28.7,0.132632
1357,24,23998264.858608,27.6,0.338239
1357,29,22770907.94704,42.5,0.53327
1358,2,21410442.571925,34.0,1.085389
1358,5,22333988.016706,37.8,0.596412
1358,6,23098414.104734,36.8,0.491014
1358,12,20079142.216875,42.6,1.524538
1358,19,24884359.919942,29.4,0.132544
1358,24,23998864.151436,24.5,0.338131
1358,25,20787429.471166,27.8,1.020563
1358,29,22770460.052301,42.3,0.533361
1359,2,21410758.630269,35.2,1.085262
1359,5,22333498.817302,38.2,0.596516
1359,6,23099004.4805,36.3,0.490894
1359,12,20079180.659705,42.4,1.524443
1359,19,24884919.11217,27.8,0.132456
1359,24,23999461.995896,29.0,0.338023
1359,25,20787103.972254,28.7,1.0207
1359,29,22770011.023298,40.4,0.533452
1360,2,21411074.095305,36.0,1.085134
1360,5,22332999.758525,37.4,0.59662
1360,6,23099599.655077,35.5,0.490774
1360,12,20079220.917357,42.3,1.524348
1360,19,24885476.210371,28.4,0.132369
1360,24,24000060.468563,30.5,0.337916
1360,25,20786761.686233,28.5,1.020836
1360,29,22769562.029196,38.7,0.533543
1361,2,21411389.612692,37.1,1.085007
1361,5,22332507.644935,36.7,0.596724
1361,6,23100185.581038,38.9,0.490655
1361,12,20079261.524014,42.5,1.524253
1361,19,24886028.265459,26.3,0.132281
1361,24,24000647.912693,28.4,0.337808
1361,25,20786417.969294,29.0,1.020974
1361,29,22769108.585288,36.1,0.533635
1362,2,21411703.123304,37.5,1.08488
1362,5,22332017.101864,35.9,0.596828
1362,6,23100779.394497,39.9,0.490535
1362,12,20079303.71864,42.3,1.524157
1362,19,24886592.413549,28.2,0.132193
1362,24,24001254.011106,23.0,0.337699
1362,29,22768665.419558,33.3,0.533726
1363,2,21412018.448739,38.5,1.084753
1363,5,22331522.998948,36.6,0.596932
1363,6,23101368.444047,40.6,0.490416
1363,12,20079345.040756,43.0,1.524062
1363,19,24887155.375023,26.9,0.132106
1363,24,24001871.242758,24.0,0.337591
1363,29,22768222.882036,33.1,0.533816
1363,31,25269840.74408,26.5,0.083607
1364,2,21412332.988913,38.9,1.084626
1364,5,22331032.281375,36.5,0.597036
1364,6,23101960.582286,40.4,0.490297
1364,12,20079388.875703,43.0,1.523965
1364,19,24887711.234259,24.3,0.132019
1364,24,24002455.580749,21.9,0.337483
1364,29,22767775.929609,32.6,0.533908
1364,31,25269388.102883,39.8,0.083685
1365,2,21412646.412274,39.4,1.0845
1365,5,22330542.872569,36.6,0.597139
1365,6,23102548.916377,41.2,0.490178
1365,12,20079431.873039,42.8,1.523869
1365,19,24888319.060243,23.9,0.131931
1365,29,22767325.783792,32.0,0.533999
1365,31,25268944.553248,38.8,0.083762
1366,2,21412965.80361,39.4,1.084372
1366,5,22330053.411411,35.9,0.597243
1366,6,23103144.108404,41.9,0.490058
1366,12,20079476.353644,42.4,1.523771
1366,19,24888823.72054,25.3,0.131843
1366,29,22766878.604512,31.5,0.534091
1366,31,25268486.868937,34.2,0.083839
1367,2,21413277.900754,39.6,1.084246
1367,5,22329565.363722,35.5,0.597347
1367,6,23103730.819624,37.2,0.489939
1367,12,20079517.152253,42.7,1.523674
1367,19,24889389.735803,27.0,0.131756
1367,29,22766428.336544,33.2,0.534181
1367,31,25268055.185451,25.3,0.083916
1368,2,21413590.887859,39.4,1.08412
1368,5,22329069.812438,34.8,0.597451
1368,6,23104320.218179,41.3,0.489821
1368,12,20079563.604733,43.1,1.523577
1368,19,24889955.751066,20.5,0.131669
1368,25,20784034.810508,29.7,1.021933
1368,29,22765986.44468,34.6,0.534272
1368,31,25267595.616516,30.9,0.083993
1369,2,21413904.503172,37.9,1.083993
1369,5,22328581.485545,32.3,0.597554
1369,6,23104909.948287,39.7,0.489701
1369,12,20079605.0141,42.3,1.523479
1369,25,20783701.179795,31.8,1.022071
1369,29,22765535.286751,36.2,0.534363
1369,31,25267160.355735,26.2,0.08407
1370,2,21414219.462152,39.6,1.083867
1370,5,22328090.907574,34.7,0.597659
1370,6,23105498.317279,41.6,0.489583
1370,12,20079648.063787,43.7,1.523382
1370,24,24006088.942935,18.1,0.33683
1370,25,20783364.093939,32.2,1.022207
1370,29,22765093.569389,37.9,0.534454
1370,31,25266724.030491,24.2,0.084146
1371,2,21414532.431808,39.1,1.083741
1371,5,22327601.324265,34.5,0.597762
1371,6,23106087.680933,41.2,0.489464
1371,12,20079695.109574,43.2,1.523284
1371,25,20783022.907281,30.8,1.022345
1371,29,22764645.6572,36.3,0.534545
1372,2,21414848.263298,38.0,1.083614
1372,5,22327112.212112,34.4,0.597865
1372,6,23106677.829847,39.7,0.489345
1372,12,20079736.344439,41.3,1.523184
1372,19,24892154.775155,17.4,0.13132
1372,25,20782681.912577,28.6,1.022483
1372,29,22764194.028115,27.3,0.534637
1372,31,25265802.30999,25.2,0.084302
1373,2,21415158.789923,26.4,1.083488
1373,12,20079777.963208,31.3,1.523086
1373,25,20782348.78792,26.7,1.022619
1373,29,22763752.991312,33.5,0.534727
1373,31,25265361.255736,31.4,0.084378
1374,2,21415476.593289,39.1,1.083362
1374,5,22326134.563663,30.5,0.598073
1374,6,23107853.590617,37.5,0.489109
1374,12,20079827.748679,43.0,1.522988
1374,24,24008545.253034,19.3,0.336395
1374,29,22763309.616179,36.9,0.534818
1374,31,25264919.677977,31.1,0.084455
1375,2,21415791.569719,39.1,1.083236
1375,5,22325642.188319,34.7,0.598177
1375,6,23108442.570367,40.0,0.488989
1375,12,20079869.315098,43.6,1.522888
1375,19,24893868.857692,19.3,0.13106
1375,24,24009127.636601,22.1,0.336286
1375,25,20781667.862974,31.8,1.022893
1375,29,22762864.618177,37.5,0.534909
1375,31,25264462.098367,31.8,0.084532
1376,2,21416104.417222,39.7,1.08311
1376,5,22325153.39027,34.9,0.59828
1376,6,23109029.421189,39.2,0.488871
1376,12,20079912.940642,44.0,1.522789
1376,19,24894416.428075,23.7,0.130972
1376,25,20781335.558477,31.1,1.02303
1376,29,22762415.973079,37.5,0.535
1376,31,25264020.956863,27.4,0.084609
1377,2,21416422.238038,39.5,1.082983
1377,5,22324661.468632,34.5,0.598384
1377,6,23109618.261337,41.3,0.488752
1377,12,20079957.351446,43.9,1.522689
1377,19,24894978.272735,23.9,0.130886
1377,25,20780996.221543,31.6,1.023167
1377,29,22761974.133566,37.8,0.53509
1377,31,25263576.395115,24.9,0.084686
1378,2,21416737.406421,39.9,1.082857
1378,5,22324175.288115,35.0,0.598488
1378,6,23110210.137822,41.1,0.488633
1378,12,20080005.095242,43.7,1.522589
1378,19,24895522.492676,29.8,0.130798
1378,25,20780655.750345,31.8,1.023304
1378,29,22761527.826797,38.2,0.535182
1379,2,21417053.360063,39.5,1.082731
1379,5,22323691.411028,34.8,0.59859
1379,6,23110795.610077,40.8,0.488515
1379,12,20080048.546284,44.3,1.522487
1379,19,24896088.769692,30.7,0.130711
1379,25,20780319.973255,30.5,1.023443
1379,29,22761077.820582,37.5,0.535274
1380,2,21417364.689398,39.0,1.082605
1380,5,22323200.187398,34.8,0.598695
1380,6,23111387.538913,41.1,0.488396
1380,12,20080092.154378,44.1,1.522387
1380,19,24896637.230036,31.4,0.130624
1380,25,20779988.227165,30.2,1.023579
1380,29,22760635.457562,37.0,0.535364
1381,2,21417677.310049,39.8,1.082478
1381,5,22322708.754366,35.4,0.598798
1381,6,23111975.366948,41.3,0.488277
1381,12,20080136.757135,44.1,1.522286
1381,19,24897198.673341,31.4,0.130537
1381,25,20779645.801543,29.7,1.023717
1381,29,22760184.212381,37.7,0.535455
1382,2,21417995.916124,40.1,1.082351
1382,5,22322224.231621,35.2,0.598901
1382,6,23112567.383035,41.2,0.488158
1382,12,20080181.656545,44.3,1.522184
1382,19,24897757.429313,29.4,0.130449
1382,25,20779308.471384,30.4,1.023854
1382,29,22759734.747123,37.4,0.535547
1383,2,21418311.468411,38.9,1.082225
1383,5,22321733.950303,34.3,0.599005
1383,6,23113155.752027,40.6,0.48804
1383,12,20080226.206951,43.2,1.522083
1383,19,24898314.614766,28.2,0.130362
1383,25,20778974.962822,29.5,1.023991
1383,29,22759293.326415,36.9,0.535637
1384,2,21418622.064837,38.6,1.082099
1384,5,22321243.197829,34.6,0.599109
1384,6,23113744.26062,40.2,0.487921
1384,12,20080270.286201,43.6,1.521981
1384,19,24898869.252486,28.5,0.130275
1384,25,20778635.329234,29.7,1.024128
1384,29,22758844.559166,37.1,0.535729
1385,2,21418937.721826,39.1,1.081973
1385,5,22320754.504482,34.4,0.599212
1385,6,23114330.622836,40.1,0.487803
1385,12,20080315.517165,43.6,1.521879
1385,19,24899434.918744,30.3,0.130188
1385,25,20778292.031101,30.8,1.024265
1385,29,22758400.520925,37.5,0.535819
1386,2,21419249.469966,39.7,1.081846
1386,5,22320265.51448,34.3,0.599315
1386,6,23114919.375733,40.7,0.487684
1386,12,20080360.451476,44.0,1.521776
1386,19,24899986.502677,30.9,0.130101
1386,25,20777952.327712,30.4,1.024403
1386,29,22757948.996541,37.8,0.535911
1386,31,25259535.395843,32.7,0.085379
1387,2,21419563.364482,38.9,1.081721
1387,5,22319772.371327,34.2,0.599419
1387,6,23115506.697711,40.6,0.487566
1387,12,20080405.752241,43.2,1.521674
1387,19,24900539.343025,29.2,0.130014
1387,25,20777615.678111,30.3,1.024539
1387,29,22757508.326192,37.8,0.536001
1387,31,25259085.721182,33.8,0.085456
1388,2,21419879.213423,38.9,1.081595
1388,5,22319282.369213,34.3,0.599522
1388,6,23116096.532521,40.8,0.487447
1388,12,20080448.173721,43.1,1.521571
1388,19,24901104.014621,30.3,0.129927
1388,24,24017144.057228,22.0,0.33487
1388,25,20777280.075524,30.6,1.024677
1388,29,22757062.699982,38.0,0.536092
1388,31,25258641.892344,34.4,0.085533
1389,2,21420193.334793,39.7,1.081468
1389,5,22318791.546938,34.8,0.599627
1389,6,23116683.191391,40.5,0.487328
1389,12,20080492.497274,44.1,1.521468
1389,19,24901660.676567,31.6,0.12984
1389,25,20776943.652776,31.4,1.024813
1389,29,22756612.362213,38.3,0.536183
1389,31,25258194.852666,35.7,0.085609
1390,2,21420503.617115,39.3,1.081343
1390,5,22318302.295184,34.2,0.599729
1390,6,23117301.662008,23.6,0.487211
1390,12,20080538.059792,44.3,1.521365
1390,19,24902207.793244,30.8,0.129754
1390,24,24018290.711036,23.7,0.334652
1390,25,20776609.987163,29.9,1.024951
1390,29,22756166.858154,37.6,0.536274
1390,31,25257748.161992,33.5,0.085687
1391,2,21420818.19219,38.9,1.081213
1391,5,22317813.723987,34.3,0.59983
1391,6,23117874.343254,25.0,0.487088
1391,12,20080582.522947,44.2,1.521257
1391,19,24902913.288097,25.2,0.129662
1391,24,24018865.207104,23.4,0.334544
1391,25,20776262.902332,30.1,1.02509
1391,29,22755719.661424,37.3,0.536367
1391,31,25257297.353067,34.2,0.085764
1392,2,21421134.180733,38.8,1.081089
1392,5,22317321.453345,34.7,0.599935
1392,6,23118445.45398,39.7,0.486972
1392,12,20080624.490721,44.2,1.521156
1392,19,24903454.419349,24.3,0.129578
1392,24,24019486.365055,20.5,0.334435
1392,25,20775928.643411,28.3,1.025226
1392,29,22755272.97075,36.6,0.536457
1392,31,25256852.756419,33.7,0.08584
1393,2,21421447.900747,39.1,1.080962
1393,5,22316828.135689,34.8,0.600042
1393,6,23119034.678032,40.0,0.486853
1393,12,20080667.802161,44.3,1.521053
1393,29,22754827.309639,37.7,0.536547
1393,31,25256399.312511,33.6,0.085916
1394,2,21421760.887853,39.8,1.080837
1394,5,22316338.569831,35.2,0.600145
1394,6,23119620.778496,40.6,0.486735
1394,12,20080713.975437,44.8,1.520949
1394,24,24020656.297453,17.3,0.334219
1394,25,20775259.951067,30.1,1.025498
1394,29,22754379.432351,37.6,0.536638
1394,31,25255955.919929,36.5,0.085993
1395,2,21422077.871058,39.4,1.08071
1395,5,22315850.626842,35.4,0.600249
1395,6,23120211.468366,41.2,0.486616
1395,12,20080762.940748,44.6,1.520844
1395,25,20774911.993725,29.9,1.025635
1395,29,22753935.551162,37.4,0.536729
1395,31,25255512.928701,31.9,0.086069
1396,2,21422391.678323,38.6,1.080584
1396,5,22315362.195248,34.0,0.600353
1396,6,23120801.093773,39.6,0.486497
1396,12,20080805.449479,43.6,1.52074
1396,24,24021877.690543,16.7,0.334001
1396,25,20774583.947082,28.7,1.025771
1396,29,22753491.478021,36.5,0.536819
1396,31,25255079.360591,29.2,0.086145
1397,2,21422701.210286,38.7,1.080459
1397,5,22314873.973056,34.8,0.600456
1397,6,23121386.426427,40.4,0.48638
1397,12,20080851.151599,43.7,1.520635
1397,19,24906087.814258,16.0,0.129145
1397,25,20774248.327044,29.7,1.025909
1397,29,22753048.22504,37.2,0.53691
1397,31,25254619.320501,31.7,0.086223
1398,2,21423019.886162,39.7,1.080332
1398,5,22314381.109106,34.8,0.60056
1398,6,23121977.919007,41.1,0.48626
1398,12,20080897.918182,44.6,1.520529
1398,19,24906656.813508,31.1,0.129057
1398,25,20773906.861184,31.0,1.026045
1398,29,22752601.237713,37.7,0.537001
1398,31,25254173.240585,33.5,0.086299
1399,2,21423336.555263,39.4,1.080205
1399,5,22313890.443884,34.9,0.600664
1399,6,23122566.497402,41.0,0.486141
1399,12,20080945.976082,44.1,1.520424
1399,19,24907214.522466,22.7,0.12897
1399,25,20773575.376847,30.6,1.026182
1399,29,22752152.22616,37.5,0.537092
1399,31,25253732.622587,32.4,0.086375
1400,2,21423652.87536,39.4,1.08008
1400,5,22313401.802886,34.6,0.600768
1400,6,23123153.226073,40.8,0.486024
1400,12,20080993.07422,44.1,1.520318
1400,25,20773238.15139,30.2,1.026319
1400,29,22751711.573262,37.5,0.537182
1400,31,25253287.467533,32.1,0.086452
1401,2,21423970.451873,39.7,1.079953
1401,5,22312913.859898,34.6,0.600872
1401,6,23123743.322636,41.1,0.485905
1401,12,20081039.945505,44.2,1.520212
1401,19,24908340.375615,18.2,0.128797
1401,25,20772907.277811,31.2,1.026456
1401,29,22751266.488008,37.8,0.537273
1401,31,25252846.291128,32.6,0.086528
1402,2,21424281.885909,39.9,1.079827
1402,5,22312424.538342,34.9,0.600976
1402,6,23124336.263584,40.8,0.485786
1402,12,20081086.956391,44.4,1.520106
1402,19,24908889.551417,25.4,0.12871
1402,25,20772576.561284,31.6,1.026592
1402,29,22750827.545231,37.9,0.537363
1402,31,25252395.935908,33.9,0.086605
1403,2,21424604.889439,39.7,1.0797
1403,5,22311938.392726,34.8,0.601079
1403,6,23124926.377598,40.7,0.485667
1403,12,20081134.752538,44.1,1.519999
1403,19,24909441.885709,22.8,0.128623
1403,25,20772237.311601,30.7,1.02673
1403,29,22750378.568579,37.6,0.537455
1403,31,25251952.979581,33.5,0.086681
1404,2,21424920.825631,40.0,1.079574
1404,5,22311448.18121,35.0,0.601183
1404,6,23125516.317109,41.0,0.485549
1404,12,20081183.8749,44.1,1.519893
1404,19,24910000.345027,27.2,0.128536
1404,25,20771902.092919,31.7,1.026866
1404,29,22749937.531776,37.9,0.537546
1404,31,25251508.92389,33.6,0.086758
1405,2,21425237.110828,39.7,1.079448
1405,5,22310968.230421,35.1,0.601286
1405,6,23126109.031205,40.9,0.48543
1405,12,20081232.75296,44.3,1.519785
1405,19,24910573.270576,24.6,0.128449
1405,25,20771576.83831,30.9,1.027004
1405,29,22749493.249232,37.6,0.537637
1405,31,25251065.845412,32.0,0.086835
1406,2,21425553.622877,39.8,1.079322
1406,5,22310481.002891,34.8,0.601389
1406,6,23126701.047292,41.1,0.485311
1406,12,20081279.746397,44.3,1.519678
1406,19,24911123.912197,29.3,0.128361
1406,25,20771239.194047,31.8,1.027141
1406,29,22749049.193541,37.7,0.537728
1406,31,25250619.992348,32.8,0.086911
1407,2,21425869.55907,39.7,1.079196
1407,5,22309989.290656,34.7,0.601494
1407,6,23127289.486084,40.6,0.485193
1407,12,20081330.352028,43.9,1.519571
1407,19,24911670.086562,29.4,0.128275
1407,25,20770897.082528,31.2,1.027277
1407,29,22748608.435942,37.8,0.537818
1407,31,25250183.736905,33.6,0.086987
1408,2,21426186.350322,38.7,1.07907
1408,5,22309500.841611,33.4,0.601597
1408,6,23127878.797387,40.0,0.485075
1408,12,20081377.642118,43.4,1.519464
1408,19,24912237.497842,30.4,0.128188
1408,25,20770567.221062,30.0,1.027414
1408,29,22748164.362801,36.4,0.537909
1408,31,25249738.756353,31.4,0.087064
1409,2,21426498.255514,39.6,1.078944
1409,5,22309010.804597,34.9,0.601701
1409,6,23128465.613309,41.0,0.484957
1409,12,20081426.031572,44.2,1.519356
1409,19,24912790.739545,32.0,0.128102
1409,25,20770228.878791,31.0,1.02755
1409,29,22747721.999781,37.5,0.537999
1409,31,25249289.797151,32.2,0.08714
1410,2,21426818.100555,39.6,1.078817
1410,5,22308526.910059,34.7,0.601804
1410,6,23129057.664297,40.7,0.484838
1410,12,20081474.263974,44.4,1.519247
1410,19,24913352.514405,30.0,0.128014
1410,25,20769902.071113,31.8,1.027688
1410,29,22747271.365358,38.2,0.538091
1410,31,25248852.355092,32.8,0.087217
1411,2,21427137.596592,39.5,1.078692
1411,5,22308040.55504,34.3,0.601908
1411,6,23129647.272254,40.0,0.484719
1411,12,20081522.129921,44.0,1.519139
1411,19,24913913.346953,30.6,0.127928
1411,25,20769572.506301,31.5,1.027824
1411,29,22746831.183615,37.3,0.538182
1411,31,25248405.577168,32.6,0.087293
1412,2,21427453.934139,39.7,1.078565
1412,5,22307553.763766,34.5,0.602012
1412,6,23130244.523406,40.9,0.4846
1412,12,20081574.079219,43.9,1.51903
1412,19,24914470.13105,30.6,0.12784
1412,25,20769235.909051,31.6,1.027962
1412,29,22746388.454141,37.5,0.538273
1412,31,25247955.36155,32.8,0.08737
1413,2,21427774.337587,39.8,1.078439
1413,5,22307066.501336,34.8,0.602116
1413,6,23130832.333991,40.8,0.484482
1413,12,20081626.447323,44.2,1.518921
1413,19,24915024.053312,31.4,0.127754
1413,25,20768900.952121,31.4,1.028098
1413,29,22745947.085784,37.6,0.538363
1413,31,25247518.477899,33.0,0.087446
1414,2,21428092.856411,39.6,1.078313
1414,5,22306582.484647,34.8,0.602219
1414,6,23131427.264264,40.6,0.484363
1414,12,20081675.464984,44.2,1.518812
1414,19,24915598.898385,30.6,0.127667
1414,25,20768572.521573,32.0,1.028235
1414,29,22745506.81679,38.1,0.538454
1414,31,25247083.618472,33.7,0.087522
1415,2,21428413.399461,39.6,1.078187
1415,5,22306101.992901,34.6,0.602322
1415,6,23132021.810633,40.9,0.484245
1415,12,20081729.787512,44.1,1.518703
1415,19,24916149.993711,29.7,0.12758
1415,25,20768239.536518,30.9,1.028372
1415,29,22745067.402857,37.4,0.538545
1415,31,25246640.592344,32.8,0.087599
1416,2,21428734.902273,39.5,1.07806
1416,5,22305616.440593,34.6,0.602426
1416,6,23132613.425365,40.5,0.484127
1416,12,20081782.679122,44.3,1.518593
1416,19,24916719.115113,29.7,0.127493
1416,25,20767911.978481,32.0,1.028509
1416,29,22744623.225015,37.9,0.538636
1416,31,25246203.918096,33.6,0.087676
1417,2,21429055.026517,39.4,1.077935
1417,5,22305139.124787,34.6,0.602529
1417,6,23133208.756993,40.7,0.484008
1417,12,20081833.895511,44.1,1.518483
1417,19,24917271.292352,29.3,0.127406
1417,25,20767581.855262,31.5,1.028646
1417,29,22744183.985584,37.6,0.538727
1417,31,25245757.471725,33.8,0.087752
1418,2,21429375.220562,39.3,1.077808
1418,5,22304655.579253,34.7,0.602632
1418,6,23133802.3785,40.5,0.48389
1418,12,20081889.0731,43.8,1.518373
1418,19,24917834.306178,29.9,0.127319
1418,25,20767250.301125,32.0,1.028783
1418,29,22743741.797067,38.0,0.538819
1418,31,25245319.192056,33.1,0.087829
1419,2,21429697.892539,39.0,1.077681
1419,5,22304170.306148,34.3,0.602736
1419,6,23134398.739692,39.7,0.48377
1419,12,20081941.319052,43.9,1.518262
1419,19,24918398.000561,31.0,0.127232
1419,25,20766915.518697,31.2,1.02892
1419,29,22743298.805839,37.1,0.53891
1419,31,25244886.077652,31.9,0.087905
1420,2,21430014.613991,39.4,1.077557
1420,5,22303688.976792,34.7,0.60284
1420,6,23134987.387887,40.1,0.483653
1420,12,20081993.024047,44.3,1.518152
1420,19,24918958.170001,31.8,0.127145
1420,25,20766592.480267,31.6,1.029057
1420,29,22742862.445694,37.8,0.539
1420,31,25244444.34284,32.1,0.087982
1421,2,21430341.177365,39.1,1.077429
1421,5,22303203.703687,34.7,0.602944
1421,6,23135584.359835,40.1,0.483534
1421,12,20082046.474064,43.9,1.518041
1421,19,24919520.66032,30.0,0.127058
1421,25,20766266.702152,32.6,1.029194
1421,29,22742419.437017,37.3,0.539091
1421,31,25243997.721967,32.4,0.088058
1422,2,21430660.411649,39.1,1.077304
1422,5,22302725.49792,34.8,0.603047
1422,6,23136179.708914,40.2,0.483415
1422,12,20082101.302648,43.8,1.517931
1422,19,24920081.841872,31.0,0.126971
1422,24,24037631.939071,19.4,0.331176
1422,25,20765935.985625,31.4,1.029331
1422,29,22741981.401651,36.7,0.539182
1422,31,25243568.097607,33.5,0.088134
1423,2,21430982.769521,39.4,1.077177
1423,5,22302240.504018,34.6,0.60315
1423,6,23136773.661975,40.4,0.483297
1423,12,20082154.735215,43.9,1.51782
1423,19,24920648.520243,31.6,0.126884
1423,24,24038247.792156,17.4,0.331067
1423,25,20765607.188622,31.2,1.029467
1423,29,22741541.987718,38.5,0.539273
1423,31,25243130.463596,32.3,0.08821
1424,2,21431307.203969,39.7,1.077051
1424,5,22301759.104862,34.4,0.603254
1424,6,23137371.523885,40.3,0.483179
1424,12,20082214.170656,44.1,1.517708
1424,19,24921208.899085,29.5,0.126798
1424,25,20765283.487083,32.6,1.029604
1424,29,22741104.650361,38.5,0.539364
1424,31,25242686.844161,32.4,0.088287
1425,2,21431631.08001,39.6,1.076926
1425,5,22301287.914082,34.6,0.603356
1425,6,23137968.792488,40.6,0.483061
1425,12,20082270.918764,44.2,1.517596
1425,25,20764954.707531,32.9,1.029742
1425,29,22740668.55197,38.1,0.539455
1425,31,25242250.728319,32.7,0.088364
1426,2,21431954.746649,39.3,1.076799
1426,5,22300802.449025,34.8,0.603461
1426,6,23138565.275831,40.4,0.482942
1426,12,20082326.567509,44.3,1.517485
1426,19,24922340.598056,26.3,0.126624
1426,25,20764629.627424,32.5,1.029878
1426,29,22740229.242738,38.3,0.539546
1426,31,25241818.626027,32.8,0.08844
1427,2,21432278.029383,39.1,1.076673
1427,5,22300320.194807,34.3,0.603565
1427,6,23139162.875987,39.9,0.482823
1427,12,20082381.832348,43.9,1.517373
1427,19,24922901.91921,30.4,0.126537
1427,25,20764307.147401,32.1,1.030015
1427,29,22739793.144346,38.0,0.539637
1427,31,25241377.746276,30.6,0.088516
1428,2,21432604.994113,39.6,1.076546
1428,5,22299839.807763,34.5,0.603668
1428,6,23139760.249291,40.1,0.482704
1428,12,20082438.685158,44.1,1.51726
1428,19,24923469.609694,27.1,0.126449
1428,25,20763972.469675,31.9,1.030152
1428,29,22739350.851128,37.8,0.539728
1428,31,25240943.532508,32.9,0.088592
1429,2,21432926.531825,39.9,1.07642
1429,5,22299357.90255,34.9,0.603772
1429,6,23140359.088413,40.4,0.482586
1429,12,20082498.504504,44.7,1.517149
1429,19,24924031.89061,31.9,0.126363
1429,24,24041937.850099,19.2,0.330416
1429,25,20763653.060889,31.5,1.030288
1429,29,22738918.103178,37.7,0.539819
1429,31,25240504.50248,32.4,0.088668
1430,2,21433248.383641,39.3,1.076295
1430,5,22298885.315753,34.5,0.603874
1430,6,23140953.163626,40.1,0.482468
1430,12,20082555.04321,44.6,1.517035
1430,19,24924599.563643,31.1,0.126276
1430,24,24042568.186865,19.3,0.330306
1430,25,20763320.163085,30.1,1.030426
1430,29,22738480.294665,38.1,0.53991
1430,31,25240071.77198,33.1,0.088745
1431,2,21433576.88399,38.7,1.076168
1431,5,22298404.98106,34.5,0.603978
1431,6,23141552.97996,40.0,0.482349
1431,12,20082613.431638,43.8,1.516923
1431,19,24925161.600256,30.6,0.126189
1431,24,24043174.896035,20.9,0.330198
1431,25,20762999.305932,31.8,1.030563
1431,29,22738042.817706,37.4,0.540001
1431,31,25239633.701714,34.2,0.088821
1432,2,21433899.06736,38.9,1.076043
1432,5,22297926.722942,34.0,0.604081
1432,6,23142149.480753,40.5,0.482231
1432,12,20082671.802616,43.4,1.51681
1432,19,24925725.434241,30.5,0.126102
1432,25,20762676.651406,32.7,1.0307
1432,29,22737605.934055,38.0,0.540092
1432,31,25239199.8195,33.6,0.088898
1433,2,21434221.28563,39.7,1.075917
1433,5,22297443.386811,34.6,0.604185
1433,6,23142745.684893,40.8,0.482113
1433,12,20082727.800365,44.1,1.516697
1433,19,24926287.767508,29.3,0.126016
1433,25,20762346.510736,32.1,1.030836
1433,29,22737172.069291,37.6,0.540182
1433,31,25238761.749234,34.5,0.088974
1434,2,21434545.667728,39.8,1.07579
1434,5,22296966.734114,34.4,0.604289
1434,6,23143341.103772,40.9,0.481994
1434,12,20082783.885365,44.0,1.516583
1434,19,24926849.908822,30.4,0.125929
1434,24,24045000.799568,20.9,0.329872
1434,25,20762025.740834,33.2,1.030973
1434,29,22736728.990813,38.1,0.540273
1434,31,25238330.065748,33.4,0.08905
1435,2,21434873.487518,39.3,1.075663
1435,5,22296481.513359,34.0,0.604393
1435,6,23143938.128072,40.4,0.481875
1435,12,20082841.279131,43.0,1.51647
1435,19,24927417.250301,29.5,0.125842
1435,24,24045617.001657,22.1,0.329764
1435,25,20761701.219135,33.3,1.03111
1435,29,22736289.035923,37.9,0.540365
1435,31,25237894.316361,33.5,0.089126
1436,2,21435193.210408,39.8,1.075538
1436,5,22296007.076839,34.8,0.604495
1436,6,23144535.745679,41.4,0.481757
1436,12,20082895.68891,43.8,1.516356
1436,19,24927978.903009,29.6,0.125755
1436,24,24046203.835029,20.8,0.329655
1436,25,20761371.287868,33.1,1.031247
1436,29,22735855.083908,37.9,0.540455
1436,31,25237452.249995,31.9,0.089202
1437,2,21435518.866371,39.2,1.075412
1437,5,22295524.805171,35.1,0.604599
1437,6,23145127.622164,40.9,0.481639
1437,12,20082952.733672,43.8,1.516242
1437,19,24928542.300739,31.5,0.125668
1437,24,24046875.755663,20.9,0.329546
1437,25,20761043.398276,32.3,1.031384
1437,29,22735415.076668,37.5,0.540546
1437,31,25237008.351356,26.9,0.089279
1438,2,21435838.798663,39.9,1.075285
1438,5,22295041.591192,34.5,0.604703
1438,6,23145726.374035,40.8,0.48152
1438,12,20083009.44688,43.5,1.516128
1438,19,24929096.973361,30.5,0.125581
1438,24,24047443.620649,23.8,0.329438
1438,25,20760716.084542,32.6,1.03152
1438,29,22734975.627835,37.5,0.540637
1438,31,25236582.705645,32.8,0.089354
1439,2,21436162.744505,39.5,1.07516
1439,5,22294563.891481,35.1,0.604805
1439,6,23146319.83849,41.3,0.481403
1439,12,20083068.987022,43.9,1.516013
1439,19,24929665.850459,31.2,0.125495
1439,24,24048090.151216,21.5,0.329328
1439,25,20760384.984111,33.7,1.031658
1439,29,22734537.208564,36.9,0.540728
1439,31,25236145.472989,34.7,0.089431
1440,2,21436487.999114,40.0,1.075033
1440,5,22294084.184996,34.5,0.604909
1440,6,23146919.393071,40.7,0.481283
1440,12,20083122.000784,44.0,1.515899
1440,19,24930227.032011,32.1,0.125407
1440,24,24048676.810086,20.4,0.329221
1440,25,20760060.567113,32.5,1.031794
1440,29,22734097.375826,38.0,0.54082
1440,31,25235707.140969,35.5,0.089507
1441,2,21436811.177146,38.9,1.074907
1441,5,22293605.124168,34.4,0.605012
1441,6,23147514.480397,40.5,0.481165
1441,12,20083178.364987,43.3,1.515784
1441,19,24930791.232451,29.9,0.12532
1441,24,24049285.089776,19.0,0.329112
1441,25,20759736.202466,32.4,1.031931
1441,29,22733656.07727,36.8,0.540911
1441,31,25235271.548634,35.0,0.089583
1442,2,21437132.627607,39.6,1.074781
1442,5,22293118.943652,34.8,0.605116
1442,6,23148109.654973,40.5,0.481046
1442,12,20083234.816442,43.7,1.515669
1442,19,24931353.443566,30.5,0.125233
1442,24,24049900.646207,22.4,0.329004
1442,25,20759412.81503,32.1,1.032068
1442,29,22733217.274094,36.7,0.541001
1442,31,25234836.04355,32.3,0.089659
1443,2,21437453.572012,39.4,1.074655
1443,5,22292636.445131,35.0,0.60522
1443,6,23148703.398632,40.3,0.480928
1443,12,20083289.836978,44.1,1.515555
1443,19,24931912.112287,30.0,0.125147
1443,24,24050525.573405,22.0,0.328895
1443,25,20759081.400495,31.8,1.032204
1443,29,22732780.9314,37.9,0.541092
1443,31,25234399.107548,28.8,0.089735
1444,2,21437780.606543,39.9,1.074528
1444,5,22292158.239364,34.8,0.605323
1444,6,23149301.452494,40.9,0.480809
1444,12,20083345.555523,44.2,1.515438
1444,19,24932477.481892,31.9,0.125059
1444,24,24051156.904833,19.9,0.328787
1444,25,20758749.497354,32.1,1.032342
1444,29,22732336.910609,38.0,0.541184
1444,31,25233959.27481,30.6,0.089811
1445,2,21438100.434134,39.9,1.074403
1445,5,22291676.107298,34.9,0.605427
1445,6,23149893.782685,40.9,0.480692
1445,12,20083405.462121,44.2,1.515324
1445,19,24933036.534517,32.2,0.124973
1445,24,24051745.343625,18.4,0.328678
1445,25,20758432.549049,32.5,1.032478
1445,29,22731903.656603,37.8,0.541274
1445,31,25233512.828439,31.0,0.089888
1446,2,21438422.495352,39.7,1.074277
1446,5,22291199.838506,34.7,0.605529
1446,6,23150487.770647,41.2,0.480573
1446,12,20083458.929588,43.9,1.515207
1446,19,24933598.745633,30.4,0.124886
1446,24,24052348.021795,19.3,0.328569
1446,25,20758101.082163,32.9,1.032615
1446,29,22731459.443861,37.2,0.541365
1446,31,25233087.514282,31.3,0.089964
1447,2,21438746.196891,38.5,1.07415
1447,5,22290714.705002,34.4,0.605634
1447,6,23151084.882197,40.8,0.480454
1447,12,20083516.410605,43.8,1.515092
1447,19,24934155.076024,27.3,0.1248
1447,25,20757775.722853,33.2,1.032751
1447,29,22731024.375032,36.6,0.541456
1447,31,25232653.335415,28.1,0.090039
1448,2,21439070.753491,38.9,1.074024
1448,5,22290232.503135,34.2,0.605737
1448,6,23151680.440678,40.8,0.480336
1448,12,20083571.448592,43.0,1.514976
1448,19,24934725.471292,25.5,0.124712
1448,24,24053565.575837,21.1,0.328353
1448,25,20757451.236054,32.6,1.032888
1448,29,22730582.954324,37.9,0.541547
1449,2,21439390.668333,38.1,1.073898
1449,5,22289748.975052,34.7,0.60584
1449,6,23152273.172224,39.1,0.480217
1449,12,20083626.643631,42.4,1.51486
1449,19,24935294.208788,20.9,0.124625
1449,24,24054189.176818,23.2,0.328244
1449,25,20757118.495302,30.6,1.033025
1449,29,22730141.097361,32.7,0.541638
1449,31,25231772.762527,35.1,0.090191
1450,2,21439713.968517,34.5,1.073773
1450,5,22289288.620858,19.5,0.605942
1450,6,23152863.879545,36.2,0.4801
1450,12,20083685.224012,39.1,1.514743
1450,25,20756792.437984,29.7,1.033163
1450,29,22729701.421674,35.2,0.541729
1450,31,25231336.97824,34.0,0.090268
1451,2,21440032.853796,38.0,1.073646
1451,5,22288792.074912,33.5,0.606046
1451,6,23153461.584403,39.5,0.479981
1451,12,20083739.703591,43.0,1.514626
1451,19,24936404.077537,24.0,0.124452
1451,24,24055399.785674,20.4,0.328026
1451,25,20756467.375328,31.5,1.033299
1451,29,22729261.239932,36.4,0.54182
1451,31,25230893.79506,33.8,0.090344
1452,2,21440356.921789,39.1,1.07352
1452,5,22288304.60308,34.3,0.60615
1452,6,23154053.949495,40.3,0.479863
1452,12,20083798.144371,43.6,1.51451
1452,19,24936972.466029,28.8,0.124366
1452,24,24056016.738122,22.9,0.327918
1452,25,20756136.397048,32.4,1.033436
1452,29,22728822.628709,37.5,0.541911
1452,31,25230458.481928,34.6,0.09042
1453,2,21440677.970895,39.2,1.073394
1453,5,22287822.820018,34.7,0.606254
1453,6,23154649.316023,40.4,0.479744
1453,12,20083849.988968,43.4,1.514393
1453,19,24937522.566693,29.7,0.124278
1453,24,24056641.194164,18.9,0.32781
1453,25,20755812.608258,32.6,1.033572
1453,29,22728380.719395,37.1,0.542002
1453,31,25230021.668077,34.0,0.090495
1454,2,21440999.630759,40.0,1.073268
1454,5,22287337.424761,35.1,0.606357
1454,6,23155239.901193,41.5,0.479626
1454,12,20083908.429747,43.9,1.514276
1454,19,24938081.950873,27.9,0.124192
1454,24,24057257.535855,21.2,0.327701
1454,25,20755481.315874,33.3,1.033709
1454,29,22727938.216774,37.9,0.542093
1454,31,25229580.666175,35.0,0.090572
1455,2,21441322.232934,40.1,1.073142
1455,5,22286865.570874,34.9,0.60646
1455,6,23155839.490674,41.2,0.479508
1455,12,20083966.905426,43.5,1.514158
1455,19,24938650.985023,31.3,0.124105
1455,24,24057840.948984,22.0,0.327592
1455,25,20755154.263893,33.3,1.033846
1455,29,22727500.530412,37.7,0.542184
1455,31,25229149.872649,35.1,0.090648
1456,2,21441647.27814,40.1,1.073016
1456,5,22286384.485821,34.6,0.606563
1456,6,23156432.850428,41.7,0.479389
1456,12,20084020.337993,43.0,1.514041
1456,19,24939208.659082,30.0,0.124018
1456,24,24058449.909233,21.3,0.327484
1456,25,20754833.249688,33.8,1.033983
1456,29,22727058.708349,37.8,0.542275
1456,31,25228704.159188,34.4,0.090724
1457,2,21441965.762064,40.1,1.072889
1457,5,22285901.620846,34.7,0.606666
1457,6,23157029.24652,41.2,0.47927
1457,12,20084077.714309,43.2,1.513923
1457,19,24939769.683582,31.5,0.123931
1457,24,24059060.38765,21.2,0.327376
1457,25,20754507.174919,34.1,1.03412
1457,29,22726613.623096,37.6,0.542367
1457,31,25228270.154823,32.5,0.0908
1458,2,21442287.038023,38.9,1.072763
1458,5,22285416.155788,34.7,0.60677
1458,6,23157621.838464,40.7,0.479152
1458,12,20084132.158988,43.3,1.513805
1458,19,24940333.186013,30.2,0.123844
1458,24,24059649.978157,21.1,0.327268
1458,25,20754171.903886,32.6,1.034257
1458,29,22726174.924622,37.3,0.542458
1458,31,25227828.454911,35.1,0.090876
1459,2,21442608.523384,39.3,1.072637
1459,5,22284935.384839,34.6,0.606873
1459,6,23158213.435746,40.3,0.479034
1459,12,20084188.941997,43.7,1.513687
1459,19,24940884.019586,29.4,0.123757
1459,24,24060278.447749,22.2,0.327159
1459,25,20753850.645377,34.2,1.034393
1459,29,22725733.137459,39.1,0.542548
1459,31,25227389.669186,35.0,0.090952
1460,2,21442930.549703,39.3,1.072511
1460,5,22284459.3778,34.7,0.606976
1460,6,23158810.669448,40.9,0.478915
1460,12,20084246.248512,43.5,1.513568
1460,19,24941449.773096,30.1,0.12367
1460,24,24060885.872378,19.3,0.32705
1460,25,20753519.422794,33.3,1.034531
1460,29,22725291.891253,37.5,0.54264
1460,31,25226954.129201,32.4,0.091028
1461,2,21443251.319605,39.2,1.072385
1461,5,22283977.612188,34.5,0.607079
1461,6,23159401.254617,41.2,0.478798
1461,12,20084303.79933,43.0,1.51345
1461,19,24942016.381666,30.6,0.123583
1461,24,24061504.046342,18.1,0.326941
1461,25,20753192.650017,33.1,1.034668
1461,29,22724848.498671,37.8,0.542731
1461,31,25226515.535429,27.1,0.091104
1462,2,21443576.155408,38.8,1.072258
1462,5,22283490.594061,33.9,0.607183
1462,6,23159994.108314,40.4,0.478678
1462,12,20084355.521776,42.8,1.513331
1462,19,24942566.953486,30.0,0.123496
1462,25,20752867.831664,32.7,1.034804
1462,29,22724404.355729,36.9,0.542822
1462,31,25226071.392487,34.0,0.09118
1463,2,21443894.918536,38.8,1.072133
1463,5,22283011.899688,34.9,0.607285
1463,6,23160590.172852,40.6,0.47856
1463,12,20084415.864628,43.6,1.513212
1463,19,24943135.132575,28.3,0.123409
1463,24,24062772.397968,16.8,0.326725
1463,25,20752540.53538,31.9,1.034942
1463,29,22723962.533666,37.1,0.542913
1463,31,25225635.869953,33.7,0.091256
1464,2,21444216.752901,38.5,1.072006
1464,5,22282531.791848,34.5,0.607388
1464,6,23161182.415792,39.9,0.478442
1464,12,20084467.587074,43.5,1.513093
1464,19,24943698.303452,27.4,0.123322
1464,25,20752207.916779,31.9,1.035079
1464,29,22723519.612239,36.1,0.543005
1464,31,25225193.838487,31.1,0.091332
1465,2,21444538.063761,39.7,1.071881
1465,5,22282053.865284,35.3,0.607491
1465,6,23161776.246702,41.1,0.478324
1465,12,20084524.19558,44.0,1.512974
1465,19,24944251.074,26.9,0.123235
1465,24,24063943.499531,18.4,0.326507
1465,25,20751882.295716,32.1,1.035216
1465,29,22723078.557986,37.0,0.543096
1465,31,25224758.473005,32.6,0.091408
1466,2,21444858.449758,39.4,1.071754
1466,5,22281569.604292,34.9,0.607595
1466,6,23162369.135299,41.0,0.478205
1466,12,20084581.641697,44.1,1.512854
1466,19,24944811.871647,27.6,0.123148
1466,24,24064539.982873,21.2,0.326399
1466,25,20751550.00867,31.5,1.035353
1466,29,22722636.264767,37.2,0.543187
1466,31,25224318.587916,34.7,0.091484
1467,2,21445182.674804,39.1,1.071628
1467,5,22281088.885694,34.5,0.607698
1467,6,23162961.081586,40.3,0.478087
1467,12,20084637.255541,43.6,1.512735
1467,19,24945365.759009,28.3,0.123062
1467,25,20751224.300356,32.4,1.03549
1467,29,22722194.529955,37.6,0.543278
1467,31,25223874.741628,33.7,0.09156
1468,2,21445502.188291,39.2,1.071502
1468,5,22280608.551,34.3,0.607801
1468,6,23163556.09911,40.7,0.477969
1468,12,20084694.457355,43.5,1.512615
1468,19,24945934.09515,27.2,0.122974
1468,24,24065763.225687,16.0,0.326182
1468,25,20750898.347739,32.1,1.035627
1468,29,22721748.956095,36.4,0.54337
1468,31,25223442.080929,30.3,0.091636
1469,2,21445822.190384,39.4,1.071377
1469,5,22280126.90754,35.6,0.607904
1469,6,23164148.621253,40.8,0.477851
1469,12,20084750.94371,44.2,1.512496
1469,19,24946486.429442,28.1,0.122888
1469,24,24066397.698154,17.9,0.326073
1469,25,20750566.601649,31.6,1.035763
1469,29,22721309.594513,37.1,0.54346
1469,31,25223002.405243,30.9,0.091712
1470,2,21446143.030087,39.2,1.07125
1470,5,22279642.82105,35.1,0.608007
1470,6,23164740.776942,40.5,0.477732
1470,12,20084807.971021,44.0,1.512375
1470,19,24947059.703995,30.6,0.1228
1470,25,20750238.1013,31.2,1.035901
1470,29,22720861.176268,36.9,0.543552
1470,31,25222559.082461,33.3,0.091789
1471,2,21446465.091306,38.9,1.071124
1471,5,22279162.922612,35.1,0.60811
1471,6,23165335.340761,39.9,0.477614
1471,12,20084864.701679,43.9,1.512255
1471,19,24947608.094538,29.0,0.122714
1471,24,24067598.220783,18.0,0.325857
1471,25,20749907.803579,31.3,1.036038
1471,29,22720422.041538,37.2,0.543643
1471,31,25222122.059208,33.2,0.091864
1472,2,21446785.861208,39.1,1.070998
1472,5,22278685.048399,34.9,0.608212
1472,6,23165925.629277,40.0,0.477496
1472,12,20084919.565164,43.8,1.512133
1472,19,24948178.594506,31.1,0.122626
1472,24,24068213.393309,18.2,0.325748
1472,25,20749580.734148,31.7,1.036176
1472,29,22719973.850146,37.2,0.543735
1472,31,25221677.759214,33.4,0.091941
1473,2,21447104.99079,39.6,1.070872
1473,5,22278200.420952,35.1,0.608316
1473,6,23166521.746165,40.1,0.477377
1473,12,20084980.257021,44.0,1.512014
1473,19,24948731.557006,30.5,0.12254
1473,24,24068849.680599,18.4,0.32564
1473,25,20749253.193561,32.1,1.036312
1473,29,22719533.005295,37.6,0.543826
1473,31,25221242.306481,34.7,0.092017
1474,2,21447431.18771,39.4,1.070746
1474,5,22277723.192397,34.8,0.608418
1474,6,23167111.772927,40.0,0.477259
1474,12,20085035.155406,44.0,1.511893
1474,19,24949299.997849,31.1,0.122453
1474,24,24069387.845314,19.1,0.325531
1474,25,20748927.048991,32.6,1.036449
1474,29,22719090.537574,37.8,0.543917
1474,31,25220803.747608,33.4,0.092093
1475,2,21447751.277054,39.6,1.070619
1475,5,22277243.136907,35.2,0.608521
1475,6,23167710.071092,40.6,0.47714
1475,12,20085089.634986,44.1,1.511772
1475,19,24949854.827522,30.9,0.122366
1475,24,24070032.020102,20.0,0.325422
1475,25,20748596.297564,32.5,1.036586
1475,29,22718648.558459,38.2,0.544009
1475,31,25220366.549853,35.0,0.092168
1476,2,21448071.802654,39.6,1.070493
1476,5,22276763.500222,34.9,0.608624
1476,6,23168303.395946,40.6,0.477022
1476,12,20085147.831462,43.6,1.511651
1476,19,24950410.076,31.6,0.122279
1476,24,24070627.438981,18.7,0.325314
1476,25,20748272.857779,32.3,1.036723
1476,29,22718204.60747,38.0,0.5441
1476,31,25219923.802929,34.6,0.092244
1477,2,21448396.812959,40.0,1.070367
1477,5,22276283.863538,35.0,0.608727
1477,6,23168895.830838,40.8,0.476903
1477,12,20085206.027938,44.1,1.511529
1477,19,24950972.217315,31.0,0.122192
1477,24,24071236.957637,21.7,0.325206
1477,25,20747946.713209,32.7,1.03686
1477,29,22717759.749069,37.6,0.544192
1477,31,25219485.837364,34.7,0.092321
1478,2,21448716.413697,39.1,1.070242
1478,5,22275805.134264,35.0,0.608829
1478,6,23169487.654973,40.7,0.476786
1478,12,20085264.224414,44.0,1.511407
1478,19,24951538.860785,34.0,0.122105
1478,24,24071844.958123,18.8,0.325097
1478,25,20747614.286561,32.6,1.036998
1478,29,22717317.281348,37.0,0.544283
1478,31,25219039.774898,33.4,0.092397
1479,2,21449040.464241,39.2,1.070115
1479,5,22275325.427778,35.0,0.608932
1479,6,23170080.316718,40.4,0.476667
1479,12,20085318.145587,43.8,1.511286
1479,19,24952095.540181,33.7,0.122018
1479,25,20747291.370282,31.5,1.037135
1479,29,22716873.260558,37.0,0.544374
1479,31,25218605.945035,35.0,0.092473
1480,2,21449362.193905,39.5,1.069989
1480,5,22274843.417864,35.1,0.609036
1480,6,23170676.346355,40.5,0.476549
1480,12,20085378.750193,43.8,1.511164
1480,19,24952655.60492,32.8,0.121931
1480,24,24073044.45119,19.2,0.32488
1480,25,20746960.758457,32.2,1.037272
1480,29,22716432.311006,37.6,0.544466
1480,31,25218163.19811,33.6,0.092549
1481,2,21449679.264361,39.4,1.069863
1481,5,22274363.641578,35.2,0.609138
1481,6,23171268.327542,40.8,0.47643
1481,12,20085434.119734,44.0,1.511042
1481,19,24953219.718108,30.6,0.121844
1481,24,24073660.426426,20.7,0.324771
1481,25,20746636.864965,34.5,1.037409
1481,29,22715985.515631,37.2,0.544557
1481,31,25217727.797727,31.8,0.092625
1482,2,21450001.709485,39.0,1.069737
1482,5,22273878.752377,34.9,0.609241
1482,6,23171860.587932,40.8,0.476312
1482,12,20085490.030232,43.5,1.51092
1482,19,24953779.294241,31.4,0.121757
1482,24,24074292.543114,20.0,0.324663
1482,25,20746311.749958,33.5,1.037546
1482,29,22715541.983446,36.1,0.544648
1482,31,25217286.359569,35.4,0.0927
1483,2,21450325.93453,39.0,1.069611
1483,5,22273400.738563,34.8,0.609344
1483,6,23172451.330153,39.7,0.476194
1483,12,20085548.052206,43.3,1.510798
1483,19,24954327.772034,29.1,0.12167
1483,24,24074908.169345,18.8,0.324555
1483,25,20745977.351436,32.7,1.037683
1483,29,22715096.65389,37.0,0.54474
1483,31,25216847.626195,33.3,0.092777
1484,2,21450643.039887,39.2,1.069485
1484,5,22272917.402432,34.9,0.609447
1484,6,23173043.956997,39.9,0.476076
1484,12,20085605.236569,43.9,1.510676
1484,19,24954891.012712,25.1,0.121583
1484,24,24075498.091406,23.8,0.324446
1484,25,20745651.398819,32.6,1.03782
1484,29,22714652.284095,36.3,0.544831
1484,31,25216412.85402,33.6,0.092852
1485,2,21450962.483573,39.0,1.069359
1485,5,22272437.294591,34.9,0.60955
1485,6,23173635.60663,39.2,0.475958
1485,12,20085662.351132,43.6,1.510554
1485,19,24955454.776897,17.7,0.121496
1485,24,24076107.732213,19.5,0.324337
1485,25,20745314.592166,32.1,1.037957
1485,29,22714212.050002,37.1,0.544922
1485,31,25215977.122083,31.1,0.092928
1486,2,21451284.597142,39.1,1.069233
1486,5,22271955.057824,35.3,0.609653
1486,6,23174229.036185,39.5,0.475839
1486,12,20085718.558283,43.7,1.510431
1486,24,24076686.468684,19.0,0.32423
1486,25,20744995.14848,32.8,1.038094
1486,29,22713765.49893,37.4,0.545014
1486,31,25215525.475547,27.9,0.093004
1487,2,21451605.367045,39.4,1.069107
1487,5,22271470.884082,34.6,0.609756
1487,6,23174822.308687,40.4,0.47572
1487,12,20085774.015075,43.7,1.510309
1487,24,24077338.199417,19.3,0.324121
1487,25,20744666.56088,33.0,1.03823
1487,29,22713322.996308,37.3,0.545104
1487,31,25215099.742585,28.4,0.093079
1488,2,21451924.496627,38.5,1.068981
1488,5,22270985.977432,34.4,0.60986
1488,6,23175410.049471,40.7,0.475603
1488,12,20085829.018161,43.0,1.510187
1488,19,24957135.389917,17.5,0.121236
1488,25,20744343.854003,31.6,1.038366
1488,29,22712878.556713,35.6,0.545195
1488,31,25214662.806583,28.1,0.093154
1489,2,21452244.394018,39.0,1.068854
1489,5,22270501.227833,34.7,0.609963
1489,6,23176000.669541,40.8,0.475484
1489,12,20085880.915109,43.8,1.510064
1489,19,24957669.942437,26.0,0.121149
1489,24,24078506.369343,17.6,0.323905
1489,25,20744004.202965,32.7,1.038503
1489,29,22712431.586835,37.4,0.545287
1489,31,25214209.537177,25.6,0.09323
1490,2,21452563.069895,39.2,1.068729
1490,5,22270015.256719,34.8,0.610067
1490,6,23176587.659965,39.0,0.475366
1490,12,20085939.059235,43.9,1.509942
1490,19,24958241.349817,26.8,0.121063
1490,24,24079116.743059,24.0,0.323796
1490,25,20743684.323024,33.1,1.038639
1490,29,22711990.584933,37.3,0.545377
1490,31,25213783.228358,25.3,0.093305
1491,2,21452881.396767,38.1,1.068603
1491,5,22269536.440195,34.5,0.610169
1491,6,23177185.382273,37.8,0.475248
1491,12,20085995.371087,43.1,1.509818
1491,19,24958787.820836,28.6,0.120975
1491,24,24079751.948435,19.2,0.323688
1491,25,20743353.903151,32.3,1.038777
1491,29,22711545.639281,36.3,0.545468
1491,31,25213335.595373,24.3,0.093381
1492,2,21453201.521011,39.1,1.068477
1492,5,22269051.027488,34.8,0.610272
1492,6,23177773.838516,37.9,0.47513
1492,12,20086052.887005,43.3,1.509695
1492,19,24959351.375618,26.4,0.120889
1492,25,20743024.373239,33.0,1.038913
1492,29,22711104.602478,37.8,0.545559
1493,2,21453524.001035,39.3,1.068351
1493,5,22268568.563868,35.1,0.610376
1493,6,23178364.318984,38.6,0.475011
1493,12,20086107.942442,44.1,1.509572
1493,19,24959892.384718,26.5,0.120802
1493,24,24080988.750067,16.9,0.323471
1493,25,20742697.199107,33.0,1.03905
1493,29,22710656.899691,36.5,0.545651
1494,2,21453845.329345,39.5,1.068225
1494,5,22268088.543278,35.4,0.610479
1494,6,23178956.352521,39.3,0.474893
1494,12,20086165.440909,43.8,1.509449
1494,19,24960463.739748,27.4,0.120716
1494,25,20742379.064187,33.4,1.039186
1494,29,22710219.754287,36.2,0.545741
1495,2,21454163.91797,39.0,1.068098
1495,5,22267599.78013,34.6,0.610583
1495,6,23179552.853314,40.7,0.474775
1495,12,20086224.125992,43.7,1.509326
1495,19,24961020.663447,23.6,0.120629
1495,24,24082158.385812,18.8,0.323255
1495,25,20742048.29531,31.8,1.039321
1495,29,22709780.759159,35.7,0.545831
1496,2,21454486.659747,39.3,1.067972
1496,5,22267119.393086,35.2,0.610686
1496,6,23180144.520397,41.9,0.474656
1496,12,20086281.554658,43.7,1.509202
1496,24,24082742.566751,17.9,0.323147
1496,25,20741722.307792,33.2,1.039459
1496,29,22709333.353026,36.3,0.545923
1497,2,21454807.935706,39.1,1.067846
1497,5,22266636.929465,34.8,0.610789
1497,6,23180736.798237,40.6,0.474538
1497,12,20086340.518944,43.2,1.509079
1497,25,20741396.320275,31.9,1.039595
1497,29,22708892.85718,36.0,0.546014
1498,2,21455129.264015,39.7,1.067722
1498,5,22266151.795962,34.8,0.61088
1498,6,23181328.238467,40.9,0.474419
1498,12,20086400.408091,43.4,1.508946
1498,19,24963080.55695,28.0,0.120363
1498,24,24083985.039704,16.0,0.322921
1498,25,20741069.7918,32.6,1.039739
1498,29,22708452.396234,36.3,0.546107
1499,2,21455454.448823,39.1,1.067594
1499,5,22265674.445256,34.8,0.610992
1499,6,23181925.035913,40.9,0.474301
1499,12,20086454.294364,43.4,1.508829
1499,19,24963583.524576,23.6,0.12028
1499,24,24084577.649099,18.7,0.322819
1499,25,20740751.936084,32.7,1.039869
1499,29,22708016.12334,36.4,0.546196
1500,2,21455776.300639,39.2,1.067469
1500,5,22265191.353428,34.8,0.611091
1500,6,23182515.202277,40.8,0.474183
1500,12,20086517.725905,43.4,1.508701
1500,19,24964117.326736,27.6,0.120192
1500,24,24085208.282518,17.7,0.322707
1500,25,20740424.133744,31.6,1.040009
1500,29,22707572.608606,35.8,0.546288
1500,31,25209425.507633,23.8,0.094062
1501,2,21456100.368632,38.9,1.067342
1501,5,22264709.86702,35.2,0.611203
1501,6,23183112.976936,40.7,0.474065
1501,12,20086575.573377,43.5,1.508583
1501,24,24085820.75026,20.2,0.322606
1501,25,20740106.330379,32.0,1.04014
1501,29,22707130.995946,36.2,0.546377
1501,31,25208981.190189,33.2,0.094134
1502,2,21456421.278137,39.2,1.067216
1502,5,22264226.146984,35.0,0.611306
1502,6,23183704.312465,40.5,0.473947
1502,12,20086635.671927,43.6,1.50846
1502,19,24964923.003289,28.8,0.120023
1502,24,24086436.952349,17.7,0.322498
1502,25,20739783.291948,32.0,1.040276
1502,29,22706690.744403,35.7,0.546468
1502,31,25208546.644867,31.1,0.094209
1503,2,21456744.717922,38.9,1.06709
1503,5,22263744.049819,35.0,0.611411
1503,6,23184299.958197,40.1,0.473829
1503,12,20086696.782589,43.4,1.508336
1503,19,24965466.490321,24.9,0.119937
1503,25,20739461.579734,32.1,1.040412
1503,29,22706255.710474,36.1,0.546558
1503,31,25208119.393736,29.2,0.094283
1504,2,21457071.054444,39.3,1.066964
1504,5,22263260.033129,35.1,0.611515
1504,6,23184891.60783,40.0,0.473711
1504,12,20086755.694524,43.9,1.508212
1504,19,24966049.728948,19.1,0.11985
1504,25,20739137.965446,33.4,1.040548
1504,29,22705815.162277,36.7,0.546649
1504,31,25207699.838151,22.3,0.094358
1505,2,21457391.824347,39.2,1.066838
1505,5,22262777.377557,35.4,0.611618
1505,6,23185489.696592,39.6,0.473593
1505,12,20086818.65491,43.8,1.508088
1505,19,24966591.156854,25.0,0.119764
1505,24,24088235.528841,18.7,0.322174
1505,25,20738814.194106,34.0,1.040684
1505,29,22705380.774007,37.4,0.546739
1505,31,25207258.557045,28.5,0.094433
1506,2,21457713.41441,38.6,1.066715
1506,5,22262299.712747,34.9,0.611719
1506,6,23186082.602641,37.9,0.473476
1506,12,20086875.52517,43.3,1.507962
1506,19,24967133.40492,20.6,0.119678
1506,24,24088999.621525,23.9,0.322061
1506,25,20738489.724757,33.2,1.040821
1506,29,22704943.279598,37.7,0.546829
1507,2,21458039.105274,38.9,1.066586
1507,5,22261817.458529,35.0,0.611825
1507,6,23186678.091321,39.0,0.473356
1507,12,20086934.995512,43.5,1.507839
1507,19,24967689.927264,20.8,0.119591
1507,24,24089468.002819,20.5,0.321957
1507,25,20738170.246171,33.9,1.040956
1507,29,22704503.289808,38.7,0.54692
1507,31,25206376.884793,20.5,0.094583
1508,2,21458361.445696,39.4,1.066462
1508,5,22261337.263437,36.2,0.611928
1508,6,23187265.151546,33.0,0.473239
1508,12,20086999.82307,43.4,1.507714
1508,19,24968277.877451,21.2,0.119505
1508,24,24090050.560888,18.3,0.321848
1508,25,20737851.046788,34.4,1.041092
1508,29,22704064.765836,40.8,0.547011
1508,31,25205958.742676,31.1,0.094658
1509,2,21458684.79823,38.2,1.066337
1509,5,22260854.468263,36.2,0.612032
1509,6,23187852.316473,21.9,0.473122
1509,12,20087062.050547,42.6,1.50759
1509,19,24968822.184642,20.3,0.11942
1509,24,24090678.21032,25.4,0.321739
1509,25,20737528.654015,34.2,1.041228
1509,29,22703627.236527,40.1,0.547101
1509,31,25205522.417432,33.2,0.094734
1510,2,21459004.590921,39.0,1.066211
1510,5,22260374.709427,37.9,0.612135
1510,6,23188455.413448,22.7,0.473004
1510,12,20087117.734192,43.5,1.507465
1510,19,24969362.321232,24.4,0.119333
1510,24,24091278.899165,27.7,0.321631
1510,25,20737201.183229,35.1,1.041364
1510,29,22703188.869607,41.4,0.547192
1510,31,25205092.426616,29.6,0.094808
1511,2,21459326.442737,39.3,1.066085
1511,5,22259890.727638,37.7,0.612239
1511,6,23189056.084843,21.2,0.472886
1511,12,20087180.86908,43.0,1.50734
1511,24,24091884.36937,27.3,0.321523
1511,25,20736883.292612,34.6,1.0415
1511,29,22702748.042206,41.0,0.547282
1511,31,25204649.819294,26.8,0.094884
1512,2,21459650.824834,39.9,1.065959
1512,5,22259412.556771,38.9,0.612342
1512,6,23189638.276457,34.0,0.472768
1512,12,20087241.421335,43.5,1.507214
1512,24,24092506.434732,26.9,0.321414
1512,25,20736558.003103,35.5,1.041637
1512,29,22702310.949153,41.5,0.547373
1513,2,21459976.794902,39.7,1.065834
1513,5,22258932.989888,39.1,0.612446
1513,6,23190230.170393,36.9,0.47265
1513,12,20087306.283794,43.5,1.507089
1513,24,24093113.021751,27.9,0.321306
1513,25,20736240.635993,35.8,1.041773
1513,29,22701874.850761,41.9,0.547464
1514,2,21460302.764969,40.0,1.065709
1514,5,22258457.314402,39.0,0.612549
1514,6,23190821.453571,36.3,0.472533
1514,12,20087366.329994,43.7,1.506963
1514,19,24971632.123404,17.3,0.118988
1514,24,24093731.579619,29.3,0.321197
1514,25,20735922.047368,36.5,1.041909
1514,29,22701440.549742,41.1,0.547554
1515,2,21460623.011365,39.9,1.065584
1515,5,22257979.50999,39.3,0.612652
1515,6,23191415.406632,32.0,0.472416
1515,12,20087432.658271,43.5,1.506838
1515,24,24094344.134613,30.3,0.321088
1515,25,20735605.238665,36.9,1.042045
1515,29,22701004.713104,40.5,0.547644
1515,31,25202934.672292,26.8,0.095184
1516,2,21460950.185497,40.2,1.065459
1516,5,22257503.258648,39.2,0.612755
1516,6,23192004.002476,28.5,0.472299
1516,12,20087499.614757,44.1,1.506712
1516,24,24094957.911121,32.0,0.320979
1516,25,20735285.760079,37.5,1.042182
1516,29,22700569.818777,40.8,0.547735
1516,31,25202501.278685,34.9,0.095259
1517,2,21461272.299067,33.2,1.065334
1517,5,22257022.505149,38.5,0.612859
1517,6,23192600.416018,31.0,0.472182
1517,12,20087558.788445,40.7,1.506587
1517,19,24973257.297083,17.9,0.118731
1517,24,24095579.801981,28.6,0.320869
1517,25,20734968.096315,31.8,1.042318
1517,29,22700134.941901,30.7,0.547825
1517,31,25202072.387233,33.8,0.095334
1518,2,21461594.115982,38.3,1.06521
1518,5,22256551.070066,29.3,0.612961
1518,6,23193184.858711,24.3,0.472065
1518,12,20087624.593216,43.0,1.50646
1518,19,24973822.544536,22.0,0.118645
1518,24,24096191.519364,29.7,0.32076
1518,25,20734644.167923,37.7,1.042454
1518,29,22699699.192514,38.0,0.547916
1518,31,25201636.341192,27.2,0.09541
1519,2,21461919.754495,39.0,1.065085
1519,5,22256068.170191,36.6,0.613065
1519,6,23193782.406517,34.0,0.471947
1519,12,20087688.21671,40.2,1.506335
1519,19,24974377.531261,21.7,0.118559
1519,24,24096807.354998,29.8,0.320652
1519,25,20734329.156592,38.3,1.04259
1519,29,22699263.652529,38.4,0.548006
1519,31,25201206.804082,32.5,0.095485
1520,2,21462239.582086,39.2,1.064961
1520,5,22255592.05845,37.4,0.613168
1520,6,23194373.846747,33.9,0.471831
1520,12,20087753.812079,44.3,1.506209
1520,19,24974930.301808,24.2,0.118474
1520,24,24097416.193095,21.9,0.320542
1520,25,20734010.131712,40.5,1.042726
1520,29,22698830.101869,39.1,0.548096
1520,31,25200771.45605,30.5,0.09556
1521,2,21462562.411114,35.2,1.064837
1521,5,22255117.429978,37.1,0.613271
1521,6,23194957.190076,29.8,0.471715
1521,12,20087818.517486,40.6,1.506082
1521,19,24975494.449897,22.0,0.118388
1521,25,20733688.995355,37.1,1.042863
1521,29,22698397.161967,37.5,0.548186
1521,31,25200349.89369,31.5,0.095635
1522,2,21462879.150016,38.3,1.064713
1522,5,22254640.916882,35.9,0.613375
1522,6,23195548.839708,32.3,0.471598
1522,12,20087880.430859,43.9,1.505956
1522,19,24976040.833665,29.2,0.118304
1522,24,24098665.22733,26.8,0.320322
1522,25,20733374.367929,40.6,1.042999
1522,29,22697964.710671,38.8,0.548276
1522,31,25199911.142865,23.9,0.09571
1523,2,21463209.779292,38.9,1.064588
1523,5,22254159.11637,38.4,0.613478
1523,6,23196136.999297,32.5,0.471481
1523,12,20087945.45037,43.9,1.50583
1523,19,24976590.026918,27.8,0.118218
1523,24,24099286.961138,30.0,0.320213
1523,25,20733051.765753,40.6,1.043135
1523,29,22697531.474115,38.3,0.548366
1523,31,25199479.110375,24.1,0.095785
1524,2,21463530.18274,39.4,1.064464
1524,5,22253682.376422,38.2,0.613581
1524,6,23196723.623267,33.1,0.471365
1524,12,20088011.935699,44.4,1.505704
1524,19,24977155.064968,25.4,0.118133
1524,24,24099902.360517,30.5,0.320103
1524,25,20732733.910037,40.4,1.04327
1524,29,22697102.408162,38.2,0.548456
1524,31,25199055.436538,28.7,0.09586
1525,2,21463850.987543,40.1,1.06434
1525,5,22253207.224443,37.2,0.613684
1525,6,23197311.835206,30.7,0.471249
1525,12,20088077.304215,44.1,1.505577
1525,19,24977714.484048,24.2,0.118048
1525,24,24100525.054087,29.2,0.319993
1525,25,20732415.844919,40.4,1.043407
1525,29,22696664.7218,37.4,0.548547
1525,31,25198618.657588,28.3,0.095936
1526,2,21464172.246051,40.5,1.064216
1526,5,22252731.950312,37.6,0.613787
1526,6,23197906.81783,27.0,0.471132
1526,12,20088140.753207,43.9,1.50545
1526,19,24978248.007005,20.1,0.117962
1526,24,24101136.82382,31.2,0.319884
1526,25,20732095.563622,39.5,1.043543
1526,29,22696232.619509,37.6,0.548637
1526,31,25198191.354106,32.2,0.096011
1527,2,21464493.801214,32.9,1.064093
1527,5,22252244.059675,37.0,0.613893
1527,6,23198485.885856,32.0,0.471017
1527,12,20088205.09216,39.7,1.505326
1527,24,24101762.658429,31.4,0.319774
1527,25,20731783.047673,31.9,1.043677
1527,29,22695798.999048,25.4,0.548725
1527,31,25197772.409279,26.6,0.096085
1528,2,21464808.812544,38.9,1.063969
1528,5,22251777.196549,31.6,0.613993
1528,6,23199070.101695,35.8,0.470901
1528,12,20088267.371987,43.0,1.505196
1528,19,24979364.227633,16.7,0.117792
1528,24,24102375.649678,27.2,0.319663
1528,25,20731453.203657,39.5,1.043816
1528,29,22695362.708704,36.1,0.548817
1528,31,25197323.833982,21.0,0.096162
1529,2,21465128.866988,38.5,1.063847
1529,5,22251295.919544,37.5,0.614097
1529,6,23199651.281197,34.8,0.470786
1529,12,20088331.117632,44.3,1.50507
1529,19,24979928.323372,18.0,0.117708
1529,24,24103026.996505,20.8,0.319553
1529,25,20731137.407067,40.0,1.043952
1529,29,22694931.793027,36.1,0.548906
1529,31,25196891.73169,25.8,0.096237
1530,2,21465442.272898,38.2,1.063724
1530,5,22250815.759353,36.7,0.614201
1530,6,23200233.001656,35.9,0.470671
1530,12,20088394.776026,44.0,1.504944
1530,24,24103618.00048,28.8,0.319442
1530,25,20730818.835891,40.4,1.044087
1530,29,22694502.604922,36.9,0.548995
1530,31,25196458.634736,33.1,0.096312
1531,2,21465764.002563,37.9,1.063601
1531,5,22250341.549686,34.5,0.614303
1531,6,23200814.33821,35.7,0.470555
1531,12,20088455.677286,43.6,1.504816
1531,24,24104244.306245,25.0,0.319332
1531,25,20730499.304954,40.0,1.044224
1531,29,22694065.564219,35.2,0.549085
1531,31,25196025.485431,35.8,0.096387
1532,2,21466077.09437,37.7,1.063478
1532,5,22249853.310043,33.2,0.614407
1532,6,23201396.96608,36.6,0.47044
1532,12,20088520.260542,43.8,1.50469
1532,24,24104877.295443,23.1,0.319221
1532,25,20730177.453138,39.6,1.044359
1532,29,22693635.782806,35.3,0.549174
1532,31,25195591.81262,36.2,0.096462
1533,2,21466394.46148,38.7,1.063356
1533,5,22249372.015588,32.9,0.61451
1533,6,23201968.844615,37.3,0.470325
1533,12,20088580.690646,44.5,1.504563
1533,19,24982080.092271,15.6,0.117371
1533,24,24105501.35013,26.4,0.31911
1533,25,20729855.357019,40.2,1.044495
1533,29,22693200.050869,37.7,0.549263
1533,31,25195158.488813,36.6,0.096538
1534,2,21466709.594962,38.5,1.063233
1534,5,22248895.991098,32.1,0.614613
1534,6,23202551.08858,37.2,0.47021
1534,12,20088644.31414,44.6,1.504436
1534,19,24982599.393301,23.5,0.117287
1534,24,24106118.669032,28.1,0.318999
1534,25,20729537.623455,40.4,1.044631
1534,29,22692767.512322,36.9,0.549353
1534,31,25194725.932816,37.2,0.096613
1535,2,21467025.409002,38.5,1.06311
1535,5,22248414.068435,33.5,0.614717
1535,6,23203134.030554,37.3,0.470094
1535,12,20088705.005997,44.8,1.504309
1535,19,24983157.747918,24.2,0.117203
1535,24,24106738.483316,27.5,0.318889
1535,25,20729221.791964,39.7,1.044766
1535,29,22692339.842385,37.5,0.549442
1535,31,25194292.277455,39.7,0.096687
1536,2,21467343.910377,38.1,1.062988
1536,5,22247935.723066,32.5,0.61482
1536,6,23203713.360333,36.7,0.469979
1536,12,20088771.979933,44.1,1.504181
1536,19,24983697.797257,24.3,0.117119
1536,24,24107358.873457,28.2,0.318779
1536,25,20728898.439429,39.4,1.044902
1536,29,22691904.668855,37.1,0.549532
1536,31,25193858.604643,38.1,0.096763
1537,2,21467659.008958,38.3,1.062866
1537,5,22247457.255546,31.9,0.614923
1537,6,23204285.954328,36.3,0.469865
1537,12,20088831.345574,44.3,1.504054
1537,19,24984247.915371,26.5,0.117035
1537,24,24107985.737629,26.3,0.318667
1537,25,20728578.262834,40.0,1.045038
1537,29,22691469.966481,37.0,0.549621
1537,31,25193423.605616,37.0,0.096838
1538,2,21467971.210804,38.3,1.062742
1538,5,22246967.515185,30.6,0.615027
1538,6,23204867.378132,35.8,0.469749
1538,12,20088889.925955,44.3,1.503927
1538,19,24984786.463991,26.0,0.11695
1538,24,24108599.234934,25.0,0.318558
1538,25,20728258.801698,39.7,1.045174
1538,29,22691033.90299,36.4,0.54971
1538,31,25192985.430648,34.0,0.096912
1539,2,21468281.946831,37.4,1.06262
1539,5,22246490.705436,31.2,0.61513
1539,6,23205445.538747,36.0,0.469634
1539,12,20088954.247457,44.1,1.503799
1539,19,24985319.35874,24.4,0.116866
1539,24,24109218.473361,26.2,0.318446
1539,25,20727937.57809,38.9,1.045309
1539,29,22690602.062452,36.4,0.549799
1539,31,25192555.99824,34.3,0.096988
1540,2,21468600.83211,37.7,1.062497
1540,5,22246007.334404,30.6,0.615234
1540,6,23206026.124941,36.0,0.469518
1540,12,20089015.288319,44.1,1.503672
1540,19,24985863.980036,25.9,0.116782
1540,24,24109835.041904,27.4,0.318336
1540,25,20727616.703486,39.2,1.045445
1540,29,22690169.646056,36.4,0.549888
1540,31,25192123.581844,37.5,0.097062
1541,2,21468919.281134,37.4,1.062375
1541,5,22245529.233339,30.6,0.615336
1541,6,23206602.104278,35.3,0.469404
1541,12,20089077.11444,43.7,1.503543
1541,24,24110468.868713,24.3,0.318225
1541,25,20727294.188562,39.3,1.045581
1541,29,22689736.514202,36.7,0.549978
1541,31,25191686.558591,38.5,0.097138
1542,2,21469234.798521,37.9,1.062252
1542,5,22245050.312113,32.0,0.61544
1542,6,23207177.542658,37.0,0.469289
1542,12,20089138.713709,44.8,1.503415
1542,24,24111091.684434,25.4,0.318114
1542,25,20726975.948941,40.2,1.045717
1542,29,22689300.764815,37.3,0.550067
1542,31,25191251.699165,39.8,0.097213
1543,2,21469548.13463,38.1,1.06213
1543,5,22244563.503388,31.8,0.615543
1543,6,23207760.694035,37.1,0.469174
1543,12,20089201.429792,44.4,1.503287
1543,19,24987501.107113,16.9,0.116529
1543,24,24111714.395455,28.6,0.318004
1543,25,20726654.934735,40.1,1.045853
1543,29,22688869.709536,36.5,0.550156
1543,31,25190819.160618,38.6,0.097288
1544,2,21469864.62923,38.2,1.062007
1544,5,22244090.637388,31.9,0.615647
1544,6,23208339.203653,36.8,0.469058
1544,12,20089265.192887,44.4,1.50316
1544,19,24988027.754685,21.5,0.116445
1544,24,24112316.602469,28.4,0.317894
1544,25,20726336.764915,40.1,1.045988
1544,29,22688438.218002,37.0,0.550246
1544,31,25190383.166928,37.8,0.097362
1545,2,21470181.19363,38.5,1.061885
1545,5,22243606.463647,32.5,0.61575
1545,6,23208917.189765,36.6,0.468944
1545,12,20089330.229849,44.5,1.503031
1545,19,24988569.16514,19.9,0.116362
1545,24,24112955.734144,29.1,0.317782
1545,25,20726018.071589,40.2,1.046124
1545,29,22688008.611091,37.1,0.550335
1545,31,25189951.448541,37.9,0.097438
1546,2,21470497.653328,38.0,1.061762
1546,5,22243125.465845,31.7,0.615854
1546,6,23209499.555882,36.7,0.468828
1546,12,20089393.068083,44.4,1.502903
1546,19,24989124.55322,20.0,0.116277
1546,24,24113561.501002,27.8,0.317673
1546,25,20725699.552764,40.1,1.046259
1546,29,22687577.084657,37.1,0.550424
1546,31,25189518.421388,37.9,0.097512
1547,2,21470811.96665,37.7,1.06164
1547,5,22242649.546057,29.8,0.615957
1547,6,23210071.713621,36.3,0.468714
1547,12,20089455.260659,44.1,1.502774
1547,24,24114195.990919,25.0,0.317561
1547,25,20725380.423182,39.7,1.046395
1547,29,22687140.131205,35.8,0.550514
1547,31,25189084.766027,36.9,0.097588
1548,2,21471127.135033,37.7,1.061516
1548,5,22242164.569605,30.3,0.616061
1548,6,23210653.381729,36.6,0.468598
1548,12,20089519.512361,44.6,1.502646
1548,24,24114806.76599,28.1,0.317451
1548,25,20725060.630492,39.7,1.046531
1548,29,22686704.905324,37.0,0.550603
1548,31,25188657.654497,36.8,0.097662
1549,2,21471444.589394,38.1,1.061395
1549,5,22241681.861682,30.6,0.616164
1549,6,23211227.458992,35.8,0.468484
1549,12,20089581.530434,45.0,1.502518
1549,24,24115436.282595,25.4,0.31734
1549,25,20724738.621624,40.3,1.046666
1549,29,22686278.579054,37.4,0.550692
1549,31,25188219.619131,37.8,0.097737
1550,2,21471760.769889,38.8,1.061273
1550,5,22241201.212885,31.8,0.616267
1550,6,23211803.874584,35.8,0.468369
1550,12,20089643.792811,44.6,1.502389
1550,24,24116055.573373,23.0,0.317229
1550,25,20724420.748458,40.0,1.046802
1550,29,22685848.291585,36.9,0.550781
1550,31,25187783.032134,37.8,0.097812
1551,2,21472074.315402,37.2,1.061149
1551,5,22240717.5801,30.9,0.61637
1551,6,23212386.92126,35.0,0.468253
1551,12,20089705.810885,44.1,1.50226
1551,19,24991873.695424,13.5,0.115857
1551,24,24116673.991639,23.8,0.317119
1551,25,20724099.629551,38.9,1.046938
1551,29,22685409.034704,36.0,0.550871
1551,31,25187348.870716,36.4,0.097887
1552,2,21472391.001953,37.8,1.061026
1552,5,22240232.935203,30.1,0.616475
1552,6,23212963.2147,36.6,0.468138
1552,12,20089767.357803,44.2,1.502132
1552,24,24117288.972213,24.3,0.317009
1552,25,20723781.651683,39.1,1.047073
1552,29,22684973.843724,36.2,0.55096
1552,31,25186916.977827,35.9,0.097961
1553,2,21472700.865469,37.2,1.060904
1553,5,22239753.734773,30.9,0.616577
1553,6,23213538.408778,36.6,0.468023
1553,12,20089829.60273,43.9,1.502002
1553,19,24992915.455972,18.4,0.115689
1553,24,24117922.013762,23.8,0.316898
1553,25,20723457.147434,39.0,1.047209
1553,29,22684533.016324,35.9,0.551049
1553,31,25186490.86096,35.3,0.098036
1554,2,21473017.901025,37.9,1.060781
1554,5,22239270.625495,31.9,0.616681
1554,6,23214115.365327,37.5,0.467908
1554,12,20089890.922795,44.8,1.501873
1554,24,24118528.042374,28.4,0.316788
1554,25,20723138.017852,40.0,1.047344
1554,29,22684100.582478,36.6,0.551138
1554,31,25186053.610854,36.6,0.098111
1555,2,21473329.666616,38.2,1.06066
1555,5,22238793.047936,32.3,0.616783
1555,6,23214692.740681,36.6,0.467794
1555,12,20089952.661665,44.7,1.501743
1555,24,24119144.104861,25.8,0.316676
1555,25,20722816.323088,39.7,1.04748
1555,29,22683673.366247,37.0,0.551228
1555,31,25185611.108233,37.8,0.098186
1556,2,21473645.341054,37.6,1.060536
1556,5,22238313.376351,31.1,0.616887
1556,6,23215271.634204,36.4,0.467678
1556,12,20090016.215358,44.6,1.501614
1556,24,24119774.563777,28.0,0.316566
1556,25,20722499.444584,39.3,1.047616
1556,29,22683232.660998,36.2,0.551317
1556,31,25185187.504197,37.9,0.09826
1557,2,21473955.326722,37.5,1.060414
1557,5,22237830.703328,31.5,0.616989
1557,6,23215847.54374,37.1,0.467564
1557,12,20090078.268333,44.2,1.501484
1557,24,24120392.144433,26.6,0.316455
1557,25,20722174.469179,39.4,1.047752
1557,29,22682797.66197,36.0,0.551407
1557,31,25184746.205641,36.6,0.098336
1558,2,21474273.566343,37.7,1.060292
1558,5,22237343.109344,31.7,0.617094
1558,6,23216419.108172,37.5,0.467449
1558,12,20090140.792463,44.6,1.501355
1558,24,24120997.876392,24.7,0.316345
1558,25,20721856.857766,40.0,1.047887
1558,29,22682368.822869,36.7,0.551495
1558,31,25184309.269639,35.6,0.09841
1559,2,21474584.878228,37.1,1.060169
1559,5,22236865.060629,31.4,0.617197
1559,6,23216999.031258,37.8,0.467334
1559,12,20090203.264242,44.7,1.501225
1559,24,24121623.972754,25.6,0.316235
1559,25,20721536.506669,39.7,1.048023
1559,29,22681925.552438,36.3,0.551585
1559,31,25183872.59539,36.3,0.098485
1560,2,21474902.070836,38.1,1.060047
1560,5,22236387.203867,32.0,0.617299
1560,6,23217578.849643,38.4,0.467219
1560,12,20090264.741359,44.7,1.501095
1560,19,24996672.906657,12.1,0.1151
1560,24,24122260.748649,25.4,0.316123
1560,25,20721216.347524,40.0,1.048159
1560,29,22681495.962978,36.0,0.551675
1560,31,25183441.801865,36.6,0.09856
1561,2,21475216.645911,38.0,1.059925
1561,5,22235902.838173,31.8,0.617403
1561,6,23218151.234235,37.8,0.467104
1561,12,20090325.380866,44.6,1.500965
1561,19,24997221.31465,20.9,0.115016
1561,24,24122876.008426,25.9,0.316013
1561,25,20720894.146704,39.6,1.048294
1561,29,22681062.848574,35.8,0.551763
1561,31,25183010.188179,36.8,0.098634
1562,2,21475528.603453,37.4,1.059802
1562,5,22235422.433678,30.4,0.617506
1562,6,23218734.507763,36.2,0.466989
1562,12,20090392.110499,43.9,1.500835
1562,19,24997755.710118,19.8,0.114932
1562,24,24123494.653546,27.5,0.315902
1562,25,20720575.645329,39.4,1.04843
1562,29,22680629.838871,36.5,0.551853
1562,31,25182570.878948,37.0,0.09871
1563,2,21475846.127615,37.7,1.059679
1563,5,22234940.406314,31.4,0.617609
1563,6,23219305.356736,35.8,0.466873
1563,12,20090453.308412,44.5,1.500705
1563,19,24998343.049547,17.9,0.114848
1563,24,24124102.374829,24.5,0.315792
1563,25,20720256.411046,39.7,1.048565
1563,29,22680187.37115,36.2,0.551942
1563,31,25182143.697618,36.9,0.098784
1564,2,21476159.446275,37.7,1.059558
1564,5,22234461.973694,32.4,0.617712
1564,6,23219878.893043,34.9,0.46676
1564,12,20090515.396287,44.2,1.500574
1564,24,24124721.473654,25.5,0.315681
1564,25,20719934.454529,39.4,1.048701
1564,29,22679759.910616,36.3,0.552032
1564,31,25181702.137308,36.0,0.098859
1565,2,21476471.787722,36.9,1.059435
1565,5,22233981.377247,32.8,0.617815
1565,6,23220458.95573,36.8,0.466645
1565,12,20090581.619863,44.4,1.500443
1565,24,24125341.410089,26.0,0.31557
1565,25,20719615.150445,39.3,1.048838
1565,29,22679320.967839,35.8,0.552122
1565,31,25181263.805288,36.0,0.098934
1566,2,21476789.905192,37.7,1.059312
1566,5,22233495.14438,31.6,0.617918
1566,6,23221035.493474,34.4,0.466529
1566,12,20090641.910366,44.7,1.500313
1566,19,24999973.056935,15.6,0.114595
1566,24,24125973.404625,26.8,0.31546
1566,25,20719293.508031,39.6,1.048973
1566,29,22678879.704183,36.1,0.552211
1566,31,25180831.545945,36.4,0.099009
1567,2,21477096.871972,37.3,1.05919
1567,5,22233019.05009,31.4,0.61802
1567,6,23221617.370985,35.2,0.466415
1567,12,20090706.057366,44.4,1.500182
1567,19,25000467.997461,22.3,0.114511
1567,24,24126596.359948,24.4,0.315348
1567,25,20718970.015895,39.3,1.049109
1567,29,22678451.283887,36.5,0.5523
1567,31,25180400.734969,36.2,0.099084
1568,2,21477417.833827,37.1,1.059067
1568,5,22232538.663045,31.4,0.618124
1568,6,23222188.045456,35.8,0.466299
1568,12,20090767.988189,43.8,1.500051
1568,19,25001022.792234,22.0,0.114427
1568,24,24127207.22227,27.8,0.315238
1568,25,20718652.701135,39.6,1.049245
1568,29,22678014.068682,35.8,0.55239
1568,31,25179963.20566,38.1,0.099159
1569,2,21477733.176711,37.8,1.058945
1569,5,22232054.768507,31.3,0.618228
1569,6,23222766.310771,37.3,0.466185
1569,12,20090832.711046,44.3,1.499921
1569,19,25001568.076638,22.0,0.114344
1569,24,24127828.956078,28.8,0.315128
1569,25,20718335.194424,40.4,1.04938
1569,29,22677581.739537,36.3,0.552479
1569,31,25179533.267195,37.7,0.099233
1570,2,21478043.912739,37.4,1.058822
1570,5,22231566.860419,30.9,0.618331
1570,6,23223343.878078,38.3,0.466069
1570,12,20090894.921073,44.5,1.49979
1570,19,25002091.967075,17.8,0.11426
1570,24,24128446.676336,27.4,0.315017
1570,25,20718013.080854,40.6,1.049515
1570,29,22677146.286804,37.3,0.552568
1570,31,25179101.72331,38.7,0.099307
1571,2,21478358.069009,36.1,1.0587
1571,5,22231094.360874,29.6,0.618434
1571,6,23223917.344583,37.0,0.465955
1571,12,20090957.532454,43.4,1.499659
1571,19,25002621.371781,20.1,0.114176
1571,24,24129062.424719,26.2,0.314906
1571,25,20717694.666731,39.9,1.049651
1571,29,22676712.753594,36.3,0.552657
1571,31,25178666.689382,36.8,0.099382
1572,2,21478671.370218,36.8,1.058578
1572,5,22230612.298609,30.3,0.618537
1572,6,23224495.958903,37.2,0.46584
1572,12,20091022.011008,43.9,1.499528
1572,19,25003163.707098,26.0,0.114092
1572,24,24129680.616133,27.1,0.314796
1572,25,20717374.507586,40.3,1.049787
1572,29,22676276.585402,36.6,0.552747
1572,31,25178230.52119,37.7,0.099457
1573,2,21478988.772229,36.8,1.058455
1573,5,22230126.868452,30.0,0.618641
1573,6,23225073.281907,36.5,0.465725
1573,12,20091085.791554,44.4,1.499398
1573,19,25003706.862575,25.2,0.114008
1573,24,24130306.206439,27.8,0.314686
1573,25,20717059.949961,40.7,1.049921
1573,29,22675843.313946,37.5,0.552836
1573,31,25177804.14257,37.7,0.09953
1574,2,21479305.860135,36.2,1.058332
1574,5,22229650.72181,30.0,0.618745
1574,6,23225653.292244,36.2,0.46561
1574,12,20091149.868754,44.2,1.499267
1574,24,24130910.804133,24.3,0.314576
1574,25,20716742.373449,40.8,1.050057
1574,29,22675412.712373,38.6,0.552925
1574,31,25177373.540997,37.1,0.099605
1575,2,21479621.552024,34.5,1.058212
1575,5,22229174.348316,30.2,0.618846
1575,6,23226230.999153,34.7,0.465496
1575,12,20091220.018629,44.2,1.499135
1575,24,24131595.533227,23.9,0.314463
1575,25,20716427.903075,40.3,1.050193
1575,29,22674983.71622,39.3,0.553014
1575,31,25176944.24819,37.7,0.09968
1576,2,21479940.437303,34.3,1.058088
1576,5,22228687.696644,30.1,0.618951
1576,6,23226812.213555,35.2,0.465381
1576,12,20091285.893201,43.7,1.499005
1576,19,25005347.444796,15.2,0.113756
1576,25,20716110.93732,41.0,1.050328
1576,29,22674553.428751,40.9,0.553103
1576,31,25176513.349963,37.0,0.099754
1577,2,21480260.387045,34.5,1.057966
1577,5,22228210.50299,32.9,0.619054
1577,6,23227393.881663,35.6,0.465266
1577,12,20091352.204028,44.0,1.498873
1577,19,25005875.453484,17.0,0.113672
1577,24,24132807.276346,26.9,0.314243
1577,25,20715795.315232,40.9,1.050463
1577,29,22674123.891641,40.4,0.553192
1577,31,25176079.921455,34.8,0.099829
1578,2,21480579.080372,36.0,1.057842
1578,5,22227728.144071,33.3,0.619158
1578,6,23227972.495983,37.0,0.46515
1578,12,20091419.387367,44.6,1.498742
1578,24,24133406.865828,29.4,0.314134
1578,25,20715480.844858,41.8,1.050598
1578,29,22673691.00409,39.7,0.553281
1578,31,25175655.130805,33.8,0.099902
1579,2,21480895.679672,35.8,1.057721
1579,5,22227249.397347,33.9,0.619262
1579,6,23228547.218904,36.9,0.465036
1579,12,20091485.959947,44.1,1.498611
1579,19,25006983.52486,16.2,0.113505
1579,24,24134037.359645,29.2,0.314023
1579,25,20715169.079268,41.4,1.050733
1579,29,22673262.025387,39.0,0.55337
1579,31,25175228.246128,32.7,0.099976
1580,2,21481212.418575,38.5,1.057599
1580,5,22226769.58616,35.5,0.619366
1580,6,23229125.658722,36.0,0.464922
1580,12,20091554.469502,44.4,1.498481
1580,24,24134656.580622,29.1,0.313912
1580,25,20714855.655907,41.7,1.050868
1580,29,22672837.077685,37.3,0.553458
1580,31,25174796.40559,29.7,0.10005
1581,2,21481531.862261,39.1,1.057477
1581,5,22226291.572346,36.5,0.619469
1581,6,23229707.431531,34.9,0.464807
1581,12,20091622.979057,44.6,1.498349
1581,19,25008024.116245,19.8,0.113338
1581,24,24135291.9954,27.5,0.313802
1581,25,20714540.435173,41.7,1.051003
1581,29,22672409.128545,36.8,0.553547
1581,31,25174378.961481,30.2,0.100124
1582,2,21481848.147457,39.2,1.057354
1582,5,22225813.104825,38.1,0.619573
1582,6,23230286.918361,34.3,0.464692
1582,12,20091689.534188,44.6,1.498218
1582,19,25008577.235796,32.0,0.113254
1582,24,24135899.681783,27.2,0.313691
1582,25,20714228.652133,42.2,1.051137
1582,29,22671981.929764,37.3,0.553636
1582,31,25173956.54406,29.2,0.100198
1583,2,21482164.310502,38.9,1.057233
1583,5,22225331.82782,38.8,0.619677
1583,6,23230861.815785,33.4,0.464578
1583,12,20091758.078643,44.6,1.498087
1583,19,25009115.854217,32.0,0.113171
1583,24,24136534.538154,28.6,0.31358
1583,25,20713916.467738,41.9,1.051272
1583,29,22671553.125564,38.3,0.553724
1583,31,25173525.34918,29.6,0.100272
1584,2,21482479.164781,39.2,1.057111
1584,5,22224848.631291,38.6,0.619781
1584,6,23231439.592494,33.9,0.464464
1584,12,20091824.092817,44.7,1.497956
1584,19,25009655.851205,31.7,0.113088
1584,24,24137152.781919,27.6,0.31347
1584,25,20713604.754498,41.6,1.051406
1584,29,22671126.589891,38.8,0.553812
1584,31,25173101.500841,30.8,0.100346
1585,2,21482798.591017,39.0,1.056989
1585,5,22224366.411974,38.3,0.619885
1585,6,23232017.124901,34.0,0.46435
1585,12,20091892.288268,44.7,1.497825
1585,19,25010181.224911,30.7,0.113005
1585,24,24137776.784255,27.9,0.313359
1585,25,20713285.607466,41.9,1.051541
1585,29,22670700.420674,38.5,0.553901
1585,31,25172675.349074,30.6,0.10042
1586,2,21483113.340594,39.4,1.056867
1586,5,22223885.518873,38.4,0.619989
1586,6,23232593.29619,34.0,0.464235
1586,12,20091955.510406,44.6,1.497694
1586,19,25010720.52389,31.4,0.112922
1586,24,24138403.316873,27.5,0.313249
1586,25,20712979.7924,41.9,1.051675
1586,29,22670269.888902,38.7,0.553989
1586,31,25172248.097943,31.8,0.100493
1587,2,21483431.824518,38.7,1.056746
1587,5,22223406.545297,37.8,0.620092
1587,6,23233166.012336,34.8,0.464121
1587,12,20092026.969048,44.3,1.497562
1587,19,25011267.448614,31.4,0.112839
1587,24,24139029.989092,26.9,0.313137
1587,25,20712663.611905,41.6,1.051811
1587,29,22669844.592195,37.7,0.554078
1587,31,25171817.409119,23.9,0.100568
1588,2,21483744.410268,38.8,1.056624
1588,5,22222925.599846,38.4,0.620196
1588,6,23233740.316452,34.6,0.464008
1588,12,20092094.640992,44.6,1.497429
1588,19,25011792.892121,28.3,0.112756
1588,24,24139643.276994,27.5,0.313026
1588,25,20712342.754751,42.2,1.051946
1588,29,22669412.489903,38.4,0.554167
1589,2,21484061.620326,38.7,1.056501
1589,5,22222439.646182,38.4,0.620301
1589,6,23234323.136274,34.3,0.463892
1589,12,20092158.805443,44.6,1.497299
1589,19,25012340.637005,30.2,0.112672
1589,24,24140263.859088,27.3,0.312917
1589,25,20712038.771958,42.2,1.052079
1589,29,22668986.512638,38.5,0.554255
1589,31,25170966.222398,22.7,0.100714
1590,2,21484378.987436,38.9,1.056379
1590,5,22221960.480653,38.5,0.620404
1590,6,23234907.317214,33.3,0.463777
1590,12,20092225.86663,44.2,1.497167
1590,19,25012873.566655,33.3,0.112588
1590,24,24140880.427631,26.5,0.312807
1590,25,20711721.195446,41.3,1.052214
1590,29,22668558.301745,36.7,0.554344
1590,31,25170543.106968,30.6,0.100788
1591,2,21484710.436872,19.7,1.056258
1591,5,22221477.982133,33.7,0.620509
1591,6,23235515.474752,19.1,0.463664
1591,12,20092291.985505,33.5,1.497036
1591,19,25013397.771196,29.0,0.112506
1591,24,24141505.372279,27.0,0.312695
1591,25,20711426.670671,18.9,1.052349
1591,29,22668127.682722,24.3,0.554432
1591,31,25170114.285317,31.3,0.100862
1592,2,21485006.148262,37.5,1.056136
1592,5,22220995.448712,29.1,0.620612
1592,6,23236049.538666,34.0,0.463549
1592,12,20092356.865414,41.9,1.496903
1592,29,22667698.197963,37.0,0.55452
1592,31,25169687.801996,31.5,0.100936
1593,2,21485320.915289,39.1,1.056013
1593,5,22220507.069468,38.3,0.620716
1593,6,23236627.524778,32.6,0.463434
1593,12,20092425.200467,44.3,1.496772
1593,19,25014483.733146,29.7,0.112339
1593,24,24142743.62228,23.6,0.312475
1593,25,20710775.02719,41.6,1.052618
1593,29,22667268.573602,37.4,0.554609
1593,31,25169262.976445,29.7,0.10101
1594,2,21485636.101122,39.1,1.055892
1594,5,22220028.392545,38.0,0.62082
1594,6,23237198.129448,33.8,0.46332
1594,12,20092490.062926,44.5,1.496639
1594,19,25015015.074826,23.2,0.112256
1594,24,24143367.607166,26.9,0.312364
1594,25,20710462.441439,41.6,1.052753
1594,29,22666836.680713,37.8,0.554698
1594,31,25168830.490248,26.9,0.101084
1595,2,21485951.548708,39.7,1.05577
1595,5,22219544.288605,38.2,0.620924
1595,6,23237774.981296,34.7,0.463206
1595,12,20092554.262277,44.3,1.496507
1595,19,25015554.443606,24.2,0.112173
1595,24,24143993.616277,27.1,0.312253
1595,25,20710147.726762,41.8,1.052887
1595,29,22666409.534283,37.9,0.554786
1595,31,25168407.828525,31.2,0.101157
1596,2,21486267.990957,39.2,1.055648
1596,5,22219059.0853,38.4,0.621028
1596,6,23238353.14191,33.4,0.463091
1596,12,20092622.178525,44.9,1.496375
1596,19,25016085.24433,26.9,0.112089
1596,24,24144608.649201,27.7,0.312143
1596,25,20709831.00531,42.1,1.053021
1596,29,22665980.084425,39.9,0.554874
1596,31,25167976.895398,31.2,0.101231
1597,2,21486581.100214,37.9,1.055526
1597,5,22218577.162637,38.2,0.621131
1597,6,23238933.3791,23.7,0.462977
1597,12,20092687.372538,44.5,1.496242
1597,19,25016622.606335,33.3,0.112006
1597,24,24145222.46061,27.5,0.312032
1597,25,20709515.156369,42.4,1.053156
1597,29,22665547.022371,40.8,0.554963
1597,31,25167542.629279,31.6,0.101305
1598,2,21486901.765415,28.5,1.055405
1598,5,22218096.461489,30.0,0.621234
1598,6,23239486.079846,27.9,0.462864
1598,12,20092753.21221,41.4,1.496109
1598,19,25017153.721162,35.1,0.111923
1598,24,24145849.813388,29.1,0.311921
1598,25,20709199.656432,40.8,1.053291
1598,29,22665115.495936,41.2,0.555052
1599,2,21487203.671632,34.1,1.055282
1599,5,22217611.71189,33.5,0.621339
1599,6,23240079.073146,29.8,0.462748
1599,12,20092816.486699,38.7,1.495978
1599,19,25017693.962453,33.5,0.111839
1599,24,24146464.706711,29.2,0.311811
1599,25,20708892.375548,30.9,1.053425
1599,29,22664685.313169,36.2,0.55514
1599,31,25166696.817225,28.2,0.101452
1600,2,21487518.787664,35.6,1.055161
1600,5,22217128.794565,35.9,0.621442
1600,6,23240648.124746,31.4,0.462634
1600,12,20092883.670038,44.4,1.495845
1600,19,25018227.921665,32.7,0.111756
1600,24,24147070.909825,19.3,0.3117
1600,25,20708570.436481,42.8,1.05356
1600,29,22664254.851198,39.0,0.555229
1600,31,25166259.444968,32.7,0.101526
1601,2,21487837.533341,34.5,1.055037
1601,5,22216643.189905,35.0,0.621547
1601,6,23241234.591664,31.2,0.462519
1601,12,20092950.294969,43.8,1.495712
1601,19,25018761.322471,32.5,0.111672
1601,25,20708255.721804,42.1,1.053694
1601,29,22663822.923408,41.4,0.555317
1601,31,25165837.411452,33.3,0.101599
1602,2,21488150.031841,34.5,1.054916
1602,5,22216158.545008,34.2,0.62165
1602,6,23241800.397524,31.5,0.462404
1602,12,20093011.562684,43.5,1.495579
1602,19,25019296.869653,32.6,0.111589
1602,24,24148325.720082,24.7,0.31148
1602,25,20707938.058041,41.9,1.053829
1602,29,22663388.622389,41.3,0.555406
1602,31,25165407.315935,31.4,0.101673
1603,2,21488469.527877,34.7,1.054794
1603,5,22215681.787609,34.8,0.621753
1603,6,23242379.832004,31.0,0.46229
1603,12,20093079.845386,44.3,1.495446
1603,19,25019833.428948,33.5,0.111505
1603,24,24148939.636192,28.2,0.311369
1603,25,20707622.907108,42.4,1.053964
1603,29,22662957.759063,41.7,0.555495
1603,31,25164974.044479,28.8,0.101747
1604,2,21488779.670597,33.8,1.054672
1604,5,22215193.286214,34.6,0.621857
1604,6,23242940.001444,30.8,0.462176
1604,12,20093146.854222,44.3,1.495313
1604,19,25020366.306248,29.3,0.111423
1604,24,24149555.559078,27.9,0.311259
1604,25,20707307.686375,42.2,1.054099
1604,29,22662525.011113,42.4,0.555584
1605,2,21489100.824404,34.2,1.054549
1605,5,22214715.499252,33.5,0.62196
1605,6,23243530.656414,31.7,0.462061
1605,12,20093215.276525,44.2,1.495179
1605,19,25020914.400137,19.6,0.111338
1605,24,24150184.90118,25.1,0.311149
1605,25,20706992.971698,41.7,1.054234
1605,29,22662093.083324,42.8,0.555673
1605,31,25164118.966359,27.6,0.101895
1606,2,21489410.007362,34.8,1.054428
1606,5,22214235.914918,32.5,0.622064
1606,6,23244102.761802,32.4,0.461947
1606,12,20093281.3256,44.2,1.495046
1606,24,24150784.874567,22.1,0.311038
1606,25,20706678.571125,41.0,1.054369
1606,29,22661662.062945,41.7,0.555762
1606,31,25163683.461275,28.2,0.101968
1607,2,21489728.142282,34.8,1.054305
1607,5,22213757.203095,31.4,0.622166
1607,6,23244683.208395,34.3,0.461832
1607,12,20093347.322323,43.2,1.494912
1607,24,24151422.889428,28.2,0.310927
1607,25,20706361.744972,40.1,1.054504
1607,29,22661228.320333,38.0,0.555851
1608,2,21490041.670344,36.1,1.054182
1608,5,22213278.683224,32.8,0.62227
1608,6,23245260.548849,36.4,0.461716
1608,12,20093412.324384,43.9,1.494777
1608,24,24152032.006728,29.7,0.310817
1608,25,20706043.016745,40.9,1.05464
1608,29,22660792.972301,38.3,0.55594
1609,2,21490360.416021,36.1,1.054059
1609,5,22212795.190041,33.7,0.622373
1609,6,23245841.012892,36.5,0.461601
1609,12,20093483.451472,43.9,1.494643
1609,24,24152644.858375,30.4,0.310708
1609,25,20705726.504695,39.7,1.054775
1609,29,22660355.041637,34.7,0.55603
1609,31,25162409.700081,27.9,0.10219
1610,2,21490683.053097,32.9,1.053938
1610,5,22212319.479655,32.6,0.622476
1610,6,23246415.788164,33.2,0.461487
1610,12,20093549.779749,41.4,1.494509
1610,24,24153292.470856,20.7,0.310596
1610,25,20705412.400776,37.0,1.05491
1610,29,22659930.303337,25.8,0.556119
1610,31,25161976.585677,26.8,0.102264
1611,2,21490999.809449,18.7,1.053817
1611,5,22211838.778507,31.1,0.622579
1611,6,23246985.851877,31.2,0.461374
1611,12,20093620.086677,33.7,1.494375
1611,25,20705096.865939,31.8,1.055045
1611,29,22659491.866616,30.7,0.556208
1611,31,25161542.633662,35.6,0.102339
1612,2,21491309.638065,21.7,1.053692
1612,5,22211353.871857,19.8,0.622681
1612,6,23247578.408921,29.2,0.461257
1612,12,20093687.70627,29.3,1.494239
1612,19,25024704.62233,15.8,0.11075
1612,24,24154508.157725,16.6,0.310376
1612,25,20704778.643768,35.5,1.055182
1612,29,22659053.133242,35.9,0.556299
1612,31,25161108.995752,33.8,0.102413
1613,2,21491623.043976,30.7,1.05357
1613,5,22210871.320985,22.8,0.622785
1613,6,23248150.235106,29.4,0.461142
1613,12,20093752.56873,42.7,1.494105
1613,19,25025237.778833,22.2,0.110667
1613,24,24155122.248337,29.6,0.310267
1613,25,20704466.389572,39.7,1.055317
1613,29,22658616.162339,38.9,0.556388
1613,31,25160674.415529,33.6,0.102487
1614,2,21491951.422173,33.1,1.053445
1614,5,22210404.335708,35.0,0.622887
1614,6,23248753.803237,22.5,0.461025
1614,12,20093825.213986,43.5,1.49397
1614,19,25025777.793271,34.2,0.11058
1614,24,24155729.11456,29.9,0.310158
1614,25,20704147.800947,40.2,1.055453
1614,29,22658180.343151,37.6,0.556479
1614,31,25160247.007346,33.1,0.102561
1615,2,21492272.872634,34.8,1.053323
1615,5,22209934.348994,36.0,0.62299
1615,6,23249317.200967,36.0,0.460911
1615,12,20093894.247047,43.3,1.493834
1615,19,25026315.120375,29.6,0.110497
1615,24,24156362.958819,29.6,0.310047
1615,25,20703836.401811,40.6,1.055589
1615,29,22657744.24476,37.7,0.556569
1615,31,25159822.286496,31.1,0.102636
1616,2,21492590.745801,36.4,1.0532
1616,5,22209458.062751,36.6,0.623092
1616,6,23249899.479832,36.1,0.460796
1616,12,20093967.188958,43.0,1.493699
1616,19,25026852.133376,27.2,0.110413
1616,24,24156980.626726,28.7,0.309937
1616,25,20703519.313904,40.8,1.055725
1616,29,22657310.519598,38.5,0.556659
1616,31,25159387.968027,31.2,0.10271
1617,2,21492907.746456,37.8,1.053077
1617,5,22208983.922885,36.7,0.623195
1617,6,23250484.812486,36.3,0.46068
1617,12,20094034.476997,43.0,1.493564
1617,19,25027408.969824,28.8,0.110328
1617,24,24157595.62475,28.6,0.309827
1617,25,20703206.152297,40.5,1.05586
1617,29,22656878.050852,38.0,0.556748
1617,31,25158958.204064,29.7,0.102784
1618,2,21493231.884251,38.4,1.052953
1618,5,22208505.804369,37.9,0.623298
1618,6,23251070.651196,36.7,0.460564
1618,12,20094107.977314,43.9,1.493429
1618,24,24158212.053691,30.4,0.309718
1618,25,20702893.217542,40.7,1.055996
1618,29,22656440.713495,37.9,0.556839
1618,31,25158537.636367,30.9,0.102858
1619,2,21493553.439413,36.9,1.05283
1619,5,22208030.809442,37.2,0.6234
1619,6,23251652.424005,37.0,0.460449
1619,12,20094174.096189,43.2,1.493293
1619,24,24158834.590209,29.7,0.309608
1619,25,20702578.310913,39.9,1.056131
1619,29,22656004.684904,37.4,0.556929
1619,31,25158105.813278,31.7,0.102932
1620,2,21493869.829311,37.0,1.052708
1620,5,22207554.261446,38.1,0.623503
1620,6,23252232.050438,37.0,0.460335
1620,12,20094250.371091,43.3,1.493158
1620,19,25029057.875799,19.2,0.110075
1620,24,24159456.184415,29.3,0.309498
1620,25,20702268.447396,40.1,1.056267
1620,29,22655572.512811,37.7,0.557018
1620,31,25157679.329957,30.9,0.103006
1621,2,21494196.008781,37.2,1.052584
1621,5,22207080.592736,37.2,0.623606
1621,6,23252819.634169,35.9,0.460218
1621,12,20094316.926222,43.0,1.493022
1621,19,25029607.697259,25.9,0.109989
1621,24,24160070.763634,25.8,0.309389
1621,25,20701953.366265,39.9,1.056402
1621,29,22655139.904463,37.1,0.557108
1621,31,25157248.536432,29.4,0.10308
1622,2,21494512.765133,37.2,1.052461
1622,5,22206600.502345,37.0,0.62371
1622,6,23253396.328965,33.9,0.460103
1622,12,20094387.250599,43.2,1.492888
1622,19,25030132.215904,30.9,0.109905
1622,24,24160683.126675,25.9,0.309279
1622,25,20701642.071831,40.5,1.056537
1622,29,22654705.394042,38.0,0.557198
1622,31,25156824.199487,32.0,0.103153
1623,2,21494830.795352,38.0,1.052338
1623,5,22206121.075063,34.8,0.623813
1623,6,23253984.453654,34.1,0.459988
1623,12,20094460.349561,42.6,1.492753
1623,19,25030671.183329,29.6,0.109822
1623,24,24161300.934184,25.3,0.309169
1623,25,20701331.423055,40.7,1.056672
1623,29,22654276.328088,37.8,0.557287
1623,31,25156400.246447,33.1,0.103227
1624,2,21495157.585579,37.8,1.052215
1624,5,22205644.719019,33.7,0.623916
1624,6,23254568.163437,35.5,0.459872
1624,12,20094532.017605,43.1,1.492617
1624,19,25031232.120579,20.4,0.109736
1624,24,24161920.626316,25.4,0.30906
1624,25,20701016.656027,40.6,1.056807
1624,29,22653842.550575,38.6,0.557377
1624,31,25155975.159143,35.9,0.103301
1625,2,21495478.076278,37.9,1.052092
1625,5,22205172.865131,33.1,0.624019
1625,6,23255149.796645,35.6,0.459757
1625,12,20094601.888277,43.2,1.492483
1625,19,25031781.959489,20.9,0.109652
1625,24,24162524.735404,25.0,0.30895
1625,25,20700706.687809,40.8,1.056942
1625,29,22653412.367808,38.2,0.557466
1625,31,25155555.76061,36.9,0.103374
1626,2,21495796.333349,37.1,1.051969
1626,5,22204694.27546,31.2,0.624122
1626,6,23255735.460852,35.5,0.459642
1626,12,20094673.713373,42.4,1.492347
1626,19,25032331.641348,23.8,0.109568
1626,24,24163160.76094,25.9,0.30884
1626,25,20700395.986682,40.7,1.057077
1626,29,22652984.436118,38.1,0.557555
1626,31,25155130.830357,37.7,0.103447
1627,2,21496119.738235,37.7,1.051846
1627,5,22204217.238857,30.1,0.624226
1627,6,23256313.394614,36.2,0.459526
1627,12,20094745.59082,43.0,1.492213
1627,19,25032865.199206,27.5,0.109484
1627,24,24163769.267483,28.3,0.308731
1627,25,20700088.932651,41.2,1.057211
1627,29,22652549.960597,38.1,0.557644
1627,31,25154709.861305,38.5,0.10352
1628,2,21496441.031644,37.4,1.051722
1628,5,22203734.18193,29.4,0.62433
1628,6,23256904.485839,36.4,0.459411
1628,12,20094816.560856,43.4,1.492078
1628,19,25033390.049405,28.9,0.1094
1628,24,24164388.854914,28.7,0.308622
1628,25,20699776.748256,41.2,1.057346
1628,29,22652120.580539,37.7,0.557734
1628,31,25154284.669299,38.8,0.103593
1629,2,21496761.29549,36.8,1.0516
1629,5,22203255.801661,29.9,0.624434
1629,6,23257484.670679,36.3,0.459296
1629,12,20094889.79942,43.5,1.491943
1629,19,25033937.270783,29.6,0.109316
1629,24,24165007.116128,28.4,0.308512
1629,25,20699467.75725,41.9,1.05748
1629,29,22651692.858252,38.7,0.557822
1629,31,25153864.433156,34.1,0.103667
1630,2,21497083.548661,36.1,1.051477
1630,5,22202774.90856,29.6,0.624537
1630,6,23258069.84628,34.7,0.459181
1630,12,20094965.306512,43.5,1.491808
1630,19,25034488.243958,28.4,0.109233
1630,24,24165613.266892,23.2,0.308403
1630,25,20699160.738119,41.9,1.057614
1630,29,22651268.015251,40.1,0.557911
1630,31,25153444.999722,33.6,0.10374
1631,2,21497406.203187,34.5,1.051355
1631,5,22202303.421127,30.2,0.624641
1631,6,23258651.514388,34.7,0.459066
1631,12,20095038.248422,44.0,1.491673
1631,19,25035017.177508,26.7,0.10915
1631,24,24166261.193477,21.5,0.308292
1631,25,20698856.23182,41.6,1.057748
1631,29,22650842.107787,40.8,0.558
1631,31,25153028.969081,38.2,0.103813
1632,2,21497726.938189,34.5,1.051232
1632,5,22201822.196473,30.4,0.624745
1632,6,23259239.359873,33.5,0.458951
1632,12,20095113.738064,43.7,1.491538
1632,19,25035564.835141,29.2,0.109066
1632,24,24166885.614618,24.7,0.308183
1632,25,20698547.991174,41.3,1.057883
1632,29,22650416.950682,40.7,0.558088
1632,31,25152613.112942,34.9,0.103886
1633,2,21498053.23981,35.0,1.051109
1633,5,22201349.260671,31.2,0.624849
1633,6,23259825.599938,35.1,0.458836
1633,12,20095187.93639,43.9,1.491403
1633,19,25036105.198584,30.2,0.108982
1633,24,24167491.62578,28.7,0.308074
1633,25,20698241.443198,41.7,1.058017
1633,29,22649990.781464,40.8,0.558177
1633,31,25152194.743972,35.0,0.103958
1634,2,21498380.413943,35.5,1.050986
1634,5,22200869.990441,34.1,0.624954
1634,6,23260409.676176,35.1,0.458721
1634,12,20095264.158941,44.6,1.491269
1634,19,25036650.011832,30.3,0.108899
1634,24,24168110.794405,29.8,0.307965
1634,25,20697942.64312,42.7,1.05815
1634,29,22649568.15464,41.6,0.558266
1634,31,25151778.71333,36.1,0.104031
1635,2,21498705.808153,36.9,1.050863
1635,5,22200397.03719,34.4,0.625057
1635,6,23260995.602137,35.7,0.458606
1635,12,20095341.934561,44.9,1.491134
1635,19,25037198.158071,34.2,0.108815
1635,24,24168732.091958,30.4,0.307855
1635,25,20697637.578414,42.7,1.058285
1635,29,22649142.282077,41.3,0.558355
1635,31,25151365.12572,35.4,0.104104
1636,2,21499029.753995,37.4,1.050741
1636,5,22199921.152302,33.8,0.625162
1636,6,23261583.063717,35.3,0.458491
1636,12,20095419.151775,44.2,1.491
1636,19,25037744.559289,31.7,0.108731
1636,24,24169349.236358,29.3,0.307745
1636,25,20697335.270841,42.2,1.058418
1636,29,22648725.448725,40.4,0.558443
1636,31,25150957.279231,34.6,0.104176
1637,2,21499360.383271,38.5,1.050618
1637,5,22199443.225738,35.8,0.625266
1637,6,23262170.612549,32.5,0.458376
1637,12,20095497.956958,44.4,1.490865
1637,19,25038285.324087,31.7,0.108648
1637,24,24169979.642924,28.2,0.307636
1637,25,20697032.718966,42.0,1.058552
1637,29,22648304.479673,40.3,0.558531
1637,31,25150538.718308,34.1,0.104248
1638,2,21499685.585528,38.8,1.050496
1638,5,22198971.877907,36.8,0.62537
1638,6,23262750.343682,33.8,0.458262
1638,12,20095577.023895,44.4,1.490729
1638,19,25038829.980283,24.8,0.108565
1638,24,24170602.545897,26.2,0.307526
1638,25,20696731.057052,42.4,1.058686
1638,29,22647882.603209,39.5,0.55862
1638,31,25150128.236836,33.2,0.104321
1639,2,21500011.276392,38.4,1.050373
1639,5,22198494.43995,37.5,0.625474
1639,6,23263345.553159,34.3,0.458146
1639,12,20095656.893541,44.0,1.490595
1639,24,24171211.541046,22.7,0.307417
1639,25,20696429.883744,42.1,1.05882
1639,29,22647463.012723,37.0,0.558708
1639,31,25149718.837278,34.8,0.104394
1640,2,21500337.386061,40.0,1.050251
1640,5,22198021.5914,39.5,0.625578
1640,6,23263930.379757,34.7,0.458032
1640,12,20095734.163106,45.0,1.49046
1640,24,24171853.621808,27.4,0.307307
1640,25,20696128.518484,41.9,1.058954
1640,29,22647044.731004,36.6,0.558796
1640,31,25149303.260342,35.3,0.104466
1641,2,21500663.687683,39.9,1.050129
1641,5,22197544.74675,39.3,0.625683
1641,6,23264518.382294,34.9,0.457917
1641,12,20095812.23538,44.8,1.490325
1641,24,24172488.722482,26.7,0.307197
1641,25,20695827.065972,41.6,1.059087
1641,29,22646629.346021,37.5,0.558884
1641,31,25148891.766758,34.9,0.104538
1642,2,21500988.610737,40.1,1.050006
1642,5,22197067.727597,39.2,0.625787
1642,6,23265103.226341,34.8,0.457802
1642,12,20095891.930524,44.8,1.49019
1642,24,24173098.136436,28.0,0.307088
1642,25,20695528.7196,41.7,1.05922
1642,29,22646203.281504,37.1,0.558972
1642,31,25148482.192697,34.7,0.104611
1643,2,21501315.139212,39.7,1.049885
1643,5,22196598.29929,38.9,0.625891
1643,6,23265689.675809,35.4,0.457688
1643,12,20095971.137062,44.8,1.490055
1643,24,24173740.042696,26.6,0.306977
1643,25,20695227.476491,41.0,1.059354
1643,29,22645786.622655,35.5,0.55906
1643,31,25148076.335533,35.7,0.104683
1644,2,21501642.7845,39.8,1.049762
1644,5,22196120.407627,39.2,0.625996
1644,6,23266278.463605,35.1,0.457573
1644,12,20096050.849657,44.6,1.489921
1644,24,24174348.304936,26.9,0.306868
1644,25,20694932.46311,41.7,1.059487
1644,29,22645371.394724,35.2,0.559148
1644,31,25147669.187053,31.8,0.104755
1645,2,21501971.127797,39.4,1.04964
1645,5,22195646.21541,41.2,0.626101
1645,6,23266864.023112,36.1,0.457459
1645,12,20096132.464325,44.4,1.489785
1645,19,25042639.676919,21.0,0.107983
1645,24,24174994.434148,19.9,0.306758
1645,25,20694632.441516,40.6,1.059621
1645,29,22644954.753326,32.2,0.559236
1645,31,25147253.156412,30.9,0.104828
1646,2,21502299.15699,40.5,1.049517
1646,5,22195172.5816,40.7,0.626205
1646,6,23267456.16135,35.3,0.457343
1646,12,20096209.262734,44.5,1.48965
1646,19,25043179.06315,29.1,0.107899
1646,24,24175618.349233,17.5,0.306649
1646,25,20694332.699126,39.7,1.059754
1646,29,22644534.499732,27.5,0.559325
1646,31,25146840.388961,30.5,0.1049
1647,2,21502621.497412,39.4,1.049395
1647,5,22194696.592011,39.2,0.626309
1647,6,23268039.033523,35.8,0.45723
1647,12,20096288.783376,43.7,1.489515
1647,19,25043721.747471,24.6,0.107817
1647,25,20694031.473467,39.8,1.059888
1647,29,22644111.855458,31.7,0.559413
1647,31,25146435.439208,29.0,0.104972
1648,2,21502948.531943,38.9,1.049272
1648,5,22194219.590309,39.7,0.626414
1648,6,23268626.879008,32.1,0.457114
1648,12,20096367.902663,43.9,1.48938
1648,19,25044290.415167,26.8,0.107733
1648,25,20693734.051956,40.0,1.060021
1648,29,22643695.109358,33.2,0.559501
1648,31,25146021.991199,32.8,0.105044
1649,2,21503275.200019,39.6,1.049151
1649,5,22193743.687971,40.1,0.626518
1649,6,23269207.465203,35.9,0.457
1649,12,20096447.510556,44.6,1.489244
1649,19,25044860.49633,22.4,0.107651
1649,24,24177443.101052,17.4,0.30632
1649,25,20693430.540319,40.5,1.060155
1649,29,22643279.183418,34.1,0.559589
1649,31,25145608.455939,34.7,0.105117
1650,2,21503604.590329,39.9,1.049028
1650,5,22193268.152087,39.9,0.626622
1650,6,23269794.979134,35.5,0.456885
1650,12,20096526.29829,44.4,1.489109
1650,24,24178121.75747,18.5,0.306211
1650,25,20693130.06502,40.4,1.060288
1650,29,22642852.211491,33.9,0.559678
1650,31,25145199.77184,35.5,0.105189
1651,2,21503927.506608,39.0,1.048906
1651,5,22192793.90752,39.7,0.626727
1651,6,23270380.52119,35.5,0.456772
1651,12,20096607.2673,43.3,1.488974
1651,25,20692831.509245,39.3,1.060421
1651,29,22642438.222525,33.2,0.559765
1651,31,25144792.989814,34.2,0.105261
1652,2,21504253.895481,39.6,1.048784
1652,5,22192318.057532,39.7,0.626831
1652,6,23270963.829618,36.2,0.456657
1652,12,20096685.723479,43.7,1.488838
1652,24,24179338.561153,16.1,0.305991
1652,25,20692532.534664,39.7,1.060555
1652,29,22642015.735303,32.8,0.559853
1652,31,25144378.582043,33.9,0.105333
1653,2,21504574.927136,39.4,1.048662
1653,5,22191841.352484,39.8,0.626935
1653,6,23271551.081796,35.5,0.456543
1653,12,20096764.842766,44.2,1.488703
1653,24,24179983.992356,23.0,0.30588
1653,25,20692227.906213,39.9,1.060688
1653,29,22641597.488484,35.0,0.559941
1653,31,25143969.932844,34.6,0.105406
1654,2,21504905.032905,39.5,1.048539
1654,5,22191365.607198,39.7,0.62704
1654,6,23272140.497801,34.6,0.456427
1654,12,20096844.014404,43.6,1.488567
1654,19,25047537.830887,20.3,0.107235
1654,24,24180573.705015,18.2,0.305772
1654,25,20691932.648529,39.7,1.060821
1654,29,22641178.107401,33.7,0.560029
1654,31,25143560.742689,34.5,0.105477
1655,2,21505232.311739,39.4,1.048417
1655,5,22190892.427093,40.5,0.627144
1655,6,23272726.493562,37.2,0.456313
1655,12,20096921.563172,44.3,1.488432
1655,24,24181207.374771,19.6,0.305662
1655,25,20691632.155779,40.8,1.060955
1655,29,22640764.886245,36.9,0.560117
1655,31,25143151.430381,36.2,0.105549
1656,2,21505556.746187,39.9,1.048295
1656,5,22190417.624119,40.4,0.627248
1656,6,23273313.257134,36.4,0.456199
1656,12,20097005.271866,44.4,1.488296
1656,19,25048611.054179,23.3,0.10707
1656,24,24181851.392507,18.1,0.305552
1656,25,20691333.634904,41.2,1.061088
1656,29,22640344.650102,35.9,0.560205
1656,31,25142748.278001,31.1,0.105622
1657,2,21505885.961995,40.1,1.048172
1657,5,22189940.692218,40.0,0.627353
1657,6,23273899.985805,36.3,0.456084
1657,12,20097083.256889,43.9,1.48816
1657,19,25049142.011954,30.6,0.106986
1657,24,24182469.898025,19.5,0.305443
1657,25,20691035.061679,40.9,1.061221
1657,29,22639928.881214,35.9,0.560294
1657,31,25142328.006957,34.6,0.105694
1658,2,21506211.70521,40.1,1.04805
1658,5,22189465.697291,40.6,0.627458
1658,6,23274491.652888,36.0,0.455969
1658,12,20097163.47554,44.2,1.488025
1658,19,25049683.614362,31.2,0.106903
1658,24,24183094.249365,22.4,0.305334
1658,25,20690739.646943,41.4,1.061354
1658,29,22639505.748334,36.2,0.560382
1658,31,25141919.863814,36.5,0.105765
1659,2,21506542.404286,39.3,1.047927
1659,5,22188987.857979,39.7,0.627562
1659,6,23275078.067455,34.9,0.455854
1659,12,20097244.741204,43.8,1.487889
1659,19,25050235.843953,29.4,0.10682
1659,24,24183731.321915,19.5,0.305225
1659,25,20690441.370371,40.9,1.061487
1659,29,22639091.445265,35.6,0.56047
1659,31,25141513.954299,37.0,0.105837
1660,2,21506867.030687,39.5,1.047804
1660,5,22188504.242644,39.8,0.627668
1660,6,23275665.302182,37.2,0.455739
1660,12,20097323.528937,43.2,1.487755
1660,19,25050782.314971,23.2,0.106737
1660,24,24184335.657855,22.4,0.305116
1660,25,20690141.837384,40.3,1.061619
1660,29,22638674.088407,33.1,0.560557
1660,31,25141110.993871,35.3,0.105908
1661,2,21507196.944503,41.7,1.047681
1661,5,22188025.618072,42.6,0.627774
1661,6,23276254.857789,38.2,0.455624
1661,12,20097402.229419,43.2,1.48762
1661,19,25051343.688476,18.1,0.106655
1661,24,24184937.795069,24.6,0.305008
1661,25,20689849.982492,38.3,1.061751
1661,29,22638262.629723,31.5,0.560644
1661,31,25140705.223958,35.8,0.105979
1662,2,21507525.828757,43.1,1.047556
1662,5,22187542.665846,42.3,0.627879
1662,6,23276849.945114,40.3,0.455507
1662,12,20097480.772849,43.3,1.487485
1662,24,24185540.665191,25.5,0.3049
1662,25,20689545.092287,36.0,1.061883
1662,29,22637838.118276,33.7,0.560732
1662,31,25140310.098678,34.2,0.106049
1663,2,21507855.533171,41.3,1.047433
1663,5,22187059.626369,40.0,0.627985
1663,6,23277438.069802,36.0,0.455391
1663,12,20097558.356517,43.0,1.487351
1663,19,25052401.88713,18.4,0.106488
1663,24,24186166.569601,27.3,0.304792
1663,25,20689258.42011,29.9,1.062015
1663,29,22637415.351851,31.7,0.560819
1663,31,25139910.40144,34.2,0.10612
1664,2,21508191.118308,32.0,1.047309
1664,5,22186573.480753,37.2,0.628093
1664,6,23278029.091227,30.6,0.455275
1664,12,20097638.819471,42.9,1.487218
1664,19,25052940.732404,25.4,0.106405
1664,24,24186750.69819,18.7,0.304685
1664,25,20688965.0645,37.4,1.062145
1664,29,22637010.751102,31.4,0.560906
1664,31,25139515.101658,31.5,0.106189
1665,2,21508509.672033,31.6,1.047187
1665,5,22186087.701591,38.6,0.628199
1665,6,23278621.054963,35.5,0.455161
1665,12,20097717.851508,43.2,1.487084
1665,19,25053464.954395,22.5,0.106323
1665,24,24187395.117281,27.9,0.304576
1665,25,20688671.72634,38.5,1.062276
1665,29,22636596.011777,25.9,0.560992
1665,31,25139115.648724,31.7,0.106259
1666,2,21508842.639638,37.0,1.047063
1666,5,22185595.937005,37.8,0.628307
1666,6,23279211.535431,36.3,0.455045
1666,12,20097795.086171,42.6,1.486951
1666,19,25053998.477352,20.3,0.106241
1666,24,24188010.481759,26.7,0.304469
1666,25,20688375.439093,31.2,1.062406
1666,29,22636183.994686,27.2,0.561078
1666,31,25138723.42018,31.3,0.106328
1667,2,21509173.216563,39.3,1.046938
1667,5,22185104.189869,38.2,0.628414
1667,6,23279802.940761,32.2,0.454928
1667,12,20097872.949043,42.4,1.486818
1667,24,24188610.280643,33.2,0.304363
1667,25,20688081.542526,28.7,1.062536
1667,29,22635775.58979,31.7,0.561164
1667,31,25138335.100484,32.8,0.106397
1668,2,21509501.55986,39.6,1.046813
1668,5,22184613.489746,40.7,0.628522
1668,6,23280402.896697,31.6,0.454811
1668,12,20097947.060118,42.3,1.486685
1668,19,25055114.279175,17.9,0.106074
1668,24,24189217.443519,32.0,0.304256
1668,25,20687792.915924,35.8,1.062666
1668,29,22635364.951266,32.9,0.56125
1668,31,25137944.843815,29.8,0.106465
1669,2,21509835.103322,40.5,1.04669
1669,5,22184122.911775,34.0,0.628629
1669,6,23280993.359714,29.9,0.454696
1669,12,20098028.779487,41.5,1.486552
1669,24,24189837.571907,35.9,0.304148
1669,25,20687504.09737,38.9,1.062795
1669,29,22634959.495457,34.5,0.561335
1669,31,25137560.677271,28.4,0.106534
1670,2,21510167.983675,32.8,1.046566
1670,5,22183634.061375,38.6,0.628737
1670,6,23281583.456278,27.3,0.454579
1670,12,20098104.740285,42.0,1.48642
1670,24,24190449.865147,30.5,0.304041
1670,25,20687212.504232,39.4,1.062925
1670,29,22634548.298526,38.4,0.561421
1670,31,25137174.957658,30.3,0.106602
1671,2,21510498.176695,36.0,1.046439
1671,5,22183142.209538,35.5,0.628846
1671,6,23282194.859556,30.3,0.454461
1671,12,20098186.703958,40.8,1.486288
1671,24,24191033.086324,33.3,0.303937
1671,25,20686926.320661,39.5,1.063054
1671,29,22634142.197059,36.9,0.561507
1671,31,25136796.444985,25.9,0.10667
1672,2,21510829.55633,26.8,1.046315
1672,5,22182651.265112,40.4,0.628953
1672,6,23282793.942982,29.1,0.454344
1672,12,20098265.945396,39.4,1.486154
1672,24,24191644.158049,30.3,0.30383
1672,25,20686634.134215,36.4,1.063184
1672,29,22633727.684587,38.5,0.561594
1672,31,25136394.828224,30.6,0.106739
1673,2,21511170.393983,31.6,1.046188
1673,5,22182157.493751,43.4,0.629062
1673,6,23283398.017169,24.3,0.454226
1673,12,20098345.378788,39.3,1.486023
1673,19,25057797.319953,24.0,0.10566
1673,24,24192238.041309,32.5,0.303726
1673,25,20686350.219173,40.6,1.063312
1673,29,22633321.443518,37.4,0.561679
1673,31,25136020.974759,24.9,0.106806
1674,2,21511509.032909,35.4,1.046062
1674,5,22181670.475624,42.0,0.62917
1674,6,23283996.856291,29.0,0.454109
1674,12,20098427.988118,39.3,1.485889
1674,19,25058340.998937,28.4,0.105576
1674,24,24192835.379713,29.7,0.30362
1674,25,20686064.070502,41.7,1.063442
1674,29,22632911.503003,38.1,0.561766
1674,31,25135645.18432,24.8,0.106875
1675,2,21511848.509445,35.0,1.045936
1675,5,22181180.752714,42.7,0.629278
1675,6,23284609.463635,28.8,0.45399
1675,12,20098507.543661,38.8,1.485756
1675,19,25058900.243515,22.6,0.105492
1675,24,24193446.486338,30.5,0.303515
1675,25,20685777.293624,41.6,1.063571
1675,29,22632501.510137,37.6,0.561852
1675,31,25135242.991702,21.6,0.106943
1676,2,21512186.188608,31.8,1.045809
1676,5,22180690.087491,42.9,0.629387
1676,6,23285215.73655,27.7,0.453872
1676,12,20098591.60136,38.9,1.485625
1676,24,24194044.976456,32.1,0.30341
1676,25,20685494.09404,40.9,1.0637
1676,29,22632098.392657,38.7,0.561938
1676,31,25134986.176847,19.4,0.107009
1677,2,21512526.904109,28.2,1.045684
1677,5,22180201.882749,43.7,0.629495
1677,6,23285817.891214,26.6,0.453755
1677,12,20098672.395868,38.3,1.485492
1677,24,24194652.819891,29.5,0.303304
1677,25,20685206.444651,40.1,1.063829
1677,29,22631691.436129,39.0,0.562024
1677,31,25134572.624137,19.8,0.107078
1678,2,21512866.241044,27.9,1.04556
1678,5,22179711.392029,43.6,0.629603
1678,6,23286410.238855,27.2,0.453639
1678,12,20098757.814684,38.6,1.485358
1678,24,24195269.144131,24.4,0.303198
1678,25,20684920.121478,38.9,1.063959
1678,29,22631280.3788,39.4,0.56211
1678,31,25134113.910263,23.3,0.107147
1679,2,21513209.713679,29.3,1.045433
1679,5,22179222.646331,43.2,0.629711
1679,6,23287021.432731,24.8,0.45352
1679,12,20098841.66298,39.4,1.485225
1679,19,25061071.486857,26.7,0.105159
1679,24,24195850.951841,29.1,0.303094
1679,25,20684635.525877,39.7,1.064088
1679,29,22630872.567211,39.7,0.562197
1679,31,25133724.683157,23.1,0.107214
1680,2,21513540.622158,37.7,1.045307
1680,5,22178739.013546,37.6,0.629818
1680,6,23287630.846685,29.1,0.453402
1680,12,20098922.841393,40.0,1.485091
1680,19,25061627.817249,26.2,0.105075
1680,24,24196456.474396,32.3,0.302988
1680,25,20684349.743661,40.2,1.064218
1680,29,22630460.881674,38.3,0.562284
1680,31,25133375.347248,22.8,0.107283
1681,2,21513877.516062,38.0,1.045182
1681,5,22178255.363311,39.5,0.629925
1681,6,23288236.945098,29.4,0.453285
1681,12,20099005.799728,40.1,1.484957
1681,19,25062191.965338,24.1,0.104992
1681,24,24197064.370181,34.5,0.302882
1681,25,20684061.274112,35.3,1.064348
1681,29,22630054.588255,39.2,0.56237
1681,31,25132949.876039,30.4,0.107351
1682,2,21514215.997935,38.7,1.045056
1682,5,22177776.616588,34.9,0.630031
1682,6,23288833.847246,31.4,0.453167
1682,12,20099084.360608,40.3,1.484822
1682,24,24197672.370668,31.9,0.302776
1682,25,20683770.20448,36.8,1.06448
1682,29,22629636.411237,38.6,0.562458
1682,31,25132562.86511,30.9,0.107421
1683,2,21514550.448809,38.5,1.044931
1683,5,22177280.663949,30.5,0.630139
1683,6,23289436.926771,26.3,0.453051
1683,12,20099168.802212,41.9,1.484688
1683,19,25063296.005714,22.4,0.104824
1683,24,24198276.654258,31.5,0.30267
1683,25,20683479.2919,36.9,1.06461
1683,29,22629225.284107,38.5,0.562545
1683,31,25132160.742292,31.6,0.10749
1684,2,21514889.803193,39.4,1.044805
1684,5,22176806.070377,29.0,0.630245
1684,6,23290037.999521,34.5,0.452933
1684,12,20099252.423656,41.7,1.484553
1684,19,25063885.090165,22.7,0.10474
1684,24,24198875.022224,30.3,0.302564
1684,25,20683189.98474,38.8,1.064741
1684,29,22628812.743509,36.6,0.562632
1684,31,25131784.777351,25.6,0.107559
1685,2,21515228.319967,39.5,1.04468
1685,5,22176318.354242,31.6,0.630353
1685,6,23290643.330124,32.0,0.452815
1685,12,20099336.429004,41.9,1.48442
1685,19,25064405.281155,21.5,0.104656
1685,24,24199483.947572,32.7,0.302458
1685,25,20682902.527303,38.0,1.06487
1685,29,22628404.792319,34.7,0.562719
1685,31,25131417.886523,23.6,0.107627
1686,2,21515566.592438,38.4,1.044554
1686,5,22175841.788795,34.4,0.630459
1686,6,23291246.025745,31.9,0.452698
1686,12,20099419.875945,41.4,1.484284
1686,19,25064935.122117,18.5,0.104572
1686,24,24200088.440565,31.7,0.302352
1686,25,20682616.029628,36.9,1.065002
1686,29,22627981.886292,26.5,0.562807
1686,31,25131004.578116,23.6,0.107697
1687,2,21515903.940047,39.0,1.044429
1687,5,22175355.294175,36.5,0.630566
1687,6,23291856.765915,32.4,0.452581
1687,12,20099503.881293,42.5,1.48415
1687,19,25065490.108842,22.4,0.104488
1687,24,24200698.587428,33.0,0.302246
1687,25,20682325.902308,36.0,1.065132
1687,29,22627576.343232,30.6,0.562894
1687,31,25130615.822165,25.5,0.107766
1688,2,21516241.148055,38.9,1.044303
1688,5,22174871.67884,33.9,0.630672
1688,6,23292463.195882,26.7,0.452463
1688,12,20099584.483849,42.1,1.484014
1688,19,25066018.88534,22.8,0.104404
1688,24,24201305.314049,29.5,0.30214
1688,25,20682032.354745,34.2,1.065263
1688,29,22627157.171552,28.1,0.562982
1688,31,25130213.751698,28.1,0.107835
1689,2,21516578.216461,37.9,1.044176
1689,5,22174398.411485,32.5,0.630777
1689,6,23293074.267607,23.2,0.452344
1689,12,20099667.320033,41.5,1.483877
1689,19,25066604.479747,26.5,0.104318
1689,24,24201897.504638,32.9,0.302035
1689,25,20681743.763044,36.3,1.065395
1689,29,22626742.973183,36.5,0.563071
1689,31,25129817.527054,34.4,0.107905
1690,2,21516917.309092,41.3,1.044051
1690,5,22173904.099167,36.1,0.630886
1690,6,23293674.7994,27.0,0.452228
1690,12,20099750.993827,39.7,1.483744
1690,19,25067112.664988,25.4,0.104236
1690,24,24202508.227358,32.2,0.301929
1690,25,20681454.787439,38.3,1.065525
1690,29,22626332.282309,38.6,0.563156
1690,31,25129430.219471,33.8,0.107973
1691,2,21517256.576225,38.3,1.043926
1691,5,22173419.227417,38.5,0.630994
1691,6,23294267.670548,31.3,0.452111
1691,12,20099836.639495,40.0,1.48361
1691,19,25067663.289158,29.0,0.104153
1691,24,24203104.710701,33.8,0.301824
1691,25,20681172.285864,34.8,1.065655
1691,29,22625920.561871,37.6,0.563243
1691,31,25129043.993802,34.2,0.108042
1692,2,21517595.092999,40.4,1.043799
1692,5,22172931.807935,40.5,0.631101
1692,6,23294885.600209,27.0,0.451992
1692,12,20099919.737432,41.3,1.483476
1692,19,25068213.145519,29.1,0.104069
1692,24,24203713.339396,34.8,0.301719
1692,25,20680883.031054,35.2,1.065784
1692,29,22625507.201114,41.8,0.56333
1692,31,25128666.301289,29.5,0.10811
1693,2,21517933.906427,40.2,1.043675
1693,5,22172448.90806,37.3,0.631208
1693,6,23295478.349205,31.8,0.451876
1693,12,20100003.72533,41.2,1.483342
1693,19,25068760.62865,28.1,0.103986
1693,24,24204325.266181,30.8,0.301612
1693,25,20680600.093224,39.2,1.065914
1693,29,22625102.23391,40.0,0.563416
1693,31,25128294.018344,23.8,0.108178
1694,2,21518274.168222,32.8,1.043549
1694,5,22171965.327626,41.3,0.631316
1694,6,23296079.718608,28.8,0.451759
1694,12,20100091.84893,41.4,1.483207
1694,19,25069308.338635,28.4,0.103903
1694,24,24204927.525546,28.2,0.301507
1694,25,20680314.066705,36.6,1.066044
1694,29,22624694.195469,36.5,0.563503
1694,31,25127901.859601,24.6,0.108246
1695,2,21518612.231291,36.9,1.043424
1695,5,22171481.974044,35.7,0.631423
1695,6,23296696.897909,28.3,0.451642
1695,12,20100181.403447,40.4,1.483073
1695,19,25069855.071407,31.0,0.103819
1695,24,24205536.92205,34.8,0.3014
1695,25,20680027.970385,38.7,1.066174
1695,29,22624287.902049,37.2,0.56359
1695,31,25127535.125825,23.1,0.108315
1696,2,21518950.573562,37.3,1.0433
1696,5,22170995.270021,35.0,0.63153
1696,6,23297287.657581,30.3,0.451525
1696,12,20100264.920189,41.4,1.482938
1696,19,25070399.064494,33.6,0.103737
1696,24,24206148.970987,35.2,0.301294
1696,25,20679744.858052,40.2,1.066303
1696,29,22623881.259625,34.4,0.563676
1696,31,25127143.787242,21.6,0.108383
1697,2,21519288.235276,39.0,1.043175
1697,5,22170510.904328,41.2,0.631639
1697,6,23297879.551516,28.9,0.451408
1697,12,20100348.942988,42.8,1.482805
1697,19,25070947.175834,29.6,0.103654
1697,24,24206748.054412,33.5,0.301188
1697,25,20679463.735045,35.7,1.066432
1697,29,22623473.325885,33.3,0.563762
1697,31,25126750.843239,31.0,0.108451
1698,2,21519620.033716,40.0,1.043051
1698,5,22170026.364132,39.1,0.631746
1698,6,23298490.448739,34.1,0.451292
1698,12,20100433.716145,42.9,1.48267
1698,19,25071485.532501,27.1,0.103571
1698,24,24207367.345189,33.9,0.301081
1698,25,20679174.06143,35.9,1.066562
1698,29,22623071.831276,37.4,0.563847
1698,31,25126407.510205,22.9,0.108519
1699,2,21519959.929057,38.7,1.042926
1699,5,22169537.932537,35.4,0.631854
1699,6,23299084.558852,32.2,0.451175
1699,12,20100517.895996,41.6,1.482536
1699,19,25072034.080096,27.1,0.103488
1699,24,24207971.66368,33.7,0.300975
1699,25,20678892.188063,40.0,1.066691
1699,29,22622662.850522,37.0,0.563934
1699,31,25126043.795316,21.7,0.108587
1700,2,21520298.149177,37.6,1.042801
1700,5,22169058.313303,36.3,0.631961
1700,6,23299693.50165,29.9,0.451058
1700,12,20100603.384613,40.7,1.482402
1700,19,25072569.557477,25.2,0.103405
1700,24,24208578.791655,33.7,0.300869
1700,25,20678609.529436,39.0,1.066821
1700,29,22622256.679254,38.4,0.56402
1700,31,25125670.901613,20.8,0.108656
1701,2,21520633.210808,28.7,1.042674
1701,5,22168575.256375,38.5,0.632068
1701,6,23300302.269946,26.9,0.45094
1701,12,20100690.51355,39.4,1.482267
1701,19,25073129.465164,24.1,0.103321
1701,24,24209183.965207,27.5,0.300764
1701,25,20678320.728333,37.7,1.066951
1701,29,22621847.663601,36.4,0.564107
1701,31,25125283.157775,21.0,0.108724
1702,2,21520988.479791,24.7,1.042547
1702,5,22168089.599365,38.7,0.632176
1702,6,23300909.363022,28.4,0.450821
1702,12,20100775.373959,38.2,1.482132
1702,24,24209785.369511,28.7,0.30066
1702,25,20678035.644125,35.3,1.06708
1702,29,22621437.25193,39.9,0.564194
1702,31,25124893.145409,23.2,0.108791
1703,2,21521317.608348,27.8,1.042425
1703,5,22167606.280684,39.2,0.632283
1703,6,23301494.503723,28.3,0.450707
1703,12,20100857.459783,39.3,1.481997
1703,24,24210396.284184,26.9,0.300552
1703,25,20677753.788208,36.0,1.067211
1703,29,22621027.695319,40.7,0.56428
1703,31,25124466.190931,22.0,0.108861
1704,2,21521654.554602,26.0,1.042298
1704,5,22167131.390459,39.2,0.632389
1704,6,23302112.066929,31.7,0.450589
1704,12,20100944.990075,36.6,1.481861
1704,24,24210994.058843,21.4,0.300446
1704,25,20677470.169819,35.9,1.067342
1704,29,22620614.264761,38.6,0.564368
1704,31,25124075.253703,20.7,0.10893
1705,2,21521988.813523,28.6,1.042173
1705,5,22166649.03154,39.5,0.632496
1705,6,23302716.751874,30.4,0.450472
1705,12,20101029.833034,37.1,1.481726
1705,24,24211621.830426,22.7,0.30034
1705,25,20677188.662907,35.4,1.067472
1705,29,22620206.243769,39.0,0.564455
1705,31,25123720.298824,22.4,0.108998
1706,2,21522339.458198,28.1,1.042048
1706,5,22166168.644496,39.4,0.632603
1706,6,23303314.404381,30.8,0.450355
1706,12,20101117.241174,37.7,1.48159
1706,24,24212208.087941,22.4,0.300235
1706,25,20676905.23647,35.7,1.067602
1706,29,22619795.099189,38.9,0.564542
1706,31,25123359.218919,21.4,0.109067
1707,2,21522674.397677,26.8,1.041923
1707,5,22165684.837209,38.3,0.632709
1707,6,23303920.659846,29.7,0.450237
1707,12,20101202.450588,36.9,1.481455
1707,24,24212826.942463,22.3,0.300128
1707,25,20676613.608431,34.4,1.067732
1707,29,22619388.648718,38.3,0.564628
1707,31,25122944.374892,23.7,0.109135
1708,2,21523016.404495,29.5,1.041797
1708,5,22165197.62713,38.1,0.632817
1708,6,23304525.589094,31.1,0.45012
1708,12,20101287.241195,38.2,1.48132
1708,24,24213421.663334,20.7,0.300023
1708,25,20676328.15777,35.4,1.067862
1708,29,22618977.888042,39.2,0.564715
1708,31,25122561.185561,20.8,0.109203
1709,2,21523357.45155,27.5,1.041673
1709,5,22164722.649653,38.5,0.632923
1709,6,23305126.260489,28.2,0.450004
1709,12,20101376.481609,38.4,1.481183
1709,24,24214027.150989,22.8,0.299916
1709,25,20676036.355229,34.3,1.067993
1709,29,22618566.760912,38.8,0.564803
1710,2,21523690.122501,26.6,1.041549
1710,5,22164236.591288,38.3,0.63303
1710,6,23305727.839295,27.5,0.449888
1710,12,20101462.406481,38.8,1.481048
1710,24,24214663.508079,21.2,0.299809
1710,25,20675748.444086,34.2,1.068123
1710,29,22618156.837847,39.0,0.564889
1711,2,21524017.401335,24.8,1.041425
1711,5,22163752.62695,37.3,0.633137
1711,6,23306323.450127,27.1,0.449772
1711,12,20101548.366254,38.9,1.480913
1711,24,24215272.887133,21.9,0.299702
1711,25,20675459.957086,33.4,1.068253
1711,29,22617746.635579,38.4,0.564976
1712,2,21524349.688381,23.9,1.041298
1712,5,22163268.278706,37.8,0.633244
1712,6,23306930.927107,31.2,0.449653
1712,12,20101631.219888,36.9,1.480778
1712,24,24215862.093735,25.2,0.299598
1712,25,20675177.647464,32.9,1.068383
1712,29,22617334.531237,37.8,0.565063
1712,31,25121106.099155,15.3,0.109478
1713,2,21524699.931702,22.0,1.041173
1713,5,22162782.394843,38.7,0.633352
1713,6,23307532.99452,31.7,0.449536
1713,12,20101714.946032,36.6,1.480643
1713,24,24216466.865931,27.2,0.299492
1713,25,20674893.837123,33.0,1.068512
1713,29,22616925.690086,37.8,0.565149
1713,31,25120660.10649,18.7,0.109545
1714,2,21525026.79173,23.9,1.041047
1714,5,22162301.30979,39.6,0.633458
1714,6,23308137.766716,30.0,0.449418
1714,12,20101799.562138,37.7,1.480507
1714,24,24217069.823305,25.9,0.299386
1714,25,20674610.026781,32.9,1.068642
1714,29,22616514.772358,38.1,0.565236
1714,31,25120295.030485,20.0,0.109614
1715,2,21525357.927062,26.5,1.040924
1715,5,22161817.013897,38.9,0.633565
1715,6,23308730.917067,30.1,0.449304
1715,12,20101884.265495,37.0,1.480371
1715,24,24217698.345247,28.7,0.299278
1715,25,20674326.286241,35.6,1.068773
1715,29,22616103.313674,38.5,0.565322
1715,31,25119898.875641,19.5,0.109683
1716,2,21525696.548537,27.1,1.0408
1716,5,22161340.797455,39.4,0.633671
1716,6,23309327.068856,31.0,0.449187
1716,12,20101971.062878,37.2,1.480234
1716,24,24218305.298721,30.4,0.299171
1716,25,20674038.043544,35.7,1.068903
1716,29,22615693.355709,38.8,0.565409
1716,31,25119520.694523,21.8,0.109752
1717,2,21526037.037186,28.4,1.040675
1717,5,22160854.459887,39.2,0.633778
1717,6,23309931.980654,28.5,0.449071
1717,12,20102060.041538,37.2,1.480099
1717,24,24218900.316245,28.2,0.299066
1717,25,20673751.057263,34.7,1.069034
1717,29,22615283.764198,39.0,0.565496
1718,2,21526388.763774,29.5,1.040547
1718,5,22160375.765514,40.5,0.633884
1718,6,23310530.121767,27.9,0.448951
1718,12,20102141.656207,35.8,1.479963
1718,19,25082426.47002,23.7,0.101902
1718,24,24219514.057853,32.4,0.298961
1718,25,20673466.025407,34.4,1.069163
1718,29,22614872.82902,40.2,0.565583
1718,31,25118779.897879,23.9,0.109887
1719,2,21526716.845318,26.3,1.040422
1719,5,22159891.103166,41.1,0.633992
1719,6,23311132.520734,33.1,0.448834
1719,12,20102230.495265,33.4,1.479828
1719,19,25082958.719111,24.6,0.101819
1719,24,24220108.953226,30.4,0.298855
1719,25,20673178.934424,37.9,1.069292
1719,29,22614462.207947,40.5,0.565669
1719,31,25118394.771574,26.8,0.109955
1720,2,21527059.148789,25.8,1.040298
1720,5,22159408.395243,40.2,0.634099
1720,6,23311732.947826,34.4,0.448718
1720,12,20102321.288748,35.5,1.479692
1720,19,25083506.080091,26.5,0.101737
1720,24,24220729.168865,26.4,0.298748
1720,25,20672896.781854,39.2,1.069422
1720,29,22614052.040579,40.0,0.565755
1720,31,25117977.71137,28.6,0.110024
1721,2,21527382.448973,24.2,1.040174
1721,5,22158926.751783,39.4,0.634207
1721,6,23312338.34823,33.8,0.448602
1721,12,20102411.942629,34.5,1.479557
1721,19,25084053.615573,24.4,0.101654
1721,24,24221329.177152,22.5,0.298642
1721,25,20672614.507132,38.3,1.069552
1721,29,22613647.143177,39.3,0.565842
1721,31,25117583.318998,25.9,0.110092
1722,2,21527731.59293,23.4,1.040048
1722,5,22158443.659955,39.5,0.634314
1722,6,23312944.411742,34.4,0.448485
1722,12,20102493.365345,34.5,1.479421
1722,19,25084586.231119,25.0,0.10157
1722,24,24221918.139451,24.7,0.298537
1722,25,20672328.079258,38.5,1.069682
1722,29,22613233.014609,39.5,0.56593
1722,31,25117190.7589,25.8,0.110161
1723,2,21528065.345794,24.2,1.039924
1723,5,22157959.887569,39.8,0.63442
1723,6,23313537.788946,34.4,0.448369
1723,12,20102580.982889,34.8,1.479285
1723,19,25085139.437921,26.2,0.101488
1723,24,24222527.413803,27.5,0.29843
1723,25,20672041.267479,38.9,1.069813
1723,29,22612824.784215,39.7,0.566016
1723,31,25116805.021837,23.7,0.11023
1724,2,21528387.354662,24.5,1.0398
1724,5,22157483.252322,39.9,0.634527
1724,6,23314144.00951,34.2,0.448253
1724,12,20102662.85931,34.4,1.479148
1724,19,25085684.495472,25.4,0.101405
1724,24,24223140.527203,25.7,0.298324
1724,25,20671760.982082,39.3,1.069943
1724,29,22612417.094778,40.0,0.566103
1724,31,25116393.126897,24.8,0.110298
1725,2,21528757.910036,26.0,1.039675
1725,5,22156997.577862,39.6,0.634634
1725,6,23314746.879633,34.0,0.448136
1725,12,20102747.108961,34.5,1.479012
1725,19,25086231.612149,25.8,0.101321
1725,24,24223752.104984,23.4,0.298219
1725,25,20671477.381143,39.2,1.070073
1725,29,22612006.979761,40.1,0.56619
1726,2,21529082.937792,26.3,1.039549
1726,5,22156520.960064,39.6,0.63474
1726,6,23315348.022184,33.4,0.448019
1726,12,20102830.503552,34.6,1.478876
1726,19,25086787.488835,25.4,0.101238
1726,24,24224345.133184,23.7,0.298112
1726,25,20671193.239247,39.2,1.070203
1726,29,22611595.416376,40.1,0.566277
1726,31,25115655.401492,19.5,0.110435
1727,2,21529434.559679,24.7,1.039424
1727,5,22156035.861462,38.9,0.634848
1727,6,23315953.265536,32.9,0.447902
1727,12,20102922.5011,34.2,1.47874
1727,19,25087322.285658,25.2,0.101154
1727,24,24224955.786104,23.6,0.298007
1727,25,20670908.695997,38.9,1.070333
1727,29,22611184.376497,39.5,0.566364
1728,2,21529768.504496,26.5,1.039299
1728,5,22155551.68772,39.3,0.634955
1728,6,23316560.027057,33.5,0.447785
1728,12,20103013.03283,34.8,1.478604
1728,19,25087851.690364,25.4,0.101072
1728,24,24225582.632825,25.7,0.297902
1728,25,20670627.468288,39.5,1.070463
1728,29,22610773.336618,40.0,0.566451
1729,2,21530106.881668,25.9,1.039174
1729,5,22155069.520754,39.4,0.635062
1729,6,23317159.825941,34.0,0.447668
1729,12,20103100.179217,35.0,1.478468
1729,19,25088393.93843,24.9,0.100988
1729,24,24226155.750327,24.5,0.297796
1729,25,20670339.888699,39.6,1.070593
1729,29,22610362.837696,40.1,0.566538
1730,2,21530442.431905,26.8,1.039049
1730,5,22154590.843831,39.1,0.635169
1730,6,23317758.298609,34.0,0.447552
1730,12,20103183.905362,33.6,1.478331
1730,19,25088943.533038,24.8,0.100905
1730,24,24226779.107005,28.9,0.297689
1730,25,20670058.469038,40.5,1.070723
1730,29,22609952.513276,39.7,0.566625
1730,31,25114128.50744,18.3,0.110708
1731,2,21530796.845827,26.9,1.038924
1731,5,22154107.629852,37.8,0.635276
1731,6,23318358.533748,33.4,0.447434
1731,12,20103280.788971,33.1,1.478195
1731,24,24227392.237855,30.8,0.297584
1731,25,20669775.217104,40.8,1.070852
1731,29,22609544.247982,38.2,0.566711
1731,31,25113740.920654,23.4,0.110776
1732,2,21531135.467303,25.0,1.038798
1732,5,22153625.427985,37.4,0.635383
1732,6,23318963.079092,31.7,0.447317
1732,12,20103366.085635,32.2,1.478059
1732,24,24227995.579134,29.7,0.297478
1732,25,20669491.773217,39.4,1.070982
1732,29,22609134.58667,37.5,0.566798
1732,31,25113352.548608,22.3,0.110843
1733,2,21531467.422795,24.7,1.038673
1733,5,22153143.156317,37.7,0.635489
1733,6,23319563.349132,33.4,0.4472
1733,12,20103449.82923,30.0,1.477923
1733,19,25090595.388099,22.3,0.100654
1733,24,24228575.153215,22.2,0.297372
1733,25,20669201.366693,39.2,1.071112
1733,29,22608719.46344,37.9,0.566885
1733,31,25112983.302001,23.2,0.110911
1734,2,21531802.990482,25.4,1.038548
1734,5,22152661.77461,38.6,0.635595
1734,6,23320166.027302,34.7,0.447083
1734,12,20103531.758002,30.4,1.477786
1734,24,24229203.605357,23.0,0.297266
1734,25,20668916.945594,39.9,1.071243
1734,29,22608307.934955,39.1,0.566972
1734,31,25112599.048206,22.0,0.11098
1735,2,21532161.557556,27.6,1.038424
1735,5,22152180.91641,39.1,0.635702
1735,6,23320765.023476,35.3,0.446968
1735,12,20103624.715312,32.5,1.477648
1735,24,24229820.592706,25.2,0.29716
1735,25,20668633.65876,40.6,1.071374
1735,29,22607898.727349,39.6,0.56706
1736,2,21532488.609537,27.7,1.038299
1736,5,22151703.338851,39.1,0.635808
1736,6,23321368.190252,35.7,0.446851
1736,12,20103713.728873,33.3,1.477511
1736,24,24230423.462828,25.9,0.297054
1736,25,20668350.040371,40.4,1.071504
1736,29,22607486.204202,39.7,0.567147
1737,2,21532834.891658,27.7,1.038174
1737,5,22151226.686154,39.4,0.635915
1737,6,23321978.581418,35.5,0.446733
1737,12,20103807.576144,34.1,1.477375
1737,19,25092777.380776,23.3,0.100321
1737,24,24231033.853994,26.4,0.296949
1737,25,20668072.442307,41.0,1.071634
1737,29,22607079.108072,39.7,0.567234
1737,31,25111488.935154,18.6,0.111186
1738,2,21533173.879587,26.2,1.038049
1738,5,22150743.646677,38.8,0.636023
1738,6,23322579.601818,33.9,0.446617
1738,12,20103895.944046,34.4,1.477239
1738,24,24231635.781805,30.9,0.296843
1738,25,20667793.867031,39.4,1.071763
1738,29,22606672.517999,39.3,0.567321
1739,2,21533507.283448,22.1,1.037925
1739,5,22150265.807364,37.5,0.636129
1739,6,23323182.210187,32.6,0.446501
1739,12,20103980.525252,33.8,1.477102
1739,19,25093861.999059,24.1,0.100156
1739,24,24232244.986357,29.6,0.296736
1739,25,20667512.691672,36.3,1.071894
1739,29,22606262.734536,38.6,0.567407
1739,31,25110549.956388,17.9,0.111323
1740,2,21533900.244901,18.8,1.0378
1740,5,22149787.566697,37.5,0.636235
1740,6,23323788.32605,34.7,0.446384
1740,12,20104069.486462,32.0,1.476965
1740,19,25094404.857883,24.7,0.100072
1740,24,24232860.699839,32.6,0.29663
1740,25,20667228.427625,38.1,1.072024
1740,29,22605853.439679,38.9,0.567494
1740,31,25110178.441252,20.1,0.111391
