Epoch,PRN,PR_Residual
121,2,1.675777
121,5,-3.081576
121,6,-0.361639
121,12,3.322839
121,19,-3.857159
121,24,2.325017
121,25,5.61336
121,29,6.424252
122,2,2.617871
122,5,-2.382726
122,6,0.686016
122,12,4.009675
122,19,-2.773433
122,24,2.10254
122,25,5.787908
122,29,5.89005
123,2,3.380314
123,5,-2.358967
123,6,1.858281
123,12,4.505735
123,19,-1.672705
123,24,1.294633
123,25,6.098133
123,29,5.424458
124,2,2.684054
124,5,-2.992759
124,6,1.530475
124,12,3.782812
124,19,-1.834222
124,24,0.717703
124,25,5.696333
124,29,5.215134
125,2,3.063411
125,5,-3.200624
125,6,2.132469
125,12,4.065022
125,19,-1.373678
125,24,0.241405
125,25,6.011536
125,29,5.149267
126,2,2.818124
126,5,-3.147583
126,6,2.072501
126,12,3.72201
126,19,-1.19751
126,24,0.002897
126,25,5.60217
126,29,4.742087
127,2,2.930405
127,5,-3.354231
127,6,2.43352
127,12,3.73724
127,19,-0.850874
127,24,-0.461146
127,25,5.661444
127,29,4.561665
128,2,3.051362
128,5,-2.379691
128,12,3.504957
128,19,0.150899
128,24,-0.718788
128,25,4.766919
128,29,3.30871
129,2,3.721101
129,5,-0.64153
129,6,2.560479
129,12,4.271647
129,19,4.4e-05
129,24,0.977477
129,25,4.72058
129,29,3.419085
130,2,3.083889
130,5,-0.569428
130,6,2.047912
130,12,3.587511
130,19,-0.136788
130,24,0.920492
130,25,4.003687
130,29,2.985069
131,2,2.576522
131,5,-0.333312
131,6,1.651709
131,12,2.999176
131,19,-0.132324
131,24,0.891564
131,25,3.279675
131,29,2.461712
132,2,2.647786
132,5,0.06923
132,6,1.788521
132,12,2.947263
132,19,0.225171
132,24,0.850935
132,25,2.965286
132,29,2.019521
133,2,2.60329
133,5,-0.745521
133,6,1.989895
133,12,2.942613
133,19,0.154104
133,24,0.302941
133,25,3.377714
133,29,2.341701
134,2,2.183232
134,5,-0.661098
134,6,1.821348
134,12,2.393041
134,19,0.349844
134,24,0.001483
134,25,2.735949
134,29,1.753949
135,2,1.807288
135,5,-1.252891
135,6,1.740736
135,12,2.002019
135,19,0.281825
135,24,-0.513598
135,25,2.638731
135,29,1.709581
136,2,1.603866
136,5,-1.822572
136,6,1.816359
136,12,1.777742
136,19,0.300097
136,24,-1.033557
136,25,2.687696
136,29,1.718205
137,2,1.987565
137,5,-1.868968
137,6,2.364187
137,12,2.060633
137,19,0.756173
137,24,-1.385816
137,25,2.924785
137,29,1.603502
138,2,2.109878
138,5,-1.337697
138,6,2.681564
138,12,1.960456
138,19,1.415276
138,24,-1.618838
138,25,2.444961
138,29,0.855349
139,2,0.8874
139,5,-1.31548
139,6,1.591142
139,12,0.730708
139,19,0.924215
139,24,-1.574612
139,25,1.249622
139,29,0.294097
140,2,0.30079
140,5,-1.731241
140,6,1.182259
140,12,0.167017
140,19,0.642129
140,24,-1.821861
140,25,0.92318
140,29,0.222364
141,2,0.414683
141,5,-1.495055
141,6,1.632414
141,12,0.044079
141,19,1.362019
141,24,-2.337932
141,25,0.555932
141,29,-0.489889
142,2,0.709384
142,5,-1.855609
142,6,1.729495
142,12,0.502269
142,19,1.030838
142,24,-2.15447
142,25,1.264897
142,29,0.224461
143,2,2.836724
143,5,-0.825022
143,6,2.716528
143,12,2.910044
143,19,1.019875
143,24,-0.561364
143,25,3.239629
143,29,1.696569
144,2,3.915758
144,5,-0.48356
144,6,3.589733
144,12,3.96776
144,19,1.503558
144,24,-0.388156
144,25,4.07943
144,29,2.013822
145,2,4.139825
145,5,-1.597194
145,6,4.063575
145,12,4.272828
145,19,1.43447
145,24,-1.059862
145,25,4.960767
145,29,2.669209
146,2,0.705924
146,5,-3.954354
146,6,2.410684
146,12,0.558187
146,19,0.989152
146,24,-3.674605
146,25,2.374925
146,29,1.004187
147,2,-0.448483
147,5,-4.468493
147,6,1.981725
147,12,-0.817159
147,19,1.186101
147,24,-4.701
147,25,1.177328
147,29,-0.003925
148,2,-0.08028
148,5,-4.583864
148,6,1.856435
148,12,-0.181405
148,19,0.562116
148,24,-4.010136
148,25,1.998046
148,29,0.981945
149,2,0.045621
149,5,-4.900092
149,6,1.785496
149,12,0.107003
149,19,0.157103
149,24,-3.784957
149,25,2.522727
149,29,1.609823
150,2,0.223494
150,5,-4.741853
150,6,2.017109
150,12,0.211879
150,19,0.428247
150,24,-3.877286
150,25,2.506392
150,29,1.432706
151,2,-0.11972
151,5,-5.164551
151,6,1.751968
151,12,-0.068617
151,19,0.126633
151,24,-4.016219
151,25,2.478846
151,29,1.591156
152,2,0.279401
152,5,-4.754951
152,6,1.831215
152,12,0.395262
152,19,0.072447
152,24,-3.505302
152,25,2.763738
152,29,1.843505
153,2,1.348871
153,5,-3.84096
153,6,2.059035
153,12,1.670024
153,19,-0.144968
153,24,-2.197216
153,25,3.663186
153,29,2.658115
154,2,3.28288
154,5,-1.771316
154,6,3.143085
154,12,3.528498
154,19,0.740464
154,24,-0.825367
154,25,4.402582
154,29,2.695034
155,2,2.355276
155,5,-1.52272
155,6,2.09773
155,12,2.667345
155,19,0.149706
155,24,-0.391709
155,25,3.489855
155,29,2.407148
156,2,1.443721
156,5,-1.305748
156,6,1.385476
156,12,1.656481
156,19,0.049937
156,24,-0.475654
156,25,2.354269
156,29,1.648861
157,2,2.554761
157,5,-0.386572
157,6,2.348103
157,12,2.595727
157,19,0.949304
157,24,-0.287682
157,25,2.714494
157,29,1.371434
158,2,2.977682
158,5,-0.615993
158,6,2.83737
158,12,3.004147
158,19,1.176098
158,24,-0.530964
158,25,3.212889
158,29,1.58651
159,2,3.127351
159,5,0.00194
159,6,2.525739
159,12,3.269247
159,19,0.866566
159,24,0.30111
159,25,3.232108
159,29,1.8097
160,2,3.588543
160,5,0.725825
160,6,2.208014
160,12,3.978623
160,19,0.294845
160,24,1.597781
160,25,3.702462
160,29,2.527595
161,2,2.979808
161,5,0.452829
161,6,2.374926
161,12,3.040452
161,19,1.015706
161,24,0.427324
161,25,2.746205
161,29,1.374089
162,2,2.400874
162,5,-0.038623
162,6,2.510571
162,12,2.207339
162,19,1.541441
162,24,-0.69557
162,25,2.040583
162,29,0.519798
163,2,2.798475
163,5,-0.073766
163,6,2.979491
163,12,2.549499
163,19,1.864651
163,24,-0.902642
163,25,2.357521
163,29,0.547545
164,2,3.255006
164,5,1.009521
164,6,2.937939
164,12,3.030401
164,19,1.923357
164,24,0.017667
164,25,2.305218
164,29,0.499391
165,2,3.722586
165,5,2.470788
165,6,3.251591
165,12,3.259193
165,19,2.73094
165,24,0.460689
165,25,1.676403
165,29,-0.427349
166,2,3.661215
166,5,3.41432
166,6,2.890297
166,12,3.174597
166,24,1.145965
166,25,1.119143
166,29,-0.807704
167,2,3.151715
167,5,3.810241
167,6,2.209761
167,12,2.709217
167,19,2.375132
167,24,1.609571
167,25,0.499983
167,29,-1.028683
168,2,2.85625
168,5,4.286167
168,6,1.570721
168,12,2.523126
168,19,1.918515
168,24,2.320502
168,25,0.147488
168,29,-0.98861
169,2,2.920453
169,5,4.893456
169,6,1.138633
169,12,2.732221
169,19,1.500187
169,24,3.225934
169,25,0.131872
169,29,-0.724424
170,2,3.390014
170,5,5.192993
170,6,1.349234
170,12,3.255391
170,19,1.524963
170,24,3.600826
170,25,0.519871
170,29,-0.450931
171,2,3.477654
171,5,5.960228
171,6,1.156089
171,12,3.337912
171,19,1.544372
171,24,4.188432
171,25,0.219136
171,29,-0.664107
172,2,3.357592
172,5,6.092969
172,6,1.28298
172,12,3.065368
172,19,1.934241
172,24,3.845389
172,25,-0.195301
172,29,-1.206434
173,2,3.556169
173,5,6.492028
173,6,1.646967
173,12,3.083385
173,19,2.522372
173,24,3.6187
173,25,-0.475403
173,29,-1.76854
174,2,3.806051
174,5,6.761107
174,6,1.855472
174,12,3.288236
174,19,2.745897
174,24,3.685797
174,25,-0.435366
174,29,-1.873162
175,2,4.031338
175,5,7.627023
175,6,1.800165
175,12,3.481329
175,19,2.898297
175,24,4.263858
175,25,-0.693545
175,29,-2.136463
176,2,4.085569
176,5,7.88871
176,6,1.958795
176,12,3.424733
176,19,3.233979
176,24,4.138217
176,25,-0.939612
177,2,4.14797
177,5,7.754376
177,6,2.371737
177,12,3.320504
177,19,3.749413
177,24,3.535076
177,25,-1.067577
178,2,4.191402
178,5,8.045058
178,6,2.470685
178,12,3.274644
178,19,4.017599
178,24,3.496145
178,25,-1.305593
178,29,-3.27213
179,2,4.462424
179,5,9.063098
179,6,2.471116
179,12,3.47599
179,19,4.293871
179,24,4.079726
179,25,-1.652296
180,2,4.786008
180,5,9.95397
180,6,2.659301
180,12,3.678594
180,19,4.745012
180,24,4.409118
180,25,-1.963729
180,29,-4.16224
181,2,5.105628
181,5,10.89763
181,6,2.832409
181,12,3.873416
181,19,5.20479
181,24,4.768106
181,25,-2.311098
182,2,5.100488
182,5,11.474911
182,6,2.906722
182,12,3.712938
182,19,5.636243
182,24,4.760723
182,25,-2.838887
182,29,-5.321585
183,2,5.521653
183,5,12.080044
183,6,3.19584
183,12,4.062781
183,19,5.996461
183,24,5.004743
183,25,-2.839544
183,29,-5.533841
184,2,5.505358
184,5,12.215078
184,6,3.191634
184,12,4.016458
184,19,6.079193
184,24,5.016854
184,25,-2.969069
184,29,-5.677351
185,2,5.53008
185,5,12.350862
185,6,3.044199
185,12,4.109251
185,19,5.896645
185,24,5.31544
185,25,-2.90999
185,29,-5.518345
186,2,4.95475
186,5,11.986924
186,6,2.764028
186,12,3.482224
186,19,5.834498
186,24,4.894071
186,25,-3.367829
186,29,-5.821353
187,2,4.507303
187,5,11.568959
187,6,2.602708
187,12,2.990612
187,19,5.802964
187,24,4.448074
187,25,-3.663438
188,2,4.109278
188,5,11.297524
188,6,2.398751
188,12,2.566721
188,19,5.733806
188,24,4.169142
188,25,-3.955835
189,2,4.204285
189,5,11.673016
189,6,2.232338
189,12,2.727254
189,19,5.580091
189,24,4.645139
189,25,-3.951446
190,2,3.499752
190,5,11.178536
190,6,1.48292
190,12,2.190606
190,19,4.839587
190,24,4.771087
190,25,-4.136321
190,29,-5.78086
191,2,3.146093
191,5,10.890278
191,6,1.222352
191,12,1.866848
191,19,4.628465
191,24,4.641133
191,25,-4.292721
191,29,-5.770018
192,2,2.942199
192,5,10.880193
192,6,0.93824
192,12,1.723869
192,19,4.380585
192,24,4.813448
192,25,-4.394631
192,29,-5.690691
193,2,2.780118
193,5,10.725349
193,6,0.718615
193,12,1.636069
193,19,4.114817
193,24,4.910223
193,25,-4.36384
193,29,-5.506856
194,2,2.820338
194,5,10.970629
194,6,0.706947
194,12,1.656499
194,19,4.189012
194,24,5.036012
194,25,-4.478242
194,29,-5.631774
195,2,2.9181
195,5,11.063938
195,6,0.609862
195,12,1.839072
195,19,3.9904
195,25,-4.302362
195,29,-5.379068
196,2,3.017328
196,5,11.177536
196,6,0.607031
196,12,1.968231
196,19,3.949223
196,25,-4.21855
196,29,-5.290915
197,2,2.430579
197,5,10.877238
197,6,0.095374
197,12,1.438259
197,19,3.56926
197,25,-4.554966
197,29,-5.306129
198,2,2.249293
198,5,10.96488
198,6,-0.042323
198,12,1.229819
198,19,3.581431
198,25,-4.81778
198,29,-5.503759
199,2,2.336371
199,5,11.060214
199,6,0.116796
199,12,1.255664
199,19,3.796871
199,25,-4.875274
199,29,-5.678419
200,2,2.373276
200,5,10.929356
200,6,0.11417
200,12,1.339783
200,19,3.68683
200,25,-4.704244
200,29,-5.489114
201,2,2.145246
201,5,10.851357
201,6,0.01859
201,12,1.070984
201,19,3.722747
201,25,-4.950825
201,29,-5.693095
202,2,2.3065
202,5,10.937775
202,6,0.207333
202,12,1.192447
202,19,3.906105
202,25,-4.899096
202,29,-5.76853
203,2,2.214719
203,5,10.936038
203,6,0.156868
203,12,1.0865
203,19,3.918289
203,25,-5.010759
203,29,-5.858086
204,2,2.058922
204,5,10.962349
204,6,0.071349
204,12,0.899275
204,19,3.954217
204,25,-5.224961
204,29,-6.036374
205,2,2.359514
205,5,11.178287
205,6,0.2651
205,12,1.200028
205,19,4.07641
205,25,-5.041547
205,29,-5.975452
206,2,2.282712
206,5,11.239537
206,6,0.097996
206,12,1.168455
206,19,3.924496
206,25,-5.080051
206,29,-5.9086
207,2,2.309938
207,5,11.229408
207,6,0.107756
207,12,1.207942
207,19,3.908352
207,25,-5.031632
207,29,-5.864375
208,2,2.188582
208,5,10.983588
208,6,0.014055
208,12,1.128984
208,19,3.750905
208,25,-4.964464
208,29,-5.723362
209,2,2.028324
209,5,10.900029
209,6,-0.13697
209,12,0.992471
209,19,3.629439
209,25,-5.044588
209,29,-5.708572
210,2,2.00814
210,5,10.644695
210,6,0.061223
210,12,0.904684
210,19,3.824304
210,25,-5.04077
210,29,-5.832573
211,2,2.144076
211,5,10.745444
211,6,0.09316
211,12,1.07212
211,19,3.794375
211,25,-4.912596
211,29,-5.719628
212,2,1.782362
212,5,10.797844
212,6,-0.313029
212,12,0.750718
212,19,3.546098
212,25,-5.232147
212,29,-5.797485
213,2,1.643715
213,5,10.732868
213,6,-0.398901
213,12,0.606813
213,19,3.515417
213,25,-5.344574
213,29,-5.862177
214,2,1.42655
214,5,10.679609
214,6,-0.578822
214,12,0.395826
214,19,3.421607
214,25,-5.522166
214,29,-5.934811
215,2,1.278074
215,5,10.649449
215,6,-0.745849
215,12,0.275457
215,19,3.29212
215,25,-5.611159
215,29,-5.920475
216,2,1.238158
216,5,10.768092
216,6,-0.816356
216,12,0.234793
216,19,3.286206
216,25,-5.712605
216,29,-5.989096
217,2,1.267941
217,5,10.852604
217,6,-0.862612
217,12,0.290962
217,19,3.230606
217,25,-5.687855
217,29,-5.935836
218,2,1.206745
218,5,10.922248
218,6,-0.928032
218,12,0.225314
218,19,3.22752
218,25,-5.791206
218,29,-6.008556
219,2,0.949356
219,5,10.963335
219,6,-1.187314
219,12,-0.019423
219,19,3.100198
219,25,-6.045964
219,29,-6.114785
220,2,0.887419
220,5,11.037805
220,6,-1.239911
220,12,-0.094079
220,19,3.120645
220,25,-6.165121
220,29,-6.21353
221,2,0.777907
221,5,11.111715
221,6,-1.416474
221,12,-0.170741
221,19,2.993662
221,25,-6.261545
221,29,-6.204352
222,2,0.836002
222,5,11.319207
222,6,-1.381592
222,12,-0.140433
222,19,3.103633
222,25,-6.353231
222,29,-6.336265
223,2,0.846374
223,5,11.460448
223,6,-1.41721
223,12,-0.129429
223,19,3.114813
223,25,-6.415273
223,29,-6.386609
224,2,0.944474
224,5,11.601855
224,6,-1.439448
224,12,0.004711
224,19,3.059729
224,25,-6.338118
224,29,-6.294756
225,2,0.984366
225,5,11.586148
225,6,-1.434913
225,12,0.067226
225,19,3.019878
225,25,-6.259099
225,29,-6.213823
226,2,1.105673
226,5,11.548521
226,6,-1.240935
226,12,0.149983
226,19,3.184327
226,25,-6.181939
226,29,-6.261229
227,2,0.922194
227,5,11.456895
227,6,-1.374023
227,12,-0.029215
227,19,3.110046
227,25,-6.310838
227,29,-6.311367
228,2,0.852068
228,5,11.515643
228,6,-1.447487
228,12,-0.101212
228,19,3.097589
228,25,-6.413987
228,29,-6.378459
229,2,0.879127
229,5,11.542712
229,6,-1.382092
229,12,-0.099652
229,19,3.189084
229,25,-6.441834
229,29,-6.455785
230,2,0.998845
230,5,11.65775
230,6,-1.318654
230,12,0.024306
230,19,3.232703
230,25,-6.378404
230,29,-6.435615
231,2,1.10048
231,5,11.765745
231,6,-1.2556
231,12,0.122932
231,19,3.289938
231,25,-6.34008
231,29,-6.442257
232,2,1.074447
232,5,11.882103
232,6,-1.201748
232,12,0.035147
232,19,3.464475
232,25,-6.519787
232,29,-6.679805
233,2,1.081086
233,5,11.935212
233,6,-1.178497
233,12,0.024876
233,19,3.524291
233,25,-6.5678
233,29,-6.751715
234,2,1.054322
234,5,11.888422
234,6,-1.140795
234,12,-0.024407
234,19,3.586074
234,24,5.804329
234,25,-6.606527
234,29,-6.819774
235,2,0.974234
235,5,11.966318
235,6,-1.19375
235,12,-0.126016
235,19,3.626189
235,24,5.797649
235,25,-6.759026
235,29,-6.954978
236,2,1.008759
236,5,11.931919
236,6,-1.137639
236,12,-0.096668
236,19,3.662464
236,24,5.749015
236,25,-6.717758
236,29,-6.948901
237,2,1.257729
237,5,12.043162
237,6,-0.955154
237,12,0.154321
237,19,3.761987
237,24,5.822071
237,25,-6.529099
237,29,-6.872465
238,2,1.291769
238,5,12.194577
238,6,-1.008763
238,12,0.209317
238,19,3.727131
238,24,5.988071
238,25,-6.542848
238,29,-6.859306
239,2,1.087722
239,5,12.140072
239,6,-1.124009
239,12,-0.017324
239,19,3.72154
239,25,-6.751579
239,29,-7.009278
240,2,1.197056
240,5,12.23764
240,6,-1.02015
240,12,0.072196
240,19,3.82953
240,25,-6.72586
240,29,-7.056699
241,2,1.113759
241,5,12.24608
241,6,-1.101526
241,12,-0.005258
241,19,3.790786
241,25,-6.805183
241,29,-7.091134
242,2,0.91993
242,5,12.260829
242,6,-1.273443
242,12,-0.197954
242,19,3.723667
242,25,-7.00331
242,29,-7.194236
243,2,0.862016
243,5,12.319094
243,6,-1.329854
243,12,-0.260722
243,19,3.725793
243,25,-7.099248
243,29,-7.265231
244,2,0.74634
244,5,12.247067
244,6,-1.395734
244,12,-0.380028
244,19,3.700117
244,25,-7.183945
244,29,-7.312934
245,2,0.769438
245,5,12.372316
245,6,-1.397736
245,12,-0.364883
245,19,3.743115
245,25,-7.23911
245,29,-7.378532
246,2,0.654996
246,5,12.339593
246,6,-1.482175
246,12,-0.479264
246,19,3.708416
246,25,-7.337034
246,29,-7.429649
247,2,0.630413
247,5,12.352541
247,6,-1.479139
247,12,-0.517106
247,19,3.746046
247,25,-7.390032
247,29,-7.492109
248,2,0.5872
248,5,12.353314
248,6,-1.468199
248,12,-0.584859
248,19,3.808058
248,25,-7.472167
248,29,-7.590973
249,2,0.563458
249,5,12.365826
249,6,-1.465519
249,12,-0.621173
249,19,3.844067
249,25,-7.523099
249,29,-7.650924
250,2,0.606709
250,5,12.406825
250,6,-1.437996
250,12,-0.57684
250,19,3.86766
250,25,-7.502104
250,29,-7.650532
251,2,0.563172
251,5,12.351948
251,6,-1.414164
251,12,-0.642062
251,19,3.920039
251,25,-7.551936
251,29,-7.720793
252,2,0.52681
252,5,12.358033
252,6,-1.40218
252,12,-0.701207
252,19,3.979746
252,25,-7.627403
252,29,-7.813269
253,2,-0.249612
253,5,11.729276
253,6,-1.59617
253,12,-1.630974
253,19,4.110332
253,25,-8.303995
253,29,-8.395414
254,2,-0.59733
254,5,11.445151
254,6,-1.65691
254,12,-2.060172
254,19,4.20914
254,25,-8.626253
254,29,-8.695392
255,2,-0.493004
255,5,11.533886
255,6,-1.577887
255,12,-1.962628
255,19,4.278435
255,25,-8.581341
255,29,-8.705005
256,2,-0.403181
256,5,11.701989
256,6,-1.524864
256,12,-1.886623
256,19,4.364528
256,25,-8.601785
256,29,-8.771311
257,2,-0.330166
257,5,11.760924
257,6,-1.550818
257,12,-1.771411
257,19,4.28431
257,24,4.581886
257,25,-8.4987
257,29,-8.646899
258,2,-0.172625
258,5,11.876415
258,6,-1.509199
258,12,-1.578414
258,19,4.256408
258,24,4.756171
258,25,-8.351444
258,29,-8.521903
259,2,-0.115283
259,5,11.986322
259,6,-1.524347
259,12,-1.501809
259,19,4.236472
259,25,-8.324384
259,29,-8.48922
260,2,-0.030507
260,5,12.101426
260,6,-1.523911
260,12,-1.393956
260,19,4.21643
260,25,-8.267248
260,29,-8.434586
261,2,-0.059676
261,5,12.117614
261,6,-1.564124
261,12,-1.415038
261,19,4.19265
261,25,-8.294378
261,29,-8.440242
262,2,-0.25701
262,5,12.003074
262,6,-1.770746
262,12,-1.569556
262,19,4.004797
262,25,-8.368073
262,29,-8.380384
263,2,-0.130443
263,5,12.108107
263,6,-1.631306
263,12,-1.475503
263,19,4.155515
263,25,-8.348355
263,29,-8.458364
264,2,0.047945
264,5,12.249828
264,6,-1.53866
264,12,-1.284589
264,19,4.201093
264,25,-8.22853
264,29,-8.398366
265,2,0.122958
265,5,12.243629
265,6,-1.574933
265,12,-1.148494
265,19,4.067338
265,25,-8.061797
265,29,-8.195826
266,2,0.020569
266,5,12.125115
266,6,-1.632092
266,12,-1.244726
266,19,4.016852
266,25,-8.09509
266,29,-8.191347
267,2,0.223264
267,5,12.309474
267,6,-1.520362
267,12,-1.03593
267,19,4.091273
267,25,-7.982784
267,29,-8.154067
268,2,0.299006
268,5,12.295775
268,6,-1.520952
268,12,-0.917406
268,19,4.008623
268,25,-7.83899
268,29,-7.999814
269,2,0.299744
269,5,12.218643
269,6,-1.498597
269,12,-0.912154
269,19,4.002296
269,24,5.473102
269,25,-7.794198
269,29,-7.965279
270,2,0.37533
270,5,12.087641
270,6,-1.40593
270,12,-0.825237
270,19,4.002087
270,25,-7.637614
270,29,-7.854019
271,2,0.317185
271,5,11.948214
271,6,-1.439839
271,12,-0.86499
271,19,3.932408
271,25,-7.59801
271,29,-7.785016
272,2,0.315389
272,5,11.761123
272,6,-1.423562
272,12,-0.840488
272,19,3.85913
272,25,-7.466381
272,29,-7.647567
273,2,0.433194
273,5,11.608898
273,6,-1.43687
273,12,-0.627359
273,19,3.638985
273,24,5.427918
273,25,-7.130726
273,29,-7.271145
274,2,0.398745
274,5,11.454452
274,6,-1.456141
274,12,-0.637506
274,19,3.560311
274,24,5.379739
274,25,-7.050985
274,29,-7.167616
275,2,0.458226
275,5,11.34447
275,6,-1.37697
275,12,-0.571112
275,19,3.566293
275,24,5.310954
275,25,-6.927403
275,29,-7.083771
276,2,0.523178
276,5,11.243209
276,6,-1.276379
276,12,-0.510264
276,19,3.605096
276,25,-6.819386
276,29,-7.031285
277,2,0.475423
277,5,11.121103
277,6,-1.307894
277,12,-0.539312
277,19,3.538067
277,25,-6.777688
277,29,-6.962089
278,2,0.428436
278,5,10.993229
278,6,-1.318135
278,12,-0.578232
278,19,3.500445
278,25,-6.74822
278,29,-6.919908
279,2,0.544376
279,5,10.949858
279,6,-1.250635
279,12,-0.433179
279,19,3.467927
279,25,-6.56954
279,29,-6.771516
280,2,0.598433
280,5,10.881282
280,6,-1.215559
280,12,-0.357648
280,19,3.432656
280,25,-6.450488
280,29,-6.665017
281,2,0.632789
281,5,10.847248
281,6,-1.199552
281,12,-0.306905
281,19,3.406013
281,25,-6.376322
281,29,-6.595999
282,2,0.656969
282,5,10.790349
282,6,-1.164658
282,12,-0.277962
282,19,3.406642
282,25,-6.317864
282,29,-6.555407
283,2,0.76626
283,5,10.84842
283,6,-1.117068
283,12,-0.149678
283,19,3.404842
283,25,-6.213098
283,29,-6.478379
284,2,0.804619
284,5,10.847625
284,6,-1.117075
284,12,-0.089835
284,19,3.367215
284,25,-6.144405
284,29,-6.406211
285,2,0.830374
285,5,10.898899
285,6,-1.107058
285,12,-0.063668
285,19,3.386316
285,25,-6.146688
285,29,-6.419835
286,2,0.753619
286,5,10.865875
286,6,-1.109605
286,12,-0.168386
286,19,3.442165
286,24,5.192163
286,25,-6.249523
286,29,-6.529967
287,2,0.717202
287,5,10.833886
287,6,-1.127483
287,12,-0.204459
287,19,3.434238
287,25,-6.270477
287,29,-6.541466
288,2,0.64255
288,5,10.708349
288,6,-1.238678
288,12,-0.228263
288,19,3.267224
288,24,5.216409
288,25,-6.205178
288,29,-6.393691
289,2,0.555173
289,5,10.391532
289,6,-1.255335
289,12,-0.290918
289,19,3.156512
289,25,-6.092761
289,29,-6.248345
290,2,0.554636
290,5,10.322007
290,6,-1.214199
290,12,-0.300388
290,19,3.184619
290,25,-6.07261
290,29,-6.252494
291,2,0.641747
291,5,10.37498
291,6,-1.127136
291,12,-0.226682
291,19,3.263988
291,25,-6.035656
291,29,-6.274591
292,2,0.554674
292,5,10.389072
292,6,-1.200535
292,12,-0.315082
292,19,3.244881
292,25,-6.13312
292,29,-6.334235
293,2,0.561468
293,5,10.363874
293,6,-1.162982
293,12,-0.319429
293,19,3.284256
293,25,-6.131913
293,29,-6.35855
294,2,0.552065
294,5,10.329249
294,6,-1.130391
294,12,-0.343502
294,19,3.326889
294,25,-6.147158
294,29,-6.396889
295,2,0.488369
295,5,10.130694
295,6,-1.148411
295,12,-0.391236
295,19,3.254848
295,25,-6.085351
295,29,-6.310613
296,2,0.508906
296,5,10.100981
296,6,-1.17009
296,12,-0.340768
296,19,3.185187
296,25,-6.00654
296,29,-6.211735
297,2,0.588523
297,5,9.989944
297,6,-1.090974
297,12,-0.245176
297,19,3.169803
297,25,-5.847813
297,29,-6.088946
298,2,0.473344
298,5,9.891623
298,6,-1.186012
298,12,-0.343663
298,19,3.083397
298,25,-5.887889
298,29,-6.066767
299,2,0.449684
299,5,9.864581
299,6,-1.189859
299,12,-0.369799
299,19,3.087304
299,25,-5.902843
299,29,-6.081015
300,2,0.537534
300,5,9.9161
300,6,-1.093476
300,12,-0.300141
300,19,3.179667
300,25,-5.87141
300,29,-6.115048
301,2,0.53591
301,5,9.814487
301,6,-1.05701
301,12,-0.303378
301,19,3.183818
301,25,-5.82442
301,29,-6.085183
302,2,0.406143
302,5,9.605271
302,6,-1.080114
302,12,-0.445401
302,19,3.163901
302,25,-5.864692
302,29,-6.104889
303,2,0.413093
303,5,9.529157
303,6,-1.092083
303,12,-0.412832
303,19,3.097537
303,25,-5.781581
303,29,-6.005322
304,2,0.494678
304,5,9.522986
304,6,-1.053276
304,12,-0.309874
304,19,3.074331
304,25,-5.667016
304,29,-5.908718
305,2,0.59558
305,5,9.485561
305,6,-1.022647
305,12,-0.168029
305,19,3.001842
305,25,-5.487659
305,29,-5.735201
306,2,0.484016
306,5,9.419315
306,6,-1.107605
306,12,-0.272587
306,19,2.945131
306,25,-5.555289
306,29,-5.750855
307,2,0.522128
307,5,9.352055
307,6,-1.068138
307,12,-0.224403
307,19,2.93293
307,25,-5.468981
307,29,-5.682048
308,2,0.547501
308,5,9.233812
308,6,-1.036278
308,12,-0.182161
308,19,2.893583
308,25,-5.358568
308,29,-5.579564
309,2,0.480167
309,5,9.148676
309,6,-1.08367
309,12,-0.238911
309,19,2.84105
309,25,-5.366991
309,29,-5.554948
310,2,0.484955
310,5,9.08245
310,6,-1.081512
310,12,-0.219503
310,19,2.804287
310,25,-5.307467
310,29,-5.490504
311,2,0.612104
311,5,9.032259
311,6,-0.986273
311,12,-0.073262
311,19,2.799579
311,25,-5.127816
311,29,-5.358359
312,2,0.642635
312,5,8.96814
312,6,-0.93998
312,12,-0.04102
312,19,2.807272
312,25,-5.063004
312,29,-5.317244
313,2,0.666351
313,5,9.193937
313,6,-0.978498
313,12,-0.020212
313,19,2.848129
313,25,-5.163202
313,29,-5.413776
314,2,1.351737
314,5,9.720201
314,6,-0.437177
314,12,0.606364
314,19,3.299468
314,24,4.697288
314,25,-4.845078
314,29,-5.455405
315,2,1.934902
315,5,9.865143
315,6,0.197603
315,12,1.092107
315,19,3.790054
315,25,-4.487179
315,29,-5.495234
316,2,2.21141
316,5,9.993986
316,6,0.434375
316,12,1.34991
316,19,3.955605
316,25,-4.30848
316,29,-5.466452
317,2,2.430589
317,5,10.307032
317,6,0.626421
317,12,1.51627
317,19,4.209719
317,25,-4.334151
317,29,-5.638681
318,2,2.391765
318,5,10.37424
318,6,0.616581
318,12,1.454617
318,19,4.271054
318,25,-4.443564
318,29,-5.755744
319,2,2.376505
319,5,10.428906
319,6,0.63391
319,12,1.414778
319,19,4.344455
319,25,-4.525572
319,29,-5.86039
320,2,2.139576
320,5,10.429004
320,6,0.397618
320,12,1.198207
320,19,4.21282
320,25,-4.732905
320,29,-5.931097
321,2,1.92066
321,5,10.472966
321,6,0.253841
321,12,0.948218
321,19,4.232142
321,24,4.531328
321,25,-5.02219
321,29,-6.153189
322,2,1.786039
322,5,10.394295
322,6,0.206126
322,12,0.789969
322,19,4.250016
322,25,-5.152116
322,29,-6.259648
323,2,1.731671
323,5,10.411414
323,6,0.13328
323,12,0.749774
323,19,4.200851
323,25,-5.195732
323,29,-6.261844
324,2,1.968349
324,5,10.689684
324,6,0.193463
324,12,1.0241
324,19,4.212057
324,25,-5.050818
324,29,-6.162307
325,2,2.07047
325,5,10.766081
325,6,0.135534
325,12,1.19926
325,19,4.062123
325,24,4.990401
325,25,-4.8815
325,29,-5.948128
326,2,2.073807
326,5,10.623172
326,6,0.12747
326,12,1.235262
326,19,3.968521
326,24,4.976192
326,25,-4.756019
326,29,-5.801666
327,2,1.679219
327,5,9.941597
327,12,0.487741
327,19,4.740092
327,24,3.529841
327,25,-5.320703
327,29,-6.687551
328,2,1.325008
328,5,9.460821
328,6,1.013865
328,12,-0.192177
328,19,5.468305
328,24,2.298727
328,25,-5.909621
328,29,-7.562946
329,2,1.379774
329,5,9.098913
329,6,0.10803
329,12,0.472089
329,19,3.797175
329,24,3.736959
329,25,-4.756481
329,29,-5.709474
330,2,1.33627
330,5,9.211429
330,6,-0.199899
330,12,0.566909
330,19,3.42166
330,24,4.197015
330,25,-4.654053
330,29,-5.40597
331,2,0.820644
331,5,8.864357
331,6,-0.261557
331,12,-0.108107
331,19,3.651618
331,24,3.529433
331,25,-5.226144
331,29,-5.964088
332,2,0.587071
332,5,8.638318
332,6,-0.43205
332,12,-0.319508
332,19,3.495231
332,24,3.439627
332,25,-5.309102
332,29,-5.930859
333,2,0.756711
333,5,8.754955
333,6,-0.513288
333,12,-0.036889
333,19,3.263235
333,25,-5.033805
333,29,-5.589546
334,2,0.412745
334,5,8.494108
334,6,-0.670862
334,12,-0.414936
334,19,3.218527
334,25,-5.292758
334,29,-5.752296
335,2,0.32736
335,5,8.471812
335,6,-0.616598
335,12,-0.568148
335,19,3.377656
335,25,-5.469057
335,29,-5.977912
336,2,0.236217
336,5,8.39018
336,6,-0.61411
336,12,-0.690349
336,19,3.42881
336,25,-5.565028
336,29,-6.079741
337,2,0.19665
337,5,8.201358
337,6,-0.569046
337,12,-0.742176
337,19,3.435759
337,25,-5.524876
337,29,-6.056443
338,2,0.250597
338,5,8.037428
338,6,-0.472049
338,12,-0.68834
338,19,3.443912
338,25,-5.386082
338,29,-5.962142
339,2,0.397413
339,5,8.061634
339,6,-0.29853
339,12,-0.571033
339,19,3.582453
339,25,-5.297281
339,29,-5.982506
340,2,0.793479
340,5,8.360197
340,6,-0.071127
340,12,-0.157626
340,19,3.706762
340,25,-5.033793
340,29,-5.866028
341,2,0.96279
341,5,8.530394
341,6,0.055242
341,12,-0.003691
341,19,3.829508
341,25,-4.978344
341,29,-5.900218
342,2,0.949755
342,5,8.710842
342,6,0.122471
342,12,-0.089945
342,19,4.048248
342,25,-5.197124
342,29,-6.191757
343,2,1.119855
343,5,8.794391
343,6,0.308203
343,12,0.045328
343,19,4.215272
343,24,3.013928
343,25,-5.124113
343,29,-6.240606
344,2,1.319253
344,5,8.899827
344,6,0.432409
344,12,0.256269
344,19,4.268713
344,24,3.105939
344,25,-4.964183
344,29,-6.157146
345,2,1.548452
345,5,9.056758
345,6,0.69947
345,12,0.420899
345,19,4.544214
345,24,3.021306
345,25,-4.914945
345,29,-6.28891
346,2,1.681355
346,5,9.216026
346,6,0.8213
346,12,0.524953
346,19,4.690358
346,24,3.040918
346,25,-4.910211
346,29,-6.374212
347,2,2.015706
347,5,9.598111
347,6,0.927708
347,12,0.902598
347,19,4.733427
347,24,3.403991
347,25,-4.713937
347,29,-6.256877
348,2,2.087458
348,5,9.641011
348,6,1.076793
348,12,0.918679
348,19,4.919273
348,24,3.272011
348,25,-4.748898
348,29,-6.395679
349,2,1.978294
349,5,9.677145
349,6,0.930212
349,12,0.836081
349,19,4.820305
349,24,3.370003
349,25,-4.839266
349,29,-6.401436
350,2,2.239174
350,5,9.871913
350,6,1.149371
350,12,1.069657
350,19,5.009991
350,24,3.412284
350,25,-4.722673
350,29,-6.431991
351,2,2.23065
351,5,9.810766
351,6,1.129351
351,12,1.080411
351,19,4.954281
351,24,3.41955
351,25,-4.67145
351,29,-6.361778
352,2,2.325568
352,5,9.79304
352,6,1.29125
352,12,1.133581
352,19,5.103372
352,24,3.283811
352,25,-4.630233
352,29,-6.423163
353,2,2.333129
353,5,9.586035
353,6,1.383442
353,12,1.127199
353,19,5.126336
353,24,3.099674
353,25,-4.534913
353,29,-6.369321
354,2,2.341059
354,5,9.421963
354,6,1.511348
354,12,1.093597
354,19,5.228503
354,24,2.868901
354,25,-4.502953
354,29,-6.409368
355,2,2.418489
355,5,9.342332
355,6,1.595675
355,12,1.175339
355,19,5.239434
355,24,2.819279
355,25,-4.377713
355,29,-6.325958
356,2,2.247429
356,5,9.25895
356,6,1.595489
356,12,0.93485
356,19,5.365472
356,24,2.574149
356,25,-4.609707
356,29,-6.571592
357,2,2.373772
357,5,9.238112
357,6,1.695457
357,12,1.071058
357,19,5.384277
357,24,2.577941
357,25,-4.458195
357,29,-6.473664
358,2,2.356443
358,5,9.321269
358,6,1.684635
358,12,1.039648
358,19,5.431574
358,24,2.592106
358,25,-4.54185
358,29,-6.56327
359,2,2.250428
359,5,9.333294
359,6,1.596026
359,12,0.932183
359,19,5.406851
359,24,2.59645
359,25,-4.658091
359,29,-6.633005
360,2,2.345102
360,5,9.444821
360,6,1.69995
360,12,0.997302
360,19,5.536936
360,24,2.582555
360,25,-4.667319
360,29,-6.718827
361,2,2.415211
361,5,9.428664
361,6,1.729651
361,12,1.089332
361,19,5.504847
361,24,2.624903
361,25,-4.556811
361,29,-6.61972
362,2,2.366109
362,5,9.306326
362,6,1.717694
362,12,1.044258
362,19,5.468441
362,24,2.551229
362,25,-4.53627
362,29,-6.583544
363,2,2.35945
363,5,9.199868
363,6,1.712236
363,12,1.056312
363,19,5.408364
363,24,2.527033
363,25,-4.459634
363,29,-6.492255
364,2,2.307374
364,5,9.063971
364,6,1.676552
364,12,1.022644
364,19,5.330278
364,24,2.484101
364,25,-4.413439
364,29,-6.412181
365,2,2.205322
365,5,9.045605
365,6,1.601164
365,12,0.918332
365,19,5.305443
365,24,2.465712
365,25,-4.510813
365,29,-6.468237
366,2,2.142052
366,5,9.158748
366,6,1.533959
366,12,0.846232
366,19,5.327407
366,24,2.5162
366,25,-4.649014
366,29,-6.581986
367,2,2.115735
367,5,9.209673
367,6,1.503952
367,12,0.817843
367,19,5.335951
367,24,2.541796
367,25,-4.706882
367,29,-6.62949
368,2,2.00872
368,5,9.281647
368,6,1.429076
368,12,0.691428
368,19,5.367081
368,24,2.537237
368,25,-4.882997
368,29,-6.776415
369,2,2.019089
369,5,9.440679
369,6,1.420737
369,12,0.688149
369,19,5.432691
369,24,2.602029
369,25,-4.97885
369,29,-6.885868
370,2,2.036698
370,5,9.510606
370,6,1.375479
370,12,0.731462
370,19,5.383872
370,24,2.714516
370,25,-4.961478
370,29,-6.844025
371,2,2.079706
371,5,9.535043
371,6,1.396873
371,12,0.781302
371,19,5.388522
371,24,2.743646
371,25,-4.922287
371,29,-6.818877
372,2,1.970294
372,5,9.545047
372,6,1.315826
372,12,0.664924
372,19,5.378109
372,24,2.731521
372,25,-5.049465
372,29,-6.905283
373,2,2.036558
373,5,9.603999
373,6,1.396167
373,12,0.709791
373,19,5.470742
373,24,2.705421
373,25,-5.047191
373,29,-6.960174
374,2,2.058637
374,5,9.654921
374,6,1.422597
374,12,0.721191
374,19,5.519015
374,24,2.705083
374,25,-5.069249
374,29,-7.005843
375,2,2.101854
375,5,9.688362
375,6,1.444662
375,12,0.76956
375,19,5.529517
375,24,2.735499
375,25,-5.037157
375,29,-6.989387
376,2,1.811305
376,5,9.53347
376,6,1.428971
376,12,0.370081
376,19,5.711747
376,24,2.341862
376,25,-5.410262
376,29,-7.371035
377,2,1.806592
377,5,9.538451
377,6,1.53387
377,12,0.302869
377,19,5.884115
377,24,2.170413
377,25,-5.511683
377,29,-7.549427
378,2,1.702042
378,5,9.586607
378,6,1.394201
378,12,0.221963
378,19,5.798446
378,24,2.267405
378,25,-5.609114
378,29,-7.568616
379,2,1.749983
379,5,9.696002
379,6,1.450143
379,12,0.24566
379,19,5.899411
379,24,2.267929
379,25,-5.656553
379,29,-7.664503
380,2,1.887713
380,5,9.842848
380,6,1.535062
380,12,0.381018
380,19,5.976264
380,24,2.349336
380,25,-5.60099
380,29,-7.671075
381,2,1.97791
381,5,9.882873
381,6,1.606053
381,12,0.470172
381,24,2.365219
381,25,-5.534214
381,29,-7.649394
382,2,2.008034
382,5,10.000008
382,6,1.590612
382,12,0.507741
382,24,2.457855
382,25,-5.556818
382,29,-7.673219
383,2,2.039909
383,5,9.999135
383,6,1.619584
383,12,0.540547
383,19,6.044973
383,24,2.45427
383,25,-5.524075
383,29,-7.658218
384,2,2.160418
384,5,9.948636
384,6,1.691311
384,12,0.688865
384,24,2.487487
384,25,-5.335315
384,29,-7.499906
385,2,2.062622
385,5,9.835064
385,6,1.661492
385,12,0.579444
385,19,5.998074
385,24,2.380408
385,25,-5.391684
385,29,-7.534866
386,2,2.024434
386,5,9.691171
386,6,1.677159
386,12,0.537386
386,19,5.98171
386,24,2.272125
386,25,-5.360035
386,29,-7.502516
387,2,1.9228
387,5,9.470275
387,6,1.699428
387,12,0.408388
387,19,5.996562
387,24,2.051733
387,25,-5.385948
387,29,-7.530756
388,2,1.816878
388,5,9.33422
388,6,1.636804
388,12,0.309311
388,19,5.930246
388,24,1.981012
388,25,-5.411017
388,29,-7.509272
389,2,1.748055
389,5,9.295273
389,6,1.576259
389,12,0.249432
389,19,5.883954
389,24,1.978674
389,25,-5.447633
389,29,-7.508264
390,2,1.987043
390,5,9.433897
390,6,1.70945
390,12,0.509584
390,19,5.92982
390,24,2.113988
390,25,-5.250284
390,29,-7.393342
391,2,2.108704
391,5,9.399979
391,6,1.809846
391,12,0.640003
391,19,5.946281
391,24,2.106574
391,25,-5.097184
391,29,-7.292695
392,2,1.778563
392,5,9.194606
392,6,1.640773
392,12,0.278051
392,19,5.900458
392,24,1.89463
392,25,-5.369034
392,29,-7.462468
393,2,1.843495
393,5,9.234714
393,6,1.740129
393,12,0.312557
393,19,6.013593
393,24,1.831858
393,25,-5.371146
393,29,-7.532774
394,2,1.700542
394,5,9.217797
394,6,1.613336
394,12,0.17702
394,19,5.950621
394,24,1.843052
394,25,-5.496931
394,29,-7.586347
395,2,1.749946
395,5,9.369224
395,6,1.593124
395,12,0.241194
395,19,5.954595
395,24,1.976782
395,25,-5.507783
395,29,-7.597154
396,2,1.80396
396,5,9.440831
396,6,1.586992
396,12,0.316394
396,19,5.931438
396,24,2.075217
396,25,-5.461511
396,29,-7.550117
397,2,1.919681
397,5,9.504455
397,6,1.690478
397,12,0.420983
397,19,6.013052
397,24,2.078028
397,25,-5.39629
397,29,-7.552597
398,2,2.258555
398,5,9.848169
398,6,1.863567
398,12,0.776003
398,19,6.13517
398,24,2.328934
398,25,-5.215596
398,29,-7.496116
399,2,2.390986
399,5,9.979397
399,6,1.907342
399,12,0.930369
399,19,6.144385
399,24,2.464687
399,25,-5.120921
399,29,-7.433661
400,2,2.314915
400,5,9.955015
400,6,1.869586
400,12,0.844119
400,19,6.149178
400,24,2.420082
400,25,-5.201137
400,29,-7.495161
401,2,2.55601
401,5,10.046892
401,6,1.98161
401,12,1.127311
401,19,6.133715
401,24,2.580066
401,25,-4.945255
401,29,-7.30091
402,2,2.375311
402,5,9.920751
402,6,1.920901
402,12,0.91333
402,19,6.151129
402,24,2.410785
402,25,-5.110796
402,29,-7.431729
403,2,2.314484
403,5,9.883251
403,6,1.906149
403,12,0.838379
403,19,6.1692
403,24,2.346436
403,25,-5.17432
403,29,-7.489094
404,2,2.320391
404,5,9.829135
404,6,1.906601
404,12,0.857011
404,19,6.134565
404,24,2.341298
404,25,-5.121469
404,29,-7.430257
405,2,2.456994
405,5,9.8473
405,6,2.000299
405,12,1.005621
405,24,2.375885
405,25,-4.976132
405,29,-7.337349
406,2,2.454026
406,5,9.904832
406,6,1.984215
406,12,1.003666
406,19,6.165257
406,24,2.412024
406,25,-5.00992
406,29,-7.368958
407,2,2.169343
407,5,9.682066
407,6,1.943745
407,12,0.636436
407,19,6.264976
407,24,2.051668
407,25,-5.301602
407,29,-7.640531
408,2,2.040816
408,5,9.519352
408,6,1.983297
408,12,0.446915
408,19,6.366045
408,24,1.782532
408,25,-5.435392
408,29,-7.798502
409,2,1.784808
409,5,9.461727
409,6,1.798899
409,12,0.182238
409,19,6.304341
409,24,1.728533
409,25,-5.678116
409,29,-7.937584
410,2,1.51842
410,5,9.373099
410,6,1.557068
410,12,-0.059442
410,19,6.14605
410,24,1.745159
410,25,-5.865338
410,29,-7.978165
411,2,1.707138
411,5,9.543984
411,6,1.615313
411,12,0.165009
411,19,6.143421
411,24,1.940774
411,25,-5.714638
411,29,-7.86817
412,2,1.910523
412,5,9.692232
412,6,1.650786
412,12,0.428357
412,19,6.077786
412,24,2.186314
412,25,-5.500962
412,29,-7.674554
413,2,1.843062
413,5,9.758019
413,6,1.58481
413,12,0.358013
413,24,2.219857
413,25,-5.610671
413,29,-7.756271
414,2,1.872345
414,5,9.885146
414,6,1.53443
414,12,0.414319
414,24,2.369626
414,25,-5.611179
414,29,-7.735692
415,2,1.990758
415,5,10.066036
415,6,1.602332
415,12,0.526427
415,24,2.460302
415,25,-5.599523
415,29,-7.781795
416,2,2.133862
416,5,10.158625
416,6,1.717704
416,12,0.660834
416,19,6.221877
416,24,2.486415
416,25,-5.518398
416,29,-7.777188
417,2,2.082914
417,5,10.127808
417,6,1.726907
417,12,0.585501
417,19,6.271211
417,24,2.398734
417,25,-5.590783
417,29,-7.859743
418,2,2.265334
418,5,10.141179
418,6,1.837747
418,12,0.79339
418,19,6.268918
418,24,2.464232
418,25,-5.376154
418,29,-7.703281
419,2,2.095113
419,5,10.03917
419,6,1.759403
419,12,0.601556
419,19,6.261784
419,24,2.343292
419,25,-5.527091
419,29,-7.808552
420,2,18.981242
420,5,20.813084
420,6,8.137614
420,12,20.545396
420,19,5.246228
420,24,16.791511
420,25,10.315357
420,29,4.249074
421,2,19.521383
421,5,23.449529
421,6,13.759435
421,12,17.641262
421,19,14.961447
421,24,9.177656
421,25,4.346888
421,29,-5.931394
422,2,12.061364
422,5,16.279991
422,6,8.447887
422,12,10.666738
422,19,10.165364
422,24,6.185211
422,25,1.367474
422,29,-5.18194
423,2,9.019502
423,5,13.327681
423,6,5.909786
423,12,8.048173
423,19,7.612365
423,24,5.550857
423,25,0.500458
423,29,-4.265162
424,2,-1.037372
424,5,6.566337
424,6,3.295278
424,12,-4.481014
424,19,9.874924
424,24,-5.012832
424,25,-9.711755
424,29,-13.002317
425,2,-3.570165
425,5,6.258822
425,6,1.8498
425,12,-7.377355
425,19,9.998684
425,24,-6.081791
425,25,-12.661753
425,29,-15.213881
426,2,-1.846727
426,5,7.373956
426,6,2.323659
426,12,-5.237498
426,19,9.627767
426,24,-4.321795
426,25,-10.899973
426,29,-13.718159
427,2,-1.347368
427,5,6.43338
427,6,2.273303
427,12,-4.318718
427,24,-3.81727
427,25,-9.261195
427,29,-11.85958
428,2,-0.28513
428,5,7.497962
428,6,2.300631
428,12,-2.897921
428,19,8.088563
428,24,-2.220411
428,25,-8.230727
428,29,-10.858751
429,2,0.327714
429,5,7.758427
429,6,2.374063
429,12,-2.059509
429,19,7.732248
429,24,-1.476103
429,25,-7.416302
429,29,-10.055534
430,2,0.974559
430,5,7.994574
430,6,2.642009
430,12,-1.28175
430,19,7.631729
430,24,-1.003349
430,25,-6.693462
430,29,-9.472315
431,2,0.525248
431,5,7.869238
431,6,2.230122
431,12,-1.691752
431,19,7.371932
431,24,-0.961223
431,25,-7.026335
431,29,-9.557194
432,2,0.489436
432,5,7.790149
432,6,2.084389
432,12,-1.64615
432,19,7.136777
432,24,-0.79393
432,25,-6.900705
432,29,-9.324707
433,2,0.312518
433,5,7.790987
433,6,1.723836
433,12,-1.69638
433,24,-0.448761
433,25,-6.895942
433,29,-9.091316
434,2,0.74063
434,5,8.268226
434,6,1.72488
434,12,-1.123276
434,24,0.222343
434,25,-6.50703
434,29,-8.715215
435,2,0.549652
435,5,8.238597
435,6,1.566278
435,12,-1.309832
435,19,6.521202
435,24,0.220608
435,25,-6.68039
435,29,-8.798456
436,2,0.899731
436,5,8.476909
436,6,1.700699
436,12,-0.897833
436,19,6.512684
436,24,0.520049
436,25,-6.363122
436,29,-8.564861
437,2,1.222692
437,5,8.678658
437,6,1.963293
437,12,-0.59731
437,19,6.711094
437,24,0.571358
437,25,-6.177837
437,29,-8.550905
438,2,1.195644
438,5,8.773637
438,6,1.808703
438,12,-0.558309
438,19,6.551191
438,24,0.806229
438,25,-6.161193
438,29,-8.443768
439,2,0.689719
439,5,8.797592
439,6,1.37617
439,12,-1.062102
439,19,6.400578
439,24,0.844999
439,25,-6.689131
439,29,-8.736651
440,2,0.51283
440,5,8.917426
440,6,1.171671
440,12,-1.221648
440,19,6.328029
440,24,0.971249
440,25,-6.911154
440,29,-8.855138
441,2,0.567849
441,5,9.136743
441,6,1.149592
441,12,-1.156084
441,19,6.362302
441,24,1.132268
441,25,-6.960774
441,29,-8.913289
442,2,0.471002
442,5,8.989086
442,6,1.052709
442,12,-1.220677
442,19,6.226583
442,24,1.126098
442,25,-6.932752
442,29,-8.811125
443,2,0.46079
443,5,8.756772
443,6,1.003918
443,12,-1.171702
443,19,6.030852
443,24,1.135037
443,25,-6.730113
443,29,-8.545892
444,2,0.397833
444,5,8.782612
444,6,0.981105
444,12,-1.25469
444,19,6.074193
444,24,1.097262
444,25,-6.83946
444,29,-8.651643
445,2,0.552539
445,5,8.868153
445,6,1.048131
445,12,-1.07314
445,19,6.071713
445,24,1.213029
445,25,-6.689925
445,29,-8.54265
446,2,0.565462
446,5,8.791148
446,6,1.049861
446,12,-1.042046
446,19,6.018874
446,24,1.209353
446,25,-6.609041
446,29,-8.45224
447,2,0.670579
447,5,8.771082
447,6,1.095028
447,12,-0.906694
447,19,5.972829
447,24,1.269778
447,25,-6.447271
447,29,-8.307626
448,2,0.704638
448,5,8.5232
448,6,1.144997
448,12,-0.848197
448,19,5.877654
448,24,1.174864
448,25,-6.241694
448,29,-8.10033
449,2,-0.026346
449,5,7.81075
449,6,1.010114
449,12,-1.761297
449,19,6.004495
449,24,0.270751
449,25,-6.868081
449,29,-8.625857
450,2,-0.606259
450,5,7.301969
450,6,0.800779
450,12,-2.432628
450,19,5.977319
450,24,-0.269506
450,25,-7.318153
450,29,-8.932616
451,2,-0.671306
451,5,7.005924
451,6,0.704988
451,12,-2.429462
451,19,5.727389
451,24,-0.272469
451,25,-7.122988
451,29,-8.639719
452,2,-0.593746
452,5,7.281911
452,6,0.799558
452,12,-2.407621
452,24,-0.253669
452,25,-7.278376
452,29,-8.889521
453,2,-0.650122
453,5,7.269331
453,6,0.602469
453,12,-2.371372
453,19,5.696041
453,24,-0.014918
453,25,-7.194176
453,29,-8.674867
454,2,-0.406183
454,5,7.586542
454,6,0.801388
454,12,-2.167827
454,19,5.939857
454,24,0.06304
454,25,-7.179318
454,29,-8.812461
455,2,-0.130416
455,5,7.813585
455,6,0.921362
455,12,-1.856407
455,24,0.2854
455,25,-6.970398
455,29,-8.685425
456,2,0.141359
456,5,7.935427
456,6,1.293137
456,12,-1.686603
456,24,0.076359
456,25,-6.910049
456,29,-8.867222
457,2,0.157808
457,5,8.073822
457,6,1.213496
457,12,-1.632459
457,24,0.259389
457,25,-6.915126
457,29,-8.835123
458,2,0.055853
458,5,8.16723
458,6,1.073849
458,12,-1.713731
458,24,0.374007
458,25,-7.041921
458,29,-8.891316
459,2,-0.025704
459,5,8.091881
459,6,1.128676
459,12,-1.856904
459,19,6.355567
459,24,0.164361
459,25,-7.175904
459,29,-9.063565
460,2,0.189239
460,5,8.1666
460,6,1.205694
460,12,-1.589363
460,24,0.338738
460,25,-6.920501
460,29,-8.84703
461,2,0.26299
461,5,8.088749
461,6,1.069431
461,12,-1.384561
461,24,0.632385
461,25,-6.61052
461,29,-8.424638
462,2,0.409392
462,5,8.147053
462,6,1.059048
462,12,-1.165212
462,19,5.840889
462,24,0.85307
462,25,-6.386427
462,29,-8.185078
463,2,0.516586
463,5,8.171266
463,6,1.066534
463,12,-1.010627
463,24,0.986346
463,25,-6.221315
463,29,-8.016837
464,2,0.702361
464,5,8.264822
464,6,1.131355
464,12,-0.782115
464,19,5.725799
464,24,1.146762
464,25,-6.020603
464,29,-7.852788
465,2,0.65438
465,5,8.211766
465,6,1.081633
465,12,-0.815404
465,24,1.151914
465,25,-6.020187
465,29,-7.817575
466,2,0.622104
466,5,8.069572
466,6,1.140362
466,12,-0.877734
466,19,5.712191
466,24,0.98293
466,25,-6.020154
466,29,-7.843323
467,2,0.744342
467,5,8.092909
467,6,1.162635
467,12,-0.709295
467,19,5.63736
467,24,1.111634
467,25,-5.840759
467,29,-7.669142
468,2,0.724079
468,5,7.996155
468,6,1.150282
468,12,-0.717352
468,24,1.082237
468,25,-5.791335
468,29,-7.601319
469,2,0.873305
469,5,8.132574
469,6,1.229041
469,12,-0.558035
469,19,5.634579
469,24,1.183775
469,25,-5.699684
469,29,-7.566227
470,2,0.896296
470,5,8.169214
470,6,1.144047
470,12,-0.476041
470,24,1.358401
470,25,-5.610801
470,29,-7.422316
471,2,1.031456
471,5,8.270597
471,6,1.235483
471,12,-0.340527
471,24,1.41294
471,25,-5.528528
471,29,-7.40221
472,2,0.794678
472,5,8.309743
472,6,1.037939
472,12,-0.58135
472,24,1.433115
472,25,-5.800757
472,29,-7.57292
473,2,0.825286
473,5,8.391121
473,6,1.14047
473,12,-0.606741
473,24,1.330737
473,25,-5.8977
473,29,-7.749174
474,2,1.079856
474,5,8.718111
474,6,1.318887
474,12,-0.375252
474,24,1.456463
474,25,-5.851908
474,29,-7.842737
475,2,1.301477
475,5,9.051442
475,6,1.510797
475,12,-0.202168
475,19,6.166007
475,24,1.51996
475,25,-5.880902
475,29,-8.025164
476,2,1.228509
476,5,9.259491
476,6,1.525401
476,12,-0.347598
476,19,6.381241
476,24,1.455761
476,25,-6.178805
476,29,-8.371778
477,2,1.186907
477,5,9.39601
477,6,1.52572
477,12,-0.427392
477,24,1.436827
477,25,-6.354576
477,29,-8.57287
478,2,1.070906
478,5,9.713865
478,6,1.394022
478,12,-0.564287
478,24,1.577324
478,25,-6.682171
478,29,-8.869207
479,2,1.236318
479,5,10.214975
479,6,1.451194
479,12,-0.417108
479,24,1.824585
479,25,-6.81785
479,29,-9.096151
480,2,1.313131
480,5,10.346317
480,6,1.482671
480,12,-0.336755
480,19,6.848348
480,24,1.906951
480,25,-6.807811
480,29,-9.118519
481,2,1.282366
481,5,10.433142
481,6,1.433817
481,12,-0.363485
481,19,6.853447
481,24,1.967876
481,25,-6.883191
481,29,-9.177551
482,2,1.270233
482,5,10.397752
482,6,1.503634
482,12,-0.417063
482,19,6.955538
482,24,1.833781
482,25,-6.938258
482,29,-9.278335
483,2,1.321907
483,5,10.348923
483,6,1.493626
483,12,-0.324805
483,19,6.860919
483,24,1.904844
483,25,-6.799795
483,29,-9.121586
484,2,1.508657
484,5,10.499816
484,6,1.622754
484,12,-0.140716
484,19,6.959902
484,24,1.977808
484,25,-6.696418
484,29,-9.107608
485,2,1.627299
485,5,10.561265
485,6,1.686676
485,12,-0.007432
485,19,6.975359
485,24,2.044677
485,25,-6.588169
485,29,-9.039456
486,2,1.703528
486,5,10.626213
486,6,1.723149
486,12,0.078223
486,19,6.992908
486,24,2.101649
486,25,-6.53323
486,29,-9.011243
487,2,1.823195
487,5,10.627158
487,6,1.825009
487,12,0.19835
487,19,7.032155
487,24,2.094354
487,25,-6.411026
487,29,-8.94648
488,2,1.820583
488,5,10.519475
488,6,1.846511
488,12,0.197917
488,19,7.008159
488,24,2.030931
488,25,-6.351978
488,29,-8.888681
489,2,1.820874
489,5,10.543289
489,6,1.901183
489,12,0.163989
489,19,7.107586
489,24,1.951472
489,25,-6.416412
489,29,-8.995231
490,2,1.722043
490,5,10.520221
490,6,1.793664
490,12,0.085457
490,19,7.027785
490,24,1.991011
490,25,-6.477173
490,29,-8.992034
491,2,1.825196
491,5,10.496008
491,6,1.860905
491,12,0.205
491,19,7.015409
491,24,2.011093
491,25,-6.334541
491,29,-8.881464
492,2,1.66038
492,5,10.390715
492,6,1.741846
492,12,0.045334
492,19,6.937724
492,24,1.964031
492,25,-6.439854
492,29,-8.910888
493,2,2.0217
493,5,10.673707
493,6,2.075983
493,12,0.350143
493,19,7.254678
493,24,1.967352
493,25,-6.308513
494,2,2.275732
494,5,10.794709
494,6,2.476628
494,19,7.691928
494,29,-9.265989
495,2,2.603762
495,12,0.809301
495,24,1.691475
495,25,-5.962669
495,29,-9.069656
495,31,-10.781664
496,2,1.857543
496,5,10.458245
496,6,2.142972
496,12,0.097235
496,24,1.600191
496,25,-6.491862
496,29,-9.22911
497,2,1.939074
497,5,10.644938
497,6,2.101309
497,12,0.221991
497,24,1.818335
497,25,-6.44977
497,29,-9.177233
498,2,1.943286
498,5,10.613214
498,6,2.143814
498,12,0.208658
498,19,7.410115
498,24,1.749258
498,25,-6.454708
498,29,-9.207522
499,2,2.142493
499,5,10.810835
499,6,2.256391
499,12,0.41549
499,19,7.497198
499,24,1.875463
499,25,-6.349215
499,29,-9.185598
500,2,2.248849
500,5,10.851921
500,6,2.333017
500,12,0.525359
500,19,7.533241
500,24,1.900793
500,25,-6.258326
500,29,-9.142054
501,2,2.367046
501,5,10.994021
501,6,2.373958
501,12,0.661294
501,19,7.559112
501,24,2.023265
501,25,-6.190781
501,29,-9.110665
502,2,1.792496
502,5,10.596978
502,6,2.127826
502,12,0.001237
502,19,7.532417
502,24,1.582323
502,25,-6.689742
502,29,-9.45198
503,2,1.481044
503,5,10.449157
503,6,1.968609
503,12,-0.349028
503,19,7.516531
503,24,1.401863
503,25,-6.987519
503,29,-9.656958
504,2,1.747703
504,5,10.573361
504,6,2.022507
504,12,0.004679
504,19,7.40202
504,24,1.688481
504,25,-6.654969
504,29,-9.349977
505,2,1.881512
505,5,10.739577
505,6,2.077411
505,12,0.152519
505,19,7.447608
505,24,1.81482
505,25,-6.590243
505,29,-9.332672
506,2,1.995485
506,5,10.769333
506,6,2.143001
506,12,0.28204
506,24,1.864398
506,25,-6.467474
506,29,-9.24726
507,2,1.943257
507,5,10.76428
507,6,2.212823
507,12,0.163608
507,19,7.612103
507,24,1.686886
507,25,-6.616892
507,29,-9.450702
508,2,2.238621
508,5,11.029333
508,6,2.38676
508,12,0.469167
508,19,7.735853
508,24,1.854873
508,25,-6.445775
508,29,-9.403946
509,2,2.209875
509,5,11.06605
509,6,2.323469
509,12,0.461548
509,19,7.688184
509,24,1.92897
509,25,-6.466544
509,29,-9.391697
510,2,2.423354
510,5,11.335822
510,6,2.428846
510,12,0.685178
510,19,7.790763
510,24,2.102629
510,25,-6.382976
510,29,-9.39599
511,2,2.610596
511,5,11.565058
511,6,2.501409
511,12,0.894701
511,24,2.28464
511,25,-6.286158
511,29,-9.361943
512,2,2.861492
512,5,12.004457
512,6,2.601376
512,12,1.155982
512,19,7.998664
512,24,2.557361
512,25,-6.258607
512,29,-9.439095
513,2,2.900122
513,5,11.973222
513,6,2.738903
513,12,1.136486
513,24,2.381287
513,25,-6.28736
513,29,-9.553823
514,2,2.840101
514,5,11.967115
514,6,2.704805
514,12,1.069845
514,19,8.162268
514,24,2.358467
514,25,-6.357202
514,29,-9.60796
515,2,2.543642
515,5,11.702155
515,6,2.546123
515,12,0.757042
515,19,8.065372
515,24,2.16723
515,25,-6.541247
515,29,-9.680805
516,2,2.51918
516,5,11.665859
516,6,2.530972
516,12,0.736218
516,19,8.046838
516,24,2.151933
516,25,-6.542292
516,29,-9.670568
517,2,2.507499
517,5,11.674426
517,6,2.444456
517,12,0.772337
517,24,2.277441
517,25,-6.490745
517,29,-9.564498
518,2,2.683788
518,5,11.889712
518,6,2.452207
518,12,1.007085
518,19,7.886857
518,24,2.544585
518,25,-6.344686
518,29,-9.436868
519,2,2.344436
519,5,11.668381
519,6,2.266412
519,12,0.64055
519,19,7.816116
519,24,2.353314
519,25,-6.613691
519,29,-9.587354
520,2,2.135494
520,5,11.545479
520,6,2.20505
520,12,0.381541
520,24,2.155356
520,25,-6.836097
520,29,-9.775175
521,2,2.165434
521,5,11.571466
521,6,2.195628
521,12,0.431055
521,19,7.83404
521,24,2.215936
521,25,-6.792447
521,29,-9.727136
522,2,2.325249
522,5,11.718991
522,6,2.304199
522,12,0.588335
522,19,7.926396
522,24,2.285039
522,25,-6.714551
522,29,-9.727956
523,2,2.166374
523,5,11.685841
523,6,2.208694
523,12,0.413965
523,19,7.920813
523,24,2.227734
523,25,-6.885013
523,29,-9.848243
524,2,2.515829
524,5,11.989285
524,6,2.329099
524,12,0.829484
524,19,7.928304
524,24,2.558054
524,25,-6.597654
524,29,-9.649424
525,2,2.614968
525,5,12.143619
525,6,2.330345
525,12,0.960342
525,19,7.918878
525,24,2.722059
525,25,-6.53664
525,29,-9.602502
526,2,2.764172
526,5,12.3737
526,6,2.306348
526,12,1.172398
526,19,7.862629
526,24,3.008796
526,25,-6.420824
526,29,-9.489383
527,2,2.754144
527,5,12.507278
527,6,2.326596
527,12,1.130161
527,19,7.981782
527,24,2.999173
527,25,-6.555006
527,29,-9.659686
528,2,2.880274
528,5,12.588523
528,6,2.413754
528,12,1.258563
528,24,3.042385
528,25,-6.467782
528,29,-9.630979
528,31,-12.563112
529,2,2.911936
529,5,12.642696
529,6,2.472588
529,12,1.265585
529,24,3.004028
529,25,-6.502822
529,29,-9.711901
530,2,2.873884
530,5,12.585435
530,6,2.51038
530,12,1.194683
530,19,8.194524
530,24,2.882304
530,25,-6.559518
530,29,-9.79155
531,2,3.329845
531,5,12.885723
531,6,2.715009
531,12,1.719844
531,19,8.223397
531,24,3.212341
531,25,-6.154926
531,29,-9.520607
532,2,3.290059
532,5,12.972012
532,6,2.608299
532,12,1.71675
532,19,8.147943
532,24,3.354177
532,25,-6.192944
532,29,-9.505622
533,2,3.347384
533,5,13.069387
533,6,2.598634
533,12,1.799009
533,19,8.131482
533,24,3.467798
533,25,-6.153326
533,29,-9.469374
533,31,-12.807673
534,2,3.38462
534,5,13.07258
534,6,2.63426
534,12,1.83515
534,19,8.152086
534,24,3.460065
534,25,-6.119416
534,29,-9.457632
535,2,3.192311
535,5,12.932819
535,6,2.515962
535,12,1.638135
535,19,8.084077
535,24,3.369636
535,25,-6.249073
535,29,-9.509871
536,2,3.106345
536,5,12.885334
536,6,2.548763
536,12,1.496887
536,19,8.196355
536,24,3.197857
536,25,-6.393882
536,29,-9.680919
537,2,2.966003
537,5,12.688609
537,6,2.508939
537,12,1.336996
537,19,8.165215
537,24,3.034156
537,25,-6.458869
537,29,-9.707031
538,2,2.638901
538,5,12.319703
538,6,2.415011
538,12,0.950621
538,24,2.676278
538,29,-9.846695
539,2,2.248806
539,5,11.958605
539,6,2.234397
539,12,0.521536
539,24,2.378417
539,25,-6.939662
539,29,-9.976499
540,2,2.605366
540,5,12.135822
540,6,2.40898
540,12,0.931121
540,19,8.062161
540,24,2.598152
540,29,-9.735533
541,2,2.916902
541,5,12.190367
541,6,2.489186
541,12,1.346207
541,19,7.902943
541,24,2.878799
541,29,-9.321628
542,2,3.199698
542,5,12.288365
542,6,2.65485
542,12,1.66012
542,19,7.930933
542,24,2.998898
542,25,-5.86541
542,29,-9.134855
543,2,3.198443
543,5,12.193709
543,6,2.698498
543,12,1.645282
543,24,2.904551
543,29,-9.120615
544,2,3.745157
544,5,12.525476
544,6,2.837809
544,12,2.343815
544,19,7.799727
544,24,3.458895
544,29,-8.603486
545,2,3.560634
545,5,12.457456
545,6,2.558449
545,12,2.248478
545,19,7.513996
545,24,3.652103
545,29,-8.453051
546,2,3.508303
546,5,12.449539
546,6,2.415692
546,12,2.260757
546,19,7.341242
546,24,3.810972
546,25,-5.214565
546,29,-8.320904
547,2,3.216953
547,5,11.988758
547,6,2.618673
547,12,1.75606
547,19,7.690081
547,24,3.004405
547,25,-5.569552
547,29,-8.776138
548,2,2.961506
548,5,11.496241
548,6,2.785805
548,12,1.331109
548,24,2.291649
548,29,-9.078915
549,2,2.76696
549,5,11.34962
549,6,2.763786
549,12,1.071674
549,19,8.008486
549,24,2.04469
549,25,-6.020803
549,29,-9.280377
550,2,2.934944
550,5,11.500432
550,6,2.81314
550,12,1.277678
550,19,8.002129
550,24,2.217661
550,29,-9.175396
551,2,3.244083
551,5,11.807572
551,6,2.830225
551,12,1.697085
551,19,7.891807
551,24,2.659597
551,25,-5.568868
551,29,-8.893266
552,2,3.210231
552,5,11.744393
552,6,2.764302
552,12,1.696497
552,19,7.788187
552,24,2.705775
552,25,-5.521161
552,29,-8.797106
553,2,3.30663
553,5,11.758664
553,6,2.850762
553,12,1.788629
553,24,2.694417
553,25,-5.435954
553,29,-8.763034
554,2,3.043697
554,5,11.572014
554,6,2.752232
554,12,1.478162
554,19,7.841522
554,24,2.472466
554,25,-5.675181
554,29,-8.938008
555,2,2.948952
555,5,11.357459
555,6,2.872845
555,12,1.289065
555,19,8.003323
555,24,2.107595
555,25,-5.790834
555,29,-9.113495
556,2,2.92415
556,5,11.369796
556,6,2.800521
556,12,1.296783
556,19,7.923902
556,24,2.19495
556,25,-5.777663
556,29,-9.05796
557,2,2.838934
557,5,11.313253
557,6,2.801817
557,12,1.176407
557,19,7.980983
557,24,2.07207
557,25,-5.887026
557,29,-9.170205
558,2,2.80798
558,5,11.339246
558,6,2.76029
558,12,1.154214
558,19,7.963651
558,24,2.106563
558,25,-5.92268
558,29,-9.186822
559,2,2.670421
559,5,11.267995
559,6,2.625508
559,12,1.040829
559,19,7.8536
559,24,2.129671
559,25,-5.992133
559,29,-9.171649
560,2,2.529091
560,5,11.225753
560,6,2.435757
560,12,0.952264
560,24,2.242671
560,25,-6.040496
560,29,-9.103532
561,2,2.524742
561,5,11.028939
561,6,2.336237
561,12,1.032863
561,24,2.344247
561,25,-5.810609
561,29,-8.779197
562,2,2.591129
562,5,10.851844
562,6,2.394199
562,12,1.120193
562,19,7.337346
562,24,2.290303
562,29,-8.585533
563,2,2.507774
563,5,10.795836
563,6,2.241086
563,12,1.09796
563,24,2.414377
563,25,-5.578625
563,29,-8.452914
564,2,2.328909
564,5,10.686747
564,6,2.052771
564,12,0.96001
564,24,2.460729
564,25,-5.64552
564,29,-8.398156
565,2,2.184073
565,5,10.631784
565,6,1.901595
565,12,0.843883
565,24,2.505136
565,29,-8.385822
566,2,2.236257
566,5,10.630654
566,6,1.895974
566,12,0.928034
566,24,2.579912
566,29,-8.277253
567,2,2.273494
567,5,10.567702
567,6,1.961671
567,12,0.952842
567,24,2.506939
567,29,-8.253204
568,2,2.065375
568,5,10.391539
568,6,1.774417
568,12,0.778147
568,24,2.497636
568,29,-8.195372
569,2,2.413637
569,5,10.566476
569,6,1.922182
569,12,1.19241
569,19,6.624878
569,24,2.745976
569,25,-5.279523
569,29,-7.925033
570,2,2.364255
570,5,10.601582
570,6,1.922791
570,12,1.115384
570,19,6.697212
570,24,2.693304
570,29,-8.050792
571,2,2.261213
571,5,10.604247
571,6,1.903123
571,12,0.973925
571,19,6.773915
571,24,2.597197
571,25,-5.559487
571,29,-8.217197
572,2,2.223139
572,5,10.641723
572,6,1.900557
572,12,0.915644
572,19,6.831191
572,24,2.564397
572,29,-8.318744
573,2,2.519084
573,5,10.905509
573,6,1.974499
573,12,1.286559
573,19,6.798033
573,24,2.887136
573,29,-8.111309
574,2,2.489045
574,5,10.927522
574,6,1.964762
574,12,1.246725
574,19,6.827071
574,24,2.871636
574,25,-5.443674
574,29,-8.17254
575,2,2.406333
575,5,10.729607
575,6,2.023038
575,12,1.111087
575,19,6.888766
575,24,2.625039
575,29,-8.24263
576,2,2.433374
576,5,10.748002
576,6,2.080635
576,12,1.115822
576,19,6.962412
576,24,2.57336
576,25,-5.511199
576,29,-8.29809
577,2,2.471962
577,5,10.843272
577,6,2.095644
577,12,1.155426
577,19,7.002361
577,24,2.623658
577,25,-5.524978
577,29,-8.333972
577,31,-10.838267
578,2,2.29575
578,5,10.727095
578,6,1.999885
578,12,0.964887
578,19,6.966608
578,24,2.525605
578,29,-8.413085
579,2,2.252665
579,5,10.73674
579,6,2.068293
579,12,0.858213
579,19,7.123459
579,24,2.36715
579,29,-8.610318
580,2,2.384656
580,5,10.920618
580,6,2.149373
580,12,0.987234
580,19,7.22231
580,24,2.452803
580,29,-8.652435
581,2,2.387327
581,5,10.906091
581,6,2.239405
581,12,0.938861
581,19,7.352266
581,24,2.310831
581,29,-8.775245
582,2,2.427457
582,5,10.93682
582,6,2.290807
582,12,0.965708
582,19,7.410059
582,24,2.288536
582,29,-8.807271
583,2,2.385655
583,5,10.836419
583,6,2.361371
583,12,0.872291
583,24,2.099296
583,29,-8.906693
584,2,2.500031
584,5,10.875265
584,6,2.543419
584,12,0.928701
584,19,7.695572
584,24,1.965015
584,25,-5.892368
584,29,-9.010041
585,2,2.516772
585,5,10.894553
585,6,2.759653
585,12,0.818854
585,19,8.027119
585,24,1.650002
585,25,-6.070774
585,29,-9.334137
586,2,2.63322
586,5,11.005821
586,6,2.872426
586,12,0.913123
586,24,1.646902
586,25,-6.045504
586,29,-9.390025
586,31,-11.033628
587,2,2.757385
587,5,10.97623
587,6,3.072148
587,12,0.981008
587,24,1.478648
587,25,-5.980673
587,29,-9.441013
587,31,-10.943221
588,2,2.750197
588,5,11.031304
588,6,3.024567
588,12,0.995313
588,24,1.560316
588,25,-5.989834
588,29,-9.429394
589,2,2.816188
589,5,11.02303
589,6,3.154216
589,12,1.016674
589,24,1.436063
589,25,-5.981501
589,29,-9.499876
590,2,2.913869
590,5,11.031246
590,6,3.332653
590,12,1.053432
590,24,1.278419
590,25,-5.972869
590,29,-9.601532
591,2,2.985897
591,5,10.968262
591,6,3.452992
591,12,1.09584
591,24,1.161794
591,25,-5.904843
591,29,-9.596859
592,2,2.965796
592,5,10.819428
592,6,3.488967
592,12,1.061727
592,24,1.041244
592,25,-5.86179
592,29,-9.557473
593,2,2.372429
593,5,9.688031
593,6,4.061266
593,12,-0.0601
593,19,9.508681
593,25,-6.603505
593,29,-10.561344
594,2,2.419033
594,5,9.208752
594,6,4.86771
594,12,-0.438002
594,19,10.43943
594,24,-2.242147
594,25,-6.895034
594,29,-11.30526
595,2,2.511476
595,5,9.066557
595,6,4.601601
595,12,-0.115171
595,19,9.849377
595,24,-1.74402
595,25,-6.382343
595,29,-10.585754
596,2,2.421636
596,5,9.016156
596,6,4.387063
596,12,-0.109739
596,19,9.578589
596,24,-1.529157
596,25,-6.310623
596,29,-10.374579
596,31,-9.184403
597,2,2.268634
597,5,8.846014
597,6,4.200726
597,12,-0.203621
597,19,9.34676
597,24,-1.469005
597,25,-6.288984
597,29,-10.219723
598,2,2.348187
598,5,8.871581
598,6,4.121224
598,12,-0.03571
598,19,9.157366
598,24,-1.237232
598,25,-6.092469
598,29,-9.967359
599,2,2.453107
599,5,8.831515
599,6,4.253067
599,12,0.045633
599,19,9.23293
599,24,-1.325424
599,25,-5.993611
599,29,-9.938858
600,2,2.4263
600,5,8.87465
600,6,4.364174
600,12,-0.06807
600,19,9.458778
600,24,-1.521915
600,25,-6.17346
600,29,-10.202069
601,2,2.538342
601,5,8.848173
601,6,4.35296
601,12,0.111956
601,19,9.312316
601,24,-1.371788
601,25,-5.942124
601,29,-9.948304
602,2,2.513995
602,5,8.779785
602,6,4.336492
602,12,0.094281
602,19,9.272501
602,24,-1.393482
602,25,-5.919402
602,29,-9.907038
603,2,2.743762
603,5,8.795406
603,6,4.548152
603,12,0.307513
603,19,9.377074
603,24,-1.438544
603,25,-5.710472
603,29,-9.816861
604,2,2.869586
604,5,8.709237
604,6,4.643117
604,12,0.448393
604,19,9.347063
604,24,-1.455247
604,25,-5.506669
604,29,-9.649518
605,2,3.087556
605,5,8.828743
605,6,4.76839
605,12,0.686326
605,19,9.38944
605,24,-1.350962
605,25,-5.317143
605,29,-9.539645
606,2,3.26762
606,5,8.990091
606,6,4.837009
606,12,0.897994
606,19,9.406617
606,24,-1.193
606,25,-5.174932
606,29,-9.450441
607,2,3.391939
607,5,8.864621
607,6,4.999684
607,12,0.998394
607,19,9.460589
607,24,-1.329291
607,25,-5.006274
607,29,-9.356535
608,2,3.502979
608,5,8.855227
608,6,5.163752
608,12,1.064961
608,19,9.597591
608,24,-1.45321
608,25,-4.948428
608,29,-9.394147
608,31,-8.349773
609,2,3.564996
609,5,8.848743
609,6,5.295981
609,12,1.077191
609,19,9.73676
609,24,-1.586703
609,25,-4.951725
609,29,-9.477412
610,2,3.781104
610,5,8.992232
610,6,5.444744
610,12,1.294902
610,19,9.831412
610,24,-1.515824
610,25,-4.804384
610,29,-9.429166
611,2,3.760958
611,5,8.962822
611,6,5.460644
611,12,1.258712
611,19,9.860139
611,24,-1.573345
611,25,-4.832364
611,29,-9.465455
612,2,3.803641
612,5,8.957888
612,6,5.59229
612,12,1.241876
612,19,10.018993
612,24,-1.72946
612,25,-4.870993
612,29,-9.585779
613,2,3.864015
613,5,8.983126
613,6,5.661522
613,12,1.287594
613,19,10.080206
613,24,-1.757137
613,25,-4.843387
613,29,-9.601975
613,31,-8.316312
614,2,3.937676
614,5,8.966351
614,6,5.72304
614,12,1.362784
614,19,10.091434
614,24,-1.767559
614,25,-4.753936
614,29,-9.543173
614,31,-8.254057
615,2,3.989923
615,5,9.158369
615,6,5.69384
615,12,1.439919
615,19,10.104728
615,24,-1.605134
615,25,-4.774273
615,29,-9.570472
615,31,-8.429012
616,2,4.066023
616,5,9.310135
616,6,5.807467
616,12,1.467675
616,19,10.292471
616,24,-1.649536
616,25,-4.852074
616,29,-9.739906
616,31,-8.564966
617,2,4.102674
617,5,9.325947
617,6,5.859282
617,12,1.489605
617,19,10.345335
617,24,-1.681578
617,25,-4.844178
617,29,-9.765302
617,31,-8.565131
618,2,4.270705
618,5,9.351919
618,6,5.995296
618,12,1.655633
618,19,10.400882
618,25,-4.684611
618,29,-9.682483
618,31,-8.494654
619,2,4.498839
619,5,9.3539
619,6,6.22826
619,12,1.853868
619,25,-4.487763
619,29,-9.615824
619,31,-8.369222
620,2,4.577342
620,5,9.333169
620,6,6.393069
620,12,1.871654
620,25,-4.480754
620,29,-9.70578
621,2,4.699556
621,5,9.268373
621,6,6.62364
621,12,1.918648
621,24,-2.167247
621,25,-4.422774
621,29,-9.776147
622,2,4.890952
622,5,9.416382
622,6,6.752709
622,12,2.110978
622,24,-2.095305
622,25,-4.304765
622,29,-9.747593
623,2,4.891625
623,5,9.378166
623,6,6.816903
623,12,2.076457
623,24,-2.205979
623,25,-4.333019
623,29,-9.811926
624,2,4.948494
624,5,9.357061
624,6,6.910703
624,12,2.106189
624,24,-2.289628
624,25,-4.299952
624,29,-9.831366
625,2,5.010874
625,5,9.37663
625,6,6.984493
625,12,2.152462
625,24,-2.32398
625,25,-4.268686
625,29,-9.845565
626,2,5.014105
626,5,9.342641
626,6,6.964982
626,12,2.174052
626,19,11.14773
626,24,-2.298356
626,25,-4.219164
626,29,-9.777858
626,31,-8.104851
627,2,5.077609
627,5,9.367403
627,6,7.087739
627,12,2.190538
627,19,11.288559
627,24,-2.40721
627,25,-4.234381
627,29,-9.87117
627,31,-8.107459
628,2,5.273823
628,5,9.393322
628,6,7.211389
628,12,2.406564
628,19,11.295798
628,24,-2.354173
628,25,-4.012781
628,29,-9.715174
628,31,-8.013566
629,2,5.367352
629,5,9.478743
629,6,7.247644
629,12,2.516486
629,25,-3.93967
629,29,-9.670643
629,31,-8.047914
630,2,5.398798
630,5,9.516484
630,6,7.289851
630,12,2.534038
630,19,11.362586
630,25,-3.948492
630,29,-9.71035
631,2,5.370491
631,5,9.455038
631,6,7.350198
631,12,2.460443
631,19,11.449936
631,24,-2.437755
631,25,-4.00839
631,29,-9.802687
631,31,-8.036762
632,2,5.380566
632,5,9.392478
632,6,7.404915
632,12,2.448395
632,25,-3.993371
632,29,-9.8124
632,31,-7.967939
633,2,5.289944
633,5,9.418674
633,6,7.369374
633,12,2.33205
633,19,11.541661
633,24,-2.576704
633,25,-4.142199
633,29,-9.951698
634,2,5.426355
634,5,9.643939
634,6,7.363624
634,12,2.518599
634,19,11.524972
634,24,-2.33922
634,25,-4.056226
634,29,-9.885675
635,2,5.537121
635,5,9.708749
635,6,7.462808
635,12,2.616996
635,25,-3.994328
635,29,-9.888288
636,2,5.588183
636,5,9.815741
636,6,7.450606
636,12,2.69135
636,24,-2.231403
636,25,-3.968934
636,29,-9.867839
637,2,5.658711
637,5,9.761284
637,6,7.525112
637,12,2.75712
637,24,-2.277331
637,25,-3.869225
637,29,-9.801027
638,2,5.571713
638,5,9.774416
638,6,7.435814
638,12,2.681753
638,24,-2.239591
638,25,-3.952726
638,29,-9.837659
639,2,5.679721
639,5,9.853605
639,6,7.521257
639,12,2.783204
639,19,11.635214
639,24,-2.220546
639,25,-3.893696
639,29,-9.83687
639,31,-8.291374
640,2,5.434775
640,5,9.706788
640,6,7.377574
640,12,2.520551
640,19,11.577078
640,24,-2.33389
640,25,-4.09427
640,29,-9.94454
640,31,-8.281568
641,2,5.686288
641,5,9.817852
641,6,7.538248
641,12,2.787631
641,19,11.634816
641,24,-2.249176
641,25,-3.86921
641,29,-9.817663
641,31,-8.249132
642,2,5.771378
642,5,9.832846
642,6,7.609515
642,12,2.87012
642,19,11.667696
642,24,-2.253417
642,25,-3.791309
642,29,-9.78048
642,31,-8.215528
643,2,5.844195
643,5,9.887782
643,6,7.596866
643,12,2.983161
643,19,11.605989
643,24,-2.129556
643,25,-3.687942
643,29,-9.671224
643,31,-8.221652
644,2,5.885265
644,5,9.875775
644,6,7.572992
644,12,3.062329
644,19,11.520213
644,25,-3.582315
644,29,-9.544521
644,31,-8.173315
645,2,5.862164
645,5,9.767902
645,6,7.603247
645,12,3.02014
645,19,11.528231
645,24,-2.150634
645,25,-3.571515
645,29,-9.538146
645,31,-8.073353
646,2,5.684273
646,5,9.622505
646,6,7.474427
646,12,2.84904
646,19,11.425421
646,24,-2.204821
646,25,-3.666237
646,29,-9.543159
647,2,5.70008
647,5,9.615854
647,6,7.481395
647,12,2.869908
647,24,-2.198423
647,25,-3.638311
647,29,-9.517467
648,2,5.527454
648,5,9.56918
648,6,7.387369
648,12,2.674525
648,19,11.42016
648,24,-2.2739
648,25,-3.827875
648,29,-9.655658
649,2,5.428581
649,5,9.611715
649,6,7.309229
649,12,2.571305
649,19,11.425147
649,24,-2.259873
649,25,-3.964544
649,29,-9.758844
650,2,5.298301
650,5,9.553239
650,6,7.135941
650,12,2.49146
650,19,11.255342
650,24,-2.161854
650,25,-3.996546
650,29,-9.682145
650,31,-8.168053
651,2,5.233987
651,5,9.485147
651,6,7.066684
651,12,2.446089
651,24,-2.149847
651,25,-3.99808
651,29,-9.634237
652,2,5.276493
652,5,9.562206
652,6,7.061959
652,12,2.506238
652,24,-2.069439
652,25,-3.97263
652,29,-9.614828
653,2,5.307479
653,5,9.636752
653,6,7.022443
653,12,2.571416
653,24,-1.948968
653,25,-3.934134
653,29,-9.560634
654,2,5.354112
654,5,9.633832
654,6,7.073237
654,12,2.610623
654,24,-1.972951
654,25,-3.89359
654,29,-9.548312
655,2,5.356073
655,5,9.63885
655,6,7.054143
655,12,2.626046
655,24,-1.939123
655,25,-3.875213
655,29,-9.518685
656,2,5.360917
656,5,9.66682
656,6,7.005643
656,12,2.662243
656,24,-1.849167
656,25,-3.841419
656,29,-9.458236
657,2,5.268804
657,5,9.5087
657,6,6.941724
657,12,2.58056
657,24,-1.904126
657,25,-3.832122
657,29,-9.390612
657,31,-8.106025
658,2,5.15318
658,5,9.210459
658,6,6.937901
658,12,2.439075
658,24,-2.120865
658,25,-3.818009
658,29,-9.335691
658,31,-7.853092
659,2,5.012992
659,5,9.004136
659,6,6.873147
659,12,2.290006
659,24,-2.246248
659,25,-3.859543
659,29,-9.3148
659,31,-7.712235
660,2,4.57255
660,5,8.510979
660,6,6.723772
660,12,1.769991
660,19,10.751602
660,24,-2.68253
660,25,-4.15522
660,29,-9.474275
660,31,-7.455511
661,2,4.484524
661,5,8.409308
661,6,6.678634
661,12,1.676576
661,19,10.712414
661,25,-4.19745
661,29,-9.479082
661,31,-7.398211
662,2,4.483597
662,5,8.345654
662,6,6.658882
662,12,1.694702
662,19,10.64571
662,24,-2.733881
662,25,-4.133726
662,29,-9.392267
662,31,-7.323279
663,2,4.281393
663,5,8.280059
663,6,6.484016
663,12,1.507992
663,19,10.543049
663,24,-2.722287
663,25,-4.289071
663,29,-9.443675
663,31,-7.369512
664,2,3.741777
664,5,7.739335
664,6,6.214937
664,12,0.918848
664,24,-3.10326
664,25,-4.619502
664,29,-9.56194
664,31,-7.112262
665,2,3.694513
665,5,7.702872
665,6,6.193792
665,12,0.86509
665,25,-4.65814
665,29,-9.58552
666,2,3.848134
666,5,7.778628
666,6,6.294836
666,12,1.025641
666,19,10.400101
666,25,-4.528647
666,29,-9.519218
667,2,3.807871
667,5,7.670052
667,6,6.279708
667,12,0.98569
667,19,10.354509
667,24,-3.143398
667,25,-4.507545
667,29,-9.474068
668,2,3.846222
668,5,7.785283
668,6,6.268901
668,12,1.039719
668,19,10.366349
668,24,-3.04778
668,25,-4.511926
668,29,-9.487454
669,2,3.848909
669,5,7.765457
669,6,6.248202
669,12,1.059479
669,19,10.320139
669,24,-3.017206
669,25,-4.472961
669,29,-9.431748
670,2,3.863566
670,5,7.762221
670,6,6.257915
670,12,1.076252
670,19,10.318648
670,24,-3.015402
670,25,-4.4525
670,29,-9.415743
671,2,3.950603
671,5,7.860113
671,6,6.246335
671,12,1.206116
671,19,10.269222
671,24,-2.864353
671,25,-4.355495
671,29,-9.319773
672,2,4.283133
672,5,7.953518
672,6,6.35811
672,12,1.628378
672,24,-2.611207
672,25,-3.925471
672,29,-8.945874
673,2,4.172443
673,5,7.91975
673,6,6.227437
673,12,1.548637
673,24,-2.548956
673,25,-3.979653
673,29,-8.921249
674,2,4.236461
674,5,7.940766
674,6,6.19991
674,12,1.661505
674,24,-2.422171
674,25,-3.853287
674,29,-8.774961
674,31,-6.969278
675,2,4.427288
675,5,8.075261
675,6,6.352016
675,12,1.839962
675,19,10.072297
675,24,-2.393042
675,25,-3.746161
675,29,-8.770338
676,2,4.588679
676,5,8.191768
676,6,6.449183
676,12,2.010888
676,19,10.126508
676,24,-2.318178
676,25,-3.628383
676,29,-8.719604
677,2,4.632707
677,5,8.306837
677,6,6.519262
677,12,2.022023
677,19,10.25817
677,25,-3.696586
677,29,-8.84838
678,2,4.620134
678,5,8.294743
678,6,6.543243
678,12,1.98943
678,25,-3.731868
678,29,-8.898401
679,2,4.573162
679,5,8.350756
679,6,6.483296
679,12,1.952136
679,25,-3.801493
679,29,-8.943913
680,2,4.515661
680,5,8.500918
680,6,6.405046
680,12,1.901714
680,25,-3.941806
680,29,-9.065517
680,31,-7.4348
681,2,4.557316
681,5,8.7722
681,6,6.371401
681,12,1.961018
681,25,-4.032202
681,29,-9.177175
681,31,-7.706084
682,2,4.60658
682,5,8.923182
682,6,6.42895
682,12,1.984879
682,25,-4.105372
682,29,-9.308698
682,31,-7.851496
683,2,4.508406
683,5,8.923601
683,6,6.420639
683,12,1.842592
683,25,-4.274667
683,29,-9.482351
683,31,-7.925351
684,2,4.362212
684,5,8.852264
684,6,6.356333
684,12,1.670503
684,24,-2.261282
684,25,-4.426876
684,29,-9.595338
684,31,-7.943691
685,2,4.109658
685,5,8.685482
685,6,6.219987
685,12,1.392991
685,24,-2.398022
685,25,-4.635473
685,29,-9.712282
685,31,-7.920962
686,2,3.104708
686,5,7.851779
686,6,5.72927
686,12,0.269176
686,24,-3.071359
686,25,-5.392339
686,29,-10.107151
686,31,-7.645765
687,2,2.587225
687,5,7.510782
687,6,5.438106
687,12,-0.292914
687,24,-3.332476
687,25,-5.810689
687,29,-10.329713
687,31,-7.598001
688,2,1.847466
688,5,7.001313
688,6,4.94823
688,12,-1.047367
688,24,-3.596017
688,25,-6.325087
688,29,-10.513278
688,31,-7.490904
689,2,1.27703
689,5,6.630834
689,6,4.730086
689,12,-1.733798
689,24,-4.043477
689,25,-6.88575
689,29,-10.924413
689,31,-7.464111
690,2,0.792874
690,5,6.279873
690,6,4.479007
690,12,-2.270592
690,19,9.842034
690,24,-4.329447
690,25,-7.274243
690,29,-11.137579
690,31,-7.387839
691,2,0.729776
691,5,6.323531
691,6,4.402409
691,12,-2.320272
691,19,9.814045
691,24,-4.271824
691,25,-7.349171
691,29,-11.177139
691,31,-7.472554
692,2,0.560603
692,5,6.39358
692,6,4.174941
692,12,-2.435561
692,19,9.676238
692,24,-4.097359
692,25,-7.495618
692,29,-11.206594
692,31,-7.640054
693,2,0.587933
693,5,6.471198
693,6,4.100468
693,12,-2.352988
693,19,9.578762
693,24,-3.924575
693,25,-7.433448
693,29,-11.107979
693,31,-7.69478
694,2,0.705398
694,5,6.648721
694,6,3.976017
694,12,-2.111206
694,19,9.37
694,24,-3.536771
694,25,-7.234328
694,29,-10.849593
694,31,-7.784936
695,2,0.912415
695,5,6.870695
695,6,3.955075
695,12,-1.804752
695,19,9.256248
695,24,-3.191496
695,25,-7.001073
695,29,-10.622454
695,31,-7.876605
696,2,1.283284
696,5,7.32891
696,6,3.986245
696,12,-1.305936
696,19,9.194445
696,24,-2.664861
696,25,-6.690779
696,29,-10.377313
696,31,-8.121714
697,2,1.338393
697,5,7.316142
697,6,3.914415
697,12,-1.174378
697,19,9.019309
697,24,-2.488375
697,25,-6.514694
697,29,-10.148604
697,31,-8.052281
698,2,1.3455
698,5,7.400961
698,6,3.811881
698,12,-1.104516
698,19,8.903367
698,24,-2.293993
698,25,-6.467883
698,29,-10.051078
698,31,-8.124959
699,2,1.514407
699,5,7.462694
699,6,3.781093
699,12,-0.834186
699,19,8.719004
699,24,-2.024407
699,25,-6.177673
699,29,-9.736858
699,31,-8.060807
700,2,1.806308
700,5,7.833022
700,6,3.783158
700,12,-0.427334
700,19,8.641378
700,24,-1.572052
700,25,-5.918923
700,29,-9.517371
700,31,-8.260105
701,2,1.96424
701,5,8.296664
701,6,3.605276
701,12,-0.115186
701,19,8.477092
701,24,-0.971733
701,25,-5.803494
701,29,-9.355736
701,31,-8.634207
702,2,2.236943
702,5,8.578416
702,6,3.650698
702,12,0.243113
702,19,8.434325
702,24,-0.635645
702,25,-5.555046
702,29,-9.160782
702,31,-8.755175
703,2,2.525071
703,5,9.038432
703,6,3.632257
703,12,0.64989
703,19,8.381807
703,24,-0.130647
703,25,-5.348496
703,29,-8.997016
703,31,-9.055164
704,2,2.73181
704,5,9.410767
704,6,3.658629
704,12,0.912853
704,19,8.430802
704,24,0.181526
704,25,-5.267222
704,29,-8.979313
704,31,-9.326141
705,2,3.025155
705,5,9.875092
705,6,3.68236
705,12,1.300277
705,19,8.441052
705,24,0.627601
705,25,-5.093022
705,29,-8.875289
705,31,-9.634755
706,2,3.142191
706,5,10.158863
706,6,3.713751
706,12,1.432722
706,19,8.537828
706,24,0.799258
706,25,-5.114455
706,29,-8.956515
706,31,-9.874516
707,2,3.44961
707,5,10.299259
707,6,3.862836
707,12,1.789892
707,19,8.536949
707,24,0.973805
707,25,-4.796011
707,29,-8.729992
707,31,-9.826698
708,2,3.758502
708,5,10.547796
708,6,4.000756
708,12,2.146816
708,19,8.581099
708,24,1.198014
708,25,-4.54277
708,29,-8.58045
708,31,-9.898753
709,2,3.846797
709,5,10.75315
709,6,3.966829
709,12,2.285364
709,19,8.559727
709,24,1.415514
709,25,-4.498498
709,29,-8.543752
709,31,-10.058462
710,2,3.948651
710,5,11.005131
710,6,3.947499
710,12,2.430901
710,19,8.574671
710,24,1.639494
710,29,-8.545968
710,31,-10.263628
711,2,4.000473
711,5,11.290155
711,6,3.893175
711,12,2.520619
711,19,8.606312
711,24,1.867862
711,29,-8.618553
711,31,-10.538287
712,2,3.882513
712,5,11.353565
712,6,3.778209
712,12,2.412788
712,19,8.58741
712,24,1.925617
712,25,-4.688701
712,29,-8.720459
712,31,-10.679559
713,2,4.038212
713,5,11.678055
713,6,3.729254
713,12,2.652817
713,19,8.543993
713,25,-4.594011
713,29,-8.639068
713,31,-10.919996
714,2,3.946512
714,5,11.677667
714,6,3.591899
714,12,2.605023
714,19,8.425658
714,25,-4.63071
714,29,-8.59861
714,31,-10.963887
715,2,3.859768
715,5,11.684923
715,6,3.439155
715,12,2.574066
715,19,8.282878
715,25,-4.649613
715,29,-8.531579
715,31,-11.009691
716,2,3.819727
716,5,11.847114
716,6,3.297274
716,12,2.593075
716,19,8.200636
716,24,2.747464
716,25,-4.705916
716,29,-8.531971
716,31,-11.198202
717,2,3.68951
717,5,11.702545
717,6,3.225971
717,12,2.457072
717,19,8.139207
717,24,2.663371
717,25,-4.769623
717,29,-8.538399
718,2,3.654763
718,5,11.724917
718,6,3.255156
718,12,2.385547
718,19,8.234369
718,24,2.583001
718,29,-8.670078
719,2,3.696195
719,5,11.694495
719,6,3.303437
719,12,2.421435
719,19,8.249535
719,24,2.548667
719,29,-8.638905
720,2,3.667552
720,5,11.637388
720,6,3.282696
720,12,2.398467
720,19,8.213848
720,29,-8.609464
721,2,3.742939
721,5,11.538142
721,6,3.35667
721,12,2.474962
721,19,8.193157
721,24,2.477658
721,29,-8.491746
722,2,3.782129
722,5,11.397916
722,6,3.408044
722,12,2.514897
722,19,8.150322
722,29,-8.370822
723,2,3.747173
723,5,11.438913
723,6,3.374217
723,12,2.482269
723,19,8.158903
723,29,-8.421262
724,2,3.43693
724,5,11.213792
724,6,3.210129
724,12,2.141054
724,19,8.090966
724,24,2.252142
724,29,-8.553554
725,2,3.335497
725,5,11.098834
725,6,3.215036
725,12,1.996197
725,19,8.135688
725,24,2.091442
725,25,-4.953048
725,29,-8.650889
726,2,3.414278
726,5,11.056479
726,6,3.25691
726,12,2.093527
726,19,8.095284
726,29,-8.527746
727,2,3.490965
727,5,11.069999
727,6,3.295938
727,12,2.184711
727,19,8.08573
727,24,2.142733
727,29,-8.454425
728,2,3.992067
728,5,11.308278
728,6,3.580426
728,12,2.73878
728,19,8.153418
728,24,2.361608
728,25,-4.247353
728,29,-8.157455
729,2,4.044151
729,5,11.320659
729,6,3.57112
729,12,2.82431
729,24,2.442174
729,29,-8.05447
730,2,3.205394
730,5,10.770914
730,6,2.834817
730,12,2.083784
730,19,7.489118
730,24,2.442547
730,25,-4.590401
730,29,-8.009054
730,31,-10.357268
731,2,2.878036
731,5,10.641831
731,6,2.337029
731,12,1.9256
731,29,-7.739687
732,2,2.941425
732,5,10.618173
732,6,2.38875
732,12,1.991622
732,19,6.979691
732,25,-4.540557
732,29,-7.678103
733,2,2.910115
733,5,10.721701
733,6,2.329976
733,12,1.97562
733,19,6.983013
733,24,2.870962
733,25,-4.615683
733,29,-7.739077
734,2,3.000526
734,5,10.839072
734,6,2.409177
734,12,2.052685
734,19,7.083316
734,24,2.88844
734,25,-4.608297
734,29,-7.795793
734,31,-10.51098
735,2,2.077094
735,5,10.397211
735,6,2.154083
735,12,0.861383
735,19,7.377267
735,24,2.065685
735,29,-8.760878
735,31,-10.677408
736,2,1.663636
736,5,10.189065
736,6,2.148446
736,12,0.258975
736,19,7.671773
736,24,1.524863
736,25,-6.324552
736,29,-9.353261
737,2,1.635872
737,5,10.155686
737,6,2.157991
737,12,0.215293
737,19,7.696255
737,24,1.468421
737,25,-6.358633
737,29,-9.391037
738,2,1.855919
738,5,10.370173
738,6,2.343225
738,12,0.411059
738,19,7.885269
738,24,1.501705
738,25,-6.284732
738,29,-9.453507
738,31,-10.858362
739,2,2.160479
739,5,10.533148
739,6,2.573087
739,12,0.709855
739,19,8.025827
739,24,1.550443
739,25,-6.061633
739,29,-9.377999
739,31,-10.852378
740,2,2.292038
740,5,10.65727
740,6,2.629087
740,12,0.863711
740,19,8.05178
740,24,1.655248
740,25,-5.962653
740,29,-9.326081
740,31,-10.902696
741,2,2.544006
741,5,10.714261
741,6,2.818037
741,12,1.118481
741,19,8.120017
741,24,1.675093
741,25,-5.720542
741,29,-9.191515
741,31,-10.808489
742,2,2.829396
742,5,10.85349
742,6,3.03501
742,12,1.398658
742,19,8.246143
742,24,1.714108
742,25,-5.502982
742,29,-9.110905
742,31,-10.787525
743,2,2.968166
743,5,10.961978
743,6,3.141607
743,12,1.531696
743,19,8.333846
743,24,1.743418
743,25,-5.426806
743,29,-9.110024
743,31,-10.824244
744,2,3.192791
744,5,11.26622
744,6,3.304148
744,12,1.741929
744,19,8.536265
744,24,1.842976
744,25,-5.387521
744,29,-9.208859
744,31,-11.028395
745,2,3.381139
745,5,11.395079
745,6,3.493632
745,12,1.89415
745,19,8.713577
745,24,1.806854
745,25,-5.313236
745,29,-9.261026
745,31,-11.066017
746,2,3.463124
746,5,11.331102
746,6,3.497947
746,12,2.022377
746,19,8.598507
746,24,1.879406
746,25,-5.120458
746,29,-9.053468
747,2,3.37844
747,5,11.205786
747,6,3.53935
747,12,1.879185
747,19,8.676324
747,24,1.678894
747,25,-5.221804
747,29,-9.166646
748,2,3.607169
748,5,11.248899
748,6,3.783014
748,12,2.063962
748,19,8.844965
748,24,1.580782
748,25,-5.063065
748,29,-9.14901
749,2,3.714714
749,5,11.298341
749,6,3.942015
749,12,2.120248
749,19,9.010964
749,24,1.473716
749,25,-5.05025
749,29,-9.236174
750,2,3.76333
750,5,11.198417
750,6,4.060759
750,12,2.125825
750,19,9.086336
750,24,1.31694
750,25,-4.999701
750,29,-9.238462
751,2,3.837751
751,5,11.229583
751,6,4.098879
751,12,2.212564
751,19,9.088042
751,24,1.354729
751,25,-4.9208
751,29,-9.183676
751,31,-10.641013
752,2,4.118
752,5,11.460742
752,6,4.300392
752,12,2.48751
752,19,9.250016
752,24,1.437436
752,25,-4.763776
752,29,-9.171056
752,31,-10.725344
753,2,4.052134
753,5,11.155859
753,6,4.276529
753,12,2.429695
753,19,9.100078
753,24,1.309456
753,25,-4.640902
753,29,-8.984683
753,31,-10.42408
754,2,4.150478
754,5,11.075388
754,6,4.342766
754,12,2.543121
754,19,9.054152
754,24,1.299034
754,25,-4.464571
754,29,-8.827508
754,31,-10.268081
755,2,4.334451
755,5,11.078305
755,6,4.430927
755,12,2.764995
755,19,9.003539
755,24,1.379359
755,25,-4.212633
755,29,-8.616125
755,31,-10.144207
756,2,4.363445
756,5,11.20246
756,6,4.362186
756,12,2.845594
756,19,8.941692
756,24,1.557487
756,25,-4.182912
756,29,-8.56494
756,31,-10.249266
757,2,4.468919
757,5,11.230909
757,6,4.401521
757,12,2.978701
757,19,8.911535
757,24,1.628887
757,25,-4.046468
757,29,-8.450187
757,31,-10.20648
758,2,4.493694
758,5,11.237246
758,6,4.45692
758,12,2.980915
758,19,8.976387
758,24,1.573521
758,25,-4.056337
758,29,-8.494675
758,31,-10.205448
759,2,4.575287
759,5,11.282864
759,6,4.509414
759,12,3.067879
759,19,9.001509
759,24,1.601044
759,25,-3.988071
759,29,-8.461491
759,31,-10.203791
760,2,4.425264
760,5,11.089516
760,6,4.3759
760,12,2.94543
760,19,8.834639
760,24,1.577572
760,25,-3.995987
760,29,-8.365138
760,31,-10.074083
761,2,4.352134
761,5,10.852958
761,6,4.358955
761,12,2.866124
761,19,8.743415
761,24,1.449687
761,25,-3.942273
761,29,-8.264947
761,31,-9.858012
762,2,4.376031
762,5,10.89135
762,6,4.352005
762,12,2.905352
762,19,8.731551
762,24,1.50016
762,25,-3.918219
762,29,-8.242678
762,31,-9.881558
763,2,4.554048
763,5,11.123554
763,6,4.454328
763,12,3.090789
763,19,8.845723
763,24,1.617254
763,25,-3.854671
763,29,-8.271098
763,31,-10.027024
764,2,4.237612
764,5,11.006938
764,6,4.301224
764,12,2.723292
764,19,8.866076
764,24,1.450962
764,25,-4.202898
764,29,-8.53125
764,31,-10.113092
765,2,4.055925
765,5,10.769154
765,6,4.304742
765,12,2.466143
765,19,8.917894
765,24,1.163021
765,25,-4.36583
765,29,-8.669305
765,31,-9.986088
766,2,3.872549
766,5,10.610305
766,6,4.21495
766,12,2.261577
766,19,8.873847
766,24,1.042143
766,25,-4.500763
766,29,-8.736115
766,31,-9.931571
767,2,3.853542
767,5,10.715927
767,6,4.173102
767,12,2.253641
767,19,8.892351
767,24,1.116463
767,25,-4.570374
767,29,-8.801964
767,31,-10.058993
768,2,3.948986
768,5,10.910874
768,6,4.215408
768,12,2.356657
768,19,8.97654
768,24,1.219631
768,25,-4.574229
768,29,-8.860916
768,31,-10.21505
769,2,4.0235
769,5,10.969194
769,6,4.273481
769,12,2.428228
769,19,9.025199
769,24,1.233748
769,25,-4.533223
769,29,-8.861375
769,31,-10.234683
770,2,3.984741
770,5,11.052549
770,6,4.197295
770,12,2.414887
770,19,8.997613
770,24,1.332168
770,25,-4.590494
770,29,-8.891333
770,31,-10.345209
771,2,3.996675
771,6,4.205606
771,12,2.443269
771,19,8.888239
771,24,1.279683
771,25,-4.442543
771,29,-8.714376
771,31,-10.125713
772,2,3.852495
772,6,4.072814
772,12,2.326118
772,19,8.738319
772,24,1.272968
772,25,-4.467164
772,29,-8.641251
772,31,-10.033766
773,2,3.809747
773,5,10.659992
773,6,3.958075
773,12,2.342468
773,19,8.574949
773,24,1.387972
773,25,-4.399443
773,29,-8.497946
773,31,-9.98605
774,2,3.95543
774,5,10.803829
774,6,3.935713
774,12,2.568295
774,19,8.476447
774,24,1.636256
774,25,-4.21379
774,29,-8.313898
775,2,4.082548
775,5,11.148633
775,6,3.840174
775,12,2.79911
775,19,8.403858
775,24,2.035844
775,25,-4.136706
775,29,-8.232197
775,31,-10.303252
776,2,3.677091
776,5,11.125584
776,6,3.717731
776,12,2.269633
776,19,8.620005
776,25,-4.743905
776,29,-8.79513
776,31,-10.574895
777,2,3.754835
777,5,11.298331
777,6,3.884389
777,12,2.265931
777,24,1.627319
777,25,-4.88104
777,29,-9.061899
777,31,-10.745536
778,2,3.860882
778,5,11.339478
778,6,3.921398
778,12,2.400594
778,24,1.706255
778,25,-4.750095
778,29,-8.953701
778,31,-10.715822
779,2,4.002747
779,5,11.51268
779,6,3.919013
779,12,2.605579
779,19,8.829477
779,24,1.927308
779,25,-4.610874
779,29,-8.834524
779,31,-10.800306
780,2,3.958265
780,5,11.484463
780,6,3.809188
780,12,2.614645
780,19,8.689066
780,24,2.039213
780,25,-4.566798
780,29,-8.722509
780,31,-10.780598
781,2,4.025033
781,5,11.64153
781,6,3.719259
781,12,2.765146
781,19,8.575423
781,24,2.304457
781,25,-4.470518
781,29,-8.595785
781,31,-10.88814
782,2,3.990819
782,5,11.799327
782,6,3.539443
782,12,2.822257
782,19,8.427287
782,24,2.592305
782,25,-4.474382
782,29,-8.522576
782,31,-11.058356
783,2,4.06892
783,5,12.160917
783,6,3.323564
783,12,3.058221
783,19,8.229198
783,24,3.127652
783,25,-4.3843
783,29,-8.36199
783,31,-11.364286
784,2,4.05291
784,5,12.318613
784,6,3.214926
784,12,3.096133
784,19,8.172651
784,24,3.325536
784,25,-4.42177
784,29,-8.364956
784,31,-11.534691
785,2,4.066921
785,5,12.400556
785,6,3.208093
785,12,3.117839
785,19,8.197551
785,24,3.377173
785,25,-4.446353
785,29,-8.401068
785,31,-11.615772
786,2,4.122428
786,5,12.565102
786,6,3.252158
786,12,3.162631
786,19,8.307958
786,24,3.421997
786,25,-4.502066
786,29,-8.511651
786,31,-11.768914
787,2,3.624581
787,5,12.572647
787,6,2.80716
787,12,2.705079
787,19,8.138463
787,24,3.538892
787,25,-4.995554
787,29,-8.776236
787,31,-12.082815
788,2,4.185787
788,5,12.934751
788,6,3.139739
788,12,3.310061
788,19,8.291529
788,24,3.781398
788,25,-4.539875
788,29,-8.547659
788,31,-12.117379
789,2,4.446234
789,5,13.207922
789,6,3.274815
789,12,3.597094
789,19,8.396215
789,24,3.955145
789,25,-4.384033
789,29,-8.506059
789,31,-12.249558
790,2,4.281569
790,5,13.374644
790,6,3.075479
790,12,3.469946
790,19,8.358492
790,24,4.124104
790,25,-4.613661
790,29,-8.660084
790,31,-12.530347
791,2,4.381156
791,5,13.478611
791,6,3.066238
791,12,3.621567
791,19,8.304459
791,24,4.285873
791,25,-4.494775
791,29,-8.548571
791,31,-12.567242
792,2,4.286696
792,5,13.717182
792,6,2.801867
792,12,3.638851
792,19,8.136476
792,24,4.659632
792,25,-4.585491
792,29,-8.531656
792,31,-12.860025
793,2,4.120442
793,5,13.877527
793,6,2.464266
793,12,3.601849
793,19,7.882417
793,24,5.041169
793,25,-4.682406
793,29,-8.467421
793,31,-13.105347
794,2,4.312868
794,5,14.002076
794,6,2.611358
794,12,3.789137
794,19,7.987087
794,24,5.07294
794,29,-8.440675
794,31,-13.124263
795,2,4.236811
795,5,14.020301
795,6,2.443795
795,12,3.786359
795,19,7.818063
795,24,5.252108
795,29,-8.341027
795,31,-13.170382
796,2,4.237419
796,5,14.092735
796,6,2.421637
796,12,3.799333
796,19,7.827645
796,25,-4.574518
796,29,-8.370345
796,31,-13.247906
797,2,4.183019
797,5,14.099242
797,6,2.21391
797,12,3.856968
797,19,7.566954
797,25,-4.479723
797,29,-8.156087
797,31,-13.254486
798,2,4.098039
798,5,14.162105
798,6,2.03165
798,12,3.847459
798,19,7.411263
798,25,-4.50511
798,29,-8.090889
798,31,-13.355725
799,2,4.197039
799,5,14.323486
799,6,1.970883
799,12,4.028906
799,19,7.312609
799,25,-4.378774
799,29,-7.951881
799,31,-13.447378
800,2,5.075713
800,5,14.869702
800,6,2.304438
800,12,5.101713
800,19,7.249006
800,25,-3.471987
800,29,-7.282399
800,31,-13.434846
801,2,5.74861
801,5,15.381365
801,6,2.40218
801,12,6.02226
801,19,7.012187
801,24,7.48068
801,25,-2.693629
801,29,-6.607708
801,31,-13.497782
802,2,5.599423
802,5,15.417905
802,6,2.287654
802,12,5.872795
802,19,7.012242
802,24,7.49721
802,25,-2.881568
802,29,-6.747239
802,31,-13.634844
803,2,5.061399
803,5,15.369442
803,6,2.306598
803,12,5.051804
803,19,7.570866
803,24,6.828647
803,25,-3.84802
803,29,-7.762715
803,31,-14.018003
804,2,4.956036
804,5,15.347224
804,6,2.321999
804,12,4.886424
804,19,7.691677
804,24,6.676173
804,25,-4.03724
804,29,-7.968114
804,31,-14.08065
805,2,5.162257
805,5,15.371533
805,6,2.338383
805,12,5.188936
805,19,7.519215
805,24,6.897699
805,25,-3.689548
805,29,-7.620456
805,31,-13.944554
806,2,5.026926
806,5,15.343267
806,6,2.15937
806,12,5.107985
806,19,7.366121
806,24,7.012182
806,25,-3.744925
806,29,-7.574606
806,31,-13.982483
807,2,5.03602
807,5,15.303835
807,6,2.104522
807,12,5.163884
807,19,7.249131
807,24,7.09713
807,25,-3.645494
807,29,-7.435808
807,31,-13.917464
808,2,5.475945
808,5,15.399259
808,6,2.477249
808,12,5.578094
808,19,7.429508
808,24,7.054293
808,25,-3.258091
808,29,-7.260365
808,31,-13.750388
809,2,5.547703
809,5,15.431409
809,6,2.518996
809,12,5.659563
809,19,7.44031
809,24,7.082216
809,25,-3.18633
809,29,-7.21668
809,31,-13.737447
810,2,5.644202
810,5,15.421354
810,6,2.51284
810,12,5.813322
810,19,7.325825
810,24,7.200986
810,25,-2.9937
810,29,-7.012845
810,31,-13.645561
811,2,5.880737
811,5,15.497012
811,6,2.594754
811,12,6.114569
811,19,7.254261
811,24,7.36994
811,25,-2.6888
811,29,-6.7554
811,31,-13.557298
812,2,5.877523
812,5,15.559636
812,6,2.565303
812,12,6.127903
812,19,7.250744
812,24,7.431017
812,25,-2.708413
812,29,-6.771696
812,31,-13.624526
813,2,5.901643
813,5,15.622296
813,6,2.592808
813,12,6.144676
813,19,7.307195
813,24,7.434893
813,25,-2.732027
813,29,-6.824485
813,31,-13.682006
814,2,6.135342
814,5,15.645423
814,6,2.742507
814,12,6.400012
814,19,7.311933
814,24,7.478884
814,25,-2.459301
814,29,-6.630701
814,31,-13.550351
815,2,6.086005
815,5,15.506686
815,6,2.784159
815,12,6.309728
815,19,7.345143
815,24,7.31566
815,25,-2.488148
815,29,-6.664638
815,31,-13.439699
816,2,6.040078
816,5,15.547493
816,6,2.728293
816,12,6.277523
816,19,7.331846
816,24,7.362016
816,25,-2.545462
816,29,-6.701882
816,31,-13.510856
817,2,6.166186
817,5,15.512976
817,6,2.878221
817,12,6.373538
817,19,7.413684
817,24,7.263815
817,25,-2.429437
817,29,-6.662506
817,31,-13.40062
818,2,6.092077
818,5,15.507562
818,6,2.825116
818,12,6.299925
818,19,7.406046
818,24,7.259523
818,25,-2.508298
818,29,-6.716376
818,31,-13.442348
819,2,6.027672
819,5,15.3872
819,6,2.842179
819,12,6.201824
819,19,7.427795
819,25,-2.554622
819,29,-6.757419
819,31,-13.359774
820,2,6.053343
820,5,15.445232
820,6,2.845585
820,12,6.237329
820,19,7.442493
820,25,-2.549165
820,29,-6.765447
820,31,-13.405378
821,2,6.163561
821,5,15.524593
821,6,2.948586
821,12,6.33291
821,19,7.536679
821,24,7.155063
821,25,-2.498434
821,29,-6.78597
821,31,-13.42837
822,2,6.121257
822,5,15.50951
822,6,2.912334
822,12,6.296856
822,19,7.516355
822,24,7.158409
822,25,-2.528133
822,29,-6.796479
822,31,-13.43683
823,2,6.357798
823,5,15.478657
823,6,3.180163
823,12,6.480781
823,19,7.668385
823,24,7.004615
823,25,-2.324349
823,29,-6.732461
823,31,-13.266523
824,2,6.465083
824,5,15.511943
824,6,3.259744
824,12,6.590565
824,19,7.701488
824,24,7.01431
824,25,-2.224018
824,29,-6.680463
824,31,-13.233787
825,2,6.443307
825,5,15.5984
825,6,3.254824
825,12,6.557925
825,19,7.769653
825,24,7.022809
825,25,-2.317819
825,29,-6.792023
825,31,-13.348891
826,2,6.339803
826,5,15.559485
826,6,3.151311
826,12,6.475735
826,19,7.694232
826,24,7.053313
826,25,-2.378941
826,29,-6.793471
826,31,-13.365174
827,2,6.472438
827,5,15.619729
827,6,3.304692
827,12,6.572739
827,19,7.831624
827,24,6.985178
827,25,-2.321455
827,29,-6.83221
827,31,-13.358948
828,2,6.38159
828,5,15.609019
828,6,3.173993
828,12,6.526112
828,19,7.71799
828,24,7.081133
828,25,-2.353379
828,29,-6.792473
828,31,-13.391214
829,2,6.356285
829,5,15.618881
829,6,3.136662
829,12,6.514911
829,19,7.693417
829,24,7.113234
829,25,-2.368486
829,29,-6.791215
829,31,-13.414152
830,2,6.361187
830,5,15.505586
830,6,3.255233
830,12,6.452935
830,19,7.804642
830,24,6.900188
830,25,-2.389672
830,29,-6.864012
830,31,-13.305709
831,2,6.402514
831,5,15.394704
831,6,3.430854
831,12,6.407636
831,19,7.967861
831,24,6.640855
831,25,-2.40015
831,29,-6.958072
831,31,-13.182919
832,2,6.449554
832,5,15.407046
832,6,3.485545
832,12,6.444079
832,19,8.012215
832,24,6.613518
832,25,-2.371953
832,29,-6.963784
832,31,-13.169916
833,2,6.159589
833,5,15.322222
833,6,3.223703
833,12,6.188569
833,19,7.857402
833,24,6.662719
833,25,-2.592279
833,29,-7.034636
833,31,-13.251388
834,2,6.451563
834,5,15.44054
834,6,3.48617
834,12,6.449868
834,19,8.033352
834,25,-2.387191
834,29,-6.990147
834,31,-13.205313
835,2,6.510729
835,5,15.50337
835,6,3.562068
835,12,6.487218
835,19,8.12847
835,25,-2.392645
835,29,-7.051179
835,31,-13.245045
836,2,6.407545
836,5,15.468312
836,6,3.49182
836,12,6.382949
836,19,8.106625
836,24,6.5742
836,25,-2.487792
836,29,-7.107455
836,31,-13.273141
837,2,6.334147
837,5,15.324248
837,6,3.503606
837,12,6.275593
837,19,8.115015
837,24,6.428289
837,25,-2.529543
837,29,-7.136167
837,31,-13.170033
838,2,6.218741
838,5,15.22724
838,6,3.440082
838,12,6.152168
838,19,8.078822
838,24,6.365665
838,25,-2.609889
838,29,-7.170521
839,2,6.230508
839,5,15.169789
839,6,3.587574
839,12,6.077094
839,19,8.261314
839,24,6.132252
839,25,-2.686051
839,29,-7.325562
840,2,6.112346
840,5,15.113736
840,6,3.431484
840,12,6.009086
840,19,8.109375
840,24,6.223057
840,25,-2.711987
840,29,-7.257894
841,2,6.178678
841,5,15.229437
841,6,3.452399
841,12,6.090899
841,19,8.143869
841,24,6.301591
841,25,-2.689083
841,29,-7.267164
841,31,-13.174903
842,2,6.20817
842,5,15.207514
842,6,3.449839
842,12,6.141271
842,19,8.096999
842,24,6.332908
842,25,-2.614294
842,29,-7.186352
842,31,-13.124127
843,2,6.14127
843,5,15.119522
843,6,3.478821
843,12,6.028469
843,19,8.159145
843,24,6.184688
843,25,-2.700409
843,29,-7.280033
843,31,-13.084154
844,2,6.222612
844,5,15.08077
844,6,3.558675
844,12,6.102933
844,19,8.175829
844,24,6.141959
844,25,-2.597222
844,29,-7.212998
844,31,-12.989879
845,2,6.357522
845,5,15.076785
845,6,3.723028
845,12,6.199491
845,24,6.039455
845,25,-2.500878
845,29,-7.206223
845,31,-12.910415
846,2,6.365015
846,5,15.071599
846,6,3.739226
846,12,6.202782
846,24,6.021325
846,25,-2.496378
846,29,-7.21192
846,31,-12.901248
847,2,7.760114
847,5,15.732003
847,6,4.179305
847,12,7.982238
847,19,7.936285
847,24,7.132366
847,25,-0.812912
847,29,-5.815861
847,31,-12.605258
848,2,8.299996
848,5,15.95796
848,6,4.367914
848,12,8.661979
848,19,7.804958
848,24,7.524343
848,25,-0.156148
848,29,-5.276916
848,31,-12.459859
849,2,8.197601
849,5,16.046387
849,6,4.406567
849,12,8.478057
849,19,8.025739
849,24,7.373388
849,25,-0.441126
849,29,-5.612774
849,31,-12.653799
850,2,8.055312
850,5,16.073976
850,6,4.39817
850,12,8.269099
850,19,8.178296
850,24,7.231743
850,25,-0.711628
850,29,-5.897007
850,31,-12.800263
851,2,8.005218
851,5,16.26025
851,6,4.259258
851,12,8.278292
851,19,8.129088
851,24,7.446774
851,25,-0.799118
851,29,-5.944079
851,31,-13.02296
852,2,7.969124
852,5,16.292034
852,6,4.235245
852,12,8.240591
852,19,8.149645
852,24,7.452208
852,25,-0.862037
852,29,-6.003963
852,31,-13.082774
853,2,7.940837
853,5,16.319796
853,6,4.217628
853,12,8.210667
853,19,8.16956
853,24,7.455419
853,25,-0.913868
853,29,-6.055205
853,31,-13.132973
854,2,7.783968
854,5,16.345285
854,6,4.24891
854,12,7.95307
854,19,8.397571
854,24,7.235115
854,25,-1.247874
854,29,-6.427474
854,31,-13.29853
855,2,7.666478
855,5,16.3672
855,6,4.195458
855,12,7.812547
855,19,8.451268
855,24,7.190628
855,25,-1.425587
855,29,-6.588892
855,31,-13.407975
856,2,7.704294
856,5,16.327147
856,6,4.193074
856,12,7.876547
856,19,8.384914
856,24,7.225099
856,25,-1.322527
856,29,-6.475799
856,31,-13.328939
857,2,7.658168
857,5,16.317069
857,6,4.236195
857,12,7.780839
857,19,8.49453
857,24,7.102137
857,25,-1.438925
857,29,-6.621848
857,31,-13.364579
858,2,7.587867
858,5,16.250261
858,6,4.296554
858,12,7.640162
858,19,8.621563
858,24,6.907596
858,25,-1.576543
858,29,-6.789995
858,31,-13.35914
859,2,7.532552
859,5,16.193682
859,6,4.280258
859,12,7.573346
859,19,8.620509
859,24,6.85252
859,25,-1.620202
859,29,-6.819149
859,31,-13.335399
860,2,7.34704
860,5,15.952235
860,6,4.127751
860,12,7.412091
860,19,8.431778
860,24,6.804744
860,25,-1.643023
860,29,-6.719251
860,31,-13.176105
861,2,7.371694
861,5,15.878262
861,6,4.132949
861,12,7.45287
861,19,8.370212
861,24,6.802055
861,25,-1.547752
861,29,-6.612646
862,2,7.277407
862,5,15.690452
862,6,4.155825
862,12,7.308022
862,19,8.390645
862,24,6.601767
862,25,-1.608729
862,29,-6.659289
862,31,-12.937753
863,2,7.261199
863,5,15.586355
863,6,4.218915
863,12,7.249359
863,19,8.442902
863,24,6.453334
863,25,-1.623334
863,29,-6.694189
863,31,-12.845263
864,2,7.240427
864,5,15.606616
864,6,4.149337
864,12,7.266353
864,19,8.370035
864,24,6.543914
864,25,-1.606302
864,29,-6.643365
864,31,-12.86886
865,2,7.171625
865,5,15.6223
865,6,4.06363
865,12,7.221782
865,19,8.319423
865,24,6.603571
865,25,-1.659101
865,29,-6.65555
865,31,-12.923521
866,2,6.962289
866,5,15.633825
866,6,3.880088
866,12,7.030776
866,19,8.261143
866,24,6.654359
866,25,-1.874104
866,29,-6.781546
866,31,-13.068038
867,2,6.965701
867,5,15.617751
867,6,3.974204
867,12,6.975723
867,19,8.3945
867,24,6.506952
867,25,-1.944332
867,29,-6.90658
867,31,-13.067736
868,2,6.903028
868,5,15.606274
868,6,3.952843
868,12,6.898465
868,19,8.420673
868,24,6.465401
868,25,-2.028652
868,29,-6.982798
868,31,-13.10111
869,2,6.867922
869,5,15.609139
869,6,3.923457
869,12,6.867611
869,19,8.414446
869,24,6.47205
869,25,-2.064476
869,29,-7.006504
869,31,-13.126095
870,2,6.850736
870,5,15.680319
870,6,3.842547
870,12,6.895015
870,19,8.351346
870,24,6.600036
870,25,-2.065598
870,29,-6.977166
870,31,-13.202656
871,2,6.898439
871,5,15.683986
871,6,3.895389
871,12,6.933891
871,19,8.386681
871,24,6.57314
871,25,-2.028301
871,29,-6.970599
871,31,-13.178469
872,2,6.91166
872,5,15.628873
872,6,3.919126
872,12,6.943519
872,19,8.3771
872,24,6.534341
872,25,-1.985369
872,29,-6.931875
872,31,-13.108715
873,2,6.90579
873,5,15.519608
873,6,3.90516
873,12,6.952775
873,19,8.296069
873,24,6.51587
873,25,-1.903388
873,29,-6.822208
873,31,-12.983818
874,2,6.839263
874,5,15.412128
874,6,3.841322
874,12,6.903817
874,19,8.202092
874,24,6.506655
874,25,-1.88662
874,29,-6.753033
874,31,-12.900119
875,2,6.940222
875,5,15.477806
875,6,3.964615
875,12,6.972058
875,19,8.3287
875,24,6.449572
875,25,-1.862421
875,29,-6.809816
876,2,6.678278
876,5,15.422137
876,6,3.6514
876,12,6.793405
876,19,8.083835
876,24,6.622322
876,25,-2.002514
876,29,-6.774533
877,2,6.573959
877,5,15.487504
877,6,3.458261
877,12,6.76553
877,19,7.934346
877,24,6.824284
877,25,-2.052118
877,29,-6.732651
878,2,6.343201
878,5,15.392805
878,6,3.290936
878,12,6.537323
878,19,7.859133
878,24,6.79395
878,25,-2.247877
878,29,-6.829587
878,31,-13.16161
879,2,6.101764
879,5,15.233936
879,6,3.104371
879,12,6.309514
879,19,7.726207
879,24,6.761824
879,25,-2.399879
879,29,-6.859198
879,31,-13.13691
880,2,5.725606
880,5,14.991124
880,6,2.726153
880,12,6.01237
880,19,7.385912
880,24,6.849286
880,25,-2.557106
880,29,-6.773515
880,31,-13.083707
881,2,5.037895
881,5,14.976038
881,6,1.759242
881,12,5.631138
881,19,6.597973
881,24,7.568889
881,25,-2.881493
881,29,-6.575451
881,31,-13.415663
882,2,4.350154
882,5,15.034611
882,6,0.927635
882,12,5.15421
882,24,8.101341
882,29,-6.654931
882,31,-13.864507
883,2,4.271677
883,5,15.089063
883,6,0.973144
883,12,5.004401
883,19,6.251214
883,24,7.959325
883,25,-3.612305
883,29,-6.925687
883,31,-14.003461
884,2,4.273582
884,5,15.078157
884,6,1.116084
884,12,4.913593
884,19,6.465036
884,24,7.736784
884,25,-3.736433
884,29,-7.134644
884,31,-14.022651
885,2,4.470206
885,5,15.124697
885,6,1.320774
885,12,5.072753
885,19,6.606408
885,24,7.655945
885,25,-3.600573
885,29,-7.117166
885,31,-13.958574
886,2,4.417319
886,5,15.08958
886,6,1.292817
886,12,5.016447
886,19,6.598063
886,24,7.629398
886,25,-3.64405
886,29,-7.14338
886,31,-13.955558
887,2,4.646481
887,5,15.145007
887,6,1.559111
887,12,5.182406
887,19,6.806218
887,24,7.492244
887,25,-3.513783
887,29,-7.167241
887,31,-13.88886
888,2,4.733823
888,5,15.057547
888,6,1.763771
888,12,5.182838
888,19,6.979676
888,24,7.246622
888,25,-3.486207
888,29,-7.238803
888,31,-13.762626
889,2,4.794703
889,5,15.02412
889,6,1.748614
889,12,5.290046
889,19,6.873465
889,24,7.328965
889,25,-3.332957
889,29,-7.067608
889,31,-13.668563
890,2,4.728769
890,5,14.955669
890,6,1.727721
890,12,5.210774
890,19,6.869273
890,24,7.266411
890,25,-3.384161
890,29,-7.099802
890,31,-13.639895
891,2,4.95252
891,5,15.052438
891,6,1.882532
891,12,5.442162
891,19,6.935638
891,24,7.30863
891,25,-3.185064
891,29,-6.997579
891,31,-13.59863
892,2,5.021148
892,5,15.075395
892,6,1.951324
892,12,5.500904
892,19,6.985639
892,24,7.286691
892,25,-3.138048
892,29,-6.993118
892,31,-13.582889
893,2,4.927957
893,5,15.036706
893,6,1.898724
893,12,5.400363
893,19,6.978973
893,24,7.251832
893,25,-3.229845
893,29,-7.055237
893,31,-13.603988
894,2,4.992692
894,5,14.970755
894,6,1.946738
894,12,5.471919
894,19,6.946565
894,24,7.23022
894,25,-3.107806
894,29,-6.945589
894,31,-13.484146
895,2,4.899221
895,5,14.935561
895,6,1.877289
895,12,5.382258
895,19,6.916253
895,24,7.222315
895,25,-3.186298
895,29,-6.98518
895,31,-13.505509
896,2,4.6371
896,5,14.895585
896,6,1.63729
896,12,5.153688
896,19,6.795132
896,24,7.287882
896,25,-3.408436
896,29,-7.079383
896,31,-13.623339
897,2,4.439091
897,5,14.871479
897,6,1.434265
897,12,4.996305
897,19,6.674054
897,24,7.373233
897,25,-3.558822
897,29,-7.122187
897,31,-13.71407
898,2,4.376916
898,5,14.860745
898,6,1.455629
898,12,4.89088
898,19,6.76662
898,24,7.267446
898,25,-3.684462
898,29,-7.265189
898,31,-13.759084
899,2,4.608362
899,5,14.950368
899,6,1.634262
899,12,5.117981
899,19,6.857365
899,24,7.278775
899,25,-3.489041
899,29,-7.178638
899,31,-13.708506
900,2,4.492668
900,5,14.822204
900,6,1.601979
900,12,4.973943
900,19,6.850992
900,24,7.159666
900,25,-3.579855
900,29,-7.235027
900,31,-13.650755
901,2,4.543658
901,5,14.783842
901,6,1.621087
901,12,5.042908
901,19,6.805005
901,24,7.175908
901,25,-3.474601
901,29,-7.131721
901,31,-13.567355
902,2,4.719656
902,5,14.752694
902,6,1.78295
902,12,5.203331
902,19,6.853762
902,24,7.113271
902,25,-3.281294
902,29,-7.016602
902,31,-13.420518
903,2,4.771458
903,5,14.634194
903,6,1.852321
903,12,5.243021
903,19,6.835623
903,24,7.027464
903,25,-3.167378
903,29,-6.917586
903,31,-13.256162
904,2,4.779429
904,5,14.525784
904,6,1.840677
904,12,5.271149
904,19,6.744045
904,24,7.021185
904,25,-3.063148
904,29,-6.785876
904,31,-13.121059
905,2,4.804902
905,5,14.382865
905,6,1.884135
905,12,5.289731
905,19,6.698301
905,24,6.938329
905,25,-2.955913
905,29,-6.675109
905,31,-12.944635
906,2,4.717082
906,5,14.31665
906,6,1.811485
906,12,5.212277
906,19,6.638167
906,24,6.932316
906,25,-2.999404
906,29,-6.670941
906,31,-12.924874
907,2,4.679931
907,5,14.270764
907,6,1.766364
907,12,5.191783
907,19,6.580144
907,24,6.946752
907,25,-2.989933
907,29,-6.630458
907,31,-12.892096
908,2,4.7358
908,5,14.322765
908,6,1.815433
908,12,5.243026
908,19,6.630598
908,24,6.949856
908,25,-2.967758
908,29,-6.645967
908,31,-12.915805
909,2,5.002402
909,5,14.28746
909,6,2.179169
909,12,5.402249
909,19,6.894237
909,24,6.673955
909,25,-2.799767
909,29,-6.666802
909,31,-12.73585
910,2,5.140818
910,5,14.195006
910,6,2.335694
910,12,5.511806
910,19,6.936163
910,24,6.557775
910,25,-2.62836
910,29,-6.560114
910,31,-12.548775
911,2,5.197745
911,5,14.222524
911,6,2.366492
911,12,5.578234
911,19,6.94218
911,24,6.582578
911,25,-2.569449
911,29,-6.522931
911,31,-12.538825
912,2,5.182037
912,5,14.224415
912,6,2.37397
912,12,5.551768
912,19,6.972325
912,24,6.554269
912,25,-2.604657
912,29,-6.566178
912,31,-12.555635
913,2,5.021214
913,5,14.24884
913,6,2.309184
913,12,5.353833
913,19,7.056164
913,24,6.482765
913,25,-2.854347
913,29,-6.796797
913,31,-12.704758
914,2,4.486566
914,5,14.226752
914,6,1.901294
914,12,4.826907
914,19,6.971503
914,24,6.510704
914,25,-3.431268
914,29,-7.171279
914,31,-13.035833
915,2,4.547834
915,5,14.255882
915,6,2.04915
915,12,4.819558
915,19,7.155122
915,24,6.359677
915,25,-3.47923
915,29,-7.309543
915,31,-13.052867
916,2,4.593792
916,5,14.356784
916,6,2.116341
916,12,4.841005
916,19,7.273953
916,24,6.338936
916,25,-3.527103
916,29,-7.416512
916,31,-13.145985
917,2,4.341794
917,5,14.317483
917,6,2.037806
917,12,4.517386
917,19,7.39292
917,24,6.167502
917,25,-3.888284
917,29,-7.743972
917,31,-13.296683
918,2,4.324674
918,5,14.301355
918,6,2.029853
918,12,4.500279
918,19,7.38972
918,24,6.156245
918,25,-3.898678
918,29,-7.749741
918,31,-13.290445
919,2,4.291792
919,5,14.218767
919,6,2.049213
919,12,4.44356
919,19,7.404484
919,24,6.064312
919,25,-3.918688
919,29,-7.768371
919,31,-13.2278
920,2,4.370869
920,5,14.295342
920,6,2.084296
920,12,4.538427
920,19,7.424123
920,24,6.122711
920,25,-3.856983
920,29,-7.739542
920,31,-13.256658
921,2,4.303681
921,5,14.219685
921,6,2.028051
921,12,4.481322
921,19,7.362051
921,24,6.111778
921,25,-3.871906
921,29,-7.712813
921,31,-13.21278
922,2,4.395696
922,5,14.188261
922,6,2.108062
922,12,4.569826
922,19,7.371362
922,24,6.081136
922,25,-3.754852
922,29,-7.631398
923,2,4.537333
923,5,14.155593
923,6,2.234382
923,12,4.701707
923,19,7.399604
923,24,6.033607
923,25,-3.58996
923,29,-7.525301
923,31,-12.988612
924,2,4.60348
924,5,14.102667
924,6,2.294944
924,12,4.765255
924,19,7.392633
924,24,5.997383
924,25,-3.48705
924,29,-7.443977
924,31,-12.885349
925,2,4.663572
925,5,14.114551
925,6,2.267347
925,12,4.877369
925,19,7.29541
925,24,6.111176
925,25,-3.354504
925,29,-7.295599
925,31,-12.840164
926,2,4.634629
926,5,14.115122
926,6,2.236809
926,12,4.857046
926,19,7.279848
926,24,6.126863
926,25,-3.376475
926,29,-7.304053
926,31,-12.857699
927,2,4.58444
927,5,14.060205
927,6,2.207981
927,12,4.805805
927,19,7.255085
927,24,6.098855
927,25,-3.40104
927,29,-7.305995
927,31,-12.829916
928,2,4.559031
928,5,14.062672
928,6,2.225764
928,12,4.757471
928,19,7.311736
928,24,6.044317
928,25,-3.464887
928,29,-7.384607
928,31,-12.85865
929,2,4.581473
929,5,14.053152
929,6,2.294379
929,12,4.74717
929,19,7.389561
929,24,5.960549
929,25,-3.48115
929,29,-7.439273
929,31,-12.84504
930,2,4.534158
930,5,14.02848
930,6,2.169088
930,12,4.765423
930,19,7.231179
930,24,6.094563
930,25,-3.427331
930,29,-7.312824
930,31,-12.825681
931,2,4.389766
931,5,13.995873
931,6,1.916657
931,12,4.724555
931,19,6.972914
931,24,6.314997
931,25,-3.424235
931,29,-7.168457
931,31,-12.849058
932,2,4.550291
932,5,14.081373
932,6,2.011741
932,12,4.90123
932,19,7.005538
932,24,6.373503
932,25,-3.275744
932,29,-7.083929
932,31,-12.832664
933,2,4.648761
933,5,14.122839
933,6,2.089757
933,12,4.997497
933,19,7.049641
933,24,6.375595
933,25,-3.195297
933,29,-7.05267
933,31,-12.814641
934,2,4.829894
934,5,14.206645
934,6,2.267594
934,12,5.148372
934,19,7.187596
934,24,6.328266
934,25,-3.088059
934,29,-7.055643
934,31,-12.799113
935,2,4.905522
935,5,14.35468
935,6,2.230138
935,12,5.285144
935,19,7.142568
935,24,6.517136
935,25,-3.011117
935,29,-6.984922
935,31,-12.89481
936,2,4.904237
936,5,14.413475
936,6,2.208852
936,12,5.298005
936,19,7.148211
936,24,6.567554
936,25,-3.030975
936,29,-7.007072
936,31,-12.957936
937,2,4.846619
937,5,14.39205
937,6,2.170886
937,12,5.240402
937,19,7.137706
937,24,6.55604
937,25,-3.083631
937,29,-7.039414
937,31,-12.972945
938,2,4.878982
938,5,14.37926
938,6,2.194189
938,12,5.276531
938,19,7.133022
938,24,6.552201
938,25,-3.034907
938,29,-7.001375
938,31,-12.935537
939,2,4.955543
939,5,14.332033
939,6,2.310405
939,12,5.316887
939,19,7.20451
939,24,6.442724
939,25,-2.97099
939,29,-6.991583
939,31,-12.843511
940,2,5.172956
940,5,14.423599
940,6,2.385351
940,12,5.593488
940,19,7.150041
940,24,6.596783
940,25,-2.701002
940,29,-6.771207
940,31,-12.779395
941,2,5.018051
941,5,14.498379
941,6,2.111158
941,12,5.547723
941,19,6.935405
941,24,6.873256
941,25,-2.770155
941,29,-6.710449
941,31,-12.930119
942,2,4.671
942,5,14.491809
942,6,1.74318
942,12,5.278983
942,19,6.727033
942,24,7.056541
942,25,-3.04849
942,29,-6.800969
942,31,-13.129696
943,2,4.757335
943,5,14.477535
943,6,1.835314
943,12,5.349449
943,19,6.771323
943,24,7.005477
943,25,-2.965635
943,29,-6.764599
943,31,-13.06112
944,2,4.904502
944,5,14.429054
944,6,1.964398
944,12,5.487933
944,19,6.787896
944,24,6.953645
944,25,-2.782144
944,29,-6.637406
945,2,4.950354
945,5,14.27238
945,6,2.082274
945,12,5.484885
945,19,6.826608
945,24,6.772818
945,25,-2.701314
945,29,-6.590453
946,2,5.072687
946,5,14.392408
946,6,2.056521
946,12,5.685972
946,19,6.733566
946,24,6.986093
946,25,-2.529029
946,29,-6.422411
946,31,-12.743437
947,2,5.211823
947,5,14.356971
947,6,2.21257
947,12,5.792917
947,19,6.808185
947,24,6.887589
947,25,-2.395918
947,29,-6.364394
947,31,-12.620649
948,2,5.210249
948,5,14.286968
948,6,2.205828
948,12,5.800611
948,19,6.757257
948,24,6.874301
948,25,-2.341314
948,29,-6.293273
948,31,-12.538772
949,2,7.035832
949,5,15.036981
949,6,3.381602
949,12,7.726585
949,19,7.124664
949,24,7.309826
949,25,-0.611771
949,31,-12.116642
950,2,8.580327
950,5,15.447914
950,6,4.371566
950,12,9.368469
950,24,7.613786
950,25,1.01141
950,29,-4.207405
950,31,-11.499101
951,2,8.707496
951,5,15.451795
951,6,4.531209
951,12,9.452887
951,19,7.406783
951,24,7.507857
951,25,1.091846
951,29,-4.21314
951,31,-11.432242
952,2,8.782771
952,5,15.340878
952,6,4.700987
952,12,9.456024
952,19,7.522653
952,24,7.292531
952,25,1.145019
952,29,-4.231022
952,31,-11.280487
953,2,8.664362
953,5,15.148527
953,6,4.652107
953,12,9.320245
953,19,7.4533
953,24,7.175657
953,25,1.108166
953,29,-4.208846
954,2,8.421217
954,5,15.051201
954,6,4.633314
954,12,8.970707
954,19,7.619936
954,24,6.905217
954,25,0.743897
954,29,-4.560332
954,31,-11.240726
955,2,8.240103
955,5,14.937726
955,6,4.728679
955,12,8.636564
955,19,7.88805
955,24,6.521772
955,25,0.394188
955,29,-4.955186
956,2,8.18168
956,5,14.789484
956,6,4.718339
956,12,8.563103
956,19,7.842561
956,24,6.425639
956,25,0.400503
956,29,-4.917126
956,31,-11.166461
957,2,8.067749
957,5,14.645118
957,6,4.717163
957,12,8.398902
957,19,7.871853
957,24,6.255534
957,25,0.291714
957,29,-5.004057
958,2,7.974499
958,5,14.462539
958,6,4.702353
958,12,8.276918
958,19,7.834754
958,24,6.117092
958,25,0.261102
958,29,-4.995281
958,31,-10.96299
959,2,7.827074
959,5,14.427625
959,6,4.635126
959,12,8.103578
959,19,7.86467
959,24,6.047141
959,25,0.079113
959,29,-5.143111
959,31,-11.033018
960,2,7.845093
960,5,14.593774
960,6,4.535074
960,12,8.196397
960,19,7.794461
960,24,6.273879
960,25,0.09889
960,29,-5.102103
960,31,-11.182492
961,2,7.674932
961,5,14.643246
961,6,4.362403
961,12,8.058821
961,19,7.737433
961,24,6.368811
961,25,-0.080079
961,29,-5.206087
961,31,-11.342865
962,2,7.236527
962,5,14.702367
962,6,3.903652
962,12,7.713193
962,19,7.525741
962,24,6.614025
962,25,-0.484466
962,29,-5.391782
962,31,-11.675291
963,2,7.149386
963,5,14.806835
963,6,3.742847
963,12,7.691445
963,19,7.434034
963,24,6.799625
963,25,-0.558228
963,29,-5.403696
963,31,-11.82979
964,2,7.285791
964,5,14.820263
964,6,3.874708
964,12,7.808447
964,19,7.503808
964,24,6.749751
964,25,-0.440208
964,29,-5.356912
964,31,-11.758958
965,2,7.345563
965,5,14.810511
965,6,3.937563
965,12,7.858079
965,19,7.533009
965,24,6.71484
965,25,-0.381225
965,29,-5.3298
965,31,-11.710554
966,2,7.076987
966,5,14.700245
966,6,3.741091
966,12,7.593992
966,19,7.443939
966,24,6.687952
966,25,-0.61012
966,29,-5.442634
966,31,-11.766497
967,2,7.149421
967,5,14.711008
967,6,3.839544
967,12,7.637265
967,19,7.527552
967,24,6.618571
967,25,-0.576701
967,29,-5.465023
967,31,-11.739982
968,2,7.001802
968,5,14.67654
968,6,3.744959
968,12,7.482922
968,19,7.515882
968,24,6.59145
968,25,-0.732557
968,29,-5.571314
968,31,-11.804081
969,2,6.920493
969,5,14.609078
969,6,3.768439
969,12,7.348052
969,19,7.596668
969,24,6.444316
969,25,-0.858246
969,29,-5.703402
969,31,-11.802583
970,2,6.840747
970,5,14.678276
970,6,3.627181
970,12,7.325504
970,19,7.505761
970,24,6.59687
970,25,-0.913001
970,29,-5.699681
970,31,-11.914964
971,2,6.799298
971,5,14.776803
971,6,3.551077
971,12,7.314654
971,19,7.493518
971,24,6.700287
971,25,-0.980588
971,29,-5.749891
971,31,-12.044602
972,2,6.547791
972,5,14.764083
972,6,3.25838
972,12,7.140286
972,19,7.298341
972,24,6.872366
972,25,-1.150179
972,29,-5.76845
972,31,-12.173703
973,2,6.366055
973,5,14.669872
973,6,3.114293
973,12,6.970985
973,19,7.209144
973,24,6.865517
973,25,-1.279891
973,29,-5.809776
973,31,-12.186026
974,2,6.255005
974,5,14.690383
974,6,2.987197
974,12,6.893066
974,19,7.143008
974,24,6.946644
974,25,-1.373378
974,29,-5.844701
974,31,-12.273381
975,2,6.03641
975,5,14.613961
975,6,2.732479
975,12,6.744526
975,19,6.932622
975,24,7.075993
975,25,-1.47514
975,29,-5.801277
975,31,-12.309882
976,2,5.963187
976,5,14.582162
976,6,2.662481
976,12,6.686003
976,19,6.882634
976,24,7.09373
976,25,-1.518324
976,29,-5.804677
976,31,-12.318406
977,2,5.974318
977,5,14.566343
977,6,2.638396
977,12,6.722802
977,19,6.824856
977,24,7.137944
977,25,-1.460325
977,29,-5.730889
977,31,-12.283148
978,2,5.718619
978,5,14.435861
978,6,2.399878
978,12,6.508635
978,19,6.645079
978,24,7.184631
978,25,-1.61016
978,29,-5.735646
978,31,-12.29412
979,2,5.464375
979,5,14.434314
979,6,2.071185
979,12,6.3554
979,19,6.404363
979,24,7.41352
979,25,-1.756949
979,29,-5.713945
979,31,-12.429387
980,2,5.36979
980,5,14.333081
980,6,1.972225
980,12,6.287147
980,19,6.289092
980,24,7.430443
980,25,-1.763769
980,29,-5.650876
980,31,-12.368865
981,2,5.266232
981,5,14.289214
981,6,1.855079
981,12,6.216097
981,19,6.190725
981,24,7.484113
981,25,-1.808812
981,29,-5.628782
981,31,-12.377886
982,2,5.088308
982,5,14.226118
982,6,1.747843
982,12,6.026005
982,19,6.173957
982,24,7.435321
982,25,-1.989288
982,29,-5.748587
982,31,-12.43297
983,2,4.937947
983,5,14.156035
983,6,1.677115
983,12,5.852412
983,19,6.180313
983,24,7.358142
983,25,-2.149571
983,29,-5.865614
984,2,4.80945
984,5,14.020007
984,6,1.605311
984,12,5.714865
984,19,6.121115
984,24,7.285243
984,25,-2.222756
984,29,-5.879036
984,31,-12.401805
985,2,4.626685
985,5,13.976827
985,6,1.458032
985,12,5.544822
985,19,6.059974
985,24,7.299575
985,25,-2.386531
985,29,-5.964025
985,31,-12.473865
986,2,4.592104
986,5,13.939326
986,6,1.421039
986,12,5.522138
986,19,6.016943
986,24,7.30716
986,25,-2.386336
986,29,-5.939123
986,31,-12.450622
987,2,4.582275
987,5,13.985717
987,6,1.443285
987,12,5.492833
987,19,6.091491
987,24,7.27751
987,25,-2.455955
987,29,-6.034436
987,31,-12.518303
988,2,4.411094
988,5,13.914252
988,6,1.316521
988,12,5.326958
988,19,6.032371
988,24,7.263914
988,25,-2.599006
988,29,-6.103437
988,31,-12.552942
989,2,4.609213
989,5,13.98868
989,6,1.470203
989,12,5.52005
989,19,6.108663
989,24,7.266964
989,25,-2.429192
989,29,-6.026276
989,31,-12.503771
990,2,4.389963
990,5,13.859484
990,6,1.281221
990,12,5.3267
990,19,5.968147
990,24,7.278383
990,25,-2.561035
990,29,-6.039275
990,31,-12.497695
991,2,4.540798
991,5,13.95067
991,6,1.280511
991,12,5.555769
991,19,5.86601
991,24,7.473168
991,25,-2.3384
991,29,-5.828476
992,2,4.712797
992,5,14.168366
992,6,1.348466
992,12,5.764927
992,19,5.926289
992,24,7.626043
992,25,-2.230692
992,29,-5.798022
992,31,-12.585628
993,2,4.599145
993,5,14.136113
993,6,1.23598
993,12,5.675177
993,19,5.85311
993,24,7.665772
993,25,-2.307187
993,29,-5.813461
993,31,-12.618499
994,2,4.539069
994,5,14.169604
994,6,1.197883
994,12,5.612515
994,19,5.879354
994,24,7.670442
994,25,-2.402141
994,29,-5.900475
994,31,-12.699816
995,2,4.336276
995,5,14.072263
995,6,1.054068
995,12,5.411591
995,19,5.81119
995,24,7.640753
995,25,-2.569745
995,29,-5.980876
995,31,-12.728209
996,2,4.239487
996,5,13.989327
996,6,1.052112
996,12,5.27142
996,19,5.859587
996,24,7.51236
996,25,-2.689446
996,29,-6.089893
996,31,-12.717063
997,2,3.936556
997,5,13.910174
997,6,0.766751
997,12,5.01749
997,19,5.689504
997,24,7.598135
997,25,-2.916722
997,29,-6.160444
997,31,-12.817852
998,2,4.04032
998,5,14.050489
998,6,0.731799
998,12,5.198017
998,19,5.61461
998,24,7.810375
998,25,-2.781503
998,29,-6.031911
998,31,-12.878143
999,2,4.061441
999,5,14.069792
999,6,0.730824
999,12,5.23297
999,19,5.603981
999,24,7.841493
999,25,-2.751644
999,29,-6.006736
999,31,-12.880853
1000,2,3.827849
1000,5,13.928748
1000,6,0.650189
1000,12,4.942314
1000,19,5.638778
1000,24,7.667426
1000,25,-3.009672
1000,29,-6.205717
1000,31,-12.903283
1001,2,3.797796
1001,5,13.992654
1001,6,0.562538
1001,12,4.959295
1001,19,5.575902
1001,24,7.791102
1001,25,-3.020192
1001,29,-6.185158
1001,31,-12.980022
1002,2,3.838774
1002,5,13.988314
1002,6,0.54105
1002,12,5.039495
1002,19,5.497968
1002,24,7.867623
1002,25,-2.916681
1002,29,-6.068227
1002,31,-12.93213
1003,2,3.686492
1003,5,13.753763
1003,6,0.486223
1003,12,4.856631
1003,19,5.428817
1003,24,7.71158
1003,25,-2.984385
1003,29,-6.065353
1003,31,-12.780846
1004,2,4.011993
1004,5,13.818007
1004,6,0.678445
1004,12,5.215991
1004,19,5.423962
1004,24,7.789071
1004,25,-2.607196
1004,29,-5.791944
1004,31,-12.616097
1005,2,3.87857
1005,5,13.621731
1005,6,0.56723
1005,12,5.100191
1005,19,5.271603
1005,24,7.752568
1005,25,-2.60995
1005,29,-5.699444
1005,31,-12.477124
1006,2,3.7757
1006,5,13.449538
1006,6,0.477529
1006,12,5.01487
1006,19,5.13527
1006,24,7.723834
1006,25,-2.593363
1006,29,-5.603059
1006,31,-12.34461
1007,2,3.654575
1007,5,13.286592
1007,6,0.442718
1007,12,4.862925
1007,19,5.10872
1007,24,7.593996
1007,25,-2.671779
1007,29,-5.635844
1007,31,-12.254
1008,2,3.593142
1008,5,13.264334
1008,6,0.354907
1008,12,4.834911
1008,19,5.025019
1008,24,7.655992
1008,25,-2.681975
1008,29,-5.597882
1008,31,-12.258796
1009,2,3.595782
1009,5,13.241355
1009,6,0.334839
1009,12,4.856386
1009,19,4.977993
1009,24,7.682705
1009,25,-2.638947
1009,29,-5.540551
1010,2,3.537944
1010,5,13.167387
1010,6,0.320516
1010,12,4.783473
1010,19,4.971813
1010,24,7.618726
1010,25,-2.68007
1010,29,-5.563187
1010,31,-12.185372
1011,2,3.447614
1011,5,13.015137
1011,6,0.390897
1011,12,4.603659
1011,19,5.081933
1011,24,7.363957
1011,25,-2.812784
1011,29,-5.70973
1012,2,3.374873
1012,5,13.073023
1012,6,0.275401
1012,12,4.575882
1012,19,5.017365
1012,24,7.482594
1012,25,-2.871386
1012,29,-5.72321
1012,31,-12.208707
1013,2,3.193209
1013,5,12.982752
1013,6,0.132653
1013,12,4.40612
1013,19,4.933202
1013,24,7.477455
1013,25,-3.005849
1013,29,-5.771279
1013,31,-12.227512
1014,2,3.253437
1014,5,13.060111
1014,6,0.099772
1014,12,4.521313
1014,19,4.868233
1014,24,7.618721
1014,25,-2.910689
1014,29,-5.673276
1014,31,-12.253776
1015,2,3.150355
1015,5,13.003921
1015,6,0.023528
1015,12,4.422957
1015,19,4.825215
1015,24,7.607187
1015,25,-2.987283
1015,29,-5.703423
1015,31,-12.259806
1016,2,3.15303
1016,5,12.991331
1016,6,0.036174
1016,12,4.421127
1016,19,4.835171
1016,24,7.587111
1016,25,-2.983834
1016,29,-5.706379
1016,31,-12.245784
1017,2,3.104677
1017,5,12.980025
1017,6,-0.016134
1017,12,4.387726
1017,19,4.799417
1017,24,7.612406
1017,25,-3.012297
1017,29,-5.708346
1017,31,-12.261321
1018,2,3.044001
1018,5,12.94802
1018,6,-0.03912
1018,12,4.315471
1018,19,4.809046
1018,24,7.572641
1018,25,-3.078917
1018,29,-5.761101
1018,31,-12.271958
1019,2,3.021537
1019,5,12.970961
1019,6,-0.049102
1019,12,4.290592
1019,19,4.832748
1019,24,7.57199
1019,25,-3.124305
1019,29,-5.809766
1019,31,-12.315574
1020,2,2.941907
1020,5,12.964088
1020,6,-0.189659
1020,12,4.272033
1020,19,4.696483
1020,24,7.700806
1020,25,-3.126608
1020,29,-5.739117
1020,31,-12.340224
1021,2,2.92055
1021,5,12.956086
1021,6,-0.19666
1021,12,4.247536
1021,19,4.704326
1021,24,7.686663
1021,25,-3.1518
1021,29,-5.762278
1021,31,-12.347786
1022,2,2.91445
1022,5,12.977565
1022,6,-0.176088
1022,12,4.225961
1022,19,4.757068
1022,24,7.656225
1022,25,-3.195915
1022,29,-5.825453
1022,31,-12.383407
1023,2,2.857319
1023,5,12.826412
1023,6,-0.155483
1023,12,4.131173
1023,19,4.755894
1023,24,7.514341
1023,25,-3.218246
1023,29,-5.831324
1023,31,-12.264731
1024,2,2.839861
1024,5,12.757916
1024,6,-0.183471
1024,12,4.128853
1024,19,4.689413
1024,24,7.516785
1024,25,-3.174108
1024,29,-5.759507
1024,31,-12.192871
1025,2,2.76183
1025,5,12.678377
1025,6,-0.196704
1025,12,4.024484
1025,19,4.702745
1025,24,7.428
1025,25,-3.25077
1025,29,-5.818125
1025,31,-12.166855
1026,2,2.768118
1026,5,12.703474
1026,6,-0.142438
1026,12,3.997711
1026,19,4.796703
1026,24,7.360341
1026,25,-3.307763
1026,29,-5.912986
1026,31,-12.204886
1027,2,2.727269
1027,5,12.695919
1027,6,-0.152256
1027,12,3.945571
1027,19,4.821048
1027,24,7.329872
1027,25,-3.367118
1027,29,-5.970008
1027,31,-12.229886
1028,2,2.744316
1028,5,12.735246
1028,6,-0.095457
1028,12,3.932973
1028,19,4.91646
1028,24,7.274562
1028,25,-3.416156
1028,29,-6.06083
1028,31,-12.275475
1029,2,2.691821
1029,5,12.709904
1029,6,-0.084404
1029,12,3.8488
1029,19,4.974223
1029,24,7.193783
1029,25,-3.506102
1029,29,-6.156818
1029,31,-12.296178
1030,2,2.655541
1030,5,12.759363
1030,6,-0.208629
1030,12,3.883325
1030,19,4.852732
1030,24,7.362686
1030,25,-3.481584
1030,29,-6.078636
1030,31,-12.351615
1031,2,2.442794
1031,5,12.659755
1031,6,-0.339642
1031,12,3.658495
1031,19,4.813914
1031,24,7.304196
1031,25,-3.680102
1031,29,-6.197283
1031,31,-12.391635
1032,2,2.442708
1032,5,12.612148
1032,6,-0.31242
1032,12,3.642846
1032,19,4.827395
1032,24,7.247428
1032,25,-3.672754
1032,29,-6.196628
1032,31,-12.34371
1033,2,2.443992
1033,5,12.600883
1033,6,-0.311681
1033,12,3.647212
1033,19,4.821261
1033,24,7.244743
1033,25,-3.661117
1033,29,-6.185025
1033,31,-12.329381
1034,2,2.388806
1034,5,12.511924
1034,6,-0.372428
1034,12,3.611253
1034,19,4.731207
1034,24,7.250463
1034,25,-3.641348
1034,29,-6.116977
1034,31,-12.258871
1035,2,2.606133
1035,5,12.666434
1035,6,-0.253501
1035,12,3.855776
1035,19,4.78308
1035,24,7.351811
1035,25,-3.454686
1035,29,-6.020123
1035,31,-12.274245
1036,2,2.504738
1036,5,12.530828
1036,6,-0.260716
1036,12,3.712754
1036,19,4.795299
1036,24,7.210624
1036,25,-3.543464
1036,29,-6.082783
1036,31,-12.20632
1037,2,2.57344
1037,5,12.570213
1037,6,-0.180652
1037,12,3.761938
1037,19,4.872105
1037,24,7.174859
1037,25,-3.518857
1037,29,-6.109599
1037,31,-12.211797
1038,2,2.496687
1038,5,12.494007
1038,6,-0.252382
1038,12,3.70074
1038,19,4.795841
1038,24,7.178605
1038,25,-3.537319
1038,29,-6.077884
1038,31,-12.172569
1039,2,2.358949
1039,5,12.414633
1039,6,-0.341881
1039,12,3.55974
1039,19,4.75461
1039,24,7.143567
1039,25,-3.650434
1039,29,-6.134054
1040,2,2.406219
1040,5,12.423408
1040,6,-0.337592
1040,12,3.630851
1040,19,4.717881
1040,24,7.191058
1040,25,-3.569608
1040,29,-6.056857
1041,2,2.424794
1041,5,12.344406
1041,6,-0.30651
1041,12,3.641215
1041,19,4.697851
1041,24,7.137808
1041,25,-3.509927
1041,29,-5.997528
1042,2,2.380215
1042,5,12.266542
1042,6,-0.329648
1042,12,3.594276
1042,19,4.661559
1042,24,7.100805
1042,25,-3.515478
1042,29,-5.977486
1042,31,-11.991311
1043,2,2.294873
1043,5,12.197745
1043,6,-0.316994
1043,12,3.459872
1043,19,4.729303
1043,24,6.968539
1043,25,-3.639594
1043,29,-6.100494
1043,31,-11.992238
1044,2,2.140322
1044,5,12.062972
1044,6,-0.411334
1044,12,3.297876
1044,19,4.66367
1044,24,6.904881
1044,25,-3.742068
1044,29,-6.131694
1044,31,-11.94948
1045,2,2.915723
1045,5,12.369989
1045,6,0.187291
1045,12,4.044502
1045,19,4.961576
1045,24,6.914395
1045,25,-3.089675
1045,29,-5.835301
1045,31,-11.768734
1046,2,2.840082
1046,5,12.539372
1046,6,0.109667
1046,12,3.984263
1046,19,5.028983
1046,24,7.009769
1046,25,-3.266643
1046,29,-6.014759
1046,31,-12.01213
1047,2,2.83209
1047,5,12.484307
1047,6,0.046916
1047,12,4.020456
1047,19,4.907085
1047,24,7.079865
1047,25,-3.179265
1047,29,-5.882661
1047,31,-11.937404
1048,2,2.671171
1048,5,12.488969
1048,6,-0.060793
1048,12,3.855608
1048,19,4.914995
1048,24,7.076209
1048,25,-3.374794
1048,29,-6.031759
1048,31,-12.058687
1049,2,2.778575
1049,5,12.472725
1049,6,0.07076
1049,12,3.927735
1049,19,4.995379
1049,24,6.983953
1049,25,-3.291337
1049,29,-6.012977
1049,31,-11.978727
1050,2,2.76206
1050,5,12.464223
1050,6,0.021506
1050,12,3.940516
1050,19,4.932542
1050,24,7.039758
1050,25,-3.265021
1050,29,-5.960624
1050,31,-11.969647
1051,2,2.68775
1051,5,12.479496
1051,6,-0.066696
1051,12,3.892977
1051,19,4.88565
1051,24,7.10182
1051,25,-3.324439
1051,29,-5.981501
1051,31,-12.029892
1052,2,2.668267
1052,5,12.420946
1052,6,-0.050091
1052,12,3.855283
1052,19,4.896232
1052,24,7.036941
1052,25,-3.33582
1052,29,-5.992038
1052,31,-11.984003
1053,2,2.502826
1053,5,12.370162
1053,6,-0.168079
1053,12,3.692018
1053,19,4.858349
1053,24,7.026108
1053,25,-3.492092
1053,29,-6.083818
1054,2,2.47891
1054,5,12.296248
1054,6,-0.152945
1054,12,3.648892
1054,19,4.8617
1054,24,6.953724
1054,25,-3.500002
1054,29,-6.08678
1054,31,-11.98224
1055,2,2.251967
1055,5,12.237513
1055,6,-0.34897
1055,12,3.448173
1055,19,4.76348
1055,24,6.99477
1055,25,-3.688395
1055,29,-6.169531
1055,31,-12.065449
1056,2,2.324916
1056,5,12.304638
1056,6,-0.322023
1056,12,3.541021
1056,19,4.771131
1056,24,7.053912
1056,25,-3.621323
1056,29,-6.130466
1056,31,-12.084168
1057,2,2.249201
1057,5,12.296703
1057,6,-0.310603
1057,12,3.420823
1057,19,4.865033
1057,24,6.954417
1057,25,-3.767633
1057,29,-6.288126
1057,31,-12.147201
1058,2,2.272784
1058,5,12.249146
1058,6,-0.286124
1058,12,3.442546
1058,19,4.84908
1058,24,6.92685
1058,25,-3.713449
1058,29,-6.237231
1058,31,-12.077072
1059,2,2.228775
1059,5,12.279491
1059,6,-0.366559
1059,12,3.435331
1059,19,4.791684
1059,24,7.0144
1059,25,-3.733815
1059,29,-6.225095
1059,31,-12.12947
1060,2,2.161116
1060,5,12.202389
1060,6,-0.410745
1060,12,3.368194
1060,19,4.747766
1060,24,6.985613
1060,25,-3.762482
1060,29,-6.217961
1060,31,-12.088965
1061,2,2.18248
1061,5,12.286227
1061,6,-0.406609
1061,12,3.398887
1061,19,4.785345
1061,24,7.030679
1061,25,-3.780814
1061,29,-6.258803
1061,31,-12.167807
1062,2,2.106878
1062,5,12.365299
1062,6,-0.467716
1062,12,3.329267
1062,19,4.821927
1062,24,7.071601
1062,25,-3.912912
1062,29,-6.382334
1063,2,2.081685
1063,5,12.423452
1063,6,-0.511174
1063,12,3.323862
1063,19,4.819238
1063,24,7.131821
1063,25,-3.953692
1063,29,-6.416386
1064,2,2.112469
1064,5,12.509599
1064,6,-0.478012
1064,12,3.34817
1064,19,4.893148
1064,24,7.143238
1064,25,-3.984928
1064,29,-6.486166
1065,2,2.05916
1065,5,12.58337
1065,6,-0.531058
1065,12,3.306818
1065,19,4.915304
1065,24,7.193731
1065,25,-4.079506
1065,29,-6.574134
1065,31,-12.589965
1066,2,2.080109
1066,5,12.646586
1066,6,-0.497082
1066,12,3.316041
1066,19,4.986495
1066,24,7.185893
1066,25,-4.11457
1066,29,-6.643525
1066,31,-12.653797
1067,2,2.136515
1067,5,12.761985
1067,6,-0.450252
1067,12,3.36906
1067,19,5.072803
1067,24,7.213249
1067,25,-4.130959
1067,29,-6.711247
1067,31,-12.749434
1068,2,2.09179
1068,5,12.651449
1068,6,-0.515395
1068,12,3.35225
1068,19,4.951246
1068,24,7.229692
1068,25,-4.072842
1068,29,-6.596691
1068,31,-12.643057
1069,2,2.177418
1069,5,12.617279
1069,6,-0.453361
1069,12,3.440925
1069,19,4.935903
1069,24,7.214456
1069,25,-3.948597
1069,29,-6.495663
1069,31,-12.5422
1070,2,2.203447
1070,5,12.555378
1070,6,-0.390019
1070,12,3.438657
1070,19,4.968258
1070,24,7.125096
1070,25,-3.919266
1070,29,-6.487424
1070,31,-12.464276
1071,2,2.159602
1071,5,12.47681
1071,6,-0.406043
1071,12,3.387462
1071,19,4.941664
1071,24,7.077976
1071,25,-3.930527
1071,29,-6.476531
1071,31,-12.408408
1072,2,2.160238
1072,5,12.353495
1072,6,-0.414177
1072,12,3.398664
1072,19,4.851901
1072,24,7.050593
1072,25,-3.835789
1072,29,-6.350837
1072,31,-12.2618
1073,2,2.108294
1073,5,12.245144
1073,6,-0.465994
1073,12,3.361181
1073,19,4.759864
1073,24,7.039697
1073,25,-3.806278
1073,29,-6.273042
1073,31,-12.168414
1074,2,2.212676
1074,5,12.086273
1074,6,-0.347069
1074,12,3.43903
1074,19,4.733752
1074,24,6.915084
1074,25,-3.620063
1074,29,-6.110912
1074,31,-11.921514
1075,2,2.238448
1075,5,11.99212
1075,6,-0.350494
1075,12,3.48441
1075,19,4.642893
1075,24,6.916581
1075,25,-3.502429
1075,29,-5.970052
1075,31,-11.786951
1076,2,2.339922
1076,5,11.932584
1076,6,-0.281649
1076,12,3.592258
1076,19,4.605086
1076,24,6.898687
1076,25,-3.338213
1076,29,-5.825679
1076,31,-11.643722
1077,2,2.073102
1077,5,11.765112
1077,6,-0.434672
1077,12,3.302159
1077,19,4.547388
1077,24,6.796871
1077,25,-3.572156
1077,29,-5.954968
1077,31,-11.650505
1078,2,2.052926
1078,5,11.820095
1078,6,-0.454854
1078,12,3.287878
1078,19,4.57338
1078,24,6.825835
1078,25,-3.624702
1078,29,-6.012642
1079,2,2.046284
1079,5,11.813522
1079,6,-0.422113
1079,12,3.256942
1079,19,4.62789
1079,24,6.767414
1079,25,-3.663654
1079,29,-6.070502
1080,2,1.910991
1080,5,11.786112
1080,6,-0.526071
1080,12,3.129308
1080,19,4.594775
1080,24,6.775996
1080,25,-3.793393
1080,29,-6.147233
1081,2,1.867008
1081,5,11.756629
1081,6,-0.561329
1081,12,3.090849
1081,19,4.569519
1081,24,6.774696
1081,25,-3.818816
1081,29,-6.151253
1082,2,1.77046
1082,5,11.682694
1082,6,-0.625527
1082,12,2.994006
1082,19,4.527336
1082,24,6.747571
1082,25,-3.884322
1082,29,-6.172289
1083,2,1.600681
1083,5,11.576042
1083,6,-0.726902
1083,12,2.813215
1083,19,4.48485
1083,24,6.689555
1083,25,-4.028502
1083,29,-6.248408
1084,2,1.688111
1084,5,11.521952
1084,6,-0.678117
1084,12,2.9139
1084,19,4.434309
1084,24,6.68926
1084,25,-3.874325
1084,29,-6.105067
1084,31,-11.651306
1085,2,2.035928
1085,5,11.623039
1085,6,-0.460309
1085,12,3.286099
1085,19,4.466161
1085,24,6.75557
1085,25,-3.503726
1085,29,-5.858359
1086,2,2.188079
1086,5,11.701697
1086,6,-0.388756
1086,12,3.466983
1086,19,4.465796
1086,24,6.8328
1086,25,-3.33956
1086,29,-5.744702
1086,31,-11.481445
1087,2,1.994072
1087,5,11.604653
1087,6,-0.443595
1087,12,3.215834
1087,19,4.526894
1087,24,6.681623
1087,25,-3.582989
1087,29,-5.94911
1087,31,-11.532073
1088,2,1.34014
1088,5,11.040825
1088,6,-0.731403
1088,12,2.439906
1088,19,4.421983
1088,24,6.247869
1088,25,-4.145803
1088,29,-6.263546
1088,31,-11.397769
1089,2,0.451725
1089,5,10.684757
1089,6,-1.372409
1089,12,1.560291
1089,24,6.179015
1089,25,-4.934132
1089,29,-6.67378
1089,31,-11.619685
1090,2,-3.142737
1090,5,10.238355
1090,6,-4.644685
1090,12,-1.527415
1090,19,2.638879
1090,25,-8.11138
1090,29,-8.179708
1090,31,-13.476803
1091,2,-4.969615
1091,5,10.342619
1091,6,-6.251122
1091,12,-3.138824
1091,19,2.16755
1091,24,7.854307
1091,25,-10.004831
1091,29,-9.334295
1091,31,-14.823927
1092,2,-4.353314
1092,5,10.498536
1092,6,-5.807382
1092,12,-2.522092
1092,19,2.297975
1092,24,7.875615
1092,25,-9.392451
1092,29,-8.96632
1092,31,-14.564231
1093,2,-3.785252
1093,5,10.384949
1093,6,-5.331235
1093,12,-1.99935
1093,19,2.359174
1093,24,7.705521
1093,25,-8.723074
1093,29,-8.498172
1093,31,-14.044808
1094,2,-2.840861
1094,5,10.278509
1094,6,-4.394481
1094,12,-1.238185
1094,19,2.735683
1094,24,7.226803
1094,25,-7.813695
1094,29,-8.019666
1094,31,-13.319219
1095,2,-2.434271
1095,5,10.137075
1095,6,-4.006936
1095,12,-0.896708
1095,19,2.813745
1095,24,7.013314
1095,25,-7.341085
1095,29,-7.702665
1095,31,-12.891038
1096,2,-2.220009
1096,5,10.513386
1096,6,-3.881647
1096,12,-0.662669
1096,19,3.018833
1096,24,7.174903
1096,25,-7.313539
1096,29,-7.821875
1096,31,-13.167451
1097,2,-1.917357
1097,5,10.533673
1097,6,-3.554457
1097,12,-0.436945
1097,19,3.216338
1097,24,6.999659
1097,25,-7.084613
1097,29,-7.759976
1097,31,-13.006424
1098,2,-1.70218
1098,5,10.712492
1098,6,-3.421567
1098,12,-0.205198
1098,19,3.307246
1098,24,7.083466
1098,25,-6.930505
1098,29,-7.710021
1098,31,-13.054017
1099,2,-1.555837
1099,5,10.720884
1099,6,-3.330893
1099,12,-0.045905
1099,19,3.29832
1099,24,7.102105
1099,25,-6.749462
1099,29,-7.573929
1099,31,-12.95464
1100,2,-1.271952
1100,5,10.79698
1100,6,-3.096066
1100,12,0.217312
1100,19,3.408431
1100,24,7.066796
1100,25,-6.499836
1100,29,-7.455366
1100,31,-12.848523
1101,2,-1.408389
1101,5,10.875498
1101,6,-3.220135
1101,12,0.102241
1101,19,3.413094
1101,24,7.14256
1101,25,-6.682603
1101,29,-7.599885
1101,31,-13.030892
1102,2,-1.295613
1102,5,10.863507
1102,6,-3.104682
1102,12,0.192859
1102,19,3.465114
1102,24,7.081357
1102,25,-6.576407
1102,29,-7.549169
1102,31,-12.946318
1103,2,-1.277907
1103,5,10.960411
1103,6,-3.111216
1103,12,0.226561
1103,19,3.498933
1103,24,7.144391
1103,25,-6.599194
1103,29,-7.592769
1103,31,-13.041138
1104,2,-0.920297
1104,5,10.943582
1104,6,-2.759236
1104,12,0.517492
1104,19,3.652441
1104,24,6.975007
1104,25,-6.266682
1104,29,-7.428247
1105,2,-0.763384
1105,5,10.976536
1105,6,-2.582247
1105,12,0.63009
1105,19,3.780839
1105,24,6.880842
1105,25,-6.169528
1105,29,-7.427855
1106,2,-0.933778
1106,5,10.888979
1106,6,-2.675543
1106,12,0.442593
1106,19,3.763953
1106,24,6.818038
1106,25,-6.33654
1106,29,-7.535826
1106,31,-12.76708
1107,2,-0.815009
1107,5,11.017962
1107,6,-2.604597
1107,12,0.573293
1107,19,3.830136
1107,24,6.878638
1107,25,-6.26821
1107,29,-7.531942
1107,31,-12.827801
1108,2,-0.505855
1108,5,11.106343
1108,6,-2.385721
1108,12,0.885945
1108,19,3.896295
1108,24,6.897254
1108,25,-5.96271
1108,29,-7.350076
1108,31,-12.707097
1109,2,-0.465929
1109,5,11.126384
1109,6,-2.379725
1109,12,0.944793
1109,19,3.87707
1109,24,6.937853
1109,25,-5.904662
1109,29,-7.300014
1109,31,-12.695109
1110,2,-0.278965
1110,5,11.179552
1110,6,-2.292238
1110,12,1.167399
1110,19,3.848129
1110,24,7.01786
1110,25,-5.673314
1110,29,-7.120012
1110,31,-12.608308
1111,2,-0.435987
1111,5,11.076529
1111,6,-2.374749
1111,12,0.992449
1111,19,3.823862
1111,24,6.947287
1111,25,-5.815705
1111,29,-7.204692
1111,31,-12.610893
1112,2,-0.348926
1112,5,11.134268
1112,6,-2.352623
1112,12,1.110862
1112,19,3.803257
1112,24,7.024898
1112,25,-5.710009
1112,29,-7.121967
1112,31,-12.603411
1113,2,-0.617441
1113,5,10.971354
1113,6,-2.496162
1113,12,0.811397
1113,19,3.765521
1113,24,6.911587
1113,25,-5.961428
1113,29,-7.274896
1113,31,-12.622552
1114,2,-0.4954
1114,5,10.936544
1114,6,-2.358862
1114,12,0.899933
1114,19,3.826645
1114,24,6.818253
1114,25,-5.84473
1114,29,-7.219103
1114,31,-12.508931
1115,2,-0.27015
1115,5,10.980799
1115,6,-2.177215
1115,12,1.112337
1115,19,3.896455
1115,24,6.791019
1115,25,-5.630582
1115,29,-7.102654
1115,31,-12.403873
1116,2,-0.163493
1116,5,10.983627
1116,6,-2.030525
1116,12,1.170436
1116,19,4.012249
1116,24,6.680165
1116,25,-5.577705
1116,29,-7.125541
1116,31,-12.351355
1117,2,-0.20218
1117,5,10.837107
1117,6,-1.999022
1117,12,1.09232
1117,19,4.010269
1117,24,6.543483
1117,25,-5.583196
1117,29,-7.117311
1118,2,-0.048668
1118,5,10.908103
1118,6,-1.865108
1118,12,1.23029
1118,19,4.099692
1118,24,6.523739
1118,25,-5.474179
1118,29,-7.090721
1118,31,-12.20562
1119,2,0.108364
1119,5,11.025557
1119,6,-1.725537
1119,12,1.369275
1119,19,4.22357
1119,24,6.514845
1119,25,-5.395226
1119,29,-7.108171
1119,31,-12.237222
1120,2,0.184529
1120,5,11.043738
1120,6,-1.694571
1120,12,1.464836
1120,19,4.202986
1120,24,6.553846
1120,25,-5.292664
1120,29,-7.02441
1120,31,-12.196267
1121,2,0.213749
1121,5,11.15483
1121,6,-1.62582
1121,12,1.461465
1121,19,4.349679
1121,24,6.518663
1121,25,-5.379391
1121,29,-7.175291
1121,31,-12.319326
1122,2,0.49851
1122,5,11.266162
1122,6,-1.340268
1122,12,1.688149
1122,19,4.558773
1122,24,6.416946
1122,25,-5.202958
1122,29,-7.164865
1122,31,-12.267577
1123,2,0.575389
1123,5,11.300184
1123,6,-1.213971
1123,12,1.715507
1123,19,4.694493
1123,24,6.316809
1123,25,-5.206603
1123,29,-7.242258
1123,31,-12.273253
1124,2,0.545872
1124,5,11.342089
1124,6,-1.233156
1124,12,1.687156
1124,19,4.724159
1124,24,6.331235
1124,25,-5.268923
1124,29,-7.308194
1124,31,-12.344318
1125,2,0.409345
1125,5,11.290813
1125,6,-1.409132
1125,12,1.610763
1125,19,4.56679
1125,24,6.442196
1125,25,-5.312186
1125,29,-7.254629
1125,31,-12.359997
1126,2,0.658394
1126,5,11.518325
1126,6,-1.279299
1126,12,1.895969
1126,19,4.647517
1126,24,6.580352
1126,25,-5.122143
1126,29,-7.17701
1126,31,-12.430011
1127,2,0.608353
1127,5,11.524024
1127,6,-1.2296
1127,12,1.786642
1127,19,4.782315
1127,24,6.456411
1127,25,-5.269355
1127,29,-7.357284
1127,31,-12.499184
1128,2,0.815724
1128,5,11.421137
1128,6,-0.973049
1128,12,1.917388
1128,19,4.892787
1128,24,6.245158
1128,25,-5.067316
1128,29,-7.258197
1128,31,-12.261507
1129,2,0.980873
1129,5,11.435137
1129,6,-0.745034
1129,12,2.004494
1129,19,5.078514
1129,24,6.073976
1129,25,-4.994085
1129,29,-7.30317
1129,31,-12.191418
1130,2,1.114965
1130,5,11.428155
1130,6,-0.506233
1130,12,2.036637
1130,19,5.300595
1130,24,5.847173
1130,25,-4.976794
1130,29,-7.406473
1130,31,-12.129505
1131,2,1.154085
1131,5,11.403387
1131,6,-0.437883
1131,12,2.048739
1131,19,5.349679
1131,24,5.775978
1131,25,-4.95392
1131,29,-7.413974
1131,31,-12.08461
1132,2,1.224968
1132,5,11.430441
1132,6,-0.366788
1132,12,2.106878
1132,19,5.402094
1132,24,5.751044
1132,25,-4.908127
1132,29,-7.410736
1132,31,-12.070979
1133,2,1.2042
1133,5,11.483588
1133,6,-0.431478
1133,12,2.124865
1133,19,5.359411
1133,24,5.847549
1133,25,-4.914914
1133,29,-7.398984
1133,31,-12.133005
1134,2,1.29367
1134,5,11.540388
1134,6,-0.33801
1134,12,2.194857
1134,19,5.445437
1134,24,5.817862
1134,25,-4.87647
1134,29,-7.42121
1134,31,-12.143318
1135,2,1.508493
1135,5,11.645789
1135,6,-0.163037
1135,12,2.395448
1135,19,5.55442
1135,24,5.809488
1135,25,-4.715812
1135,29,-7.369445
1135,31,-12.116536
1136,2,1.512296
1136,5,11.63281
1136,6,-0.144092
1136,12,2.389879
1136,19,5.572422
1136,24,5.781148
1136,25,-4.717343
1136,29,-7.379722
1137,2,1.395049
1137,5,11.484953
1137,6,-0.152794
1137,12,2.221024
1137,19,5.590992
1137,24,5.624273
1137,25,-4.830613
1137,29,-7.46104
1137,31,-12.039695
1138,2,1.422202
1138,5,11.508132
1138,6,-0.119682
1138,12,2.24047
1138,19,5.628957
1138,24,5.610814
1138,25,-4.826402
1138,29,-7.480562
1139,2,1.430633
1139,5,11.607316
1139,6,-0.141367
1139,12,2.271477
1139,19,5.65081
1139,24,5.687736
1139,25,-4.852213
1139,29,-7.520424
1139,31,-12.15256
1140,2,1.632529
1140,5,11.828453
1140,6,-0.06296
1140,12,2.522809
1140,19,5.698337
1140,24,5.852637
1140,25,-4.694197
1140,29,-7.448649
1140,31,-12.243279
1141,2,1.584823
1141,5,11.85137
1141,6,-0.103239
1141,12,2.482363
1141,19,5.702844
1141,24,5.874017
1141,25,-4.756768
1141,29,-7.500037
1141,31,-12.303032
1142,2,1.584831
1142,5,11.886204
1142,6,-0.153577
1142,12,2.521604
1142,19,5.648533
1142,24,5.963636
1142,25,-4.726411
1142,29,-7.453378
1142,31,-12.328238
1143,2,1.558974
1143,5,11.968471
1143,6,-0.195847
1143,12,2.515832
1143,19,5.664515
1143,24,6.030958
1143,25,-4.784842
1143,29,-7.512864
1144,2,1.517828
1144,5,12.024694
1144,6,-0.231854
1144,12,2.48234
1144,19,5.689893
1144,24,6.064163
1144,25,-4.861384
1144,29,-7.588339
1145,2,1.568528
1145,5,12.097082
1145,6,-0.156757
1145,12,2.507002
1145,19,5.798888
1145,24,6.02798
1145,25,-4.887951
1145,29,-7.671769
1146,2,1.460058
1146,5,12.007557
1146,6,-0.188182
1146,12,2.367974
1146,19,5.810267
1146,24,5.93508
1146,25,-5.000288
1146,29,-7.75366
1146,31,-12.578427
1147,2,1.52231
1147,5,12.09825
1147,6,-0.100449
1147,12,2.400936
1147,19,5.938097
1147,24,5.897859
1147,25,-5.030011
1147,29,-7.850772
1147,31,-12.652403
1148,2,1.69977
1148,5,12.146504
1148,6,0.099403
1148,12,2.526513
1148,19,6.088725
1148,24,5.79312
1148,25,-4.927606
1148,29,-7.858492
1148,31,-12.60178
1149,2,1.775001
1149,5,12.200887
1149,6,0.204724
1149,12,2.566192
1149,19,6.20663
1149,24,5.729784
1149,25,-4.926613
1149,29,-7.924576
1149,31,-12.626418
1150,2,1.756528
1150,5,12.149972
1150,6,0.212793
1150,12,2.534683
1150,19,6.207432
1150,24,5.682108
1150,25,-4.934196
1150,29,-7.927011
1150,31,-12.587179
1151,2,1.738957
1151,5,12.132755
1151,6,0.174502
1151,12,2.538495
1151,19,6.157292
1151,24,5.717454
1151,25,-4.914929
1151,29,-7.886189
1151,31,-12.572027
1152,2,1.758906
1152,5,12.178479
1152,6,0.163294
1152,12,2.579541
1152,19,6.149027
1152,24,5.771733
1152,25,-4.893833
1152,29,-7.871269
1153,2,1.812069
1153,5,12.152114
1153,6,0.219941
1153,12,2.621098
1153,19,6.163873
1153,24,5.731742
1153,25,-4.831405
1153,29,-7.831463
1154,2,1.821145
1154,5,12.127116
1154,6,0.246976
1154,12,2.617481
1154,19,6.181015
1154,24,5.692291
1154,25,-4.823305
1154,29,-7.83305
1155,2,1.863486
1155,5,12.1334
1155,6,0.280114
1155,12,2.659893
1155,19,6.192001
1155,24,5.688275
1155,25,-4.778979
1155,29,-7.807469
1155,31,-12.487153
1156,2,1.865247
1156,5,12.0956
1156,6,0.275421
1156,12,2.668332
1156,19,6.159846
1156,24,5.685071
1156,25,-4.743791
1156,29,-7.762392
1156,31,-12.439907
1157,2,1.987503
1157,5,12.126233
1157,6,0.316483
1157,12,2.826111
1157,19,6.113191
1157,24,5.758661
1157,25,-4.571828
1157,29,-7.61492
1157,31,-12.371622
1158,2,2.051511
1158,5,12.096728
1158,6,0.369265
1158,12,2.886792
1158,19,6.108403
1158,24,5.734278
1158,25,-4.482779
1158,29,-7.544972
1158,31,-12.292423
1159,2,2.080831
1159,5,12.077309
1159,6,0.384922
1159,12,2.922115
1159,19,6.089877
1159,24,5.734482
1159,25,-4.428247
1159,29,-7.494289
1159,31,-12.246574
1160,2,2.043066
1160,5,11.943619
1160,6,0.442268
1160,12,2.824712
1160,19,6.134264
1160,24,5.563506
1160,25,-4.468472
1160,29,-7.535901
1160,31,-12.144516
1161,2,2.152488
1161,5,11.982088
1161,6,0.526545
1161,12,2.931327
1161,19,6.172889
1161,24,5.560995
1161,25,-4.370413
1161,29,-7.487764
1162,2,2.179644
1162,5,11.909715
1162,6,0.562306
1162,12,2.948298
1162,19,6.15376
1162,24,5.509963
1162,25,-4.305672
1162,29,-7.424462
1162,31,-12.011706
1163,2,2.193152
1163,5,11.878396
1163,6,0.579906
1163,12,2.958067
1163,19,6.147467
1163,24,5.48693
1163,25,-4.275391
1163,29,-7.396898
1163,31,-11.967686
1164,2,2.285836
1164,5,11.904483
1164,6,0.633864
1164,12,3.061423
1164,19,6.149275
1164,24,5.508986
1164,25,-4.169826
1164,29,-7.323062
1164,31,-11.926218
1165,2,2.304803
1165,5,11.901241
1165,6,0.66436
1165,12,3.070121
1165,24,5.481676
1165,25,-4.160969
1165,29,-7.330343
1165,31,-11.91383
1166,2,2.244548
1166,5,11.925952
1166,6,0.621282
1166,12,3.012918
1166,19,6.189854
1166,24,5.495501
1166,25,-4.245658
1166,29,-7.403642
1166,31,-11.987044
1167,2,2.229467
1167,5,12.007021
1167,6,0.552122
1167,12,3.04367
1167,19,6.152308
1167,24,5.614325
1167,25,-4.254807
1167,29,-7.39917
1167,31,-12.074517
1168,2,2.619296
1168,5,12.163802
1168,6,0.741382
1168,12,3.49872
1168,19,6.128472
1168,24,5.777342
1168,25,-3.809247
1168,29,-7.072761
1168,31,-11.942759
1169,2,2.718159
1169,5,12.23948
1169,6,0.701056
1169,12,3.680989
1169,19,6.010023
1169,24,5.965669
1169,25,-3.62756
1169,29,-6.885152
1169,31,-11.923258
1170,2,2.805224
1170,5,12.331998
1170,6,0.750221
1170,12,3.779795
1170,19,6.052935
1170,24,6.01223
1170,25,-3.57142
1170,29,-6.875061
1170,31,-11.963098
1171,2,2.875046
1171,5,12.391709
1171,6,0.806512
1171,12,3.847033
1171,19,6.10427
1171,24,6.019053
1171,25,-3.533747
1171,29,-6.879995
1172,2,2.919959
1172,5,12.311987
1172,6,0.901565
1172,12,3.847075
1172,19,6.152682
1172,24,5.893126
1172,25,-3.491388
1172,29,-6.867315
1172,31,-11.876866
1173,2,2.885876
1173,5,12.310126
1173,6,0.834257
1173,12,3.847279
1173,19,6.085224
1173,24,5.960771
1173,25,-3.483659
1173,29,-6.827545
1173,31,-11.885988
1174,2,3.135859
1174,5,12.435241
1174,6,0.976664
1174,12,4.124615
1174,19,6.11836
1174,24,6.041705
1174,25,-3.23479
1174,29,-6.672984
1174,31,-11.836389
1175,2,3.016433
1175,5,12.320792
1175,6,1.022841
1175,12,3.911225
1175,19,6.245025
1175,24,5.811809
1175,25,-3.43214
1175,29,-6.874515
1176,2,2.968334
1176,5,12.315001
1176,6,0.978024
1176,12,3.873631
1176,19,6.224725
1176,24,5.829862
1176,25,-3.471659
1176,29,-6.893598
1176,31,-11.857412
1177,2,2.983033
1177,5,12.349596
1177,6,0.989132
1177,12,3.890362
1177,19,6.249294
1177,24,5.840665
1177,25,-3.475823
1177,29,-6.913346
1178,2,2.853859
1178,5,12.366487
1178,6,0.792945
1178,12,3.841576
1178,19,6.097048
1178,24,6.014362
1178,25,-3.528686
1178,29,-6.876469
1179,2,3.032353
1179,5,12.471871
1179,6,0.913482
1179,12,4.026539
1179,19,6.160312
1179,24,6.049198
1179,25,-3.380267
1179,29,-6.80986
1180,2,3.014966
1180,5,12.505731
1180,6,0.823834
1180,12,4.068916
1180,19,6.06349
1180,24,6.180034
1180,25,-3.341122
1180,29,-6.735114
1181,2,3.190059
1181,5,12.630584
1181,6,0.929867
1181,12,4.259597
1181,19,6.120511
1181,24,6.240125
1181,25,-3.196956
1181,29,-6.670237
1182,2,3.534219
1182,5,12.779868
1182,6,1.1445
1182,12,4.626614
1182,19,6.179476
1182,24,6.314259
1182,25,-2.858731
1182,31,-11.906182
1183,2,3.570475
1183,6,1.289061
1183,12,4.57463
1183,19,6.171911
1183,24,6.026828
1183,25,-2.739184
1183,29,-6.346177
1183,31,-11.565966
1184,2,4.368385
1184,5,12.324987
1184,6,2.177639
1184,12,5.129185
1184,19,6.58807
1184,24,5.429093
1184,25,-2.031584
1184,29,-6.02346
1185,2,4.204033
1185,5,12.318105
1185,6,2.06972
1185,12,4.961832
1185,19,6.594265
1185,24,5.425261
1185,25,-2.226809
1185,29,-6.171108
1186,2,4.339826
1186,5,12.452101
1186,6,2.233335
1186,12,5.050321
1186,19,6.787822
1186,24,5.361406
1186,25,-2.222962
1186,29,-6.280824
1187,2,4.405774
1187,5,12.564214
1187,6,2.281614
1187,12,5.117866
1187,24,5.394296
1187,25,-2.218751
1187,29,-6.328169
1187,31,-11.17266
1188,2,4.302041
1188,5,12.45611
1188,6,2.212797
1188,12,5.012536
1188,19,6.800951
1188,24,5.356591
1188,25,-2.272272
1188,29,-6.32591
1188,31,-11.124195
1189,2,4.412827
1189,5,12.574639
1189,6,2.251344
1189,12,5.155284
1189,19,6.818614
1189,24,5.451416
1189,25,-2.17671
1189,29,-6.27606
1189,31,-11.167501
1190,2,4.380828
1190,5,12.635595
1190,6,2.241439
1190,12,5.116929
1190,19,6.877681
1190,24,5.45613
1190,25,-2.265437
1190,29,-6.378416
1190,31,-11.266393
1191,2,4.308756
1191,5,12.672917
1191,6,2.240021
1191,12,5.011375
1191,19,6.977625
1191,24,5.399573
1191,25,-2.423816
1191,29,-6.551064
1191,31,-11.379327
1192,2,4.305529
1192,5,12.820263
1192,6,2.19947
1192,12,5.040257
1192,19,7.014187
1192,24,5.510054
1192,25,-2.482728
1192,29,-6.627887
1192,31,-11.541596
1193,2,4.339927
1193,5,12.910932
1193,6,2.146643
1193,12,5.134635
1193,19,6.955076
1193,24,5.656761
1193,25,-2.419915
1193,29,-6.560363
1193,31,-11.596895
1194,2,4.39481
1194,5,12.999491
1194,6,2.153309
1194,12,5.216107
1194,19,6.964337
1194,24,5.733217
1194,25,-2.378105
1194,29,-6.543255
1194,31,-11.649021
1195,2,4.483393
1195,5,13.132916
1195,6,2.188167
1195,12,5.328343
1195,19,7.009762
1195,24,5.816574
1195,25,-2.330577
1195,29,-6.544663
1195,31,-11.730011
1196,2,4.415791
1196,5,13.216032
1196,6,2.175382
1196,12,5.238673
1196,19,7.116953
1196,24,5.798073
1196,25,-2.498654
1196,29,-6.732528
1196,31,-11.88869
1197,2,4.389543
1197,5,13.239796
1197,6,2.172445
1197,12,5.203674
1197,19,7.156802
1197,24,5.785067
1197,25,-2.559077
1197,29,-6.800694
1197,31,-11.940792
1198,2,4.36041
1198,5,13.275073
1198,6,2.214169
1198,12,5.13142
1198,19,7.275993
1198,24,5.705765
1198,25,-2.678789
1198,29,-6.954434
1198,31,-12.02375
1199,2,4.343251
1199,5,13.346726
1199,6,2.197948
1199,12,5.120639
1199,19,7.316461
1199,24,5.738938
1199,25,-2.739533
1199,29,-7.027654
1199,31,-12.118842
1200,2,4.325416
1200,5,13.298973
1200,6,2.134336
1200,12,5.142416
1200,24,5.800794
1200,25,-2.674183
1200,29,-6.920004
1200,31,-12.059235
1201,2,4.233386
1201,5,13.188487
1201,6,2.029347
1201,12,5.081634
1201,24,5.828949
1201,25,-2.666464
1201,29,-6.836554
1201,31,-11.985018
1202,2,3.939166
1202,5,13.202482
1202,6,1.762444
1202,12,4.836176
1202,24,5.944428
1202,25,-2.958551
1202,29,-7.011133
1202,31,-12.201303
1203,2,3.892932
1203,5,13.301314
1203,6,1.688317
1203,12,4.824768
1203,24,6.045943
1203,25,-3.032546
1203,29,-7.076124
1203,31,-12.337809
1204,2,3.926193
1204,5,13.348772
1204,6,1.687775
1204,12,4.878606
1204,19,6.984091
1204,24,6.097257
1204,25,-2.997335
1204,29,-7.052887
1204,31,-12.360466
1205,2,3.884153
1205,5,13.35711
1205,6,1.597036
1205,12,4.884718
1205,24,6.195979
1205,25,-2.986755
1205,29,-7.001592
1205,31,-12.381359
1206,2,3.927718
1206,5,13.440575
1206,6,1.615781
1206,12,4.940419
1206,24,6.241181
1206,25,-2.97539
1206,29,-7.020847
1206,31,-12.442423
1207,2,4.006321
1207,5,13.454093
1207,6,1.673063
1207,12,5.019633
1207,24,6.238156
1207,25,-2.89126
1207,29,-6.967685
1208,2,4.047971
1208,5,13.332914
1208,6,1.731692
1208,12,5.039909
1208,19,6.914761
1208,24,6.148432
1208,25,-2.790942
1208,29,-6.866689
1208,31,-12.235885
1209,2,4.019558
1209,5,13.165117
1209,6,1.707291
1209,12,5.014912
1209,19,6.800492
1209,24,6.097844
1209,25,-2.707846
1209,29,-6.731711
1210,2,3.906237
1210,5,12.884826
1210,6,1.659314
1210,12,4.877082
1210,19,6.668539
1210,24,5.958469
1210,25,-2.688941
1210,29,-6.624483
1210,31,-11.824944
1211,2,3.875819
1211,5,12.674866
1211,6,1.655549
1211,12,4.832955
1211,19,6.560968
1211,24,5.859679
1211,25,-2.60364
1211,29,-6.487213
1211,31,-11.607012
1212,2,3.932079
1212,5,12.364355
1212,6,1.758842
1212,12,4.838978
1212,19,6.460339
1212,24,5.649431
1212,25,-2.3982
1212,29,-6.25486
1212,31,-11.221408
1213,2,4.098277
1213,5,12.347166
1213,6,1.851592
1213,12,5.023712
1213,24,5.668529
1213,25,-2.163608
1213,29,-6.056885
1214,2,4.238795
1214,5,12.418099
1214,6,1.912184
1214,12,5.194787
1214,24,5.741989
1214,25,-2.002273
1214,29,-5.939385
1215,2,4.177949
1215,5,12.489131
1215,6,1.836035
1215,12,5.162533
1215,19,6.39823
1215,24,5.822221
1215,25,-2.083749
1215,29,-6.004689
1215,31,-11.150737
1216,2,4.125387
1216,5,12.480277
1216,6,1.82772
1216,12,5.091179
1216,19,6.437077
1216,24,5.779847
1216,25,-2.16766
1216,29,-6.086602
1216,31,-11.188844
1217,2,4.04
1217,5,12.527332
1217,6,1.780894
1217,12,4.999667
1217,19,6.487972
1217,24,5.783075
1217,25,-2.310827
1217,29,-6.22393
1217,31,-11.312098
1218,2,3.882495
1218,5,12.407398
1218,6,1.695162
1218,12,4.82514
1218,19,6.448666
1218,24,5.71409
1218,25,-2.442367
1218,29,-6.290608
1219,2,3.853387
1219,5,12.469523
1219,6,1.682111
1219,12,4.794035
1219,19,6.500873
1219,24,5.727568
1219,25,-2.522913
1219,29,-6.383679
1220,2,3.876938
1220,5,12.45109
1220,6,1.670606
1220,12,4.840171
1220,19,6.446831
1220,24,5.762045
1220,25,-2.451774
1220,29,-6.302497
1221,2,3.775155
1221,5,12.455432
1221,6,1.624301
1221,12,4.722816
1221,19,6.488654
1221,24,5.733243
1221,25,-2.598971
1221,29,-6.434089
1221,31,-11.435104
1222,2,3.62864
1222,5,12.525836
1222,6,1.49013
1222,12,4.6043
1222,19,6.485918
1222,24,5.816462
1222,25,-2.783411
1222,29,-6.577018
1223,2,3.727212
1223,5,12.666192
1223,6,1.538497
1223,12,4.722314
1223,19,6.546054
1223,24,5.891571
1223,25,-2.73465
1223,29,-6.585939
1223,31,-11.700517
1224,2,3.815102
1224,5,12.653326
1224,6,1.613805
1224,12,4.801385
1224,19,6.560169
1224,24,5.860647
1224,25,-2.634385
1224,29,-6.518407
1225,2,3.539661
1225,5,12.460259
1225,6,1.396571
1225,12,4.544928
1225,24,5.847745
1225,25,-2.807108
1225,29,-6.545996
1226,2,3.563095
1226,5,12.44188
1226,6,1.454811
1226,12,4.538975
1226,24,5.776982
1226,25,-2.808835
1226,29,-6.57356
1226,31,-11.570451
1227,2,3.654954
1227,5,12.580529
1227,6,1.52169
1227,12,4.633062
1227,19,6.546313
1227,24,5.816905
1227,25,-2.790999
1227,29,-6.622871
1228,2,3.706089
1228,5,12.724098
1228,6,1.53698
1228,12,4.704066
1228,19,6.608637
1228,24,5.896207
1228,25,-2.800505
1228,29,-6.676447
1229,2,3.899614
1229,5,12.947441
1229,6,1.591879
1229,12,4.962678
1229,19,6.63036
1229,24,6.084663
1229,25,-2.630696
1229,29,-6.584302
1230,2,4.097344
1230,5,13.072099
1230,6,1.686451
1230,12,5.196244
1230,19,6.644838
1230,24,6.181982
1230,25,-2.429809
1230,29,-6.455804
1231,2,4.193758
1231,5,13.135942
1231,6,1.680989
1231,12,5.349867
1231,19,6.574901
1231,24,6.308402
1231,25,-2.278896
1231,29,-6.315555
1231,31,-11.83592
1232,2,4.20052
1232,5,13.092939
1232,6,1.696998
1232,12,5.349681
1232,19,6.565401
1232,24,6.27586
1232,25,-2.252386
1232,29,-6.287739
1233,2,4.312255
1233,5,13.18311
1233,6,1.712686
1233,12,5.511261
1233,19,6.528574
1233,24,6.394831
1233,25,-2.111262
1233,29,-6.174161
1233,31,-11.783794
1234,2,4.444333
1234,5,13.225941
1234,6,1.676149
1234,12,5.741698
1234,19,6.35874
1234,24,6.595385
1234,25,-1.845831
1234,29,-5.896307
1234,31,-11.690542
1235,2,4.546517
1235,5,13.230598
1235,6,1.74612
1235,12,5.846614
1235,19,6.360435
1235,24,6.592312
1235,25,-1.723879
1235,29,-5.808091
1236,2,4.469334
1236,5,13.169418
1236,6,1.719105
1236,12,5.751062
1236,19,6.36324
1236,24,6.53545
1236,25,-1.801374
1236,29,-5.861847
1237,2,4.41178
1237,5,13.11608
1237,6,1.731454
1237,12,5.655967
1237,19,6.410625
1237,24,6.441434
1237,25,-1.887505
1237,29,-5.945366
1238,2,4.485248
1238,5,13.19833
1238,6,1.804919
1238,12,5.716348
1238,19,6.498854
1238,24,6.432766
1238,25,-1.874682
1238,29,-5.989582
1239,2,4.499524
1239,5,13.401077
1239,6,1.763264
1239,12,5.775707
1239,19,6.55159
1239,24,6.582756
1239,25,-1.933323
1239,29,-6.080777
1240,2,4.458336
1240,5,13.39688
1240,6,1.718379
1240,12,5.749217
1240,19,6.525046
1240,24,6.608733
1240,25,-1.960278
1240,29,-6.087826
1241,2,4.606056
1241,5,13.45578
1241,6,1.799502
1241,12,5.915827
1241,19,6.529957
1241,24,6.652855
1241,25,-1.797938
1241,29,-5.97664
1241,31,-11.837919
1242,2,4.589744
1242,5,13.400957
1242,6,1.72474
1242,12,5.948255
1242,19,6.39777
1242,24,6.729896
1242,25,-1.713087
1242,29,-5.842249
1243,2,4.52166
1243,5,13.283997
1243,6,1.733018
1243,12,5.838844
1243,19,6.408996
1243,24,6.608851
1243,25,-1.773893
1243,29,-5.882311
1243,31,-11.696445
1244,2,4.532606
1244,5,13.282404
1244,6,1.714286
1244,12,5.871765
1244,19,6.368236
1244,24,6.647427
1244,25,-1.729961
1244,29,-5.829844
1245,2,4.697654
1245,5,13.311888
1245,6,1.836573
1245,12,6.033084
1245,19,6.398731
1245,24,6.63571
1245,25,-1.558299
1245,29,-5.721731
1245,31,-11.588142
1246,2,4.717577
1246,5,13.356161
1246,6,1.81453
1246,12,6.083093
1246,19,6.372925
1246,24,6.704532
1246,25,-1.523439
1246,29,-5.688147
1247,2,4.742577
1247,5,13.447344
1247,6,1.757866
1247,12,6.167803
1247,19,6.31876
1247,24,6.847332
1247,25,-1.473032
1247,29,-5.633405
1248,2,4.736957
1248,5,13.369687
1248,6,1.768973
1248,12,6.15159
1248,19,6.292454
1248,24,6.797252
1248,25,-1.442661
1248,29,-5.590711
1248,31,-11.592182
1249,2,4.688801
1249,5,13.220841
1249,6,1.765016
1249,12,6.080598
1249,19,6.242597
1249,24,6.702552
1249,25,-1.431941
1249,29,-5.543545
1249,31,-11.463316
1250,2,4.739249
1250,5,13.209925
1250,6,1.786889
1250,12,6.142648
1250,19,6.215693
1250,24,6.715103
1250,25,-1.348676
1250,29,-5.467959
1251,2,4.726396
1251,5,13.218028
1251,6,1.734674
1251,12,6.164863
1251,24,6.784172
1251,25,-1.32155
1251,29,-5.419048
1252,2,4.709815
1252,5,13.167848
1252,6,1.730187
1252,12,6.144288
1252,24,6.756739
1252,25,-1.31377
1252,29,-5.398673
1252,31,-11.366376
1253,2,4.679998
1253,5,13.075958
1253,6,1.752861
1253,12,6.082295
1253,24,6.660467
1253,25,-1.332824
1253,29,-5.408644
1253,31,-11.295267
1254,2,4.601075
1254,5,12.992305
1254,6,1.712768
1254,12,5.99322
1254,24,6.613715
1254,25,-1.385695
1254,29,-5.425188
1255,2,4.641891
1255,5,12.925291
1255,6,1.678073
1255,12,6.081686
1255,24,6.681479
1255,25,-1.225303
1255,29,-5.229538
1255,31,-11.129427
1256,2,4.008882
1256,5,12.652585
1256,12,5.778902
1256,24,7.28773
1256,25,-1.339571
1256,29,-4.860742
1256,31,-11.140087
1257,2,3.454065
1257,5,12.640576
1257,6,-0.168532
1257,12,5.667836
1257,24,8.198285
1257,29,-4.43721
1257,31,-11.348565
1258,2,3.14512
1258,5,12.610068
1258,6,-0.460763
1258,12,5.421589
1258,19,4.09191
1258,24,8.326317
1258,25,-1.643526
1258,29,-4.563183
1258,31,-11.520914
1259,2,3.060349
1259,5,12.556286
1259,6,-0.405951
1259,12,5.253455
1259,19,4.233902
1259,25,-1.826439
1259,29,-4.766233
1259,31,-11.560731
1260,2,3.216825
1260,5,12.522274
1260,6,-0.171592
1260,12,5.31596
1260,19,4.404829
1260,25,-1.747538
1260,29,-4.791359
1260,31,-11.443977
1261,2,3.323171
1261,5,12.550943
1261,6,0.15951
1261,12,5.23143
1261,19,4.819581
1261,25,-1.907016
1261,29,-5.122644
1261,31,-11.484449
1262,2,3.606301
1262,5,12.490098
1262,6,0.683335
1262,12,5.267118
1262,19,5.282001
1262,29,-5.323918
1262,31,-11.308899
1263,2,3.777194
1263,5,12.33983
1263,6,1.249813
1263,12,5.09835
1263,19,5.87305
1263,29,-5.731168
1263,31,-11.155504
1264,2,4.058124
1264,5,12.20569
1264,6,1.822315
1264,12,5.091687
1264,19,6.364942
1264,25,-2.011761
1264,29,-5.945638
1264,31,-10.912923
1265,2,4.29076
1265,5,12.036373
1265,6,2.268584
1265,12,5.105674
1265,19,6.691601
1265,29,-6.026876
1265,31,-10.633946
1266,2,4.387886
1266,5,11.88648
1266,6,2.629263
1266,12,4.979297
1266,19,7.04537
1266,24,4.630546
1266,29,-6.25962
1266,31,-10.484363
1267,2,4.607896
1267,5,11.753101
1267,6,2.851294
1267,12,5.143405
1267,19,7.063556
1267,24,4.461891
1267,29,-6.04963
1267,31,-10.182918
1268,2,4.833164
1268,5,11.473511
1268,6,3.298869
1268,12,5.141593
1268,19,7.328113
1268,24,3.906319
1268,25,-1.593837
1268,29,-6.046884
1268,31,-9.782173
1269,2,5.048247
1269,5,11.340011
1269,6,3.827617
1269,12,5.066974
1269,19,7.823686
1269,25,-1.648579
1269,29,-6.323318
1269,31,-9.591703
1270,2,5.345261
1270,5,11.340278
1270,6,4.39593
1270,12,5.089949
1270,19,8.378672
1270,24,2.706579
1270,25,-1.674075
1270,29,-6.621478
1270,31,-9.490036
1271,2,5.325418
1271,5,11.184069
1271,6,4.633485
1271,12,4.878107
1271,19,8.664761
1271,24,2.273939
1271,25,-1.859666
1271,29,-6.887334
1271,31,-9.408424
1272,2,5.56509
1272,5,10.991301
1272,6,4.991115
1272,12,4.967225
1272,24,1.898523
1272,25,-1.649442
1272,29,-6.795106
1272,31,-9.064359
1273,2,5.484797
1273,5,10.809776
1273,6,5.306033
1273,12,4.604583
1273,24,1.282192
1273,25,-2.016599
1273,29,-7.277352
1273,31,-9.040935
1274,2,5.500745
1274,5,10.671998
1274,6,5.506032
1274,12,4.475205
1274,19,9.486786
1274,24,0.947239
1274,25,-2.10626
1274,29,-7.430998
1274,31,-8.932265
1275,2,6.036291
1275,5,10.441417
1275,6,6.23153
1275,12,4.732866
1275,24,0.29137
1275,25,-1.690636
1275,29,-7.292953
1275,31,-8.37366
1276,2,6.086089
1276,5,10.247046
1276,6,6.342724
1276,12,4.719627
1276,24,0.101415
1276,25,-1.585515
1276,29,-7.190166
1276,31,-8.133394
1277,2,6.403326
1277,5,10.023347
1277,6,6.710198
1277,12,4.91665
1277,25,-1.217322
1277,29,-6.931862
1277,31,-7.678171
1278,2,6.534802
1278,5,9.854862
1278,6,6.969432
1278,12,4.915718
1278,19,10.090782
1278,25,-1.127984
1278,29,-6.92171
1278,31,-7.437573
1279,2,6.701925
1279,5,9.703608
1279,6,7.305083
1279,12,4.911377
1279,19,10.328442
1279,24,-0.947962
1279,25,-1.061839
1279,29,-6.975734
1280,2,6.831918
1280,5,9.609895
1280,6,7.611258
1280,12,4.874636
1280,19,10.598341
1280,24,-1.316563
1280,25,-1.073242
1280,29,-7.10948
1281,2,6.979202
1281,5,9.677036
1281,6,7.734414
1281,12,5.006886
1281,19,10.672617
1281,24,-1.335292
1281,25,-0.962169
1281,29,-7.070895
1282,2,6.823525
1282,5,9.622359
1282,6,7.463133
1282,12,4.975068
1282,19,10.387837
1282,24,-1.098834
1282,25,-0.939507
1282,29,-6.90559
1283,2,6.960192
1283,5,9.663344
1283,6,7.683774
1283,12,5.016833
1283,19,10.606616
1283,24,-1.283551
1283,25,-0.934781
1283,29,-7.0157
1283,31,-7.031943
1284,2,6.975519
1284,5,9.690342
1284,6,7.667143
1284,12,5.053845
1284,19,10.582216
1284,24,-1.234435
1284,25,-0.904253
1284,29,-6.98344
1284,31,-7.042347
1285,2,6.694313
1285,5,9.506145
1285,6,7.526117
1285,12,4.72989
1285,19,10.549337
1285,24,-1.36117
1285,25,-1.177113
1285,29,-7.150497
1285,31,-7.060546
1286,2,6.566521
1286,5,9.235007
1286,6,7.466313
1286,12,4.573855
1286,19,10.41871
1286,24,-1.494112
1286,25,-1.184641
1286,29,-7.062093
1286,31,-6.849662
1287,2,6.18306
1287,5,8.69479
1287,6,7.385813
1287,12,4.038315
1287,19,10.357221
1287,24,-1.940127
1287,25,-1.48938
1287,29,-7.201044
1287,31,-6.573692
1288,2,6.055464
1288,5,8.643334
1288,6,7.392956
1288,12,3.838638
1288,19,10.472903
1288,24,-2.092364
1288,25,-1.708747
1288,29,-7.41644
1288,31,-6.645088
1289,2,5.937539
1289,5,8.633863
1289,6,7.380348
1289,12,3.669839
1289,19,10.575151
1289,24,-2.190218
1289,25,-1.915697
1289,29,-7.620294
1289,31,-6.749275
1290,2,6.069104
1290,5,8.782702
1290,6,7.557052
1290,12,3.74015
1290,19,10.802178
1290,24,-2.274271
1290,25,-1.944136
1290,29,-7.770324
1291,2,6.307565
1291,5,8.972053
1291,6,7.72799
1291,12,3.977767
1291,19,10.931037
1291,24,-2.232441
1291,25,-1.786716
1291,29,-7.737262
1291,31,-6.89531
1292,2,6.617291
1292,5,9.020845
1292,6,8.05638
1292,12,4.199426
1292,19,11.133233
1292,24,-2.409979
1292,25,-1.568107
1292,29,-7.680359
1293,2,6.724192
1293,5,8.957705
1293,6,8.225953
1293,12,4.230875
1293,19,11.237367
1293,24,-2.585141
1293,25,-1.500312
1293,29,-7.674854
1294,2,6.815994
1294,5,8.885633
1294,6,8.377059
1294,12,4.253089
1294,19,11.323545
1294,24,-2.750447
1294,25,-1.436395
1294,29,-7.662276
1294,31,-6.507149
1295,2,6.862727
1295,5,8.741402
1295,6,8.503572
1295,12,4.223316
1295,19,11.373457
1295,24,-2.948657
1295,25,-1.387001
1295,29,-7.634701
1295,31,-6.33469
1296,2,6.952042
1296,5,8.82422
1296,6,8.650273
1296,12,4.250048
1296,19,11.556777
1296,24,-3.052764
1296,25,-1.422761
1296,29,-7.761169
1296,31,-6.393636
1297,2,7.073208
1297,5,8.778702
1297,6,8.83922
1297,12,4.288619
1297,19,11.686657
1297,24,-3.237003
1297,25,-1.359516
1297,29,-7.773566
1297,31,-6.28395
1298,2,7.077975
1298,5,8.681161
1298,6,9.020532
1298,12,4.155138
1298,19,11.896851
1298,24,-3.540167
1298,25,-1.479107
1298,29,-7.956535
1299,2,7.153736
1299,5,8.770809
1299,6,9.118653
1299,12,4.198292
1299,19,12.024495
1299,24,-3.582032
1299,25,-1.494057
1299,29,-8.040383
1300,2,6.947619
1300,5,8.772516
1300,6,8.874344
1300,12,4.07198
1300,19,11.87295
1300,24,-3.412874
1300,25,-1.633237
1300,29,-8.068294
1301,2,6.894223
1301,5,8.690976
1301,6,8.892241
1301,12,3.974912
1301,19,11.905067
1301,24,-3.521018
1301,25,-1.70234
1301,29,-8.126587
1302,2,6.882427
1302,5,8.702149
1302,6,8.953407
1302,12,3.911057
1302,19,12.01939
1302,24,-3.619966
1302,25,-1.796579
1302,29,-8.254446
1302,31,-6.429987
1303,2,6.884983
1303,5,8.758846
1303,6,8.939304
1303,12,3.927586
1303,19,12.032091
1303,24,-3.57582
1303,25,-1.812632
1303,29,-8.278359
1303,31,-6.489505
1304,2,6.993875
1304,5,8.7682
1304,6,9.074596
1304,12,3.989844
1304,19,12.128469
1304,24,-3.671359
1304,25,-1.751646
1304,29,-8.281425
1304,31,-6.438009
1305,2,7.117294
1305,5,8.847845
1305,6,9.213328
1305,12,4.073861
1305,19,12.260409
1305,24,-3.732274
1305,25,-1.711351
1305,29,-8.32513
1305,31,-6.455768
1306,2,6.990339
1306,5,8.61181
1306,6,9.174567
1306,12,3.903027
1306,19,12.183839
1306,24,-3.882764
1306,25,-1.763438
1306,29,-8.299953
1306,31,-6.293608
1307,2,7.005267
1307,5,8.520833
1307,6,9.253445
1307,12,3.862379
1307,19,12.229487
1307,24,-4.020528
1307,25,-1.75966
1307,29,-8.309515
1307,31,-6.199647
1308,2,7.091028
1308,5,8.5747
1308,6,9.290318
1308,12,3.965828
1308,19,12.228529
1308,24,-3.974582
1308,25,-1.667533
1308,29,-8.245692
1308,31,-6.189041
1309,2,6.874769
1309,5,8.500314
1309,6,9.124274
1309,12,3.762354
1309,19,12.158813
1309,24,-3.959717
1309,25,-1.860492
1309,29,-8.346313
1309,31,-6.263312
1310,2,6.834512
1310,5,8.447619
1310,6,9.099489
1310,12,3.718363
1310,19,12.129826
1310,24,-3.980747
1310,25,-1.877777
1310,29,-8.338594
1310,31,-6.233834
1311,2,6.833657
1311,5,8.319801
1311,6,9.135531
1311,12,3.68494
1311,19,12.102455
1311,24,-4.083131
1311,25,-1.835571
1311,29,-8.279181
1311,31,-6.097279
1312,2,6.852714
1312,5,8.38494
1312,6,9.146333
1312,12,3.707793
1312,19,12.141134
1312,24,-4.057372
1312,25,-1.851627
1312,29,-8.316905
1312,31,-6.158847
1313,2,6.846564
1313,5,8.538269
1313,6,9.084707
1313,12,3.750908
1313,19,12.153541
1313,24,-3.914568
1313,25,-1.895796
1313,29,-8.372145
1313,31,-6.32421
1314,2,6.945169
1314,5,8.579422
1314,6,9.13898
1314,12,3.860106
1314,19,12.157081
1314,24,-3.887264
1314,25,-1.789142
1314,29,-8.298372
1314,31,-6.291597
1315,2,6.96007
1315,5,8.575092
1315,6,9.157246
1315,12,3.868498
1315,19,12.16621
1315,24,-3.902389
1315,25,-1.77666
1315,29,-8.292627
1316,2,7.120114
1316,5,8.832945
1316,6,9.25252
1316,12,4.047421
1316,19,12.308342
1316,24,-3.79775
1316,25,-1.733442
1316,29,-8.358506
1316,31,-6.452859
1317,2,7.178086
1317,5,8.921395
1317,6,9.322281
1317,12,4.085199
1317,19,12.410867
1317,24,-3.814572
1317,25,-1.751791
1317,29,-8.432181
1317,31,-6.523219
1318,2,7.119848
1318,5,8.841316
1318,6,9.338944
1318,12,3.981426
1318,19,12.447233
1318,24,-3.924663
1318,25,-1.830344
1318,29,-8.499537
1318,31,-6.494875
1319,2,7.149108
1319,5,8.869392
1319,6,9.401667
1319,12,3.978871
1319,19,12.530473
1319,24,-3.980559
1319,25,-1.858087
1319,29,-8.564037
1319,31,-6.520978
1320,2,7.173789
1320,5,8.85244
1320,6,9.439058
1320,12,3.986968
1320,19,12.550122
1320,24,-4.019717
1320,25,-1.838998
1320,29,-8.557165
1320,31,-6.489504
1321,2,7.133334
1321,5,8.866943
1321,6,9.35996
1321,12,3.986605
1321,19,12.481874
1321,24,-3.934803
1321,25,-1.84187
1321,29,-8.526601
1321,31,-6.519924
1322,2,7.197626
1322,5,8.84045
1322,6,9.407124
1322,12,4.046726
1322,19,12.467255
1322,24,-3.954731
1322,25,-1.750618
1322,29,-8.447882
1322,31,-6.439991
1323,2,7.235704
1323,5,8.924261
1323,6,9.391158
1323,12,4.119631
1323,19,12.456397
1323,24,-3.864128
1323,25,-1.713196
1323,29,-8.423306
1323,31,-6.494278
1324,2,7.397997
1324,5,8.907266
1324,6,9.487305
1324,12,4.290823
1324,19,12.416892
1324,24,-3.861284
1324,25,-1.490866
1324,29,-8.235518
1324,31,-6.342407
1325,2,7.498218
1325,5,8.915621
1325,6,9.552986
1325,12,4.392405
1325,19,12.414571
1325,24,-3.862149
1325,25,-1.372144
1325,29,-8.146204
1325,31,-6.27322
1326,2,7.28741
1326,5,8.753732
1326,6,9.423306
1326,12,4.166334
1326,19,12.33768
1326,24,-3.928123
1326,25,-1.537635
1326,29,-8.213293
1326,31,-6.252397
1327,2,7.169578
1327,5,8.720826
1327,6,9.349217
1327,12,4.043431
1327,19,12.330104
1327,24,-3.941251
1327,25,-1.665003
1327,29,-8.300447
1327,31,-6.30833
1328,2,7.089524
1328,5,8.625694
1328,6,9.295365
1328,12,3.959699
1328,19,12.271709
1328,24,-3.972167
1328,25,-1.701308
1328,29,-8.28765
1328,31,-6.259277
1329,2,7.214479
1329,5,8.789587
1329,6,9.359169
1329,12,4.106258
1329,19,12.34186
1329,24,-3.888943
1329,25,-1.631933
1329,29,-8.288174
1329,31,-6.347489
1330,2,7.286043
1330,5,8.764339
1330,6,9.455556
1330,12,4.139665
1330,19,12.395809
1330,24,-3.975214
1330,25,-1.579899
1330,29,-8.272669
1330,31,-6.279323
1331,2,7.265166
1331,5,8.787848
1331,6,9.446778
1331,12,4.115679
1331,19,12.420475
1331,24,-3.973368
1331,25,-1.625489
1331,29,-8.320971
1331,31,-6.325745
1332,2,7.30277
1332,5,8.819343
1332,6,9.5151
1332,12,4.121468
1332,19,12.50547
1332,24,-4.028527
1332,25,-1.645334
1332,29,-8.380718
1332,31,-6.349397
1333,2,7.318827
1333,5,8.805843
1333,6,9.572175
1333,12,4.101442
1333,19,12.566975
1333,24,-4.103984
1333,25,-1.6662
1333,29,-8.424615
1333,31,-6.338075
1334,2,7.32895
1334,5,8.77293
1334,6,9.628334
1334,12,4.072325
1334,19,12.620739
1334,24,-4.190905
1334,25,-1.685229
1334,29,-8.461138
1334,31,-6.309646
1335,2,7.385229
1335,5,8.89397
1335,6,9.663421
1335,12,4.135391
1335,19,12.693198
1335,24,-4.145496
1335,25,-1.690543
1335,29,-8.5138
1335,31,-6.407612
1336,2,7.26545
1336,5,8.726131
1336,6,9.64411
1336,12,3.962106
1336,19,12.6833
1336,24,-4.292271
1336,25,-1.79439
1336,29,-8.567174
1336,31,-6.32656
1337,2,7.205427
1337,5,8.654131
1337,6,9.63466
1337,12,3.875502
1337,19,12.686659
1337,24,-4.361783
1337,25,-1.854256
1337,29,-8.604928
1337,31,-6.300554
1338,2,7.266031
1338,5,8.542386
1338,6,9.737221
1338,12,3.883707
1338,19,12.704952
1338,24,-4.500066
1338,25,-1.775205
1338,29,-8.541824
1338,31,-6.143887
1339,2,7.231451
1339,5,8.521386
1339,6,9.717719
1339,12,3.845309
1339,19,12.698721
1339,24,-4.511644
1339,25,-1.807643
1339,29,-8.560046
1339,31,-6.148131
1340,2,7.351779
1340,5,8.584605
1340,6,9.817973
1340,12,3.952793
1340,24,-4.525045
1340,25,-1.721913
1340,29,-8.534506
1340,31,-6.135425
1341,2,7.401187
1341,5,8.683301
1341,6,9.780188
1341,12,4.060362
1341,24,-4.385923
1341,25,-1.648438
1341,29,-8.467027
1341,31,-6.187289
1342,2,7.431564
1342,5,8.716342
1342,6,9.771696
1342,12,4.11398
1342,19,12.692366
1342,24,-4.332891
1342,25,-1.601302
1342,29,-8.42296
1342,31,-6.192063
1343,2,7.464307
1343,5,8.912506
1343,6,9.696474
1343,12,4.229346
1343,19,12.670239
1343,24,-4.11704
1343,25,-1.581857
1343,29,-8.419081
1343,31,-6.362485
1344,2,7.447365
1344,5,9.130842
1344,6,9.482674
1344,12,4.376935
1344,19,12.503604
1344,24,-3.732928
1344,25,-1.524398
1344,29,-8.318288
1344,31,-6.559478
1345,2,7.264416
1345,5,9.275508
1345,6,9.148819
1345,12,4.362781
1345,19,12.284482
1345,25,-1.612877
1345,29,-8.292518
1345,31,-6.797359
1346,2,7.106426
1346,5,9.307976
1346,6,8.973307
1346,12,4.260206
1346,25,-1.751031
1346,29,-8.361373
1346,31,-6.93524
1347,2,7.178951
1347,5,9.487976
1347,6,8.90163
1347,12,4.43272
1347,24,-2.985329
1347,25,-1.647717
1347,29,-8.269492
1347,31,-7.046375
1348,2,7.163129
1348,5,9.547394
1348,6,8.821986
1348,12,4.472688
1348,19,12.071431
1348,24,-2.859524
1348,25,-1.630262
1348,29,-8.230362
1348,31,-7.103814
1349,2,6.935181
1349,5,9.702277
1349,6,8.513302
1349,12,4.372321
1349,24,-2.554584
1349,25,-1.838826
1349,29,-8.342386
1349,31,-7.409809
1350,2,6.915266
1350,5,9.975647
1350,6,8.230675
1350,12,4.571605
1350,19,11.7144
1350,24,-2.049913
1350,25,-1.747597
1350,29,-8.190704
1350,31,-7.649087
1351,2,6.632781
1351,5,10.010764
1351,6,7.933084
1351,12,4.375398
1351,19,11.587656
1351,24,-1.857131
1351,25,-1.997429
1351,29,-8.319005
1351,31,-7.874385
1352,2,6.115598
1352,5,10.012775
1352,6,7.460027
1352,12,3.958145
1352,19,11.424907
1352,24,-1.63399
1352,25,-2.492764
1352,29,-8.609488
1352,31,-8.239836
1353,2,5.963201
1353,5,10.036611
1353,6,7.355547
1353,12,3.809883
1353,19,11.446277
1353,24,-1.611325
1353,25,-2.690274
1353,29,-8.770195
1353,31,-8.38826
1354,2,5.9581
1354,5,10.252039
1354,6,7.14826
1354,12,3.971783
1354,19,11.275441
1354,24,-1.226483
1354,25,-2.6138
1354,29,-8.653672
1354,31,-8.571489
1355,2,5.653302
1355,5,10.416564
1355,6,6.681218
1355,12,3.878561
1355,19,10.99805
1355,24,-0.752985
1355,25,-2.807042
1355,29,-8.680886
1355,31,-8.910188
1356,2,5.405391
1356,5,10.44832
1356,6,6.344547
1356,12,3.765216
1356,19,10.771662
1356,24,-0.470467
1356,25,-2.945582
1356,29,-8.677143
1356,31,-9.081154
1357,2,5.139178
1357,5,10.553453
1357,6,6.024839
1357,12,3.61473
1357,19,10.639887
1357,24,-0.202323
1357,29,-8.803044
1358,2,4.836643
1358,5,10.56521
1358,6,5.599497
1358,12,3.486479
1358,19,10.32356
1358,24,0.154049
1358,25,-3.320607
1358,29,-8.751593
1359,2,4.283321
1359,5,10.692034
1359,6,4.871311
1359,12,3.218013
1359,19,9.890882
1359,24,0.771669
1359,25,-3.690924
1359,29,-8.831405
1360,2,4.192167
1360,5,10.672859
1360,6,4.64292
1360,12,3.25641
1360,19,9.626809
1360,24,1.019869
1360,25,-3.609281
1360,29,-8.639071
1361,2,4.069179
1361,5,10.667303
1361,6,4.39016
1361,12,3.266216
1361,19,9.368992
1361,24,1.27995
1361,25,-3.571726
1361,29,-8.48441
1362,2,3.9926
1362,5,10.835198
1362,6,4.145889
1362,12,3.347828
1362,19,9.188331
1362,24,1.636042
1362,29,-8.409078
1363,2,3.591132
1363,5,10.743114
1363,6,3.623296
1363,12,3.141055
1363,19,8.762023
1363,24,2.006625
1363,29,-8.308269
1363,31,-10.309909
1364,2,3.358275
1364,5,10.798926
1364,6,3.275669
1364,12,3.061324
1364,19,8.51886
1364,24,2.329403
1364,29,-8.280088
1364,31,-10.489504
1365,2,2.926915
1365,5,10.795777
1365,6,2.774946
1365,12,2.797186
1365,19,8.217829
1365,29,-8.353885
1365,31,-10.74969
1366,2,3.065023
1366,5,11.020493
1366,6,2.775789
1366,12,3.017486
1366,19,8.217884
1366,29,-8.285889
1366,31,-10.871539
1367,2,2.662652
1367,5,10.964339
1367,6,2.383435
1367,12,2.711417
1367,19,8.017051
1367,29,-8.422566
1367,31,-11.079452
1368,2,2.619469
1368,5,11.022481
1368,6,2.176353
1368,12,2.810434
1368,19,7.784908
1368,25,-4.219725
1368,29,-8.238987
1368,31,-11.115896
1369,2,2.449062
1369,5,10.959414
1369,6,2.143738
1369,12,2.577138
1369,25,-4.473751
1369,29,-8.468791
1369,31,-11.207999
1370,2,2.000913
1370,5,10.66853
1370,6,1.884868
1370,12,2.087936
1370,24,3.096763
1370,25,-4.879475
1370,29,-8.69016
1370,31,-11.236718
1371,2,1.938248
1371,5,10.692139
1371,6,1.816878
1371,12,2.048795
1371,25,-4.941356
1371,29,-8.73024
1372,2,1.649374
1372,5,10.548336
1372,6,1.884811
1372,12,1.555176
1372,19,8.085304
1372,25,-5.482537
1372,29,-9.278158
1372,31,-11.464502
1373,2,1.506472
1373,12,1.467424
1373,25,-5.697106
1373,29,-9.47318
1373,31,-11.751121
1374,2,1.024363
1374,5,10.820492
1374,6,1.189829
1374,12,1.165427
1374,24,3.291126
1374,29,-9.686018
1374,31,-12.181794
1375,2,1.216638
1375,5,10.951313
1375,6,1.224108
1375,12,1.437724
1375,19,7.811379
1375,24,3.468264
1375,25,-5.861103
1375,29,-9.476969
1375,31,-12.148145
1376,2,1.171908
1376,5,10.978427
1376,6,1.167805
1376,12,1.417111
1376,19,7.792638
1376,25,-5.902873
1376,29,-9.50297
1376,31,-12.206566
1377,2,1.197767
1377,5,10.948525
1377,6,1.099064
1377,12,1.509796
1377,19,7.639843
1377,25,-5.758324
1377,29,-9.317453
1377,31,-12.118495
1378,2,1.248211
1378,5,11.002988
1378,6,1.042669
1378,12,1.634317
1378,19,7.535102
1378,25,-5.632478
1378,29,-9.179263
1379,2,1.448395
1379,5,11.290344
1379,6,1.139195
1379,12,1.878511
1379,19,7.656406
1379,25,-5.52733
1379,29,-9.193999
1380,2,1.391544
1380,5,11.278452
1380,6,1.030168
1380,12,1.878512
1380,19,7.543973
1380,25,-5.511122
1380,29,-9.126467
1381,2,1.386658
1381,5,11.309143
1381,6,1.016384
1381,12,1.885523
1381,19,7.549525
1381,25,-5.523441
1381,29,-9.142748
1382,2,1.509248
1382,5,11.388656
1382,6,1.226497
1382,12,1.914304
1382,19,7.792571
1382,25,-5.560284
1382,29,-9.298672
1383,2,1.588513
1383,5,11.316452
1383,6,1.322212
1383,12,1.9583
1383,19,7.806302
1383,25,-5.462492
1383,29,-9.224262
1384,2,2.001048
1384,5,11.408037
1384,6,1.539107
1384,12,2.419822
1384,19,7.750674
1384,25,-4.951301
1384,29,-8.825635
1385,2,1.941135
1385,5,11.220333
1385,6,1.439637
1385,12,2.39869
1385,19,7.53957
1385,25,-4.840667
1385,29,-8.618632
1386,2,2.033002
1386,5,11.13249
1386,6,1.52069
1386,12,2.472029
1386,19,7.506451
1386,25,-4.692805
1386,29,-8.482003
1386,31,-11.620512
1387,2,2.158792
1387,5,11.070445
1387,6,1.516244
1387,12,2.664006
1387,19,7.32177
1387,25,-4.403062
1387,29,-8.168445
1387,31,-11.412755
1388,2,1.826667
1388,5,10.943801
1388,6,1.158239
1388,12,2.435446
1388,19,7.05119
1388,24,4.137451
1388,25,-4.580647
1388,29,-8.155872
1388,31,-11.477114
1389,2,1.835709
1389,5,10.820536
1389,6,1.218944
1389,12,2.397604
1389,19,7.053787
1389,25,-4.549504
1389,29,-8.119851
1389,31,-11.345088
1390,2,2.416182
1390,5,10.839185
1390,6,1.818167
1390,12,2.812137
1390,19,7.353799
1390,24,3.660299
1390,25,-4.078761
1390,29,-7.915359
1390,31,-10.983066
1391,2,2.157491
1391,5,10.998034
1391,6,1.652025
1391,12,2.560964
1391,19,7.487739
1391,24,3.731887
1391,25,-4.50021
1391,29,-8.315893
1391,31,-11.38162
1392,2,9.647792
1392,5,14.262747
1392,6,4.7405
1392,12,11.643197
1392,19,6.211277
1392,24,7.242219
1392,25,4.670487
1392,29,-1.209524
1392,31,-8.505107
1393,2,13.127548
1393,5,14.38171
1393,6,9.673059
1393,12,13.077064
1393,29,-2.073595
1393,31,-6.853501
1394,2,8.424017
1394,5,13.48031
1394,6,6.231157
1394,12,8.602932
1394,24,3.61745
1394,25,1.177786
1394,29,-5.245999
1394,31,-9.444436
1395,2,7.681913
1395,5,13.756739
1395,6,5.725536
1395,12,7.892043
1395,25,0.110294
1395,29,-6.186202
1395,31,-10.36341
1396,2,5.515904
1396,5,12.501917
1396,6,4.486016
1396,12,5.519831
1396,24,3.176237
1396,25,-1.970981
1396,29,-7.418976
1396,31,-10.695386
1397,2,3.488806
1397,5,12.04567
1397,6,2.507331
1397,12,3.974274
1397,19,8.047939
1397,25,-3.484465
1397,29,-7.954613
1397,31,-11.542545
1398,2,3.424031
1398,5,11.975125
1398,6,2.537537
1398,12,3.85124
1398,19,8.119307
1398,25,-3.597061
1398,29,-8.065822
1398,31,-11.539431
1399,2,4.038169
1399,5,12.149279
1399,6,3.097737
1399,12,4.35418
1399,19,8.425145
1399,25,-3.116337
1399,29,-7.874672
1399,31,-11.310143
1400,2,4.253617
1400,5,12.225162
1400,6,3.040326
1400,12,4.729721
1400,25,-2.681088
1400,29,-7.42572
1400,31,-11.149088
1401,2,4.454525
1401,5,12.213158
1401,6,3.110286
1401,12,4.979589
1401,19,8.032453
1401,25,-2.356751
1401,29,-7.123623
1401,31,-10.948333
1402,2,4.183514
1402,5,11.926832
1402,6,2.883832
1402,12,4.732703
1402,19,7.791232
1402,25,-2.457518
1402,29,-7.048733
1402,31,-10.809225
1403,2,4.567591
1403,5,12.065502
1403,6,3.302397
1403,12,4.996298
1403,19,8.107338
1403,25,-2.248677
1403,29,-7.062104
1403,31,-10.727154
1404,2,5.033818
1404,5,12.140083
1404,6,3.672321
1404,12,5.417852
1404,19,8.215845
1404,25,-1.787242
1404,29,-6.77775
1404,31,-10.462762
1405,2,4.961397
1405,5,12.315717
1405,6,3.623853
1405,12,5.357915
1405,19,8.338327
1405,25,-1.983827
1405,29,-7.006271
1405,31,-10.729124
1406,2,4.72986
1406,5,12.390188
1406,6,3.554973
1406,12,5.068307
1406,19,8.536502
1406,25,-2.404508
1406,29,-7.427365
1406,31,-11.037099
1407,2,4.702342
1407,5,12.33168
1407,6,3.528504
1407,12,5.045875
1407,19,8.487739
1407,25,-2.390967
1407,29,-7.387136
1407,31,-10.986649
1408,2,4.669261
1408,5,12.333192
1408,6,3.510914
1408,12,5.011555
1408,19,8.498715
1408,25,-2.43544
1408,29,-7.426577
1408,31,-11.016767
1409,2,4.542576
1409,5,12.311861
1409,6,3.268423
1409,12,5.00977
1409,19,8.251164
1409,25,-2.403994
1409,29,-7.281521
1409,31,-11.032085
1410,2,4.442495
1410,5,12.372706
1410,6,3.174926
1410,12,4.93696
1410,19,8.258426
1410,25,-2.533648
1410,29,-7.390394
1410,31,-11.174494
1411,2,4.259819
1411,5,12.306001
1411,6,3.014899
1411,12,4.784135
1411,19,8.168951
1411,25,-2.672145
1411,29,-7.443769
1411,31,-11.227838
1412,2,4.348341
1412,5,12.381824
1412,6,3.169982
1412,12,4.803137
1412,19,8.36177
1412,25,-2.713622
1412,29,-7.577726
1412,31,-11.28373
1413,2,4.606246
1413,5,12.537183
1413,6,3.265689
1413,12,5.128302
1413,19,8.330472
1413,25,-2.410637
1413,29,-7.354627
1413,31,-11.229928
1414,2,4.234498
1414,5,12.300594
1414,6,3.036624
1414,12,4.734414
1414,19,8.228979
1414,25,-2.736179
1414,29,-7.522013
1414,31,-11.256788
1415,2,4.185978
1415,5,12.263777
1415,6,3.004806
1415,12,4.685798
1415,19,8.209532
1415,25,-2.771312
1415,29,-7.535165
1415,31,-11.252481
1416,2,4.180667
1416,5,12.277845
1416,6,2.976329
1416,12,4.702695
1416,19,8.181758
1416,25,-2.757719
1416,29,-7.513929
1416,31,-11.263675
1417,2,4.025929
1417,5,12.281098
1417,6,2.8471
1417,12,4.572256
1417,19,8.155794
1417,25,-2.918966
1417,29,-7.623626
1417,31,-11.382413
1418,2,3.968387
1418,5,12.381768
1418,6,2.729464
1418,12,4.585099
1418,19,8.10603
1418,25,-2.964293
1418,29,-7.646746
1418,31,-11.517341
1419,2,3.952061
1419,5,12.351039
1419,6,2.783448
1419,12,4.518551
1419,19,8.187335
1419,25,-3.03372
1419,29,-7.734918
1419,31,-11.519516
1420,2,3.729127
1420,5,12.275207
1420,6,2.550033
1420,12,4.362028
1420,19,8.023284
1420,25,-3.165233
1420,29,-7.746219
1420,31,-11.57665
1421,2,3.795462
1421,5,12.273101
1421,6,2.614279
1421,12,4.413757
1421,19,8.04874
1421,25,-3.102676
1421,29,-7.711853
1421,31,-11.528344
1422,2,3.651716
1422,5,12.139405
1422,6,2.544058
1422,12,4.245873
1422,19,8.010159
1422,24,4.229914
1422,25,-3.22121
1422,29,-7.766611
1422,31,-11.496133
1423,2,3.635314
1423,5,12.056266
1423,6,2.519693
1423,12,4.237138
1423,19,7.936033
1423,24,4.219511
1423,25,-3.17304
1423,29,-7.685199
1423,31,-11.405487
1424,2,3.617096
1424,5,12.001784
1424,6,2.502014
1424,12,4.222151
1424,19,7.893319
1424,25,-3.153563
1424,29,-7.643977
1424,31,-11.353432
1425,2,3.415526
1425,5,11.987849
1425,6,2.354818
1425,12,4.034422
1425,25,-3.375821
1425,29,-7.803579
1425,31,-11.495244
1426,2,3.462499
1426,5,11.947157
1426,6,2.409567
1426,12,4.061957
1426,19,7.886175
1426,25,-3.316701
1426,29,-7.757783
1426,31,-11.418178
1427,2,3.320818
1427,5,11.865285
1427,6,2.274453
1427,12,3.95097
1427,19,7.780172
1427,25,-3.393064
1427,29,-7.754874
1427,31,-11.419879
1428,2,3.426047
1428,5,11.852996
1428,6,2.424188
1428,12,3.993764
1428,19,7.887517
1428,25,-3.341494
1428,29,-7.766723
1428,31,-11.351469
1429,2,3.612475
1429,5,11.875869
1429,6,2.575053
1429,12,4.160114
1429,19,7.93085
1429,24,4.050903
1429,25,-3.154776
1429,29,-7.650556
1429,31,-11.237973
1430,2,3.459402
1430,5,11.916232
1430,6,2.472384
1430,12,4.01412
1430,19,7.969009
1430,24,4.081548
1430,25,-3.364814
1430,29,-7.832498
1430,31,-11.40996
1431,2,3.647755
1431,5,12.121089
1431,6,2.546862
1431,12,4.254285
1431,19,8.014409
1431,24,4.220505
1431,25,-3.204388
1431,29,-7.759725
1431,31,-11.480215
1432,2,3.60121
1432,5,12.124408
1432,6,2.507602
1432,12,4.217029
1432,19,8.008279
1432,25,-3.252655
1432,29,-7.794181
1432,31,-11.518746
1433,2,3.503733
1433,5,12.075479
1433,6,2.412056
1433,12,4.143831
1433,19,7.936633
1433,25,-3.306419
1433,29,-7.79489
1433,31,-11.527746
1434,2,3.459628
1434,5,12.060441
1434,6,2.34707
1434,12,4.129271
1434,19,7.875996
1434,24,4.325087
1434,25,-3.310466
1434,29,-7.767706
1434,31,-11.531662
1435,2,3.688413
1435,5,12.108176
1435,6,2.51218
1435,12,4.349714
1435,19,7.911189
1435,24,4.305259
1435,25,-3.072054
1435,29,-7.611793
1435,31,-11.407495
1436,2,3.605832
1436,5,11.971615
1436,6,2.518873
1436,12,4.213445
1436,19,7.921758
1436,24,4.16911
1436,25,-3.153764
1436,29,-7.661922
1436,31,-11.336973
1437,2,3.6301
1437,5,12.032718
1437,6,2.511011
1437,12,4.261949
1437,19,7.924738
1437,24,4.226728
1437,25,-3.134041
1437,29,-7.656817
1437,31,-11.380322
1438,2,3.670802
1438,5,12.007841
1438,6,2.547909
1438,12,4.294741
1438,19,7.920918
1438,24,4.199548
1438,25,-3.07763
1438,29,-7.610074
1438,31,-11.321588
1439,2,3.645471
1439,5,12.113286
1439,6,2.485301
1439,12,4.314256
1439,19,7.923964
1439,24,4.310872
1439,25,-3.122465
1439,29,-7.659181
1439,31,-11.449309
1440,2,3.586196
1440,5,12.13654
1440,6,2.42538
1440,12,4.275369
1440,19,7.913467
1440,24,4.35599
1440,25,-3.185381
1440,29,-7.705129
1440,31,-11.517082
1441,2,3.706458
1441,5,12.115974
1441,6,2.649059
1441,12,4.28191
1441,19,8.112247
1441,24,4.126274
1441,25,-3.180248
1441,29,-7.794314
1441,31,-11.452073
1442,2,3.698944
1442,5,12.248169
1442,6,2.597103
1442,12,4.321735
1442,19,8.130043
1442,24,4.248271
1442,25,-3.218466
1442,29,-7.848897
1442,31,-11.596606
1443,2,3.516897
1443,5,12.115982
1443,6,2.471443
1443,12,4.13953
1443,19,8.049439
1443,24,4.220391
1443,25,-3.35276
1443,29,-7.895543
1443,31,-11.58613
1444,2,3.60807
1444,5,12.198944
1444,6,2.578285
1444,12,4.200403
1444,19,8.169887
1444,24,4.177209
1444,25,-3.341157
1444,29,-7.955436
1444,31,-11.628973
1445,2,3.613397
1445,5,12.195378
1445,6,2.568078
1445,12,4.218171
1445,19,8.146816
1445,24,4.1962
1445,25,-3.315603
1445,29,-7.925399
1445,31,-11.614973
1446,2,3.431392
1446,5,12.160341
1446,6,2.468082
1446,12,4.022222
1446,19,8.170801
1446,24,4.168733
1446,25,-3.538189
1446,29,-8.100727
1446,31,-11.730344
1447,2,3.374295
1447,5,12.059346
1447,6,2.405481
1447,12,3.980761
1447,19,8.070571
1447,25,-3.516864
1447,29,-8.024757
1447,31,-11.647131
1448,2,3.572706
1448,5,12.087181
1448,6,2.525018
1448,12,4.189528
1448,19,8.055478
1448,24,4.183018
1448,25,-3.275546
1448,29,-7.839972
1449,2,3.672132
1449,5,12.185315
1449,6,2.487153
1449,12,4.377366
1449,19,7.954445
1449,24,4.36585
1449,25,-3.098984
1449,29,-7.671933
1449,31,-11.507179
1450,2,3.753759
1450,5,12.190302
1450,6,2.279637
1450,12,4.665512
1450,25,-2.713844
1450,29,-7.190226
1450,31,-11.341203
1451,2,3.728502
1451,5,12.132888
1451,6,2.161652
1451,12,4.718358
1451,19,7.358335
1451,24,4.87501
1451,25,-2.596661
1451,29,-7.004253
1451,31,-11.252784
1452,2,3.661331
1452,5,12.20562
1452,6,2.088024
1452,12,4.681905
1452,19,7.368781
1452,24,4.952835
1452,25,-2.690466
1452,29,-7.089914
1452,31,-11.382416
1453,2,3.660845
1453,5,12.160932
1453,6,2.134855
1453,12,4.643462
1453,19,7.41222
1453,24,4.866564
1453,25,-2.713085
1453,29,-7.122684
1453,31,-11.348587
1454,2,4.211763
1454,5,12.40188
1454,6,2.403049
1454,12,5.280238
1454,19,7.380216
1454,24,5.054265
1454,25,-2.077435
1454,29,-6.659848
1454,31,-11.144958
1455,2,4.357972
1455,5,12.519341
1455,6,2.423034
1455,12,5.494518
1455,19,7.329519
1455,24,5.200485
1455,25,-1.884329
1455,29,-6.50592
1455,31,-11.133673
1456,2,4.461654
1456,5,12.653868
1456,6,2.524884
1456,12,5.581594
1456,19,7.463038
1456,24,5.195463
1456,25,-1.874469
1456,29,-6.579923
1456,31,-11.221879
1457,2,4.467841
1457,5,12.709194
1457,6,2.610992
1457,12,5.528955
1457,19,7.626626
1457,24,5.096424
1457,25,-1.988907
1457,29,-6.751781
1457,31,-11.31551
1458,2,4.497918
1458,5,12.768916
1458,6,2.682917
1458,12,5.523726
1458,19,7.745026
1458,24,5.041062
1458,25,-2.043846
1458,29,-6.857853
1458,31,-11.382701
1459,2,4.706488
1459,5,12.990687
1459,6,2.756292
1459,12,5.797018
1459,19,7.777743
1459,24,5.204601
1459,25,-1.851644
1459,29,-6.757655
1459,31,-11.449059
1460,2,4.619354
1460,5,12.953316
1460,6,2.794777
1460,12,5.63509
1460,19,7.908724
1460,24,5.056898
1460,25,-2.039024
1460,29,-6.957099
1460,31,-11.514773
1461,2,4.633327
1461,5,13.090043
1461,6,2.813284
1461,12,5.652925
1461,19,8.014508
1461,24,5.096113
1461,25,-2.114466
1461,29,-7.082525
1461,31,-11.669511
1462,2,4.748303
1462,5,13.158583
1462,6,2.954484
1462,12,5.721574
1462,19,8.151761
1462,25,-2.08479
1462,29,-7.134839
1462,31,-11.68289
1463,2,4.847095
1463,5,13.266824
1463,6,3.071735
1463,12,5.787419
1463,19,8.296712
1463,24,4.974926
1463,25,-2.085023
1463,29,-7.218456
1463,31,-11.75142
1464,2,4.679469
1464,5,13.239456
1464,6,2.987187
1464,12,5.601894
1464,19,8.334052
1464,25,-2.301153
1464,29,-7.396395
1464,31,-11.86704
1465,2,4.609358
1465,5,13.213324
1465,6,2.995439
1465,12,5.490138
1465,19,8.407381
1465,24,4.857581
1465,25,-2.429176
1465,29,-7.525095
1465,31,-11.915605
1466,2,4.696975
1466,5,13.291564
1466,6,3.074974
1466,12,5.566807
1466,19,8.486504
1466,24,4.849024
1466,25,-2.391368
1466,29,-7.544905
1466,31,-11.945352
1467,2,4.729959
1467,5,13.332824
1467,6,3.090116
1467,12,5.609435
1467,19,8.502012
1467,25,-2.36691
1467,29,-7.539855
1467,31,-11.964475
1468,2,4.579993
1468,5,13.231935
1468,6,3.097607
1468,12,5.372892
1468,19,8.612018
1468,24,4.690448
1468,25,-2.604259
1468,29,-7.758714
1468,31,-12.01107
1469,2,4.341026
1469,5,13.050642
1469,6,2.934344
1469,12,5.131404
1469,19,8.503589
1469,24,4.649373
1469,25,-2.778704
1469,29,-7.816215
1469,31,-11.989635
1470,2,4.431529
1470,5,13.127049
1470,6,3.009222
1470,12,5.21594
1470,19,8.571137
1470,25,-2.72903
1470,29,-7.821324
1470,31,-12.012201
1471,2,4.516
1471,5,13.192348
1471,6,3.011892
1471,12,5.347572
1471,19,8.526823
1471,24,4.74581
1471,25,-2.604958
1471,29,-7.715896
1471,31,-11.998605
1472,2,4.486998
1472,5,13.291705
1472,6,2.990041
1472,12,5.330249
1472,19,8.593017
1472,24,4.792154
1472,25,-2.696955
1472,29,-7.830297
1472,31,-12.13959
1473,2,4.500048
1473,5,13.344707
1473,6,2.972024
1473,12,5.369936
1473,19,8.587483
1473,24,4.851405
1473,25,-2.682269
1473,29,-7.82422
1473,31,-12.18096
1474,2,4.481736
1474,5,13.42827
1474,6,2.889259
1474,12,5.415745
1474,19,8.537617
1474,24,4.990244
1474,25,-2.676586
1474,29,-7.807983
1474,31,-12.266516
1475,2,4.417265
1475,5,13.346615
1475,6,2.900562
1475,12,5.306144
1475,19,8.572104
1475,24,4.885513
1475,25,-2.762886
1475,29,-7.879535
1475,31,-12.244425
1476,2,4.461388
1476,5,13.33985
1476,6,2.925992
1476,12,5.354068
1476,19,8.558814
1476,24,4.884599
1476,25,-2.698292
1476,29,-7.824333
1476,31,-12.198386
1477,2,4.584476
1477,5,13.357526
1477,6,3.03185
1477,12,5.458987
1477,19,8.598418
1477,24,4.844382
1477,25,-2.582618
1477,29,-7.758727
1477,31,-12.127904
1478,2,4.460328
1478,5,13.346677
1478,6,2.956624
1478,12,5.332972
1478,19,8.613485
1478,24,4.84244
1478,25,-2.734242
1478,29,-7.879664
1478,31,-12.220098
1479,2,4.541484
1479,5,13.430185
1479,6,3.026786
1479,12,5.407725
1479,19,8.688882
1479,25,-2.701912
1479,29,-7.902509
1479,31,-12.259318
1480,2,4.640048
1480,5,13.436261
1480,6,3.107838
1480,12,5.494456
1480,19,8.709581
1480,24,4.81401
1480,25,-2.599825
1480,29,-7.836686
1480,31,-12.191669
1481,2,4.524749
1481,5,13.344123
1481,6,3.024194
1481,12,5.382564
1481,19,8.647155
1481,24,4.800023
1481,25,-2.674864
1481,29,-7.852548
1481,31,-12.173942
1482,2,4.523282
1482,5,13.273596
1482,6,3.062073
1482,12,5.347359
1482,19,8.660346
1482,24,4.715767
1482,25,-2.674083
1482,29,-7.849627
1482,31,-12.10707
1483,2,4.679054
1483,5,13.356057
1483,6,3.141833
1483,12,5.52663
1483,19,8.667286
1483,24,4.76769
1483,25,-2.505502
1483,29,-7.737085
1483,31,-12.066992
1484,2,4.553381
1484,5,13.164357
1484,6,3.086035
1484,12,5.3698
1484,19,8.591978
1484,24,4.664447
1484,25,-2.570407
1484,29,-7.726093
1484,31,-11.953584
1485,2,4.345116
1485,5,12.911757
1485,6,2.985611
1485,12,5.119556
1485,19,8.498278
1485,24,4.530609
1485,25,-2.710609
1485,29,-7.755286
1485,31,-11.840043
1486,2,4.237384
1486,5,12.701648
1486,6,2.898666
1486,12,5.012902
1486,24,4.481347
1486,25,-2.694876
1486,29,-7.643117
1486,31,-11.6722
1487,2,4.220991
1487,5,12.483453
1487,6,2.906456
1487,12,4.96796
1487,24,4.369517
1487,25,-2.599694
1487,29,-7.488253
1487,31,-11.433415
1488,2,4.261853
1488,5,12.360949
1488,6,2.95194
1488,12,4.986259
1488,19,8.16936
1488,25,-2.492695
1488,29,-7.364934
1488,31,-11.26123
1489,2,4.297713
1489,5,12.315779
1489,6,3.013554
1489,12,4.989929
1489,19,8.194742
1489,24,4.213596
1489,25,-2.46081
1489,29,-7.347435
1489,31,-11.193382
1490,2,4.208579
1490,5,12.230466
1490,6,2.937014
1490,12,4.912061
1490,19,8.118863
1490,24,4.214804
1490,25,-2.496909
1490,29,-7.328364
1490,31,-11.158109
1491,2,4.204271
1491,5,12.259105
1491,6,2.917967
1491,12,4.924688
1491,19,8.114491
1491,24,4.250763
1491,25,-2.500101
1491,29,-7.333165
1491,31,-11.189042
1492,2,4.175687
1492,5,12.229971
1492,6,2.881619
1492,12,4.910219
1492,19,8.071364
1492,25,-2.496335
1492,29,-7.30682
1493,2,4.245294
1493,5,12.245693
1493,6,2.975017
1493,12,4.943903
1493,19,8.149366
1493,24,4.198346
1493,25,-2.470795
1493,29,-7.326895
1494,2,4.175627
1494,5,12.213466
1494,6,2.931641
1494,12,4.873001
1494,19,8.138809
1494,25,-2.537937
1494,29,-7.369064
1495,2,4.109425
1495,5,12.012992
1495,6,2.96747
1495,12,4.731802
1495,19,8.132502
1495,24,4.000024
1495,25,-2.582642
1495,29,-7.373829
1496,2,4.072143
1496,5,11.89027
1496,6,2.978492
1496,12,4.65955
1496,24,3.903221
1496,25,-2.590973
1496,29,-7.35313
1497,2,4.022229
1497,5,11.751951
1497,6,2.960726
1497,12,4.589911
1497,25,-2.582769
1497,29,-7.298648
1498,2,24.818255
1498,5,23.153263
1498,6,12.86456
1498,12,28.860266
1498,19,7.952812
1498,24,11.855299
1498,25,20.281386
1498,29,8.517991
1499,2,-10.051169
1499,5,7.943994
1499,6,-3.69025
1499,12,-11.571849
1499,19,10.82995
1499,24,-0.109018
1499,25,-20.502903
1499,29,-21.656448
1500,2,-46.958442
1500,5,5.099698
1500,6,-28.94311
1500,12,-47.211883
1500,19,10.959963
1500,24,3.839131
1500,25,-63.247395
1500,29,-53.683944
1500,31,-45.930835
1501,2,-23.778752
1501,5,7.393518
1501,6,-14.079835
1501,12,-23.990702
1501,24,3.031802
1501,25,-35.609603
1501,29,-32.485035
1501,31,-29.243441
1502,2,-14.193893
1502,5,8.843135
1502,6,-8.472445
1502,12,-13.922004
1502,19,8.681658
1502,24,3.684397
1502,25,-23.89138
1502,29,-23.338005
1502,31,-22.714813
1503,2,-10.098426
1503,5,8.811973
1503,6,-6.179283
1503,12,-9.587038
1503,19,7.651439
1503,25,-18.37166
1503,29,-18.674687
1503,31,-19.106586
1504,2,-7.23561
1504,5,8.997724
1504,6,-4.460988
1504,12,-6.632187
1504,19,7.249017
1504,25,-14.767303
1504,29,-15.784016
1504,31,-16.879698
1505,2,-5.419519
1505,5,8.926917
1505,6,-3.326708
1505,12,-4.806917
1505,19,6.934316
1505,24,3.767893
1505,25,-12.413854
1505,29,-13.846572
1505,31,-15.26054
1506,2,-8.359757
1506,5,8.175157
1506,6,-6.078819
1506,12,-7.093273
1506,19,5.454512
1506,24,4.962126
1506,25,-14.677627
1506,29,-14.767899
1507,2,-7.680136
1507,5,8.038575
1507,6,-5.486163
1507,12,-6.55064
1507,19,5.521861
1507,24,4.62996
1507,25,-13.915035
1507,29,-14.204821
1507,31,-15.804924
1508,2,-6.642326
1508,5,8.54381
1508,6,-4.911475
1508,12,-5.40561
1508,19,5.598976
1508,24,4.888111
1508,25,-12.821643
1508,29,-13.482373
1508,31,-15.499911
1509,2,-5.533003
1509,5,9.23875
1509,6,-4.41544
1509,12,-4.075784
1509,19,5.604227
1509,24,5.397832
1509,25,-11.616392
1509,29,-12.667251
1509,31,-15.308291
1510,2,-5.717027
1510,5,9.014945
1510,6,-4.62688
1510,12,-4.198612
1510,19,5.333318
1510,24,5.462105
1510,25,-11.605287
1510,29,-12.503181
1510,31,-15.158247
1511,2,-4.909891
1511,5,9.184158
1511,6,-3.965562
1511,12,-3.495802
1511,24,5.25987
1511,25,-10.855075
1511,29,-12.070274
1511,31,-14.743809
1512,2,-4.767228
1512,5,9.210032
1512,6,-3.922748
1512,12,-3.310566
1512,24,5.332949
1512,25,-10.636694
1512,29,-11.875343
1513,2,-3.935196
1513,5,9.610734
1513,6,-3.554133
1513,12,-2.319361
1513,24,5.671227
1513,25,-9.654328
1513,29,-11.147965
1514,2,-3.859431
1514,5,9.707095
1514,6,-3.692592
1514,12,-2.084729
1514,19,5.185194
1514,24,5.979372
1514,25,-9.409174
1514,29,-10.869164
1515,2,-3.659527
1515,5,9.883384
1515,6,-3.692729
1515,12,-1.767327
1515,24,6.223925
1515,25,-9.12223
1515,29,-10.629879
1515,31,-14.308547
1516,2,-3.062866
1516,5,10.321029
1516,6,-3.301726
1516,12,-1.144578
1516,24,6.34201
1516,25,-8.649063
1516,29,-10.442902
1516,31,-14.333288
1517,2,-2.387295
1517,5,10.558749
1517,6,-2.89515
1517,12,-0.431774
1517,19,5.359915
1517,24,6.424209
1517,25,-7.916091
1517,29,-9.938822
1517,31,-14.03786
1518,2,-1.609254
1518,5,10.934035
1518,6,-2.804584
1518,12,0.697712
1518,19,4.891713
1518,24,7.109584
1518,25,-6.714799
1518,29,-8.862519
1518,31,-13.6583
1519,2,-0.990228
1519,5,11.04941
1519,6,-2.784777
1519,12,1.623848
1519,19,4.31477
1519,24,7.657321
1519,25,-5.588689
1519,29,-7.757103
1519,31,-13.115082
1520,2,-0.693977
1520,5,11.085698
1520,6,-2.806244
1520,12,2.091717
1520,19,3.978885
1520,24,7.95754
1520,25,-5.002649
1520,29,-7.162628
1520,31,-12.819305
1521,2,-0.662251
1521,5,11.141373
1521,6,-3.011442
1521,12,2.310406
1521,19,3.667311
1521,25,-4.744137
1521,29,-6.83049
1521,31,-12.763451
1522,2,-0.990439
1522,5,10.861911
1522,6,-3.731704
1522,12,2.372267
1522,19,2.736029
1522,24,8.966564
1522,25,-4.416661
1522,29,-6.111758
1522,31,-12.489971
1523,2,-0.918916
1523,5,10.658429
1523,6,-3.802752
1523,12,2.522788
1523,19,2.410572
1523,24,9.050484
1523,25,-4.070909
1523,29,-5.671628
1523,31,-12.13692
1524,2,-0.87475
1524,5,10.535128
1524,6,-3.971275
1524,12,2.716491
1524,19,2.020029
1524,24,9.285281
1524,25,-3.719424
1524,29,-5.20789
1524,31,-11.868553
1525,2,-0.988724
1525,5,10.547736
1525,6,-4.163363
1525,12,2.702692
1525,19,1.861178
1525,24,9.474501
1525,25,-3.735312
1525,29,-5.149252
1525,31,-11.928988
1526,2,-0.971999
1526,5,10.547251
1526,6,-4.083493
1526,12,2.667043
1526,19,1.966374
1526,24,9.373462
1526,25,-3.788554
1526,29,-5.239931
1526,31,-11.943615
1527,2,-0.43297
1527,5,10.512514
1527,6,-3.74784
1527,12,3.208488
1527,24,9.329916
1527,25,-3.078382
1527,29,-4.649003
1527,31,-11.442484
1528,2,-0.415325
1528,5,10.72572
1528,6,-3.762502
1528,12,3.267223
1528,19,1.965216
1528,24,9.45335
1528,25,-3.154671
1528,29,-4.786004
1528,31,-11.670917
1529,2,-0.886572
1529,5,10.726404
1529,6,-4.361639
1529,12,3.041372
1529,19,1.569533
1529,24,9.927123
1529,25,-3.412944
1529,29,-4.799766
1529,31,-11.942815
1530,2,-1.047804
1530,5,10.752053
1530,6,-4.913235
1530,12,3.245265
1530,24,10.604976
1530,25,-3.129398
1530,29,-4.287924
1530,31,-11.91785
1531,2,-1.313661
1531,5,10.780467
1531,6,-5.317527
1531,12,3.174838
1531,24,10.980757
1531,25,-3.217068
1531,29,-4.218289
1531,31,-12.07618
1532,2,-1.493524
1532,5,10.73868
1532,6,-5.632333
1532,12,3.156292
1532,24,11.270903
1532,25,-3.192423
1532,29,-4.051168
1532,31,-12.092585
1533,2,-1.709887
1533,5,10.594277
1533,6,-5.995944
1533,12,3.113502
1533,19,-0.112149
1533,24,11.559725
1533,25,-3.122836
1533,29,-3.787469
1533,31,-12.006312
1534,2,-1.720139
1534,5,10.495932
1534,6,-6.082083
1534,12,3.162148
1534,19,-0.298639
1534,24,11.637899
1534,25,-2.984648
1534,29,-3.584205
1534,31,-11.862919
1535,2,-1.842411
1535,5,10.209527
1535,6,-6.119555
1535,12,2.987914
1535,19,-0.413695
1535,24,11.474379
1535,25,-3.006912
1535,29,-3.509736
1535,31,-11.641255
1536,2,-1.757934
1536,5,10.381554
1536,6,-5.992435
1536,12,3.030862
1536,19,-0.193782
1536,24,11.431736
1536,25,-3.084067
1536,29,-3.695844
1536,31,-11.806231
1537,2,-1.845051
1537,5,10.523067
1537,6,-6.074955
1537,12,2.981474
1537,19,-0.126039
1537,24,11.536691
1537,25,-3.246765
1537,29,-3.872179
1537,31,-12.037277
1538,2,-1.830819
1538,5,10.442011
1538,6,-6.034939
1538,12,2.967348
1538,19,-0.134087
1538,24,11.458998
1538,25,-3.211492
1538,29,-3.832112
1538,31,-11.941229
1539,2,-1.860045
1539,5,10.360412
1539,6,-6.050184
1539,12,2.932147
1539,19,-0.179132
1539,24,11.42474
1539,25,-3.199859
1539,29,-3.792776
1539,31,-11.869567
1540,2,-1.684494
1540,5,10.254872
1540,6,-5.78796
1540,12,2.980003
1540,19,-0.04178
1540,24,11.150095
1540,25,-3.080038
1540,29,-3.752299
1540,31,-11.658685
1541,2,-1.551578
1541,5,10.285621
1541,6,-5.628409
1541,12,3.057592
1541,24,11.043921
1541,25,-3.012353
1541,29,-3.762219
1541,31,-11.614402
1542,2,-1.360942
1542,5,10.43264
1542,6,-5.476141
1542,12,3.237514
1542,24,11.044068
1542,25,-2.893394
1542,29,-3.751146
1542,31,-11.64106
1543,2,-1.437914
1543,5,10.433278
1543,6,-5.487942
1543,12,3.134795
1543,19,0.270646
1543,24,10.997828
1543,25,-3.029558
1543,29,-3.888383
1543,31,-11.722915
1544,2,-1.261253
1544,5,10.573875
1544,6,-5.303136
1544,12,3.267114
1544,19,0.455243
1544,24,10.93624
1544,25,-2.9705
1544,29,-3.950171
1544,31,-11.77164
1545,2,-1.310246
1545,5,10.673804
1545,6,-5.425122
1545,12,3.303258
1545,19,0.391711
1545,24,11.114026
1545,25,-2.988718
1545,29,-3.950345
1545,31,-11.893154
1546,2,-1.194876
1546,5,10.692739
1546,6,-5.286783
1546,12,3.370368
1546,19,0.490202
1546,24,11.018936
1546,25,-2.924771
1546,29,-3.951555
1546,31,-11.845289
1547,2,-1.192707
1547,5,10.743831
1547,6,-5.317002
1547,12,3.405554
1547,24,11.086587
1547,25,-2.915041
1547,29,-3.94715
1547,31,-11.890445
1548,2,-1.106059
1548,5,10.731646
1548,6,-5.213068
1548,12,3.454403
1548,24,11.00462
1548,25,-2.850425
1548,29,-3.92398
1548,31,-11.822807
1549,2,-1.127228
1549,5,10.774724
1549,6,-5.280918
1549,12,3.484094
1549,24,11.104054
1549,25,-2.839744
1549,29,-3.900523
1549,31,-11.868351
1550,2,-1.061827
1550,5,10.884504
1550,6,-5.323897
1550,12,3.629548
1550,24,11.267135
1550,25,-2.726603
1550,29,-3.802755
1550,31,-11.906779
1551,2,-0.967246
1551,5,10.987172
1551,6,-5.264546
1551,12,3.736073
1551,19,0.478436
1551,24,11.303171
1551,25,-2.665976
1551,29,-3.799236
1551,31,-11.948145
1552,2,-0.808039
1552,5,11.016732
1552,6,-5.143264
1552,12,3.88341
1552,24,11.273663
1552,25,-2.503002
1552,29,-3.69527
1552,31,-11.855968
1553,2,-0.852628
1553,5,11.00186
1553,6,-5.192527
1553,12,3.858076
1553,19,0.474184
1553,24,11.302835
1553,25,-2.524076
1553,29,-3.694818
1553,31,-11.866595
1554,2,-0.862015
1554,5,11.016933
1554,6,-5.154845
1554,12,3.818368
1554,24,11.247503
1554,25,-2.591113
1554,29,-3.786466
1554,31,-11.911128
1555,2,-0.89621
1555,5,11.051996
1555,6,-5.219284
1555,12,3.825246
1555,24,11.327781
1555,25,-2.604895
1555,29,-3.787182
1555,31,-11.963166
1556,2,-1.020857
1556,5,10.959511
1556,6,-5.257955
1556,12,3.664525
1556,24,11.243071
1556,25,-2.748737
1556,29,-3.893319
1556,31,-11.976107
1557,2,-1.064134
1557,5,11.018958
1557,6,-5.265586
1557,12,3.614361
1557,24,11.243356
1557,25,-2.858706
1557,29,-4.023204
1557,31,-12.092413
1558,2,-0.958356
1558,5,11.063622
1558,6,-5.275929
1558,12,3.788585
1558,24,11.366079
1558,25,-2.662839
1558,29,-3.835342
1558,31,-12.021178
1559,2,-0.82606
1559,5,11.189675
1559,6,-5.255908
1559,12,3.985434
1559,24,11.500023
1559,25,-2.497758
1559,29,-3.715915
1559,31,-12.0305
1560,2,-0.856376
1560,5,11.231332
1560,6,-5.253009
1560,12,3.94473
1560,19,0.551615
1560,24,11.488613
1560,25,-2.583151
1560,29,-3.81983
1560,31,-12.115431
1561,2,-0.877803
1561,5,11.233329
1561,6,-5.284192
1561,12,3.941224
1561,19,0.530324
1561,24,11.517875
1561,25,-2.58891
1561,29,-3.816428
1561,31,-12.127937
1562,2,-0.875862
1562,5,11.276219
1562,6,-5.317321
1562,12,3.978008
1562,19,0.507923
1562,24,11.586145
1562,25,-2.571057
1562,29,-3.800393
1562,31,-12.162048
1563,2,-0.868303
1563,5,11.209981
1563,6,-5.301675
1563,12,3.974163
1563,19,0.479665
1563,24,11.543787
1563,25,-2.53095
1563,29,-3.749149
1563,31,-12.080513
1564,2,-0.895543
1564,5,11.179548
1564,6,-5.300632
1564,12,3.933108
1564,24,11.508249
1564,25,-2.564727
1564,29,-3.777995
1564,31,-12.07491
1565,2,-0.758485
1565,5,11.265226
1565,6,-5.233242
1565,12,4.095426
1565,24,11.560736
1565,25,-2.418774
1565,29,-3.685727
1565,31,-12.050994
1566,2,-0.626816
1566,5,11.311578
1566,6,-5.124788
1566,12,4.213034
1566,19,0.555679
1566,24,11.533072
1566,25,-2.305765
1566,29,-3.632271
1566,31,-12.004083
1567,2,-0.791061
1567,5,11.242395
1567,6,-5.233977
1567,12,4.051834
1567,19,0.525203
1567,24,11.527504
1567,25,-2.462889
1567,29,-3.729723
1567,31,-12.059225
1568,2,-0.676242
1568,5,11.295027
1568,6,-5.136553
1568,12,4.153607
1568,19,0.584165
1568,24,11.504339
1568,25,-2.374542
1568,29,-3.698737
1568,31,-12.034102
1569,2,-0.635126
1569,5,11.188895
1569,6,-5.017925
1569,12,4.113304
1569,19,0.64938
1569,24,11.324206
1569,25,-2.359827
1569,29,-3.703849
1569,31,-11.911937
1570,2,-0.596492
1570,5,10.960405
1570,6,-4.930322
1570,12,4.082975
1570,19,0.585928
1570,24,11.136778
1570,25,-2.24161
1570,29,-3.553534
1570,31,-11.632413
1571,2,-0.65358
1571,5,10.763538
1571,6,-4.971776
1571,12,4.015984
1571,19,0.452559
1571,24,11.069768
1571,25,-2.18657
1571,29,-3.423833
1571,31,-11.442746
1572,2,-0.626385
1572,5,10.785821
1572,6,-4.970247
1572,12,4.060753
1572,19,0.44109
1572,24,11.100202
1572,25,-2.145344
1572,29,-3.39203
1572,31,-11.438608
1573,2,-0.65745
1573,5,10.714673
1573,6,-5.091357
1573,12,4.108486
1573,19,0.242221
1573,24,11.221584
1573,25,-2.025177
1573,29,-3.200864
1573,31,-11.334712
1574,2,-0.803081
1574,5,10.571895
1574,6,-5.267691
1574,12,4.022483
1574,24,11.298655
1574,25,-2.02605
1574,29,-3.088878
1574,31,-11.251029
1575,2,-1.011068
1575,5,10.498307
1575,6,-5.583695
1575,12,3.962145
1575,24,11.554722
1575,25,-2.034716
1575,29,-2.948223
1575,31,-11.259511
1576,2,-1.031271
1576,5,10.399629
1576,6,-5.721916
1576,12,4.037485
1576,19,-0.521231
1576,25,-1.857244
1576,29,-2.683319
1576,31,-11.102535
1577,2,-1.217559
1577,5,10.278734
1577,6,-6.063042
1577,12,4.025674
1577,19,-0.918918
1577,24,11.98944
1577,25,-1.76629
1577,29,-2.416505
1577,31,-11.018377
1578,2,-1.143204
1578,5,10.178353
1578,6,-5.990147
1578,12,4.072175
1578,24,11.905078
1578,25,-1.638322
1578,29,-2.288573
1578,31,-10.844892
1579,2,-1.0762
1579,5,10.062452
1579,6,-5.949004
1579,12,4.131765
1579,19,-1.047161
1579,24,11.854122
1579,25,-1.479888
1579,29,-2.11172
1579,31,-10.647084
1580,2,-1.089599
1580,5,9.802664
1580,6,-6.095255
1580,12,4.208657
1580,24,11.948616
1580,25,-1.183124
1580,29,-1.672992
1580,31,-10.285415
1581,2,-1.137927
1581,5,9.695939
1581,6,-6.13684
1581,12,4.16303
1581,19,-1.515519
1581,24,11.925821
1581,25,-1.165004
1581,29,-1.608062
1581,31,-10.193436
1582,2,-1.245852
1582,5,9.550484
1582,6,-6.162398
1582,12,4.011521
1582,19,-1.532598
1582,24,11.814816
1582,25,-1.259432
1582,29,-1.652821
1582,31,-10.130253
1583,2,-1.442056
1583,5,9.42529
1583,6,-6.299058
1583,12,3.819432
1583,19,-1.607854
1583,24,11.800143
1583,25,-1.415454
1583,29,-1.720966
1583,31,-10.142887
1584,2,-1.421711
1584,5,9.361368
1584,6,-6.281862
1584,12,3.833142
1584,19,-1.646747
1584,24,11.766579
1584,25,-1.3536
1584,29,-1.648455
1584,31,-10.049922
1585,2,-1.42097
1585,5,9.341428
1585,6,-6.310602
1585,12,3.858758
1585,19,-1.704179
1585,24,11.801377
1585,25,-1.305161
1585,29,-1.584144
1585,31,-10.011623
1586,2,-1.470726
1586,5,9.217532
1586,6,-6.380929
1586,12,3.832493
1586,19,-1.840361
1586,24,11.811901
1586,25,-1.247336
1586,29,-1.461609
1586,31,-9.887922
1587,2,-1.533905
1587,5,9.146804
1587,6,-6.422978
1587,12,3.768305
1587,19,-1.881599
1587,24,11.792447
1587,25,-1.279783
1587,29,-1.458957
1587,31,-9.855923
1588,2,-1.580324
1588,5,9.181079
1588,6,-6.425045
1588,12,3.7069
1588,19,-1.808084
1588,24,11.772328
1588,25,-1.387099
1588,29,-1.581043
1589,2,-1.500135
1589,5,8.852464
1589,6,-6.308424
1589,12,3.704337
1589,19,-1.942825
1589,24,11.534932
1589,25,-1.160477
1589,29,-1.30032
1589,31,-9.513986
1590,2,-1.424887
1590,5,8.666382
1590,6,-6.122764
1590,12,3.651998
1590,19,-1.868181
1590,24,11.252481
1590,25,-1.106946
1590,29,-1.267769
1590,31,-9.286878
1591,2,-1.020808
1591,5,8.819335
1591,6,-5.826038
1591,12,4.034535
1591,19,-1.758177
1591,24,11.219057
1591,25,-0.731694
1591,29,-1.055482
1591,31,-9.139042
1592,2,-0.533994
1592,5,9.02529
1592,6,-5.498652
1592,12,4.521133
1592,29,-0.772501
1592,31,-8.973462
1593,2,-0.469254
1593,5,8.932113
1593,6,-5.364183
1593,12,4.503086
1593,19,-1.586021
1593,24,11.051684
1593,25,-0.224444
1593,29,-0.766291
1593,31,-8.846781
1594,2,-0.465493
1594,5,8.95078
1594,6,-5.312758
1594,12,4.471737
1594,19,-1.497294
1594,24,10.988769
1594,25,-0.283658
1594,29,-0.856115
1594,31,-8.88701
1595,2,-0.630499
1595,5,8.901539
1595,6,-5.424871
1595,12,4.313623
1595,19,-1.517605
1595,24,10.995855
1595,25,-0.451495
1595,29,-0.969344
1595,31,-8.966221
1596,2,-0.676713
1596,5,8.978391
1596,6,-5.429751
1596,12,4.258747
1596,19,-1.419459
1596,24,10.997517
1596,25,-0.580841
1596,29,-1.125583
1596,31,-9.108445
1597,2,-0.675833
1597,5,9.209332
1597,6,-5.384843
1597,12,4.249073
1597,19,-1.19162
1597,24,11.029637
1597,25,-0.76537
1597,29,-1.4056
1597,31,-9.403818
1598,2,-1.185705
1598,5,9.314952
1598,6,-5.725572
1598,12,3.77536
1598,19,-1.070484
1598,24,11.149494
1598,25,-1.449854
1598,29,-2.000565
1599,2,-1.245228
1599,5,9.76537
1599,6,-6.079358
1599,12,4.020194
1599,19,-1.23677
1599,24,11.798699
1599,25,-1.434734
1599,29,-1.981995
1599,31,-10.411551
1600,2,-1.523
1600,5,9.899712
1600,6,-6.408877
1600,12,3.888058
1600,19,-1.338411
1600,24,12.104089
1600,25,-1.689661
1600,29,-2.152335
1600,31,-10.743155
1601,2,-1.364048
1601,5,9.931081
1601,6,-6.137875
1601,12,3.912553
1601,19,-1.077089
1601,25,-1.69731
1601,29,-2.28301
1601,31,-10.719292
1602,2,-1.555359
1602,5,9.735861
1602,6,-6.167715
1602,12,3.634515
1602,19,-1.041508
1602,24,11.663994
1602,25,-1.922833
1602,29,-2.44419
1602,31,-10.691164
1603,2,-1.779526
1603,5,9.820658
1603,6,-6.305792
1603,12,3.422727
1603,19,-0.942856
1603,24,11.716832
1603,25,-2.258344
1603,29,-2.759588
1603,31,-10.988168
1604,2,-1.831824
1604,5,9.879763
1604,6,-6.484225
1604,12,3.498411
1604,19,-1.116487
1604,24,11.95714
1604,25,-2.192735
1604,29,-2.641424
1605,2,-1.694226
1605,5,10.183058
1605,6,-6.258012
1605,12,3.554107
1605,19,-0.712999
1605,24,11.869917
1605,25,-2.354464
1605,29,-2.994563
1605,31,-11.345244
1606,2,-1.610036
1606,5,10.403849
1606,6,-6.179513
1606,12,3.641647
1606,24,11.91798
1606,25,-2.405596
1606,29,-3.149577
1606,31,-11.548108
1607,2,-1.612183
1607,5,10.568954
1607,6,-6.036428
1607,12,3.542096
1607,24,11.779774
1607,25,-2.667429
1607,29,-3.528704
1608,2,-1.632114
1608,5,10.636138
1608,6,-5.818607
1608,12,3.345498
1608,24,11.47888
1608,25,-2.990652
1608,29,-3.970593
1609,2,-1.203678
1609,5,10.929064
1609,6,-5.25456
1609,12,3.560909
1609,24,11.136763
1609,25,-2.952654
1609,29,-4.253435
1609,31,-12.127144
1610,2,-1.23364
1610,5,11.030967
1610,6,-5.381553
1610,12,3.632803
1610,24,11.338973
1610,25,-2.926288
1610,29,-4.209579
1610,31,-12.226071
1611,2,-1.050721
1611,5,11.554459
1611,6,-5.988853
1611,12,4.45585
1611,25,-2.185733
1611,29,-3.372771
1611,31,-12.367079
1612,2,2.571336
1612,5,12.385979
1612,6,-3.448615
1612,12,7.895808
1612,19,0.346224
1612,24,12.201752
1612,25,1.618325
1612,29,-0.776915
1612,31,-10.332515
1613,2,3.026685
1613,5,11.780346
1613,6,-2.813924
1613,12,8.002801
1613,19,0.394598
1613,24,11.404136
1613,25,2.165086
1613,29,-0.291161
1613,31,-9.366014
1614,2,2.95642
1614,5,11.811757
1614,6,-2.068536
1614,12,7.297613
1614,19,1.641708
1614,24,10.287179
1614,25,1.165676
1614,29,-1.624347
1614,31,-9.822772
1615,2,2.611275
1615,5,12.032449
1615,6,-2.34014
1615,12,7.027405
1615,19,1.764664
1615,24,10.491164
1615,25,0.661095
1615,29,-2.100423
1615,31,-10.362379
1616,2,2.546423
1616,5,12.444222
1616,6,-2.635962
1616,12,7.215669
1616,19,1.667608
1616,24,11.036264
1616,25,0.625587
1616,29,-2.147314
1616,31,-10.796125
1617,2,1.675047
1617,5,11.971644
1617,6,-3.220394
1617,12,6.343064
1617,19,1.422852
1617,24,10.97714
1617,25,-0.15417
1617,29,-2.564033
1617,31,-10.970041
1618,2,1.861291
1618,5,11.738745
1618,6,-2.843867
1618,12,6.294377
1618,24,10.488866
1618,25,-0.070717
1618,29,-2.561187
1618,31,-10.645438
1619,2,1.605224
1619,5,11.358969
1619,6,-2.780054
1619,12,5.823644
1619,24,10.032539
1619,25,-0.421899
1619,29,-2.83026
1619,31,-10.51426
1620,2,1.569804
1620,5,11.277078
1620,6,-3.027472
1620,12,5.96652
1620,19,1.361871
1620,24,10.326107
1620,25,-0.160134
1620,29,-2.44075
1620,31,-10.343083
1621,2,1.432803
1621,5,11.043235
1621,6,-3.0964
1621,12,5.796654
1621,19,1.249548
1621,24,10.217659
1621,25,-0.211786
1621,29,-2.395824
1621,31,-10.188664
1622,2,1.482633
1622,5,10.801505
1622,6,-3.165317
1622,12,5.905203
1622,19,0.92191
1622,24,10.256258
1622,25,0.111453
1622,29,-1.96582
1622,31,-9.808041
1623,2,1.453605
1623,5,10.382202
1623,6,-3.368486
1623,12,5.986844
1623,19,0.353913
1623,24,10.350119
1623,25,0.536248
1623,29,-1.323062
1623,31,-9.243987
1624,2,1.385356
1624,5,10.034027
1624,6,-3.331246
1624,12,5.82122
1624,19,0.248505
1624,24,10.096408
1624,25,0.568074
1624,29,-1.199899
1624,31,-8.920955
1625,2,1.135206
1625,5,9.558829
1625,6,-3.375188
1625,12,5.436572
1625,19,0.134985
1625,24,9.760147
1625,25,0.406757
1625,29,-1.201643
1625,31,-8.619389
1626,2,0.710874
1626,5,9.172268
1626,6,-3.652541
1626,12,4.990881
1626,19,-0.080377
1626,24,9.656669
1626,25,0.11238
1626,29,-1.272983
1626,31,-8.519738
1627,2,0.564406
1627,5,8.937322
1627,6,-3.714965
1627,12,4.800986
1627,19,-0.172989
1627,24,9.530878
1627,25,0.03468
1627,29,-1.256522
1627,31,-8.378134
1628,2,0.588132
1628,5,8.805017
1628,6,-3.585483
1628,12,4.719586
1628,19,-0.091091
1628,24,9.308829
1628,25,0.015423
1628,29,-1.289204
1628,31,-8.250223
1629,2,0.515099
1629,5,8.676186
1629,6,-3.585621
1629,12,4.599567
1629,19,-0.097272
1629,24,9.196899
1629,25,-0.050562
1629,29,-1.31865
1629,31,-8.179479
1630,2,0.439737
1630,5,8.544844
1630,6,-3.670102
1630,12,4.544563
1630,19,-0.232216
1630,24,9.203228
1630,25,-0.023862
1630,29,-1.218931
1630,31,-8.06965
1631,2,0.228871
1631,5,8.291384
1631,6,-3.949666
1631,12,4.43344
1631,19,-0.59901
1631,24,9.330102
1631,25,0.028265
1631,29,-0.977145
1631,31,-7.880922
1632,2,-0.385862
1632,5,7.966048
1632,6,-4.468951
1632,12,3.906981
1632,19,-0.92971
1632,24,9.448065
1632,25,-0.405504
1632,29,-1.112982
1632,31,-7.965646
1633,2,-0.432963
1633,5,7.926007
1633,6,-4.529684
1633,12,3.884458
1633,19,-0.996805
1633,24,9.481319
1633,25,-0.403933
1633,29,-1.076957
1633,31,-7.943649
1634,2,-0.254766
1634,5,7.907716
1634,6,-4.462604
1634,12,4.096483
1634,19,-1.10586
1634,24,9.520205
1634,25,-0.113688
1634,29,-0.80419
1634,31,-7.744189
1635,2,-0.26789
1635,5,8.068957
1635,6,-4.436491
1635,12,4.075056
1635,19,-0.938553
1635,24,9.540345
1635,25,-0.262746
1635,29,-1.01945
1635,31,-7.964639
1636,2,-0.447312
1636,5,7.990721
1636,6,-4.56646
1636,12,3.907391
1636,19,-0.989586
1636,24,9.551327
1636,25,-0.422281
1636,29,-1.108297
1636,31,-8.019022
1637,2,-0.524981
1637,5,7.958306
1637,6,-4.674667
1637,12,3.878842
1637,19,-1.089958
1637,24,9.631561
1637,25,-0.431817
1637,29,-1.067115
1637,31,-8.019892
1638,2,-0.729578
1638,5,7.894997
1638,6,-4.817314
1638,12,3.685591
1638,19,-1.121764
1638,24,9.647095
1638,25,-0.63573
1638,29,-1.200932
1638,31,-8.115835
1639,2,-0.692972
1639,5,7.715032
1639,6,-4.765097
1639,12,3.680981
1639,24,9.526287
1639,25,-0.513835
1639,29,-1.04337
1639,31,-7.880148
1640,2,-0.456388
1640,5,7.646278
1640,6,-4.495576
1640,12,3.809189
1640,24,9.299656
1640,25,-0.308407
1640,29,-0.921828
1640,31,-7.645304
1641,2,-0.63752
1641,5,7.366476
1641,6,-4.578809
1641,12,3.579227
1641,24,9.157728
1641,25,-0.40549
1641,29,-0.90234
1641,31,-7.481113
1642,2,-0.477097
1642,5,7.22353
1642,6,-4.437627
1642,12,3.690426
1642,24,9.023177
1642,25,-0.161292
1642,29,-0.666692
1642,31,-7.186457
1643,2,-0.71566
1643,5,7.125654
1643,6,-4.608687
1643,12,3.465908
1643,24,9.038124
1643,25,-0.380013
1643,29,-0.793397
1643,31,-7.267542
1644,2,-0.685835
1644,5,6.893227
1644,6,-4.610404
1644,12,3.489192
1644,24,8.966899
1644,25,-0.179415
1644,29,-0.517237
1644,31,-6.951544
1645,2,-0.591678
1645,5,6.796206
1645,6,-4.840094
1645,12,3.80956
1645,19,-2.066162
1645,24,9.330412
1645,25,0.328832
1645,29,0.120878
1645,31,-6.617013
1646,2,-1.511979
1646,5,6.392888
1646,6,-5.53392
1646,12,2.962042
1646,19,-2.374306
1646,24,9.425278
1646,25,-0.46704
1646,29,-0.291427
1646,31,-6.885504
1647,2,-2.03614
1647,5,6.53186
1647,6,-5.960084
1647,12,2.545765
1647,19,-2.341552
1647,25,-1.101875
1647,29,-0.816302
1647,31,-7.46747
1648,2,-1.956222
1648,5,6.7773
1648,6,-5.810937
1648,12,2.572139
1648,19,-2.0313
1648,25,-1.256166
1648,29,-1.112534
1648,31,-7.738111
1649,2,-1.869088
1649,5,6.939241
1649,6,-5.761428
1649,12,2.681848
1649,19,-1.940155
1649,24,9.700688
1649,25,-1.233089
1649,29,-1.162028
1649,31,-7.85338
1650,2,-1.741036
1650,5,7.077256
1650,6,-5.629919
1650,12,2.782911
1650,24,9.67266
1650,25,-1.208166
1650,29,-1.234592
1650,31,-7.930137
1651,2,-1.596593
1651,5,7.062027
1651,6,-5.529727
1651,12,2.917371
1651,25,-1.02449
1651,29,-1.084439
1651,31,-7.788588
1652,2,-1.461792
1652,5,7.1121
1652,6,-5.448155
1652,12,3.059771
1652,24,9.649305
1652,25,-0.877234
1652,29,-0.984641
1652,31,-7.728183
1653,2,-1.558915
1653,5,7.097753
1653,6,-5.517453
1653,12,2.972582
1653,24,9.666442
1653,25,-0.980455
1653,29,-1.060468
1653,31,-7.791881
1654,2,-1.569162
1654,5,6.924175
1654,6,-5.446796
1654,12,2.882882
1654,19,-1.800068
1654,24,9.484571
1654,25,-0.977076
1654,29,-1.032529
1654,31,-7.627439
1655,2,-1.768675
1655,5,6.624472
1655,6,-5.514645
1655,12,2.610315
1655,24,9.29833
1655,25,-1.117296
1655,29,-1.056505
1655,31,-7.468678
1656,2,-1.826695
1656,5,6.448875
1656,6,-5.540095
1656,12,2.527729
1656,19,-1.980758
1656,24,9.215501
1656,25,-1.098015
1656,29,-0.973612
1656,31,-7.312981
1657,2,-1.669262
1657,5,6.114237
1657,6,-5.188552
1657,12,2.439818
1657,19,-1.849255
1657,24,8.69568
1657,25,-0.987865
1657,29,-0.896287
1657,31,-6.889379
1658,2,-1.358102
1658,5,5.842043
1658,6,-4.735915
1658,12,2.504977
1658,19,-1.692589
1658,24,8.178567
1658,25,-0.724738
1658,29,-0.722195
1658,31,-6.407646
1659,2,-0.883599
1659,5,5.571192
1659,6,-4.121743
1659,12,2.681144
1659,19,-1.471162
1659,24,7.559271
1659,25,-0.322643
1659,29,-0.470054
1659,31,-5.811208
1660,2,-0.795554
1660,5,4.772175
1660,6,-3.886059
1660,12,2.532291
1660,19,-1.762214
1660,24,6.953468
1660,25,0.0548
1660,29,0.073636
1660,31,-4.855652
1661,2,-0.424323
1661,5,4.246781
1661,6,-3.536398
1661,12,2.742373
1661,19,-2.007909
1661,24,6.522892
1661,25,0.703518
1661,29,0.762934
1661,31,-3.949711
1662,2,0.041614
1662,5,3.874508
1662,6,-2.970935
1662,12,2.933234
1662,24,5.922644
1662,25,1.203279
1662,29,1.167135
1662,31,-3.218061
1663,2,0.174945
1663,5,3.366508
1663,6,-2.837172
1663,12,2.966856
1663,19,-2.220023
1663,24,5.620651
1663,25,1.615399
1663,29,1.695015
1663,31,-2.511392
1664,2,0.297128
1664,5,2.526234
1664,6,-2.654606
1664,12,2.906288
1664,19,-2.660719
1664,24,5.099005
1664,25,2.144694
1664,29,2.429037
1664,31,-1.440554
1665,2,0.343103
1665,5,2.016757
1665,6,-2.66863
1665,12,2.930203
1665,19,-3.087918
1665,24,4.938636
1665,25,2.552776
1665,29,3.011815
1665,31,-0.765176
1666,2,0.466989
1666,5,1.296092
1666,6,-2.427127
1666,12,2.836413
1666,19,-3.357232
1666,24,4.384314
1666,25,2.947137
1666,29,3.547637
1666,31,0.13598
1667,2,1.357798
1667,5,0.607693
1667,6,-1.194233
1667,12,3.074888
1667,24,3.02737
1667,25,3.711997
1667,29,4.062867
1667,31,1.435016
1668,2,1.611374
1668,5,-0.022187
1668,6,-0.36088
1668,12,2.697218
1668,19,-2.390236
1668,24,1.766915
1668,25,3.632127
1668,29,3.854842
1668,31,2.100138
1669,2,1.070668
1669,5,-0.44939
1669,6,-0.685317
1669,12,2.109274
1669,24,1.625181
1669,25,3.179482
1669,29,3.655971
1669,31,2.13054
1670,2,0.52453
1670,5,-0.658075
1670,6,-1.427757
1670,12,1.881709
1670,24,2.169326
1670,25,3.066772
1670,29,3.898011
1670,31,2.088994
1671,2,2.384452
1671,5,0.082387
1671,6,-0.410404
1671,12,3.902309
1671,24,2.483282
1671,25,5.166816
1671,29,5.406712
1671,31,2.91402
1672,2,2.669765
1672,5,0.886929
1672,6,0.192118
1672,12,3.923393
1672,24,2.186655
1672,25,4.571909
1672,29,4.30736
1672,31,1.99732
1673,2,3.586404
1673,5,0.96449
1673,6,1.047348
1673,12,4.595122
1673,19,-1.77276
1673,24,1.712611
1673,25,5.370098
1673,29,4.762766
1673,31,2.583425
1674,2,4.313964
1674,5,0.998763
1674,6,1.995981
1674,12,4.902763
1674,19,-1.113655
1674,24,0.938916
1674,25,5.710093
1674,29,4.728301
1674,31,2.953806
1675,2,4.540445
1675,5,0.674256
1675,6,2.610567
1675,12,4.696954
1675,19,-0.651366
1675,24,0.098538
1675,25,5.646242
1675,29,4.527148
1675,31,3.322158
1676,2,4.468788
1676,5,-0.289341
1676,6,2.792814
1676,12,4.329088
1676,24,-0.629292
1676,25,5.859521
1676,29,4.982105
1676,31,4.313216
1677,2,3.870669
1677,5,-0.78341
1677,6,2.38664
1677,12,3.714427
1677,24,-0.727303
1677,25,5.424695
1677,29,4.855429
1677,31,4.394528
1678,2,3.811322
1678,5,-0.228092
1678,6,2.123939
1678,12,3.9053
1678,24,-0.163504
1678,25,5.282722
1678,29,4.635926
1678,31,3.78085
1679,2,4.21313
1679,5,0.618695
1679,6,2.519168
1679,12,4.27541
1679,19,-0.462504
1679,24,-0.055383
1679,25,5.132801
1679,29,4.05844
1679,31,3.049037
1680,2,4.466258
1680,5,1.364732
1680,6,3.145383
1680,12,4.222162
1680,19,0.732734
1680,24,-0.435093
1680,25,4.480665
1680,29,2.910707
1680,31,2.152134
1681,2,4.145859
1681,5,1.506462
1681,6,3.135944
1681,12,3.768263
1681,19,1.178974
1681,24,-0.611141
1681,25,3.770635
1681,29,2.144877
1681,31,1.606401
1682,2,3.520744
1682,5,1.632204
1682,6,2.926625
1682,12,3.023299
1682,24,-0.745041
1682,25,2.692772
1682,29,1.086488
1682,31,0.813394
1683,2,3.240165
1683,5,1.842682
1683,6,2.806514
1683,12,2.728242
1683,19,1.931012
1683,24,-0.702298
1683,25,2.148926
1683,29,0.511047
1683,31,0.284272
1684,2,3.035605
1684,5,1.724927
1684,6,3.145795
1684,12,2.12966
1684,19,2.601712
1684,24,-1.395361
1684,25,1.420382
1684,29,-0.326072
1684,31,0.021366
1685,2,2.751415
1685,5,1.195126
1685,6,3.240536
1685,12,1.565998
1685,19,2.699508
1685,24,-1.977338
1685,25,1.055188
1685,29,-0.564972
1685,31,0.277426
1686,2,2.576636
1686,5,1.150339
1686,6,3.15359
1686,12,1.371604
1686,19,2.732263
1686,24,-2.008303
1686,25,0.833024
1686,29,-0.743048
1686,31,0.165358
1687,2,2.086206
1687,5,0.747426
1687,6,2.817346
1687,12,0.870822
1687,19,2.489548
1687,24,-2.081176
1687,25,0.478138
1687,29,-0.844787
1687,31,0.229251
1688,2,1.742127
1688,5,0.306787
1688,6,2.507221
1688,12,0.562099
1688,19,2.095002
1688,24,-2.094089
1688,25,0.406734
1688,29,-0.655244
1688,31,0.500089
1689,2,2.587913
1689,5,0.855911
1689,6,2.643765
1689,12,1.773236
1689,19,1.729854
1689,24,-1.400716
1689,25,1.613769
1689,29,0.347364
1689,31,0.778699
1690,2,3.05768
1690,5,1.114961
1690,6,2.32986
1690,12,2.762113
1690,19,0.895764
1690,24,-0.480832
1690,25,2.759852
1690,29,1.555418
1690,31,1.176489
1691,2,3.269059
1691,5,1.127176
1691,6,2.385538
1691,12,3.032022
1691,19,0.750137
1691,24,-0.392682
1691,25,3.109958
1691,29,1.887533
1691,31,1.38727
1692,2,3.166839
1692,5,0.935072
1692,6,2.688799
1692,12,2.606237
1692,19,1.197694
1692,24,-0.986426
1692,25,2.66923
1692,29,1.382794
1692,31,1.351975
1693,2,2.688658
1693,5,0.251272
1693,6,2.277389
1693,12,2.15261
1693,19,0.629561
1693,24,-1.063005
1693,25,2.589142
1693,29,1.681018
1693,31,1.805544
1694,2,2.395821
1694,5,-0.044683
1694,6,1.822141
1694,12,2.057062
1694,19,0.054727
1694,24,-0.768169
1694,25,2.702537
1694,29,2.068516
1694,31,2.033174
1695,2,2.053798
1695,5,0.10379
1695,6,1.442857
1695,12,1.878297
1695,19,-0.037327
1695,24,-0.428685
1695,25,2.371086
1695,29,1.82916
1695,31,1.629277
1696,2,1.477618
1696,5,0.247628
1696,6,0.703757
1696,12,1.647958
1696,19,-0.420145
1696,24,0.240956
1696,25,1.99035
1696,29,1.679597
1696,31,1.125015
1697,2,1.629725
1697,5,0.047737
1697,6,0.804515
1697,12,1.767154
1697,19,-0.57747
1697,24,0.128176
1697,25,2.294134
1697,29,2.01547
1697,31,1.49963
1698,2,1.154247
1698,5,-0.618136
1698,6,0.39685
1698,12,1.316626
1698,19,-1.130336
1698,24,0.056477
1698,25,2.204361
1698,29,2.296441
1698,31,1.932862
1699,2,1.212923
1699,5,-1.120799
1699,6,0.727521
1699,12,1.070137
1699,19,-1.039981
1699,24,-0.585212
1699,25,2.232944
1699,29,2.361093
1699,31,2.450322
1700,2,1.4573
1700,5,-1.248551
1700,6,1.190286
1700,12,1.035387
1700,19,-0.695351
1700,24,-1.111341
1700,25,2.260749
1700,29,2.253065
1700,31,2.673162
1701,2,0.73687
1701,5,-1.390337
1701,6,0.772323
1701,12,0.291161
1701,19,-0.620158
1701,24,-1.130813
1701,25,1.388462
1701,29,1.570101
1701,31,2.185636
1702,2,0.154789
1702,5,-1.697857
1702,6,0.461828
1702,12,-0.35578
1702,24,-1.267857
1702,25,0.764562
1702,29,1.152861
1702,31,2.011276
1703,2,0.160747
1703,5,-1.569383
1703,6,0.428953
1703,12,-0.304692
1703,24,-1.161557
1703,25,0.739255
1703,29,1.098407
1703,31,1.879263
1704,2,0.363333
1704,5,-1.032274
1704,6,0.937528
1704,12,-0.359838
1704,24,-1.498526
1704,25,0.243258
1704,29,0.223083
1704,31,1.226593
1705,2,0.236628
1705,5,-1.066999
1705,6,1.166347
1705,12,-0.742471
1705,24,-1.935612
1705,25,-0.253899
1705,29,-0.36042
1705,31,1.005681
1706,2,0.349321
1706,5,-0.936966
1706,6,1.566201
1706,12,-0.890607
1706,24,-2.361665
1706,25,-0.56696
1706,29,-0.875054
1706,31,0.789232
1707,2,0.224582
1707,5,-1.057626
1707,6,1.722928
1707,12,-1.221164
1707,24,-2.731485
1707,25,-0.927222
1707,29,-1.263071
1707,31,0.709006
1708,2,0.269049
1708,5,-1.281848
1708,6,2.080108
1708,12,-1.478673
1708,24,-3.301375
1708,25,-1.12138
1708,29,-1.524606
1708,31,0.858998
1709,2,0.211918
1709,5,-1.074233
1709,6,2.223571
1709,12,-1.657931
1709,24,-3.45909
1709,25,-1.52256
1709,29,-2.055793
1710,2,0.150666
1710,5,-0.945851
1710,6,2.247043
1710,12,-1.753477
1710,24,-3.483549
1710,25,-1.747228
1710,29,-2.335158
1711,2,0.052007
1711,5,-0.840986
1711,6,2.15306
1711,12,-1.810123
1711,24,-3.379776
1711,25,-1.897081
1711,29,-2.485628
1712,2,0.177836
1712,5,-0.884991
1712,6,2.430236
1712,12,-1.858662
1712,24,-3.696149
1712,25,-1.941534
1712,29,-2.621995
1712,31,0.097382
1713,2,0.11656
1713,5,-1.124491
1713,6,2.553499
1713,12,-2.081982
1713,24,-4.020769
1713,25,-2.068054
1713,29,-2.719458
1713,31,0.252306
1714,2,-0.103707
1714,5,-1.480359
1714,6,2.641819
1714,12,-2.527236
1714,24,-4.466845
1714,25,-2.404164
1714,29,-2.979383
1714,31,0.373775
1715,2,-0.55346
1715,5,-1.74941
1715,6,2.291592
1715,12,-2.939475
1715,24,-4.427361
1715,25,-2.741588
1715,29,-3.101472
1715,31,0.328653
1716,2,-1.301517
1716,5,-1.950041
1716,6,1.635922
1716,12,-3.533434
1716,24,-4.15123
1716,25,-3.360882
1716,29,-3.417127
1716,31,-0.008546
1717,2,-1.483333
1717,5,-1.981123
1717,6,1.433841
1717,12,-3.640532
1717,24,-4.015267
1717,25,-3.472869
1717,29,-3.443554
1718,2,-1.865858
1718,5,-2.028088
1718,6,1.038964
1718,12,-3.887956
1718,19,2.296445
1718,24,-3.764818
1718,25,-3.753205
1718,29,-3.563233
1718,31,-0.302883
1719,2,-2.372755
1719,5,-2.61011
1719,6,0.952092
1719,12,-4.642141
1719,19,2.331212
1719,24,-4.276563
1719,25,-4.328376
1719,29,-3.926275
1719,31,-0.168063
1720,2,-3.241728
1720,5,-3.379276
1720,6,0.533668
1720,12,-5.68275
1720,19,2.136776
1720,24,-4.673052
1720,25,-5.13449
1720,29,-4.337473
1720,31,-0.080748
1721,2,-3.615534
1721,5,-3.713679
1721,6,0.23941
1721,12,-6.03625
1721,19,1.875095
1721,24,-4.682296
1721,25,-5.347586
1721,29,-4.332921
1721,31,0.016201
1722,2,-3.64902
1722,5,-3.942864
1722,6,0.313913
1722,12,-6.17699
1722,19,1.867088
1722,24,-4.911187
1722,25,-5.36921
1722,29,-4.307586
1722,31,0.214873
1723,2,-3.675631
1723,5,-4.02207
1723,6,0.189762
1723,12,-6.123863
1723,19,1.651041
1723,24,-4.788408
1723,25,-5.233813
1723,29,-4.095579
1723,31,0.338102
1724,2,-3.967594
1724,5,-4.253101
1724,6,-0.103021
1724,12,-6.344026
1724,19,1.371078
1724,24,-4.692897
1724,25,-5.345141
1724,29,-4.021609
1724,31,0.407888
1725,2,-4.02247
1725,5,-4.380418
1725,6,-0.233085
1725,12,-6.333982
1725,19,1.144339
1725,24,-4.603952
1725,25,-5.231476
1725,29,-3.813825
1726,2,-4.184558
1726,5,-4.487951
1726,6,-0.387903
1726,12,-6.460246
1726,19,1.015382
1726,24,-4.552261
1726,25,-5.314793
1726,29,-3.80419
1726,31,0.567435
1727,2,-4.087764
1727,5,-4.494956
1727,6,-0.351487
1727,12,-6.34808
1727,19,0.956399
1727,24,-4.532642
1727,25,-5.160763
1727,29,-3.657835
1728,2,-3.739113
1728,5,-4.406066
1728,6,-0.168288
1728,12,-5.971634
1728,19,0.903729
1728,24,-4.489655
1728,25,-4.72914
1728,29,-3.315253
1729,2,-3.519987
1729,5,-4.392584
1729,6,-0.042932
1729,12,-5.749152
1729,19,0.85654
1729,24,-4.49523
1729,25,-4.445625
1729,29,-3.077092
1730,2,-3.313203
1730,5,-4.34067
1730,6,0.021268
1730,12,-5.489351
1730,19,0.756317
1730,24,-4.406984
1730,25,-4.137997
1730,29,-2.803774
1730,31,1.234738
1731,2,-3.273708
1731,5,-4.485165
1731,6,0.051087
1731,12,-5.4744
1731,24,-4.481293
1731,25,-4.011302
1731,29,-2.637479
1731,31,1.441345
1732,2,-3.190125
1732,5,-4.616691
1732,6,0.145774
1732,12,-5.446368
1732,24,-4.608723
1732,25,-3.879338
1732,29,-2.494523
1732,31,1.653552
1733,2,-3.206238
1733,5,-4.800844
1733,6,0.220059
1733,12,-5.556259
1733,19,0.616815
1733,24,-4.805084
1733,25,-3.892665
1733,29,-2.474724
1733,31,1.818917
1734,2,-3.241136
1734,5,-4.962801
1734,6,0.2735
1734,12,-5.673983
1734,24,-4.976406
1734,25,-3.932254
1734,29,-2.481079
1734,31,1.944979
1735,2,-3.155505
1735,5,-4.883126
1735,6,0.24875
1735,12,-5.516843
1735,24,-4.841648
1735,25,-3.779567
1735,29,-2.341293
1736,2,-3.009783
1736,5,-4.709395
1736,6,0.273266
1736,12,-5.299446
1736,24,-4.690693
1736,25,-3.618199
1736,29,-2.242281
1737,2,-2.982147
1737,5,-4.657672
1737,6,0.279617
1737,12,-5.257874
1737,19,0.553373
1737,24,-4.655654
1737,25,-3.601393
1737,29,-2.243745
1737,31,1.88306
1738,2,-2.714994
1738,5,-4.543139
1738,6,0.439142
1738,12,-4.980114
1738,24,-4.630629
1738,25,-3.319832
1738,29,-2.053428
1739,2,-2.346032
1739,5,-4.27684
1739,6,0.576296
1739,12,-4.513089
1739,19,0.552151
1739,24,-4.431902
1739,25,-2.896105
1739,29,-1.759701
1739,31,2.044036
1740,2,-2.148827
1740,5,-4.073917
1740,6,0.589466
1740,12,-4.205935
1740,19,0.490208
1740,24,-4.214109
1740,25,-2.635078
1740,29,-1.564479
1740,31,2.03022
