Epoch,Lat,Lon,Alt
121,37.42468721215006,-122.0911865668083,-26.374982505105436
122,37.42460767830583,-122.09110219864027,-26.666607113555074
123,37.42453508043713,-122.09102647350811,-23.8695902954787
124,37.424501315120324,-122.09092990477373,-25.205961355008185
125,37.424434437372966,-122.09084587909292,-29.25348938535899
126,37.42437436226916,-122.0907166015414,-31.239617847837508
127,37.42428844380221,-122.09062694862885,-32.141991765238345
128,37.424218814314564,-122.09059125579952,-30.657794530503452
129,37.4241525554648,-122.0905199947776,-28.116082961671054
130,37.42406566863437,-122.09044659409138,-25.31444642972201
131,37.423995357976594,-122.09039149949442,-23.77804552577436
132,37.42395767413344,-122.09036441582826,-26.24706969037652
133,37.42391914936131,-122.09032854893586,-25.909097977913916
134,37.423904784273894,-122.09032529958579,-25.430408560670912
135,37.423883841665244,-122.09030905707337,-24.371870541013777
136,37.423873059812735,-122.09030217227051,-24.3360129641369
137,37.423865484704564,-122.0902955104202,-25.780569818802178
138,37.423847353495496,-122.09029363232878,-25.882004966959357
139,37.423839584353324,-122.09030148778099,-25.617074553854764
140,37.423828144051804,-122.09032729789931,-26.495979698374867
141,37.42380237614796,-122.09037610515087,-27.728892971761525
142,37.42378613710178,-122.09042696699181,-29.662132889963686
143,37.423752729814,-122.09048648081847,-31.275210714899004
144,37.423713332626974,-122.09059831005814,-30.664406454190612
145,37.42366441261727,-122.09068247122491,-31.170847068540752
146,37.42360415095754,-122.09078701006142,-29.369566759094596
147,37.42353064074392,-122.0909197669825,-27.000995078124106
148,37.42344626414828,-122.09100506894129,-25.973487361334264
149,37.42336360432632,-122.09108198452265,-24.621904593892395
150,37.42328746749638,-122.09118816095226,-24.88695470523089
151,37.42318138724542,-122.09127471656703,-27.01368046551943
152,37.423084053643954,-122.09140783863788,-27.310654086060822
153,37.423004533274174,-122.09152027442676,-28.834913104772568
154,37.42293289740423,-122.0916403724538,-32.0940243024379
155,37.422890174166525,-122.09171497653998,-34.10046050976962
156,37.422830494233594,-122.09182879011954,-31.080150444060564
157,37.422786478206795,-122.09195532128977,-35.98108225129545
158,37.42270267490668,-122.09208191775299,-33.03987941797823
159,37.42266005429771,-122.0922144155962,-29.667466108687222
160,37.42262722447412,-122.09233496117399,-31.31034471653402
161,37.42253792883324,-122.09254107722138,-27.19389119092375
162,37.42248725106617,-122.09271541306542,-29.042917603626847
163,37.422424346274816,-122.09286852310291,-27.567626202479005
164,37.422391708561335,-122.09300328515732,-29.477491947822273
165,37.422354286899974,-122.09316337255652,-29.734875986352563
166,37.42232546032147,-122.09334978854032,-30.68327519763261
167,37.42232725893604,-122.09346173579961,-31.119912823662162
168,37.42233812886926,-122.09358065738398,-30.86248575989157
169,37.422379871835076,-122.09373077600459,-32.536173198372126
170,37.42242238694095,-122.09385485726399,-34.18578686285764
171,37.422486069658966,-122.09398161653542,-35.79592930525541
172,37.42255150410014,-122.09412851269549,-36.33634102065116
173,37.42262647550529,-122.09428660745517,-36.39615430496633
174,37.4226955334644,-122.09441871511233,-35.70407605264336
175,37.422789110097625,-122.09456313905167,-34.174067557789385
176,37.42289627538344,-122.09474423381707,-34.93345976900309
177,37.422983218507525,-122.09489777798679,-34.665980071760714
178,37.42308629282679,-122.09504900279885,-34.58205930702388
179,37.42324181473743,-122.0952451048799,-35.70115542691201
180,37.423341944675094,-122.09538800620238,-34.2778825154528
181,37.42348186641842,-122.0955787239185,-35.065428080037236
182,37.42358892083313,-122.09572931543603,-34.19655160140246
183,37.423721947888495,-122.09590844798262,-35.92494888417423
184,37.42385099537177,-122.09608289387423,-34.585987685248256
185,37.4240003871737,-122.09625784966585,-35.29099755268544
186,37.424138417391234,-122.09644497351081,-33.72426045499742
187,37.42429543701844,-122.09667077317809,-33.71672322321683
188,37.42444054786,-122.09687759485762,-33.46057541947812
189,37.42462100677281,-122.097118603638,-32.72058943659067
190,37.42477462842823,-122.0973141894392,-31.710152023471892
191,37.424926442505495,-122.0975075746683,-32.165753996931016
192,37.425070015691404,-122.0976723402655,-32.419852337799966
193,37.42522192152047,-122.09785431305986,-32.83658908307552
194,37.42537784363587,-122.09803961875632,-32.78253186214715
195,37.42557139933417,-122.09825856191033,-33.86037989798933
196,37.42574036670922,-122.09845285862913,-33.94409447349608
197,37.425907031567746,-122.09861906267443,-31.258378254249692
198,37.42607829988177,-122.09880251879191,-31.5383406188339
199,37.426234322971496,-122.098976851589,-32.43503703456372
200,37.426401721438694,-122.09914609567718,-32.64087102096528
201,37.426581624689035,-122.09932648451046,-31.717751190066338
202,37.426734761178764,-122.09950413533673,-32.53046369552612
203,37.42690939052612,-122.09968299459108,-32.22231907211244
204,37.42708792879805,-122.09987371446853,-30.95771883893758
205,37.4272636340424,-122.10006570312822,-32.90938936546445
206,37.42744348192783,-122.10024067337986,-32.45387120638043
207,37.42760599868022,-122.10041958726593,-32.76218113861978
208,37.42778285067668,-122.1006007491068,-31.75424828287214
209,37.427960645786754,-122.10078218949079,-31.211646553128958
210,37.42809109960577,-122.10093224807795,-30.99564473424107
211,37.42825757132649,-122.10110645397266,-30.096780258230865
212,37.428453454124565,-122.10131202340565,-29.28400673903525
213,37.42862911038432,-122.10149622175153,-28.72744996007532
214,37.42880152828226,-122.10167286012438,-27.92487419769168
215,37.428975691342416,-122.10185422736484,-28.15310188382864
216,37.42914465535867,-122.10202309245106,-29.573437708429992
217,37.42930423310704,-122.10218435025365,-30.914355324581265
218,37.42947340446743,-122.10237181945236,-30.954218493774533
219,37.42964710585249,-122.10254311425295,-29.83871973771602
220,37.42981839624553,-122.10271916680297,-30.120620337314904
221,37.4299750849733,-122.10287667659644,-28.567406200803816
222,37.43016030805289,-122.10308474326824,-29.46894337888807
223,37.430342397387356,-122.10327443402537,-30.583502602763474
224,37.4305092041828,-122.10344265689392,-30.824122676625848
225,37.430685449594634,-122.10363591877308,-30.9771302100271
226,37.4308420214163,-122.10382089257926,-31.46806606464088
227,37.431018698428865,-122.10400689306537,-29.90887583233416
228,37.43118985226572,-122.10418576591421,-29.450177422724664
229,37.431358758303155,-122.1043730781591,-29.184820659458637
230,37.431523872508286,-122.10454168963597,-30.968962007202208
231,37.43170924127802,-122.104735816557,-30.804594887420535
232,37.43189869692127,-122.10494242138407,-30.806083280593157
233,37.432080356009514,-122.10513891500214,-30.0452042510733
234,37.43222577068817,-122.1052958133387,-29.89905033726245
235,37.43240636956558,-122.10547513674435,-28.682451881468296
236,37.43258766399267,-122.10567123589286,-29.200226590037346
237,37.43277047662367,-122.10587231096822,-30.440372330136597
238,37.43298739010654,-122.10608139082052,-30.873997442424297
239,37.433226734616895,-122.10632913523678,-28.99111907184124
240,37.43342349356883,-122.10654949366523,-30.884046226739883
241,37.4336313083631,-122.1067591925936,-30.80318173021078
242,37.43383365749992,-122.1069471807177,-29.34927141945809
243,37.43401540025512,-122.10714351627745,-29.190004087984562
244,37.43418785033745,-122.10732340638745,-28.738454572856426
245,37.43436895382203,-122.10751697277834,-29.68769709020853
246,37.43454992082598,-122.10771310469481,-29.23424808960408
247,37.43473576442352,-122.10790823187581,-29.36100851558149
248,37.4349265328124,-122.10810308535572,-30.06388657912612
249,37.43512625227537,-122.1083163123132,-30.292350575327873
250,37.43531557851256,-122.10851917774608,-30.211547147482634
251,37.43550620758613,-122.10873600330495,-30.572639029473066
252,37.43570185412568,-122.10894673734852,-30.130396709777415
253,37.435907737742994,-122.1091530643107,-30.480649183504283
254,37.43610630821931,-122.1093497994319,-30.30358612909913
255,37.43630364862467,-122.10956458456675,-30.619803736917675
256,37.43651005825057,-122.10978380247366,-31.302578829228878
257,37.43667330238029,-122.10995104234463,-32.25480402261019
258,37.43686262051813,-122.11015069877229,-33.231609757989645
259,37.43709612497293,-122.1103926182801,-33.38044126983732
260,37.43732829430904,-122.1106268399766,-32.782729897648096
261,37.437533981524545,-122.11085068511366,-31.908309032209218
262,37.43774798276617,-122.1110706650969,-32.72840906213969
263,37.43795572424022,-122.1112951604788,-31.69132931251079
264,37.43815216564466,-122.11150463864294,-33.294396594166756
265,37.43836200319697,-122.11171636920696,-32.380943541415036
266,37.43856921325967,-122.11193444061946,-31.777608765289187
267,37.43877749397565,-122.1121390414483,-31.607750920578837
268,37.43898731534425,-122.11236200489962,-32.29539648536593
269,37.43914705597951,-122.11253649023033,-31.57861461304128
270,37.439361792271754,-122.11276761187285,-30.422909037210047
271,37.43957007644728,-122.11298850022435,-28.679342031478882
272,37.43977054746189,-122.11320475709884,-28.94339688681066
273,37.43993201691698,-122.1133619828381,-29.236065823584795
274,37.44011542721804,-122.11355340691647,-28.96185543946922
275,37.44031777980586,-122.1137715415628,-29.282192605547607
276,37.44053905999936,-122.11401578479315,-29.63036774750799
277,37.44076737277212,-122.11424745350767,-29.815547310747206
278,37.44095376201924,-122.11444917071331,-30.43792298529297
279,37.441147177634285,-122.11464400920282,-32.042461121454835
280,37.44133232820851,-122.11483410940143,-32.33448788244277
281,37.44150910036502,-122.1150234285716,-32.51970405224711
282,37.44167211333047,-122.11519311708768,-31.84154865704477
283,37.441847532853,-122.1153634632426,-32.81601365003735
284,37.442000021219485,-122.11552861301097,-32.845148800872266
285,37.442167733629276,-122.115704484371,-32.33192611299455
286,37.442312405677725,-122.1158646185448,-31.30190521478653
287,37.44249184313523,-122.11605555175757,-30.458367941901088
288,37.44263794872224,-122.1162076071481,-30.376948092132807
289,37.44283792904261,-122.11640286207849,-29.42730923462659
290,37.44302677736597,-122.11660019280701,-30.58225845731795
291,37.44318362324364,-122.11677482360166,-30.869323026388884
292,37.44335281130432,-122.11696014757501,-30.19810742419213
293,37.44350938483188,-122.11713133296445,-29.394041053019464
294,37.443677283044046,-122.1173099515259,-29.78729591332376
295,37.443830640265865,-122.11747204838782,-29.435517974197865
296,37.44400553614045,-122.117637710168,-29.988511189818382
297,37.444148852858774,-122.11779216822156,-30.398267787881196
298,37.44431865290014,-122.11797229956753,-30.241754663176835
299,37.444476278513605,-122.11814047429127,-30.421747929416597
300,37.444631871672364,-122.11830810598546,-30.372284189797938
301,37.444786798125655,-122.1184724363523,-30.76516012661159
302,37.444933138590976,-122.11862797007511,-29.887374160811305
303,37.44508472429764,-122.11879271895431,-29.82238594815135
304,37.4452390435384,-122.1189569376715,-30.636181315407157
305,37.44539442398725,-122.1191192106083,-31.03964462224394
306,37.44557030988512,-122.1192880031247,-29.799724924378097
307,37.445718300817845,-122.11945264019208,-30.820901564322412
308,37.44586288680084,-122.11960092516144,-29.45810683630407
309,37.446023253646906,-122.11975785838361,-29.06314572505653
310,37.44617524103115,-122.11991357235529,-29.65154058020562
311,37.446315669299466,-122.12006130230182,-30.75840323790908
312,37.44644557728938,-122.12020620319159,-30.478206804022193
313,37.44660401795743,-122.12035653408321,-31.16256451047957
314,37.446697022639164,-122.12044212306722,-30.268747000955045
315,37.446829038547854,-122.12059197149019,-28.755701268091798
316,37.44696271593207,-122.12073961174016,-31.597256775014102
317,37.447122215187925,-122.1209071665522,-32.66487202420831
318,37.447292651724496,-122.12107838153713,-33.58212258014828
319,37.447444167138386,-122.12125516635936,-32.93821459636092
320,37.447597929569056,-122.12140579582892,-31.31509895157069
321,37.447735730892745,-122.12154153604173,-31.565662532113492
322,37.447915745225494,-122.12172297089923,-31.656158024445176
323,37.448079827696915,-122.12189525730214,-31.520245742984116
324,37.44823618125305,-122.12205856976462,-32.0503846462816
325,37.44836424051714,-122.12218595798933,-30.988826647400856
326,37.4484959750721,-122.12233050991911,-30.76199582591653
327,37.448575564145116,-122.12242792928436,-31.499011881649494
328,37.4486936374618,-122.12257804788022,-31.73692729603499
329,37.448863637547944,-122.12275101789332,-31.839758610352874
330,37.44905024732011,-122.12293023079303,-31.80288563296199
331,37.449213176843415,-122.1231080938274,-30.695873758755624
332,37.449361375128575,-122.12326645354176,-30.25564289651811
333,37.44953219215397,-122.12343744257932,-30.983944819308817
334,37.44966635938375,-122.12358566677078,-28.62273583933711
335,37.44980859580868,-122.12373324566384,-30.310705428011715
336,37.44996265359699,-122.12390002122709,-30.164584481157362
337,37.450095940908646,-122.12404812622462,-30.555294419638813
338,37.45022280144055,-122.12418856899849,-30.014450933784246
339,37.45035996054843,-122.12433967614831,-30.643973012454808
340,37.450499934062,-122.12449252490445,-32.05725591536611
341,37.45063409406952,-122.12464369841967,-32.28680230490863
342,37.45077448301905,-122.12479744906454,-31.469440588727593
343,37.450891557618,-122.12492580242598,-31.893043062649667
344,37.45100316380711,-122.12504612176443,-31.484778604470193
345,37.451145010487345,-122.12521501959023,-31.8574006408453
346,37.45129616790224,-122.12538913900373,-32.008183372206986
347,37.45144299319869,-122.12555481842497,-32.79845220036805
348,37.4515841684807,-122.12574564089256,-31.40879454370588
349,37.45173430310554,-122.12593130094788,-29.390332009643316
350,37.45186305366442,-122.12611003695095,-30.452816676348448
351,37.4519972855712,-122.12628853104451,-30.55136680882424
352,37.45212506056724,-122.12648463832082,-30.805011759512126
353,37.45223807515453,-122.12666310576341,-30.376910186372697
354,37.45235175460923,-122.126842863113,-29.771877487190068
355,37.452478891724624,-122.12704109302506,-28.882384644821286
356,37.45259820028002,-122.12723918620797,-27.512511822395027
357,37.45270180919901,-122.12741517295487,-28.063397702760994
358,37.4528180641968,-122.1276112430695,-26.5566942486912
359,37.452942962654,-122.12781479336181,-25.511969482526183
360,37.45306201319574,-122.12802428805186,-26.178618490695953
361,37.4531741649206,-122.12820784506674,-27.436988992616534
362,37.453293933891196,-122.12840367998588,-25.965537765994668
363,37.453401133145604,-122.12859368128649,-26.334319807589054
364,37.45351394457993,-122.12877686079575,-26.152006660588086
365,37.45363316647013,-122.128979158243,-26.29402321204543
366,37.45375983188614,-122.12918243046485,-26.533710030838847
367,37.45386951049583,-122.1293579645941,-26.50509607885033
368,37.4539805882359,-122.1295510046802,-26.17412635218352
369,37.45409784575017,-122.12974532679544,-25.91027330607176
370,37.45419327040303,-122.12990184989002,-26.2965393550694
371,37.454291904364226,-122.13007892132376,-27.550467969849706
372,37.45440904050561,-122.13027884095577,-26.97649187222123
373,37.45451308244313,-122.1304640286621,-27.334407333284616
374,37.45463515983785,-122.13067169696697,-28.161253336817026
375,37.45474280308915,-122.13086301468252,-27.801394595764577
376,37.45486640005289,-122.13109490610917,-28.8649244280532
377,37.45498854656041,-122.13132232265882,-30.242659028619528
378,37.45511687033136,-122.1315272251269,-29.51122614648193
379,37.45523435874895,-122.131734164429,-29.355923141352832
380,37.4553410071332,-122.13190238263823,-30.52902509085834
381,37.45546758488618,-122.13211368826249,-30.541776947677135
382,37.455595966219136,-122.13233018541307,-30.405576176010072
383,37.45570240647938,-122.13251043212574,-30.12373905070126
384,37.455817494214635,-122.13272158936282,-29.343252514488995
385,37.45593059085825,-122.13291605033488,-29.16100554075092
386,37.45604288675393,-122.13310106392582,-28.95719389524311
387,37.456151870057276,-122.1332939289758,-28.487330223433673
388,37.456260349234284,-122.13347755990144,-28.380692521110177
389,37.456394778688576,-122.13371122941784,-28.707406390458345
390,37.45652608670616,-122.13393289756822,-29.658233457244933
391,37.45662933882555,-122.13411050897734,-28.984511715359986
392,37.45674361747366,-122.13430925686073,-25.488448101095855
393,37.456866871212085,-122.1345124541932,-27.461793367750943
394,37.456985852543085,-122.13469939184715,-26.10692591033876
395,37.457116514413734,-122.13492111756943,-27.31594019010663
396,37.457222691076076,-122.13508365708637,-27.966624699532986
397,37.45733234042608,-122.13528622436407,-28.326243814080954
398,37.45746307463361,-122.1355036578135,-28.47183921467513
399,37.457590964783,-122.13570722748989,-29.159261785447598
400,37.45771628346761,-122.1359254451155,-27.785588922910392
401,37.45783172381544,-122.13612389502775,-27.96396107878536
402,37.45795235970993,-122.13632048775561,-29.188121951185167
403,37.45806446518186,-122.13651305818603,-28.715007056482136
404,37.45816952032476,-122.13670051496507,-28.1960532637313
405,37.45829791424406,-122.13692552596775,-29.390793018974364
406,37.45843223960458,-122.13714863179027,-27.992570258677006
407,37.45855106594287,-122.13735171516646,-26.973473973572254
408,37.45866733178058,-122.13755634824525,-25.16570457816124
409,37.45879015575872,-122.13775706733158,-25.304873645305634
410,37.458898136577425,-122.13792246251953,-26.695197097957134
411,37.45901749329805,-122.13813248579184,-25.703137343749404
412,37.45912812064816,-122.13832823547699,-26.62745657004416
413,37.459258864235956,-122.1385435863623,-25.435165151022375
414,37.4593948567934,-122.13875630163218,-26.95449676644057
415,37.459516961459414,-122.13897404004726,-27.386250184848905
416,37.45961366488976,-122.13915176717542,-28.14352178853005
417,37.459729809317714,-122.13934661150525,-27.70237967837602
418,37.459851067710616,-122.13956754617473,-27.04936942923814
419,37.459966085729015,-122.13978958943298,-22.34482195135206
420,37.46009161374217,-122.14001326815362,-19.21228994615376
421,37.46019874362565,-122.14018954933319,-21.722375765442848
422,37.46029748831916,-122.14034698349077,-22.763415155932307
423,37.46041129132587,-122.14053867268882,-23.92963233590126
424,37.460468531233296,-122.14080857754544,-8.272156483493745
425,37.46060980177544,-122.14102808637804,-8.461397622711957
426,37.4607419680725,-122.14122178516324,-13.523312354460359
427,37.46088871048824,-122.1414440771574,-17.29460990615189
428,37.46101856533677,-122.14162637934572,-20.968943594954908
429,37.46114376586211,-122.1418224145599,-23.23502302635461
430,37.46125521927198,-122.14200906797765,-24.704690384678543
431,37.461367614742215,-122.14219048485715,-23.89338945504278
432,37.46147451109509,-122.14236340457138,-24.190389935858548
433,37.46159632913215,-122.14254036690737,-25.38403215724975
434,37.46171572862284,-122.14272416966594,-27.538589779287577
435,37.46180869934105,-122.14288211739853,-26.55029744654894
436,37.461927427632155,-122.14308367033802,-26.900547084398568
437,37.462034631387176,-122.14328949931776,-27.70932432822883
438,37.462149519642026,-122.14347911252894,-27.063255067914724
439,37.46226700628844,-122.14367222742449,-25.769874739460647
440,37.46238409600302,-122.14386727299234,-27.37636179663241
441,37.46251339081356,-122.14409390601155,-27.973729806020856
442,37.4626336063828,-122.144305816088,-26.535840647295117
443,37.462745203530574,-122.14449895702614,-26.408613982610404
444,37.462855800542435,-122.14468169774115,-27.450044204480946
445,37.462968782282545,-122.14487137814797,-28.56615213677287
446,37.46307496960966,-122.14505592146399,-28.91811304166913
447,37.46317926979577,-122.14524247793261,-28.930475958622992
448,37.46326620437855,-122.14540629338802,-27.916691190563142
449,37.463360336692155,-122.14557274420258,-27.501885771751404
450,37.46346072484119,-122.14573919069149,-27.251289854757488
451,37.46356165441634,-122.14591623132617,-26.882664255797863
452,37.46368826020496,-122.14613394028129,-26.313546270132065
453,37.46378455112169,-122.14628980148527,-25.94482338707894
454,37.46388076449629,-122.14645903669518,-26.127160536125302
455,37.46399861341177,-122.14665546956411,-26.445602637715638
456,37.46410094645243,-122.14686315070844,-26.896174067631364
457,37.46421823315567,-122.14704429968657,-26.239086609333754
458,37.46433322659194,-122.14722675068244,-24.394939090125263
459,37.464420976942876,-122.14738424280313,-24.518038901500404
460,37.464536018389786,-122.14757738104171,-24.901245607063174
461,37.464655584894636,-122.14776547450009,-24.666749239899218
462,37.46475897535488,-122.14793773224096,-25.347740129567683
463,37.46487192626401,-122.14813040010685,-26.12397826835513
464,37.464964557549656,-122.14829386752243,-25.24781816639006
465,37.46508734094249,-122.14849740546505,-25.560932497493923
466,37.4651853960872,-122.148677382339,-26.5187121424824
467,37.46529603234589,-122.14886077189207,-26.63628977537155
468,37.46541879003107,-122.14906919609928,-26.25542103499174
469,37.46550766399676,-122.14922205303482,-26.56583361607045
470,37.46563800861935,-122.14942552311369,-26.502372033894062
471,37.4657425903217,-122.1496049494346,-26.414335614070296
472,37.46585031836764,-122.14978906243071,-24.176901240833104
473,37.46594936654738,-122.14996737193239,-25.78207246493548
474,37.466058566088684,-122.15014331669055,-25.685891330242157
475,37.46615468515246,-122.15030780367199,-26.575899965129793
476,37.466255244090505,-122.15049057057364,-26.019512592814863
477,37.466367754398824,-122.1507177110235,-26.397439995780587
478,37.46649962537606,-122.15094549448229,-25.003572321496904
479,37.466638466827874,-122.15118823820505,-25.920332062989473
480,37.46675234849778,-122.15139703347029,-26.206949407234788
481,37.46688491184846,-122.15162111341355,-25.615060228854418
482,37.46701398614872,-122.15186312025392,-25.324386147782207
483,37.46714468297537,-122.15208566216617,-26.04857872053981
484,37.46727682549288,-122.15232276142764,-27.217968456447124
485,37.46741966599959,-122.1525529852511,-28.36064895335585
486,37.46755946355308,-122.15278810095889,-27.753609305247664
487,37.46769494854201,-122.15302787551795,-28.15628603938967
488,37.46783921023363,-122.1532772449583,-27.416301952674985
489,37.46798113514564,-122.15352270554811,-27.109803115017712
490,37.46812049531705,-122.15374577884663,-26.387773854658008
491,37.46825345815388,-122.15397419964184,-27.261434414424002
492,37.46838725715447,-122.15419484749681,-25.155985926277936
493,37.468512952517635,-122.15441557457264,-27.496371370740235
494,37.46856879129332,-122.154529147644,-28.2511027995497
495,37.468645919532825,-122.1546260989894,-32.82160467840731
496,37.46886893308407,-122.15501586327107,-32.197955038398504
497,37.469081827116405,-122.15533980628003,-32.54677399713546
498,37.4692255466616,-122.15560160059356,-30.14483537338674
499,37.46937354808989,-122.1558488885203,-29.784788557328284
500,37.4695111418318,-122.15609368486088,-29.74316838476807
501,37.46965057864211,-122.1563291422247,-30.40219685435295
502,37.46976199244328,-122.15653105683529,-28.48563996795565
503,37.469884179043035,-122.15673312039664,-27.47796314302832
504,37.470007082549145,-122.15693912487656,-29.020844098180532
505,37.470126561841894,-122.15714712031789,-29.66866142768413
506,37.470271816616005,-122.15740815683517,-29.328508265316486
507,37.47040756944995,-122.15764554398469,-28.735062486492097
508,37.470548381975135,-122.15788751496241,-27.165358168073
509,37.47069378358338,-122.1581289144954,-26.024838706478477
510,37.47083478643405,-122.15837261569939,-26.230499449186027
511,37.47100759129073,-122.15866172864979,-28.41380147729069
512,37.47115422537405,-122.15891244574175,-28.568543212488294
513,37.47129555597693,-122.15917951325855,-27.51461318600923
514,37.47143014601692,-122.1593944938429,-28.069886743091047
515,37.471574996887675,-122.15964099387953,-28.10646305885166
516,37.47171682938541,-122.1598799029311,-27.66975950449705
517,37.471877168814444,-122.16014018372721,-27.810689229518175
518,37.47202703756149,-122.16038842696715,-26.768583024851978
519,37.47217135685804,-122.16063700238308,-25.858800212852657
520,37.47233386915573,-122.16092227740354,-25.95229254104197
521,37.472476560426536,-122.16116385274236,-26.33034780435264
522,37.47263258983934,-122.1614299824156,-27.988862926140428
523,37.4727739357251,-122.16167697082152,-25.841483416967094
524,37.472913664373436,-122.16192031584367,-27.236583791673183
525,37.473079125556914,-122.16219198476443,-27.852149246260524
526,37.473246357505786,-122.16245809639496,-28.754812590777874
527,37.47340281030622,-122.1627302479309,-29.186208004131913
528,37.47351509909906,-122.16292279455313,-29.072626013308764
529,37.47367949024481,-122.16322341625853,-27.985999883152544
530,37.4738231386523,-122.1634839595511,-27.45908921957016
531,37.47399629251077,-122.16377927493212,-29.13681662082672
532,37.474165051846235,-122.16405156040373,-27.84414994250983
533,37.47428606819654,-122.16425172145019,-27.76315636187792
534,37.47442789479357,-122.16450703012424,-27.341380387544632
535,37.47458603306995,-122.16477143874309,-26.938012804836035
536,37.47476431718245,-122.16509059376305,-26.15008275024593
537,37.47490695309147,-122.16533428526607,-26.634142631664872
538,37.47516284529812,-122.16575460990532,-24.17279962822795
539,37.4753002750861,-122.16599484972853,-24.466943982988596
540,37.47547531365637,-122.16629860435903,-27.122367183677852
541,37.47561854844009,-122.16654343559837,-26.696803404018283
542,37.47571242771561,-122.16671321774955,-26.97621429990977
543,37.47590848667905,-122.16705284090143,-26.76101136766374
544,37.47606019400331,-122.16729868451714,-26.297384367324412
545,37.476199121920864,-122.16752218452531,-27.307691677473485
546,37.47631588854675,-122.16771446474856,-27.493123847991228
547,37.476458517870924,-122.16797000666726,-27.98315517231822
548,37.47668236011304,-122.16833246527655,-26.81506992317736
549,37.4767914351827,-122.16851761671474,-26.527297866530716
550,37.47696580547556,-122.16881271942853,-27.85878350958228
551,37.47709159266709,-122.16901673740136,-28.00887647457421
552,37.4772655558186,-122.16931238944053,-28.037707814015448
553,37.4774241165843,-122.1695794360629,-29.985124880447984
554,37.47755773110718,-122.16980676612962,-28.452444611117244
555,37.47769226547785,-122.17007167562532,-27.669104455970228
556,37.47785211040582,-122.1703186516963,-28.925154922530055
557,37.478018579957464,-122.17061115534997,-28.589102043770254
558,37.47818192917089,-122.17087852738771,-29.90466943476349
559,37.47834940583207,-122.17116640565341,-30.003165134228766
560,37.4785264503332,-122.17146558247302,-31.470762389712036
561,37.47871088859042,-122.1717675772294,-30.506531464867294
562,37.478858743296904,-122.17203271683267,-32.542543889954686
563,37.478975515511216,-122.1722159824153,-33.66786919999868
564,37.47911891576356,-122.17245744361377,-32.59190822672099
565,37.47932365234679,-122.17280656061965,-29.456017182208598
566,37.47948775129492,-122.17308484493401,-30.014602578245103
567,37.47961334702954,-122.17331583932152,-30.16146030742675
568,37.47976314377337,-122.1735614764265,-30.071930854581296
569,37.479831308579975,-122.17367853353285,-30.61086534895003
570,37.48000754733157,-122.17397895198344,-29.321037246845663
571,37.480103311190895,-122.17414469659847,-29.355876638554037
572,37.480260612268765,-122.17443124778707,-29.008579513058066
573,37.48042719518818,-122.17471539410157,-31.09661064017564
574,37.48052827969783,-122.17489247444354,-31.011746051721275
575,37.48071704411157,-122.17522403794919,-28.889924433082342
576,37.48084288344602,-122.17544605129456,-28.22373533900827
577,37.480960898184016,-122.17564636299655,-28.01824949774891
578,37.48116161820156,-122.17598225997294,-25.79449723754078
579,37.481333268213206,-122.17628793683913,-26.038520004600286
580,37.48149138611271,-122.17655397688112,-27.87295758444816
581,37.48163820674827,-122.17680200967922,-27.737642735242844
582,37.48177086752667,-122.17702989574988,-27.098547825589776
583,37.48191361327973,-122.17729189788841,-26.52882219851017
584,37.482022454598535,-122.17748336884209,-27.361172081902623
585,37.48215487985841,-122.17775526362772,-24.13134142383933
586,37.4822896911048,-122.17800802091753,-26.42032039631158
587,37.48240530434765,-122.17822421035754,-26.606247978284955
588,37.48257094221836,-122.17850219683532,-25.049864954315126
589,37.48271032261957,-122.17882526986263,-26.056043800897896
590,37.48285466450633,-122.17916388267184,-27.739855687133968
591,37.48299239219858,-122.17948012037564,-28.88037534058094
592,37.483102561131766,-122.17975097383967,-29.40889023244381
593,37.48314707254999,-122.17989099015037,-27.731375657022
594,37.48327809124056,-122.18020195851774,-30.182810383848846
595,37.48341991557664,-122.18057821665649,-31.094382270239294
596,37.48350267448141,-122.1807919863693,-30.552886417135596
597,37.4836310982745,-122.18115582551627,-28.924050768837333
598,37.483753421528796,-122.18149097052888,-29.344312117435038
599,37.48384950737625,-122.18179111355218,-29.320133081637323
600,37.48394457466468,-122.18207563995577,-28.16595439054072
601,37.48402807156624,-122.1823426092361,-28.90274512860924
602,37.48411203191748,-122.18260107220782,-28.66042501386255
603,37.484183266049065,-122.18286045719348,-29.632845322601497
604,37.484251907687906,-122.18310624183012,-30.319598372094333
605,37.484344328424264,-122.18338558665528,-31.607673889026046
606,37.484450668184344,-122.18374729065549,-31.553272766061127
607,37.48452320829871,-122.18407492790261,-32.91888774558902
608,37.48460558207315,-122.1843705758087,-32.528209429234266
609,37.48469596996133,-122.18472360470544,-31.483969184570014
610,37.48478351155553,-122.18503607864295,-32.962420931085944
611,37.48485076174583,-122.18531162414463,-31.725006154738367
612,37.48491741015885,-122.18561122207691,-30.867466613650322
613,37.48497591855302,-122.18586302240078,-30.73731774557382
614,37.48503617892527,-122.18614484840464,-30.382801332511008
615,37.48512494475734,-122.18650949268806,-28.79750758316368
616,37.48519589833571,-122.18684012068557,-28.968042731285095
617,37.485239006602725,-122.18706139833672,-28.185818372294307
618,37.485291754194165,-122.18735120289885,-29.836108756251633
619,37.48534266914842,-122.18773130230085,-31.93315376061946
620,37.4854141073085,-122.18821846405142,-30.759671783074737
621,37.48544802269673,-122.1885104222559,-31.51880614645779
622,37.48550543220551,-122.1888117471164,-32.76320522278547
623,37.48553171607213,-122.18907265012803,-32.09404117055237
624,37.48557404954281,-122.18939062983813,-31.851123437285423
625,37.485624469318964,-122.18971495837219,-31.742482381872833
626,37.485648618122354,-122.18992430645524,-32.13609794341028
627,37.48567564805416,-122.19016581650683,-31.663478648290038
628,37.48570188060092,-122.19040590988162,-32.515866342931986
629,37.485757922899204,-122.1908358264438,-33.79434584919363
630,37.485813090289206,-122.19123295598276,-33.416388016194105
631,37.48584545335635,-122.19153272235904,-32.712873212993145
632,37.48589456910912,-122.1919525036438,-31.889044512063265
633,37.485940994012026,-122.19228997219093,-30.16947467904538
634,37.48599127693257,-122.19259061356665,-31.389684344641864
635,37.48605303903177,-122.19309379394248,-32.86910969298333
636,37.48608649918413,-122.1933206492407,-33.274557864293456
637,37.486111006398026,-122.19359919434882,-33.33764525875449
638,37.486141985273676,-122.1938994030643,-32.71666607540101
639,37.486168096594746,-122.19410735216154,-33.248690366744995
640,37.486203406897594,-122.1943470738712,-30.824760959483683
641,37.48624227450121,-122.19463734100042,-33.26641449332237
642,37.486274319422336,-122.19495706830355,-33.155689515173435
643,37.48631783287418,-122.19527805558346,-33.29519199486822
644,37.486376833911685,-122.1956981290939,-33.1100014494732
645,37.48641177852878,-122.19602752618668,-32.975878610275686
646,37.48646824111955,-122.19643042648588,-32.633162112906575
647,37.486535430030486,-122.19688553899138,-33.54445080459118
648,37.48656907170956,-122.19718093100688,-30.472655571997166
649,37.48660736619809,-122.19748132181687,-30.150100364349782
650,37.486639404616064,-122.19773215739288,-29.88032479211688
651,37.48668881888233,-122.19811777701648,-30.36915149539709
652,37.48673912057638,-122.19846245811155,-31.386575661599636
653,37.48678111510945,-122.19875676754786,-31.5432849843055
654,37.48680843958091,-122.19904809138696,-31.524600642733276
655,37.486842862588894,-122.1993156135205,-31.797697400674224
656,37.486880080923456,-122.19960875796583,-31.799659145995975
657,37.48689589687266,-122.19986804957041,-30.41784123610705
658,37.486922451357515,-122.20019113333639,-27.357959172688425
659,37.486959424281736,-122.2004704432702,-27.38377631828189
660,37.48698121289519,-122.20075852191034,-25.194095463491976
661,37.48703339359494,-122.20113300127106,-24.258763754740357
662,37.48706360626358,-122.20139798643925,-25.480155043303967
663,37.487107385354044,-122.2016781911127,-24.766590549610555
664,37.48712990557854,-122.20200974433597,-21.843735911883414
665,37.48721066067519,-122.20249244879412,-26.0352697474882
666,37.48724436318556,-122.20273185635149,-29.248910693451762
667,37.48726403894901,-122.20292972043603,-29.135348330251873
668,37.487309038991434,-122.20318401105861,-29.293322711251676
669,37.48733974533956,-122.20345068984588,-30.29707889817655
670,37.487368351253664,-122.20377076432545,-30.329819345846772
671,37.48740275446154,-122.20404389812141,-30.69065628759563
672,37.487447050343484,-122.20437046483497,-32.341292606666684
673,37.48749027722632,-122.20464727571733,-31.350991677492857
674,37.48752732270977,-122.20494712773069,-30.970958490855992
675,37.48755778651377,-122.20520180039217,-31.1513940859586
676,37.48758949359887,-122.20545412555478,-32.53665657155216
677,37.48762155074545,-122.20578911888717,-32.42159008141607
678,37.487651678063635,-122.20619371185741,-32.06712379772216
679,37.48771079248001,-122.20651316147823,-30.638509117998183
680,37.487754862218864,-122.2067544948613,-30.49263246078044
681,37.487803897513444,-122.20702395454762,-30.630440274253488
682,37.487828258339476,-122.20723768181227,-30.715146313421428
683,37.48785379369795,-122.20748093713715,-29.74890447128564
684,37.487875755601635,-122.20768229360932,-29.38896686863154
685,37.4879151468516,-122.20795527757015,-27.94523217063397
686,37.48795978848388,-122.20825455975027,-28.120414562523365
687,37.48801750334085,-122.208586383831,-27.12699849717319
688,37.488086230257295,-122.20891269905256,-25.560302147641778
689,37.48814908208749,-122.20926523056856,-25.425489466637373
690,37.48819221256233,-122.20953464755887,-24.97202895861119
691,37.488249804027134,-122.20979384443984,-26.153269414789975
692,37.4883308035281,-122.21008201219587,-25.789583144709468
693,37.48839230210399,-122.21033863310824,-25.351763177663088
694,37.48846574690681,-122.21060001890515,-27.021361167542636
695,37.48853219886848,-122.21089397465684,-28.10987712163478
696,37.48860533733417,-122.21118220900728,-29.660779686644673
697,37.488664331736665,-122.21147151896056,-28.98891967255622
698,37.48874852520007,-122.21178579021525,-28.560078646056354
699,37.48881992705452,-122.21209305735559,-29.88960402738303
700,37.48891218751139,-122.21239570740677,-29.390686884522438
701,37.489016342503994,-122.21269184032924,-28.67375901993364
702,37.48908510507368,-122.2129278661712,-28.576863360591233
703,37.489174420207775,-122.21317868983142,-28.247071131132543
704,37.489251087892015,-122.21341903871851,-27.892509002238512
705,37.48932587429129,-122.21365319157883,-28.65349089447409
706,37.48939707630585,-122.21389116658746,-27.905173393897712
707,37.48945617855009,-122.21410264719536,-27.92964486964047
708,37.48952751604052,-122.2143169915841,-28.352066768333316
709,37.48962189887373,-122.21456273980554,-28.157946907915175
710,37.489750561556036,-122.21490295721243,-27.51821562461555
711,37.48986025480477,-122.21520450116155,-27.840353013947606
712,37.48994211706243,-122.21543353620272,-27.082935888320208
713,37.490047622661734,-122.2156888379747,-28.991207185201347
714,37.49014631282429,-122.21593897979376,-28.50373898167163
715,37.49024664977397,-122.21618148231516,-29.45720423478633
716,37.490353299986744,-122.2164086021517,-29.354418545030057
717,37.49044558135564,-122.21664452925259,-28.86277839820832
718,37.4905662808869,-122.21695541461685,-29.26289062667638
719,37.490683468566,-122.21723109336307,-28.912476716563106
720,37.490830355455365,-122.21754717016395,-29.681714521721005
721,37.49092501506172,-122.21778176515534,-31.39417326170951
722,37.49103987626976,-122.2180693489232,-31.03843260742724
723,37.4911555210434,-122.2183179545334,-29.77572016324848
724,37.49124541158511,-122.21852070054202,-29.61118593160063
725,37.49132894419977,-122.21870889904572,-28.942715077660978
726,37.491468656915075,-122.21902081653352,-29.10851646307856
727,37.49158537015899,-122.21927720990053,-30.76336681190878
728,37.49166717917106,-122.21945610941309,-31.50892671942711
729,37.491791624029155,-122.21972637691722,-32.342198019847274
730,37.49186538895112,-122.21988369523831,-31.924636541865766
731,37.49206360178433,-122.22029819125285,-31.74983533564955
732,37.49216890319871,-122.22054105075716,-32.502558895386755
733,37.49226827129973,-122.2207588541957,-32.77246955502778
734,37.49235735691884,-122.22097417287547,-32.922973085194826
735,37.49248438186407,-122.22125815615247,-34.310031845234334
736,37.492605660263415,-122.22154658559998,-33.660523801110685
737,37.49272544046787,-122.22182782382262,-33.323194979690015
738,37.49284292171233,-122.22209978535344,-32.97035990096629
739,37.49295189846273,-122.22234185987267,-33.89202951733023
740,37.493097594548345,-122.22265201480302,-34.75450029503554
741,37.4932048455227,-122.22291061505469,-33.48165137600154
742,37.49331069104274,-122.22315649936422,-34.51582957804203
743,37.49342997883336,-122.22343499326843,-33.498818069696426
744,37.49356160486093,-122.22374011693445,-34.103408336639404
745,37.49367976316988,-122.22402263250383,-34.205749589018524
746,37.49378625688115,-122.22428085595297,-32.6074602175504
747,37.49387948012992,-122.2245452534835,-30.727090843953192
748,37.49397158359458,-122.22481061474672,-30.56071025505662
749,37.49407258987929,-122.22507048968438,-30.58748215995729
750,37.49415978198232,-122.22532760340415,-30.62438782211393
751,37.494251509677355,-122.2255829473988,-30.703301448374987
752,37.49434039433075,-122.22584813891812,-32.26331900805235
753,37.49441649304507,-122.22608736381342,-32.44718800205737
754,37.49450519583287,-122.22636369501694,-31.794992209412158
755,37.4945889106434,-122.22662552617348,-30.507707433775067
756,37.49468924181268,-122.22690355484718,-29.283350193873048
757,37.49476399085438,-122.2271770205639,-30.526771078817546
758,37.49484034384074,-122.22745679176636,-31.4300826061517
759,37.49492412251561,-122.22773068860948,-32.16218901332468
760,37.49499746981599,-122.22799139796062,-32.70577820390463
761,37.4950552834799,-122.228248589614,-32.63187489658594
762,37.495138449991686,-122.2285089609927,-32.75551119167358
763,37.49522505008281,-122.22878244633169,-33.46989959385246
764,37.49529492949065,-122.22908356220013,-32.46963278297335
765,37.495360592850204,-122.22938712940379,-32.392407435923815
766,37.49544855851824,-122.22966852842004,-31.261414974927902
767,37.49554133513332,-122.22996221436277,-30.40970390290022
768,37.49563043203961,-122.23024021809232,-31.375456779263914
769,37.49571638675028,-122.23055166940213,-31.69857872929424
770,37.49582625262873,-122.23085746184118,-29.840371733531356
771,37.495879426241025,-122.23114118685486,-32.25617289170623
772,37.49596269996322,-122.23142101459673,-30.3357179928571
773,37.49604116558171,-122.23165373188927,-29.89477530773729
774,37.49611898506966,-122.2319130845732,-30.392074120230973
775,37.49618153109054,-122.23213190528799,-29.749298874288797
776,37.49624102721965,-122.23236467121379,-30.495191886089742
777,37.49631559814797,-122.232671682944,-32.941509092226624
778,37.496414782166255,-122.2329821689012,-31.722243996337056
779,37.49649599579672,-122.23322538053272,-31.840614430606365
780,37.49659239629952,-122.2335124994313,-31.67942331265658
781,37.49667344684719,-122.23380325007176,-32.5958089902997
782,37.49674878260482,-122.23406650543882,-32.20554680004716
783,37.496836014123716,-122.23434315370153,-32.09895861707628
784,37.49689034179672,-122.23454875922023,-32.468623489141464
785,37.496953211025414,-122.23477939314823,-32.511021298356354
786,37.49703223575599,-122.23504545134692,-32.73343073576689
787,37.49712882843157,-122.23533135894164,-32.484582643955946
788,37.49720641630847,-122.2355881910321,-33.68237293045968
789,37.49730338271521,-122.23585428385148,-34.710250983946025
790,37.49741388482588,-122.23612541069001,-32.758983486332
791,37.49752381316346,-122.23639470491027,-33.51246236823499
792,37.497627360554375,-122.23661998682306,-33.63579367194325
793,37.49774501481652,-122.23685632458545,-32.93975639063865
794,37.49787797330597,-122.23715802773692,-33.66304960567504
795,37.49801086905711,-122.23740907629038,-33.63517951685935
796,37.498153719099214,-122.23768756894627,-33.33443405292928
797,37.49828255161353,-122.23790743913789,-34.2842185003683
798,37.49841791867407,-122.23813326158376,-34.05854240246117
799,37.49856512917117,-122.23835677637099,-33.1809407370165
800,37.498717715534596,-122.23859450562999,-33.24018052779138
801,37.498846312518225,-122.23877415411275,-34.45906534511596
802,37.49900842091316,-122.23899491978929,-34.216456377878785
803,37.499158031689475,-122.23919789820889,-31.15813671797514
804,37.49932289114627,-122.23940235496863,-30.87573825288564
805,37.499499544153224,-122.23960265439786,-32.2170783393085
806,37.49969525329553,-122.23982471658023,-32.198423403315246
807,37.49986667591699,-122.24002027375371,-32.341535528190434
808,37.50005145673249,-122.24025278848279,-34.732265857979655
809,37.500237504401,-122.24046865711017,-35.72651403397322
810,37.500420120453775,-122.24066709271266,-35.964569825679064
811,37.50062291195236,-122.24088540423332,-37.67986997868866
812,37.5008113516761,-122.24109653046789,-37.685989402234554
813,37.500979824258145,-122.24129590248971,-37.81088535580784
814,37.50114972552837,-122.24148791771779,-37.99875898472965
815,37.50131254904399,-122.24168550394953,-37.354322222061455
816,37.50151007102294,-122.24189984335874,-35.454308178275824
817,37.50168983656299,-122.24210864550855,-35.471391873434186
818,37.501872089837086,-122.24231622054252,-35.20893475599587
819,37.5020885464893,-122.24256879447412,-34.023459690622985
820,37.50228051308913,-122.24278318925028,-34.27458448149264
821,37.5024296522405,-122.24295753790784,-34.55046384036541
822,37.50259290680252,-122.24313636467566,-34.94798259343952
823,37.502759218061996,-122.24334613130046,-35.44337860774249
824,37.502946301299055,-122.2435487130673,-35.42579360026866
825,37.503144782185686,-122.24376924271984,-35.27553517743945
826,37.5033383424949,-122.24397779764134,-34.69243387784809
827,37.50350784483778,-122.24417810213284,-35.4847715459764
828,37.50371630427427,-122.24440868072627,-34.98167406953871
829,37.50391709008257,-122.24462677772172,-34.28825880866498
830,37.50409698936621,-122.24484965860289,-33.99548177048564
831,37.504290630066066,-122.24508243300002,-33.60681760497391
832,37.504473672134054,-122.24528711892256,-34.327051975764334
833,37.50466055203764,-122.24549063754667,-34.491889358498156
834,37.50487407606636,-122.24573093826504,-34.60890531539917
835,37.50505857233605,-122.24594369955551,-34.71479496639222
836,37.50521034864227,-122.24611263419729,-33.77188105508685
837,37.505368551695604,-122.24629693966494,-34.47093021031469
838,37.50556931354512,-122.24651468102378,-32.65228823013604
839,37.50575642795304,-122.24674562469062,-32.457405883818865
840,37.50595250885031,-122.24694115121488,-31.907437882386148
841,37.50613262393866,-122.24713999069132,-32.51315908040851
842,37.506309798455966,-122.24733525153717,-31.7700703330338
843,37.506513970561564,-122.24757928384147,-30.837504044175148
844,37.50672667102048,-122.24781577452048,-31.49669376388192
845,37.50693107879717,-122.2480670627986,-33.06954735610634
846,37.50713264447368,-122.24827212064021,-33.04976443666965
847,37.507299513715765,-122.24845745453872,-33.476660111919045
848,37.50747023285917,-122.24866022229352,-34.38429195340723
849,37.50766138094365,-122.24888189058372,-34.50197693053633
850,37.50784311343297,-122.24909390430867,-34.73778754286468
851,37.50803608976486,-122.24929563752276,-35.30828671250492
852,37.50821483267304,-122.249496361531,-35.6450535422191
853,37.508393100268016,-122.2496966983698,-35.82537779863924
854,37.508598520660556,-122.24993833864995,-34.94922943878919
855,37.50880562094955,-122.25016779200055,-34.20029609557241
856,37.50898456345087,-122.25037126459462,-34.757895320653915
857,37.50918343271738,-122.25059354524743,-34.31820087414235
858,37.50936575094369,-122.25080939725838,-34.01806937530637
859,37.50955956938878,-122.25102507610626,-33.7556479126215
860,37.50973909321479,-122.2512208135072,-32.48554529901594
861,37.5099225281859,-122.25142910892352,-33.443853572010994
862,37.51010085411229,-122.25163208572347,-33.41450594551861
863,37.510295177555236,-122.25186891445215,-34.555922207422554
864,37.51049731414851,-122.25208943678369,-35.06980734877288
865,37.51069043098685,-122.25229784577039,-34.530724675394595
866,37.51089138351423,-122.25251313701024,-34.14726087078452
867,37.51107376613506,-122.25273811044127,-34.45734269358218
868,37.51125567942444,-122.2529367647773,-34.11314161401242
869,37.51140962146754,-122.253120552875,-34.68154026195407
870,37.51159478798605,-122.25332413148708,-34.343049365095794
871,37.5117794672507,-122.25354394321984,-35.19689579308033
872,37.511963429715344,-122.25374635327236,-35.51382455136627
873,37.512119960451905,-122.2539264845764,-35.070425004698336
874,37.5122932500497,-122.25412199458349,-35.116998041048646
875,37.51249436828994,-122.25436636598799,-35.81670439615846
876,37.512708820430866,-122.2545876493423,-34.31250955443829
877,37.512877897581255,-122.25477893158515,-33.583755482919514
878,37.513039974246766,-122.25496926863818,-33.06566628906876
879,37.513213560608726,-122.25515490934517,-32.89884190727025
880,37.5134014900847,-122.25535634013188,-33.0731067834422
881,37.51352894740556,-122.2554802003803,-32.77766201738268
882,37.51373473161132,-122.25574031143857,-32.588110130280256
883,37.513937323969465,-122.25598510837021,-32.844376128166914
884,37.51415384750003,-122.25623506593296,-32.56966885365546
885,37.51436534679103,-122.25648501931894,-34.77940327115357
886,37.514560160240826,-122.2567024329922,-34.63902630470693
887,37.5147293063792,-122.25690908425892,-36.03421789314598
888,37.51490784269302,-122.2571230294767,-35.87685219477862
889,37.51509270713837,-122.25731123713463,-35.54197576083243
890,37.515264645544725,-122.25751637177478,-36.52072133496404
891,37.515458181177706,-122.25774069247578,-37.63319483026862
892,37.51564662184914,-122.2579548745469,-37.109914367087185
893,37.51585298837025,-122.2581757921021,-35.85472823493183
894,37.51603053709761,-122.25836903120174,-35.40231300983578
895,37.516219968166894,-122.25858006980118,-34.55392528139055
896,37.51639406692242,-122.25878284366337,-34.080922508612275
897,37.51657095331084,-122.25897939532256,-33.54777767229825
898,37.51675849033042,-122.25919942510242,-33.34023700747639
899,37.51694831013976,-122.25941018154965,-34.915554319508374
900,37.51712289100341,-122.25960716197372,-34.43561422266066
901,37.51730662583301,-122.25980595053568,-34.95372631121427
902,37.51749000098587,-122.2600151970212,-35.69152138847858
903,37.5176738701729,-122.26022749754206,-35.811369771137834
904,37.51784973324383,-122.26042088013155,-34.94308835826814
905,37.51803176350741,-122.26062880204437,-34.31927152257413
906,37.51823145676176,-122.2608486325728,-33.38375589624047
907,37.51841377516137,-122.26104824216807,-33.3286183970049
908,37.51860193084023,-122.2612603364545,-33.34226231183857
909,37.518773676113184,-122.26146013043805,-32.928480710834265
910,37.51892363167883,-122.2616313253473,-33.01775924023241
911,37.519103071205755,-122.26183263655565,-33.45812416728586
912,37.51927650393208,-122.26202997150276,-33.442278617993
913,37.519460179046355,-122.26224278943265,-31.212346090003848
914,37.519656038368716,-122.26246110682253,-29.512551875784993
915,37.51982453448311,-122.26268356005593,-29.901547738350928
916,37.520026322972654,-122.26291109108749,-31.38772162143141
917,37.520195935710156,-122.2631017122014,-31.29395943507552
918,37.52038243389373,-122.2633049962364,-31.339897595345974
919,37.520554939352586,-122.26350541435116,-32.590411053970456
920,37.52075284992292,-122.26373021325107,-33.77307211048901
921,37.520935600270185,-122.26393500665799,-32.83847762271762
922,37.52111688384243,-122.26413041538613,-32.90342650748789
923,37.521275858921086,-122.26431330114225,-33.62657479476184
924,37.521437578274636,-122.2645021210492,-34.26787167787552
925,37.52163336519748,-122.2647102496523,-34.38969822973013
926,37.52182107688796,-122.26491660290294,-34.228840633295476
927,37.52198750474289,-122.2651004188881,-33.054783375002444
928,37.52217961285041,-122.26531860239163,-33.64494273904711
929,37.52237244566935,-122.26553010028708,-33.39646574947983
930,37.52256261285033,-122.26573172415752,-33.96664876397699
931,37.522743142247734,-122.2659450650613,-34.92011623457074
932,37.52291772439333,-122.26615143020345,-35.60205541178584
933,37.52308639045221,-122.26634213819626,-35.40395850967616
934,37.5232521095491,-122.2665476426231,-36.56131816189736
935,37.52344731153835,-122.26675330209629,-36.601562509313226
936,37.52361077186972,-122.26694681664306,-36.31865649204701
937,37.523785803979635,-122.26714637865858,-34.76534676272422
938,37.523981243598,-122.26737383923525,-34.384513134136796
939,37.5241516002049,-122.26758434555481,-34.01791654061526
940,37.524354056150315,-122.26780015571892,-34.5846281517297
941,37.52449754605023,-122.26796596368885,-34.43612337484956
942,37.52469639684904,-122.26818459664453,-33.89610291831195
943,37.52487309523478,-122.2683813128609,-34.73214185331017
944,37.52506021817306,-122.26858728863036,-34.59310306236148
945,37.525227281906545,-122.26878516570879,-33.86925511434674
946,37.52541287629851,-122.26898453711786,-35.13834772258997
947,37.52558301826926,-122.2691879768694,-35.429017789661884
948,37.525769991483216,-122.26938591939206,-34.613248247653246
949,37.52588485057559,-122.26950506532776,-34.598364882171154
950,37.5260645446082,-122.269688881882,-35.32121071405709
951,37.5262795900098,-122.26993682438311,-34.40999279264361
952,37.526459649001346,-122.27015846324615,-35.09062875062227
953,37.52664699294495,-122.27037015656903,-34.46920247096568
954,37.52681121424012,-122.2705603784975,-32.85592402983457
955,37.52701756378524,-122.27080178010644,-33.25604138057679
956,37.52718965520183,-122.27098981201945,-33.6852337224409
957,37.527368940251044,-122.27119072432467,-33.69545132294297
958,37.52752245208529,-122.27136037964407,-33.48211309686303
959,37.52767019243495,-122.27152980269165,-32.81696066725999
960,37.52782974248946,-122.27169586731048,-33.77177636325359
961,37.527985171419196,-122.27186828309846,-33.07387207169086
962,37.52818050708742,-122.27206991130414,-31.84249894786626
963,37.52838374032257,-122.27229807885016,-32.85605360008776
964,37.52856872777027,-122.2725234528206,-35.2601687759161
965,37.528734543364514,-122.27272055466194,-35.17778812535107
966,37.528913943612736,-122.27291589520577,-34.413145493716
967,37.529091090911734,-122.2731270278765,-34.36404500436038
968,37.52926223653953,-122.27332798792263,-34.50599674601108
969,37.529424371655466,-122.27353395670879,-33.477108052931726
970,37.52960182099257,-122.2737304221684,-33.51863138191402
971,37.52978308809093,-122.27392686998712,-34.555031541734934
972,37.529976946387414,-122.274124390176,-33.82868552021682
973,37.53017075622098,-122.27434103757977,-33.23966122046113
974,37.53035250423271,-122.27453396725035,-33.1243936996907
975,37.53053807329122,-122.27471865647277,-32.46963667590171
976,37.53072421724239,-122.27491474137004,-32.75755594111979
977,37.530900337030396,-122.2750985896865,-33.153133602812886
978,37.531096847124154,-122.27529372936704,-32.58586785104126
979,37.53130202324832,-122.2754862724527,-32.60293082892895
980,37.53148318469348,-122.27566363397017,-31.904222274199128
981,37.531658407843636,-122.27582879966373,-31.27850136999041
982,37.53184422872085,-122.27600148378795,-30.988173970021307
983,37.53207100255592,-122.27621937546165,-30.55318273883313
984,37.53225676216198,-122.27639451329414,-31.554890695028007
985,37.532476558079324,-122.2765867075779,-31.067560038529336
986,37.53268387829801,-122.27677819398954,-31.60851752758026
987,37.53287507572458,-122.27696496928537,-32.333817752078176
988,37.533063188548255,-122.27713378035148,-32.164144839160144
989,37.5332486180822,-122.27730811567965,-32.28418025188148
990,37.53344657893104,-122.27748754157015,-32.0676731383428
991,37.53368022140065,-122.27770411526802,-31.495890147052705
992,37.533874438811765,-122.27788771940938,-31.16478017810732
993,37.534070401796605,-122.27805461235363,-32.139489486813545
994,37.534279006668086,-122.27825387960307,-32.54403857048601
995,37.53450156441271,-122.27846145511083,-32.286768107675016
996,37.53469785794795,-122.27865100935901,-31.24113278184086
997,37.534914111757644,-122.27883754906382,-30.5286957770586
998,37.535110213243776,-122.27902753978572,-30.640184776857495
999,37.53530818801939,-122.27920663799392,-31.302731541916728
1000,37.53551818164214,-122.27939901843098,-30.061913358047605
1001,37.535709776737846,-122.27956561483947,-30.372095895931125
1002,37.53590399827923,-122.27974994923326,-30.70784880593419
1003,37.5361009673809,-122.27993579653116,-31.96464628074318
1004,37.53630174752665,-122.28012582809743,-33.36524661909789
1005,37.5365157107294,-122.2803245115531,-33.66635893005878
1006,37.53672745403497,-122.28051337809715,-33.30529248621315
1007,37.53691279110302,-122.28068521170526,-32.80219210125506
1008,37.537113702615265,-122.28086850339903,-32.61369317956269
1009,37.537333454357814,-122.28107564639159,-32.23377020470798
1010,37.537521029729554,-122.28125167773176,-31.905671293847263
1011,37.53773100740249,-122.28145386769484,-30.843225481919944
1012,37.53791829249474,-122.28161899914318,-30.808295223861933
1013,37.53810878163809,-122.28179140578916,-30.453199300915003
1014,37.5383133594646,-122.2819766469895,-31.214145788922906
1015,37.53850514012697,-122.28216477243089,-31.898526392877102
1016,37.53869539319311,-122.28233835739601,-32.47948495019227
1017,37.538886171612305,-122.28250565731794,-31.501506622880697
1018,37.539088311712426,-122.28269958233008,-31.251468206755817
1019,37.53927296023311,-122.28287335099805,-31.66971154231578
1020,37.53948354598875,-122.28306158977796,-31.681936560198665
1021,37.539688754237815,-122.28325480945091,-31.803125588223338
1022,37.539882288346696,-122.28344310575943,-32.592697989195585
1023,37.540072017814914,-122.28362075187624,-32.77502861991525
1024,37.540267838712076,-122.28380327375442,-32.3759110821411
1025,37.54045762092747,-122.28397760664701,-31.23262013401836
1026,37.540661839541386,-122.28416324580785,-31.145192677155137
1027,37.54083988670519,-122.28433530394527,-31.34486159402877
1028,37.54103602865077,-122.28451931258672,-31.606789658777416
1029,37.54122412325095,-122.2847012948131,-31.30396302603185
1030,37.54142101835308,-122.28487655296854,-31.415487148799002
1031,37.54162421437134,-122.28507092504601,-30.77910677343607
1032,37.541821391630066,-122.2852603626408,-31.14889550767839
1033,37.54201614852487,-122.2854456093219,-31.342133600264788
1034,37.542207521511116,-122.28562878957312,-31.744942219927907
1035,37.5424028422753,-122.28580037118056,-31.551616775803268
1036,37.54260287972899,-122.2859868034016,-31.236020570620894
1037,37.542786314857985,-122.28616177853148,-32.019743035547435
1038,37.54296628631256,-122.28632738156169,-31.44691505935043
1039,37.543180288915615,-122.2865171050459,-30.461893068626523
1040,37.54337824323709,-122.28669871427614,-31.447443783283234
1041,37.543573659217614,-122.2868817228577,-30.85406285431236
1042,37.54374542834863,-122.28703825893788,-31.139778410084546
1043,37.543929989512556,-122.28721412805766,-30.72189453803003
1044,37.544047241381676,-122.28732058368429,-29.919799470342696
1045,37.54419001826089,-122.2874459394611,-29.656570783816278
1046,37.544464448801676,-122.28770339582412,-30.36017431691289
1047,37.544683902443005,-122.28789566544796,-30.06713736988604
1048,37.544915216341714,-122.28811709762584,-30.841793634928763
1049,37.545123066326205,-122.2883168249701,-31.762952691875398
1050,37.54531806268214,-122.28848915168975,-32.35535911843181
1051,37.545498735882575,-122.28865098450125,-31.77444222383201
1052,37.54567084980136,-122.28880856898266,-32.12458299938589
1053,37.54586030142998,-122.2889840454829,-31.72483488265425
1054,37.546013165363185,-122.28913582758216,-30.7855279231444
1055,37.54619283065276,-122.28930042811226,-28.850749511271715
1056,37.54637691750498,-122.28947642846974,-29.424907475709915
1057,37.54656284684414,-122.28965686716033,-29.59786093328148
1058,37.54673001003035,-122.28981346786331,-30.06365447305143
1059,37.546931442266896,-122.29000618649951,-30.384259592741728
1060,37.54714068824848,-122.29020404773941,-30.30645160190761
1061,37.54733967430199,-122.29038824914983,-30.576419735327363
1062,37.547550328675506,-122.2905824141538,-29.93673785869032
1063,37.54774048520996,-122.29075980222245,-28.876252323389053
1064,37.547943713182555,-122.29094197507436,-30.155623727478087
1065,37.54812063154315,-122.29109281228712,-31.027290671132505
1066,37.548301957589835,-122.29126037646108,-31.216354659758508
1067,37.54849299474675,-122.29144015218188,-32.187303867191076
1068,37.54869205421512,-122.29161920116255,-31.524726713076234
1069,37.54891522884749,-122.2918300529449,-31.962822827510536
1070,37.549132250006075,-122.29203620556066,-32.16672106925398
1071,37.54932881690972,-122.29221038219441,-31.628851090557873
1072,37.54952969824964,-122.29239348731319,-32.009049710817635
1073,37.549751008282804,-122.29259238127244,-31.647139200009406
1074,37.549946481266375,-122.29278732912039,-31.806641143746674
1075,37.55014717263229,-122.29296409022446,-31.865233088843524
1076,37.550328010396676,-122.29313382890079,-31.95446984283626
1077,37.550517942558386,-122.29330991501921,-31.354608109220862
1078,37.55073686496763,-122.29351106941611,-31.51024930085987
1079,37.55093300165521,-122.2937037143576,-30.935151778161526
1080,37.551137428402555,-122.29389001350809,-31.63540514651686
1081,37.55132801857596,-122.29406044891539,-31.236571211367846
1082,37.551517810879176,-122.29423632683546,-30.449707562103868
1083,37.55169261878045,-122.29438574279395,-31.841453443281353
1084,37.55186052211288,-122.29454584892405,-30.854190052486956
1085,37.55203872899926,-122.29471884651899,-31.891583095304668
1086,37.552246716048984,-122.29490910964296,-31.80297440942377
1087,37.5523832493597,-122.29503370396174,-31.40797878894955
1088,37.55251854021364,-122.29515912402114,-30.187351122498512
1089,37.552696141136266,-122.2953363578563,-31.151791512034833
1090,37.55290971221823,-122.29551536264127,-31.117216328158975
1091,37.55320964763524,-122.29579205214266,-31.233468011952937
1092,37.553450326239414,-122.29602286824367,-30.84858562424779
1093,37.55369010539204,-122.29625412769713,-30.611017329618335
1094,37.55386448866175,-122.29643797483654,-31.38186893425882
1095,37.55408472926268,-122.29663542061752,-31.133176484145224
1096,37.554278670209115,-122.29682082777823,-31.125170395709574
1097,37.55444098158974,-122.29698286680255,-31.167343331500888
1098,37.55461590946974,-122.2971467438457,-30.971288830973208
1099,37.55477859890248,-122.29730332725785,-30.95197826717049
1100,37.554965060791254,-122.2974859485508,-31.19150823354721
1101,37.555168736562074,-122.29767393844013,-30.393782464787364
1102,37.555352306795,-122.2978443129846,-30.325832762755454
1103,37.55555025806796,-122.29802850314229,-30.187554529868066
1104,37.555763056122125,-122.29823748732255,-30.12739657703787
1105,37.55596963691911,-122.29843362741443,-29.892173942178488
1106,37.556157006282056,-122.29860182816333,-29.307507175020874
1107,37.556338735078164,-122.29876705999206,-30.274635105393827
1108,37.55652822360384,-122.29894380677804,-31.474637381732464
1109,37.55672465953223,-122.29912709199883,-30.842868946492672
1110,37.556917099181696,-122.29931115551207,-30.783090722747147
1111,37.5571208746023,-122.29949288257107,-29.89292490016669
1112,37.55731825813808,-122.29967070102094,-29.576942223124206
1113,37.55752619716602,-122.29985512080239,-28.827232708223164
1114,37.55773067449727,-122.30004387922311,-30.53335342090577
1115,37.557927536950814,-122.30022292846174,-31.540789034217596
1116,37.55812582383384,-122.30040875233477,-31.174898475408554
1117,37.55834782682491,-122.30060688138171,-30.449037328362465
1118,37.55853447372063,-122.30077136827686,-31.35719172935933
1119,37.5587083067401,-122.30093519539729,-31.924912333488464
1120,37.55890271341026,-122.30110373997255,-32.07767865806818
1121,37.559102571720835,-122.30128202446507,-32.70469614956528
1122,37.55928586233369,-122.30145960444067,-33.2666395381093
1123,37.559481692256,-122.30164356405535,-32.44174706283957
1124,37.559685649692966,-122.30182633111635,-31.89436999335885
1125,37.55989403169929,-122.30201308314446,-32.345479717478156
1126,37.56009839754775,-122.30220970516771,-32.93397790379822
1127,37.56027706846922,-122.30239724879522,-32.44424075447023
1128,37.56046069008378,-122.3025816714682,-33.149932951666415
1129,37.56064573125432,-122.3027828206177,-34.01637942623347
1130,37.56081646363254,-122.30298130399582,-33.19076008722186
1131,37.560998944633255,-122.30316871946616,-32.770043711178005
1132,37.56117949771173,-122.30336447466658,-33.393190051428974
1133,37.561367149845175,-122.30356054707612,-32.893562419340014
1134,37.561548878511836,-122.30376412554715,-32.655420675873756
1135,37.56171932128886,-122.30395840715146,-33.09161812905222
1136,37.5619133816976,-122.30416636732538,-33.80064682941884
1137,37.56208182439786,-122.30435803969475,-34.01805956847966
1138,37.562273039916185,-122.30455617344498,-33.22591554559767
1139,37.56244648794156,-122.30473490696892,-33.332466350868344
1140,37.56262405064916,-122.30492655984521,-33.64849190786481
1141,37.56281243476683,-122.3051316000916,-32.58703084848821
1142,37.56299662673664,-122.30532733191589,-32.44611972477287
1143,37.563206167863434,-122.30555501151196,-31.784648307599127
1144,37.563411972576716,-122.3057675716069,-31.577616420574486
1145,37.56360526079367,-122.30598562429999,-31.916996385902166
1146,37.56377731270402,-122.30616738081773,-31.951289482414722
1147,37.563955057448545,-122.30636817142145,-31.872933343984187
1148,37.5641425615971,-122.30657684343623,-32.344814313575625
1149,37.564301616179186,-122.30675052248503,-32.30392000917345
1150,37.56450802815238,-122.3069717651596,-32.45316711906344
1151,37.56470807994548,-122.30719010271515,-32.452173811383545
1152,37.564928239800444,-122.3074344106877,-32.91588182747364
1153,37.56512196145522,-122.30765124981097,-33.799354375340044
1154,37.565327825268504,-122.30786502294349,-33.567325360141695
1155,37.56551503089577,-122.30806787220108,-32.615962215699255
1156,37.565706231855316,-122.30827431643789,-32.89677545148879
1157,37.56588393752089,-122.30847348060512,-31.7640338325873
1158,37.566049427374246,-122.30865386416639,-32.378833579830825
1159,37.56624769569992,-122.30888075745632,-31.959895762614906
1160,37.566448749683296,-122.30910081164524,-33.17241481039673
1161,37.566663062835936,-122.3093218611395,-33.81133261322975
1162,37.56684328583642,-122.30951626567511,-33.46106960065663
1163,37.56702226210132,-122.3097091070027,-33.211214733310044
1164,37.56721291877215,-122.30992487667471,-34.01116533204913
1165,37.56739740547673,-122.31012196054297,-33.789119326509535
1166,37.567548076657054,-122.31027713870712,-33.00905742496252
1167,37.5677008240643,-122.31043807894685,-32.95410780329257
1168,37.56790942108406,-122.31066703745603,-32.649663507938385
1169,37.56813342387987,-122.3109002161337,-33.20683677494526
1170,37.568319096120796,-122.31110694978204,-34.03790574520826
1171,37.568510833698305,-122.31132086293263,-34.08984233252704
1172,37.56866199836033,-122.31148361207414,-33.12750724237412
1173,37.56880717047924,-122.31164672978971,-33.10375291388482
1174,37.56896751436022,-122.31182795721482,-32.03760208841413
1175,37.56918938162117,-122.31208092328576,-31.320256801322103
1176,37.569380735147284,-122.31227093531477,-31.906110756099224
1177,37.569570609649546,-122.31247274242214,-31.698787587694824
1178,37.569760232426425,-122.3126727234019,-31.848771478049457
1179,37.56993137883632,-122.3128659623968,-32.45927136670798
1180,37.57010674638033,-122.31304204111943,-32.11591890733689
1181,37.57028494367134,-122.31324860366675,-32.6529927989468
1182,37.570416504551666,-122.31338627085334,-33.21766976919025
1183,37.570509235900026,-122.31349187952284,-32.796641286462545
1184,37.570751154327205,-122.31375148988768,-33.529770066961646
1185,37.57097654075841,-122.31399961490932,-32.832918108440936
1186,37.57114195083795,-122.31418686347135,-32.707753486931324
1187,37.571338811441045,-122.3143985751396,-32.8080052677542
1188,37.57149400748982,-122.31457783711338,-32.75452739931643
1189,37.57169914603254,-122.31480490193766,-32.487268110737205
1190,37.571907041432134,-122.31502665590483,-31.53282609116286
1191,37.57208728908986,-122.315225709159,-30.62694226577878
1192,37.572264871144526,-122.31541037240531,-31.191959274932742
1193,37.57244582453734,-122.31560354624911,-31.140773781575263
1194,37.57262264124185,-122.31579833330834,-31.8329775640741
1195,37.57279631909533,-122.31598112520153,-32.236726057715714
1196,37.57297921402908,-122.3161911329453,-31.194673186168075
1197,37.57313342694401,-122.31635758476271,-31.405909412540495
1198,37.57332071238534,-122.31656601064981,-31.64167626015842
1199,37.573500420223205,-122.31675884538363,-31.331910578534007
1200,37.5737391490021,-122.31700361418672,-32.51774406526238
1201,37.573949125891346,-122.31722328814135,-31.688961525447667
1202,37.57414115623954,-122.31744213766538,-32.04980384930968
1203,37.57432975775237,-122.31765134860133,-32.19774438906461
1204,37.574459555476594,-122.3177907923806,-32.0693866815418
1205,37.57467898284133,-122.31801282880642,-32.871734383516014
1206,37.57487242275979,-122.31823681416665,-32.73374481406063
1207,37.5750877871318,-122.3184706924461,-34.15135477203876
1208,37.57525509862073,-122.31865804522549,-33.69071752857417
1209,37.57544977761725,-122.31887071620893,-33.01150634419173
1210,37.57562989969759,-122.31907008414726,-31.68375281151384
1211,37.57580036433757,-122.31925396896456,-33.427352249622345
1212,37.575970042038165,-122.31943972190115,-32.38781391363591
1213,37.576206672628004,-122.3196862318696,-33.22766856197268
1214,37.576402867555714,-122.31989496820823,-33.77668960019946
1215,37.57654310748673,-122.32004196541367,-33.15357368160039
1216,37.57674075750108,-122.32026297903622,-32.962000398896635
1217,37.57692285473892,-122.32045859996794,-33.18708771467209
1218,37.57708092020393,-122.32062785182258,-31.820307917892933
1219,37.577249707736335,-122.32081459734421,-32.195950645022094
1220,37.57743006086987,-122.32100053486195,-33.75417668186128
1221,37.577633712280495,-122.32122056937413,-34.023218194022775
1222,37.577852475370754,-122.32146170693609,-33.37334851361811
1223,37.57802897116715,-122.32166095085331,-33.646826857700944
1224,37.57820543523264,-122.32185466820653,-33.7523660492152
1225,37.57840590258153,-122.32205976536756,-34.663879599422216
1226,37.578549644319224,-122.32222842392324,-34.57587804552168
1227,37.578692535311,-122.32239291177143,-34.91306124534458
1228,37.57888186242415,-122.32259655778044,-34.884618046693504
1229,37.57907371127842,-122.32280109806834,-34.87700684275478
1230,37.579255074710034,-122.32300168803579,-33.75344963558018
1231,37.57942421715133,-122.32318948629815,-33.746546203270555
1232,37.57962374719785,-122.32341480248661,-33.053227227181196
1233,37.57979777610262,-122.32358936519874,-33.82034884020686
1234,37.57998192003808,-122.32378582702671,-34.19142028968781
1235,37.58019397828045,-122.3240149679739,-33.754524803720415
1236,37.580385915484236,-122.324222355627,-33.21925470046699
1237,37.580573687108746,-122.32442734579023,-33.12510238122195
1238,37.580757235809884,-122.3246332699512,-33.99692719336599
1239,37.5809464442924,-122.32482826130679,-34.741438928991556
1240,37.581127143101234,-122.32501619707456,-34.32537549827248
1241,37.58129647347729,-122.32520237076837,-34.6995280822739
1242,37.581486222458324,-122.325404673355,-33.917383500374854
1243,37.5816553771034,-122.32559663657086,-33.28182679414749
1244,37.58185090115169,-122.32581201614201,-32.87685664836317
1245,37.582026922905754,-122.32599846544319,-34.23856931459159
1246,37.582210538756044,-122.32619837853832,-33.56660483498126
1247,37.58238263219875,-122.32638535908066,-33.28518008440733
1248,37.58253830413597,-122.32655855173266,-33.06325968634337
1249,37.58271502557478,-122.32675739663725,-32.69671900384128
1250,37.58293187865104,-122.32698424312791,-31.346028023399413
1251,37.58315932302392,-122.32722928880341,-30.7882024878636
1252,37.58332505949215,-122.32741777401235,-31.818340978585184
1253,37.58349809163789,-122.32760893765618,-32.678025510162115
1254,37.58369316009117,-122.32781498029999,-31.500027740374207
1255,37.5838599283211,-122.327987685098,-31.79790908191353
1256,37.583957214114335,-122.32807591303015,-31.144788361154497
1257,37.584152147544856,-122.3282819706867,-30.51573799084872
1258,37.584302544353754,-122.32844892098535,-30.04313885141164
1259,37.584529655041266,-122.32869964499466,-29.2513334332034
1260,37.584731365133415,-122.32892539397278,-31.190935659222305
1261,37.58490765229504,-122.32913554179784,-30.74115191027522
1262,37.58506193133007,-122.32932453346777,-31.92302253190428
1263,37.58522474249635,-122.32952172734987,-31.327705054543912
1264,37.58535828407591,-122.32970764356044,-32.13934162072837
1265,37.58548675593532,-122.3298961652565,-32.69450333621353
1266,37.58562176108129,-122.33010298219777,-31.500426944345236
1267,37.585750761279286,-122.33030622398462,-31.28013734333217
1268,37.585871548061796,-122.33052660121612,-30.925231402739882
1269,37.586007953726224,-122.33079415570116,-30.551030087284744
1270,37.58612685650752,-122.3310524456362,-31.81199585366994
1271,37.58622870004844,-122.3312891252901,-30.809833495877683
1272,37.586332465364286,-122.3315593689891,-31.72007530927658
1273,37.58641510530849,-122.33181315034624,-30.028890502639115
1274,37.58647288669577,-122.33199250725521,-29.72353141568601
1275,37.58652469281003,-122.33225417456849,-30.839316205121577
1276,37.586584966007095,-122.33247993526673,-30.474728506058455
1277,37.586648880645704,-122.33280154055478,-31.261893404647708
1278,37.5866867559544,-122.33299983318142,-31.145782879553735
1279,37.58672452926536,-122.33325132314135,-30.473092472180724
1280,37.58676156882689,-122.33357299522474,-30.870290189050138
1281,37.586787004714765,-122.33388472712494,-32.499421920627356
1282,37.58681546399969,-122.33418850136357,-34.09571809414774
1283,37.586822929654,-122.33446668444455,-32.31001119595021
1284,37.58683825156045,-122.33477392327988,-32.37393313553184
1285,37.58685596174703,-122.33510914566823,-30.284791476093233
1286,37.586868653387825,-122.33543409867532,-30.913991056382656
1287,37.58686749548246,-122.3356865162188,-28.209030667319894
1288,37.5868753262821,-122.33593160979214,-27.823713113553822
1289,37.58687975635952,-122.33619803854178,-28.30507172551006
1290,37.586886194871305,-122.336516089415,-29.97772737313062
1291,37.58688554086963,-122.33675969113143,-30.48230755329132
1292,37.58687634819294,-122.33703869002333,-32.763180575333536
1293,37.5868788714851,-122.33731747260784,-33.030596513301134
1294,37.5868859166503,-122.33761232474957,-33.08978359680623
1295,37.586887032869406,-122.33790289426821,-33.044803811237216
1296,37.58689834168615,-122.33820399842972,-33.28507036343217
1297,37.58690466516804,-122.33850079126823,-33.16936031635851
1298,37.586906294214884,-122.3387813767687,-30.93842437211424
1299,37.58692022823396,-122.3390595022793,-29.87051686178893
1300,37.586941333838105,-122.3393714084033,-31.311223986558616
1301,37.586949093712825,-122.33969063760928,-30.37183975894004
1302,37.586960967970164,-122.34001356435185,-30.559997205622494
1303,37.58697795109371,-122.34031724657441,-30.913711472414434
1304,37.586979610386805,-122.3406168185048,-31.129301127046347
1305,37.58698496192224,-122.34090721805778,-31.240837052464485
1306,37.586992430402546,-122.34120576105794,-29.70059227757156
1307,37.58699176421964,-122.34148691263304,-29.79154592845589
1308,37.58700521785889,-122.34177720817412,-30.590818036347628
1309,37.58702325170677,-122.34208024565656,-28.82835236750543
1310,37.58703150404027,-122.3423894501846,-28.89991621300578
1311,37.58703170063066,-122.34267140808083,-28.986445169895887
1312,37.58704397258729,-122.3429643186548,-29.66020016372204
1313,37.58705604119197,-122.3432852357599,-30.609812547452748
1314,37.58705874763093,-122.34359944363973,-31.107433984987438
1315,37.58707411735102,-122.34392279937299,-30.019056586548686
1316,37.587090384206725,-122.3442324193148,-28.071452259086072
1317,37.587098320371304,-122.344531796716,-28.154864540323615
1318,37.58710174861047,-122.34485696398954,-26.88684255257249
1319,37.58710823613937,-122.34515190084934,-26.895360655151308
1320,37.5871124793885,-122.34546612358874,-28.087198650464416
1321,37.58712614931897,-122.34577622887683,-28.760499391704798
1322,37.5871292564648,-122.34607580770928,-29.95147537905723
1323,37.5871416012998,-122.34638462096228,-30.7401805780828
1324,37.58713356135947,-122.3466719002311,-32.64948143530637
1325,37.587136408588776,-122.34697642976563,-33.43392875418067
1326,37.587139901599464,-122.34726408806222,-32.10142162069678
1327,37.587158831853124,-122.34756345485985,-30.710634117014706
1328,37.58715878315458,-122.34785813833464,-30.280343026854098
1329,37.58716375477643,-122.3481378247077,-31.260121474973857
1330,37.58716023884016,-122.34841389564487,-30.59191572200507
1331,37.58717292244036,-122.34871850323982,-31.460644704289734
1332,37.58718826285594,-122.34906285352695,-32.10759382136166
1333,37.587207457954,-122.34940756012901,-31.39862405974418
1334,37.58720911741147,-122.34970937207413,-32.00136259384453
1335,37.58722507892615,-122.35000500936833,-32.598675169982016
1336,37.58722849759501,-122.3503050131441,-30.156914583407342
1337,37.58723094273154,-122.3506021748913,-30.2784982342273
1338,37.587227273093134,-122.35091303095956,-30.88094166573137
1339,37.587241446335064,-122.35121657012847,-30.54455059580505
1340,37.58724333724199,-122.3515822187317,-33.53491403069347
1341,37.58726086027428,-122.35193014932783,-33.09985471423715
1342,37.587261516790406,-122.35216190412174,-33.12067088857293
1343,37.58728060954813,-122.35247961125279,-33.29232025425881
1344,37.58729944579725,-122.35278660396823,-33.35205820668489
1345,37.5873306214675,-122.3531010694231,-31.24276762548834
1346,37.58734393439588,-122.35347464291844,-31.98934261035174
1347,37.587369622141864,-122.35374110467282,-31.539993974380195
1348,37.587393863307,-122.35395664368261,-31.57080720178783
1349,37.58745101925806,-122.35436616288484,-31.387905857525766
1350,37.58749764397613,-122.35465379728193,-32.234932030551136
1351,37.587543157015354,-122.3549445818123,-33.50148766860366
1352,37.58760900762381,-122.35524388663607,-32.03382662497461
1353,37.58764933875635,-122.35548950390945,-31.268046353012323
1354,37.587727063867504,-122.3557885005258,-31.81338067073375
1355,37.587827952393695,-122.35616385362407,-30.69474143255502
1356,37.58790972821229,-122.35648664761153,-30.883939556777477
1357,37.58800585362164,-122.35682451996442,-31.11642822716385
1358,37.588090925890576,-122.3571155245148,-31.35421083495021
1359,37.58819594953251,-122.35741137149236,-30.27579908631742
1360,37.588290242151054,-122.35769973419472,-29.509649669751525
1361,37.58839046627569,-122.35797304484689,-31.618844583630562
1362,37.588490269882385,-122.35820873096145,-31.094702414236963
1363,37.588597809023035,-122.3584403800066,-29.944828536361456
1364,37.58871394194504,-122.3586960529231,-30.805063015781343
1365,37.58887554069194,-122.35900399070698,-29.481146885082126
1366,37.58902083900003,-122.3593166013596,-31.762402878142893
1367,37.58915991935084,-122.35957154802634,-30.468753427267075
1368,37.589286704334114,-122.35979687515584,-31.286560711450875
1369,37.58945705039319,-122.36009392429001,-30.790471790358424
1370,37.58957461379339,-122.36028820163092,-29.941802809014916
1371,37.58979184480136,-122.36063521578244,-31.30162626132369
1372,37.58988794285173,-122.36080376317638,-31.93774373177439
1373,37.59003247422734,-122.36102337994514,-29.71024487633258
1374,37.59019781140345,-122.36126755925642,-29.807325379922986
1375,37.59035756082232,-122.36151290978896,-29.84867869783193
1376,37.590555038212905,-122.36181372339873,-30.09195380937308
1377,37.59071817048644,-122.3620649185217,-30.434583161957562
1378,37.5909343164904,-122.36240000004666,-31.837693141773343
1379,37.59112186007926,-122.3626735047835,-32.33170071430504
1380,37.59129215264505,-122.3629331379829,-31.639147677458823
1381,37.59143792278085,-122.36316323972063,-31.955904827453196
1382,37.59158446141858,-122.3634109555659,-32.71663260553032
1383,37.59172073656454,-122.36362904387173,-32.58184558711946
1384,37.591865160562655,-122.3638584127032,-32.43113270774484
1385,37.59203457786943,-122.36410879834216,-31.652088223956525
1386,37.59219374555343,-122.36435326711614,-31.866908826865256
1387,37.592356572523556,-122.36459516160818,-32.51747063547373
1388,37.59251282737486,-122.3648054672367,-29.744612487964332
1389,37.59268987136772,-122.36509485260169,-30.153178640641272
1390,37.5928239027468,-122.36527421981081,-29.409470388665795
1391,37.59296936147727,-122.36553109960185,-23.367724061012268
1392,37.5931281556878,-122.36576432084819,-21.067936836741865
1393,37.59334770087937,-122.36612812093904,-25.45580628886819
1394,37.59346517436512,-122.36631035112009,-27.02902165427804
1395,37.593654293658126,-122.3666044744412,-29.487939218990505
1396,37.59376050761146,-122.3667682002511,-28.53524338733405
1397,37.59389418595169,-122.36695574949597,-28.07991978432983
1398,37.59411751568257,-122.36730458280515,-29.214126809500158
1399,37.594255119987324,-122.36753178854138,-30.944930139929056
1400,37.59443648651619,-122.36779892604042,-32.92835398670286
1401,37.59454419838698,-122.36796556762243,-33.65960408747196
1402,37.59472438537893,-122.36823480915785,-32.82703949324787
1403,37.594860489804326,-122.36845868008656,-33.51080801524222
1404,37.595032854106414,-122.36873345864336,-34.70914901886135
1405,37.595181405589216,-122.3689557409471,-33.70204832684249
1406,37.59534296621173,-122.36920836156219,-32.51103427261114
1407,37.59550622725325,-122.36945331870669,-32.65225067175925
1408,37.59565717703475,-122.36967910086244,-32.15192043874413
1409,37.59583066299861,-122.36992038920225,-31.908676218241453
1410,37.59598049432504,-122.37015340998573,-31.93472083006054
1411,37.59613614605957,-122.37038693882677,-31.698277616873384
1412,37.59628418978118,-122.37062685030202,-32.120075112208724
1413,37.59644163153954,-122.3708658143145,-33.74750375840813
1414,37.59659731619278,-122.37110353622741,-32.05370644386858
1415,37.59674921080549,-122.37133023565548,-31.80177807621658
1416,37.59690821349086,-122.37157309109917,-31.99275565519929
1417,37.59707186014461,-122.37181603507544,-31.603108449839056
1418,37.59724086151893,-122.37206801343169,-31.826639166101813
1419,37.59739329204099,-122.37231769943008,-31.84478068072349
1420,37.59756503868077,-122.37255474010061,-30.705668573267758
1421,37.59771929515983,-122.37280392279187,-31.897443781606853
1422,37.597841033899215,-122.37298779128129,-31.32981333974749
1423,37.597969499749716,-122.37318330568594,-30.906004628166556
1424,37.598170102762744,-122.37349332446351,-32.52889992762357
1425,37.598385556443674,-122.37379660431495,-31.368406765162945
1426,37.598539729146474,-122.3740338404793,-31.436071954667568
1427,37.598695327615175,-122.37427798798599,-31.494462685659528
1428,37.598841717002074,-122.37452215257868,-32.25826038327068
1429,37.598960446271825,-122.37471310074542,-33.122217727825046
1430,37.599115620403815,-122.37492855066291,-31.965482332743704
1431,37.59926764567825,-122.37516168762006,-32.52849420439452
1432,37.59947490468563,-122.37546538317488,-32.74959686398506
1433,37.59965942104911,-122.37573327915257,-32.48294508457184
1434,37.59979822233112,-122.37594369863487,-32.547524152323604
1435,37.59994010414041,-122.37617781946217,-33.88365086726844
1436,37.60008961217101,-122.37640439495124,-32.933068392798305
1437,37.60024942607782,-122.37663248209384,-32.6956662805751
1438,37.60041214630138,-122.3768909417085,-33.17207345739007
1439,37.600583286023266,-122.37713301962097,-33.11608186364174
1440,37.60073776347254,-122.37737996026527,-32.76158382836729
1441,37.60089370269798,-122.37762640842686,-32.3101768232882
1442,37.601061738332554,-122.37789736035333,-32.49860034510493
1443,37.60121765978349,-122.37813191676958,-31.79447763506323
1444,37.60136477320912,-122.37837082125546,-31.350406718440354
1445,37.601515626121596,-122.37859033726123,-32.528461494483054
1446,37.60168010359383,-122.37883155978078,-31.705219589173794
1447,37.60187238395939,-122.37912418986308,-31.375454787164927
1448,37.602008334568126,-122.37934561558542,-31.242984952405095
1449,37.6021469167319,-122.37956108498487,-31.334921406581998
1450,37.60231045355571,-122.37977777275518,-30.349704205058515
1451,37.60248039688574,-122.38003050513944,-30.295731311663985
1452,37.60266813157731,-122.38031145868526,-31.462057831697166
1453,37.6028104039607,-122.3805360011721,-31.531305447220802
1454,37.60297851235996,-122.38079312747072,-33.45468364935368
1455,37.603159069809166,-122.3810627501945,-32.229800761677325
1456,37.60332247403682,-122.38132026940377,-32.71743446029723
1457,37.60347415966028,-122.38156539137921,-32.69089590664953
1458,37.603620876560356,-122.3818028906147,-32.6860806401819
1459,37.60377690860669,-122.38204053377972,-33.68198816943914
1460,37.603920370646954,-122.38225838868932,-32.93882731720805
1461,37.604072555695446,-122.38247891940719,-32.504586580209434
1462,37.604269666954465,-122.38280679239642,-34.63924391102046
1463,37.60439309724698,-122.38299464985226,-34.55923619028181
1464,37.60459281131103,-122.38330466604208,-33.35509916674346
1465,37.604733245841395,-122.38351248538744,-32.2405134215951
1466,37.60490333611144,-122.38376778388088,-32.01806823723018
1467,37.60510908075925,-122.38407867067778,-33.123688558116555
1468,37.605229716878505,-122.3842646233635,-32.759258032776415
1469,37.60537517863677,-122.38447838371557,-32.30504956096411
1470,37.60560019044351,-122.38482985128111,-32.92569204978645
1471,37.605746492376205,-122.38505016687553,-33.04202311299741
1472,37.60590315648443,-122.38528101473537,-32.50733187701553
1473,37.606071866393435,-122.38553679973536,-33.26493305526674
1474,37.60624441774659,-122.38579512838557,-33.36542906612158
1475,37.60642305620596,-122.38607545903602,-31.829505653120577
1476,37.60659164272072,-122.38633825233828,-31.78204676322639
1477,37.606767394972415,-122.38661625149432,-32.74477910809219
1478,37.60693225137418,-122.3868583350027,-32.74267384316772
1479,37.607171127732585,-122.3872215303171,-32.18591581936926
1480,37.607301088024556,-122.38742707345631,-32.951058006845415
1481,37.60745179887803,-122.3876575117074,-32.269189424812794
1482,37.607607919166085,-122.38790165637742,-32.18966057896614
1483,37.60775300175855,-122.38812557300692,-33.1957788458094
1484,37.607928644484794,-122.38839157813827,-33.52485038340092
1485,37.60805813666163,-122.38857746000583,-32.85436055995524
1486,37.608237375656316,-122.38885724887577,-33.86279449611902
1487,37.608408443918485,-122.38912608757492,-33.02916527260095
1488,37.608572918007184,-122.38937826880866,-33.24814756028354
1489,37.60872140394226,-122.3896186138036,-33.31441469024867
1490,37.60891084836591,-122.38990507418819,-34.05198358185589
1491,37.609069385201074,-122.39014639726503,-33.01616936083883
1492,37.60928489954759,-122.3904624143093,-32.06786826159805
1493,37.60940348453773,-122.39064804689669,-32.86255140043795
1494,37.60960080234016,-122.39093652063846,-31.59164065029472
1495,37.6097035766616,-122.39109936963462,-30.895243010483682
1496,37.60983126981317,-122.39130874487543,-31.5026899818331
1497,37.61004613615817,-122.39164643459736,-32.205092580989
1498,37.61022470314829,-122.39184926964519,-13.52002065628767
1499,37.61035424898932,-122.39204441343072,-8.844956560060382
1500,37.610524965002924,-122.39226620810776,0.5164222065359354
1501,37.610668522199354,-122.39253874806448,-8.736524839885533
1502,37.61078033032342,-122.39273395416639,-14.445019162259996
1503,37.61094142557183,-122.39300860163964,-20.62879749480635
1504,37.611042680808765,-122.39318196760489,-24.203199530020356
1505,37.61115932532783,-122.39337254096193,-26.315637920051813
1506,37.61135154503004,-122.39360083612789,-21.0463650804013
1507,37.61144667499753,-122.3937719859437,-23.367032122798264
1508,37.6115856066108,-122.39397734731351,-26.51394957304001
1509,37.611733489145934,-122.39417938474664,-30.805793597362936
1510,37.61191428982633,-122.39442640611074,-30.125284772366285
1511,37.61207969302258,-122.39464783813358,-32.72897701058537
1512,37.61229411147199,-122.39494804325075,-31.079991300590336
1513,37.612464304675,-122.39517704700087,-32.406356108374894
1514,37.612570923370114,-122.39531150428782,-31.326794045977294
1515,37.61274929210715,-122.3955163857362,-31.897190887480974
1516,37.6129371516084,-122.39572053694766,-34.18731244467199
1517,37.613040497511506,-122.3958306304776,-33.733581020496786
1518,37.61319363599135,-122.39598502907283,-33.4442747971043
1519,37.61338256903008,-122.39618332062909,-34.30317426845431
1520,37.61356725578076,-122.39635980444919,-34.996785655617714
1521,37.61379014514063,-122.3965549438562,-34.16444390639663
1522,37.614017135030046,-122.39673351145294,-32.66531057562679
1523,37.61422768122881,-122.39690875703644,-32.571495599113405
1524,37.61445337098926,-122.39708154996056,-32.223626484163105
1525,37.614669741172925,-122.39724546462422,-32.52310394588858
1526,37.6148441565664,-122.39737906694441,-32.27921619452536
1527,37.615023317463994,-122.39748685948734,-32.45838092919439
1528,37.615192887093066,-122.39760136337318,-32.25210758857429
1529,37.615400556324715,-122.39772334147936,-31.934286850504577
1530,37.6157718045692,-122.39791189417845,-32.88254880346358
1531,37.616040143067835,-122.39805405047257,-32.28575790952891
1532,37.61627830528143,-122.39816358351207,-32.22906087525189
1533,37.61645476409188,-122.39823618157686,-32.08848278876394
1534,37.616733766693386,-122.39834212385627,-31.886515486054122
1535,37.61699082020799,-122.39843604451382,-31.584683829918504
1536,37.61724181689283,-122.39853458085808,-32.05443948414177
1537,37.61748676152879,-122.39861934903433,-31.691748226061463
1538,37.617697597594024,-122.39869862342712,-32.386791224591434
1539,37.61794637090906,-122.39878169965486,-32.297545682638884
1540,37.61819338699674,-122.39887145751392,-32.21465919632465
1541,37.618460445309054,-122.39896763732594,-31.25940537918359
1542,37.618725145297155,-122.39905796245351,-31.171952980570495
1543,37.618903814905266,-122.39912079288513,-30.53278644196689
1544,37.61915315495326,-122.39921081417617,-31.522417769767344
1545,37.61940065950419,-122.39928777320686,-31.5285319192335
1546,37.61964613438934,-122.39937406862775,-32.311109919101
1547,37.61994527103206,-122.39946711478854,-32.24592350795865
1548,37.620224793956,-122.39956859899678,-32.52587667107582
1549,37.620486431316984,-122.39964580429357,-32.31834525708109
1550,37.620725559602164,-122.39971373529166,-33.27559376321733
1551,37.620872158578116,-122.39976582153595,-33.50384762883186
1552,37.62113966580264,-122.39986236920022,-34.95531402248889
1553,37.62134450879051,-122.39993248220003,-33.544003694318235
1554,37.62166854715676,-122.40004744389478,-33.44637324754149
1555,37.62194830247195,-122.40013551265618,-33.21849995106459
1556,37.62221566900757,-122.40022869950013,-31.471842791885138
1557,37.622475512074985,-122.40031801629253,-30.62782054208219
1558,37.62270384985359,-122.40038487972917,-32.791103293187916
1559,37.62294517919753,-122.40047265184808,-34.08126045204699
1560,37.6230672638205,-122.40051438582822,-33.37755290325731
1561,37.62332252001853,-122.40059458369232,-32.05215317476541
1562,37.62357246610973,-122.40067836475164,-31.9838460739702
1563,37.62380993258375,-122.400763243291,-32.09530149586499
1564,37.62417276771099,-122.40087533840854,-32.49276555608958
1565,37.62449140438007,-122.40098626695797,-34.565238445065916
1566,37.62467544170162,-122.40105715140353,-34.76286033913493
1567,37.62495681877051,-122.4011533532606,-31.88038034364581
1568,37.62523727479405,-122.40125385447641,-31.744289335794747
1569,37.6254843280205,-122.40133615475418,-31.76257877331227
1570,37.625690640861755,-122.40140490227077,-31.35095816385001
1571,37.625936218760515,-122.40147922288166,-31.118277918547392
1572,37.62622956953188,-122.40157621761524,-31.485551775433123
1573,37.6264946555926,-122.40165890413833,-31.42528050020337
1574,37.6267540119262,-122.40174403026369,-30.961444476619363
1575,37.62700292676757,-122.4018055900963,-28.741531890816987
1576,37.62716636668197,-122.4018539401018,-29.258210466243327
1577,37.62738632121618,-122.40191689473322,-28.825584419071674
1578,37.62770899673302,-122.40202251191948,-30.81167355645448
1579,37.627883950994395,-122.40206539236965,-31.45808024611324
1580,37.628186136859235,-122.40212797987097,-33.132905463688076
1581,37.62839287273117,-122.40217378042668,-32.43281886447221
1582,37.62867208904134,-122.40223224060519,-31.204820944927633
1583,37.62893860693582,-122.4022756405623,-31.14729307126254
1584,37.62917419281266,-122.40230749692267,-30.770887189544737
1585,37.6293975841397,-122.40233353751856,-31.16159267909825
1586,37.62962201504357,-122.40235548203445,-31.126248239539564
1587,37.62983973896155,-122.40237865462251,-30.95399097725749
1588,37.630104851322656,-122.4024118481206,-32.50269509013742
1589,37.63030914832737,-122.40243365702662,-32.13537901267409
1590,37.630543565899195,-122.40246947077483,-31.59347010869533
1591,37.63066763142086,-122.4024793729839,-32.37262025102973
1592,37.63099466533097,-122.40251573362124,-31.265387611463666
1593,37.631243722361226,-122.40254713443392,-31.60854857414961
1594,37.631488657542896,-122.40257511432547,-32.19856892339885
1595,37.631755784324014,-122.40260267041012,-30.99233434908092
1596,37.63200835231455,-122.40263552675582,-31.259471501223743
1597,37.63224430651665,-122.40267013872503,-31.5953205274418
1598,37.63249082386301,-122.40269480289682,-32.17458417080343
1599,37.63271408971156,-122.4027228030671,-30.794009963981807
1600,37.63291420650322,-122.40274632088777,-30.776103073731065
1601,37.63320553745928,-122.40279715465425,-31.336442076601088
1602,37.63342648514786,-122.40283077595757,-30.632085237652063
1603,37.63366599865621,-122.40287520399993,-30.428366415202618
1604,37.63391004031288,-122.40290680013729,-32.314052999950945
1605,37.63409172866237,-122.40294752602287,-32.197005826979876
1606,37.634335408660476,-122.40299083574983,-32.99249586556107
1607,37.634632285805374,-122.40306274000754,-30.691651207394898
1608,37.63490967229839,-122.40314232532435,-28.771122676320374
1609,37.6351245153289,-122.40322172392675,-29.712185881100595
1610,37.63530374937198,-122.40327207394198,-28.707910949364305
1611,37.63549793759985,-122.40331631404639,-28.7746861865744
1612,37.63564604431432,-122.40337188698595,-28.279877576045692
1613,37.63595013371261,-122.40348631949406,-29.752904183231294
1614,37.636257568339055,-122.40365245548269,-31.26145312283188
1615,37.6365929790219,-122.40380026656382,-31.55290919635445
1616,37.63688366257611,-122.40393201600648,-33.36209087446332
1617,37.637143360409304,-122.40405594209217,-32.207758508622646
1618,37.63739202221185,-122.40419520988141,-32.611116672866046
1619,37.63760237368567,-122.40431307223197,-31.380158758722246
1620,37.63776045744884,-122.40438669042629,-32.38536425307393
1621,37.637944766234625,-122.40449050096511,-31.149602609686553
1622,37.638172963509035,-122.40460121371622,-31.64595564082265
1623,37.63839526941885,-122.40469848555774,-32.32286912482232
1624,37.63858546255263,-122.40479713470975,-32.382260664366186
1625,37.63878965266211,-122.40489736067538,-31.431169031187892
1626,37.63903277379406,-122.40500227770059,-29.452746152877808
1627,37.63929371168903,-122.40511537082193,-29.507849287241697
1628,37.6395185481845,-122.40521683598321,-30.187986600212753
1629,37.639720005978894,-122.40529450935628,-30.1029004259035
1630,37.63990004631293,-122.40535885495089,-30.1655380371958
1631,37.64009028345776,-122.40541278593918,-30.16846437752247
1632,37.64030801574875,-122.40547377164465,-29.057903898879886
1633,37.64053238229417,-122.405540520004,-28.659101852215827
1634,37.64073889419343,-122.40559424447102,-30.23032226972282
1635,37.640948398227856,-122.40565653959241,-30.97646643500775
1636,37.64113550842949,-122.40569828507287,-30.24691593274474
1637,37.64132185681709,-122.4057384124904,-30.705941719934344
1638,37.641493609678776,-122.40576880908073,-31.287602406926453
1639,37.6416691355649,-122.40580282489236,-31.744337565265596
1640,37.64188850004266,-122.40583521941109,-31.65336711704731
1641,37.642091169933686,-122.40585403653145,-30.816909974440932
1642,37.64229393297869,-122.40587730158859,-32.05575303453952
1643,37.642496555455644,-122.40589409827489,-30.123055445961654
1644,37.642678582901276,-122.40590320977056,-29.98827821854502
1645,37.64281094647668,-122.40591075572017,-30.633279147557914
1646,37.642963710040476,-122.40592904322473,-30.57266567554325
1647,37.64319184402237,-122.40594385557642,-30.042877764441073
1648,37.643418325214725,-122.40596329621754,-29.136434390209615
1649,37.64357643225235,-122.40597214589721,-29.498684381134808
1650,37.64377489031213,-122.40599106732145,-30.610632959753275
1651,37.64407945828127,-122.4059960287783,-30.89551427680999
1652,37.64422629632191,-122.40600127047466,-31.94003200251609
1653,37.644459119541246,-122.40600744197988,-31.360887864604592
1654,37.644587494511974,-122.40601742213869,-31.395875782705843
1655,37.64479070460506,-122.40602545854856,-29.925488898530602
1656,37.644967535806025,-122.40603117252049,-29.25740990974009
1657,37.64518378613389,-122.40604256373807,-29.834984755143523
1658,37.645399052985084,-122.40605856198471,-30.44154885597527
1659,37.64556238402509,-122.40607016824394,-30.86678531114012
1660,37.64573794347117,-122.40607361280946,-31.257258382625878
1661,37.64586526661655,-122.40607103067933,-32.09240457136184
1662,37.64603482192563,-122.40608552409071,-31.85256502777338
1663,37.646121189094984,-122.40608578938401,-31.79018686339259
1664,37.64620164712394,-122.40607811418454,-32.1979012330994
1665,37.64629950565023,-122.40604634165555,-32.61344801913947
1666,37.64638004963932,-122.40600760733079,-32.849329229444265
1667,37.64645558710463,-122.4059458426105,-33.27426011301577
1668,37.646488501945655,-122.4059115177118,-31.483961459249258
1669,37.64653674558472,-122.40583948394017,-28.49594396073371
1670,37.646567036159205,-122.40577661925373,-25.54469121620059
1671,37.6465579510811,-122.40572569597728,-25.102190765552223
1672,37.64655038389749,-122.4056904254658,-25.099114602431655
1673,37.64651962799724,-122.40566193210627,-24.997157271020114
1674,37.646478698686046,-122.40563611079904,-25.923121677711606
1675,37.64643802782442,-122.40562131832559,-25.483589477837086
1676,37.64637444631698,-122.40560107494792,-23.703581677749753
1677,37.64631979512391,-122.40558222500995,-21.91128743160516
1678,37.646275218133546,-122.40554865368551,-24.840215737000108
1679,37.64620954515602,-122.40553429785815,-27.615805072709918
1680,37.64614903732841,-122.40552934217463,-27.621856899000704
1681,37.646102211388644,-122.40552650296604,-25.65420471318066
1682,37.64607947265879,-122.40554744585458,-22.840154694393277
1683,37.646066233006025,-122.4055554235222,-23.04910672735423
1684,37.64605543943148,-122.4055740760647,-22.73959124647081
1685,37.64604074831983,-122.40558460885451,-22.26234000455588
1686,37.64603725044387,-122.40560505643764,-23.412180468440056
1687,37.64602752622806,-122.40563447951226,-22.447130672633648
1688,37.64602630592329,-122.4056738354647,-21.930634347721934
1689,37.64602187868808,-122.40575259958692,-20.619794180616736
1690,37.646014092030896,-122.40578727673986,-22.674005180597305
1691,37.645994380259275,-122.40581552169225,-26.462064124643803
1692,37.64596680032236,-122.40584093238182,-26.76637031789869
1693,37.645948347667975,-122.40584558755481,-26.47995817568153
1694,37.64593204223203,-122.40584716941567,-27.39818524569273
1695,37.645916332424115,-122.40584667005713,-27.741431369446218
1696,37.64590783867923,-122.40582955136826,-28.040511578321457
1697,37.645885596363904,-122.40580200018006,-29.214506475254893
1698,37.64588032971327,-122.40575949912645,-27.846920863725245
1699,37.64586880648206,-122.40572304107198,-27.339789445511997
1700,37.64585734807886,-122.40569219067609,-26.698037289083004
1701,37.64584007256095,-122.40567682863728,-24.9752752892673
1702,37.645799880605495,-122.40567827914998,-23.005846917629242
1703,37.645797284543654,-122.40565419077248,-24.05960387736559
1704,37.645790792095006,-122.40566101561932,-24.363179938867688
1705,37.645780692750456,-122.4056657739852,-22.340627908706665
1706,37.64577134102098,-122.40567611133226,-22.53701168578118
1707,37.64576225341318,-122.40568260384451,-20.33299613185227
1708,37.645746155847135,-122.40568776552513,-20.26742347702384
1709,37.645754644682114,-122.4057022573782,-20.724359169602394
1710,37.6457676089541,-122.40569826236784,-21.491030764766037
1711,37.645792539653954,-122.40568143875838,-22.928746227174997
1712,37.64578817555416,-122.40568374482102,-21.911713138222694
1713,37.64577561388475,-122.40567862229852,-20.507565788924694
1714,37.64575728119873,-122.40568343063372,-17.81757638975978
1715,37.645773234093966,-122.40566067540614,-16.457677873782814
1716,37.64580257254007,-122.40564371624035,-13.739271281287074
1717,37.64582005613618,-122.40562822523474,-17.27260547876358
1718,37.64580658568232,-122.40563967103027,-10.642110776156187
1719,37.64578735736838,-122.40563857268093,-4.308511346578598
1720,37.64578096453861,-122.40562771596764,-2.4843284310773015
1721,37.64578218390746,-122.40561386171032,-4.027510275132954
1722,37.64577480754231,-122.40561297070582,-6.493598228320479
1723,37.64578266805227,-122.40559904256264,-9.823520786128938
1724,37.64579374356906,-122.405589651333,-11.136484825983644
1725,37.64579499183349,-122.40558246298953,-14.682838910259306
1726,37.64579973424247,-122.40558312346879,-14.64040500111878
1727,37.64579884293562,-122.40558499309829,-18.396911774761975
1728,37.6457947690663,-122.40558506941885,-23.728727941401303
1729,37.64578453277284,-122.40558986213884,-27.072818698361516
1730,37.645786422821594,-122.4055871585425,-28.622206980362535
1731,37.64577935970013,-122.40558038887809,-27.507059530355036
1732,37.64576667847951,-122.40557873526764,-26.175837265327573
1733,37.645755647502035,-122.40558293841801,-24.33957107271999
1734,37.64575222501079,-122.4055899113703,-22.226535166613758
1735,37.64576737082806,-122.40559219076597,-27.201853948645294
1736,37.645783478583304,-122.40560142871038,-30.42027960717678
1737,37.64578340430334,-122.4056092232022,-31.287470730021596
1738,37.645784423076186,-122.40560575665582,-34.363291596993804
1739,37.64579070781914,-122.40560319522783,-35.43229873012751
1740,37.64580207575744,-122.40560165626161,-36.202816968783736
