121.0,2.0,-5.3846147500607415,-3.308673,-0.249902,-7.074887444724253
121.0,5.0,-4.539968339648803,-8.32445,-5.137482,-6.230241034312315
121.0,6.0,-6.31511919122707,-8.899894,-1.373527,-8.005391885890582
121.0,12.0,-2.4298948502489734,-3.712128,1.446088,-4.120167544912485
121.0,19.0,-4.967953292010822,-8.294229,-4.628035,-6.658225986674334
121.0,24.0,3.6132115448155933,4.191727,0.84137,1.9229388501520817
121.0,25.0,-0.302390484699643,-0.930181,4.833276,-1.9926631793631546
121.0,29.0,3.485396323494779,16.219181,6.281032,1.7951236288312675
122.0,2.0,-5.473291374868008,-1.105494,0.873696,-6.496283716765183
122.0,5.0,-5.0933686624603585,-11.409722,-4.368546,-6.116361004357533
122.0,6.0,-6.542919184523349,-2.873357,-0.197348,-7.565911526420524
122.0,12.0,-2.6797205773017367,-1.785445,2.317759,-3.7027129191989117
122.0,19.0,-4.260406558725941,-5.066373,-3.484966,-5.283398900623116
122.0,24.0,3.646166959652728,1.106369,0.681426,2.623174617755553
122.0,25.0,-0.47155784140454315,1.468605,5.153059,-1.494550183301718
122.0,29.0,2.871452977018018,12.792377,5.817489,1.8484606351208432
123.0,2.0,-7.54677016828399,-8.678623,1.534098,-7.514656532017769
123.0,5.0,-5.870791185333034,-16.790818,-4.570434,-5.838677549066813
123.0,6.0,-7.277531045341503,-2.634886,0.849703,-7.245417409075282
123.0,12.0,-4.770404429595946,-6.453012,2.776794,-4.738290793329725
123.0,19.0,-2.275660308276713,-2.185424,-2.599495,-2.2435466720104924
123.0,24.0,2.2139461057909333,-8.687568,-0.112971,2.2460597420571538
123.0,25.0,-2.948903191922848,-1.147155,5.574005,-2.9167895556566275
123.0,29.0,-2.625369980969774,17.220752,5.561517,-2.5932563447035535
124.0,2.0,-5.552069240240734,-5.858819,0.530958,-5.4437552302061585
124.0,5.0,-6.481953843220632,-7.514775,-5.956891,-6.373639833186056
124.0,6.0,-6.35456612310392,-10.972099,0.504039,-6.246252113069344
124.0,12.0,-3.0344489782160258,1.249698,1.766661,-2.9261349681814504
124.0,19.0,-3.882430515319743,-1.824011,-2.883218,-3.7741165052851677
124.0,24.0,2.644097405426977,-1.818252,-1.239936,2.752411415461552
124.0,25.0,-1.0959520810886465,2.296252,5.270712,-0.9876380710540709
124.0,29.0,2.410835365964097,45.009092,5.479233,2.5191493759986723
125.0,2.0,-6.75364116195051,7.864365,0.441032,-5.810288670238302
125.0,5.0,-7.12316307647592,1.18221,-6.07209,-6.179810584763713
125.0,6.0,-6.388347524256913,2.470071,0.683596,-5.444995032544705
125.0,12.0,-3.9917992756589094,8.71252,1.560245,-3.048446783946702
125.0,19.0,-4.144268785658427,0.833193,-2.57334,-3.2009162939462192
125.0,24.0,-0.6898180708340158,-1.63048,-1.67788,0.25353442087819156
125.0,25.0,-2.1251726852294883,11.581243,5.06241,-1.181820193517281
125.0,29.0,0.04152736775108856,-11.844796,5.129756,0.9848798594632959
126.0,2.0,-6.468367710370486,5.292166,0.404083,-3.534408285613532
126.0,5.0,-7.710555728603761,-3.799285,-5.876597,-4.776596303846807
126.0,6.0,-6.102189368680306,-8.748792,1.112206,-3.168229943923352
126.0,12.0,-3.3282333618208675,5.028385,1.233642,-0.39427393706391367
126.0,19.0,-4.44086815094029,-0.285575,-1.759911,-1.5069087261833358
126.0,24.0,-1.1613022373587434,9.660903,-2.379707,1.7726571873982104
126.0,25.0,-2.4602381344296074,7.559015,4.489586,0.47372129032734644
126.0,29.0,0.4570068424666589,8.732656,4.20732,3.3909662672236127
127.0,2.0,-7.072885782734847,5.772555,0.382423,-2.2362421796909366
127.0,5.0,-7.806336345075116,-6.171503,-5.33707,-2.9696927420312056
127.0,6.0,-5.461355581868431,-2.118934,1.586119,-0.6247119788245206
127.0,12.0,-3.357359612118102,5.369021,0.833314,1.4792839909258082
127.0,19.0,-4.8032698822861395,-1.323656,-0.708331,0.0333737207577709
127.0,24.0,-1.4954525071224283,-1.096461,-3.064632,3.341191095921482
127.0,25.0,-3.316387366291443,10.874044,3.629132,1.5202562367524672
127.0,29.0,-2.4203834590998436,6.535665,2.935699,2.4162601439440667
128.0,2.0,-5.68909876044039,1.825501,0.836292,-5.821640550579015
128.0,5.0,-3.871493923809498,-6.817464,-4.153185,-4.004035713948122
128.0,12.0,-2.645097503769074,-2.416167,1.122704,-2.7776392939076984
128.0,19.0,-1.3998108841869383,6.924808,-0.139489,-1.5323526743255627
128.0,24.0,1.3065440121963965,3.266645,-2.59575,1.1740022220577722
128.0,25.0,-1.0615741947017803,0.102351,3.242384,-1.1941159848404046
128.0,29.0,0.7033483547222179,-3.779662,2.330725,0.5708065645835936
129.0,2.0,-8.38016896687256,-6.491138,1.33642,-2.600334439684877
129.0,5.0,-9.372013421624544,-9.241544,-2.809898,-3.592178894436861
129.0,6.0,-6.847871813022653,-4.78024,1.910045,-1.0680372858349703
129.0,12.0,-6.399227890887828,-7.224187,1.541821,-0.6193933637001452
129.0,19.0,-5.61087159221558,-2.318705,0.192236,0.1689629349721029
129.0,24.0,0.5314922605220591,8.886694,-1.749017,6.311326787709742
129.0,25.0,-5.372639371505226,-1.601778,2.950871,0.4071951556824569
129.0,29.0,-4.030401143127636,-1.926508,1.948426,1.7494333840600467
130.0,2.0,-9.197981649828973,-11.707212,1.148137,-4.975333914807429
130.0,5.0,-9.398005155024368,-11.772687,-2.218261,-5.175357420002824
130.0,6.0,-7.127080021790923,-3.722031,1.551554,-2.904432286769379
130.0,12.0,-8.242485453746987,-8.535967,1.330988,-4.019837718725443
130.0,19.0,-5.665620274963201,0.799347,0.127839,-1.4429725399416569
130.0,24.0,-1.9180407466774652,-5.219244,-1.321051,2.304606988344079
130.0,25.0,-6.250550713908299,-2.928269,2.451241,-2.027902978886755
130.0,29.0,-4.413522486820563,-5.864001,1.642023,-0.19087475179901858
131.0,2.0,-6.534513242768726,-10.090385,1.113533,-3.3889158272829762
131.0,5.0,-5.634667234899111,-9.386418,-1.31871,-2.489069819413362
131.0,6.0,-4.973058808591199,7.519328,1.268257,-1.82746139310545
131.0,12.0,-4.549658840762822,-7.526144,1.24357,-1.4040614252770727
131.0,19.0,-4.920956410044068,-4.382232,0.192628,-1.775358994558319
131.0,24.0,-2.1068725149843193,-7.605777,-0.737182,1.03872490050143
131.0,25.0,-3.0990094993808217,-3.238325,1.903626,0.04658791610492763
131.0,29.0,-3.799433896652652,-3.762518,1.228058,-0.6538364811669028
132.0,2.0,-8.630285175596892,5.166887,0.998366,-5.314485376348426
132.0,5.0,-8.821406009412344,-4.900979,-0.727346,-5.505606210163878
132.0,6.0,-6.616397471339188,7.426831,1.013874,-3.3005976720907215
132.0,12.0,-7.289413468268945,4.310318,1.08596,-3.9736136690204784
132.0,19.0,-6.037008904199469,5.503447,0.219707,-2.7212091049510025
132.0,24.0,-2.842611528761005,3.208714,-0.373394,0.4731882704874617
132.0,25.0,-5.624657908351781,1.167337,1.443047,-2.3088581091033147
132.0,29.0,-3.925680896579368,5.819074,0.892366,-0.6098810973309012
133.0,2.0,-11.94525767455442,-8.007612,1.004943,0.4587595050916917
133.0,5.0,-13.156905797697828,-8.188504,-0.527706,-0.7528886180517169
133.0,6.0,-12.516909643588797,13.051542,0.979171,-0.1128924639426856
133.0,12.0,-12.219076186024571,-2.036402,1.072535,0.18494099362153982
133.0,19.0,-10.960336972229179,-8.71595,0.264213,1.4436802074169321
133.0,24.0,-11.199190498998863,-9.203454,-0.269247,1.2048266806472476
133.0,25.0,-13.161768461675571,0.887843,1.322597,-0.7577512820294601
133.0,29.0,-10.483140621624184,31.534646,0.782355,1.9208765580219271
134.0,2.0,-12.02221037638125,-7.346022,1.004364,-3.2455543490556806
134.0,5.0,-11.777015020736673,-2.97839,-0.551235,-3.000358993411105
134.0,6.0,-11.258987236660897,2.342024,0.997282,-2.482331209335328
134.0,12.0,-12.528977085332386,-3.258334,1.066622,-3.7523210580068174
134.0,19.0,-9.770533539563136,3.244722,0.280653,-0.9938775122375674
134.0,24.0,-9.953729614872048,-4.001044,-0.30416,-1.177073587546479
134.0,25.0,-11.578969689402523,-6.964679,1.325543,-2.802313662076955
134.0,29.0,-9.799739855248172,2.61751,0.773583,-1.023083827922603
135.0,2.0,-9.57952136688268,-8.460561,0.98392,-6.219768675024632
135.0,5.0,-9.255327793558891,-9.0661,-0.798565,-5.895575101700842
135.0,6.0,-8.029864799107976,3.655205,1.073626,-4.670112107249928
135.0,12.0,-9.772909605119516,-5.966301,1.046446,-6.413156913261467
135.0,19.0,-6.347817108191883,-3.295456,0.289733,-2.988064416333834
135.0,24.0,-5.286001378596097,-5.019273,-0.504817,-1.9262486867380484
135.0,25.0,-7.524082792893521,-2.841137,1.426236,-4.164330101035473
135.0,29.0,-4.705068784101335,-5.559884,0.834423,-1.3453160922432859
136.0,2.0,-5.47914590046704,-3.212107,1.050839,-4.771070665817777
136.0,5.0,-3.7907487509391813,1.412137,-1.177657,-3.0826735162899173
136.0,6.0,-4.043479110229934,0.092347,1.295114,-3.3354038755806705
136.0,12.0,-4.842252555495765,-5.0799,1.104873,-4.134177320846502
136.0,19.0,-3.3073791299927775,-4.528713,0.370537,-2.599303895343514
136.0,24.0,-0.5242530272738382,-10.913007,-0.842418,0.18382220737542565
136.0,25.0,-1.958508887074422,0.769655,1.661211,-1.2504336524251582
136.0,29.0,-3.539327834954986,-0.008925,0.944434,-2.8312526003057226
137.0,2.0,-4.615191638700465,1.769807,1.630738,-0.5372069553839811
137.0,5.0,-4.85144929114102,0.440458,-0.957831,-0.7734646078245362
137.0,6.0,-4.236931954358692,-1.442,1.909479,-0.15894727104220774
137.0,12.0,-4.130571668784711,-0.271007,1.587673,-0.05258698546822682
137.0,19.0,-4.260745288600639,-1.721788,0.878009,-0.18276060528415528
137.0,24.0,-5.14516255092832,-5.31034,-0.973771,-1.0671778676118358
137.0,25.0,-3.388984534356956,7.16987,1.963281,0.6890001489595283
137.0,29.0,-3.4893681379291106,2.757947,0.852029,0.5886165453873735
138.0,2.0,-6.594267409246139,-6.680677,1.688603,-0.24703679317012028
138.0,5.0,-6.608398714292136,-1.020717,-0.152469,-0.26116809821611753
138.0,6.0,-7.582530371605474,0.114339,2.081493,-1.2352997555294554
138.0,12.0,-7.844061608692552,-2.506201,1.413702,-1.496830992616534
138.0,19.0,-6.0983237378470685,-2.641138,1.517927,0.24890687822894986
138.0,24.0,-7.403767705871122,-5.992849,-1.008814,-1.0565370897951034
138.0,25.0,-5.859531225989039,14.034345,1.274279,0.4876993900869797
138.0,29.0,-5.0844414851249145,-4.353629,-0.028957,1.262789130951104
139.0,2.0,-3.568474825651711,2.49591,0.836191,3.2378299550416405
139.0,5.0,-3.667363746858499,-2.620045,-0.291027,3.1389410338348527
139.0,6.0,-5.431836087558525,-4.850412,2.003211,1.3744686931348262
139.0,12.0,-4.913555769218427,-7.06519,0.221205,1.8927490114749244
139.0,19.0,-3.0962500625286875,-4.633542,2.166246,3.710054718164664
139.0,24.0,-8.088311718356533,-0.965614,-2.102737,-1.2820069376631809
139.0,25.0,-5.563179789901127,-19.604579,0.002178,1.243124990792225
139.0,29.0,-0.30745837451475566,10.973453,-1.365385,6.498846406178596
140.0,2.0,-1.7033565923627618,3.197708,0.436855,7.513806484065827
140.0,5.0,-2.928326892581423,1.111532,-0.791159,6.288836183847166
140.0,6.0,-5.425742360177063,-1.801432,2.06526,3.791420716251526
140.0,12.0,-3.914326187400678,-2.19288,-0.300932,5.302836889027911
140.0,19.0,-0.8181525778032368,1.033307,2.394242,8.399010498625351
140.0,24.0,-11.016176447670386,1.180171,-2.860387,-1.7990133712417968
140.0,25.0,-6.865256677703515,10.720199,-0.326763,2.351906398725074
140.0,29.0,0.9071910169959256,-6.244204,-1.761174,10.124354093424515
141.0,2.0,-0.5091704963993546,5.379987,0.82111,2.9756046739477493
141.0,5.0,-2.4512325706593563,3.147455,-0.180526,1.0335425996877476
141.0,6.0,-5.337264893815758,2.209696,2.556516,-1.8524897234686537
141.0,12.0,-3.3963150702036304,1.86172,-0.122636,0.0884601001434735
141.0,19.0,-0.4765671117372072,6.97264,3.109437,3.0082080586098967
141.0,24.0,-9.742665631458333,-3.867524,-2.989748,-6.257890461111229
141.0,25.0,-6.63156904490302,1.838238,-0.568563,-3.146793874555916
141.0,29.0,0.16152629513096173,-1.128909,-2.368998,3.6463014654780657
142.0,2.0,0.45246488347976843,12.322744,1.229011,-1.008694676139406
142.0,5.0,-1.7887305002390068,7.157489,-0.179999,-3.2498900598581812
142.0,6.0,-0.7675621557325449,-0.082945,3.055954,-2.2287217153517194
142.0,12.0,-4.7725715927124615,4.845789,0.212231,-6.233731152331636
142.0,19.0,0.746139244448246,1.075172,3.490303,-0.7150203151709285
142.0,24.0,-4.46503719551257,3.881413,-3.221266,-5.926196755131745
142.0,25.0,-6.054193883771907,18.521202,-0.288177,-7.515353443391081
142.0,29.0,0.5216060064081098,-4.071642,-2.403433,-0.9395535532110646
143.0,2.0,-0.02153902265123886,14.58112,2.526953,0.839017676266181
143.0,5.0,-2.8370445793303816,4.79065,0.266832,-1.9764878804129618
143.0,6.0,-4.2795013403450515,-1.693594,3.552897,-3.4189446414276317
143.0,12.0,-4.208884798701101,5.309377,1.775364,-3.3483280997836813
143.0,19.0,0.0762350996287573,-19.597115,3.221514,0.9367917985461771
143.0,24.0,-8.134803907218114,-3.952055,-2.116899,-7.274247208300694
143.0,25.0,-6.536575527746846,18.634278,1.149146,-5.676018828829426
143.0,29.0,0.6247261542876901,11.448314,-1.17639,1.4852828532051099
144.0,2.0,-1.956260846949914,1.29135,3.821306,0.8536611521886233
144.0,5.0,-3.4498927321704755,4.986245,0.558973,-0.6399707330319382
144.0,6.0,-5.0154785021816455,2.71428,4.521782,-2.205556503043108
144.0,12.0,-3.813022421120774,-1.656425,3.110808,-1.0031004219822366
144.0,19.0,-0.9712197000724281,1.416837,3.616007,1.8387022990661093
144.0,24.0,-9.350706950766217,-5.284631,-1.806167,-6.540784951627679
144.0,25.0,-6.253425199274053,1.50734,2.315326,-3.443503200135516
144.0,29.0,0.46436378811022827,-5.1104,-0.56686,3.2742857872487656
145.0,2.0,-6.35779677561581,4.034391,3.403072,-1.6464083547020696
145.0,5.0,-6.041756920299928,0.0842,-0.681762,-1.3303684993861875
145.0,6.0,-6.686738508910754,0.946949,4.799007,-1.975350087997013
145.0,12.0,-7.477109128063569,2.820029,2.596114,-2.7657207071498284
145.0,19.0,-3.3430596733041105,12.249515,3.807384,1.3683287476096302
145.0,24.0,-7.0349428749808105,-4.481775,-3.084236,-2.32355445406707
145.0,25.0,-6.222423138312509,7.688174,2.369045,-1.5110347173987684
145.0,29.0,-5.375627831324463,1.226525,-0.680411,-0.6642394104107225
146.0,2.0,-3.567007306239073,-0.600126,0.935724,1.7505435540633054
146.0,5.0,-3.5152376457086874,-8.630561,-2.62444,1.802313214593691
146.0,6.0,-4.844718971402315,4.778365,3.724294,0.4728318889000631
146.0,12.0,-3.7693237595188105,-6.554483,-0.08295,1.548227100783568
146.0,19.0,-2.6317606116754857,-1.162178,3.532645,2.6857902486268928
146.0,24.0,-9.386579386601511,-5.168336,-5.19409,-4.069028526299133
146.0,25.0,-5.201748661082949,-3.626509,0.61696,0.1158021992194298
146.0,29.0,-1.4782173294537957,-7.826113,-1.8344,3.8393335308485828
147.0,2.0,-2.236725557294874,-8.553365,0.04791,1.1027117103524184
147.0,5.0,-3.1313451363996823,-6.006723,-2.820065,0.20809213124761028
147.0,6.0,-5.2082143586937875,2.36774,3.284881,-1.868777091046495
147.0,12.0,-4.352551914340525,-7.069842,-1.122815,-1.0131146466932326
147.0,19.0,-1.5069868241609505,7.591924,3.618046,1.832450443486342
147.0,24.0,-5.83682622673819,-12.068458,-5.76772,-2.4973889590908978
147.0,25.0,-5.642608402648377,-9.014731,-0.373696,-2.3031711350010844
147.0,29.0,-0.9344027494181049,-7.168439,-2.613506,2.4050345182291877
148.0,2.0,-2.717513645275994,-6.940611,0.709401,3.4405171033626383
148.0,5.0,-2.981792312994399,-12.036586,-2.164334,3.1762384356442332
148.0,6.0,-5.391304973545612,-1.285925,3.900381,0.7667257750930201
148.0,12.0,-3.6048187309170694,-5.703762,-0.610122,2.5532120177215627
148.0,19.0,-4.297101571729678,-8.086942,4.277471,1.8609291769089538
148.0,24.0,-6.427877556247455,-5.745115,-5.700896,-0.26984680760882274
148.0,25.0,-5.075412868580823,3.142199,-0.282838,1.0826178800578088
148.0,29.0,-1.5067264501048157,1.478236,-2.94276,4.651304298533816
149.0,2.0,-3.190641532763175,-10.256187,1.221887,2.6564508478444147
149.0,5.0,-3.0372987667431888,-11.492862,-1.906464,2.809793613864401
149.0,6.0,-4.875754526267296,-2.931427,4.117341,0.9713378543402937
149.0,12.0,-3.6488273713068957,-7.418727,-0.021501,2.198265009300694
149.0,19.0,-3.9523765279343204,-9.454077,4.246804,1.8947158526732695
149.0,24.0,-7.622668936131377,-9.942115,-5.282837,-1.775576555523787
149.0,25.0,-4.761102696030083,12.521075,0.2023,1.0859896845775072
149.0,29.0,-1.806468792790032,-0.274764,-2.56312,4.040623587817558
150.0,2.0,-3.5850491697929536,1.709487,1.416134,1.3319756847516881
150.0,5.0,-2.9845884854439615,3.670981,-1.558098,1.9324363691006803
150.0,6.0,-4.278803457332849,1.503318,4.168503,0.6382213972117929
150.0,12.0,-3.778894980920895,-3.391404,0.166486,1.1381298736237468
150.0,19.0,-2.454071819038926,6.292257,4.3193,2.462953035505716
150.0,24.0,-7.829116659803613,-11.835661,-5.024569,-2.912091805258971
150.0,25.0,-4.107965740539916,-2.937571,0.211053,0.8090591140047261
150.0,29.0,-2.3511681061719982,0.474309,-2.592535,2.5658567483726435
151.0,2.0,-2.603199620203754,6.008055,1.308622,3.0153036358424004
151.0,5.0,-2.9130850649323947,-0.113564,-1.404761,2.70541819111376
151.0,6.0,-5.250329711089708,1.382674,3.876224,0.3681735449564467
151.0,12.0,-3.6053129462664715,3.935785,0.132694,2.013190309779683
151.0,19.0,-2.6141844308924425,5.933231,4.047673,3.004318825153712
151.0,24.0,-6.125351318727169,-6.904702,-4.675366,-0.5068480626810148
151.0,25.0,-5.211490857838152,21.033428,0.146463,0.4070123982080025
151.0,29.0,-1.3598036966692102,8.795012,-2.4649,4.258699559376945
152.0,2.0,-1.1937974148482011,0.195606,1.276598,3.667673453331288
152.0,5.0,-3.244214016957362,-3.183318,-1.583814,1.6172568512221268
152.0,6.0,-4.7569681330401234,1.881977,3.546972,0.10450273513936548
152.0,12.0,-4.043686891323904,-0.617442,0.298826,0.8177839768555852
152.0,19.0,-1.0995490083622688,11.477346,3.466346,3.76192185981722
152.0,24.0,-5.8596956611305036,-5.0696,-4.228542,-0.9982247929510146
152.0,25.0,-5.706021472314347,-1.418871,0.506666,-0.8445506041348585
152.0,29.0,0.13298432597277454,-2.81603,-1.842815,4.9944551941522635
153.0,2.0,0.007806400082686515,-4.200545,2.419376,3.490560081327113
153.0,5.0,-2.736757951935113,-0.802196,-0.990747,0.7459957293093136
153.0,6.0,-3.9379167140531415,3.462475,3.829252,-0.45516303280871506
153.0,12.0,-4.420841216923208,4.571033,1.718691,-0.9380875356787812
153.0,19.0,0.04963851216606585,10.181637,3.091321,3.5323921934104923
153.0,24.0,-7.8063867544892265,0.822834,-2.970173,-4.3236330732448
153.0,25.0,-5.938098582210967,-2.367523,1.742692,-2.4553449009665402
153.0,29.0,0.42310139677537784,-4.284946,-0.69282,3.9058550780198042
154.0,2.0,-2.6966067916781977,13.872898,4.762948,0.7627082141176875
154.0,5.0,-3.8543071709893235,8.283931,1.801215,-0.39499216519343827
154.0,6.0,-4.753285220935961,6.522676,4.970155,-1.2939702151400758
154.0,12.0,-4.334909265829294,9.889057,4.006837,-0.875594260033409
154.0,19.0,-2.4881263320259768,10.144192,4.044206,0.9711886737699085
154.0,24.0,-10.035918781510384,-3.038825,-0.973212,-6.576603775714499
154.0,25.0,-5.955144861210777,4.109416,2.554858,-2.495829855414892
154.0,29.0,0.451658593241965,3.924528,-0.626731,3.9109735990378502
155.0,2.0,-2.7398682176857414,5.531051,3.576635,-2.0445788106725873
155.0,5.0,-3.393962316536369,1.478509,2.06607,-2.698672909523215
155.0,6.0,-1.616633151441616,9.509873,4.314301,-0.921343744428462
155.0,12.0,-4.512967653961676,9.600255,2.548501,-3.817678246948522
155.0,19.0,-1.0580818391302618,4.445751,4.331202,-0.3627924321171079
155.0,24.0,-10.360061359764385,13.748874,-1.521043,-9.66477195275123
155.0,25.0,-5.908084210653561,11.297165,0.867378,-5.212794803640407
155.0,29.0,0.8477316983569976,-2.223479,-2.027514,1.5430211053701515
156.0,2.0,-0.2446438795567305,-9.174131,2.909404,0.07754759771171371
156.0,5.0,-2.4191633493436093,-2.834271,1.971039,-2.096971872075165
156.0,6.0,-3.638937660725097,-2.979882,3.67513,-3.3167461834566527
156.0,12.0,-3.9873856850119784,-8.595636,1.92424,-3.665194207743534
156.0,19.0,0.7012084564374064,17.505016,3.938034,1.0233999337058506
156.0,24.0,-9.66835235644384,-11.259837,-1.444883,-9.346160879175397
156.0,25.0,-6.439003192219154,-8.002634,0.336765,-6.1168117149507095
156.0,29.0,0.9820986293398537,-12.40112,-2.169818,1.304290106608298
157.0,2.0,-1.0394619614323881,18.859544,2.97411,-0.9053079422293702
157.0,5.0,-2.770029422957088,17.587435,2.167194,-2.63587540375407
157.0,6.0,-4.026582244924148,22.289696,3.754961,-3.89242822572113
157.0,12.0,-3.9232626507634634,19.401997,1.937048,-3.7891086315604454
157.0,19.0,0.6949464942304626,-3.145206,4.103622,0.8291005134334806
157.0,24.0,-10.23795242618965,7.963118,-1.44372,-10.103798406986632
157.0,25.0,-6.661185775677805,10.439646,0.2244,-6.527031756474787
157.0,29.0,0.6639258778995236,4.142254,-2.350139,0.7980798971025416
158.0,2.0,-0.4087404381185147,-4.303542,3.297424,2.288854919135766
158.0,5.0,-2.8831242562806367,-5.878165,2.338149,-0.18552889902635616
158.0,6.0,-4.579530670866539,6.963086,3.833207,-1.8819353136122587
158.0,12.0,-3.697376260459074,-3.606905,2.339411,-0.9997809032047935
158.0,19.0,0.8725703718264368,-1.224729,3.996691,3.5701657290807174
158.0,24.0,-10.725581383364993,-18.171483,-1.085234,-8.027986026110712
158.0,25.0,-6.655380939190714,3.914646,0.5737,-3.957785581936433
158.0,29.0,1.3350408428440197,-3.881726,-2.024653,4.032636200098301
159.0,2.0,0.494584903824153,-17.019779,3.961056,1.2252991029386413
159.0,5.0,-3.0944088300542236,5.2958,2.694655,-2.3636946309397353
159.0,6.0,-3.3170723768122548,-16.756905,3.954248,-2.5863581776977664
159.0,12.0,-3.8800171825633543,-8.488431,3.185777,-3.149302983448866
159.0,19.0,0.30972081669375306,2.906303,3.718073,1.0404350158082414
159.0,24.0,-9.983121919344294,-12.561327,-0.284502,-9.252407720229805
159.0,25.0,-6.598858055988945,-2.476153,1.318875,-5.868143856874457
159.0,29.0,1.0667004997434235,-6.288839,-1.299136,1.7974146988579118
160.0,2.0,-1.9209746308246975,2.381785,4.125072,-2.2392816439268164
160.0,5.0,-3.6003272190707865,5.148634,2.898002,-3.9186342321729053
160.0,6.0,-1.6545380855638236,17.295681,3.743666,-1.9728450986659425
160.0,12.0,-4.188033941127912,6.848969,3.502089,-4.506340954230032
160.0,19.0,-0.57991113176982,-5.089261,3.332601,-0.898218144871939
160.0,24.0,-10.691107732352151,10.295904,0.321726,-11.00941474545427
160.0,25.0,-6.154673445881733,-2.598847,1.610536,-6.472980458983852
160.0,29.0,1.0135130833389407,4.110718,-0.840725,0.6952060702368218
161.0,2.0,-2.0820539609692856,-3.664947,3.749538,-1.9301486882507308
161.0,5.0,-3.562553233500225,-2.54976,2.561585,-3.41064796078167
161.0,6.0,-2.6481662713125287,-3.981549,3.445068,-2.496260998593974
161.0,12.0,-4.215193998122901,-12.033001,3.17524,-4.063288725404346
161.0,19.0,-0.22342977018610366,17.6786,3.056829,-0.07152449746754885
161.0,24.0,-10.482835283982343,-26.077099,0.209309,-10.330930011263789
161.0,25.0,-6.2172683298795235,0.269718,1.487471,-6.065363057160969
161.0,29.0,0.9970957601061192,-21.844388,-0.766166,1.149001032824674
162.0,2.0,-0.6680390782655508,7.253516,3.309597,3.687505370097565
162.0,5.0,-3.2297607563562076,5.653481,2.007325,1.125783692006908
162.0,6.0,-5.0768970224858645,-0.016065,3.601905,-0.7213525741227489
162.0,12.0,-3.647262966068727,3.660788,2.549786,0.7082814822943888
162.0,19.0,0.6838014839319788,19.275724,3.444574,5.039345932295094
162.0,24.0,-11.262089372219831,-1.432914,-0.766983,-6.906544923856716
162.0,25.0,-6.451786804967302,2.674873,1.051387,-2.0962423566041863
162.0,29.0,1.413496116023996,-4.290272,-1.339632,5.769040564387112
163.0,2.0,3.534928595268248,-3.013366,3.291873,5.464579046713725
163.0,5.0,-1.3861777283654702,2.395592,1.825115,0.5434727230800074
163.0,6.0,-2.738626337075227,0.96771,3.594371,-0.8089758856297493
163.0,12.0,-3.453082295381612,-3.365732,2.564348,-1.5234318439361343
163.0,19.0,0.664091805243447,9.064125,3.35312,2.5937422566889246
163.0,24.0,-12.206623546742073,-12.180954,-0.8172,-10.276973095296595
163.0,25.0,-6.306545840306042,-4.522986,1.173197,-4.376895388860564
163.0,29.0,2.8085952728465777,-4.221977,-1.198228,4.738245724292055
164.0,2.0,5.016375281509731,22.687269,4.11903,5.169825172838669
164.0,5.0,-3.080252239719177,0.282322,3.197971,-2.9268023483902397
164.0,6.0,-1.4332295952115617,7.307199,3.946977,-1.2797797038826242
164.0,12.0,-3.076135678664018,5.162377,3.32302,-2.9226857873350807
164.0,19.0,-1.66365506908744,1.669831,3.81777,-1.5102051777585026
164.0,24.0,-12.653843800566012,7.42496,0.045122,-12.500393909237074
164.0,25.0,-6.261360357593915,-3.636595,1.194895,-6.107910466264977
164.0,29.0,2.104156755495813,0.829191,-1.439314,2.2576066468247507
165.0,2.0,3.6947963814463414,8.924529,4.159352,2.906286901827591
165.0,5.0,-1.0302023780482328,2.002226,4.122645,-1.818711857666983
165.0,6.0,0.5878730548553808,5.852891,3.569913,-0.2006364247633694
165.0,12.0,-3.0401000463801053,0.565621,3.40144,-3.8286095259988553
165.0,19.0,2.434580987723871,-1.656198,3.678249,1.646071508105121
165.0,24.0,-13.439553885266914,-7.329194,0.892979,-14.228063364885664
165.0,25.0,-6.126743912097462,-5.985173,0.838867,-6.915253391716212
165.0,29.0,0.15520277163404117,-3.672264,-1.588669,-0.633306707984709
166.0,2.0,3.24323238747027,0.557265,3.753413,5.340102169019153
166.0,5.0,0.023061943771415017,2.597144,4.833678,2.1199317253202983
166.0,6.0,2.1336922286049003,4.842369,2.945445,4.2305620101537835
166.0,12.0,-1.1108282469407387,4.226378,2.995698,0.9860415346081446
166.0,24.0,-13.568317690786392,-2.232475,1.474417,-11.471447909237508
166.0,25.0,-6.463527614341499,-1.720167,0.098353,-4.366657832792615
166.0,29.0,-5.358708018246684,-0.423681,-1.986014,-3.261838236697801
167.0,2.0,2.7872529090704514,1.414751,3.051995,0.810991210885132
167.0,5.0,1.6082305913955715,3.031539,5.190958,-0.36803110678974793
167.0,6.0,3.7272876971619873,1.455835,2.111596,1.7510259989766679
167.0,12.0,1.122280592993369,1.796566,2.336933,-0.8539811051919504
167.0,19.0,1.7069330730838272,12.390179,3.056365,-0.26932862510149214
167.0,24.0,-12.873194631641848,14.465472,1.909634,-14.849456329827166
167.0,25.0,-5.850362470069048,2.379902,-0.689736,-7.826624168254368
167.0,29.0,3.9612226526462706,-5.093592,-2.286647,1.9849609544609512
168.0,2.0,2.168255508075509,-0.18079,2.76415,-0.18161698511654834
168.0,5.0,4.141534912634654,2.629526,6.170184,1.7916624194425967
168.0,6.0,4.090693304475721,-1.710991,1.605717,1.7408208112836636
168.0,12.0,1.3536011625228817,-0.20579,1.988954,-0.9962713306691757
168.0,19.0,1.1021907007866707,12.897723,3.070072,-1.2476817924053867
168.0,24.0,-12.494189298449696,0.954776,2.520441,-14.844061791641753
168.0,25.0,-4.537794356486205,4.985172,-1.540781,-6.887666849678262
168.0,29.0,7.043535797381315,-3.197132,-2.891132,4.693663304189258
169.0,2.0,2.213662092212555,5.780803,2.520335,5.710758440965609
169.0,5.0,1.6588188259083516,8.072971,6.608991,5.155915174661406
169.0,6.0,5.378567680397165,3.584597,1.140916,8.875664029150219
169.0,12.0,1.1366950581355884,6.219897,1.792983,4.633791406888642
169.0,19.0,-2.58583072703398,0.582787,2.816503,0.9112656217190738
169.0,24.0,-12.311286123937606,7.031615,3.016743,-8.814189775184552
169.0,25.0,-6.148543798004461,-0.935488,-1.919676,-2.651447449251407
169.0,29.0,9.868969537260806,4.299991,-2.998254,13.36606588601386
170.0,2.0,1.6230240018011237,8.714035,2.555242,6.652704499425514
170.0,5.0,2.673228763324193,4.857537,6.967885,7.702909260948584
170.0,6.0,5.9829357613702925,5.307848,1.035772,11.012616258994683
170.0,12.0,1.501017907195033,5.777535,1.83133,6.530698404819423
170.0,19.0,1.0447947618385278,-4.066163,2.80872,6.074475259462918
170.0,24.0,-12.4060634435519,9.757134,3.307169,-7.37638294592751
170.0,25.0,-6.580710967011269,2.193818,-2.057871,-1.5510304693868786
170.0,29.0,10.446212928223563,16.107885,-3.085836,15.475893425847953
171.0,2.0,1.0212760925448885,9.798701,2.708851,3.3721907733901175
171.0,5.0,2.805707503397919,13.577897,7.354641,5.1566221842431474
171.0,6.0,6.824271418654199,2.469291,1.083334,9.175186099499427
171.0,12.0,1.4223727603686758,8.278976,1.957352,3.773287441213905
171.0,19.0,1.6122447764349488,-2.665588,2.937923,3.963159457280178
171.0,24.0,-12.623336426070015,12.79504,3.523229,-10.272421745224786
171.0,25.0,-6.023280611457253,2.865403,-2.14244,-3.6723659306120235
171.0,29.0,10.479393532771168,-1.050991,-3.219378,12.830308213616396
172.0,2.0,1.5583582021565974,8.760342,2.499289,5.195192001350704
172.0,5.0,3.3065327146211345,8.825665,7.429911,6.943366513815241
172.0,6.0,6.039818160060518,4.213862,1.017605,9.676651959254624
172.0,12.0,1.6134448645746344,5.354879,1.668565,5.250278663768741
172.0,19.0,0.9577140935330535,6.429227,3.083573,4.59454789272716
172.0,24.0,-12.322258211933278,6.780645,3.353546,-8.68542441273917
172.0,25.0,-6.2631308152128575,0.798026,-2.503829,-2.626297016018751
172.0,29.0,10.452231659257261,0.919841,-3.571955,14.089065458451369
173.0,2.0,1.5868994415191615,8.844661,2.271604,6.913353094420463
173.0,5.0,2.9739028401786527,11.916206,7.425679,8.300356493079954
173.0,6.0,5.505073372975241,3.608819,0.888267,10.831527025876543
173.0,12.0,1.5101227458590616,4.446514,1.403431,6.836576398760363
173.0,19.0,-0.49646420469567865,7.90405,3.10488,4.829989448205623
173.0,24.0,-12.06513841475062,-4.671226,3.244598,-6.738684761849319
173.0,25.0,-6.5484281622524625,0.41404,-2.780039,-1.2219745093511607
173.0,29.0,10.44073338214241,9.078153,-3.786777,15.767187035043712
174.0,2.0,1.532584678255061,5.56548,2.442121,4.075113255597045
174.0,5.0,2.9468585628237243,4.027187,7.719275,5.489387140165708
174.0,6.0,5.992691556739295,5.475817,0.893069,8.535220134081278
174.0,12.0,1.5508937458291143,2.594234,1.596781,4.093422323171098
174.0,19.0,1.5806513113500644,6.328594,3.100517,4.123179888692048
174.0,24.0,-11.908790766555915,4.291592,3.533759,-9.36626218921393
174.0,25.0,-6.629969840225888,-3.312684,-2.725824,-4.087441262883904
174.0,29.0,10.465369710820195,9.083947,-3.738259,13.007898288162178
175.0,2.0,1.3731386168459583,-0.171228,2.920103,3.220909217009009
175.0,5.0,3.6235595721465437,6.733871,8.386062,5.471330172309594
175.0,6.0,7.304532507940808,-0.774971,0.998048,9.152303108103858
175.0,12.0,1.6926753452912253,-1.34346,2.117604,3.540445945454276
175.0,19.0,1.9068509601536334,24.601869,3.147541,3.754621560316684
175.0,24.0,-12.238664527950771,11.609415,4.164894,-10.39089392778772
175.0,25.0,-6.275582884950046,-7.938533,-2.527474,-4.427812284786995
175.0,29.0,10.459925182183,-14.795893,-3.608375,12.30769578234605
176.0,2.0,1.1162508630809214,8.566119,3.014665,6.8783057601396465
176.0,5.0,3.3076323052855283,9.713792,8.739687,9.069687202344253
176.0,6.0,6.693915311626929,7.136832,0.987987,12.455970208685654
176.0,12.0,1.4421192831333602,5.355908,2.194719,7.204174180192085
176.0,19.0,1.0919982058399498,8.870848,3.227462,6.854053102898675
176.0,24.0,-12.40242854451851,4.923904,4.384841,-6.640373647459786
176.0,25.0,-6.065489091472509,-0.73688,-2.637891,-0.30343419441378394
177.0,2.0,1.2356499959450291,5.409029,2.797112,7.099939467326926
177.0,5.0,3.2780904803361537,6.431645,8.819997,9.14237995171805
177.0,6.0,4.612140489612923,9.144047,0.921387,10.47642996099482
177.0,12.0,1.4305058009434601,5.605825,1.893929,7.294795272325357
177.0,19.0,1.6174278578440893,-5.732869,3.382621,7.481717329225986
177.0,24.0,-12.314278692609998,-4.017325,4.206999,-6.449989221228101
177.0,25.0,-6.0920444997262635,-0.265302,-3.016048,-0.227755028344367
178.0,2.0,1.4797774301365045,6.106132,2.646632,4.036959649656209
178.0,5.0,3.037206190727181,10.295701,9.099721,5.594388410246886
178.0,6.0,4.262592565604873,2.722568,0.785847,6.819774785124578
178.0,12.0,1.2233244572694106,4.110343,1.690677,3.7805066767891153
178.0,19.0,1.2607129229149212,10.93297,3.469498,3.817895142434626
178.0,24.0,-11.98204692602595,-9.052072,4.273651,-9.424864706506245
178.0,25.0,-6.545879678922848,-0.05871,-3.3813,-3.9886974594031432
178.0,29.0,10.361939264858165,8.348503,-4.415727,12.91912148437787
179.0,2.0,1.451489837862491,8.90766,2.689862,10.951840797127824
179.0,5.0,3.2132136413818557,13.255239,9.68944,12.713564600647189
179.0,6.0,5.398746989296733,-1.170906,0.725003,14.899097948562066
179.0,12.0,1.2921362131177707,5.085097,1.672801,10.792487172383105
179.0,19.0,-0.6311956763743165,9.996858,3.647085,8.869155282891017
179.0,24.0,-12.069512925063037,10.097921,4.552648,-2.5691619657977043
179.0,25.0,-6.767676322280119,-1.699899,-3.724759,2.732674636985214
180.0,2.0,1.4881835064413433,2.591191,3.030054,4.108871939128307
180.0,5.0,3.1592187755832093,9.274961,10.554408,5.779907208270173
180.0,6.0,4.619890293511375,1.340839,0.81348,7.240578726198339
180.0,12.0,1.4145428563199092,-1.787445,1.959947,4.035231289006873
180.0,19.0,1.3196330697964385,3.271376,3.911485,3.9403215024834024
180.0,24.0,-12.027566851340362,4.870623,5.060136,-9.406878418653399
180.0,25.0,-6.582033082277757,-6.341922,-3.90437,-3.961344649590793
180.0,29.0,10.375302942193816,-6.863031,-5.040128,12.99599137488078
181.0,2.0,1.014335525763471,8.321506,3.403321,9.121912417753595
181.0,5.0,2.679350867169159,14.52916,11.408424,10.786927759159283
181.0,6.0,6.643326698712578,9.970395,0.935313,14.750903590702702
181.0,12.0,1.0799022234833284,3.862255,2.280525,9.187479115473453
181.0,19.0,0.45185139473367464,0.707885,4.189698,8.559428286723799
181.0,24.0,-12.333066327079255,9.99727,5.557723,-4.2254894350891306
181.0,25.0,-6.4691826830873795,-3.183971,-4.046206,1.6383942089027448
182.0,2.0,1.668052448763662,3.236061,3.261409,4.535911361194411
182.0,5.0,2.93085170002359,13.598072,11.955477,5.798710612454339
182.0,6.0,6.187691376006237,-2.654065,0.772647,9.055550288436987
182.0,12.0,1.4405200617815677,0.088271,2.052726,4.308378974212316
182.0,19.0,1.062192872429783,11.714803,4.368891,3.930051784860532
182.0,24.0,-12.010345814618052,-1.556627,5.735252,-9.142486902187304
182.0,25.0,-6.483976126700362,-3.969227,-4.586376,-3.6161172142696136
182.0,29.0,10.396384077705237,-9.355458,-5.791383,13.264242990135987
183.0,2.0,1.1402445166907924,12.154992,3.22274,5.170726912663204
183.0,5.0,3.6486872577843332,13.718481,12.324874,7.679169653756745
183.0,6.0,3.824827678434513,5.722317,0.70461,7.855310074406924
183.0,12.0,1.450254660256773,5.632751,1.961935,5.480737056229184
183.0,19.0,0.5510746474814798,8.2022,4.499195,4.581557043453891
183.0,24.0,-12.215820748931026,10.527254,5.867596,-8.185338352958615
183.0,25.0,-6.462695106911748,0.737219,-4.887523,-2.4322127109393366
183.0,29.0,10.363075766509482,-4.513757,-6.084228,14.393558162481893
184.0,2.0,1.24086284617011,1.821994,3.439489,3.707473963147936
184.0,5.0,3.269354941955431,15.422296,12.489793,5.735966058933257
184.0,6.0,5.132280695729955,0.933348,0.852739,7.598891812707781
184.0,12.0,1.5269420835355145,-1.752712,2.17285,3.9935532005133405
184.0,19.0,1.401843880240163,-4.136142,4.605825,3.868454997217989
184.0,24.0,-12.087853720793207,-4.291743,5.964743,-9.621242603815382
184.0,25.0,-6.573707479349891,-6.316148,-4.769632,-4.107096362372065
184.0,29.0,10.264107100053717,-0.263422,-6.062169,12.730718217031544
185.0,2.0,0.6845460790365419,5.991661,3.42225,0.6322220235552831
185.0,5.0,3.1133182525171765,13.771688,12.321107,3.060994197035918
185.0,6.0,4.885345215566954,0.688106,0.857911,4.8330211600856945
185.0,12.0,0.7639663714673297,5.38709,2.180364,0.711642315986071
185.0,19.0,1.7802306110234012,5.499352,4.541896,1.7279065555421425
185.0,24.0,-12.44075481004028,19.283684,5.898559,-12.49307886552154
185.0,25.0,-5.977412655939144,-4.533855,-4.667029,-6.029736711420403
185.0,29.0,10.153050204777072,-6.23794,-5.952321,10.100726149295813
186.0,2.0,0.6959087468117104,0.27997,3.079235,2.471359211323094
186.0,5.0,2.878583383219228,12.123112,11.828815,4.654033847730611
186.0,6.0,6.7515920709508634,-0.524214,0.76788,8.527042535462247
186.0,12.0,0.7216819764733486,-4.012723,1.819911,2.4971324409847324
186.0,19.0,1.923346849993706,-9.38283,4.478938,3.69879731450509
186.0,24.0,-12.564765103254645,4.695165,5.467747,-10.789314638743262
186.0,25.0,-6.187879753901812,-8.640288,-4.784343,-4.4124292893904276
186.0,29.0,10.35317111720877,-11.42138,-6.010108,12.128621581720154
187.0,2.0,0.9071790738803021,4.704884,2.574149,7.13938610170494
187.0,5.0,3.1691924398586284,10.27428,11.398869,9.401399467683266
187.0,6.0,4.4278624138222895,1.403163,0.500762,10.660069441646927
187.0,12.0,0.9494457554136764,2.713934,1.303149,7.181652783238314
187.0,19.0,1.485800694949269,21.018588,4.332288,7.718007722773907
187.0,24.0,-12.57270776046079,3.09344,5.109681,-6.340500732636153
187.0,25.0,-6.062378837032684,-3.915541,-5.080909,0.16982819079195366
188.0,2.0,1.1632041946793628,4.72369,2.140525,8.748392091084597
188.0,5.0,2.538878772296563,10.47846,11.160053,10.124066668701797
188.0,6.0,4.83309387178773,1.122464,0.243767,12.418281768192964
188.0,12.0,1.3508775578147194,0.750567,0.849219,8.936065454219953
188.0,19.0,2.2490309697456548,7.388199,4.232859,9.834218866150888
188.0,24.0,-12.350421248952152,3.036698,4.873833,-4.765233352546918
188.0,25.0,-6.598343874505224,-2.842953,-5.415958,0.9868440219000103
189.0,2.0,0.7096907020651075,1.348025,1.757557,7.977002999553664
189.0,5.0,2.296921256693336,13.952955,10.96461,9.564233554181893
189.0,6.0,3.779155997888017,-0.867574,-0.229651,11.046468295376574
189.0,12.0,0.43808735678901733,-0.242151,0.580411,7.705399654277574
189.0,19.0,1.4222144033159854,5.868114,3.766458,8.689526700804542
189.0,24.0,-12.27884337111448,-0.300446,5.063964,-5.011531073625923
189.0,25.0,-6.4709512950297725,-5.903461,-5.518934,0.7963610024587844
190.0,2.0,1.059511333016351,-0.591468,1.596507,2.032969784224748
190.0,5.0,2.4553862764509438,11.227662,10.812094,3.4288447276593406
190.0,6.0,3.6504327618475543,-2.49598,-0.677663,4.623891213055951
190.0,12.0,1.0632146100183792,-1.816482,0.618913,2.036673061226776
190.0,19.0,0.6614234635080454,2.97555,3.142379,1.6348819147164422
190.0,24.0,-12.101842360734972,0.184429,5.528932,-11.128383909526576
190.0,25.0,-6.385660251938164,-5.280188,-5.298063,-5.412201800729767
190.0,29.0,7.510472704547503,-7.329385,-5.576377,8.4839311557559
191.0,2.0,1.2460320744386904,3.547659,1.544374,2.5476163157735554
191.0,5.0,2.098548771639668,7.346595,10.904259,3.400133012974533
191.0,6.0,4.060433780317563,1.033509,-0.7246,5.362018021652428
191.0,12.0,1.1416837826130024,1.344342,0.551559,2.4432680239478675
191.0,19.0,0.5171643436289788,3.765664,3.170994,1.8187485849638436
191.0,24.0,-11.909644459246492,9.967191,5.552285,-10.608060217911627
191.0,25.0,-6.647628294608312,-4.406226,-5.419398,-5.346044053273447
191.0,29.0,4.125347554832883,-3.953868,-5.681266,5.426931796167748
192.0,2.0,1.7272046155003444,3.644805,1.294426,3.0674271680853895
192.0,5.0,2.7381182982083114,9.440377,10.980693,4.0783408507933565
192.0,6.0,4.808613171802646,-2.898813,-0.917878,6.148835724387691
192.0,12.0,1.9050716382139852,0.060295,0.273695,3.2452941907990303
192.0,19.0,-0.7339514755242238,1.894774,3.158079,0.6062710770608211
192.0,24.0,-11.590576297656728,12.407557,5.533855,-10.250353745071683
192.0,25.0,-6.353885204561,-3.678151,-5.744379,-5.013662651975955
192.0,29.0,3.4270641801056634,-2.917678,-5.908715,4.7672867326907085
193.0,2.0,1.4268075273061518,3.795528,1.177278,2.1828127661659646
193.0,5.0,2.6727640727961246,11.003152,10.963169,3.4287693116559375
193.0,6.0,3.684406355554735,0.599444,-1.028616,4.440411594414548
193.0,12.0,1.3837253912892118,0.542415,0.166319,2.1397306301490246
193.0,19.0,0.8936831363578124,-0.348068,3.092414,1.6496883752176255
193.0,24.0,-11.499900508645169,7.611527,5.547131,-10.743895269785355
193.0,25.0,-6.599077648466068,-2.298742,-5.836559,-5.843072409606255
193.0,29.0,1.0944194880688851,-3.432027,-5.936059,1.8504247269286982
194.0,2.0,1.5475383167792263,2.279539,1.131356,3.4670789939570574
194.0,5.0,1.8993658782670462,13.669619,10.942377,3.8189065554448773
194.0,6.0,4.037288917110249,-0.431335,-1.080499,5.956829594288081
194.0,12.0,1.394385242653641,0.782008,0.133137,3.313925919831472
194.0,19.0,-0.6961408186218527,4.553641,3.046604,1.2233998585559784
194.0,24.0,-10.910590095753005,13.729656,5.563769,-8.991049418575173
194.0,25.0,-6.65684169652598,-4.976856,-5.853449,-4.737301019348148
194.0,29.0,-0.08075546412934109,-8.664792,-5.921095,1.83878521304849
195.0,2.0,1.5261889910701978,5.211645,1.051525,3.3825500695860615
195.0,5.0,1.8507234052635493,10.953055,10.977691,3.707084483779413
195.0,6.0,3.8210286127284867,-1.936977,-1.203863,5.6773896912443504
195.0,12.0,1.3528395123153176,3.883088,0.077833,3.2092005908311814
195.0,19.0,-0.8769296263166275,5.688099,2.952375,0.9794314521992362
195.0,25.0,-6.607306723035851,-1.113537,-5.913279,-4.750945644519987
195.0,29.0,-0.9957188334556335,-4.159339,-5.906036,0.8606422450602302
196.0,2.0,1.263687338096072,4.799305,1.018415,3.4147627279868726
196.0,5.0,2.463234326409138,10.686268,11.036147,4.614309716299939
196.0,6.0,4.240420855433257,-0.92301,-1.296232,6.391496245324058
196.0,12.0,1.05791502154411,1.752978,0.070467,3.2089904114349106
196.0,19.0,-1.1161827377631166,5.118947,2.872793,1.034892652127684
196.0,25.0,-6.339965405981846,-2.423597,-5.937414,-4.188890016091046
196.0,29.0,-0.4466021289354618,-5.550537,-5.87368,1.7044732609553388
197.0,2.0,1.3406268410586062,-5.530341,0.94908,2.1121025242654414
197.0,5.0,2.5366945762587534,6.98808,11.052519,3.3081702594655886
197.0,6.0,4.1382030588626755,-9.394096,-1.378371,4.909678742069511
197.0,12.0,1.0163322204303,-7.980433,0.011923,1.7878079036371353
197.0,19.0,-0.0027635942525678914,-0.365387,2.822737,0.7687120889542673
197.0,25.0,-6.548860781672461,-10.431402,-5.998591,-5.777385098465626
197.0,29.0,-0.6544735045182026,-6.488399,-5.887529,0.11700217868863261
198.0,2.0,1.433672039765276,2.54379,0.810352,2.18324944912904
198.0,5.0,2.4349029637295736,10.195264,11.033094,3.1844803730933378
198.0,6.0,3.829499085506818,-2.618258,-1.470315,4.5790764948705815
198.0,12.0,1.5204933149175464,-0.304468,-0.137345,2.2700707242813105
198.0,19.0,0.6264851614043563,4.644627,2.807109,1.3760625707681204
198.0,25.0,-6.5526671725792225,-10.258033,-6.14186,-5.803089763215459
198.0,29.0,-0.9941702171191071,-3.823835,-5.983234,-0.2445928077553431
199.0,2.0,1.4519645223878594,6.460651,0.743962,2.9172042920026744
199.0,5.0,2.4088399541185384,9.428181,10.991298,3.8740797237333533
199.0,6.0,4.205081302505388,0.74312,-1.419205,5.670321072120203
199.0,12.0,1.7996043958694266,0.739426,-0.253347,3.2648441654842415
199.0,19.0,0.5194836683868429,5.379496,2.932139,1.984723438001658
199.0,25.0,-6.613410017251523,-5.911825,-6.263009,-5.148170247636708
199.0,29.0,0.36373605772070583,-0.336426,-6.150812,1.828975827335521
200.0,2.0,1.271831954054834,2.641106,0.698101,3.612494783350775
200.0,5.0,2.546539999949891,9.956317,10.909311,4.887202829245831
200.0,6.0,4.060715637552455,-0.661104,-1.373731,6.401378466848396
200.0,12.0,1.6104839798138189,0.631693,-0.327979,3.9511468091097597
200.0,19.0,-1.101678368163526,0.462779,3.006317,1.2389844611324148
200.0,25.0,-6.524578405030228,-2.908011,-6.312517,-4.183915575734288
200.0,29.0,-0.17971009658546233,-1.957494,-6.235467,2.1609527327104785
201.0,2.0,1.4524669351106683,-0.453378,0.682402,4.6839975794066495
201.0,5.0,2.3160329103798896,10.751477,10.852955,5.547563554675871
201.0,6.0,3.942780235566083,-6.793892,-1.306551,7.174310879862064
201.0,12.0,1.8023067992563746,-4.436244,-0.374755,5.033837443552356
201.0,19.0,-2.617135168501239,2.250505,3.098316,0.6143954757947423
201.0,25.0,-6.561836568461967,-8.145728,-6.348918,-3.3303059241659856
201.0,29.0,1.096318738764392,-6.892157,-6.321122,4.327849383060373
202.0,2.0,1.4312961933638402,5.990359,0.692865,3.7782905963965567
202.0,5.0,2.6337511824845867,9.027797,10.850191,4.980745585517303
202.0,6.0,4.2369721781078375,0.718748,-1.281145,6.5839665811405546
202.0,12.0,2.0550612116177227,3.072117,-0.370126,4.40205561465044
202.0,19.0,-1.9540609412273549,8.456946,3.127482,0.3929334618053617
202.0,25.0,-6.443586872999305,-4.429546,-6.348231,-4.096592469966588
202.0,29.0,0.4847507024241535,-5.666115,-6.339629,2.83174510545687
203.0,2.0,1.3322278767896725,1.225509,0.685161,4.7852152166887665
203.0,5.0,2.8971278056977035,9.386551,10.862425,6.3501151455967975
203.0,6.0,4.703121297138386,-5.096723,-1.257112,8.15610863703748
203.0,12.0,2.454597853253656,-0.677361,-0.394655,5.90758519315275
203.0,19.0,-1.8178491166752924,4.728645,3.180616,1.6351382232238016
203.0,25.0,-6.769421824660987,-5.959227,-6.389377,-3.316434484761893
203.0,29.0,-1.2114566287170079,-6.632243,-6.40314,2.241530711182086
204.0,2.0,1.6577734074532264,-2.063751,0.681823,5.323204006964471
204.0,5.0,2.8967499730149235,9.147758,10.90612,6.562180572526168
204.0,6.0,4.160486369499793,-5.572762,-1.279031,7.825916969011038
204.0,12.0,2.083670380488414,-3.569187,-0.393502,5.749100979999659
204.0,19.0,-1.8035152166777513,5.155461,3.174178,1.8619153828334936
204.0,25.0,-6.869900069403519,-8.669286,-6.409627,-3.204469469892274
204.0,29.0,-1.2784221509107003,-10.168749,-6.413789,2.3870084486005445
205.0,2.0,1.4550412396356514,7.24535,0.715071,5.334064271131745
205.0,5.0,2.6679533049831416,14.607911,10.950292,6.5469763364792355
205.0,6.0,3.984293973925663,3.027519,-1.25658,7.863317005421757
205.0,12.0,2.267886245010134,6.408316,-0.362463,6.146909276506228
205.0,19.0,-2.062366972276907,6.875296,3.20126,1.816656059219187
205.0,25.0,-6.786635900489112,0.611228,-6.404675,-2.9076128689930183
205.0,29.0,-1.8693834500954152,-6.482591,-6.426954,2.0096395814006787
206.0,2.0,1.5312949894746133,-0.822535,0.743258,5.3901895441668
206.0,5.0,2.8304161995158275,10.464992,10.965436,6.689310754208014
206.0,6.0,3.817310151468302,-7.537891,-1.240721,7.6762047061604886
206.0,12.0,2.260802477792259,-1.01582,-0.329696,6.119697032484446
206.0,19.0,-2.0897725380229994,3.273677,3.207429,1.7691220166691877
206.0,25.0,-6.837771866145065,-4.763354,-6.379861,-2.978877311452878
206.0,29.0,-2.0380089968327963,-7.788048,-6.413265,1.8208855578593908
207.0,2.0,1.4617287763724391,3.325746,0.760575,5.728291121172885
207.0,5.0,2.6467216030126828,11.053328,10.917916,6.913283947813128
207.0,6.0,4.157624731579075,0.474906,-1.226187,8.424187076379521
207.0,12.0,2.483531697174362,1.920486,-0.300263,6.7500940419748074
207.0,19.0,-1.9716107618092216,4.767797,3.188639,2.294951582991224
207.0,25.0,-6.756100878900875,-4.503435,-6.322893,-2.4895385341004292
207.0,29.0,-2.4539410614997514,-5.809203,-6.361935,1.812621283300694
208.0,2.0,1.3096896225526802,-2.182287,0.784232,5.975573733484014
208.0,5.0,2.829659653258865,8.65839,10.846741,7.495543764190199
208.0,6.0,3.7233201616877505,-4.447204,-1.193512,8.389204272619084
208.0,12.0,2.2623262461853297,-1.254549,-0.266866,6.928210357116663
208.0,19.0,-2.5091608134466057,1.557041,3.179282,2.156723297484728
208.0,25.0,-6.813776747419802,-4.415499,-6.251504,-2.1478926364884687
208.0,29.0,-3.242514490673618,-6.691253,-6.306443,1.4233696202577155
209.0,2.0,1.2902331524874828,-1.640533,0.715265,6.092788232514861
209.0,5.0,2.6569729745096042,9.357899,10.756861,7.459528054536983
209.0,6.0,3.38085909312359,-4.776185,-1.219555,8.183414173150968
209.0,12.0,2.155969481038185,-1.132084,-0.335235,6.9585245610655635
209.0,19.0,-3.6909406762902295,1.897217,3.159853,1.111614403737149
209.0,25.0,-6.843551249312879,-8.316131,-6.274853,-2.040996169285501
209.0,29.0,-1.447409513498878,-6.091323,-6.313909,3.3551455665285004
210.0,2.0,2.4707749552478377,-0.443746,0.987267,6.218102842241549
210.0,5.0,3.6523929503203885,5.508559,10.683529,7.399720837314099
210.0,6.0,5.568467486369977,-3.885701,-0.884975,9.315795373363688
210.0,12.0,2.966100604678541,2.564399,-0.098758,6.713428491672252
210.0,19.0,-2.6958568228449984,5.968412,3.376018,1.0514710641487128
210.0,25.0,-6.304510010977989,-7.804173,-6.028873,-2.5571821239842776
210.0,29.0,0.27145137863938285,-7.631387,-6.271599,4.0187792656330945
211.0,2.0,1.1776491025473463,-3.254359,0.993221,0.5475806409265447
211.0,5.0,3.1781065104091777,10.668729,10.787801,2.548038048788376
211.0,6.0,4.058685664438386,-3.402315,-0.969242,3.428617202817584
211.0,12.0,2.415228945099024,-4.374104,-0.061036,1.7851604834782222
211.0,19.0,1.8787707950478287,-1.082626,3.295058,1.248702333427027
211.0,25.0,-6.682374624579172,-7.497304,-6.029001,-7.312443086199973
211.0,29.0,-1.9561153741864552,-8.411894,-6.220182,-2.586183835807257
212.0,2.0,1.3478667297605789,-2.084016,0.590809,5.570863510421901
212.0,5.0,2.5423328506805074,9.660999,11.0169,6.76532963134183
212.0,6.0,3.965473911024075,-5.787586,-1.512982,8.188470691685398
212.0,12.0,2.4159729162465595,-6.19254,-0.400832,6.638969696907882
212.0,19.0,-2.0929326446139225,2.591498,2.966606,2.1300641360474
212.0,25.0,-6.709308293487069,-7.553269,-6.443152,-2.486311512825747
212.0,29.0,-1.896488965108864,-9.304722,-6.313659,2.3265078155524583
213.0,2.0,1.295171052516908,-2.896454,0.564072,5.813801953053568
213.0,5.0,2.599544180915273,5.248219,11.065283,7.118175081451933
213.0,6.0,3.9091678038926485,-5.914894,-1.556103,8.427798704429309
213.0,12.0,2.4281151175957465,-3.792401,-0.423478,6.946746018132407
213.0,19.0,-2.4887816354891683,2.904752,2.952786,2.029849265047492
213.0,25.0,-6.669624132502674,-9.399346,-6.489339,-2.150993231966014
213.0,29.0,-2.315736138462598,-6.877161,-6.33857,2.202894762074062
214.0,2.0,1.3714354335927705,-4.379644,0.581891,5.599719533569019
214.0,5.0,2.73048877342921,8.706066,11.066727,6.958772873405458
214.0,6.0,4.094641924463932,-6.415234,-1.554858,8.32292602444018
214.0,12.0,2.4526976546200077,-5.361648,-0.395349,6.680981754596256
214.0,19.0,-2.5650975180768603,1.423951,2.93899,1.6631865818993878
214.0,25.0,-6.679301502804206,-8.883173,-6.459145,-2.451017402827958
214.0,29.0,-1.891781696181746,-8.597835,-6.308886,2.336502403794502
215.0,2.0,1.409851873035211,-1.315503,0.559634,5.733109274888423
215.0,5.0,2.6818569173313644,7.513154,11.093499,7.005114319184576
215.0,6.0,3.8539024341918076,-5.069843,-1.607442,8.17715983604502
215.0,12.0,2.2958761958320153,-3.024809,-0.401924,6.619133597685227
215.0,19.0,-2.3297187495721916,2.155136,2.894246,1.9935386522810203
215.0,25.0,-6.742575908522941,-8.067362,-6.472611,-2.419318506669729
215.0,29.0,-2.746841715564453,-6.030384,-6.291252,1.576415686288759
216.0,2.0,1.417556082232668,3.861715,0.520873,2.533765234814563
216.0,5.0,2.425208308910735,12.367118,11.13772,3.54141746149263
216.0,6.0,3.697604020644434,-3.953869,-1.63205,4.813813173226329
216.0,12.0,2.20528016596554,-1.020714,-0.451805,3.3214893185474352
216.0,19.0,0.9196332144456791,5.138421,2.919249,2.0358423670275743
216.0,25.0,-6.766227490074536,-7.267866,-6.551564,-5.650018337492641
216.0,29.0,-2.3846479544795134,-3.444844,-6.364179,-1.268438801897618
217.0,2.0,1.3191601184785746,3.270308,0.500031,1.6216771128471343
217.0,5.0,2.233580983841767,10.262326,11.20433,2.536097978210327
217.0,6.0,4.138593773810506,-3.541634,-1.669357,4.441110768179065
217.0,12.0,2.2779180989287253,3.587988,-0.472271,2.580435093297285
217.0,19.0,1.7943505218633522,10.128781,2.91856,2.096867516231912
217.0,25.0,-6.757019736353508,-5.299021,-6.606876,-6.454502741984948
217.0,29.0,-1.9698847939090234,-1.988762,-6.403571,-1.6673677995404637
218.0,2.0,1.1668645187222637,0.075774,0.490249,3.461732254049842
218.0,5.0,2.391525776665098,9.725184,11.240163,4.6863935119926765
218.0,6.0,4.188282707669243,-1.211597,-1.678756,6.483150442996822
218.0,12.0,2.307571876648584,0.495305,-0.485811,4.602439611976163
218.0,19.0,-0.5895492303627892,3.834707,2.93409,1.7053185049647892
218.0,25.0,-6.706410724040484,-6.202858,-6.642235,-4.411542988712906
218.0,29.0,-1.3826068493091892,-6.624335,-6.439107,0.9122608860183892
219.0,2.0,1.2310909806624135,-5.093255,0.459005,3.182972046683342
219.0,5.0,2.4337757063661405,10.954601,11.218087,4.385656772387069
219.0,6.0,3.9993630086754663,-7.957302,-1.68579,5.951244074696395
219.0,12.0,2.2199628459230363,-4.307943,-0.521533,4.171843911943965
219.0,19.0,0.09776247584826514,1.640357,2.9435,2.0496435418691936
219.0,25.0,-6.744944468528388,-11.06581,-6.670577,-4.793063402507459
219.0,29.0,-1.6997873613349048,-8.625375,-6.466819,0.2520937046860239
220.0,2.0,1.2583915133484762,0.459786,0.465966,3.4380017986002342
220.0,5.0,2.422303082561421,10.434749,11.2621,4.601913367813179
220.0,6.0,4.5260104577469775,-5.684446,-1.65003,6.705620742998736
220.0,12.0,2.241833748178504,-2.622748,-0.536692,4.421444033430262
220.0,19.0,-0.12624415454689153,2.74982,3.017647,2.0533661307048665
220.0,25.0,-6.698052427657036,-9.651867,-6.721517,-4.518442142405277
220.0,29.0,-2.4569773658423975,-4.344728,-6.549885,-0.2773670805906394
221.0,2.0,1.389536846376168,-7.792804,0.52199,1.0676826018280559
221.0,5.0,2.6463177716821455,7.096815,11.392408,2.3244635271340335
221.0,6.0,4.100447148577636,-8.524674,-1.654279,3.7785929040295243
221.0,12.0,2.2569497504084186,-7.860589,-0.473125,1.9350955058603065
221.0,19.0,1.7662229845617698,-2.520063,3.026685,1.4443687400136578
221.0,25.0,-6.680446001383011,-13.516776,-6.723005,-7.0023002459311225
221.0,29.0,-1.401345258083329,-6.453706,-6.555064,-1.723199502631441
222.0,2.0,1.4468418989055216,2.549377,0.65013,5.435823293300308
222.0,5.0,2.613922668762985,13.528586,11.563572,6.602904063157771
222.0,6.0,4.036203163867377,-0.544177,-1.603216,8.025184558262163
222.0,12.0,2.2447900230262583,-2.579484,-0.340604,6.233771417421044
222.0,19.0,-2.4850581544424597,4.801439,3.072754,1.5039232399523264
222.0,25.0,-6.663516015109626,-9.145684,-6.679391,-2.67453462071484
222.0,29.0,-1.5823247560440112,-7.726724,-6.549714,2.406656638350775
223.0,2.0,1.421786224187553,0.908912,0.74301,4.21455135830199
223.0,5.0,2.5051956256602175,14.164719,11.687048,5.2979607597746545
223.0,6.0,4.061394405712512,-3.666434,-1.547064,6.8541595398269495
223.0,12.0,2.061088668564013,2.130581,-0.254242,4.85385380267845
223.0,19.0,-1.0647621292475629,4.8577,3.136222,1.7280030048668742
223.0,25.0,-6.70732392164095,-4.615516,-6.662762,-3.914558787526513
223.0,29.0,-1.7748219774846028,-8.452032,-6.575649,1.0179431566298343
224.0,2.0,1.4193092691689309,0.858624,0.790952,3.2782330240452855
224.0,5.0,2.5811042704734053,11.138655,11.764554,4.4400280253497595
224.0,6.0,4.529078672447012,-6.663963,-1.552724,6.388002427323366
224.0,12.0,2.304159271792087,-2.092066,-0.191734,4.163083026668442
224.0,19.0,-0.3601672312037909,2.603752,3.122669,1.4987565236725637
224.0,25.0,-6.586468279633188,-5.004008,-6.635036,-4.7275445247568335
224.0,29.0,-1.4611095814485657,-5.356177,-6.546617,0.3978141734277889
225.0,2.0,1.2147831241454714,1.681213,0.82549,3.6421834194792657
225.0,5.0,2.066480632514126,8.838545,11.792691,4.49388092784792
225.0,6.0,3.9338368059159876,-3.08803,-1.558727,6.361237101249782
225.0,12.0,1.6748635473581155,0.23974,-0.139594,4.10226384269191
225.0,19.0,-0.9791973854544,5.081396,3.095303,1.4482029098793943
225.0,25.0,-6.63435724419687,-5.984704,-6.590984,-4.206956948863076
225.0,29.0,-2.5210318672448135,-4.946121,-6.49806,-0.09363157191101923
226.0,2.0,0.9445992406720141,5.060227,0.821801,1.6986255573874829
226.0,5.0,1.894255284630133,8.137993,11.800615,2.6482816013456016
226.0,6.0,4.24744881762215,-0.297319,-1.530577,5.0014751343376185
226.0,12.0,1.5726756663294577,1.80931,-0.159421,2.3267019830449263
226.0,19.0,0.8149955763477763,12.452482,3.148693,1.5690218930632451
226.0,25.0,-6.581948821120383,-4.684646,-6.625178,-5.827922504404914
226.0,29.0,-1.7545741563109578,-5.496121,-6.556769,-1.000547839595489
227.0,2.0,1.14565245609273,-4.359662,0.759721,4.604269739293337
227.0,5.0,2.188263207003579,8.184886,11.825518,5.646880490204186
227.0,6.0,4.682855510856374,-3.747489,-1.604071,8.14147279405698
227.0,12.0,1.6145588556286707,-3.411151,-0.212968,5.073176138829278
227.0,19.0,-2.0673007634798592,1.892475,3.109941,1.391316519720748
227.0,25.0,-6.588994278657532,-8.615105,-6.687727,-3.130376995456925
227.0,29.0,-1.584615670210558,-8.144897,-6.578686,1.8740016129900492
228.0,2.0,1.1428853593913324,-0.620568,0.793947,2.67737082988887
228.0,5.0,1.7899134977446964,9.065803,11.92752,3.324398968242234
228.0,6.0,3.9205819382314324,-3.849524,-1.585112,5.45506740872897
228.0,12.0,1.5172148496412614,-3.610293,-0.189024,3.051700320138799
228.0,19.0,0.4480480168826153,2.212848,3.161942,1.9825334873801528
228.0,25.0,-6.591316255555455,-7.498306,-6.723416,-5.056830785057917
228.0,29.0,-1.2519678601280626,-5.479153,-6.635973,0.28251761036947487
229.0,2.0,1.234618348674168,0.075773,0.822102,3.383091137482652
229.0,5.0,2.2529616261407437,6.378484,12.014178,4.401434414949228
229.0,6.0,3.962357327483206,-3.010204,-1.552426,6.11083011629169
229.0,12.0,1.8332333736185777,0.312279,-0.178802,3.981706162427062
229.0,19.0,-0.5616265685853756,7.614858,3.23326,1.5868462202231086
229.0,25.0,-6.618295883436303,-5.991253,-6.7689,-4.469823094627818
229.0,29.0,-1.85534380676466,-7.168562,-6.712619,0.2931289820438243
230.0,2.0,1.2568964738925938,7.26935,0.817384,2.0633440831672885
230.0,5.0,2.3937084302299576,10.850688,12.132209,3.200156039504652
230.0,6.0,4.354852984184555,-1.881053,-1.569301,5.16130059345925
230.0,12.0,1.9240068208783594,4.423654,-0.19586,2.730454430153054
230.0,19.0,0.555913519533652,7.241096,3.276534,1.3623611288083466
230.0,25.0,-6.5573583417559895,-1.404832,-6.853952,-5.7509107324812945
230.0,29.0,-1.7027308280265978,-1.517057,-6.800111,-0.8962832187519032
231.0,2.0,1.0849794969307762,1.659768,0.875464,3.2403677253347873
231.0,5.0,2.3425835455125377,9.799354,12.29336,4.497971773916548
231.0,6.0,4.088157303423671,-0.906974,-1.531979,6.243545531827682
231.0,12.0,1.5203957863285238,1.120704,-0.157618,3.675784014732535
231.0,19.0,-0.6763782866689629,3.359659,3.365584,1.4790099417350482
231.0,25.0,-6.654880899962124,-4.340924,-6.910675,-4.499492671558112
231.0,29.0,-1.7409385341581478,-5.096661,-6.894643,0.4144496942458633
232.0,2.0,1.1884556891097855,4.279784,0.891049,4.705939684884845
232.0,5.0,2.574980902220866,12.924875,12.412144,6.092464897995926
232.0,6.0,4.110762468832396,-0.603723,-1.500152,7.6282464646074555
232.0,12.0,1.65785782166172,-1.443174,-0.171546,5.175341817436779
232.0,19.0,-2.3073348043948805,6.563352,3.46549,1.2101491913801792
232.0,25.0,-6.574262665720887,-7.77457,-7.002273,-3.0567786699458277
232.0,29.0,-1.0334045365145759,-6.939347,-7.021972,2.484079459260484
233.0,2.0,1.1769383738728383,0.315565,0.91378,5.015643123501919
233.0,5.0,2.7524282186852913,10.1987,12.426742,6.591132968314373
233.0,6.0,3.8873396251373755,-0.907985,-1.495143,7.726044374766456
233.0,12.0,1.519917290375889,-1.53619,-0.140353,5.35862204000497
233.0,19.0,-2.347707239261726,4.865999,3.459917,1.4909975103673547
233.0,25.0,-6.619643625276305,-8.89909,-6.97687,-2.7809388756472244
233.0,29.0,-0.8978724687454731,-7.53123,-7.000769,2.940832280883608
234.0,2.0,1.2063910407507379,3.033045,0.953364,5.121795718434826
234.0,5.0,2.9200196523754194,12.673429,12.451215,6.8354243300595074
234.0,6.0,3.6181239082592,0.779863,-1.460689,7.533528585943288
234.0,12.0,1.6867318508340317,-3.702005,-0.102292,5.60213652851812
234.0,19.0,-2.076278368419233,4.317599,3.489082,1.8391263092648549
234.0,24.0,-10.544258189847483,0.293169,6.298576,-6.628853512163395
234.0,25.0,-6.617476640094893,-8.680868,-6.955037,-2.7020719624108045
234.0,29.0,-1.1946112095817436,-5.792582,-7.003497,2.7207934681023445
235.0,2.0,1.2030173780017375,-3.956286,1.059589,6.053291855222618
235.0,5.0,2.9749487413943374,5.171324,12.577528,7.825223218615218
235.0,6.0,3.415285736217884,-6.270682,-1.389919,8.265560213438764
235.0,12.0,1.6114917952599654,-4.51124,-0.004299,6.461766272480846
235.0,19.0,-2.3662430091274382,2.87602,3.563855,2.484031468093442
235.0,24.0,-10.52532293198049,29.497447,6.358848,-5.67504845475961
235.0,25.0,-6.642603839337054,-13.335012,-6.929537,-1.792329362116174
235.0,29.0,-1.127284187244161,-8.850922,-7.030089,3.7229902899767193
236.0,2.0,1.345819250474241,2.59836,1.097067,5.906973369220724
236.0,5.0,2.860633778891855,10.381328,12.643157,7.421787897638338
236.0,6.0,3.502858837292443,-0.06773,-1.393291,8.064012956038926
236.0,12.0,1.4329130007844917,-2.004111,0.043998,5.994067119530975
236.0,19.0,-1.9455581758293938,4.26757,3.55804,2.615595942917089
236.0,24.0,-10.36737791441933,7.006051,6.430898,-5.806223795672848
236.0,25.0,-6.651736756670103,-4.101238,-6.911937,-2.09058263792362
236.0,29.0,-1.210914092363991,-7.19228,-7.013577,3.350240026382492
237.0,2.0,1.3024439734641309,6.274402,1.141514,5.5355156131732
237.0,5.0,2.936995971529738,9.967464,12.68207,7.1700676112388075
237.0,6.0,3.3345951491446826,2.723471,-1.373278,7.567666788853752
237.0,12.0,1.5451552866275646,2.98814,0.094678,5.778226926336634
237.0,19.0,-1.8316393490043574,6.777675,3.567519,2.401432290704712
237.0,24.0,-10.304691232574458,-7.925724,6.469313,-6.071619592865388
237.0,25.0,-6.598619291984074,-7.616805,-6.880926,-2.365547652275004
237.0,29.0,-1.140765239124331,-0.891817,-6.997239,3.0923064005847385
238.0,2.0,1.7883398833053592,1.525302,1.197978,5.308726925765237
238.0,5.0,3.405899597219312,10.058995,12.743091,6.926286639679191
238.0,6.0,4.631385035990739,-4.384067,-1.337927,8.151772078450618
238.0,12.0,1.7748069855264177,0.087085,0.150599,5.295194027986296
238.0,19.0,-0.8992631943387721,3.006809,3.601041,2.621123848121106
238.0,24.0,-11.233026699613134,16.044734,6.504297,-7.712639657153256
238.0,25.0,-6.631865053471803,-10.000148,-6.859562,-3.111478011011925
238.0,29.0,-0.6887439521071101,-4.2039,-7.002428,2.831643090352768
239.0,2.0,2.017915632230217,-4.828455,1.211746,5.6038418617885695
239.0,5.0,3.0123074245599533,7.028337,12.789036,6.598233654118306
239.0,6.0,4.1860678450614905,-7.052156,-1.314453,7.771994074619843
239.0,12.0,1.6991622360884513,-3.819465,0.152404,5.285088465646804
239.0,19.0,-1.888172154729875,3.661712,3.650341,1.6977540748284774
239.0,25.0,-6.635306260144819,-11.554011,-6.889676,-3.049380030586467
239.0,29.0,-1.0321505726500835,-9.332178,-7.055025,2.553775656908269
240.0,2.0,1.9288390815736314,5.931816,1.232215,5.051177206943468
240.0,5.0,3.0627781216117747,16.517801,12.848246,6.185116246981611
240.0,6.0,4.705274691311608,4.305539,-1.310445,7.8276128166814445
240.0,12.0,1.849231483552722,2.185764,0.17257,4.971569608922557
240.0,19.0,-1.615017141532081,6.905198,3.669613,1.5073209838377548
240.0,25.0,-6.401415084307967,-3.435425,-6.902341,-3.279076958938131
240.0,29.0,-0.3297633743601711,-8.669392,-7.076164,2.792574751009665
241.0,2.0,1.6313027643678435,0.110675,1.242023,4.574720632475106
241.0,5.0,2.65870053737195,12.921564,12.907087,5.602118405479214
241.0,6.0,4.366880270697523,-3.28965,-1.315935,7.310298138804786
241.0,12.0,1.5325683642883838,-1.813156,0.182252,4.4759862323956465
241.0,19.0,-0.8909935216994516,3.154518,3.684426,2.0524243464078116
241.0,25.0,-6.5021176212035074,-6.463179,-6.925029,-3.5586997530962443
241.0,29.0,-1.2978376315309283,-8.30062,-7.101842,1.6455802365763348
242.0,2.0,1.7513934722797968,-5.514294,1.206925,4.478505216751829
242.0,5.0,2.806527866382095,11.810288,12.930616,5.533639610854127
242.0,6.0,4.505820328554536,-10.036881,-1.320629,7.232932073026569
242.0,12.0,1.6641998992056806,-7.748928,0.131219,4.391311643677713
242.0,19.0,-0.8753677382675011,-0.973576,3.726154,1.8517440062045312
242.0,25.0,-6.593003774015333,-11.665836,-6.99775,-3.865892029543301
242.0,29.0,-0.7869776523379901,-8.287451,-7.181076,1.9401340921340422
243.0,2.0,1.699177730750903,-1.135991,1.148595,4.597716263169204
243.0,5.0,2.7238073085758367,11.049612,12.928712,5.622345840994138
243.0,6.0,4.417264595124605,-5.26626,-1.377433,7.315803127542907
243.0,12.0,1.642416171489753,-3.07863,0.079378,4.540954703908055
243.0,19.0,-0.8732090926896063,5.22042,3.695554,2.025329439728695
243.0,25.0,-6.579773015719724,-8.532201,-7.04654,-3.6812344833014223
243.0,29.0,-1.150064545524995,-10.383379,-7.198617,1.7484739868933064
244.0,2.0,1.9836423537908434,-2.008205,1.125955,6.184352980542696
244.0,5.0,2.7768676504902725,7.880676,12.949221,6.9775782772421255
244.0,6.0,4.584357024900296,-4.512337,-1.377658,8.785067651652149
244.0,12.0,1.6847771962159106,-4.931265,0.044978,5.885487822967764
244.0,19.0,-2.269068513452784,0.794668,3.730251,1.9316421132990689
244.0,25.0,-6.613855497334251,-10.636198,-7.099235,-2.413144870582398
244.0,29.0,-0.6569595140957674,-4.466341,-7.259002,3.5437511126560857
245.0,2.0,1.7708057898071692,2.07427,1.112339,4.945605569843828
245.0,5.0,2.7866104156795135,12.912016,12.989335,5.961410195716171
245.0,6.0,4.7614140920507,-4.491955,-1.395771,7.936213872087357
245.0,12.0,1.7348111039787337,1.211809,0.030372,4.909610884015391
245.0,19.0,-1.7138537320012688,6.979943,3.738525,1.4609460480353893
245.0,25.0,-6.541295539771049,-8.258112,-7.136789,-3.366495759734391
245.0,29.0,-0.26205154443682055,-9.257392,-7.291753,2.9127482355998375
246.0,2.0,1.7549624373979258,-1.583517,1.070566,4.388274183775558
246.0,5.0,2.8286119761412003,9.250115,13.007527,5.461923722518833
246.0,6.0,4.439155835662792,-3.451324,-1.422755,7.072467582040424
246.0,12.0,1.7284199884410558,-3.120184,-0.017135,4.361731734818688
246.0,19.0,-0.9823007600666012,4.011766,3.749097,1.6510109863110314
246.0,25.0,-6.511097112129889,-7.835519,-7.198032,-3.8777853657522563
246.0,29.0,-0.9826277237087044,-8.762211,-7.343477,1.650684022668928
247.0,2.0,1.750787217779779,0.88628,1.050453,4.708536347274688
247.0,5.0,3.0728052671272117,9.167065,13.010274,6.0305543966221204
247.0,6.0,4.440462375831091,-5.832294,-1.405035,7.398211505326
247.0,12.0,1.7265555970924993,-3.776825,-0.054482,4.684304726587408
247.0,19.0,-1.1746940767036977,4.784607,3.799815,1.7830550527912115
247.0,25.0,-6.506029148479964,-7.588306,-7.24752,-3.548280018985055
247.0,29.0,-0.7616795094965347,-7.231198,-7.411701,2.1960696199983745
248.0,2.0,1.821648684435253,0.940993,1.068126,2.29443368959935
248.0,5.0,3.5061003957766577,15.317526,13.051687,3.9788854009407544
248.0,6.0,4.604009093024311,-1.611016,-1.379617,5.076794098188408
248.0,12.0,1.7373365981386097,-0.87709,-0.046999,2.2101216033027065
248.0,19.0,0.38575124164751884,1.068393,3.84588,0.8585362468116156
248.0,25.0,-6.563944710195365,-8.185059,-7.268924,-6.091159705031268
248.0,29.0,-0.8383968573565737,-6.766728,-7.456051,-0.36561185219247694
249.0,2.0,1.7524928961005948,2.513484,1.081135,5.352650473467221
249.0,5.0,2.7208507274617686,9.169485,13.106987,6.3210083048283945
249.0,6.0,3.967443979163278,-2.141805,-1.357661,7.567601556529904
249.0,12.0,1.6179898680594098,-2.147734,-0.04708,5.218147445426036
249.0,19.0,-2.199294584278432,4.309072,3.898701,1.400862993088194
249.0,25.0,-6.6649882627333135,-9.266777,-7.306351,-3.0648306853666876
249.0,29.0,-0.8262669695793265,-4.298344,-7.516003,2.7738906077872993
250.0,2.0,1.9087260172863711,0.209929,1.069754,4.6752058709143895
250.0,5.0,2.9204335421764718,10.179434,13.115267,5.68691339580449
250.0,6.0,4.656450420050147,-2.357566,-1.365339,7.4229302736781655
250.0,12.0,1.7867554001494454,-1.320842,-0.05825,4.553235253777464
250.0,19.0,-1.0781384955769377,4.252962,3.903893,1.6883413580510807
250.0,25.0,-6.501904688321629,-8.765005,-7.323778,-3.7354248346936103
250.0,29.0,-0.20365645834973645,-7.086436,-7.532726,2.562823395278282
251.0,2.0,1.7330696237656724,3.214938,0.974377,4.9806116165249374
251.0,5.0,2.8789192531451775,7.447011,13.0698,6.1264612459044425
251.0,6.0,4.500567495838581,-1.993264,-1.414106,7.748109488597846
251.0,12.0,1.7551844675426223,-1.225206,-0.161659,5.002726460301887
251.0,19.0,-1.8957665021113739,8.364314,3.899292,1.3517754906478912
251.0,25.0,-6.5762199750430055,-4.734018,-7.408849,-3.3286779822837405
251.0,29.0,-1.0715880358836358,-8.380385,-7.593338,2.175953956875629
252.0,2.0,1.287594245368119,1.753611,0.777752,3.923127954374399
252.0,5.0,3.000321815885286,8.844846,12.943646,5.635855524891566
252.0,6.0,4.89122573601219,-2.793801,-1.508127,7.52675944501847
252.0,12.0,1.141979678974793,-4.714741,-0.375757,3.777513387981073
252.0,19.0,-0.8784094362242598,5.925611,3.880967,1.7571242727820202
252.0,25.0,-6.242511169471854,-8.725676,-7.566619,-3.6069774604655738
252.0,29.0,-1.703763413851962,-8.355267,-7.699465,0.9317702951543181
253.0,2.0,1.536613431929137,1.422941,0.288826,2.8465517250104684
253.0,5.0,2.816917705381348,9.802994,12.530189,4.12685599846268
253.0,6.0,4.362302839901357,-4.518386,-1.540274,5.6722411329826885
253.0,12.0,1.3229509899484135,-0.499836,-1.007187,2.632889283029745
253.0,19.0,-0.005113128661987432,6.14618,4.095384,1.3048251644193438
253.0,25.0,-6.573522521396559,-10.307322,-8.053927,-5.263584228315228
253.0,29.0,-0.9899051817258098,-5.578844,-8.192781,0.3200331113555215
254.0,2.0,1.9613245393431074,1.094142,0.055066,4.805255494662427
254.0,5.0,3.0703763590975583,8.87975,12.341297,5.914307314416879
254.0,6.0,4.599978276499636,-6.499799,-1.69575,7.443909231818957
254.0,12.0,1.7837914721683603,-2.591131,-1.23088,4.627722427487681
254.0,19.0,-1.4876617590777195,3.085332,3.983687,1.356269196241601
254.0,25.0,-6.6300600250309625,-11.783922,-8.17475,-3.786129069711642
254.0,29.0,0.13015607520199612,-3.798053,-8.215258,2.9740870305213165
255.0,2.0,1.7866243611092774,1.557447,0.276715,5.1878645372674725
255.0,5.0,3.177941378789635,10.769659,12.651563,6.57918155494783
255.0,6.0,4.378454823388786,-0.180444,-1.724852,7.779694999546981
255.0,12.0,1.7346116794995359,0.302769,-0.938357,5.135851855657731
255.0,19.0,-1.9538671773191387,5.597484,3.8867,1.4473729988390565
255.0,25.0,-6.643635109835303,-6.355622,-8.010462,-3.242394933677108
255.0,29.0,-0.6237684719171073,-7.950058,-8.032485,2.777471704241088
256.0,2.0,1.7979682838571929,4.272941,0.263708,4.890400554165295
256.0,5.0,2.975219109574624,13.331753,12.684845,6.067651379882726
256.0,6.0,4.533872612907732,-2.706723,-1.741576,7.626304883215834
256.0,12.0,1.852912797605982,-0.555579,-0.951516,4.945345067914085
256.0,19.0,-1.6963982648315281,7.339214,3.892927,1.396034005476574
256.0,25.0,-6.690932988465842,-7.891179,-8.042858,-3.5985007181577395
256.0,29.0,-0.9153824776436146,-8.147458,-8.060304,2.1770497926644876
257.0,2.0,1.805826513934619,4.838553,0.237117,4.231903584660325
257.0,5.0,3.0260935828228526,15.74919,12.671481,5.452170653548558
257.0,6.0,4.181275738024402,0.740305,-1.730868,6.607352808750107
257.0,12.0,1.7295171946630523,3.590489,-0.991742,4.155594265388757
257.0,19.0,-0.5861056219410283,4.282007,3.930396,1.8399714487846768
257.0,24.0,-10.744348130153927,14.180667,5.838332,-8.318271059428222
257.0,25.0,-6.637442119684229,-3.461438,-8.085144,-4.211365048958523
257.0,29.0,-0.8261797168418434,-6.536555,-8.115249,1.5998973538838617
258.0,2.0,1.7078780455055664,8.209274,0.173488,5.791864097831822
258.0,5.0,3.294780855445971,11.983073,12.675699,7.378766907772227
258.0,6.0,3.9644809262079477,1.047195,-1.77028,8.048466978534204
258.0,12.0,1.6966126465864448,2.132459,-1.062283,5.7805986989127005
258.0,19.0,-1.4098599636206397,5.869025,3.935797,2.674126088705616
258.0,24.0,-10.928859226040977,1.253399,5.817546,-6.8448731737147215
258.0,25.0,-6.791431391801889,-7.873372,-8.162741,-2.7074453394756333
258.0,29.0,-0.553460955997215,0.641987,-8.175801,3.5305250963290407
259.0,2.0,1.8007249093740523,3.346652,0.058324,2.9601034800197206
259.0,5.0,3.1770186033061893,17.349418,12.700806,4.336397173951857
259.0,6.0,4.343908345967561,-0.864459,-1.89035,5.503286916613229
259.0,12.0,1.8003744355840006,-0.12015,-1.168187,2.959753006229669
259.0,19.0,0.32145039588288427,4.377347,3.87753,1.4808289665285526
259.0,25.0,-6.716131339112231,-2.832814,-8.277422,-5.556752768466563
259.0,29.0,-0.4428080020418257,-10.524043,-8.223727,0.7165705686038426
260.0,2.0,1.768523407048054,1.705751,-0.034697,3.913781054061707
260.0,5.0,3.0713722611199756,12.682672,12.719455,5.216629908133628
260.0,6.0,4.587978831256622,-6.116639,-1.967959,6.733236478270275
260.0,12.0,1.7695178088085406,-1.581844,-1.263696,3.9147754558221934
260.0,19.0,-0.5136219518217988,4.948462,3.860253,1.631635695191854
260.0,25.0,-6.755526196003006,-6.831346,-8.384744,-4.610268548989353
260.0,29.0,-0.8551460804702948,-8.218406,-8.291686,1.290111566543358
261.0,2.0,1.5673878429409012,0.712704,-0.151644,2.124350251611699
261.0,5.0,2.9262532727556962,9.234799,12.673596,3.4832156814264943
261.0,6.0,4.24407895308774,-3.504426,-2.077219,4.801041361758538
261.0,12.0,1.5535389775221775,-2.702274,-1.365342,2.1105013861929756
261.0,19.0,0.5369555098959875,7.986702,3.782198,1.0939179185667856
261.0,25.0,-6.643151433334692,-5.599069,-8.455918,-6.086189024663894
261.0,29.0,-0.9578816000259334,-9.278583,-8.296825,-0.4009191913551353
262.0,2.0,1.6970551402354719,3.892825,-0.125744,4.821893570638505
262.0,5.0,3.2485681009151133,14.365435,12.663036,6.373406531318146
262.0,6.0,4.5146507677611645,-2.03789,-2.039421,7.639489198164197
262.0,12.0,1.750485795400044,3.332395,-1.34306,4.875324225803077
262.0,19.0,-1.6559143339662903,5.075582,3.811301,1.4689240964367425
262.0,25.0,-6.871063757322164,-3.742689,-8.432916,-3.746225326919131
262.0,29.0,1.0613198929416994,-7.568876,-8.299142,4.186158323344732
263.0,2.0,1.7239371299702828,0.337093,0.062031,5.264144691746505
263.0,5.0,2.992571036703872,11.812252,12.76916,6.532778598480094
263.0,6.0,4.463822614921392,-2.50905,-1.888347,8.004030176697615
263.0,12.0,1.6951976538082878,-4.000673,-1.164331,5.23540521558451
263.0,19.0,-1.9883756238959962,5.017913,3.919825,1.5518319378802259
263.0,25.0,-6.758282239936705,-10.060656,-8.318244,-3.2180746781604825
263.0,29.0,-0.18151364495955935,-8.571578,-8.28224,3.3586939168166627
264.0,2.0,1.7911420720280091,8.00925,0.161115,2.383707747616244
264.0,5.0,3.3089327360408696,16.257719,12.831716,3.9014984116291043
264.0,6.0,4.32574218383688,1.644314,-1.858654,4.918307859425115
264.0,12.0,1.737891259252633,6.159,-1.041704,2.3304569348408677
264.0,19.0,0.28748641803153596,10.191674,3.902906,0.8800520936197704
264.0,25.0,-6.832174461735141,-3.615914,-8.219609,-6.239608786146906
264.0,29.0,2.4147895699293747,-7.821887,-8.200283,3.0073552455176094
265.0,2.0,1.644636182851059,0.79977,0.030966,4.152555567183816
265.0,5.0,3.138950143572467,10.059202,12.704702,5.646869527905224
265.0,6.0,4.634388872609133,-5.370617,-1.978866,7.14230825694189
265.0,12.0,1.7068285611732934,-2.214231,-1.142152,4.2147479455060495
265.0,19.0,-0.9917299461171574,3.090561,3.776747,1.5161894382155992
265.0,25.0,-6.644001611659722,-6.697076,-8.240623,-4.136082227326966
265.0,29.0,-0.8866838058719555,-6.418182,-8.140465,1.621235578460801
266.0,2.0,1.6921509298399942,1.104973,0.028293,5.262239437358133
266.0,5.0,2.7961350650507217,11.176724,12.642461,6.36622357256886
266.0,6.0,4.277029960449369,-2.767108,-1.946471,7.847118467967507
266.0,12.0,1.6342912005375458,-1.044766,-1.150103,5.204379708055685
266.0,19.0,-2.6374609258876225,5.086201,3.797765,0.9326275816305158
266.0,25.0,-6.6458498080138995,-9.291535,-8.221758,-3.075761300495761
266.0,29.0,-0.9430543522172288,-7.206878,-8.141486,2.6270341553009096
267.0,2.0,1.8666521336197377,1.889032,0.235454,3.8446296651763667
267.0,5.0,2.7734809574480632,16.454831,12.741709,4.751458489004692
267.0,6.0,4.300774627693066,-5.476692,-1.772916,6.278752159249695
267.0,12.0,1.8649520967095459,-2.400676,-0.953866,3.842929628266175
267.0,19.0,-0.7051145760042559,3.580643,3.918397,1.2728629555523732
267.0,25.0,-6.66866130065107,-7.854554,-8.087164,-4.690683769094441
267.0,29.0,0.17077044668468844,-8.673817,-8.117681,2.1487479782413175
268.0,2.0,1.4848177752051388,4.494751,0.2683,4.795572314723364
268.0,5.0,2.3562172625826987,12.588231,12.735131,5.666971802100923
268.0,6.0,4.414703810874121,-0.126344,-1.772243,7.725458350392346
268.0,12.0,1.3367897655158902,3.148074,-0.901139,4.647544305034115
268.0,19.0,-2.092388282632694,4.801411,3.884489,1.2183662568855307
268.0,25.0,-6.645944442010711,-5.517016,-8.023886,-3.3351899024924863
268.0,29.0,-0.7456084165544627,-4.347918,-8.051878,2.5651461229637618
269.0,2.0,1.5258048377845412,1.284126,0.359608,6.2761758381089345
269.0,5.0,2.3626203242509947,8.97468,12.717278,7.112991324575388
269.0,6.0,4.487918519773933,-2.963251,-1.70798,9.238289520098327
269.0,12.0,1.544541696355811,-2.256966,-0.795004,6.294912696680204
269.0,19.0,-2.797629220002773,5.097646,3.885734,1.9527417803216203
269.0,24.0,-10.751680517102546,7.418435,5.998088,-6.001309516778153
269.0,25.0,-6.630693578146657,-9.68877,-7.904734,-1.8803225778222634
269.0,29.0,-0.7624850437737063,-6.231055,-7.967301,3.987885956550687
270.0,2.0,1.5234194089635409,-0.775681,0.389734,5.0604979981117655
270.0,5.0,2.5901108000086577,8.754487,12.632159,6.127189389156882
270.0,6.0,4.542513431904132,-2.84938,-1.674854,8.079592021052356
270.0,12.0,1.7363243162813111,-2.395335,-0.750462,5.273402905429535
270.0,19.0,-2.5992954634724392,4.252607,3.862632,0.9377831256757849
270.0,25.0,-6.630721669326002,-8.041403,-7.812022,-3.093643080177778
270.0,29.0,0.46566954961517304,-7.627788,-7.887798,4.002748138763398
271.0,2.0,1.5454139249727445,-3.814888,0.381897,3.530886918276864
271.0,5.0,2.9803510553673487,9.089409,12.508237,4.965824048671468
271.0,6.0,4.769108115205221,-4.305633,-1.698348,6.75458110850934
271.0,12.0,1.7297065153849784,-4.781715,-0.723708,3.715179508689098
271.0,19.0,-0.6837068085253186,3.829056,3.767548,1.301766184778801
271.0,25.0,-6.809201240727856,-13.215877,-7.706485,-4.823728247423737
271.0,29.0,0.25968934469885596,-8.857292,-7.755157,2.2451623380029755
272.0,2.0,1.6296683009910264,1.795356,0.356473,4.340944513631507
272.0,5.0,2.9812317587376285,9.198013,12.349441,5.692507971378109
272.0,6.0,4.1661289018207786,-1.499992,-1.737002,6.877405114461259
272.0,12.0,1.8849728055959858,0.206191,-0.708416,4.596249018236466
272.0,19.0,-1.0137172810754613,6.145726,3.647251,1.6975589315650188
272.0,25.0,-6.920968337522572,-7.561312,-7.591157,-4.209692124882092
272.0,29.0,2.343161282422562,-6.397437,-7.600323,5.054437495063042
273.0,2.0,1.5602890007780363,3.213116,0.468993,5.228509587650944
273.0,5.0,3.26170034289831,13.326108,12.253611,6.929920929771217
273.0,6.0,3.9554741080449034,-3.801293,-1.670901,7.623694694917811
273.0,12.0,1.4458360617061645,-3.618717,-0.557825,5.114056648579072
273.0,19.0,-2.6450552604460453,-0.011223,3.587629,1.023165326426862
273.0,24.0,-10.374933699133626,-1.019026,5.991926,-6.706713112260719
273.0,25.0,-6.711303722559192,-3.440002,-7.375894,-3.0430831356862846
273.0,29.0,-1.40895722956492,-2.747511,-7.409469,2.2592633573079874
274.0,2.0,1.6123961916544758,-1.099519,0.475397,6.375625721779782
274.0,5.0,3.3865724134127326,8.98461,12.135643,8.149801943538039
274.0,6.0,3.7572913230517404,-5.153446,-1.668677,8.520520853177047
274.0,12.0,1.513911994864368,-1.26726,-0.525533,6.277141524989674
274.0,19.0,-3.0540735154464356,4.726795,3.521788,1.7091560146788707
274.0,24.0,-10.560095854735359,9.572185,5.972732,-5.796866324610052
274.0,25.0,-6.873751039099947,-7.085895,-7.272303,-2.1105215089746405
274.0,29.0,0.8249816974247697,-10.036923,-7.296138,5.588211227550076
275.0,2.0,1.666486435157661,1.677274,0.492172,6.21891377104
275.0,5.0,3.3450998331527764,13.401955,12.019989,7.897527169035116
275.0,6.0,3.9051939933216175,-0.58334,-1.652728,8.457621329203956
275.0,12.0,1.5430918914274239,-0.619981,-0.485979,6.095519227309763
275.0,19.0,-2.8282670934712373,4.826834,3.468333,1.7241602424111022
275.0,24.0,-10.637401488983327,2.302635,5.946087,-6.084974153100988
275.0,25.0,-6.9504622856681655,-5.393086,-7.164283,-2.398034949785826
275.0,29.0,-0.9133396251454684,-8.609917,-7.187172,3.639087710736871
276.0,2.0,1.8266976803923232,2.505765,0.525161,5.0235811577880085
276.0,5.0,3.9713595332960185,12.342229,11.91753,7.168243010691704
276.0,6.0,4.406862476779647,1.707725,-1.62503,7.6037459541753325
276.0,12.0,1.8740964890308724,-0.780121,-0.431282,5.070979966426558
276.0,19.0,-1.4657648197141673,5.301007,3.424256,1.731118657681518
276.0,25.0,-6.795370971994444,-7.692456,-7.048592,-3.598487494598759
276.0,29.0,-0.44040919830711545,-7.225199,-7.078232,2.75647427908857
277.0,2.0,1.6769263118999014,1.042421,0.480587,4.181140222759621
277.0,5.0,3.7216486217126317,11.188529,11.800532,6.225862532572351
277.0,6.0,3.7706249967652212,-2.792518,-1.662492,6.2748389076249405
277.0,12.0,1.5202767365850534,-1.230702,-0.452939,4.024490647444773
277.0,19.0,-1.3445848355914913,3.385662,3.347599,1.159629075268228
277.0,25.0,-6.843409755768228,-8.339521,-7.000211,-4.339195844908509
277.0,29.0,-1.1810263231857858,-6.227921,-6.998287,1.3231875876739334
278.0,2.0,1.7234139977923153,2.921312,0.436016,4.945216024827206
278.0,5.0,3.310795269240904,10.058169,11.672095,6.532597296275795
278.0,6.0,4.410127368713093,-1.598274,-1.691308,7.631929395747984
278.0,12.0,1.4781402856863002,1.003641,-0.47747,4.699942312721191
278.0,19.0,-1.6798465573177506,6.725838,3.278234,1.5419554697171405
278.0,25.0,-6.878996560124558,-7.367883,-6.950236,-3.657194533089667
278.0,29.0,-0.127938202275808,-6.615381,-6.921796,3.093863824759083
279.0,2.0,1.6643747571043672,4.621103,0.40878,4.807252928179464
279.0,5.0,3.509205815337779,15.642959,11.519752,6.652083986412876
279.0,6.0,4.240583300388494,0.862853,-1.680236,7.38346147146359
279.0,12.0,1.5323740628662845,4.777656,-0.494451,4.6752522339413805
279.0,19.0,-1.9708712633505852,3.990266,3.240996,1.1720069077245112
279.0,25.0,-6.655988543014807,-3.860928,-6.885478,-3.5131103719397108
279.0,29.0,-0.7396659734635858,-5.355217,-6.854595,2.4032121976115106
280.0,2.0,1.6609496012859033,3.351293,0.408726,5.293501844029208
280.0,5.0,3.1278134058280713,13.180324,11.390824,6.760365648571376
280.0,6.0,4.438099486999169,-2.067919,-1.6654,8.070651729742474
280.0,12.0,1.530982928888072,-1.088054,-0.477259,5.163535171631377
280.0,19.0,-1.9386813984821747,3.541756,3.19524,1.6938708442611303
280.0,25.0,-6.87693591167262,-6.284802,-6.795353,-3.2443836689293146
280.0,29.0,0.17358902144946065,-5.198839,-6.763441,3.8061412641927657
281.0,2.0,1.5730097055727006,4.037041,0.368005,4.824898405532636
281.0,5.0,3.171009784333947,11.573699,11.269588,6.422898484293883
281.0,6.0,4.3006038195213385,-2.149114,-1.713588,7.552492519481275
281.0,12.0,1.2754245042716628,0.332248,-0.486546,4.527313204231598
281.0,19.0,-1.5692460075510075,6.174639,3.09553,1.6826426924089284
281.0,25.0,-6.821889810654093,-6.674928,-6.728064,-3.570001110694157
281.0,29.0,0.20339163289648354,-5.977905,-6.655597,3.4552803328564194
282.0,2.0,1.7182303829296846,0.757423,0.393672,5.070834572028677
282.0,5.0,3.069339296200372,9.856684,11.170977,6.421943485299365
282.0,6.0,4.329565726545059,-4.339912,-1.678075,7.682169915644052
282.0,12.0,1.5097308748060216,-1.131605,-0.448163,4.8623350639050145
282.0,19.0,-2.324124200876914,4.478374,3.072963,1.0284799882220788
282.0,25.0,-6.791183931000036,-8.911959,-6.634844,-3.4385797419010435
282.0,29.0,0.46192878686976346,-6.508902,-6.576068,3.8145329759687563
283.0,2.0,1.6173867652945777,4.178464,0.40151,5.225016372559718
283.0,5.0,3.059947787472014,15.136214,11.086261,6.667577394737155
283.0,6.0,4.3886287381710645,-4.329347,-1.638904,7.996258345436205
283.0,12.0,1.6273849573352681,3.153711,-0.440953,5.235014564600409
283.0,19.0,-2.344683815459809,3.978652,3.0815,1.2629457918053322
283.0,25.0,-6.63464262247942,-4.912471,-6.586419,-3.0270130152142793
283.0,29.0,-0.1069314032388533,-5.543513,-6.547995,3.5006982040262877
284.0,2.0,1.5992775829521868,3.69234,0.392816,4.303548233612348
284.0,5.0,3.1112216076029284,8.405348,11.155186,5.81549225826309
284.0,6.0,4.355373724813715,-1.68291,-1.66275,7.0596443754738765
284.0,12.0,1.6567013909111097,0.782779,-0.450039,4.360972041571271
284.0,19.0,-1.763874024847519,3.827335,3.091671,0.9403966258126424
284.0,25.0,-6.579459948374804,-2.51834,-6.63325,-3.875189297714643
284.0,29.0,0.22915510625089297,-3.694261,-6.588317,2.9334257569110544
285.0,2.0,1.5274489947672905,1.738529,0.401406,4.170949676725294
285.0,5.0,2.9195992139563387,9.748865,11.227285,5.563099895914342
285.0,6.0,4.265015343572076,-3.1464,-1.65543,6.908516025530079
285.0,12.0,1.5888139834661796,-2.172665,-0.451494,4.232314665424183
285.0,19.0,-1.5035320025308359,2.591198,3.135149,1.1399686794271675
285.0,25.0,-6.636773673416748,-3.990953,-6.67913,-3.9932729914587446
285.0,29.0,0.6453930019599508,-5.362246,-6.648385,3.288893683917954
286.0,2.0,1.536745286209614,-1.094572,0.4187,6.085582799544056
286.0,5.0,2.960117794261965,6.456979,11.257091,7.508955307596407
286.0,6.0,3.112195473641748,-2.777366,-1.643536,7.66103298697619
286.0,12.0,1.4497939772493522,-1.53632,-0.435053,5.9986314905837945
286.0,19.0,-2.130162125531215,4.952545,3.154012,2.418675387803227
286.0,24.0,-10.711576001959326,-1.16652,5.680307,-6.162738488624884
286.0,25.0,-6.7317465067044004,-10.434059,-6.680774,-2.182908993369958
286.0,29.0,0.14760937381907002,-4.720445,-6.6617,4.696446887153512
287.0,2.0,1.618427554326077,0.314991,0.483444,4.354899212367938
287.0,5.0,3.277950866735244,11.882092,11.24624,6.014422524777105
287.0,6.0,4.218932501263872,-2.932383,-1.622649,6.955404159305733
287.0,12.0,1.9097039853761206,-5.35595,-0.345733,4.6461756434179815
287.0,19.0,-1.7495523405168498,3.486227,3.117331,0.9869193175250115
287.0,25.0,-6.56474924537101,-8.339914,-6.576268,-3.8282775873291484
287.0,29.0,1.7199829588543132,-8.654965,-6.564301,4.456454616896174
288.0,2.0,1.4872787559198937,1.127922,0.497848,4.296938343490488
288.0,5.0,3.0953421929100937,9.353702,11.115293,5.9050017804806885
288.0,6.0,4.23176727965085,-5.763177,-1.615238,7.041426867221444
288.0,12.0,1.342143872107048,-1.729674,-0.302708,4.151803459677643
288.0,19.0,-1.0990015180966974,4.230397,3.044235,1.7106580694738973
288.0,24.0,-10.4240835225804,7.014436,5.713289,-7.614423935009805
288.0,25.0,-6.501466474517083,-3.648307,-6.453458,-3.6918068869464884
288.0,29.0,-1.1268392045126485,-7.262962,-6.432573,1.6828203830579462
289.0,2.0,1.4472862535285564,-2.492822,0.371365,5.245321680257088
289.0,5.0,4.393400370579419,8.619664,10.820376,8.19143579730795
289.0,6.0,4.3967423959741225,-7.583888,-1.642434,8.194777822702655
289.0,12.0,2.418753209142505,-5.635606,-0.421445,6.216788635871036
289.0,19.0,-1.6130914016655167,0.188965,2.968137,2.1849440250630145
289.0,25.0,-7.1133145853070365,-8.711732,-6.416704,-3.3152791585785053
289.0,29.0,-1.7390010770006255,-5.434233,-6.363226,2.0590343497279058
290.0,2.0,1.451032628435188,4.393434,0.289869,5.294600348853264
290.0,5.0,3.620207115551164,15.072755,10.64452,7.4637748359692395
290.0,6.0,4.749715949155609,-0.081375,-1.639739,8.593283669573685
290.0,12.0,2.281679283930999,-0.91776,-0.511069,6.125247004349075
290.0,19.0,-1.9076950574169604,2.937466,2.958916,1.9358726630011152
290.0,25.0,-7.0425259624185195,-7.113261,-6.420702,-3.198958242000444
290.0,29.0,-2.0023496816838575,-4.416363,-6.363188,1.841218038734218
291.0,2.0,1.6119863562351293,2.288332,0.338904,4.306437833766243
291.0,5.0,4.372344700176587,7.710143,10.684167,7.066796177707699
291.0,6.0,5.06530493514868,-2.81593,-1.606891,7.759756412679792
291.0,12.0,2.606591171190491,1.9701,-0.460977,5.301042648721603
291.0,19.0,-1.017673487025915,7.580359,2.984201,1.6767779905051978
291.0,25.0,-6.866797412974492,-6.781931,-6.393034,-4.17234593544338
291.0,29.0,-0.6607343007282385,-6.688066,-6.359027,2.0337171768028743
292.0,2.0,1.5394747163644045,0.480962,0.339845,5.20192154563569
292.0,5.0,3.6303902186929076,10.314097,10.760778,7.292837047964193
292.0,6.0,4.490116092150119,-2.219579,-1.646303,8.152562921421405
292.0,12.0,2.58357731233351,-4.74485,-0.448161,6.246024141604796
292.0,19.0,-1.252671597845378,3.604303,2.964585,2.409775231425908
292.0,25.0,-6.9468539276681955,-6.137187,-6.415955,-3.2844070983969096
292.0,29.0,-1.5168780871190153,-7.921271,-6.363654,2.1455687421522707
293.0,2.0,1.5339843525335333,-1.861692,0.377116,5.173550238285815
293.0,5.0,3.9179774367493536,9.203277,10.813191,7.557543322501635
293.0,6.0,4.395940693431207,-0.320041,-1.628418,8.035506579183489
293.0,12.0,2.467475279231132,-3.966753,-0.409338,6.107041164983413
293.0,19.0,-1.9327231897278656,1.812575,2.985185,1.7068426960244159
293.0,25.0,-6.942423564399887,-3.650168,-6.405831,-3.302857678647605
293.0,29.0,-1.4414664682552023,-8.545892,-6.369239,2.198099417497079
294.0,2.0,1.4781741237269328,3.106289,0.325805,5.511895930876055
294.0,5.0,3.882366219421403,8.509068,10.702156,7.916088026570526
294.0,6.0,4.638793166981852,-3.630598,-1.650865,8.672514974130975
294.0,12.0,2.4336379402340222,-2.190116,-0.451179,6.467359747383145
294.0,19.0,-2.2242603571669153,5.957697,2.941792,1.8094614499822073
294.0,25.0,-6.9310621167539,-8.151702,-6.387007,-2.897340309604777
294.0,29.0,-1.3175379889902166,-4.992547,-6.330935,2.716183818158906
295.0,2.0,1.6122783025620588,-0.036426,0.340911,5.89442419648433
295.0,5.0,3.920316605188251,6.135097,10.610707,8.202462499110522
295.0,6.0,4.520333165818961,-3.68057,-1.633925,8.802479059741232
295.0,12.0,2.3774464890696,-3.471186,-0.419728,6.659592382991871
295.0,19.0,-2.758951177972826,3.811852,2.904374,1.5231947159494452
295.0,25.0,-6.998144548089323,-7.024036,-6.302123,-2.715998654167052
295.0,29.0,-1.5407563732952019,-5.613814,-6.248135,2.7413895206270693
296.0,2.0,1.5151602744015706,-0.549907,0.341865,5.659115811593584
296.0,5.0,3.9093935708588283,12.061688,10.5239,8.053349108050842
296.0,6.0,4.509643310192054,-6.217779,-1.605308,8.653598847384067
296.0,12.0,2.3731209750610986,1.116499,-0.416878,6.517076512253112
296.0,19.0,-2.1060877725245275,2.36119,2.901919,2.037867764667486
296.0,25.0,-6.998760078254337,-4.65108,-6.255303,-2.8548045410623235
296.0,29.0,-1.6148492289265977,-7.928397,-6.214344,2.529106308265416
297.0,2.0,1.578688912470609,-0.38105,0.360172,4.834784011323974
297.0,5.0,4.199812607586152,7.276141,10.420465,7.4559077064395165
297.0,6.0,4.943978416407511,-1.199718,-1.564162,8.200073515260875
297.0,12.0,2.4042812599053356,4.234781,-0.39239,5.6603763587587
297.0,19.0,-1.0400973023403957,4.421551,2.892613,2.2159977965129687
297.0,25.0,-6.845469065063431,-3.578694,-6.17618,-3.5893739662100663
297.0,29.0,-0.8827923082784803,-6.685014,-6.153054,2.373302790574884
298.0,2.0,1.504109877870265,0.825203,0.256662,4.860126833618988
298.0,5.0,3.955034625139719,6.899333,10.304924,7.311051580888442
298.0,6.0,4.223049406513454,-5.03526,-1.655864,7.579066362262177
298.0,12.0,2.3674714685220897,-1.866252,-0.472193,5.723488424270812
298.0,19.0,-1.2052382028234776,5.348962,2.79041,2.150778752925245
298.0,25.0,-6.972554310268002,-8.553303,-6.185376,-3.6165373545192794
298.0,29.0,-1.2755266465308734,-5.703218,-6.099016,2.0804903092178493
299.0,2.0,1.5543048902861187,1.966388,0.24427,4.154058880527801
299.0,5.0,3.9059257851468114,8.710482,10.268398,6.505679775388494
299.0,6.0,4.17656359495988,-2.244335,-1.652869,6.7763175852015625
299.0,12.0,2.347237100041558,-0.628524,-0.483589,4.94699109028324
299.0,19.0,-0.8078474628318109,4.943899,2.788645,1.7919065274098713
299.0,25.0,-6.924997259870317,-5.693533,-6.179163,-4.3252432696286345
299.0,29.0,-1.619190088271587,-5.627893,-6.094586,0.9805639019700951
300.0,2.0,1.4143876525716905,0.238094,0.256396,3.5013521967637913
300.0,5.0,3.667902026194742,9.770327,10.248114,5.754866570386843
300.0,6.0,4.197365758556657,-0.238619,-1.607247,6.284330302748758
300.0,12.0,2.2154387854593747,0.678901,-0.485458,4.302403329651476
300.0,19.0,-0.3947711158691609,4.716393,2.838004,1.6921934283229398
300.0,25.0,-6.902544789916886,-7.561933,-6.179487,-4.815580245724785
300.0,29.0,-1.3948586502176337,-6.964965,-6.12607,0.6921058939744671
301.0,2.0,1.287187724334995,2.893888,0.243942,3.672948991325427
301.0,5.0,3.4283926042954747,7.787549,10.196451,5.814153871285907
301.0,6.0,3.6291608358362666,-0.764156,-1.60258,6.014922102826699
301.0,12.0,2.2540238789954277,-0.51778,-0.495307,4.63978514598586
301.0,19.0,-0.8024786881659196,3.75874,2.830614,1.5832825788245124
301.0,25.0,-6.721143292064158,-4.399227,-6.163033,-4.335382025073726
301.0,29.0,-1.3267647236339877,-3.426077,-6.110887,1.0589965433564443
302.0,2.0,1.4513984858234004,-1.084056,0.193292,2.5806453495849713
302.0,5.0,3.746312041296715,5.919648,10.091719,4.875558905058286
302.0,6.0,4.44192570135942,-4.609189,-1.599141,5.571172565120991
302.0,12.0,2.0945966655926735,-5.649344,-0.552289,3.2238435293542445
302.0,19.0,0.36880716903627153,4.361706,2.83043,1.4980540327978424
302.0,25.0,-6.938711342615299,-6.958143,-6.170309,-5.809464478853728
302.0,29.0,-0.5169960859831875,-6.40902,-6.117828,0.6122507777783834
303.0,2.0,1.5222744184484398,1.732543,0.178319,3.1027436380893834
303.0,5.0,3.5992210165973724,4.489931,10.039784,5.179690236238316
303.0,6.0,4.591523195223958,-3.205752,-1.646497,6.171992414864902
303.0,12.0,2.1567354319057603,-1.950919,-0.536315,3.737204651546704
303.0,19.0,-0.06196723755945843,6.748782,2.74391,1.5185019820814851
303.0,25.0,-7.033654310814944,-7.349735,-6.11374,-5.453185091174
303.0,29.0,-1.0399648265067523,-3.556681,-6.025034,0.5405043931341913
304.0,2.0,1.6087157407284876,3.9733,0.255391,3.5658785929270147
304.0,5.0,3.981857128085011,8.033249,10.040055,5.939019980283538
304.0,6.0,4.906744024779233,-2.029548,-1.658361,6.86390687697776
304.0,12.0,2.3232715374451667,1.071638,-0.412176,4.280434389643694
304.0,19.0,-0.4387493766129822,6.988508,2.649482,1.518413475585545
304.0,25.0,-6.973213755863022,-4.950829,-5.968716,-5.016050903664495
304.0,29.0,-0.7562950571703233,-4.228153,-5.86273,1.2008677950282038
305.0,2.0,1.353382030673031,3.471219,0.304081,3.389210435169593
305.0,5.0,3.7730292147940645,8.092542,10.003858,5.8088576192906265
305.0,6.0,4.472311228595347,-2.347613,-1.654911,6.508139633091909
305.0,12.0,2.212530402351936,-1.102209,-0.332809,4.248358806848498
305.0,19.0,-0.19832865784853126,4.033818,2.587439,1.8374997466480307
305.0,25.0,-6.965937827989347,-2.696597,-5.857447,-4.930109423492785
305.0,29.0,-1.4302230480003715,-3.84973,-5.745106,0.6056053564961905
306.0,2.0,1.4435259807306924,-2.844715,0.257466,3.7666996498800485
306.0,5.0,3.7419014141994644,10.607864,9.88469,6.0650750833488205
306.0,6.0,4.2418052817432645,-7.823165,-1.676801,6.564978950892621
306.0,12.0,2.259266736299555,-6.796162,-0.366978,4.582440405448911
306.0,19.0,-0.4941022427498929,2.059995,2.535582,1.8290714263994632
306.0,25.0,-6.887296161896177,-10.626501,-5.824998,-4.564122492746821
306.0,29.0,-1.7844329269636043,-8.202834,-5.691666,0.5387407421857517
307.0,2.0,1.4997160486105745,5.319368,0.327556,4.705646322335275
307.0,5.0,4.088305804138702,9.573358,9.830603,7.294236077863403
307.0,6.0,4.055866925085967,-0.046502,-1.629952,7.261797198810667
307.0,12.0,2.2388833543530344,0.4779,-0.277338,5.444813628077734
307.0,19.0,-1.4364558870164776,6.574916,2.510245,1.769474386708222
307.0,25.0,-6.846868072246018,-3.62629,-5.699734,-3.640937798521318
307.0,29.0,-0.7345339587553905,-5.083128,-5.586517,2.4713963149693092
308.0,2.0,1.487357870208192,-3.485014,0.381902,4.6364211774553254
308.0,5.0,4.024039822658988,7.132951,9.758286,7.1731031299061225
308.0,6.0,4.375546607700299,-3.242624,-1.593373,7.524609914947433
308.0,12.0,2.399692816555735,-6.003013,-0.202245,5.548756123802869
308.0,19.0,-0.9955704796043632,-0.008011,2.474563,2.1534928276427707
308.0,25.0,-6.763957079765401,-8.068797,-5.578795,-3.614893772518267
308.0,29.0,-0.8142730810732797,-5.874919,-5.478328,2.3347902261738542
309.0,2.0,1.4240160028043096,-2.191037,0.337161,5.047642447598997
309.0,5.0,3.807116200589711,9.367559,9.626927,7.430742645384398
309.0,6.0,3.860741271527644,-6.179127,-1.612948,7.484367716322331
309.0,12.0,2.143923483143272,-3.355669,-0.232965,5.767549927937959
309.0,19.0,-1.2248175434169464,2.243419,2.417707,2.3988089013777407
309.0,25.0,-6.926533488425649,-9.201653,-5.535674,-3.302907043630962
309.0,29.0,-1.0082458992242103,-6.923202,-5.414153,2.615380545570477
310.0,2.0,1.4711620615465737,1.430241,0.341226,5.167256979126908
310.0,5.0,3.932680991459547,11.1831,9.533494,7.628775909039881
310.0,6.0,4.133650287559014,-2.928917,-1.598933,7.829745205139348
310.0,12.0,1.9375559875076762,-1.43898,-0.216535,5.633650905088009
310.0,19.0,-1.6802852804154012,2.759817,2.385386,2.0158096371649323
310.0,25.0,-6.97390852135642,-4.288045,-5.466211,-3.2778136037760865
310.0,29.0,-1.4607481990642093,-6.376218,-5.345536,2.235346718516124
311.0,2.0,1.3911421973967046,4.898553,0.396011,4.723047706471237
311.0,5.0,4.140047504209729,7.750615,9.472888,7.471953013284262
311.0,6.0,4.112067958210986,-2.232557,-1.548225,7.4439734672855185
311.0,12.0,2.1153614228322652,-0.020516,-0.150976,5.447266931906798
311.0,19.0,-1.376093568826665,3.865284,2.377745,1.9558119402478678
311.0,25.0,-6.876607346797252,-3.262134,-5.365739,-3.5447018377227195
311.0,29.0,-1.3662168580431615,-1.820129,-5.26923,1.9656886510313711
312.0,2.0,1.4887512260248954,1.266805,0.446267,4.673258368281781
312.0,5.0,4.050828762065468,6.473621,9.467259,7.235335904322353
312.0,6.0,4.033913995999818,-1.453925,-1.513828,7.218421138256703
312.0,12.0,2.085282596147332,-2.77306,-0.092332,5.269789738404217
312.0,19.0,-1.2608488377693203,3.727517,2.379248,1.9236583044875646
312.0,25.0,-6.8729885503172055,-3.822916,-5.30199,-3.6884814080603205
312.0,29.0,-0.914228485023119,-5.404949,-5.224702,2.270278657233766
313.0,2.0,1.9809827651102374,2.205544,0.559768,6.240114746114081
313.0,5.0,3.6068015209846216,13.509259,9.594495,7.865933501988465
313.0,6.0,3.8784839872257155,-6.565541,-1.42534,8.137615968229559
313.0,12.0,1.5604135318708963,0.786777,0.007127,5.81954551287474
313.0,19.0,-2.131219633116058,4.389674,2.475064,2.1279123478877855
313.0,25.0,-7.080691227011683,-6.177653,-5.278161,-2.8215592460078396
313.0,29.0,-0.2650238196740453,-7.442769,-5.265744,3.994108161329798
314.0,2.0,2.826281128976257,-5.060606,1.179315,3.731624330655666
314.0,5.0,5.090815542758282,5.031985,10.067437,5.996158744437691
314.0,6.0,6.935351918498643,-9.349395,-0.90887,7.840695120178053
314.0,12.0,2.822337521844811,-5.951373,0.558847,3.72768072352422
314.0,19.0,-0.026056295342376856,-3.148539,2.924195,0.8792869063370321
314.0,24.0,-9.947186525150574,18.016044,5.297919,-9.041843323471165
314.0,25.0,-6.161439856008119,-11.560427,-5.011365,-5.25609665432871
314.0,29.0,4.080125521893443,-3.460021,-5.343776,4.985468723572852
315.0,2.0,1.7900121735379422,-3.274369,1.975051,0.0009902351436552603
315.0,5.0,5.313304950300726,3.059927,10.487833,3.524283011906439
315.0,6.0,3.721682061622074,-4.533402,-0.172551,1.9326601232277871
315.0,12.0,2.1653298472722122,-8.754758,1.257165,0.3763079088779253
315.0,19.0,1.6454147055024686,0.790729,3.512274,-0.14360723289181831
315.0,25.0,-6.724761925926188,-9.90434,-4.585779,-8.513783864320475
315.0,29.0,0.46831631741650526,-4.964781,-5.391986,-1.3207056209777817
316.0,2.0,1.5642387931202437,13.619301,2.292111,2.9207726650791557
316.0,5.0,5.358853158991215,15.127156,10.62964,6.715387030950127
316.0,6.0,2.8742612226654014,4.619185,0.131591,4.230795094624313
316.0,12.0,1.8405892840419344,6.206683,1.535027,3.1971231560008464
316.0,19.0,1.8423957269488778,12.300226,3.749902,3.1989295989077897
316.0,25.0,-6.975821036440526,1.598438,-4.404235,-5.619287164481614
316.0,29.0,6.416743284904772,6.414299,-5.405197,7.773277156863684
317.0,2.0,1.4001248725034987,4.126857,2.074865,0.07348985125467822
317.0,5.0,4.1520578189465365,12.60532,10.820769,2.825422797697716
317.0,6.0,4.893812967112773,-0.284813,-0.068376,3.567177945863952
317.0,12.0,1.8390548002217066,3.814014,1.294589,0.5124197789728862
317.0,19.0,1.637597193886017,6.371448,3.760361,0.3109621726371965
317.0,25.0,-6.7256627170050365,0.376091,-4.756885,-8.052297738253857
317.0,29.0,1.4286468140443116,-7.702872,-5.66678,0.10201179279549111
318.0,2.0,1.3514835695869323,4.939925,2.034746,1.1195339448589006
318.0,5.0,3.881850851331736,11.4692,10.887954,3.649901226603704
318.0,6.0,4.4559855302061795,-2.065139,-0.089624,4.224035905478147
318.0,12.0,1.7038346653770144,2.719469,1.237742,1.4718850406489827
318.0,19.0,1.1058265249750363,3.772168,3.805223,0.8738769002470046
318.0,25.0,-6.743343390294299,-1.429567,-4.85866,-6.975293015022332
318.0,29.0,-0.5433466369926769,-2.227615,-5.768328,-0.7752962617207086
319.0,2.0,1.2976608516071897,2.923202,2.020203,0.7633750772109668
319.0,5.0,3.6360670242778887,8.490741,10.994522,3.101781249881666
319.0,6.0,4.355184283464611,2.051942,-0.105902,3.8208985090683885
319.0,12.0,1.5054563156634284,-0.591177,1.209594,0.9711705412672055
319.0,19.0,1.5737573000560934,2.510551,3.853917,1.0394715256598706
319.0,25.0,-6.665700076275725,-6.454307,-4.950918,-7.199985850671948
319.0,29.0,-0.9036264954123219,-4.097993,-5.86502,-1.4379122698085447
320.0,2.0,1.405634997807983,-2.168909,1.940154,0.17942694207651244
320.0,5.0,4.062258466830949,6.988827,11.072037,2.836050411099478
320.0,6.0,5.3573390029558965,-5.86756,-0.187054,4.131130947224426
320.0,12.0,1.7210090043623971,-4.858306,1.125692,0.4948009486309266
320.0,19.0,1.6015525919591829,-0.116826,3.850709,0.37534453622771236
320.0,25.0,-6.416079963174878,-12.288941,-5.078752,-7.642288018906349
320.0,29.0,-0.9189874127843103,-3.082116,-5.956043,-2.145195468515781
321.0,2.0,1.2063515242193548,1.888344,1.805664,0.3541818877219767
321.0,5.0,3.825499163218094,13.46886,11.044298,2.9733295267207156
321.0,6.0,4.680861650709659,-4.265141,-0.219271,3.8286920142122804
321.0,12.0,1.7260068295702977,-0.618627,0.950358,0.8738371930729196
321.0,19.0,2.9729198250678053,4.598165,3.920796,2.120750188570427
321.0,24.0,-10.26936001713869,4.930879,5.262308,-11.121529653636067
321.0,25.0,-6.667543428665187,-7.653736,-5.261085,-7.519713065162565
321.0,29.0,-1.2680861405146207,-3.897583,-6.132167,-2.120255777011999
322.0,2.0,1.2849236614891586,1.260511,1.690203,1.3613375234907434
322.0,5.0,4.039130630234087,12.383051,10.870196,4.1155444922356725
322.0,6.0,4.467992041763592,-3.970784,-0.204203,4.544405903765178
322.0,12.0,1.6941300075957253,0.099551,0.801145,1.7705438695973101
322.0,19.0,0.8208143831395649,2.876639,3.965368,0.8972282451411497
322.0,25.0,-6.683437638206786,-7.927612,-5.337186,-6.6070237762052
322.0,29.0,-0.7414346089059274,-4.1955,-6.216654,-0.6650207469043425
323.0,2.0,1.593370391045986,1.441947,1.717059,4.4743615999156825
323.0,5.0,3.810630184694034,12.248722,10.824419,6.6916213935637305
323.0,6.0,4.19916294664244,-5.312762,-0.191506,7.080154155512137
323.0,12.0,1.8330618317727483,-2.012795,0.844108,4.714053040642445
323.0,19.0,-0.6580912572739113,4.097031,3.934228,2.2228999515957852
323.0,25.0,-6.876350444262463,-6.873233,-5.26405,-3.9953592353927663
323.0,29.0,-0.9048976613633188,-7.00909,-6.145666,1.9760935475063777
324.0,2.0,1.5309696431260296,2.273883,1.887063,2.1554213497050405
324.0,5.0,3.575090018343351,17.132382,10.895234,4.199541724922362
324.0,6.0,3.7067511204061816,-0.561445,-0.117349,4.3312028269851925
324.0,12.0,2.083663492525851,0.373519,1.046006,2.7081151991048618
324.0,19.0,0.9049297709787929,0.731083,3.920027,1.5293814775578038
324.0,25.0,-6.840980387336416,-5.576562,-5.085597,-6.216528680757405
324.0,29.0,-1.216125269965425,-8.037918,-6.007793,-0.591673563386414
325.0,2.0,1.3501393670478627,-3.286005,2.132748,4.94658743897933
325.0,5.0,3.8284582291332168,8.556124,11.006921,7.424906301064684
325.0,6.0,3.7315380911586082,-6.381024,-0.017848,7.327986163090076
325.0,12.0,1.6849843483011568,-0.388209,1.339578,5.281432420232624
325.0,19.0,-0.8802792618725741,1.296948,3.892156,2.7161688100588934
325.0,24.0,-10.219513054843842,6.496615,5.373151,-6.623064982912375
325.0,25.0,-6.748785834778252,-7.170062,-4.829135,-3.152337762846784
325.0,29.0,-1.156015882802783,-6.816342,-5.804716,2.4404321891286846
326.0,2.0,0.6821200205250095,1.970377,2.110756,4.348097923797052
326.0,5.0,3.534979317581916,8.632402,10.86298,7.200957220853959
326.0,6.0,3.945104965589124,-5.557529,-0.012301,7.611082868861167
326.0,12.0,0.7567343166855585,-2.046443,1.330187,4.422712219957601
326.0,19.0,-1.6884433243339743,4.703309,3.844697,1.9775345789380685
326.0,24.0,-10.975327985482554,-7.781675,5.303142,-7.3093500822105115
326.0,25.0,-6.127215100549694,-3.405423,-4.758404,-2.4612371972776517
326.0,29.0,-0.8955498266318331,-4.946595,-5.726196,2.7704280766402096
327.0,2.0,2.522039976025802,7.353555,1.779656,-3.021314914240566
327.0,5.0,6.790182776942135,12.369295,10.249508,1.2468278866757672
327.0,12.0,4.2448640452254836,9.539282,0.65683,-1.2984908450408845
327.0,19.0,2.9110401887099773,10.76235,4.615599,-2.632314701556391
327.0,24.0,-10.448845646196974,0.970424,3.931115,-15.992200536463342
327.0,25.0,-4.213436664348872,-5.725611,-5.27956,-9.75679155461524
327.0,29.0,9.409775001160856,-5.208333,-6.579677,3.866420110894488
328.0,2.0,1.8063423758198045,5.307366,1.507732,3.2684462179770133
328.0,5.0,6.48000325552594,6.912307,9.820385,7.942107097683149
328.0,6.0,5.985780376639614,5.612437,0.306391,7.447884218796823
328.0,12.0,1.6361146626141139,3.437908,0.426278,3.0982185047713227
328.0,19.0,0.7488675967671874,9.886164,4.375799,2.210971438924396
328.0,24.0,-7.9954797753827815,-0.241405,3.754049,-6.533375933225573
328.0,25.0,-6.80950431387606,0.832153,-5.265542,-5.347400471718851
328.0,29.0,-3.128015795815615,-7.669739,-6.426613,-1.6659119536584062
329.0,2.0,1.4729151995658096,2.019646,1.515162,4.415173016384198
329.0,5.0,4.075532575242022,5.205423,9.744334,7.0177903920604106
329.0,6.0,4.636809481017229,-2.458049,-0.629078,7.579067297835618
329.0,12.0,2.038394121829662,2.60929,0.989039,4.980651938648051
329.0,19.0,-0.08910621072352676,2.217122,2.863192,2.853151606094862
329.0,24.0,-9.661528013728581,-10.720118,5.241327,-6.719270196910193
329.0,25.0,-6.793465340059707,0.552047,-4.390822,-3.8512075232413183
329.0,29.0,-1.7758219051683755,-1.024847,-4.870179,1.1664359116500131
330.0,2.0,0.8256026374027172,2.730723,1.252048,3.6252608304705736
330.0,5.0,3.776272579697512,12.787599,9.51916,6.575930772765368
330.0,6.0,5.145346810039934,-4.400532,-0.726805,7.94500500310779
330.0,12.0,1.1066998810754303,-2.64136,0.691924,3.9063580741432866
330.0,19.0,-0.9465286197082703,1.675802,2.850849,1.853129573359586
330.0,24.0,-10.499926199467886,23.994355,4.995908,-7.70026800640003
330.0,25.0,-6.117051516903068,-4.77279,-4.587678,-3.3173933238352116
330.0,29.0,-2.0796041069205877,-5.968005,-5.007652,0.7200540861472686
331.0,2.0,1.1727446770818402,0.368347,0.980353,3.3426383345388944
331.0,5.0,3.1816321273851393,9.526791,9.35996,5.3515257848421935
331.0,6.0,4.300033079080192,-2.248666,-0.783738,6.469926736537246
331.0,12.0,1.4290507912021173,-3.507388,0.347422,3.5989444486591715
331.0,19.0,0.20655526249503264,3.477864,2.947293,2.376448919952087
331.0,24.0,-10.134028765958034,-6.959182,4.68902,-7.9641351085009795
331.0,25.0,-6.51823842390645,-8.115952,-4.885703,-4.3483447664493955
331.0,29.0,-1.433069167986213,-4.985449,-5.284421,0.7368244894708411
332.0,2.0,1.4676451978851688,1.129548,0.78506,2.457771342338667
332.0,5.0,3.4324756100271916,4.897898,9.27315,4.42260175448069
332.0,6.0,4.504895199177536,-0.51413,-0.854648,5.495021343631034
332.0,12.0,1.9020631543570445,-1.867191,0.112944,2.8921892988105427
332.0,19.0,1.3671934710518538,0.994015,2.985177,2.357319615505352
332.0,24.0,-9.944719957290387,16.241527,4.522971,-8.954593812836888
332.0,25.0,-6.8077790591233525,-4.374136,-5.09529,-5.817652914669854
332.0,29.0,-1.514867753465528,-3.999249,-5.460817,-0.5247416090120297
333.0,2.0,1.0827037236798205,2.859864,0.852613,-0.17865792921087964
333.0,5.0,3.7845212272322684,10.783252,9.368434,2.5231595743415682
333.0,6.0,4.984230751994865,-0.505125,-0.871017,3.7228690991041646
333.0,12.0,1.3633556154345694,2.209273,0.209504,0.10199396254386928
333.0,19.0,1.6955464904397335,0.373056,2.945334,0.43418483754903336
333.0,25.0,-6.2843333995835255,-1.12528,-5.036215,-7.545695052474226
333.0,29.0,-0.7690131557690778,-3.437486,-5.393788,-2.030374808659778
334.0,2.0,1.236930920462239,-3.722585,0.718347,-0.9947110081515258
334.0,5.0,4.053563407227587,3.491566,9.306719,1.8219214786138225
334.0,6.0,5.521781892924237,-7.869482,-0.891408,3.290139964310472
334.0,12.0,1.046601566074223,-9.816892,0.032989,-1.1850403625395418
334.0,19.0,2.254703294870767,4.364916,3.014966,0.02306136625700228
334.0,25.0,-6.402649648363392,-6.710262,-5.202614,-8.634291576977157
334.0,29.0,0.17055717758851685,-7.164644,-5.558031,-2.061084751025248
335.0,2.0,1.695583469084868,5.886737,0.540022,-0.5328972091058088
335.0,5.0,3.953338032234271,13.534446,9.201102,1.724857354043594
335.0,6.0,8.895378043499282,-1.727227,-0.922047,6.666897365308605
335.0,12.0,1.604895956797515,3.892501,-0.196204,-0.6235847213931618
335.0,19.0,2.9791492587663697,5.383787,3.088525,0.750668580575693
335.0,25.0,-6.484917883809014,-1.43619,-5.402826,-8.713398561999691
335.0,29.0,1.0013489131755637,-4.468308,-5.749422,-1.227131765015113
336.0,2.0,1.6005179360674981,2.760678,0.438635,1.691411090430726
336.0,5.0,4.062006655837237,9.058123,9.092276,4.1528998102004655
336.0,6.0,5.576371287322102,-2.273609,-0.942859,5.66726444168533
336.0,12.0,1.3334694584715443,-0.83623,-0.315565,1.4243626128347722
336.0,19.0,0.5702782396138169,5.422135,3.098564,0.6611713939770448
336.0,25.0,-6.541128673972759,-4.699712,-5.475345,-6.450235519609531
336.0,29.0,0.13275606721120425,-5.42917,-5.809439,0.22364922157443218
337.0,2.0,1.7482361287786574,5.120636,0.247403,2.199458268615777
337.0,5.0,4.239209474336084,9.59616,8.862615,4.690431614173203
337.0,6.0,6.194004840047681,-0.327538,-0.985373,6.6452269798848
337.0,12.0,1.5631290037751384,-1.359671,-0.536699,2.014351143612258
337.0,19.0,0.4040789907208797,4.781091,3.098063,0.8553011305579992
337.0,25.0,-6.511160312149938,-0.497032,-5.591856,-6.059938172312819
337.0,29.0,0.6366834473302294,-5.194549,-5.895589,1.0879055871673489
338.0,2.0,1.9109349577781476,1.634164,0.257125,1.580927726153024
338.0,5.0,4.605342297587848,6.623097,8.754449,4.275335065962724
338.0,6.0,5.647710945697256,0.24909,-0.903446,5.317703714072132
338.0,12.0,1.7836225527065448,-1.445813,-0.54934,1.453615321081421
338.0,19.0,0.436621120280984,3.197383,3.157819,0.1066138886558603
338.0,25.0,-6.435815149713338,-3.173129,-5.560043,-6.765822381338461
338.0,29.0,2.3710289442319272,-4.630246,-5.910141,2.0410217126068035
339.0,2.0,2.3088622855667476,6.765984,0.368755,2.05240740549292
339.0,5.0,4.523090381309158,11.383566,8.784284,4.2666355012353305
339.0,6.0,5.239114900885193,0.970974,-0.758104,4.982660020811365
339.0,12.0,1.577448439728732,-0.163901,-0.469112,1.3209935596549045
339.0,19.0,0.03072086144003272,4.90543,3.290742,-0.22573401863379483
339.0,25.0,-6.475248516448621,-0.929337,-5.512421,-6.731703396522449
339.0,29.0,3.052054839950916,-4.050405,-5.95703,2.795599959877088
340.0,2.0,2.075811236475494,8.658649,0.481014,2.1250145261076936
340.0,5.0,4.290738763639606,12.845858,8.894442,4.339942053271805
340.0,6.0,5.298913604575699,3.181102,-0.656988,5.348116894207898
340.0,12.0,1.5545610462745518,4.833658,-0.375807,1.6037643359067513
340.0,19.0,-0.4105706096149273,6.683005,3.398139,-0.36136731998272786
340.0,25.0,-6.429741102417032,-1.570208,-5.487944,-6.380537812784833
340.0,29.0,4.392499199284627,-2.57508,-6.004726,4.441702488916826
341.0,2.0,1.6604218701969966,5.744246,0.522775,1.7397707432718468
341.0,5.0,4.198101694103919,9.832336,9.002745,4.277450567178769
341.0,6.0,5.04282596228931,2.026951,-0.612851,5.12217483536416
341.0,12.0,0.8758546269277403,3.536191,-0.354742,0.9552035000025905
341.0,19.0,-0.6012326228295599,6.887073,3.48605,-0.5218837497547097
341.0,25.0,-6.4975356911609,-2.094538,-5.53567,-6.41818681808605
341.0,29.0,4.891637839849476,-4.72383,-6.092946,4.970986712924327
342.0,2.0,1.7071618312864771,2.765712,0.515576,0.14883885732592383
342.0,5.0,3.994537797671823,10.226856,9.049809,2.4362148237112695
342.0,6.0,4.887972417185816,-1.331746,-0.556284,3.3296494432252626
342.0,12.0,1.2108899438018703,-0.189565,-0.403887,-0.347433030158683
342.0,19.0,0.45412444838019894,7.799586,3.608716,-1.1041985255803544
342.0,25.0,-6.475255441120133,-10.326119,-5.631785,-8.033578415080687
342.0,29.0,5.227716820841678,-3.33494,-6.237744,3.6693938468811247
343.0,2.0,1.8974365009203638,7.638297,0.561818,1.081304583182097
343.0,5.0,3.7461522381498007,9.117518,9.080546,2.930020320411534
343.0,6.0,4.89553607104172,-2.903797,-0.433129,4.079404153303454
343.0,12.0,1.3827263177373066,0.714292,-0.408832,0.5665943999990399
343.0,19.0,1.1546758308447789,11.643479,3.772968,0.3385439131065122
343.0,24.0,-10.93280713207685,6.169548,3.520516,-11.748939049815116
343.0,25.0,-6.372208380482171,-0.851706,-5.679512,-7.188340298220437
343.0,29.0,5.334066997214521,-2.037244,-6.372825,4.5179350794762545
344.0,2.0,2.2082793070288,2.652617,0.726769,-0.38117552697255963
344.0,5.0,4.612344215245933,8.32318,9.199397,2.022889381244574
344.0,6.0,5.143785185126678,-1.884762,-0.267199,2.5543303511253184
344.0,12.0,1.5057640454918308,0.823062,-0.275503,-1.0836907885095286
344.0,19.0,1.8399305279453095,4.217984,3.933743,-0.7495243060560499
344.0,24.0,-10.929070474720945,3.808527,3.503403,-13.518525308722303
344.0,25.0,-6.021327774156148,-0.093179,-5.625681,-8.610782608157507
344.0,29.0,8.678603198093871,-3.20162,-6.431673,6.0891483640925115
345.0,2.0,1.8221523120073888,5.88426,0.92934,0.5102773528857527
345.0,5.0,4.215953114148718,12.997134,9.345873,2.904078155027082
345.0,6.0,5.377535208591237,1.587346,-0.023625,4.065660249469601
345.0,12.0,1.2404666425103308,2.91042,-0.135261,-0.07140831661130531
345.0,19.0,1.0277284844623527,6.939049,4.193525,-0.28414647465928344
345.0,24.0,-11.234121516020231,5.737364,3.418665,-12.545996475141868
345.0,25.0,-6.053626947752556,3.1109,-5.594458,-7.365501906874192
345.0,29.0,7.179400387129471,-9.811815,-6.567046,5.867525428007835
346.0,2.0,1.94000091692899,7.11008,1.009463,1.5108496025100377
346.0,5.0,3.9365519807699645,10.27129,9.409978,3.507400666351012
346.0,6.0,5.212155005584535,-1.294175,0.138707,4.783003691165582
346.0,12.0,1.3397021156932816,1.586922,-0.117697,0.9105508012743293
346.0,19.0,0.8353587653146111,5.050148,4.403499,0.4062074508956588
346.0,24.0,-11.22655999089178,11.510667,3.281849,-11.655711305310732
346.0,25.0,-6.036335388039648,-6.510125,-5.642714,-6.4654867024586
346.0,29.0,5.33710035603065,-1.388308,-6.730122,4.9079490416116975
347.0,2.0,1.8785647962704761,7.18565,1.168724,-0.3325156270741707
347.0,5.0,4.47632533936218,16.054664,9.505801,2.2652449160175334
347.0,6.0,5.46370894000373,-1.27082,0.270339,3.2526285166590836
347.0,12.0,1.0365371939637011,3.726652,0.030698,-1.1745432293809457
347.0,19.0,1.9901357943052504,7.211293,4.503572,-0.22094462903939638
347.0,24.0,-11.454854371620419,14.492387,3.306449,-13.665934794965066
347.0,25.0,-5.5316499467492335,0.652806,-5.551394,-7.742730370093881
347.0,29.0,5.188504016408448,-7.393776,-6.724916,2.977423593063801
348.0,2.0,1.4687306165149447,2.414003,1.294993,0.5091801871556105
348.0,5.0,3.8591989211756434,9.215759,9.58253,2.8996484918163095
348.0,6.0,5.295891511022452,-0.786205,0.405126,4.336341081663118
348.0,12.0,0.6897291727171204,-1.320505,0.131071,-0.2698212566422138
348.0,19.0,1.250977458855676,6.773166,4.631118,0.2914270294963417
348.0,24.0,-11.562209655458222,2.22913,3.277729,-12.521760084817556
348.0,25.0,-5.496347769800589,-5.510062,-5.505401,-6.455898199159923
348.0,29.0,2.389706282076217,-6.9995,-6.769388,1.4301558527168827
349.0,2.0,1.7443500669338263,-1.136224,1.350743,2.0036144831756344
349.0,5.0,3.4934409084977,6.363175,9.643684,3.752705324739508
349.0,6.0,4.755964398084796,-2.294129,0.500735,5.015228814326604
349.0,12.0,1.009503321054698,-5.342857,0.151162,1.2687677372965063
349.0,19.0,0.5516910124743095,-3.162778,4.759501,0.8109554287161178
349.0,24.0,-11.69651670830442,11.112998,3.214241,-11.437252292062611
349.0,25.0,-5.5076131858572825,-10.560922,-5.536398,-5.2483487696154745
349.0,29.0,2.928500184475485,-7.020083,-6.870276,3.1877646007172933
350.0,2.0,1.8082335681013264,7.687643,1.437248,0.2522877365126539
350.0,5.0,4.052002199435911,14.12174,9.664416,2.4960563678472387
350.0,6.0,5.03734494108793,2.538308,0.604519,3.481399109499258
350.0,12.0,1.1628553436445843,4.235157,0.219135,-0.3930904879440882
350.0,19.0,1.1549947770427043,8.479926,4.847463,-0.40095105454596824
350.0,24.0,-11.52730313055601,8.697297,3.169224,-13.083248962144683
350.0,25.0,-4.98892142162242,2.634742,-5.489629,-6.544867253211093
350.0,29.0,2.3486236380048684,-7.208765,-6.890326,0.7926778064161959
351.0,2.0,1.5532509088563806,4.868799,1.396036,-0.28315389673816016
351.0,5.0,3.4089665337447386,11.598478,9.547497,1.5725617281501978
351.0,6.0,4.326398520287906,-0.777156,0.666012,2.4899937146933655
351.0,12.0,0.8542246949528671,-0.461776,0.143005,-0.9821801106416737
351.0,19.0,1.0916110856004622,-0.610061,4.921278,-0.7447937199940786
351.0,24.0,-11.651829999878437,7.641624,2.990398,-13.488234805472977
351.0,25.0,-4.839696766700446,-4.380572,-5.52244,-6.6761015722949875
351.0,29.0,4.110889393443106,-1.894357,-6.960038,2.274484587848565
352.0,2.0,1.4033347930987619,6.424425,1.435267,-0.41423857575556977
352.0,5.0,3.1701084969514977,11.880594,9.45945,1.352535128097166
352.0,6.0,4.19250346549903,2.701038,0.777715,2.3749300966446985
352.0,12.0,0.8310156754826927,2.884655,0.153372,-0.9865576933716389
352.0,19.0,0.7921292024749356,9.749713,5.008864,-1.025444166379396
352.0,24.0,-11.71011926893582,6.016881,2.844865,-13.527692637790151
352.0,25.0,-4.842469856709729,-9.715614,-5.480766,-6.660043225564061
352.0,29.0,5.289770641631483,-5.779114,-6.983941,3.4721972727771515
353.0,2.0,1.4652650279653052,4.528789,1.418435,1.118451422027622
353.0,5.0,3.2161702695275487,7.271937,9.322676,2.8693566635898655
353.0,6.0,3.6660307326213335,1.790712,0.819578,3.3192171266836503
353.0,12.0,0.7766726295773783,0.990855,0.128149,0.4298590236396951
353.0,19.0,1.2068388559635324,6.536084,5.016467,0.8600252500258492
353.0,24.0,-11.723905781227543,6.210589,2.725104,-12.070719387165227
353.0,25.0,-4.585444363488671,-9.821351,-5.439006,-4.932257969426354
353.0,29.0,0.4282481665580944,-4.869527,-6.959312,0.08143456062041121
354.0,2.0,1.6237498427802173,2.453611,1.368867,3.5453300708001514
354.0,5.0,2.947907273098604,7.666263,9.131658,4.869487501118538
354.0,6.0,2.5215287397490904,2.723045,0.870852,4.4431089677690245
354.0,12.0,0.47214959637339593,0.981897,0.05727,2.39372982439333
354.0,19.0,0.22789832277374966,5.66877,5.041598,2.1494785507936838
354.0,24.0,-12.021831925887877,8.30905,2.534364,-10.100251697867943
354.0,25.0,-4.148200274340691,-3.681475,-5.420516,-2.2266200463207566
354.0,29.0,-0.8593425049894527,-9.269876,-6.962383,1.0622377230304816
355.0,2.0,1.6420161145078787,2.077204,1.411688,4.162046062933367
355.0,5.0,2.9993285436517567,8.3733,9.037733,5.519358492077245
355.0,6.0,2.169231581043114,-0.47121,0.948001,4.689261529468602
355.0,12.0,-0.011919729750734298,-1.222118,0.093726,2.5081102186747546
355.0,19.0,-1.0103037036486633,5.373987,5.068177,1.5097262447768256
355.0,24.0,-12.180625784533301,3.855896,2.44726,-9.660595836107813
355.0,25.0,-4.1480705876790385,13.296664,-5.338461,-1.6280406392535496
355.0,29.0,0.30090100359250194,-7.18391,-6.919837,2.820930952017991
356.0,2.0,1.8104415579470494,0.710003,1.419256,3.791335604928212
356.0,5.0,2.735036813599086,9.185772,9.012289,4.715930860580249
356.0,6.0,1.710675517928549,-0.17826,0.965884,3.6915695649097118
356.0,12.0,0.34356037542367446,-4.134118,0.100581,2.324454422404837
356.0,19.0,-1.1480982163516802,6.960883,5.075311,0.8327958306294825
356.0,24.0,-12.121245362757845,3.092737,2.423757,-10.140351315776682
356.0,25.0,-4.318044865503954,-5.870726,-5.319699,-2.3371508185227916
356.0,29.0,3.338528652112947,-10.450162,-6.911123,5.31942269909411
357.0,2.0,1.9384330592599195,6.210358,1.528109,4.727732822581398
357.0,5.0,2.782740025817322,4.449953,9.127626,5.572039789138801
357.0,6.0,1.7798103819234399,3.022582,1.016758,4.5691101452449185
357.0,12.0,0.31574487845350774,1.903509,0.217,3.1050446417749864
357.0,19.0,-0.5660451918042169,7.380558,5.110323,2.223254571517262
357.0,24.0,-12.13476924856581,8.501655,2.514406,-9.345469485244331
357.0,25.0,-3.9794341408683414,-11.645529,-5.261605,-1.1901343775468627
357.0,29.0,0.35227315700030104,-5.329659,-6.89034,3.1415729203217797
358.0,2.0,1.932177534883409,-1.66164,1.582871,5.426624824794431
358.0,5.0,2.9920119373461667,5.246921,9.26442,6.486459227257189
358.0,6.0,1.8122260403999757,-1.372643,1.022166,5.306673330310998
358.0,12.0,0.26654948896194686,-5.454879,0.275408,3.7609967788729692
358.0,19.0,-1.2918365230990307,1.42535,5.140405,2.2026107668119916
358.0,24.0,-12.03448098282446,0.586804,2.61085,-8.540033692913438
358.0,25.0,-4.165806090081431,-5.272075,-5.275097,-0.6713588001704087
358.0,29.0,-1.3515532317431829,-6.871108,-6.918436,2.1428940581678395
359.0,2.0,2.1870831774578274,-0.910326,1.592265,5.7529139034132415
359.0,5.0,3.3902068996008126,0.153781,9.34805,6.956037625556227
359.0,6.0,2.0922950533513696,-2.735298,1.027945,5.658125779306784
359.0,12.0,0.6390519189777679,-3.939125,0.274384,4.204882644933182
359.0,19.0,-1.4463025527333375,6.634512,5.187189,2.1195281732220765
359.0,24.0,-11.871466080830347,9.313558,2.634297,-8.305635354874934
359.0,25.0,-4.660564178046546,-12.95636,-5.326881,-1.0947334520911323
359.0,29.0,-1.6782209509603003,-8.335484,-6.984638,1.8876097749951137
360.0,2.0,2.0336200284030506,4.344453,1.62766,5.728192140939793
360.0,5.0,3.4172461575829303,4.812799,9.464649,7.111818270119673
360.0,6.0,2.3126923182375565,1.678679,1.053966,6.007264430774299
360.0,12.0,0.6920066277523187,-0.060353,0.295234,4.386578740289061
360.0,19.0,-1.622509795890191,8.258726,5.25781,2.0720623166465515
360.0,24.0,-11.823470091033437,6.385301,2.667546,-8.128897978496695
360.0,25.0,-4.722751480252132,-6.417224,-5.376215,-1.0281793677153894
360.0,29.0,-2.0706711437797223,-7.140185,-7.063446,1.6239009687570203
361.0,2.0,1.688082700362454,5.463632,1.713296,1.6900275073954067
361.0,5.0,3.743332292706418,7.860666,9.480241,3.7452770997393707
361.0,6.0,3.4669120468266303,2.576753,1.135279,3.468856853859583
361.0,12.0,0.9912496584108279,3.013016,0.375525,0.9931944654437808
361.0,19.0,-0.16787887187267359,3.331985,5.308518,-0.16593406483972073
361.0,24.0,-11.835026740182471,7.997965,2.655701,-11.833081933149519
361.0,25.0,-4.516095885070917,-3.535862,-5.307668,-4.514151078037964
361.0,29.0,2.566115611978372,-3.540425,-7.044972,2.5680604190113248
362.0,2.0,1.7681220736386605,-2.451944,1.836071,1.3135328073570984
362.0,5.0,3.9752470639725086,4.870579,9.434863,3.5206577976909466
362.0,6.0,3.3561489331893526,-4.090095,1.241128,2.9015596669077905
362.0,12.0,1.34783679422429,-5.961871,0.506959,0.8932475279427279
362.0,19.0,-0.5080092435544943,5.513962,5.326509,-0.9625985098360563
362.0,24.0,-11.836147304219807,1.841088,2.639681,-12.29073657050137
362.0,25.0,-5.015599231068361,-8.812093,-5.148487,-5.470188497349923
362.0,29.0,6.374538132800861,-7.465541,-6.941066,5.919948866519299
363.0,2.0,1.9074028680829151,3.105256,1.8505,0.9938077649037971
363.0,5.0,4.287877793482917,5.103961,9.360755,3.3742826903037986
363.0,6.0,4.2395526236001615,-2.411774,1.237671,3.3259575204210434
363.0,12.0,1.1286079853179807,-0.617462,0.544289,0.2150128821388626
363.0,19.0,0.3849826996400285,11.695225,5.266381,-0.5286124035390896
363.0,24.0,-11.79609516524201,-1.796876,2.647885,-12.709690268421127
363.0,25.0,-4.917175301367161,-3.764649,-5.061765,-5.8307704045462785
363.0,29.0,5.078754808797317,-4.580237,-6.842368,4.1651597056181995
364.0,2.0,1.7496743598605438,0.876622,1.856511,1.038752252255441
364.0,5.0,4.476689461916969,2.802551,9.277108,3.7657673543118664
364.0,6.0,3.7476488597207744,-2.203092,1.256806,3.036726752115672
364.0,12.0,1.3318527188067435,-3.458169,0.557411,0.6209306112016408
364.0,19.0,1.1636803748666456,4.24592,5.244733,0.4527582672615429
364.0,24.0,-11.88602468497574,6.517467,2.606671,-12.596946792580841
364.0,25.0,-4.934551808260809,-9.696311,-5.00187,-5.645473915865912
364.0,29.0,7.135030967039651,-4.03323,-6.786499,6.424108859434548
365.0,2.0,1.6503309708724672,1.33875,1.78736,1.876417582446582
365.0,5.0,4.147637213653404,10.347145,9.238754,4.373723825227518
365.0,6.0,3.2523539693324928,0.724805,1.20182,3.4784405809066077
365.0,12.0,1.1827334062733108,-2.752759,0.493793,1.4088200178474257
365.0,19.0,0.30364552525730915,4.171889,5.207745,0.5297321368314241
365.0,24.0,-12.029220880746609,4.518135,2.594774,-11.803134269172494
365.0,25.0,-4.9581606859533816,0.420323,-5.044045,-4.732074074379266
365.0,29.0,7.673008153926169,-11.942511,-6.795226,7.899094765500283
366.0,2.0,1.6525079987779883,0.746081,1.763934,2.4050278965580905
366.0,5.0,3.7931519709655337,10.906981,9.247099,4.545671868745636
366.0,6.0,3.2664807490728904,-1.849737,1.190181,4.019000646852993
366.0,12.0,0.9918935213906721,-0.138108,0.46593,1.7444134191707743
366.0,19.0,0.15414035213345834,10.952378,5.218529,0.9066602499135605
366.0,24.0,-11.987190996426126,4.735118,2.585094,-11.234671098646023
366.0,25.0,-5.08498023302745,-12.160041,-5.079905,-4.332460335247347
366.0,29.0,7.1343835870247965,-8.97442,-6.82824,7.886903484804899
367.0,2.0,1.7044455369931777,0.765848,1.756603,1.1554474404056716
367.0,5.0,4.184181615735557,8.171271,9.277336,3.6351835191480513
367.0,6.0,3.7201435299357435,-2.602018,1.214481,3.1711454333482374
367.0,12.0,0.9652916647698344,-3.877786,0.437771,0.4162935681823283
367.0,19.0,0.8839373163417257,2.222526,5.2815,0.3349392197542196
367.0,24.0,-11.876122159625588,7.388865,2.544487,-12.425120256213095
367.0,25.0,-4.863625928569904,-2.285122,-5.135592,-5.4126240251574105
367.0,29.0,5.908543463991624,-7.752747,-6.907239,5.359545367404118
368.0,2.0,1.7709061205186805,0.274486,1.733339,1.913608195559343
368.0,5.0,3.816310216440236,5.543569,9.335218,3.9590122914808985
368.0,6.0,3.6639319129518437,-3.279755,1.199816,3.806633987992506
368.0,12.0,1.3603832329584913,-3.008068,0.403997,1.5030853079991537
368.0,19.0,0.075369883994032,11.263859,5.314887,0.21807195903469445
368.0,24.0,-11.90082719291578,3.390689,2.551418,-11.758125117875117
368.0,25.0,-4.8625192245430044,-12.590354,-5.206741,-4.719817149502342
368.0,29.0,5.614860200318834,-7.708301,-6.979445,5.757562275359496
369.0,2.0,1.7024601445112388,0.072716,1.736298,1.8745250240951212
369.0,5.0,3.72514580892347,9.121523,9.387837,3.8972106885073523
369.0,6.0,3.001636820779307,-2.131992,1.216655,3.1737017003631895
369.0,12.0,1.0837734133152281,-3.344504,0.392018,1.2558382928991105
369.0,19.0,1.608255341855994,8.593989,5.368293,1.7803202214398763
369.0,24.0,-11.977256157218399,6.61811,2.541557,-11.805191277634517
369.0,25.0,-5.083716766204281,-13.236027,-5.255279,-4.911651886620399
369.0,29.0,5.892548296536656,-9.628564,-7.047407,6.064613176120538
370.0,2.0,1.7811857635435837,1.301605,1.757041,0.41881810860501156
370.0,5.0,3.811252040944762,8.351394,9.467855,2.4488843860061897
370.0,6.0,3.3234323953205163,-2.269232,1.222836,1.9610647403819441
370.0,12.0,1.1623624157091559,-0.764067,0.408503,-0.20000523922941627
370.0,19.0,2.9713465891969264,8.827571,5.402383,1.6089789342583543
370.0,24.0,-11.932145301877386,5.051035,2.578589,-13.294512956815957
370.0,25.0,-5.03132819165486,0.564148,-5.284676,-6.393695846593433
370.0,29.0,8.06846323655676,-5.396096,-7.089726,6.706095581618188
371.0,2.0,1.5574861044181523,4.693781,1.849409,0.3982398562513141
371.0,5.0,3.8006990457270433,8.139489,9.573471,2.641452797560205
371.0,6.0,3.7362630048665793,2.759989,1.281093,2.577016756699741
371.0,12.0,0.8701603427153923,3.069005,0.497848,-0.28908590545144586
371.0,19.0,3.0673244127128854,-9.491714,5.460175,1.9080781645460472
371.0,24.0,-12.016873459340637,4.494686,2.633138,-13.176119707507475
371.0,25.0,-5.078064353466106,1.027641,-5.25376,-6.237310601632943
371.0,29.0,6.20508756493544,-3.322921,-7.102635,5.045841316768602
372.0,2.0,1.6977494602852676,-0.826299,1.84771,0.6091776840295
372.0,5.0,3.6575116371030454,9.126385,9.607317,2.5689398608472778
372.0,6.0,3.7329989984689895,-1.697367,1.286021,2.644427222213222
372.0,12.0,0.997621332327415,-2.612295,0.48888,-0.09095044392835261
372.0,19.0,2.8074417531566205,8.829953,5.48924,1.7188699769008529
372.0,24.0,-12.028119136571025,4.359446,2.631762,-13.116690912826792
372.0,25.0,-5.074674399301267,-3.411522,-5.28562,-6.163246175557035
372.0,29.0,5.128389118925046,-10.868781,-7.143795,4.039817342669279
373.0,2.0,1.8860717203282826,2.172294,1.754868,-0.7455470205948944
373.0,5.0,4.160350205352284,11.617854,9.563661,1.5287314644291068
373.0,6.0,3.886660474236118,1.50016,1.285758,1.2550417333129409
373.0,12.0,1.427743016364131,0.512216,0.358827,-1.2038757245590461
373.0,19.0,2.9090378971274777,-0.860352,5.558731,0.2774191562043007
373.0,24.0,-11.81847989077388,0.411758,2.500277,-14.450098631697056
373.0,25.0,-4.8879863381271615,-3.173769,-5.412406,-7.519605079050338
373.0,29.0,7.745301017438592,-6.478702,-7.278418,5.113682276515416
374.0,2.0,1.703328417898951,4.573128,1.68822,0.31711536141803043
374.0,5.0,3.8475276625259003,12.272786,9.555226,2.4613146060449798
374.0,6.0,3.291726100376909,0.531685,1.266254,1.9055130438959886
374.0,12.0,1.0853684163000121,1.832023,0.273576,-0.3008446401809084
374.0,19.0,3.040152067440422,18.216958,5.591381,1.6539390109595016
374.0,24.0,-11.915930949964928,4.368063,2.44232,-13.302144006445848
374.0,25.0,-4.968424954663081,-4.915319,-5.503993,-6.354638011144001
374.0,29.0,6.964385440093244,-5.759612,-7.365118,5.578172383612323
375.0,2.0,1.5083546044025171,1.859788,1.686073,-1.5410231619363568
375.0,5.0,4.065921920187483,6.253258,9.570092,1.016544153848609
375.0,6.0,3.641265315209697,0.738217,1.275522,0.5918875488708233
375.0,12.0,0.8287766781125114,-2.602901,0.264423,-2.2206010882263625
375.0,19.0,3.360123250037905,-15.499222,5.617157,0.3107454836990309
375.0,24.0,-11.921469343476481,6.829633,2.42906,-14.970847109815356
375.0,25.0,-4.48032650789736,-10.814719,-5.525802,-7.529704274236234
375.0,29.0,6.603647677819161,-5.546853,-7.397009,3.5542699114802874
376.0,2.0,1.6724022949703023,7.779737,1.575636,0.43010358067052024
376.0,5.0,3.810765961962945,11.818635,9.48709,2.568467247663163
376.0,6.0,3.368748388176593,4.20403,1.314573,2.1264496738768113
376.0,12.0,0.929099387124948,2.490249,0.091287,-0.3131993271748341
376.0,19.0,2.629913382456789,13.444497,5.743942,1.387614668157007
376.0,24.0,-11.928395050360372,1.450947,2.202612,-13.170693764660154
376.0,25.0,-4.813669642883119,-10.159769,-5.687141,-6.055968357182901
376.0,29.0,6.037814524365746,-4.390993,-7.591386,4.7955158100659645
377.0,2.0,1.6623814466381006,9.603798,1.407307,0.9392121021605866
377.0,5.0,3.9617575215690692,13.306536,9.431087,3.238588177091555
377.0,6.0,3.1908724734897174,5.413841,1.282843,2.4677031290122033
377.0,12.0,0.9714776366997047,4.087214,-0.131585,0.24830829222219064
377.0,19.0,2.11336338612968,8.03163,5.833244,1.3901940416521659
377.0,24.0,-11.865206328346915,-1.008056,2.019063,-12.588375672824428
377.0,25.0,-4.897071169564592,-1.827935,-5.909209,-5.620240514042106
377.0,29.0,5.914336428081558,-2.357806,-7.807031,5.191167083604045
378.0,2.0,1.7267973338090075,2.372017,1.335133,1.8589966986180322
378.0,5.0,3.6550878534792783,9.523127,9.478585,3.787287218288303
378.0,6.0,3.150405006532459,-2.140323,1.20259,3.282604371341484
378.0,12.0,1.0240217586392948,-1.606516,-0.198563,1.1562211234483195
378.0,19.0,2.2200358134491633,7.939007,5.807587,2.352235178258188
378.0,24.0,-11.751122257922063,3.662305,2.063961,-11.618922893113037
378.0,25.0,-4.952158113136172,-5.485979,-6.001047,-4.8199587483271475
378.0,29.0,0.6272522726173353,-5.666598,-7.85849,0.7594516374263601
379.0,2.0,1.829938757083955,4.707816,1.355508,1.484018842993635
379.0,5.0,3.60976386772707,11.830137,9.550236,3.2638439536367496
379.0,6.0,3.135193328265789,2.662275,1.227509,2.7892734141754687
379.0,12.0,1.0922767186424958,-0.201016,-0.192096,0.7463568045521758
379.0,19.0,2.095321938598712,2.497462,5.866789,1.7494020245083919
379.0,24.0,-11.774639419285307,2.709879,2.068867,-12.120559333375628
379.0,25.0,-5.127522317017453,-6.430595,-6.04081,-5.473442231107773
379.0,29.0,4.670694872776695,-7.185349,-7.923549,4.324774958686374
380.0,2.0,1.7978168451265093,8.576095,1.337801,0.4976662497314197
380.0,5.0,4.045676270706089,11.962552,9.592834,2.7455256753109993
380.0,6.0,3.503269986781522,1.896356,1.253854,2.203119391386432
380.0,12.0,1.4295125363951087,4.22577,-0.238886,0.12936194100001908
380.0,19.0,3.143641138123705,8.245537,5.950354,1.8434905427286155
380.0,24.0,-11.756813387775612,8.383628,2.014524,-13.056963983170702
380.0,25.0,-4.884831436461684,-3.948995,-6.125974,-6.184982031856773
380.0,29.0,5.412896732436344,-1.594036,-8.036305,4.112746137041254
381.0,2.0,1.664751703730417,4.027069,1.360021,-0.2756125121418247
381.0,5.0,3.863778152451218,7.78936,9.648561,1.9234139365789762
381.0,6.0,3.6620918769645865,1.075283,1.305177,1.7217276610923449
381.0,12.0,1.0782776273706158,2.332608,-0.242532,-0.8620865885016258
381.0,24.0,-11.801724053297487,4.513021,1.976059,-13.742088269169729
381.0,25.0,-4.873621849764713,-2.890338,-6.173105,-6.813986065636954
381.0,29.0,5.236954346068446,-2.739994,-8.125232,3.296590130196204
382.0,2.0,1.758672550076116,4.482737,1.339005,0.5362510024230511
382.0,5.0,3.697959816878365,11.916472,9.667322,2.4755382692253
382.0,6.0,3.1945952265742807,1.646912,1.278,1.9721736789212159
382.0,12.0,1.1569487042092206,0.978463,-0.259268,-0.0654728434438443
382.0,24.0,-11.791132853227094,4.619943,1.997118,-13.013554400880158
382.0,25.0,-4.903831023093229,-7.489526,-6.199381,-6.126252570746294
382.0,29.0,6.557357835775214,-6.089109,-8.138655,5.334936288122149
383.0,2.0,2.0379451724668733,4.699281,1.487189,0.6903053264475225
383.0,5.0,3.844031068481481,14.179826,9.692188,2.4963912224621305
383.0,6.0,3.4865779655371014,-0.40117,1.376212,2.138938119517751
383.0,12.0,1.5725443741517253,-0.981029,-0.096823,0.2249045281323745
383.0,19.0,2.995157959866779,22.680099,6.049409,1.647518113847428
383.0,24.0,-11.782846894095512,0.833994,2.042484,-13.130486740114863
383.0,25.0,-4.8752211722549035,-2.407313,-6.043259,-6.222861018274254
383.0,29.0,5.732761062858174,-6.93003,-8.037546,4.385121216838823
384.0,2.0,1.757637945131437,4.146239,1.624416,0.4467355066896812
384.0,5.0,4.319063879104984,4.688863,9.712776,3.0081614406632284
384.0,6.0,3.7852930328290952,0.71786,1.432666,2.4743905943873394
384.0,12.0,1.4803009717535094,-2.831571,0.074275,0.16939853331175359
384.0,24.0,-11.879858917822522,1.415892,2.1389,-13.190761356264279
384.0,25.0,-4.865448345832387,-5.937694,-5.866789,-6.176350784274144
384.0,29.0,6.4901104915396175,-3.437906,-7.887411,5.179208053097861
385.0,2.0,1.474278242869933,4.160171,1.60873,1.2615732408891756
385.0,5.0,4.222741879143285,12.687902,9.608401,4.010036877162528
385.0,6.0,3.7939561279066485,2.158621,1.431676,3.581251125925891
385.0,12.0,0.8732980079782156,-0.621397,0.0695,0.6605930059974581
385.0,19.0,2.3939418551956217,6.667647,5.969039,2.1812368532148643
385.0,24.0,-11.975471005287641,1.352977,2.0962,-12.1881760072684
385.0,25.0,-5.466728251912081,-5.183799,-5.811771,-5.679433253892839
385.0,29.0,8.938251735543457,-7.078124,-7.821995,8.725546733562698
386.0,2.0,1.3799235556957017,1.892737,1.465793,0.7845834868044848
386.0,5.0,4.072483677841479,7.815348,9.421129,3.477143608950262
386.0,6.0,3.637746743724154,1.954566,1.40947,3.0424066748329373
386.0,12.0,0.6880181256981528,1.329087,-0.100539,0.09267805680693586
386.0,19.0,2.9595444358618757,1.611913,5.974665,2.3642043669706587
386.0,24.0,-12.082465744168733,6.172147,1.900401,-12.67780581305995
386.0,25.0,-5.192535143560474,-1.541525,-5.897173,-5.7878752124516915
386.0,29.0,4.901424647732579,-9.947197,-7.887805,4.306084578841363
387.0,2.0,1.5706116404809105,3.13015,1.294874,-0.0988416239237655
387.0,5.0,4.331774139874636,6.135636,9.2352,2.66232087546996
387.0,6.0,4.003108867097497,0.169514,1.379876,2.3336556026928212
387.0,12.0,0.9689325977994692,-2.261044,-0.30846,-0.7005206666052068
387.0,19.0,2.537706557822749,5.309784,5.997612,0.8682532934180729
387.0,24.0,-11.87337257071473,-2.741268,1.679939,-13.542825835119407
387.0,25.0,-5.077329336281409,0.046933,-6.026226,-6.7467826006860845
387.0,29.0,6.340820430257619,-1.050982,-7.995699,4.671367165852943
388.0,2.0,1.621388626503765,2.583756,1.185697,-0.6165082933155683
388.0,5.0,4.399347519879049,6.174462,9.175056,2.1614506000597156
388.0,6.0,4.340713383861377,2.550653,1.310716,2.102816464042044
388.0,12.0,1.1873280682249394,0.141533,-0.420435,-1.0505688515943938
388.0,19.0,3.163565176276169,-13.967019,5.966659,0.9256682564568357
388.0,24.0,-11.83178347628879,4.449769,1.633423,-14.069680396108122
388.0,25.0,-5.100386271953504,-4.7519,-6.10972,-7.338283191772836
388.0,29.0,6.40561819991164,-5.3245,-8.037934,4.167721280092307
389.0,2.0,1.7266190716014815,5.461471,1.151917,1.6738356458839374
389.0,5.0,3.8695544255581105,7.877474,9.169454,3.8167709998405663
389.0,6.0,3.9747704324572837,2.408862,1.256816,3.9219870067397395
389.0,12.0,1.1744265237098972,1.087812,-0.43691,1.121643097992353
389.0,19.0,0.9989136336954401,10.165288,5.914118,0.9461302079778959
389.0,24.0,-11.878673234293007,6.015252,1.674596,-11.931456660010552
389.0,25.0,-5.54626408739838,-3.500889,-6.11651,-5.599047513115924
389.0,29.0,6.4241248750885624,-8.65528,-8.011502,6.371341449371018
390.0,2.0,1.6254087843226896,6.862051,1.207598,1.2453546811872187
390.0,5.0,4.095717798717686,14.046579,9.159623,3.715663695582215
390.0,6.0,3.8525637134399418,5.064137,1.285243,3.4725096103044706
390.0,12.0,1.0235551801655518,3.783517,-0.366917,0.6435010770300809
390.0,19.0,1.7235042662287343,5.660718,5.897928,1.3434501630932634
390.0,24.0,-11.820644338065811,5.371861,1.701134,-12.200698441201283
390.0,25.0,-5.362348415896384,-1.981146,-6.034996,-5.742402519031855
390.0,29.0,5.31545230937061,-8.744691,-7.943012,4.9353982062351385
391.0,2.0,1.250093317602798,0.968749,1.21721,-0.572102968491444
391.0,5.0,4.103353113045838,4.280978,9.150194,2.281156826951596
391.0,6.0,4.642399427936338,1.667111,1.304081,2.820203141842096
391.0,12.0,0.5747260339546099,1.561284,-0.360386,-1.2474702521396321
391.0,19.0,1.7328159249687296,5.941247,5.913301,-0.0893803611255124
391.0,24.0,-11.647259601591948,-0.366403,1.682496,-13.46945588768619
391.0,25.0,-4.90578126461529,-3.559854,-6.026045,-6.727977550709532
391.0,29.0,9.848380535801518,-4.065158,-7.946214,8.026184249707276
392.0,2.0,2.110755597901468,-6.500608,1.155988,2.3781350340636145
392.0,5.0,4.72655772488509,-0.128657,9.136084,4.993937161047237
392.0,6.0,5.694403235302422,-6.93579,1.307332,5.961782671464569
392.0,12.0,1.331995168324374,-10.640841,-0.450114,1.5993746044865205
392.0,19.0,1.2654807186761783,6.461566,5.972955,1.5328601548383247
392.0,24.0,-11.775793411124436,-3.684781,1.594562,-11.50841397496229
392.0,25.0,-5.214374786953963,-13.28321,-6.1239,-4.946995350791816
392.0,29.0,1.0654229594129738,-8.929201,-8.053607,1.3328023955751203
393.0,2.0,1.5175107346071544,8.782361,1.072318,1.0905017198877205
393.0,5.0,4.357558145385493,10.67405,9.092636,3.9305491306660594
393.0,6.0,4.317545004475175,0.922194,1.315635,3.890535989755741
393.0,12.0,0.74531073836215,4.085919,-0.571904,0.31830172364271614
393.0,19.0,1.9394254187473,20.134018,6.046737,1.512416404027866
393.0,24.0,-11.777945517885609,2.922496,1.462207,-12.204954532605043
393.0,25.0,-5.076604830454374,1.29308,-6.242933,-5.503613845173808
393.0,29.0,0.32997857324763125,-3.499991,-8.184857,-0.09703044147180262
394.0,2.0,1.6554676950495244,-1.990119,0.993077,-0.6813166310238263
394.0,5.0,3.787572535130014,6.545551,9.078981,1.4507882090566633
394.0,6.0,3.9540551861536635,-4.087112,1.252618,1.6172708600803127
394.0,12.0,0.9341380742123686,-5.734803,-0.649881,-1.4026462518609821
394.0,19.0,2.476122828667858,11.920171,6.021209,0.1393385025945073
394.0,24.0,-11.727721643717409,4.037967,1.456401,-14.06450596979076
394.0,25.0,-5.176856072029501,-10.096998,-6.315202,-7.513640398102853
394.0,29.0,6.278356258136059,-7.716378,-8.222218,3.941571932062708
395.0,2.0,1.5887301507202185,6.047591,1.012736,1.1050611322040118
395.0,5.0,3.8197039222762026,11.861104,9.148246,3.336034903759996
395.0,6.0,4.188180967338363,2.571637,1.217762,3.7045119488221565
395.0,12.0,0.8498508038600221,2.644036,-0.608998,0.3661817853438154
395.0,19.0,1.5696357619539016,12.702601,5.986443,1.085966743437695
395.0,24.0,-11.783562436095545,6.566456,1.55518,-12.267231454611752
395.0,25.0,-5.349691444055969,-8.306039,-6.302466,-5.833360462572175
395.0,29.0,3.745886953085588,-7.990565,-8.192434,3.262217934569381
396.0,2.0,1.6999153358119283,3.757086,1.18645,-2.3525519128487957
396.0,5.0,4.0483495719714835,11.761942,9.310457,-0.004117676689240568
396.0,6.0,4.868837951456495,-0.742084,1.303985,0.816370702795771
396.0,12.0,1.0556155962275664,3.017813,-0.422627,-2.9968516524331577
396.0,19.0,3.241124408211082,7.97964,6.037758,-0.8113428404496421
396.0,24.0,-11.55363376736414,3.696808,1.685169,-15.606101016024864
396.0,25.0,-5.125659415729479,-5.42891,-6.196506,-9.178126664390202
396.0,29.0,6.975493708105379,-1.201592,-8.147132,2.923026459444655
397.0,2.0,1.750127641733087,7.187099,1.424846,0.7092357698910727
397.0,5.0,3.6984894586937234,9.868137,9.508229,2.657597586851709
397.0,6.0,3.9353778572693745,3.783441,1.421668,2.89448598542736
397.0,12.0,1.2986192806339734,0.4093,-0.163229,0.257727408791959
397.0,19.0,2.753482999344465,3.306713,6.092996,1.7125911275024506
397.0,24.0,-11.669720200251213,1.82358,1.858234,-12.710612072093227
397.0,25.0,-5.39367585897844,-5.752914,-6.031836,-6.434567730820454
397.0,29.0,4.441386055092368,-4.425217,-8.061693,3.4004941832503532
398.0,2.0,1.7101413886626817,4.980435,1.509112,-0.6973194548914634
398.0,5.0,4.237014078456127,9.819892,9.589543,1.829553234901982
398.0,6.0,4.748121480907956,2.057575,1.471731,2.3406606373538112
398.0,12.0,1.1947380944882742,1.756867,-0.077103,-1.212722749065871
398.0,19.0,2.7784685023219673,23.869935,6.132683,0.37100765876782216
398.0,24.0,-11.860713770812067,10.312087,1.909215,-14.268174614366213
398.0,25.0,-5.139038559364271,-14.941085,-5.988849,-7.546499402918416
398.0,29.0,7.315883487244573,-11.293601,-8.054998,4.908422643690428
399.0,2.0,1.4940444388870526,6.455268,1.45227,-0.9905953054111349
399.0,5.0,4.361721056246813,12.518424,9.576826,1.8770813119486252
399.0,6.0,4.371616908781068,1.621205,1.454349,1.88697716448288
399.0,12.0,0.6961654043916212,2.897364,-0.14834,-1.7884743399065663
399.0,19.0,2.4273269581235315,-1.059443,6.1565,-0.05731278617465607
399.0,24.0,-11.79095598120435,6.126789,1.860332,-14.275595725502537
399.0,25.0,-5.053148727969535,-4.160969,-6.062187,-7.537788472267723
399.0,29.0,7.131126681810505,-1.076573,-8.122964,4.646486937512318
400.0,2.0,1.759283807384472,1.642842,1.444116,1.8136351680465723
400.0,5.0,3.8828379909867294,7.667772,9.563529,3.9371893516488297
400.0,6.0,3.1343189580387936,1.198243,1.447779,3.188670318700894
400.0,12.0,0.9554332197500104,-3.187946,-0.152891,1.0097845804121106
400.0,19.0,2.412162413768802,-4.397744,6.147892,2.466513774430902
400.0,24.0,-11.754103351391525,5.584734,1.857922,-11.699751990729425
400.0,25.0,-5.562522982991517,-11.874648,-6.059245,-5.508171622329417
400.0,29.0,4.676944663323022,-7.469469,-8.116048,4.731296023985122
401.0,2.0,1.6692460621787504,4.206497,1.42045,-0.07459743425363086
401.0,5.0,4.776492479600915,8.385268,9.488668,3.0326489831685333
401.0,6.0,4.614988652369693,-1.113828,1.429161,2.8711451559373113
401.0,12.0,1.0471976657905673,0.204309,-0.164183,-0.696645830641814
401.0,19.0,1.4625224837653565,9.27699,6.101695,-0.2813210126670247
401.0,24.0,-11.65900759139803,1.985602,1.839748,-13.402851087830411
401.0,25.0,-4.620569189372051,-1.095653,-6.025823,-6.3644126858044325
401.0,29.0,5.518533545969669,-4.609043,-8.064262,3.7746900495372877
402.0,2.0,1.5241040953056775,7.717725,1.324409,-1.4191293464364128
402.0,5.0,4.883284094660002,14.62056,9.386153,1.940050652917912
402.0,6.0,5.021392984226482,3.864464,1.41404,2.078159542484392
402.0,12.0,0.8682103815364242,5.956298,-0.281784,-2.075023060205666
402.0,19.0,2.9886558370418754,10.226605,6.118358,0.0454223952997852
402.0,24.0,-11.682569511828465,12.22857,1.71463,-14.625802953570556
402.0,25.0,-5.124672406743278,0.967755,-6.10104,-8.067905848485367
402.0,29.0,4.446178502023143,-10.10915,-8.129112,1.5029450602810526
403.0,2.0,1.5834180869252492,3.209144,1.231988,-0.03960350765199738
403.0,5.0,4.509993916706756,6.629397,9.304264,2.88697232212951
403.0,6.0,4.475563041772254,2.655911,1.39936,2.8525414471950077
403.0,12.0,0.9164899336984202,-0.833876,-0.397416,-0.7065316608788264
403.0,19.0,3.3025856675936573,-6.62151,6.143579,1.6795640730164108
403.0,24.0,-11.851989715267528,11.479023,1.598493,-13.475011309844774
403.0,25.0,-5.272257728256774,-3.287269,-6.186161,-6.89527932283402
403.0,29.0,4.323296656003361,-12.6009,-8.206311,2.7002750614261144
404.0,2.0,1.7644921153552744,4.75143,1.175543,-0.506189237389
404.0,5.0,4.296711443994974,4.441776,9.230712,2.0260300912507
404.0,6.0,5.036025518221225,-0.562393,1.384738,2.76534416547695
404.0,12.0,1.216928047661403,-1.361908,-0.460477,-1.0537533050828713
404.0,19.0,3.46887753553721,23.818224,6.137327,1.1981961827929357
404.0,24.0,-11.76079249757614,6.258065,1.53138,-14.031473850320415
404.0,25.0,-5.004999614942047,-2.464357,-6.214746,-7.275680967686322
404.0,29.0,3.8059762075065358,-6.450855,-8.223534,1.5352948547622614
405.0,2.0,1.841990755489423,9.63191,1.137109,-0.970306911830356
405.0,5.0,4.712489044646713,8.410465,9.192853,1.9001913773269337
405.0,6.0,3.805408378835338,4.103115,1.385641,0.9931107115155591
405.0,12.0,1.2812590605473897,3.508994,-0.511146,-1.5310386067723893
405.0,24.0,-11.566330769940965,9.211691,1.471634,-14.378628437260744
405.0,25.0,-4.8439287851092745,7.285171,-6.252653,-7.6562264524290535
405.0,29.0,7.427180402604954,-4.787497,-8.26328,4.614882735285175
406.0,2.0,1.2942825018417388,1.520259,1.063359,1.886675831152766
406.0,5.0,4.294564190841829,10.334245,9.183173,4.886957520152857
406.0,6.0,3.668138545189569,1.144175,1.358318,4.260531874500597
406.0,12.0,0.42619561116105587,-2.220468,-0.60244,1.0185889404720831
406.0,19.0,1.250818446993537,1.303674,6.184146,1.8432117763045643
406.0,24.0,-11.826916724009992,3.283873,1.417369,-11.234523394698964
406.0,25.0,-4.680401575533853,-11.25512,-6.349476,-4.0880082462228255
406.0,29.0,1.0288824184793075,-6.447534,-8.350131,1.6212757477903348
407.0,2.0,1.3918081879552746,1.515769,0.979865,0.6284751749855712
407.0,5.0,4.113006326799891,7.787579,9.08543,3.3496733138301873
407.0,6.0,5.1690821508851315,0.62544,1.4016,4.405749137915428
407.0,12.0,0.7286738981175924,-2.588304,-0.736531,-0.03465911485211104
407.0,19.0,2.0503200011874574,5.842401,6.282065,1.286986988217754
407.0,24.0,-11.651335034196546,8.516947,1.216953,-12.414668047166248
407.0,25.0,-5.031803049587463,-6.964194,-6.457453,-5.795136062557167
407.0,29.0,0.10655647903747845,-10.666253,-8.487605,-0.656776533932225
408.0,2.0,1.4645771131210417,-2.50375,0.914147,1.4458771238085575
408.0,5.0,4.810946452069427,4.786767,8.963751,4.7922464627569425
408.0,6.0,4.3758591210498246,-2.627897,1.491712,4.35715913173734
408.0,12.0,0.8236852593367292,-3.400447,-0.867996,0.804985270024245
408.0,19.0,1.4955613242285901,12.186199,6.42186,1.476861334916106
408.0,24.0,-11.555772580870899,-3.485614,0.959518,-11.574472570183383
408.0,25.0,-4.972185121501413,-13.572646,-6.556812,-4.990885110813897
408.0,29.0,0.8660263988344221,-7.462726,-8.643968,0.8473264095219379
409.0,2.0,1.6272777336767605,2.695182,0.664855,0.29026849741351723
409.0,5.0,4.763407497051549,11.316839,8.864452,3.426398260788306
409.0,6.0,3.3927651602455224,1.285772,1.350628,2.055755923982279
409.0,12.0,0.9404818642091097,-2.580324,-1.141895,-0.3965273720541336
409.0,19.0,1.9328179639868033,0.260958,6.397792,0.59580872772356
409.0,24.0,-11.580123482903796,9.901789,0.83565,-12.91713271916704
409.0,25.0,-4.8901143425174824,-8.623187,-6.793814,-6.227123578780725
409.0,29.0,4.879870166797794,-10.651028,-8.801405,3.5428609305345504
410.0,2.0,1.986066662378759,5.159144,0.378895,-0.2929929917663774
410.0,5.0,4.167824574089369,13.088841,8.788961,1.888764919944233
410.0,6.0,4.237698060697573,0.698625,1.130489,1.9586384065524367
410.0,12.0,1.2908398286713165,5.071919,-1.427781,-0.9882198254738199
410.0,19.0,2.95696179334241,2.502123,6.300474,0.6779021391972737
410.0,24.0,-11.406840376290717,6.225349,0.795571,-13.685900030435853
410.0,25.0,-5.361548012004962,1.941639,-7.04452,-7.640607666150099
410.0,29.0,5.015979362831029,-3.081898,-8.924696,2.7369197086858925
411.0,2.0,1.9013874798964814,-0.141505,0.480235,1.3075146689497736
411.0,5.0,4.015230532993037,10.499528,8.901429,3.4213577220463294
411.0,6.0,3.3512108272181393,0.192598,1.140982,2.7573380162714316
411.0,12.0,1.1426146813690785,-2.259408,-1.297436,0.5487418704223708
411.0,19.0,1.8058007851818605,4.919235,6.278589,1.2119279742351527
411.0,24.0,-11.37427041408668,-1.865577,0.939379,-11.968143225033389
411.0,25.0,-5.458886872034325,-6.077498,-6.960957,-6.0527596829810335
411.0,29.0,4.285881753735541,-8.349714,-8.851547,3.6920089427888336
412.0,2.0,1.7158617086553392,6.634043,0.544774,0.6552565982747511
412.0,5.0,4.528518625352415,5.58608,9.031674,3.467913514971827
412.0,6.0,3.546359481498115,2.404443,1.129891,2.485754371117527
412.0,12.0,0.9266476994189556,0.961044,-1.212159,-0.13395741096163238
412.0,19.0,1.8023905673824618,5.567367,6.27001,0.7417854570018738
412.0,24.0,-11.524334233483557,7.386293,1.073699,-12.584939343864146
412.0,25.0,-5.255514042737086,-0.160685,-6.936645,-6.316119153117674
412.0,29.0,4.787675789363259,-3.746354,-8.829448,3.7270706789826713
413.0,2.0,1.7915242150376773,-1.057304,0.440995,1.8167775297929032
413.0,5.0,4.25978533122786,8.59446,9.076951,4.285038645983086
413.0,6.0,3.3348134802682985,-1.689387,1.137839,3.360066795023524
413.0,12.0,1.0747862910453057,-4.274296,-1.377577,1.1000396058005315
413.0,24.0,-11.50395810620206,4.904438,0.937548,-11.478704791446834
413.0,25.0,-5.0833313874702934,-8.27353,-7.159069,-5.058078072715068
413.0,29.0,-0.12036242406321662,-10.078978,-9.077401,-0.09510910930799085
414.0,2.0,1.809206104638327,4.395392,0.475864,3.509783287280522
414.0,5.0,4.233932396075078,11.993046,9.174129,5.9345095787172735
414.0,6.0,3.169657192947911,1.33178,1.162261,4.8702343755901065
414.0,12.0,1.0734193649901247,4.82899,-1.352662,2.77399654763232
414.0,24.0,-11.724447730556074,9.023408,0.968698,-10.023870547913878
414.0,25.0,-5.126832485832635,0.789658,-7.192395,-3.4262553031904397
414.0,29.0,-1.4021690757937777,-5.435895,-9.137302,0.29840810684841745
415.0,2.0,1.7793044911707767,4.485149,0.564403,3.516106765999949
415.0,5.0,4.056734761681527,11.954858,9.29787,5.793537036510699
415.0,6.0,2.964701994999416,3.187075,1.201103,4.701504269828588
415.0,12.0,1.207064637458199,1.978066,-1.259753,2.9438669122873713
415.0,24.0,-11.722515594995311,4.19728,1.053313,-9.98571332016614
415.0,25.0,-4.972632100781774,-10.951524,-7.164426,-3.2358298259526017
415.0,29.0,-0.7254774049330024,-8.008884,-9.142828,1.0113248698961699
416.0,2.0,1.6726199232618635,7.441311,0.70061,2.3275153502306183
416.0,5.0,3.943862930126336,11.056085,9.405801,4.598758357095091
416.0,6.0,3.231983053266127,4.091647,1.275041,3.886878480234882
416.0,12.0,0.9269388270637524,3.176906,-1.113681,1.5818342540325072
416.0,19.0,3.31139276284285,20.161382,6.552795,3.9662881898116047
416.0,24.0,-11.789593467525389,2.533691,1.140437,-11.134698040556634
416.0,25.0,-4.925029905397361,-1.694324,-7.071306,-4.270134478428606
416.0,29.0,0.33312167867320674,-6.290928,-9.099861,0.9880171056419617
417.0,2.0,2.0423245545861803,3.462887,1.113224,2.9156585016967367
417.0,5.0,3.807121233053266,10.352264,9.568977,4.680455180163822
417.0,6.0,3.2856891363399097,-1.326745,1.574919,4.159023083450466
417.0,12.0,1.2925730778476616,-2.581931,-0.694886,2.165907024958218
417.0,19.0,2.86747945065558,15.625593,6.697813,3.740813397766136
417.0,24.0,-11.666431756937893,2.029701,1.241627,-10.793097809827337
417.0,25.0,-4.920940378821244,-9.830667,-6.7325,-4.047606431710687
417.0,29.0,1.2191262306823507,-5.414876,-8.942376,2.092460177792907
418.0,2.0,1.6739853195823144,2.429883,1.914007,3.4815877102583235
418.0,5.0,4.146952250940249,9.080405,10.136085,5.954554641616258
418.0,6.0,2.9021511674823763,3.076714,2.028217,4.709753558158385
418.0,12.0,0.5815255783646496,-1.498954,0.154832,2.3891279690406586
418.0,19.0,1.225245316078487,1.485767,6.917594,3.032847706754496
418.0,24.0,-11.80302740495824,1.046857,1.701604,-9.99542501428223
418.0,25.0,-4.735142246978531,-1.226175,-6.154937,-2.9275398563025217
418.0,29.0,0.06974680978072634,-8.06204,-8.658133,1.8773492004567354
419.0,2.0,-2.292575451271091,-10.025484,5.403968,-4.245218487827114
419.0,5.0,-1.6727593273979653,-6.829944,12.670316,-3.625402363953988
419.0,6.0,-1.8357262196843642,-14.114299,3.636135,-3.7883692562403875
419.0,12.0,-5.673885807523595,-13.109002,4.060599,-7.626528844079618
419.0,19.0,2.972823487669219,75.546181,7.333252,1.0201804511131958
419.0,24.0,-0.6843788060338376,-10.738356,4.302005,-2.637021842589861
419.0,25.0,-2.965264550939907,-19.099342,-3.368096,-4.91790758749593
419.0,29.0,-1.073551435272602,-17.695238,-6.89687,-3.0261944718286253
420.0,2.0,-0.12314295654289875,-10.753657,18.680042,1.1617519408014234
420.0,5.0,2.3221406314709645,-6.353891,20.645626,3.6070355288152864
420.0,6.0,1.6661437582161946,-11.733694,7.966199,2.9510386555605166
420.0,12.0,-1.6884470947439674,-12.170664,20.220084,-0.4035521973996452
420.0,19.0,0.4821643151125503,42.222094,5.188166,1.7670592124568725
420.0,24.0,-13.078699060671143,-1.831637,16.63152,-11.79380416332682
420.0,25.0,-2.822171183198004,-23.044475,10.064245,-1.5372762858536817
420.0,29.0,-0.03966329714440242,-22.108179,4.102533,1.2452316001999197
421.0,2.0,-5.488734567512932,7.513739,13.625176,-3.9646442565269275
421.0,5.0,-4.675653975474999,12.469393,18.846316,-3.151563664488995
421.0,6.0,-4.381895322347935,4.528793,9.270378,-2.857805011361931
421.0,12.0,-5.8203312004953665,3.212897,12.140525,-4.296240889509362
421.0,19.0,-0.40991120106784074,7.933544,11.311797,1.1141791099181635
421.0,24.0,-5.5256622559587285,8.248568,7.532577,-4.001571944972724
421.0,25.0,-4.221206250192932,-10.847694,1.431659,-2.6971159392069275
421.0,29.0,0.3529372545927476,3.459504,-5.833437,1.8770275655787518
422.0,2.0,0.3570091510850144,3.732517,4.866663,-6.1539051604959685
422.0,5.0,6.993199386214963,5.626158,12.201857,0.48228507463397996
422.0,6.0,3.7558842610855265,-2.735527,3.264023,-2.7550300504954564
422.0,12.0,-0.14222711491026452,-1.107137,3.55131,-6.653141426491247
422.0,19.0,1.5193717766164045,9.962754,7.033572,-4.991542534964578
422.0,24.0,-11.158778059866046,10.784954,4.082051,-17.669692371447027
422.0,25.0,-2.439716830000898,1.903581,-3.622326,-8.95063114158188
422.0,29.0,8.367608825910622,-7.246491,-6.901237,1.8566945143296394
423.0,2.0,-6.329002430867007,4.880494,4.727233,-3.5721502538853476
423.0,5.0,-5.918885688926924,6.552133,11.619727,-3.1620335119452645
423.0,6.0,-5.7909984445780704,-0.558617,3.13039,-3.034146267596411
423.0,12.0,-7.2787826852817625,0.919174,3.509945,-4.521930508300104
423.0,19.0,-3.068400922716915,8.680931,6.639856,-0.3115487457352555
423.0,24.0,-4.353949507637284,8.337833,3.973188,-1.5970973306556249
423.0,25.0,-5.270938104305591,9.794432,-3.304029,-2.5140859273239315
423.0,29.0,-4.419742473067333,-8.452932,-6.43217,-1.6628902960856737
424.0,2.0,0.296612018551194,-50.86597,4.448837,-6.927880412063594
424.0,5.0,6.907646452952147,-43.829107,11.146724,-0.31684597766264133
424.0,6.0,11.78529693262563,-37.444978,2.94007,4.560804502010843
424.0,12.0,-1.0666162409683873,-53.150274,3.277334,-8.291108671583174
424.0,19.0,4.544400658157553,95.296121,6.358783,-2.680091772457235
424.0,24.0,-11.8503684708155,-55.569284,3.799828,-19.074860901430288
424.0,25.0,-2.463687130266125,-68.786322,-3.263663,-9.688179560880913
424.0,29.0,2.617825085344194,-54.793479,-6.232693,-4.606667345270594
425.0,2.0,3.291299188050006,-9.249384,4.349739,3.42575238570605
425.0,5.0,1.4548764782608448,-1.469407,11.038251,1.5893296759168885
425.0,6.0,1.2432988266961598,-8.401088,2.868807,1.3777520243522035
425.0,12.0,0.6120339169882367,-14.762641,3.188954,0.7464871146442804
425.0,19.0,3.0595455201970694,127.806895,6.28733,3.193998717853113
425.0,24.0,-10.205560684218359,-2.065689,3.758325,-10.071107486562315
425.0,25.0,-5.635983793507662,-13.027919,-3.290784,-5.501530595851618
425.0,29.0,4.399732657856337,-22.577915,-6.209564,4.53418585551238
426.0,2.0,2.456197927192778,6.90067,4.297651,1.7242262349800384
426.0,5.0,2.7579909338525166,10.24385,10.918478,2.026019241639777
426.0,6.0,3.044017346359391,2.956956,2.812251,2.3120456541466514
426.0,12.0,1.061319378761528,0.78661,3.164009,0.3293476865487882
426.0,19.0,3.4622542337169246,20.421386,6.185112,2.730282541504185
426.0,24.0,-10.971491863605811,6.27729,3.751892,-11.703463555818551
426.0,25.0,-5.177289885530065,-4.511446,-3.23962,-5.9092615777428055
426.0,29.0,1.6886321485459472,-7.607831,-6.111138,0.9566604563332074
427.0,2.0,2.9137022579492395,1.875291,4.377718,3.5476177305424796
427.0,5.0,2.1839270806251188,2.502523,10.897805,2.817842553218359
427.0,6.0,2.4375468614202784,2.194148,2.782202,3.0714623340135185
427.0,12.0,1.0211370970327867,-0.398765,3.306896,1.6550525696260265
427.0,24.0,-10.864623055620413,0.10927,3.899132,-10.230707583027174
427.0,25.0,-5.592985403881965,-2.345281,-3.055116,-4.959069931288725
427.0,29.0,3.643445512557623,-4.049071,-5.894692,4.277360985150863
428.0,2.0,2.517515067321825,6.119518,4.593592,2.236934260561344
428.0,5.0,2.9220995715608282,11.717961,10.948536,2.641518764800347
428.0,6.0,2.9786564237101203,1.745377,2.907053,2.698075616949639
428.0,12.0,1.171106812745708,2.832385,3.551135,0.8905260059852269
428.0,19.0,2.9221175183180446,9.207163,6.053226,2.6415367115575634
428.0,24.0,-11.21145808180826,7.743704,3.993684,-11.492038888568741
428.0,25.0,-4.957151435402939,-5.755351,-2.821903,-5.23773224216342
428.0,29.0,3.667154882300437,-5.782739,-5.730392,3.386574075539956
429.0,2.0,2.4516608750994395,5.043016,4.634223,3.4178076061060416
429.0,5.0,2.805505807394704,9.180404,10.960372,3.771652538401306
429.0,6.0,2.8361203256336687,1.93853,2.948923,3.8022670566402708
429.0,12.0,1.069422379600427,-0.495207,3.587446,2.035569110607029
429.0,19.0,2.068866839163629,4.11453,6.085057,3.035013570170231
429.0,24.0,-11.34176690475728,4.252631,3.982897,-10.37562017375068
429.0,25.0,-5.022575529821957,9.43499,-2.794291,-4.056428798815355
429.0,29.0,2.498672786377215,-7.984309,-5.730146,3.464819517383817
430.0,2.0,1.3543341613466495,5.481792,4.548093,1.1720967349618794
430.0,5.0,3.961639953892318,8.462458,10.95989,3.779402527507548
430.0,6.0,3.087641957452581,3.387903,2.876117,2.905404531067811
430.0,12.0,0.35918363803300934,3.0582,3.503439,0.1769462116482392
430.0,19.0,2.890095976479527,12.262023,6.058704,2.707858550094757
430.0,24.0,-11.629954732484245,-0.08342,3.986811,-11.812192158869015
430.0,25.0,-4.2719856785399735,-5.590923,-2.879702,-4.454223104924743
430.0,29.0,1.7190298836894975,-3.781818,-5.776845,1.5367924573047274
431.0,2.0,1.6271215124068936,-1.583108,4.437365,1.739253423466859
431.0,5.0,3.284418106628035,7.021229,10.940038,3.3965500176880004
431.0,6.0,2.7327133898072935,-0.861539,2.850693,2.844845300867259
431.0,12.0,0.5967267964837237,-3.31581,3.357283,0.7088587075436892
431.0,19.0,2.520332831885492,9.054464,6.120288,2.6324647429454573
431.0,24.0,-11.625542333846875,-0.252177,3.878726,-11.51341042278691
431.0,25.0,-4.590773343713302,-2.617065,-3.035041,-4.478641432653337
431.0,29.0,3.07587771210369,-9.989807,-5.926941,3.1880096231636554
432.0,2.0,1.6917844076036124,2.83832,4.296562,2.3492687510719588
432.0,5.0,3.613498692153268,6.844932,10.903845,4.270983035621614
432.0,6.0,3.021716741107383,0.107171,2.813049,3.6792010845757295
432.0,12.0,0.7704237762560595,-1.506395,3.175651,1.4279081197244061
432.0,19.0,2.554530594373033,2.613862,6.183955,3.2120149378413796
432.0,24.0,-11.552871356311531,1.849732,3.747122,-10.895387012843184
432.0,25.0,-4.525738554581974,-4.544883,-3.220133,-3.8682542111136273
432.0,29.0,1.886160407783776,-3.908388,-6.099761,2.5436447512521223
433.0,2.0,2.3357062646719164,1.792495,4.150118,2.4254402548106686
433.0,5.0,3.114945513168866,7.076204,10.906812,3.2046795033076183
433.0,6.0,2.793345907525474,-1.666336,2.756141,2.883079897664226
433.0,12.0,1.2506459413928361,-1.881171,2.99124,1.340379931531588
433.0,24.0,-11.256824122582689,5.714206,3.648415,-11.167090132443937
433.0,25.0,-4.9325385714832635,-0.437443,-3.428167,-4.842804581344511
433.0,29.0,3.7366829633964294,-4.923857,-6.287958,3.8264169535351815
434.0,2.0,1.6338350946052582,8.343101,4.114135,0.7001283400329106
434.0,5.0,3.9854855175224113,12.011687,10.952323,3.0517787629500637
434.0,6.0,3.522045914216683,1.213082,2.765469,2.5883391596443355
434.0,12.0,0.9630717642804685,3.793938,2.926989,0.029365009708120837
434.0,24.0,-11.595192472494764,10.184396,3.598175,-12.528899227067111
434.0,25.0,-4.480886048186968,2.05454,-3.532458,-5.414592802759316
434.0,29.0,2.7412660067040076,-2.6717,-6.410716,1.80755925213166
435.0,2.0,2.27573514740409,1.581755,4.159055,2.171702809072282
435.0,5.0,3.4045565909427378,11.304527,10.992333,3.3005242526109297
435.0,6.0,3.0715043457742954,-1.670509,2.858878,2.9674720074424874
435.0,12.0,1.3758032326201537,-5.321404,2.934977,1.2717708942883459
435.0,19.0,3.316789816082217,-17.384599,6.446301,3.212757477750409
435.0,24.0,-11.428452916258186,-2.817298,3.517894,-11.532485254589993
435.0,25.0,-4.650388913415302,-4.996528,-3.563957,-4.75442125174711
435.0,29.0,3.4022518838831317,-3.010076,-6.508627,3.2982195455513237
436.0,2.0,2.218581243701119,4.924956,4.195373,3.0506735678166503
436.0,5.0,3.5932742773612,10.197551,10.971361,4.425366601476731
436.0,6.0,2.73853335446387,1.265648,2.920708,3.5706256785794013
436.0,12.0,1.2594715951054791,0.171614,2.95771,2.0915639192210103
436.0,19.0,1.746163220423715,3.803538,6.495222,2.578255544539246
436.0,24.0,-11.517157305374312,5.005628,3.461874,-10.68506498125878
436.0,25.0,-4.588569648379649,-7.816594,-3.536487,-3.756477324264118
436.0,29.0,2.8773908124420116,-4.320719,-6.518511,3.7094831365575427
437.0,2.0,1.8310303989584185,8.272281,4.125795,1.7283641410479573
437.0,5.0,4.092270295982731,13.754131,10.882655,3.9896040380722697
437.0,6.0,2.524293286334929,7.174601,2.872885,2.421627028424468
437.0,12.0,1.1032186680437253,2.40906,2.896589,1.0005524101332641
437.0,19.0,1.6652127325726953,4.014247,6.441666,1.5625464746622342
437.0,24.0,-11.159344565716909,2.973072,3.426422,-11.26201082362737
437.0,25.0,-4.514146967857804,-4.560668,-3.547614,-4.616813225768265
437.0,29.0,1.8168054372245024,-6.857461,-6.494536,1.7141391793140413
438.0,2.0,1.4525417479677643,1.913039,4.021257,-0.23507688765018275
438.0,5.0,4.225025126820444,9.218601,10.825888,2.537406491202497
438.0,6.0,2.863463752824085,-0.512874,2.78538,1.1758451172061382
438.0,12.0,0.542916449109411,-2.09582,2.801937,-1.144702186508536
438.0,19.0,3.2894348739378287,3.309704,6.379376,1.6018162383198817
438.0,24.0,-11.463539734590123,6.925042,3.41653,-13.15115837020807
438.0,25.0,-4.262045121289128,-6.279482,-3.609804,-5.949663756907075
438.0,29.0,4.835128396788271,-7.718616,-6.502511,3.1475097611703236
439.0,2.0,1.7029934812597096,-1.451864,3.812245,0.4594815248334303
439.0,5.0,4.091542526809928,8.689075,10.782261,2.8480305703836484
439.0,6.0,3.0908142716911584,-1.87607,2.635767,1.847302315264879
439.0,12.0,1.0793616654949787,-4.858036,2.585559,-0.16415029093130062
439.0,19.0,3.6251628839274677,-0.263189,6.33292,2.3816509275011883
439.0,24.0,-11.488872030311505,7.639009,3.373199,-12.732383986737783
439.0,25.0,-4.368670838804944,-16.462598,-3.811349,-5.612182795231223
439.0,29.0,6.882896411922239,-10.709467,-6.62108,5.63938445549596
440.0,2.0,1.881891399974423,7.098872,3.441345,0.376177433780305
440.0,5.0,3.867239835155061,13.693783,10.655342,2.3615258689609435
440.0,6.0,2.7668385595982183,1.561065,2.409684,1.2611245934041004
440.0,12.0,1.3467836883688635,4.534793,2.183867,-0.15893027782525437
440.0,19.0,3.404636902486068,17.788604,6.283595,1.8989229362919502
440.0,24.0,-11.331605949922542,7.844619,3.22148,-12.83731991611666
440.0,25.0,-4.57882431988045,1.434774,-4.167299,-6.084538286074568
440.0,29.0,5.662887850164779,-6.032756,-6.849384,4.157173883970661
441.0,2.0,1.6575175495999899,4.73451,3.22253,1.3733176046601765
441.0,5.0,3.6729089753279567,12.191116,10.532026,3.388709030388143
441.0,6.0,3.089937855165129,4.399279,2.288626,2.8057379102253153
441.0,12.0,0.9044407590719139,3.205516,1.947349,0.6202408141321005
441.0,19.0,2.132315253777879,4.971563,6.246842,1.8481153088380655
441.0,24.0,-11.552946561036638,9.502354,3.10089,-11.83714650597645
441.0,25.0,-4.461075827402595,-10.851962,-4.35061,-4.745275772342408
441.0,29.0,5.058349999778137,-10.574232,-6.960067,4.774150054838324
442.0,2.0,1.7525250407665647,2.525085,3.289467,2.190002402806433
442.0,5.0,3.726818264553838,6.973501,10.400503,4.164295626593706
442.0,6.0,3.435205770123943,-3.089323,2.273725,3.8726831321638113
442.0,12.0,0.8611242112431832,-5.828494,2.077598,1.2986015732830514
442.0,19.0,1.4214167643707292,5.007135,6.082847,1.8588941264105974
442.0,24.0,-11.519831883744276,4.701951,3.179809,-11.082354521704408
442.0,25.0,-4.368627394675908,-11.079527,-4.118057,-3.93115003263604
442.0,29.0,2.63472523726253,-6.637653,-6.69295,3.0722025993023983
443.0,2.0,1.6649622282859031,3.071724,3.221174,1.6983179486804802
443.0,5.0,4.196773890674933,6.990248,10.200072,4.23012961106951
443.0,6.0,3.409660522430615,-0.590754,2.262835,3.443016242825192
443.0,12.0,1.0072546091620698,-0.795022,2.01243,1.040610329556647
443.0,19.0,1.4144537070479384,6.23883,6.022773,1.4478094274425155
443.0,24.0,-11.563306717255731,4.27304,3.06029,-11.529950996861153
443.0,25.0,-4.370132378509459,-0.428796,-4.074588,-4.336776658114882
443.0,29.0,3.165521178382452,-5.332411,-6.624755,3.198876898777029
444.0,2.0,2.007568686624456,5.703714,3.05857,1.177173694617758
444.0,5.0,3.9931374417391368,13.095955,10.052219,3.1627424497324386
444.0,6.0,3.8511068254148064,0.109455,2.247382,3.0207118334081082
444.0,12.0,1.5279064072423116,3.244031,1.800768,0.6975114152356137
444.0,19.0,1.6647808629939265,10.149166,6.08033,0.8343858709872285
444.0,24.0,-11.402653485345938,6.641149,2.838707,-12.233048477352636
444.0,25.0,-4.327167947779113,-3.294828,-4.233163,-5.157562939785811
444.0,29.0,4.408993735751384,-6.772862,-6.773792,3.578598743744686
445.0,2.0,1.8363516766420647,6.633446,2.821652,1.9779910033233852
445.0,5.0,3.959038801202672,10.767428,9.834481,4.1006781278839926
445.0,6.0,3.262742599017363,3.352478,2.15583,3.404381925698684
445.0,12.0,1.1875691997266973,5.5068,1.532931,1.3292085264080178
445.0,19.0,1.771207704515522,7.147148,6.054734,1.9128470311968424
445.0,24.0,-11.477182642479598,9.721306,2.624953,-11.335543315798278
445.0,25.0,-4.201165717028725,-15.849132,-4.402722,-4.059526390347404
445.0,29.0,2.995641208979176,-4.374025,-6.880502,3.137280535660497
446.0,2.0,1.680262490521752,5.081445,2.622819,1.7773433815831985
446.0,5.0,3.346939972929377,8.858293,9.622741,3.4440208639908234
446.0,6.0,3.0189097969110072,4.133395,2.043292,3.1159906879724537
446.0,12.0,1.0496853286367251,4.313183,1.333825,1.1467662196981716
446.0,19.0,2.025113272979267,6.005246,5.961302,2.1221941640407134
446.0,24.0,-11.5100829485969,10.649574,2.495423,-11.413002057535452
446.0,25.0,-4.316603503311403,-1.058214,-4.491498,-4.219522612249957
446.0,29.0,3.518280084396581,-9.71999,-6.888021,3.6153609754580276
447.0,2.0,1.735373839373315,5.267777,2.490811,1.5508181713318765
447.0,5.0,3.7870261124154947,9.783196,9.456792,3.602470444374056
447.0,6.0,3.341960490478934,1.543402,1.964127,3.1574048224374955
447.0,12.0,1.1430212273315856,2.411888,1.20847,0.9584655592901472
447.0,19.0,1.6396227066702362,11.532766,5.87829,1.4550670386287978
447.0,24.0,-11.48572914842058,3.529521,2.410546,-11.670284816462019
447.0,25.0,-4.289359835972959,2.120979,-4.526823,-4.473915504014397
447.0,29.0,3.3924336118817386,-6.873617,-6.863302,3.2078779438403
448.0,2.0,0.6357403019241215,1.393242,2.447171,-2.9054359598411326
448.0,5.0,3.9631858193892064,8.011161,9.286526,0.4220095576239524
448.0,6.0,2.2045093124609236,1.841957,1.927505,-1.3366669493043304
448.0,12.0,-0.3783787495235753,-0.950353,1.190939,-3.9195550112888293
448.0,19.0,1.3944070557696095,4.824627,5.770033,-2.1467692059956445
448.0,24.0,-11.21865157911406,-15.172263,2.371307,-14.759827840879314
448.0,25.0,-3.6919489362004785,1.047614,-4.440699,-7.233125197965732
448.0,29.0,4.854478815966427,-5.302389,-6.735377,1.3133025542011731
449.0,2.0,0.8787344057644404,3.504616,1.779074,-3.286032946830554
449.0,5.0,3.397461579642167,9.693288,8.700153,-0.7673057729528274
449.0,6.0,4.9840423527315725,1.921311,1.804128,0.8192750001365781
449.0,12.0,0.030550650550575043,0.381101,0.347404,-4.134216702044419
449.0,19.0,4.147508146641933,2.233597,5.922323,-0.01725920595306185
449.0,24.0,-11.533205472950751,-0.992286,1.560617,-15.697972825545746
449.0,25.0,-4.318828867598448,-2.668293,-5.06193,-8.483596220193443
449.0,29.0,9.33648954279289,-4.314547,-7.273352,5.171722190197896
450.0,2.0,1.4498042810101692,3.290358,1.376363,-0.26827055114800435
450.0,5.0,3.3378226033125387,6.887597,8.370256,1.619747771154365
450.0,6.0,3.177856328386838,0.876175,1.398296,1.4597814962286644
450.0,12.0,1.0859937624763596,0.522928,0.033912,-0.632081069681814
450.0,19.0,4.016166976486431,2.275178,5.510264,2.298092144328258
450.0,24.0,-11.484245206090861,4.687766,1.60524,-13.202320038249034
450.0,25.0,-4.569039159753828,-2.57896,-5.162844,-6.287113991912001
450.0,29.0,7.644540952425878,-3.965749,-7.098008,5.926466120267705
451.0,2.0,1.564231422231929,4.109736,1.504166,0.5793301701761413
451.0,5.0,3.110438081114184,3.988815,8.415978,2.1255368290583965
451.0,6.0,3.2226891112193545,-0.031058,1.109742,2.237787859163567
451.0,12.0,1.1608283546118336,-1.609476,0.393078,0.17592710255604604
451.0,19.0,3.59776608642853,11.49588,4.957322,2.6128648343727425
451.0,24.0,-11.586189431670782,2.510196,2.241246,-12.57109068372657
451.0,25.0,-4.308763133722683,1.555973,-4.717758,-5.29366438577847
451.0,29.0,5.655157194829165,-3.12458,-6.445193,4.670255942773378
452.0,2.0,1.7282451921978375,3.798689,1.377706,0.5008309591794342
452.0,5.0,3.359254783970872,8.876831,8.395719,2.131840550952469
452.0,6.0,3.2851776789253506,1.559788,1.073532,2.0577634459069474
452.0,12.0,1.079419743585241,-2.202032,0.229355,-0.14799448943316218
452.0,24.0,-11.498000245522176,6.720506,2.131201,-12.725414478540579
452.0,25.0,-4.328596179754203,-8.878992,-4.892083,-5.556010412772606
452.0,29.0,4.7910816648853825,-9.868698,-6.608057,3.563667431866979
453.0,2.0,1.6821871223565656,2.755094,1.332877,1.3624337530722221
453.0,5.0,3.0159192339690506,6.604753,8.462743,2.696165864684707
453.0,6.0,2.58604279895917,-0.905476,1.04516,2.2662894296748264
453.0,12.0,1.0433046101567935,-2.040287,0.171055,0.72355124087245
453.0,19.0,3.70480789534731,4.140822,5.057386,3.3850545260629663
453.0,24.0,-11.462771659964535,6.66657,2.135631,-11.782525029248879
453.0,25.0,-4.469317570737618,4.684376,-4.995797,-4.789070940021961
453.0,29.0,5.55185896364795,-7.487548,-6.707804,5.232105594363606
454.0,2.0,1.8069740505016263,6.409935,1.441984,1.1073401916808543
454.0,5.0,3.057263739097042,10.643044,8.621705,2.35762988027627
454.0,6.0,3.229144447238065,2.606276,1.124387,2.529510588417293
454.0,12.0,1.3169316476809243,-0.182825,0.266496,0.6172977888601523
454.0,19.0,4.168879016967907,-1.258208,5.161285,3.4692451581471344
454.0,24.0,-11.271235193776018,4.057341,2.190412,-11.97086905259679
454.0,25.0,-4.451325096299195,-10.500348,-4.992662,-5.150958955119967
454.0,29.0,2.3908978608517995,-5.620392,-6.769258,1.6912640020310274
455.0,2.0,1.750309794824565,7.002599,1.527269,1.525091634927672
455.0,5.0,2.986607593737263,8.699909,8.766203,2.76138943384037
455.0,6.0,2.449469556720495,0.646048,1.20684,2.224251396823602
455.0,12.0,1.1741053048052574,-0.468683,0.326344,0.9488871449083645
455.0,24.0,-11.450521473511074,3.546385,2.205735,-11.675739633407968
455.0,25.0,-4.192928495389743,-15.649535,-5.023308,-4.418146655286636
455.0,29.0,3.797785899513457,0.716675,-6.867635,3.572567739616564
456.0,2.0,1.5366742693105486,8.633536,1.490917,1.3391692567021227
456.0,5.0,2.9452783229277486,10.002847,8.848533,2.7477733103193227
456.0,6.0,2.730801190278119,6.599193,1.190745,2.533296177669693
456.0,12.0,0.888462896509358,2.093472,0.271366,0.690957883900932
456.0,24.0,-11.375933788559198,-5.155854,2.205431,-11.573438801167624
456.0,25.0,-4.430086640115717,-4.269138,-5.134424,-4.627591652724143
456.0,29.0,2.9072603660610152,-3.562883,-6.984421,2.7097553534525893
457.0,2.0,1.5380903699335136,2.770219,1.427898,1.151326845805615
457.0,5.0,3.2826944587474163,8.109212,8.915105,2.8959309346195177
457.0,6.0,2.8412395180538024,-0.286844,1.178464,2.4544759939259038
457.0,12.0,0.8572070260456277,-1.3341,0.176335,0.4704435019177291
457.0,24.0,-11.435371814026187,5.057917,2.160828,-11.822135338154085
457.0,25.0,-4.253029429651846,-10.357297,-5.283929,-4.639792953779745
457.0,29.0,3.5340402003832008,-4.522878,-7.143281,3.147276676255302
458.0,2.0,1.3818811012770373,-1.786342,1.332743,1.9557324497614832
458.0,5.0,3.3309857804541636,5.521775,8.953541,3.9048371289386097
458.0,6.0,2.8723214578065352,-2.244834,1.17542,3.4461728062909813
458.0,12.0,0.6611233543498152,-5.818805,0.031529,1.234974702834261
458.0,24.0,-11.654543032971612,7.044335,2.053229,-11.080691684487165
458.0,25.0,-4.297044526448511,-3.235851,-5.476871,-3.723193177964065
458.0,29.0,1.033769206123626,-12.229898,-7.351947,1.607620554608072
459.0,2.0,1.9035814500624557,3.758517,1.441499,2.2005182844967894
459.0,5.0,3.5378494030477263,5.926343,9.042732,3.83478623748206
459.0,6.0,2.5678173972266114,2.582406,1.274754,2.864754231660945
459.0,12.0,1.421932981981481,0.706054,0.124446,1.7188698164158145
459.0,19.0,3.8010846223476698,17.562528,5.638047,4.0980214567820035
459.0,24.0,-11.235335909612507,3.574967,2.058452,-10.938399075178173
459.0,25.0,-4.499473735659638,-10.392903,-5.43895,-4.202536901225304
459.0,29.0,2.271973655617927,-6.499617,-7.383152,2.568910490052261
460.0,2.0,1.756658057957388,3.200856,1.666049,2.1587125003235936
460.0,5.0,3.354562989774342,10.111947,9.118436,3.7566174321405477
460.0,6.0,2.390392233662668,2.238409,1.380105,2.7924466760288738
460.0,12.0,1.168478528476916,1.720213,0.389545,1.5705329708431215
460.0,24.0,-11.308583971790075,2.265418,2.200048,-10.906529529423869
460.0,25.0,-4.380249836517981,-2.55615,-5.191902,-3.9781953941517756
460.0,29.0,3.711172218104819,-6.625571,-7.193812,4.113226660471025
461.0,2.0,1.8078239289813736,1.965431,1.795982,3.4696408081054977
461.0,5.0,3.2949551585951546,7.728544,9.117759,4.956772037719279
461.0,6.0,1.9609822407734256,-1.79045,1.433415,3.6227991198975498
461.0,12.0,1.0600087151222697,-1.017729,0.55451,2.721825594246394
461.0,24.0,-11.35314754766743,2.09353,2.283455,-9.691330668543305
461.0,25.0,-4.448646360634367,-4.817701,-5.007893,-2.786829481510243
461.0,29.0,1.7281247905957997,-1.529439,-7.032386,3.389941669719924
462.0,2.0,1.8569819002175914,7.130166,1.805714,4.132280880021993
462.0,5.0,3.305177255524047,9.869705,9.040804,5.580476235328448
462.0,6.0,2.053262461175702,0.368162,1.436095,4.328561440980104
462.0,12.0,0.9550509643637941,0.808942,0.580028,3.2303499441681955
462.0,19.0,3.4825501469865614,12.455994,5.523181,5.757849126790963
462.0,24.0,-11.438461982630933,5.692851,2.27354,-9.163163002826533
462.0,25.0,-4.3931996461000775,-3.803849,-4.933428,-2.117900666295676
462.0,29.0,0.8053377375960658,-3.342932,-6.949361,3.080636717400467
463.0,2.0,1.9873970582197087,6.500956,1.914223,1.8762080837976778
463.0,5.0,3.514871752654628,10.320428,9.075836,3.403682778232597
463.0,6.0,2.154657117620493,2.471049,1.475691,2.0434681431984623
463.0,12.0,1.1352929749440142,3.042796,0.716,1.0241040005219832
463.0,24.0,-11.242017711993523,4.438984,2.359807,-11.353206686415554
463.0,25.0,-4.383646892678627,-9.087678,-4.80215,-4.494835867100658
463.0,29.0,5.142773018825029,-2.150004,-6.838641,5.031584044402997
464.0,2.0,1.821239390441594,2.233086,1.882584,1.4192028386625704
464.0,5.0,3.9435998347098558,5.495358,9.022278,3.541563282930832
464.0,6.0,2.8441171011373605,0.107318,1.423021,2.442080549358337
464.0,12.0,1.2941435251861062,-4.435448,0.709258,0.8921069734070826
464.0,19.0,4.370496603459516,-0.453489,5.416211,3.9684600516804927
464.0,24.0,-11.326184099536013,4.927398,2.39027,-11.728220651315036
464.0,25.0,-4.1156563543376,-9.169458,-4.769631,-4.517692906116624
464.0,29.0,4.53195562219366,-7.743119,-6.767486,4.129919070414637
465.0,2.0,1.7886050777551734,3.587377,1.659379,1.8544845254431706
465.0,5.0,3.89954813204694,8.491996,8.81995,3.965427579734937
465.0,6.0,2.4747399501757172,2.226879,1.315449,2.5406193978637144
465.0,12.0,1.0834494972928077,2.00757,0.468565,1.1493289449808048
465.0,24.0,-11.34964217307315,8.323187,2.22458,-11.283762725385152
465.0,25.0,-4.000059986761807,-6.18771,-4.913985,-3.9341805390738096
465.0,29.0,2.578093112061925,-7.857758,-6.837521,2.643972559749922
466.0,2.0,1.9972336122774426,7.237898,1.562782,3.3304768502723534
466.0,5.0,3.65378157083423,9.45185,8.707579,4.9870248088291405
466.0,6.0,2.140495983492107,5.483326,1.283569,3.4737392214870177
466.0,12.0,1.280778899394897,4.393257,0.359966,2.614022137389808
466.0,19.0,3.929351683233673,-0.631436,5.345523,5.262594921228583
466.0,24.0,-11.16475181864767,1.806321,2.123901,-9.83150858065276
466.0,25.0,-4.34138419757862,-2.184856,-4.969919,-3.008140959583709
466.0,29.0,0.3489572355193431,-3.349942,-6.868668,1.682200473514254
467.0,2.0,1.8391943116656044,4.252231,1.468698,3.126093158426647
467.0,5.0,4.101287806262935,5.41503,8.589592,5.388186653023977
467.0,6.0,2.40399786593259,1.521072,1.247392,3.6908967126936325
467.0,12.0,1.4030903346702637,0.404033,0.258461,2.689989181431306
467.0,19.0,3.619939626572039,4.04456,5.318244,4.906838473333082
467.0,24.0,-11.23635500712345,11.514439,2.031925,-9.949456160362407
467.0,25.0,-4.232396983414502,-4.339612,-5.013435,-2.94549813665346
467.0,29.0,0.448410339380092,-7.313126,-6.883325,1.7353091861411347
468.0,2.0,2.014824774567601,3.34566,1.378819,4.353488553323109
468.0,5.0,3.460672209094943,7.233259,8.459327,5.7993359878504505
468.0,6.0,1.7308607995530734,1.176877,1.213094,4.069524578308581
468.0,12.0,1.2092094331005763,-0.066867,0.16381,3.547873211856084
468.0,24.0,-11.287931191540064,5.078727,1.939365,-8.949267412784558
468.0,25.0,-4.621026419042028,-0.628622,-5.041944,-2.2823626402865207
468.0,29.0,1.0657109790626773,-6.894419,-6.882039,3.404374757818185
469.0,2.0,1.7817223491394465,5.124899,1.379462,2.8373793147286133
469.0,5.0,3.609160299339285,12.483707,8.429209,4.664817264928452
469.0,6.0,2.011554168280263,3.223226,1.198284,3.0672111338694297
469.0,12.0,1.1315981546494989,2.385248,0.179438,2.1872551202386656
469.0,19.0,5.355292611006682,19.207791,5.242668,6.410949576595849
469.0,24.0,-11.31825841862933,3.226221,1.95708,-10.262601453040164
469.0,25.0,-4.299984075426814,-4.227346,-5.00375,-3.2443271098376476
469.0,29.0,4.3281530601541345,-7.7291,-6.830607,5.383810025743301
470.0,2.0,1.829919036853621,1.524394,1.402711,2.6614259433671084
470.0,5.0,3.4241832883522427,5.859278,8.495857,4.25569019486573
470.0,6.0,2.2272308781838976,-0.091904,1.210731,3.058737784697385
470.0,12.0,1.207129221423103,1.538164,0.199196,2.0386361279365905
470.0,24.0,-11.31201937917799,11.033068,1.984518,-10.480512472664502
470.0,25.0,-4.270232432670714,-2.799479,-5.022943,-3.438725526157227
470.0,29.0,2.3575725214915906,-6.509873,-6.866039,3.189079428005078
471.0,2.0,1.6219891387132606,3.236914,1.347932,0.714597993398852
471.0,5.0,4.258160261172257,6.931866,8.565371,3.3507691158578488
471.0,6.0,2.294705515584977,0.739854,1.203667,1.3873143702705684
471.0,12.0,0.9737677274188989,0.56644,0.113097,0.06637658210449038
471.0,24.0,-11.352441040276439,4.709649,1.943364,-12.259832185590847
471.0,25.0,-3.8759129202891254,0.683545,-5.164821,-4.783304065603534
471.0,29.0,5.20102695686591,-4.674308,-7.020308,4.293635811551502
472.0,2.0,1.7311751334622452,-3.61177,1.188437,3.713728703394433
472.0,5.0,4.619539714182981,4.743887,8.602772,6.602093284115169
472.0,6.0,3.0733779746648153,-3.756188,1.10892,5.055931544597003
472.0,12.0,2.1127448884559676,-7.157797,-0.073114,4.0952984583881555
472.0,24.0,-11.456130532059374,0.182717,1.899036,-9.473576962127186
472.0,25.0,-4.694388051982178,-6.943612,-5.3899,-2.71183448204999
472.0,29.0,-0.48722240623687085,-7.482158,-7.20533,1.495331163695317
473.0,2.0,2.131773925265585,7.432086,1.343977,2.878139166054913
473.0,5.0,4.303438749872466,9.035973,8.831991,5.049803990661794
473.0,6.0,2.974843056766801,3.122155,1.267107,3.721208297556129
473.0,12.0,1.7253788379220873,2.741808,0.03532,2.4717440787114153
473.0,24.0,-11.316524290029399,3.918012,1.905342,-10.570159049240072
473.0,25.0,-5.343111088543001,6.027289,-5.427106,-4.596745847753673
473.0,29.0,4.967044694511392,-4.293661,-7.366059,5.71340993530072
474.0,2.0,2.0416383303659575,2.457557,1.733056,3.2964516087530584
474.0,5.0,4.2903024732376505,10.076486,9.285014,5.545115751624751
474.0,6.0,2.8075860043010668,-2.204199,1.577417,4.062399282688167
474.0,12.0,1.5307814015012067,-1.48912,0.372217,2.7855946798883076
474.0,24.0,-11.429942067137905,1.074337,2.02549,-10.175128788750804
474.0,25.0,-4.614323108928693,-5.895229,-5.355419,-3.3595098305415925
474.0,29.0,1.3829717096728356,-0.869914,-7.526217,2.6377849880599364
475.0,2.0,1.664772175197963,7.470312,1.867149,1.903483669424576
475.0,5.0,4.2345078280894075,8.564001,9.571313,4.47321932231602
475.0,6.0,2.736838323158442,1.122405,1.734753,2.9755498173850548
475.0,12.0,1.5074936252086548,1.708113,0.441196,1.746205119435268
475.0,19.0,3.750530765335613,11.386657,6.237687,3.989242259562226
475.0,24.0,-11.479584570857673,9.830698,2.019702,-11.24087307663106
475.0,25.0,-4.414178440557507,-1.012155,-5.472744,-4.175466946330894
475.0,29.0,2.1663433168877297,-3.695817,-7.777021,2.4050548111143426
476.0,2.0,1.6891549531168701,2.023735,1.8356,2.3722957833919542
476.0,5.0,4.296765441453507,7.822651,9.840351,4.979906271728591
476.0,6.0,2.376607724412815,-0.203736,1.76464,3.059748554687899
476.0,12.0,1.2870720331484549,-1.772066,0.340488,1.970212863423539
476.0,19.0,3.6330338163324534,3.597482,6.469422,4.3161746466075375
476.0,24.0,-11.57464246337266,1.348605,1.999444,-10.891501633097576
476.0,25.0,-4.594815914592091,-7.47275,-5.756956,-3.9116750843170065
476.0,29.0,6.500742785180687,-3.0929,-8.124188,7.1838836154557715
477.0,2.0,1.7743394907578267,5.066461,1.781531,2.4992450895101417
477.0,5.0,4.491658499975326,8.97571,10.179283,5.216564098727641
477.0,6.0,2.3417138487469877,3.631752,1.692875,3.0666194474993027
477.0,12.0,1.6658807989221565,1.294161,0.257644,2.3907863976744714
477.0,24.0,-11.515383616994637,-7.485932,2.129236,-10.790478018242322
477.0,25.0,-4.6284727020081124,5.757811,-6.043928,-3.9035671032557975
477.0,29.0,5.145396880748283,0.088402,-8.416778,5.870302479500598
478.0,2.0,2.372168496834635,-1.458063,1.804612,2.3132804089696997
478.0,5.0,4.374313005329505,10.506046,10.570984,4.315424917464569
478.0,6.0,3.0738839057980982,-1.420811,1.656851,3.014995817933163
478.0,12.0,1.3682608810463748,-4.613745,0.262107,1.3093727931814394
478.0,24.0,-11.286890985550684,2.216631,2.314502,-11.34577907341562
478.0,25.0,-5.320107450534673,-8.671997,-6.265962,-5.378995538399608
478.0,29.0,4.925744933809234,-11.398163,-8.667451,4.866856845944299
479.0,2.0,2.3197619794412017,5.544519,1.852523,3.269382060014738
479.0,5.0,4.69995979287496,17.034102,10.884256,5.649579873448497
479.0,6.0,3.5816669395409235,1.485202,1.642882,4.53128702011446
479.0,12.0,1.5406549790596955,0.309532,0.301515,2.4902750596332317
479.0,24.0,-11.174477095527475,2.614906,2.477149,-10.224857014953939
479.0,25.0,-5.239160670612039,-1.959034,-6.404216,-4.289540590038502
479.0,29.0,-0.5576840912901204,-9.199191,-8.83577,0.3919359892834159
480.0,2.0,2.208578773128264,4.008828,1.918571,3.194050058003203
480.0,5.0,4.921672650612718,6.965372,11.093227,5.907143935487658
480.0,6.0,3.4845574528011323,2.554347,1.656631,4.4700287376760715
480.0,12.0,1.6322362422727288,1.487164,0.365883,2.617707527147668
480.0,19.0,1.8855241114364194,11.081694,6.930532,2.8709953963113586
480.0,24.0,-11.116492834640088,4.997949,2.593098,-10.131021549765148
480.0,25.0,-5.092217008135959,-10.951585,-6.456007,-4.10674572326102
480.0,29.0,-0.7075011643329638,-7.043824,-8.920052,0.27797012054197534
481.0,2.0,2.1410544934960463,-0.601965,1.954571,3.3132569666703864
481.0,5.0,4.5697180179284445,8.782104,11.166938,5.741920491102785
481.0,6.0,3.1115678066312107,-1.509386,1.68255,4.283770279805551
481.0,12.0,1.4980664743498036,-1.935095,0.396335,2.6702689475241437
481.0,19.0,1.7016950073197732,13.75655,6.977321,2.8738974804941133
481.0,24.0,-11.267808323323376,4.218626,2.617496,-10.095605850149036
481.0,25.0,-4.877633546495719,-4.1891,-6.469406,-3.705431073321379
481.0,29.0,0.2295299930138608,-11.240121,-8.958912,1.4017324661882007
482.0,2.0,2.2897999758549705,3.881349,1.928029,3.7646338976787725
482.0,5.0,4.569557404530096,10.305944,11.197372,6.044391326353898
482.0,6.0,3.4251412601818743,2.033546,1.668023,4.899975182005676
482.0,12.0,1.6476893711867566,-3.145302,0.363131,3.1225232930105586
482.0,19.0,1.3630880452813052,7.534628,6.999769,2.8379219671051072
482.0,24.0,-11.121546955556337,-4.475633,2.615179,-9.646713033732535
482.0,25.0,-5.144747284829343,-3.225546,-6.52487,-3.669913363005541
482.0,29.0,-1.3823968212098925,-7.619077,-9.013332,0.09243710061390953
483.0,2.0,2.383486940990318,4.459372,1.898311,2.9992158549590897
483.0,5.0,4.375383153380561,8.468827,11.173243,4.9911120673493325
483.0,6.0,2.874269044231685,1.393601,1.645049,3.4899979582004566
483.0,12.0,1.5686350663275803,1.31021,0.337699,2.184363980296352
483.0,19.0,1.7228184207284336,8.803347,6.981326,2.338547334697205
483.0,24.0,-11.073078450206154,3.597732,2.608613,-10.457349536237382
483.0,25.0,-5.190158269040664,-0.395474,-6.537269,-4.574429355071892
483.0,29.0,1.1646980978383432,-5.092902,-9.011625,1.7804270118071148
484.0,2.0,2.405467207757752,9.788687,1.856647,2.4249051563851283
484.0,5.0,4.435423306492186,17.641684,11.087178,4.454861255119562
484.0,6.0,3.740782088781023,5.256731,1.594477,3.760220037408399
484.0,12.0,1.674157315817931,1.151894,0.319395,1.6935952644453072
484.0,19.0,1.2381518797317117,9.483245,6.896794,1.2575898283590878
484.0,24.0,-10.917609200996617,-0.953777,2.615112,-10.898171252369242
484.0,25.0,-4.9839297403835,-0.637989,-6.499614,-4.964491791756124
484.0,29.0,1.6928156252197386,-7.367844,-8.933647,1.7122535738471147
485.0,2.0,2.3049883534949522,7.913721,1.888637,1.4966286205135346
485.0,5.0,4.689868075543782,13.079054,11.051011,3.881508342562364
485.0,6.0,3.885773938224787,0.505484,1.639748,3.0774142052433695
485.0,12.0,1.706001664857756,3.609654,0.347118,0.8976419318763385
485.0,19.0,1.4103008452428636,15.46745,6.915517,0.601941112261446
485.0,24.0,-11.026388305041053,6.959202,2.576205,-11.83474803802247
485.0,25.0,-5.027226645806054,-1.319625,-6.454236,-5.835586378787472
485.0,29.0,4.6131381716062165,-6.804344,-8.912035,3.804778438624799
486.0,2.0,2.161092210699258,3.526947,1.97316,2.4274926985591354
486.0,5.0,4.182914410652534,9.121336,11.075913,4.449314898512411
486.0,6.0,3.399748873930154,0.713486,1.682087,3.666149361790031
486.0,12.0,1.5058328441981672,-1.572145,0.447252,1.7722333320580446
486.0,19.0,3.1209320112078984,14.789901,6.911133,3.387332499067776
486.0,24.0,-11.164511591948205,8.56935,2.624445,-10.898111104088327
486.0,25.0,-5.011455250710061,-11.777357,-6.359465,-4.7450547628501845
486.0,29.0,1.432417703978528,-10.606323,-8.841525,1.6988181918384053
487.0,2.0,2.3098214867904208,6.701994,2.009325,0.6701157979472343
487.0,5.0,4.760369303543008,13.482815,11.045236,3.120663614699822
487.0,6.0,3.9943867928793715,4.589538,1.695859,2.3546811040361852
487.0,12.0,1.7768490742440406,0.457527,0.499493,0.13714338540085413
487.0,19.0,1.6089034394250064,4.985396,6.879588,-0.030802249418180105
487.0,24.0,-11.002545368992045,1.925864,2.642201,-12.642251057835232
487.0,25.0,-4.798655319868767,1.365593,-6.282965,-6.438361008711953
487.0,29.0,3.995127760281786,-7.835758,-8.767502,2.3554220714386
488.0,2.0,2.2133440908555935,2.929405,1.999958,2.6715273379483935
488.0,5.0,4.488224025345106,10.18575,10.973288,4.946407272437906
488.0,6.0,3.2861664872302985,0.631074,1.687509,3.7443497343230985
488.0,12.0,1.5223113258618657,-0.942854,0.502234,1.9804945729546657
488.0,19.0,0.8738804425976552,11.496932,6.83619,1.3320636896904552
488.0,24.0,-11.096869356622982,-4.387388,2.626461,-10.638686109530182
488.0,25.0,-4.846746595690025,0.838751,-6.236272,-4.388563348597225
488.0,29.0,1.908583708482773,-7.322923,-8.707581,2.366766955575573
489.0,2.0,2.1925019503576575,4.480426,2.010226,1.0292283280980532
489.0,5.0,4.513360022567388,13.559328,10.935795,3.3500864003077844
489.0,6.0,3.994546864230413,2.35239,1.711277,2.831273241970809
489.0,12.0,1.6554337091996807,-1.561959,0.510392,0.4921600869400764
489.0,19.0,1.3102512772179793,10.010489,6.842556,0.146977654958375
489.0,24.0,-11.022734474395595,-0.58062,2.59346,-12.186008096655199
489.0,25.0,-5.0559770322807935,-4.713113,-6.209306,-6.219250654540398
489.0,29.0,4.932146344998294,-9.725342,-8.691925,3.7688727227386902
490.0,2.0,2.259453659792367,0.660813,2.005241,2.5982223701102196
490.0,5.0,4.129795743403269,10.757796,10.907808,4.468564453721122
490.0,6.0,3.4982196288148355,-1.253296,1.706035,3.836988339132688
490.0,12.0,1.6263474672179044,-2.840874,0.511863,1.9651161775357568
490.0,19.0,1.2767868703682153,5.377361,6.824503,1.6155555806860677
490.0,24.0,-10.981955319998693,2.406196,2.589378,-10.643186609680841
490.0,25.0,-4.926199574074114,-5.50468,-6.190806,-4.5874308637562615
490.0,29.0,1.6017099575174152,-8.224122,-8.667989,1.9404786678352677
491.0,2.0,2.10005173091988,6.752081,2.027996,2.5200348330871445
491.0,5.0,4.750705192797302,9.809598,10.904877,5.170688294964566
491.0,6.0,3.678378141776985,2.675634,1.710163,4.098361243944249
491.0,12.0,1.6142255221519441,2.461581,0.545979,2.034208624319209
491.0,19.0,0.9649801354835033,10.448351,6.807207,1.3849632376507677
491.0,24.0,-11.042272266968254,3.01636,2.612157,-10.62228916480099
491.0,25.0,-4.741558158347293,-3.029912,-6.150429,-4.321575056180029
491.0,29.0,0.8211023758984295,-5.512641,-8.628928,1.241085478065694
492.0,2.0,2.49113199022049,-3.608665,2.079531,1.8682074468128422
492.0,5.0,4.150956375936122,8.662234,10.946457,3.5280318325284745
492.0,6.0,3.433926094583189,-4.405793,1.739436,2.8110015511755413
492.0,12.0,1.6464367834349876,-6.624967,0.602158,1.02351224002734
492.0,19.0,1.0337928151998028,7.56947,6.825265,0.41086827179215524
492.0,24.0,-10.919605766029587,-7.070557,2.642955,-11.542530309437234
492.0,25.0,-4.921549054124407,-9.263142,-6.11496,-5.544473597532054
492.0,29.0,4.283016479306244,-7.568587,-8.614951,3.660091935898597
493.0,2.0,2.5421263124332967,13.149969,2.233827,9.042745820466095
493.0,5.0,4.29515966809144,19.416888,11.039106,10.795779176124238
493.0,6.0,3.6763140038177617,7.866644,1.945917,10.17693351185056
493.0,12.0,2.1167810593257883,7.43501,0.698707,8.617400567358587
493.0,19.0,1.374430389253524,19.614828,7.044648,7.875049897286321
493.0,24.0,-10.656266081059062,11.499099,2.536555,-4.155646573026265
493.0,25.0,-4.520422494979364,-1.333843,-6.093206,1.9801970130534334
494.0,2.0,5.295921216737204,7.350036,2.350835,-0.9257003070267809
494.0,5.0,7.852105931157162,39.718092,11.074062,1.630484407393177
494.0,6.0,8.565691810239791,65.050731,2.097508,2.344070286475806
494.0,19.0,1.9473530230415266,28.961315,7.183389,-4.274268500722458
494.0,29.0,9.958327674941202,-28.796955,-8.779732,3.7367061511772173
495.0,2.0,5.219443888250549,31.896486,2.32674,27.379081340988392
495.0,12.0,4.687413849948674,49.773161,0.774065,26.847051302686516
495.0,24.0,-10.096714405444576,28.950887,2.477087,12.062923047293268
495.0,25.0,-3.567657377995969,34.520315,-6.024798,18.591980074741876
495.0,29.0,9.603201996171837,33.829235,-8.732102,31.76283944890968
495.0,31.0,-9.727211856386635,5.708549,-11.138324,12.432425596351209
496.0,2.0,2.3740424598975096,7.532419,2.230281,0.6125549158249344
496.0,5.0,6.149798326505426,11.302184,11.004787,4.388310782432851
496.0,6.0,4.866048151821984,3.899106,1.999847,3.1045606077494083
496.0,12.0,1.6547374541209976,4.342248,0.671304,-0.10675008995157764
496.0,24.0,-11.006077967346384,1.809499,2.440604,-12.767565511418958
496.0,25.0,-4.920885407148065,4.005728,-6.116733,-6.68237295122064
496.0,29.0,3.6722971650024654,-4.232147,-8.791512,1.9108096209298902
497.0,2.0,2.275740515143755,7.676334,2.141479,0.9942023448898096
497.0,5.0,4.641194399554726,13.641895,11.023521,3.3596562293007803
497.0,6.0,3.683898344261852,1.114516,1.958252,2.4023601740079066
497.0,12.0,1.8074268379157505,4.983785,0.562495,0.5258886676618051
497.0,24.0,-11.132954322534761,12.748765,2.398938,-12.414492492788707
497.0,25.0,-4.740204647534043,-4.655689,-6.249614,-6.021742817787988
497.0,29.0,5.157684762672954,-3.871104,-8.91035,3.8761465924190084
498.0,2.0,2.4171274742375513,0.703548,2.173023,0.6559026203081593
498.0,5.0,4.311878358042025,7.867786,11.078201,2.5506535041126326
498.0,6.0,3.740430359569366,2.013186,1.997577,1.9792055056399742
498.0,12.0,1.7474656152197197,-0.32516,0.580794,-0.013759238709672328
498.0,19.0,1.3144432106172932,7.545321,7.213809,-0.4467816433120988
498.0,24.0,-10.979345755548955,-0.497336,2.391508,-12.740570609478347
498.0,25.0,-4.780449964229919,-3.578163,-6.26828,-6.541674818159311
498.0,29.0,6.565880504386325,-9.002945,-8.961516,4.804655650456933
499.0,2.0,2.414030703925352,3.946699,2.216851,0.8837121418258516
499.0,5.0,4.627291489515557,14.084634,11.125163,3.096972927416056
499.0,6.0,3.6892212320673554,3.246332,2.05281,2.158902669967855
499.0,12.0,1.8641841963093082,2.209152,0.608951,0.33386563420980764
499.0,19.0,1.6812705067308613,4.750536,7.283214,0.15095194463136075
499.0,24.0,-11.04802473805455,7.979068,2.372552,-12.578343300154051
499.0,25.0,-4.737889030698632,-9.262865,-6.27349,-6.268207592798133
499.0,29.0,6.100363604541478,-9.97028,-9.007568,4.570045042441977
500.0,2.0,2.282046441770513,6.306926,2.226021,2.801586931876699
500.0,5.0,4.23615579673838,11.869876,11.15407,4.755696286844566
500.0,6.0,3.1688290084634865,2.666967,2.075462,3.6883694985696724
500.0,12.0,1.6194804142137889,3.258781,0.607162,2.139020904319975
500.0,19.0,1.393767039389319,10.944005,7.326653,1.9133075294955049
500.0,24.0,-11.212838865743478,-0.161902,2.356547,-10.693298375637292
500.0,25.0,-4.865860937563619,-1.611636,-6.297555,-4.346320447457433
500.0,29.0,3.875168594604121,-4.369809,-9.051652,4.394709084710307
501.0,2.0,1.6670534147564133,6.99517,2.073438,1.8234282831257305
501.0,5.0,4.607729751579644,12.687545,11.10752,4.764104619948961
501.0,6.0,3.126843061660077,2.812215,1.99784,3.2832179300293944
501.0,12.0,0.8452042675623392,4.70781,0.433011,1.0015791359316564
501.0,19.0,2.2484934068082865,15.713065,7.33468,2.404868275177604
501.0,24.0,-11.43600066190702,7.172959,2.274433,-11.279625793537702
501.0,25.0,-4.481593298698682,5.344124,-6.462313,-4.325218430329365
501.0,29.0,2.412967673607823,-9.243932,-9.17577,2.5693425419771403
502.0,2.0,1.980038419255445,1.137099,1.670269,0.6829382496567802
502.0,5.0,4.96280528607026,6.601971,10.907261,3.6657051164715955
502.0,6.0,3.3600605649881548,0.302386,1.849606,2.06296039538949
502.0,12.0,1.470533063569036,-3.380135,-0.054735,0.1734328939703711
502.0,19.0,3.4579350771006254,8.513298,7.39903,2.1608349075019606
502.0,24.0,-11.200014109052189,0.562978,1.946315,-12.497114278650853
502.0,25.0,-4.54825754294043,4.644821,-6.892674,-5.845357712539094
502.0,29.0,4.309504670235093,-9.354001,-9.523887,3.012404500636428
503.0,2.0,2.4420703305839346,-0.17015,1.350885,2.0717480604255454
503.0,5.0,3.954940312923954,8.562386,10.772687,3.5846180427655647
503.0,6.0,3.3762309528117047,-0.881935,1.717966,3.0059086826533155
503.0,12.0,1.6293505523365575,0.560887,-0.435311,1.2590282821781682
503.0,19.0,1.472863589564784,10.421456,7.441771,1.1025413194063947
503.0,24.0,-11.051598982002734,2.943732,1.715409,-11.421921252161123
503.0,25.0,-4.8122866862204,-4.613796,-7.238907,-5.18260895637879
503.0,29.0,5.311463595657139,-9.32395,-9.798982,4.94114132549875
504.0,2.0,2.3784708921691413,9.067238,1.349536,1.4168427533786494
504.0,5.0,4.3297035934724555,11.92894,10.821189,3.3680754546819633
504.0,6.0,3.7132205013496247,2.53795,1.695817,2.7515923625591325
504.0,12.0,1.8132102638629553,7.473737,-0.428334,0.8515821250724633
504.0,19.0,1.6756018338020429,12.402632,7.437212,0.713973695011551
504.0,24.0,-10.994139925900251,5.864177,1.762283,-11.955768064690742
504.0,25.0,-4.713234787465436,1.774686,-7.256695,-5.674862926255928
504.0,29.0,5.10660485299233,-2.310829,-9.810246,4.144976714201838
505.0,2.0,2.4673170899107344,8.555752,1.329814,-0.8568971724713008
505.0,5.0,4.531045495578315,15.385429,10.845925,1.2068312331962798
505.0,6.0,3.940974952782174,4.956096,1.677272,0.6167606904001386
505.0,12.0,2.0050995137031133,5.19272,-0.448017,-1.3191147486789219
505.0,19.0,4.371789525965797,14.318163,7.443371,1.0475752635837616
505.0,24.0,-10.73486324914889,3.847915,1.774049,-14.059077511530926
505.0,25.0,-4.66012335705884,-11.132657,-7.292355,-7.9843376194408755
505.0,29.0,7.720924012954066,-5.198777,-9.840523,4.396709750572031
506.0,2.0,2.215431009916923,4.980184,1.37627,-0.5227475243786248
506.0,5.0,4.674149227495953,8.464766,10.920844,1.9359706932004048
506.0,6.0,3.5947742773830527,4.080293,1.706631,0.8565957430875049
506.0,12.0,1.8497380814033013,2.528872,-0.403879,-0.8884404528922465
506.0,24.0,-10.844353607415236,5.598543,1.80677,-13.582532141710784
506.0,25.0,-4.649836563864906,2.946374,-7.291036,-7.388015098160454
506.0,29.0,5.9355667251848985,-8.371626,-9.866121,3.1973881908893507
507.0,2.0,2.5220555907317763,5.316767,1.623918,-0.23401725805410667
507.0,5.0,4.280106282874067,10.413777,11.133161,1.5240334340881843
507.0,6.0,3.7000040088179116,1.443018,1.891304,0.9439311600320286
507.0,12.0,1.7515297116104653,-1.982196,-0.169612,-1.0045431371754177
507.0,19.0,2.785660789828343,15.380735,7.644616,0.02958794104246021
507.0,24.0,-10.757545506711706,4.610843,1.883905,-13.513618355497588
507.0,25.0,-4.6088750489670165,1.793822,-7.174457,-7.3649478977528995
507.0,29.0,6.539320980583938,-10.207503,-9.879041,3.7832481317980546
508.0,2.0,2.3949123708032296,-0.349825,1.747211,-0.3551359837739998
508.0,5.0,4.724490759884592,9.35798,11.250992,1.9744424053073626
508.0,6.0,3.7357831487443285,0.55371,1.960516,0.9857347941670991
508.0,12.0,1.9587002826967215,-4.038668,-0.039722,-0.7913480718805079
508.0,19.0,3.5351607203620574,6.98408,7.695696,0.785112365784828
508.0,24.0,-10.837403448668915,3.55008,1.961972,-13.587451803246145
508.0,25.0,-4.634971553405282,2.283489,-7.104534,-7.385019907982511
508.0,29.0,8.379770538272716,-15.348919,-9.860657,5.6297221836954865
509.0,2.0,2.4495426889121594,0.300601,1.741768,0.2675002100693029
509.0,5.0,4.306213016713382,8.522905,11.284128,2.124170537870526
509.0,6.0,3.5841916887875627,-1.826652,1.920844,1.4021492099447062
509.0,12.0,1.6282151200916726,-4.315812,-0.02609,-0.5538273587511839
509.0,19.0,3.528028829064578,16.558108,7.659258,1.3459863502217213
509.0,24.0,-10.881578750913025,2.881354,2.027515,-13.063621229755881
509.0,25.0,-4.615882430401806,-14.178518,-7.102292,-6.797924909244662
509.0,29.0,5.919103181442727,-8.849204,-9.838363,3.7370607025998708
510.0,2.0,2.4188158638527346,3.925444,1.98347,0.7610620553905494
510.0,5.0,4.037598528394835,15.939502,11.543353,2.3798447199326493
510.0,6.0,3.769066755462621,2.662668,2.005507,2.1113129470004357
510.0,12.0,1.6552994570892778,0.518547,0.254073,-0.002454351372907393
510.0,19.0,4.4603853446107316,10.753364,7.694993,2.8026315361485463
510.0,24.0,-10.944713587107593,-3.093204,2.267413,-12.602467395569779
510.0,25.0,-4.556992913147212,-6.821872,-6.942308,-6.214746721609398
510.0,29.0,5.524434070943505,-8.078753,-9.747545,3.8666802624813195
511.0,2.0,2.3885184784346682,8.134117,2.088894,2.6781886852934473
511.0,5.0,3.6719529098132053,15.729088,11.732063,3.9616231166719844
511.0,6.0,2.7189275483305826,5.040247,2.032963,3.0085977551893617
511.0,12.0,1.503124906393694,5.929337,0.373384,1.7927951132524729
511.0,24.0,-11.061921838024976,5.707477,2.406844,-10.772251631166197
511.0,25.0,-4.655192670470489,11.170742,-6.919981,-4.36552246361171
511.0,29.0,4.06618873528255,-8.840433,-9.760815,4.355858942141329
512.0,2.0,2.3193874186972785,6.643523,2.073709,-0.5983581048374726
512.0,5.0,4.1709188365865035,17.15077,11.811286,1.2531733130517524
512.0,6.0,3.4310458334879197,2.591235,2.002755,0.5133003099531686
512.0,12.0,1.8233228451314805,0.251723,0.360741,-1.0944226784032707
512.0,19.0,3.9806582022995762,18.972361,7.75403,1.062912678764825
512.0,24.0,-10.839940181662808,5.24959,2.45666,-13.75768570519756
512.0,25.0,-4.651668940370165,-16.56925,-6.977913,-7.569414463904916
512.0,29.0,7.076128606322264,-9.938684,-9.813021,4.158383082787513
513.0,2.0,2.2545453890265037,3.436964,2.041383,3.1421735610471138
513.0,5.0,4.068739712057646,8.234723,11.843523,4.956367884078256
513.0,6.0,2.839843272067264,4.793447,1.986541,3.727471444087874
513.0,12.0,1.4783416458167773,-0.869091,0.319944,2.3659698178373874
513.0,24.0,-10.973934594796757,0.911955,2.450602,-10.086306422776147
513.0,25.0,-4.1703021707453685,-11.712179,-7.043394,-3.2826739987247584
513.0,29.0,0.44281904203361133,-11.370509,-9.877415,1.3304472140542214
514.0,2.0,2.165463875430021,5.660636,2.001772,1.659549848053493
514.0,5.0,4.5247156155340456,13.629913,11.829537,4.018801588157517
514.0,6.0,3.2826233634137765,1.029696,1.99874,2.7767093360372486
514.0,12.0,1.5639677853961995,2.529521,0.256894,1.0580537580196716
514.0,19.0,4.199052784127723,15.206841,7.833217,3.693138756751195
514.0,24.0,-11.038932765711579,3.561091,2.378517,-11.544846793088107
514.0,25.0,-4.1366173242598485,-2.775819,-7.112391,-4.642531351636377
514.0,29.0,1.674288007666564,-5.587372,-9.958709,1.1683739802900361
515.0,2.0,2.231402247057309,4.605681,1.838797,2.4993269285387907
515.0,5.0,4.215774585613165,10.884983,11.743039,4.4836992670946465
515.0,6.0,3.0942100382520614,2.403472,1.930161,3.362134719733543
515.0,12.0,1.7512817750321474,0.871855,0.066896,2.019206456513629
515.0,19.0,3.1655043969269627,3.568449,7.843289,3.4334290784084445
515.0,24.0,-10.849288450020664,0.657807,2.259485,-10.581363768539182
515.0,25.0,-4.229635159432753,-2.377129,-7.273901,-3.9617104779512715
515.0,29.0,-0.36824688905088543,-5.538541,-10.081066,-0.10032220756940369
516.0,2.0,2.3143561856851322,3.481448,1.741462,2.576697180098742
516.0,5.0,4.444930661188687,8.569153,11.689424,4.707271655602296
516.0,6.0,2.9963891575242627,1.028246,1.879221,3.2587301519378724
516.0,12.0,1.8139489549904297,-1.807958,-0.039395,2.0762899494040394
516.0,19.0,3.755377605077438,9.265189,7.833061,4.017718599491047
516.0,24.0,-10.832645606395104,8.995765,2.204251,-10.570304611981495
516.0,25.0,-4.299577334322693,-7.757911,-7.359395,-4.037236339909084
516.0,29.0,0.6394325282202153,-9.417822,-10.136747,0.9017735226338249
517.0,2.0,2.491475939388433,3.171442,1.794642,1.430130275648457
517.0,5.0,4.171728738655167,12.482963,11.733826,3.110383074915191
517.0,6.0,3.3466729651017157,0.202524,1.872118,2.2853273013617397
517.0,12.0,1.769247946080723,0.475375,0.041328,0.707902282340747
517.0,24.0,-10.85768416846056,5.024505,2.295504,-11.919029832200536
517.0,25.0,-4.296843527457533,-1.231069,-7.29043,-5.358189191197509
517.0,29.0,4.473756356776667,-7.323962,-10.065056,3.4124106930366906
518.0,2.0,2.082739768930395,1.06404,1.94054,2.0672776499421532
518.0,5.0,4.3928943433629115,11.315941,11.829133,4.37743222437467
518.0,6.0,3.1744585596932957,-3.278889,1.907003,3.158996440705054
518.0,12.0,1.7154805114700409,-5.682036,0.229375,1.7000183924817989
518.0,19.0,2.5588919867621653,11.145524,7.756316,2.5434298677739235
518.0,24.0,-10.962458012975752,6.438469,2.45074,-10.977920131963995
518.0,25.0,-3.8333497721635323,-5.812883,-7.132488,-3.848811891151774
518.0,29.0,0.49400665652248943,-11.223299,-9.929888,0.4785445375342474
519.0,2.0,2.223466604109948,-0.505014,1.751429,2.5496230100866075
519.0,5.0,4.499719682935709,7.100522,11.710083,4.825876088912368
519.0,6.0,2.9804570704995985,-1.403223,1.820445,3.306613476476258
519.0,12.0,1.8805039083132291,-2.933982,0.015188,2.2066603142898886
519.0,19.0,2.699817102745733,16.922842,7.746316,3.0259735087223927
519.0,24.0,-11.049719654095195,5.131166,2.318954,-10.723563248118536
519.0,25.0,-3.8716217781653834,3.006328,-7.300063,-3.545465372188724
519.0,29.0,1.489691533429971,-12.13063,-10.044263,1.8158479394066305
520.0,2.0,2.293877219772728,3.793996,1.488063,3.1197481060624894
520.0,5.0,4.085828363126447,9.987989,11.592703,4.911699249416208
520.0,6.0,2.779666804013905,2.168612,1.712427,3.605537690303666
520.0,12.0,1.7056588317634667,-1.57863,-0.297862,2.531529718053228
520.0,24.0,-10.95896769680984,8.540005,2.127561,-10.133096810520078
520.0,25.0,-4.14406517325717,1.185045,-7.581658,-3.3181942869674086
520.0,29.0,0.8336137820868128,-12.240551,-10.266631,1.659484668376574
521.0,2.0,2.2762962390158297,3.905886,1.494872,1.7217460004950265
521.0,5.0,3.875980093145282,12.289246,11.627223,3.321429854624479
521.0,6.0,2.9844917971560534,1.283727,1.711762,2.4299415586352504
521.0,12.0,1.6444318064049064,-0.534105,-0.289518,1.0898815678841032
521.0,19.0,3.8923973563312426,4.769385,7.791994,3.3378471178104396
521.0,24.0,-10.88189934913475,5.077702,2.147321,-11.436449587655554
521.0,25.0,-4.297363613347675,-5.736368,-7.593319,-4.851913851868478
521.0,29.0,2.8276275027456492,-8.696548,-10.283696,2.2730772642248462
522.0,2.0,2.1935908533271604,9.359998,1.498998,2.2315218768063643
522.0,5.0,4.242416565013958,14.542705,11.675374,4.280347588493162
522.0,6.0,3.068317283167035,3.400157,1.720483,3.106248306646239
522.0,12.0,1.68011243539173,3.087817,-0.292679,1.718043458870934
522.0,19.0,3.4334892140008524,13.299693,7.829984,3.4714202374800562
522.0,24.0,-11.03136862192948,7.866927,2.152283,-10.993437598450278
522.0,25.0,-4.139056736926986,-2.545283,-7.62833,-4.101125713447782
522.0,29.0,1.500887027393559,-7.881988,-10.332764,1.538818050872763
523.0,2.0,2.4959795342324362,-3.806634,1.456714,1.9843677401618183
523.0,5.0,3.538937133633951,9.297265,11.726605,3.027325339563333
523.0,6.0,2.8913201800534196,-2.011459,1.658524,2.3797083859828017
523.0,12.0,1.5456527792534578,-6.204446,-0.322857,1.0340409851828398
523.0,19.0,3.776915144512241,10.752773,7.806671,3.265303350441623
523.0,24.0,-10.79969210159932,-3.927189,2.2113,-11.311303895669937
523.0,25.0,-4.372017503158972,-8.607385,-7.68499,-4.883629297229589
523.0,29.0,3.221473326413827,-11.723799,-10.36134,2.709861532343209
524.0,2.0,2.3809783554673256,7.997119,1.543179,0.3531235785679123
524.0,5.0,4.072122736744685,14.224848,11.851518,2.0442679598452718
524.0,6.0,3.2122171711945313,4.368258,1.62497,1.184362394295118
524.0,12.0,1.8879585393230993,3.431801,-0.186047,-0.13989623757631398
524.0,19.0,4.433826353311199,13.663334,7.739116,2.4059715764117855
524.0,24.0,-10.656708962170356,5.640626,2.40721,-12.68456373906977
524.0,25.0,-4.086638582229352,6.462417,-7.593537,-6.114493359128765
524.0,29.0,4.755958828862312,-9.039517,-10.257521,2.7281040519628985
525.0,2.0,2.4415343394715503,5.610468,1.739,2.3500942671020604
525.0,5.0,3.923376836422742,13.167484,11.998769,3.831936764053252
525.0,6.0,2.871403734175531,0.508196,1.748956,2.779963661806041
525.0,12.0,1.738470994815656,0.648695,0.01621,1.6470309224461661
525.0,19.0,2.464652653153637,11.977561,7.818898,2.373212580784147
525.0,24.0,-10.682618219767013,5.125919,2.497536,-10.774058292136504
525.0,25.0,-4.283694819233663,-7.281618,-7.465121,-4.375134891603153
525.0,29.0,1.904296971976068,-6.649532,-10.214345,1.8128568996065781
526.0,2.0,2.257075833007862,4.495579,1.73929,2.669534649383473
526.0,5.0,4.056717667191183,15.73324,12.084985,4.469176483566794
526.0,6.0,2.769857899437765,0.91609,1.75451,3.182316715813376
526.0,12.0,1.7371073740935215,4.247952,0.004481,2.149566190469132
526.0,19.0,2.3460046318637264,8.213688,7.87764,2.758463448239337
526.0,24.0,-11.00364638421502,7.833589,2.512399,-10.591187567839409
526.0,25.0,-4.054409505298745,-5.505267,-7.532525,-3.641950688923134
526.0,29.0,2.6932991481037014,-7.49114,-10.299784,3.105757964479312
527.0,2.0,2.3212688092170737,6.899532,1.744946,1.6964724933682698
527.0,5.0,3.9514471210788056,15.074327,12.138775,3.3266508052300017
527.0,6.0,3.093033928215103,2.153321,1.785121,2.4682376123662992
527.0,12.0,1.7407183769464263,0.545077,-0.010347,1.1159220610976224
527.0,19.0,3.2323349719573393,12.442414,7.951466,2.6075386561085354
527.0,24.0,-10.863573113480868,7.480925,2.486059,-11.488369429329673
527.0,25.0,-4.246728633121037,-1.597617,-7.588458,-4.871524948969841
527.0,29.0,3.1883468831811665,-10.905688,-10.385324,2.5635505673323626
528.0,2.0,2.2905315636703554,4.376098,1.898446,1.782888385658289
528.0,5.0,4.077129145190899,11.207621,12.23571,3.5694859671788324
528.0,6.0,2.767476980264587,1.435205,1.903372,2.259833802252521
528.0,12.0,1.8701699158109832,-0.589963,0.138206,1.362526737798917
528.0,24.0,-10.924547484567984,8.005156,2.51891,-11.43219066258005
528.0,25.0,-4.068720472485553,-7.611535,-7.492274,-4.576363650497619
528.0,29.0,4.826217833149279,-9.4113,-10.367866,4.318574655137213
528.0,31.0,-5.388389437084864,-11.708382,-12.774672,-5.896032615096931
529.0,2.0,2.3952505441664407,2.590541,1.994592,-0.29802536468350516
529.0,5.0,4.277227594322625,11.346202,12.356865,1.583951685472679
529.0,6.0,3.217651380367613,2.368467,1.940111,0.5243754715176672
529.0,12.0,2.005290337934336,-2.753316,0.247286,-0.6879855709156097
529.0,24.0,-10.82918329573479,-0.505768,2.614551,-13.522459204584736
529.0,25.0,-3.836663682145959,-13.968799,-7.443289,-6.529939590995905
529.0,29.0,6.7907033570943405,-10.558659,-10.352555,4.097427448244394
530.0,2.0,2.634664249708311,3.231816,2.06331,-0.04119949439351345
530.0,5.0,3.861035535930993,10.209114,12.448967,1.1851717918291689
530.0,6.0,3.234208357610207,3.345225,1.983163,0.5583446135083827
530.0,12.0,1.692717673871723,-1.97529,0.314943,-0.9831460702301014
530.0,19.0,3.684121193091407,0.537311,8.117693,1.0082574489895828
530.0,24.0,-10.618539475019286,-2.133422,2.658033,-13.294403219121111
530.0,25.0,-4.068719014818093,-22.387399,-7.426882,-6.744582758919917
530.0,29.0,7.400479073687672,-6.2015,-10.372864,4.7246153295858475
531.0,2.0,2.2945354054441127,8.11833,2.205126,1.3677579892632736
531.0,5.0,4.118387282527616,12.950528,12.565089,3.1916098663467767
531.0,6.0,2.5848520371333032,6.200325,2.016292,1.6580746209524642
531.0,12.0,1.7146578661149317,6.639034,0.495684,0.7878804499340926
531.0,19.0,3.5677046728471478,8.9787,8.092912,2.6409272566663087
531.0,24.0,-10.87180141331498,9.516687,2.815775,-11.798578829495819
531.0,25.0,-4.130905493972034,-6.700466,-7.289616,-5.057682910152874
531.0,29.0,6.574223103299987,-9.163271,-10.261133,5.6474456871191485
532.0,2.0,2.4175543905628682,-1.552473,2.301126,0.26408837653880113
532.0,5.0,4.122874867352657,11.296594,12.662685,1.9694088533285896
532.0,6.0,2.952170350606938,-2.151159,2.021159,0.7987043365828708
532.0,12.0,1.7250497531980038,-2.315104,0.627173,-0.4284162608260633
532.0,19.0,3.069213733468601,13.406018,8.060004,0.9157477194445338
532.0,24.0,-10.630071735000978,5.164263,2.955591,-12.783537749025045
532.0,25.0,-4.040368874958629,-15.382555,-7.194589,-6.193834888982696
532.0,29.0,6.575938338551808,-12.405101,-10.174962,4.422472324527741
533.0,2.0,2.360031044523473,2.544219,2.327341,1.8335529377933408
533.0,5.0,4.040492789303322,9.819677,12.74037,3.5140146825731895
533.0,6.0,2.950167021688106,1.490957,2.027236,2.4236889149579737
533.0,12.0,1.8092672213297956,-0.245153,0.655442,1.2827891145996633
533.0,19.0,2.31254653506958,10.046614,8.088445,1.7860684283394477
533.0,24.0,-10.839373070346447,10.056533,3.000182,-11.365851177076578
533.0,25.0,-3.4029692570515833,-11.756439,-7.209757,-3.9294473637817156
533.0,29.0,4.050290749878275,-6.892546,-10.20459,3.523812643148143
533.0,31.0,-6.876025730356504,-77.343381,-13.064984,-7.402503837086637
534.0,2.0,2.24309621193685,3.876474,2.344135,1.9700786070104443
534.0,5.0,4.4433596131687825,7.900215,12.799202,4.170342008242377
534.0,6.0,3.0223066248420754,0.889407,2.017866,2.74928901991567
534.0,12.0,1.965002196416699,-2.764957,0.681406,1.6919845914902936
534.0,19.0,2.7950587172841654,12.012085,8.0916,2.52204111235776
534.0,24.0,-10.702359443682438,2.307664,3.052511,-10.975377048608843
534.0,25.0,-3.248440862237331,-12.956078,-7.213724,-3.521458467163736
534.0,29.0,1.1651229609606633,-8.210701,-10.210885,0.8921053560342578
535.0,2.0,2.240915171044488,1.144845,2.345194,2.0776649590708116
535.0,5.0,3.9084088718275236,8.404603,12.841492,3.745158659853847
535.0,6.0,2.699701446839372,-0.744852,2.047366,2.5364512348656953
535.0,12.0,1.7719104387136886,-1.60348,0.661951,1.608660226740012
535.0,19.0,2.6606489457179148,7.54949,8.161836,2.4973987337442383
535.0,24.0,-10.594046798243122,6.049885,3.019141,-10.7572970102168
535.0,25.0,-3.2516560019993737,3.706549,-7.268045,-3.41490621397305
535.0,29.0,0.5237946891203782,-7.796587,-10.292998,0.3605444771467016
536.0,2.0,2.1945495055522315,2.201111,2.326882,3.0909647337903148
536.0,5.0,3.707823817859703,11.708189,12.83232,4.604239046097786
536.0,6.0,2.1927439974112755,2.047577,2.046664,3.0891592256493587
536.0,12.0,1.3381709082250186,-3.887497,0.638325,2.234586136463102
536.0,19.0,2.0808430709374655,7.173332,8.175219,2.9772582991755487
536.0,24.0,-10.645267769137858,-2.588155,2.995945,-9.748852540899774
536.0,25.0,-3.372883148640647,-2.433184,-7.291301,-2.476467920402564
536.0,29.0,-0.3031217918383824,-11.226086,-10.318211,0.5932934363997008
537.0,2.0,2.0273625710374112,3.45123,2.3169,3.0401088766647324
537.0,5.0,3.7449349807563657,10.391309,12.751331,4.757681286383686
537.0,6.0,2.299747693106437,2.401252,2.099311,3.3124939987337583
537.0,12.0,1.064331199401268,0.896523,0.603476,2.0770775050285892
537.0,19.0,4.149791267640353,8.286212,8.222126,5.162537573267674
537.0,24.0,-10.666723537541838,0.942395,2.880263,-9.653977231914517
537.0,25.0,-3.1174290957033737,24.885107,-7.293786,-2.1046827900760525
537.0,29.0,-2.2320084277088394,-7.814661,-10.346941,-1.2192621220815183
538.0,2.0,2.176867824876015,-3.899656,2.20343,2.5735547784575163
538.0,5.0,4.011113939083494,8.665853,12.506462,4.407800892664994
538.0,6.0,1.951022145021855,-2.272793,2.09335,2.347709098603356
538.0,12.0,0.9385648741891099,-6.870458,0.469245,1.3352518277706111
538.0,24.0,-10.929365333191534,5.892018,2.684664,-10.532678379610033
538.0,29.0,2.616307062939865,-15.64854,-10.332318,3.012994016521366
539.0,2.0,2.7055870958092196,1.79491,2.045672,3.181289617022176
539.0,5.0,3.921690481068465,13.796407,12.282113,4.397393002281421
539.0,6.0,2.1068956563293035,1.007598,1.969485,2.58259817754226
539.0,12.0,1.445279534905847,-3.087691,0.338086,1.9209820561188031
539.0,24.0,-10.549118152195879,-4.081897,2.625293,-10.073415630982923
539.0,25.0,-3.733816344393114,22.295564,-7.305736,-3.2581138231801576
539.0,29.0,2.00663671876746,-11.197131,-10.23493,2.4823392399804165
540.0,2.0,2.5901545379680124,9.588253,2.080317,4.250057359915662
540.0,5.0,3.9537406205686345,13.876098,12.307398,5.613643442516285
540.0,6.0,2.519857994703668,4.595444,1.979274,4.179760816651317
540.0,12.0,1.2319499320152794,3.650391,0.383321,2.891852753962929
540.0,19.0,1.4907579205182735,10.752593,8.024367,3.150660742465923
540.0,24.0,-10.664776673761754,5.426166,2.661168,-9.004873851814104
540.0,29.0,-0.8811410174054082,-6.817917,-10.207483,0.7787618045422415
541.0,2.0,2.383619505931285,1.983074,2.281479,3.8645433854251063
541.0,5.0,3.8539480284071903,7.606061,12.399595,5.334871907901012
541.0,6.0,2.728161934634704,-0.60698,2.006767,4.2090858141285254
541.0,12.0,1.1959981058377478,-2.971219,0.660053,2.6769219853315693
541.0,19.0,4.040756337733054,10.763077,7.916801,5.5216802172268755
541.0,24.0,-10.83737705362165,-0.766069,2.896109,-9.356453174127827
541.0,29.0,-1.6992978027449883,-5.896,-9.953252,-0.21837392325116656
542.0,2.0,2.244915863971279,6.209883,2.567994,3.044463741226235
542.0,5.0,4.033516946092535,12.029742,12.536284,4.83306482334749
542.0,6.0,3.004930356529936,3.972156,2.096333,3.804478233784892
542.0,12.0,1.294297556286537,-1.42098,1.021649,2.093845433541493
542.0,19.0,4.292164655431327,16.731451,7.844726,5.091712532686282
542.0,24.0,-10.857360263562228,0.932777,3.151641,-10.057812386307273
542.0,25.0,-3.4395447413448093,-24.829927,-6.674558,-2.6399968640898535
542.0,29.0,-0.5226659154846995,-10.052966,-9.674947,0.27688196177025626
543.0,2.0,2.622812207529595,1.969205,3.031042,3.8884956307699916
543.0,5.0,3.5473769768585086,10.21336,12.821006,4.813060400098905
543.0,6.0,2.385694941124095,2.505038,2.327598,3.6513783643644917
543.0,12.0,1.227717729622066,-1.2247,1.543598,2.4934011528624627
543.0,24.0,-10.59975108568377,-0.943888,3.443185,-9.334067662443374
543.0,29.0,-1.1226507794932958,-9.808831,-9.417939,0.14303264374710078
544.0,2.0,2.3189174592508452,0.481515,3.238077,3.2223462359036747
544.0,5.0,4.598092347865228,7.122323,12.935327,5.501521124518057
544.0,6.0,3.130245456528579,-1.894017,2.325846,4.033674233181408
544.0,12.0,1.6668308858393752,-3.101214,1.844573,2.5702596624922047
544.0,19.0,3.4931117437645547,16.685069,7.752475,4.396540520417384
544.0,24.0,-10.504784529469921,5.732379,3.737138,-9.601355752817092
544.0,29.0,-2.2713787687289386,-8.97024,-9.126472,-1.3679499920761091
545.0,2.0,2.3947682053258905,5.693506,3.04425,1.0021900146854978
545.0,5.0,4.695086449519788,13.773763,12.850482,3.3025082588793957
545.0,6.0,3.726381843375428,-0.039179,2.057162,2.3338036527350354
545.0,12.0,1.6643622515384333,0.994906,1.730897,0.27178406089804064
545.0,19.0,4.115883693101088,18.195593,7.483274,2.723305502460695
545.0,24.0,-9.893615173093767,3.009736,3.897583,-11.28619336373416
545.0,29.0,-1.3680390817296297,-7.078194,-8.995334,-2.7606172723700224
546.0,2.0,2.1621233525251764,2.258003,3.127128,0.6966698168912968
546.0,5.0,5.1879915070373475,11.129219,12.897341,3.722537971403468
546.0,6.0,4.675623683216264,0.602837,2.026405,3.2101701475823843
546.0,12.0,1.367950692140905,1.027267,1.871224,-0.09750284349297456
546.0,19.0,4.973365816479848,16.517453,7.379115,3.507912280845969
546.0,24.0,-10.06581560234839,0.139092,4.063625,-11.531269137982271
546.0,25.0,-3.782840186544432,-3.715552,-5.878556,-5.248293722178312
546.0,29.0,-3.1421361306114854,-8.012594,-8.832461,-4.6075896662453655
547.0,2.0,2.083499745765579,5.355438,3.043881,-0.6506200325556986
547.0,5.0,4.816950290456656,10.809245,12.56186,2.082830512135379
547.0,6.0,6.060902597438652,4.656342,2.285666,3.3267828191173745
547.0,12.0,1.054010935907912,0.576557,1.629953,-1.6801088424133654
547.0,19.0,5.746116083762903,2.466013,7.676128,3.0119963054416257
547.0,24.0,-10.549851244554276,-0.029801,3.462371,-13.283971022875553
547.0,25.0,-4.05297484832741,-8.948201,-6.006904,-6.787094626648687
547.0,29.0,-1.887767793864274,-9.869591,-9.095126,-4.6218875721855515
548.0,2.0,2.255563676552267,-0.855511,2.660494,0.6727418218348753
548.0,5.0,4.275780613303148,8.734144,12.191425,2.692958758585756
548.0,6.0,4.7235823114718105,-0.461612,2.386694,3.1407604567544185
548.0,12.0,1.0265388066694747,-2.821726,1.03824,-0.5562830480479171
548.0,24.0,-10.775051824742677,0.915871,2.725118,-12.357873679460068
548.0,29.0,-1.3220464471100946,-9.409127,-9.645552,-2.904868301827486
549.0,2.0,2.700316538387807,0.763973,2.500296,-1.462895536621379
549.0,5.0,3.973938574324844,9.759632,12.078429,-0.189273500684342
549.0,6.0,6.2564677851763655,4.778444,2.35399,2.0932557101671794
549.0,12.0,1.2289574783593071,-1.345302,0.83319,-2.934254596649879
549.0,19.0,4.95819796705819,5.141707,8.059611,0.794985892049004
549.0,24.0,-10.706601668685753,2.793795,2.547162,-14.86981374369494
549.0,25.0,-3.6100764991895113,-8.301777,-6.671942,-7.7732885741986975
549.0,29.0,2.026791409787874,-12.228828,-9.795576,-2.136420665221312
550.0,2.0,2.8877741798489467,5.965234,2.496937,-0.8306512831057704
550.0,5.0,3.7979815770175005,11.967352,12.297944,0.0795561140627834
550.0,6.0,4.4359591576685915,3.366335,2.189401,0.7175336947138744
550.0,12.0,1.2671092267014883,2.549765,0.904825,-2.451316236253229
550.0,19.0,4.475204458613749,14.154648,7.933735,0.7567789956590323
550.0,24.0,-10.437629083221067,7.787903,2.861483,-14.156054546175785
550.0,29.0,3.811985104753994,-10.091912,-9.740758,0.09355964179927678
551.0,2.0,2.5768209579537764,2.125908,2.662919,2.2789645739531355
551.0,5.0,3.952772159275849,14.501374,12.438368,3.654915775275208
551.0,6.0,3.3448664361047786,0.141307,2.165436,3.0470100521041377
551.0,12.0,1.1425281872673168,0.307056,1.154604,0.8446718032666757
551.0,19.0,4.40213530004236,17.002116,7.809388,4.104278916041719
551.0,24.0,-10.391953396474783,-1.624253,3.145484,-10.689809780475423
551.0,25.0,-3.5627349115600033,-4.120185,-6.478061,-3.8605912955606443
551.0,29.0,-0.24189531789641805,-8.894528,-9.515398,-0.5397517018970591
552.0,2.0,2.632772636534293,2.744585,2.703585,1.3658877188197196
552.0,5.0,3.6488008541053123,11.953016,12.403304,2.381915936390739
552.0,6.0,4.671254000454521,0.612971,2.112778,3.4043690827399478
552.0,12.0,0.9906811240369899,-1.420356,1.254858,-0.2762037936775834
552.0,19.0,3.8709357574252756,4.429117,7.666951,2.6040508397107023
552.0,24.0,-10.643891003191749,0.284653,3.271832,-11.910775920906323
552.0,25.0,-3.8173660989030536,-25.13075,-6.330357,-5.0842510166176265
552.0,29.0,-0.3275077860766018,-8.676633,-9.3245,-1.5943927037911751
553.0,2.0,2.61233182771317,8.568625,2.657756,1.016420427895371
553.0,5.0,4.360602314592455,15.31448,12.305015,2.764690914774656
553.0,6.0,4.66739386855895,4.559756,2.101303,3.0714824687411504
553.0,12.0,0.8148983177214877,5.877748,1.20716,-0.7810130820963115
553.0,24.0,-10.425736305636953,9.284175,3.20788,-12.021647705454752
553.0,25.0,-3.5307730015407683,4.608943,-6.326605,-5.126684401358568
553.0,29.0,-1.8176116616672502,-8.294544,-9.3049,-3.4135230614850496
554.0,2.0,2.7003918657923265,-4.349179,2.57566,1.1354752270393476
554.0,5.0,4.335168095742901,7.241663,12.238909,2.7702514569899224
554.0,6.0,4.17678493212831,-1.244207,2.109492,2.6118682933753314
554.0,12.0,1.2116728033464739,-6.182755,1.088758,-0.35324383540650506
554.0,19.0,5.413561583844345,-0.731603,7.699553,3.8486449450913662
554.0,24.0,-10.384543018715064,3.347592,3.075633,-11.949459657468044
554.0,25.0,-3.514692895374078,-2.092957,-6.429183,-5.079609534127057
554.0,29.0,-0.18074197204116693,-13.024923,-9.41352,-1.7456586107941459
555.0,2.0,2.8834551422231502,0.556253,2.505813,1.2137480756872374
555.0,5.0,4.2547357219246,3.231284,12.14783,2.5850286553886876
555.0,6.0,4.270354211505351,3.347178,2.136998,2.6006471449694386
555.0,12.0,1.0749893809744409,-4.033504,0.979873,-0.594717685561472
555.0,19.0,5.098963925628842,22.820367,7.762119,3.4292568590929298
555.0,24.0,-10.179617221732128,-1.474348,2.92173,-11.849324288268042
555.0,25.0,-3.7748466719596134,19.249019,-6.508726,-5.444553738495526
555.0,29.0,-0.3522913579346598,-13.041442,-9.506874,-2.0219984244705724
556.0,2.0,2.835516257725528,3.41225,2.452733,1.3455261673910688
556.0,5.0,4.270988926315233,13.066631,12.098801,2.780998835980774
556.0,6.0,4.320448556730282,-1.313901,2.132067,2.8304584663958225
556.0,12.0,1.0890759661487621,1.672586,0.911118,-0.4009141241856973
556.0,19.0,5.353938930227766,16.190366,7.781277,3.8639488398933066
556.0,24.0,-10.3737294064763,7.816237,2.851181,-11.86371949681076
556.0,25.0,-3.6390325139336817,2.222016,-6.560631,-5.129022604268141
556.0,29.0,-0.22345443705173196,-7.626687,-9.555429,-1.7134445273861914
557.0,2.0,2.8214424004207856,-0.553182,2.379512,2.1693267198576356
557.0,5.0,4.139250403660954,7.118713,12.07849,3.487134723097804
557.0,6.0,3.8550358941295855,1.064059,2.118344,3.2029202135664354
557.0,12.0,1.084147816934248,-4.847388,0.813957,0.43203213637109794
557.0,19.0,5.238825501535263,-10.947555,7.823734,4.586709820972113
557.0,24.0,-10.54032101003968,4.647743,2.776781,-11.192436690602829
557.0,25.0,-3.6292993437263092,-7.842034,-6.661975,-4.281415024289459
557.0,29.0,-0.32866529215010143,-12.55912,-9.654045,-0.9807809727132515
558.0,2.0,2.7475197114857792,3.082201,2.275141,1.5202443189624348
558.0,5.0,4.1794665581784916,11.157048,12.063176,2.9521911656551474
558.0,6.0,3.9578316081460603,0.808584,2.072327,2.730556215622716
558.0,12.0,1.0821624597019035,0.994132,0.689218,-0.1451129328214409
558.0,19.0,5.561769936590409,10.259007,7.850458,4.334494544067065
558.0,24.0,-10.47154669357157,8.592718,2.715777,-11.698822086094914
558.0,25.0,-3.706529586083458,-17.163107,-6.793578,-4.933804978606802
558.0,29.0,0.10657029083346536,-8.839439,-9.765441,-1.120705101689879
559.0,2.0,2.6653550758835065,0.906786,2.150428,0.46118913919618265
559.0,5.0,4.3107566332749965,8.780737,11.992557,2.1065906965876726
559.0,6.0,4.75658454945324,-0.742089,1.97505,2.5524186127659165
559.0,12.0,1.1637207224281907,-2.544928,0.572188,-1.0404452142591332
559.0,19.0,5.16289464072263,-1.019317,7.786248,2.9587287040353063
559.0,24.0,-10.27460170337855,3.271707,2.696046,-12.478767640065875
559.0,25.0,-3.6548321577536873,4.071234,-6.874195,-5.858998094441011
559.0,29.0,-0.1043795116929509,-8.64295,-9.785397,-2.3085454483802748
560.0,2.0,2.6692796215236765,2.475673,2.128097,3.27451188896094
560.0,5.0,3.9992036124266246,12.131299,11.947142,4.604435879863888
560.0,6.0,2.7313872888765154,2.324499,1.898439,3.336619556313779
560.0,12.0,1.2096036723725412,2.081353,0.593563,1.8148359398098048
560.0,24.0,-10.368451921760544,8.756921,2.778563,-9.76321965432328
560.0,25.0,-3.5855383918753594,41.278799,-6.80961,-2.980306124438096
560.0,29.0,-1.2207990327897935,-11.071322,-9.666809,-0.6155667653525299
561.0,2.0,2.799432586984018,-1.83538,2.264566,-0.04028600126129911
561.0,5.0,4.451854353800776,6.783035,11.849961,1.612135765555459
561.0,6.0,3.762810079722131,-3.132182,1.925348,0.9230914914768138
561.0,12.0,1.616975126039156,-5.254637,0.796358,-1.2227434622061613
561.0,24.0,-10.354824662891552,8.040169,2.882717,-13.194543251136869
561.0,25.0,-3.961408828784082,-8.190486,-6.516357,-6.801127417029399
561.0,29.0,5.400235674610887,-10.061367,-9.363756,2.5605170863655693
562.0,2.0,2.3013746760804974,7.271268,2.31861,-2.702966135111261
562.0,5.0,5.079331270537324,14.856734,11.658545,0.0749904593455657
562.0,6.0,4.847689967604744,4.490867,1.943333,-0.15665084358701442
562.0,12.0,0.9451215269389817,3.759097,0.891778,-4.059219284252777
562.0,19.0,5.233351786121373,4.969244,7.376723,0.22901097492961497
562.0,24.0,-10.225709884018379,4.144674,2.873016,-15.230050695210137
562.0,29.0,3.4786134035429193,-8.422014,-9.118008,-1.525727407648839
563.0,2.0,1.9746353582957479,4.680778,2.168411,-1.5030010099712596
563.0,5.0,3.927375013759212,13.377387,11.581435,0.44973864549220455
563.0,6.0,5.174407504953978,0.890279,1.808187,1.6967711366869702
563.0,12.0,0.366026882962049,3.805005,0.760504,-3.1116094853049585
563.0,24.0,-10.520590463515685,15.333667,2.879626,-13.998226831782691
563.0,25.0,-2.90203220320885,11.397955,-6.379194,-6.379668571475857
563.0,29.0,0.5269447044178399,-8.028039,-9.121051,-2.9506916638491676
564.0,2.0,1.849407705186164,-0.286853,2.152996,1.6926491781440482
564.0,5.0,3.6565591750298623,8.295278,11.555121,3.4998006479877466
564.0,6.0,2.938470266584316,-1.820605,1.75524,2.7817117395422004
564.0,12.0,0.29607163293476724,-3.678266,0.775331,0.13931310589265167
564.0,24.0,-10.735637233705297,6.098512,2.938252,-10.892395760747412
564.0,25.0,-2.9667704235308685,-2.697597,-6.33779,-3.123528950572984
564.0,29.0,-1.4302907529004525,-8.864123,-9.043604,-1.5870492799425682
565.0,2.0,1.9477054008919374,-5.164855,2.262645,0.5975646236278376
565.0,5.0,3.708098421121475,7.195819,11.588381,2.3579576438573753
565.0,6.0,3.6194513297154725,-3.208629,1.788732,2.2693105524513726
565.0,12.0,0.5725417468679019,-6.34861,0.917947,-0.7775990303961979
565.0,24.0,-10.408145844058964,4.007954,3.032212,-11.758286621323064
565.0,29.0,-1.1917744411045015,-11.627488,-8.918521,-2.5419152183686013
566.0,2.0,1.945290216569112,2.016535,2.322865,0.7531626626229317
566.0,5.0,3.798862093504427,10.218082,11.577779,2.606734539558247
566.0,6.0,3.641934149238317,-0.318751,1.813141,2.4498065952921366
566.0,12.0,0.6126502647542704,-0.904338,0.996956,-0.5794772891919098
566.0,24.0,-10.467430908259917,8.952516,3.067156,-11.659558462206098
566.0,29.0,-1.0410342502612142,-8.686438,-8.833317,-2.2331618042073944
567.0,2.0,2.228695983572587,1.636474,2.331531,-0.532234340394321
567.0,5.0,4.575549057086047,10.058858,11.537126,1.8146187331191386
567.0,6.0,2.880249302079717,2.839453,1.826044,0.11931897811280878
567.0,12.0,0.8793458216068224,1.129437,1.008991,-1.8815845023600857
567.0,24.0,-10.377640015139775,0.77004,3.047907,-13.138570339106684
567.0,29.0,4.4438330122181675,-9.471435,-8.800612,1.6829026882512594
568.0,2.0,2.3147428645962087,1.731044,2.326822,2.82214367808745
568.0,5.0,3.5561997819289584,8.170498,11.499383,4.0636005954201995
568.0,6.0,2.848708228571615,-0.981743,1.79737,3.3561090420628563
568.0,12.0,0.899167819140315,-0.910099,1.026273,1.406568632631556
568.0,24.0,-10.632698309455431,8.818819,3.078454,-10.12529749596419
568.0,29.0,-0.06281459002796552,-7.069915,-8.730683,0.4445862234632756
569.0,2.0,2.1611073634725804,6.960069,2.378465,0.6936797881736256
569.0,5.0,3.5027690917571093,12.10124,11.497472,2.0353415164581543
569.0,6.0,2.727217705560175,2.503351,1.84638,1.2597901302612204
569.0,12.0,0.6761378352265748,4.175453,1.07605,-0.79128974007238
569.0,19.0,4.601674391454228,13.095892,7.079113,3.1342468161552732
569.0,24.0,-10.485854511141554,6.972104,3.065936,-11.953282086440508
569.0,25.0,-2.8331592755157042,-15.357307,-5.966206,-4.300586850814659
569.0,29.0,2.45716475720623,-5.014882,-8.708003,0.9897371819072751
570.0,2.0,2.254419396140218,0.985649,2.39947,1.6613265735580551
570.0,5.0,3.6890904551216614,9.154079,11.497479,3.0959976325394987
570.0,6.0,1.92532291658223,-2.165748,1.902681,1.3322300940000673
570.0,12.0,0.7994110367780722,-4.357615,1.074899,0.20631821419590946
570.0,19.0,1.8853295861587895,11.942261,7.146389,1.2922367635766268
570.0,24.0,-10.471734953754197,9.351383,3.004068,-11.06482777633636
570.0,29.0,3.031857715978573,-10.800867,-8.756403,2.43876489339641
571.0,2.0,2.346359904580919,4.520031,2.328978,1.8013769707910057
571.0,5.0,3.3437349961468037,11.078682,11.497299,2.7987520623568902
571.0,6.0,1.9781537747958353,0.307771,1.889092,1.4331708410059218
571.0,12.0,0.359716657238085,-0.109193,0.979241,-0.18526627655182837
571.0,19.0,3.593449623048972,18.897656,7.197876,3.0484666892590586
571.0,24.0,-10.625587161325978,9.253452,2.938382,-11.170570095115892
571.0,25.0,-3.084677156346318,-2.722608,-6.08958,-3.6296600901362313
571.0,29.0,2.5953614885384955,-9.86144,-8.868222,2.050378554748582
572.0,2.0,2.787607543892145,4.272968,2.274933,0.07249106854542475
572.0,5.0,4.004973820688768,10.142926,11.524481,1.2898573453420479
572.0,6.0,3.1009181245198807,1.965156,1.834961,0.3858016491731604
572.0,12.0,1.2545301516341922,-1.752999,0.930293,-1.460586323712528
572.0,19.0,2.7147281310919142,5.311909,7.185285,-0.00038834425480605006
572.0,24.0,-10.152325339055725,4.870464,2.964594,-12.867441814402445
572.0,29.0,4.576694482658903,-9.291693,-8.909991,1.8615780073121826
573.0,2.0,2.6941243191360034,9.005427,2.343801,0.8217344292773698
573.0,5.0,4.246713817591427,14.703924,11.591524,2.3743239277327937
573.0,6.0,1.9298108875201052,3.907229,1.817108,0.057420997661471684
573.0,12.0,0.6047736083481254,6.922227,1.039373,-1.267616281510508
573.0,19.0,2.5621242311885535,19.891326,7.12704,0.68973434132992
573.0,24.0,-10.162502304287369,8.079974,3.097411,-12.034892194146002
573.0,29.0,4.694009666439014,-7.91658,-8.811841,2.82161977658038
574.0,2.0,2.619059206684865,2.349784,2.416065,0.7672946381547572
574.0,5.0,4.3649752586967665,12.616329,11.607642,2.513210690166659
574.0,6.0,2.620648828617096,2.978739,1.857689,0.7688842600869883
574.0,12.0,0.7307541926470806,0.809105,1.123313,-1.121010375883027
574.0,19.0,4.24289888927534,6.466072,7.126945,2.3911343207452322
574.0,24.0,-10.266607159799381,5.192862,3.128632,-12.118371728329489
574.0,25.0,-2.953604609082783,25.158822,-5.982652,-4.80536917761289
574.0,29.0,2.738192521975618,-11.91576,-8.753094,0.8864279534455104
575.0,2.0,2.690078328451227,-2.637481,2.527491,2.102747474634998
575.0,5.0,4.1271174722994814,6.51211,11.607691,3.5397866184832525
575.0,6.0,1.7034380399633102,0.158201,1.985682,1.1161071861470813
575.0,12.0,0.7166220609131138,-3.370089,1.213861,0.1292912070968848
575.0,19.0,2.918209639023562,1.989475,7.213777,2.330878785207333
575.0,24.0,-10.538422759984956,-0.22906,3.066217,-11.125753613801184
575.0,29.0,3.705825000328618,-9.434403,-8.742727,3.118494146512389
576.0,2.0,2.6965232983276994,-1.609631,2.633045,3.561134054971407
576.0,5.0,3.812041932804192,7.151377,11.733313,4.6766526894478995
576.0,6.0,1.5381226845719942,1.515551,2.023471,2.4027334412157018
576.0,12.0,0.2516068550764716,-1.238057,1.336855,1.1162176117201792
576.0,19.0,4.623503638101958,19.127689,7.238589,5.488114394745666
576.0,24.0,-10.523811329519637,2.427354,3.172101,-9.659200572875928
576.0,25.0,-3.3547622752485085,-5.411743,-5.834509,-2.490151518604801
576.0,29.0,0.25693930723707137,-12.205317,-8.714833,1.121550063880779
577.0,2.0,2.6464702162883134,0.157695,2.760146,2.4836630782214417
577.0,5.0,3.7837406489049883,9.992031,11.856172,3.6209335108381167
577.0,6.0,1.7931711209622971,0.312543,2.08894,1.6303639828954253
577.0,12.0,0.2453272324265443,-1.105074,1.475489,0.08252009435967247
577.0,19.0,3.116185323100444,11.84533,7.282962,2.9533781850335723
577.0,24.0,-10.543769052420307,2.206133,3.260325,-10.70657619048718
577.0,25.0,-3.0840373252460633,-9.155,-5.755974,-3.246844463312935
577.0,29.0,2.796461422017961,-7.885932,-8.687025,2.6336542839510892
577.0,31.0,-6.115936765775049,-57.423976,-11.777157,-6.278743903841921
578.0,2.0,2.643915314985221,-2.387079,2.811816,3.771434992406182
578.0,5.0,3.7831188766399393,2.825755,11.906064,4.910638554060901
578.0,6.0,1.8281525014690079,-3.959477,2.132849,2.955672178889969
578.0,12.0,0.2787894562340405,-6.784547,1.522396,1.4063091336550015
578.0,19.0,2.6840446594940577,13.784998,7.328485,3.8115643369150187
578.0,24.0,-10.664088812377422,4.710261,3.269326,-9.53656913495646
578.0,29.0,0.666557012835705,-10.055775,-8.702685,1.794076690256666
579.0,2.0,2.800415888004405,2.200203,2.857208,2.281002609966108
579.0,5.0,3.532014449729635,9.945724,11.941354,3.0126011716913377
579.0,6.0,1.6285015574216812,1.564262,2.205211,1.1090882793833836
579.0,12.0,0.5457902369307517,-2.649499,1.543858,0.02637695889245406
579.0,19.0,3.643876191820439,10.827384,7.416264,3.124462913782142
579.0,24.0,-10.46901360592884,3.643125,3.221649,-10.988426883967138
579.0,29.0,3.547746829813999,-11.843361,-8.761671,3.0283335517757015
580.0,2.0,2.6037705493094814,4.392994,2.86314,2.8458594900407266
580.0,5.0,3.158123082563794,14.94264,11.924468,3.400212023295039
580.0,6.0,1.690476913483991,2.873252,2.269232,1.9325658542152362
580.0,12.0,0.3220639630995805,3.563992,1.517095,0.5641529038308256
580.0,19.0,2.878638670707014,13.80288,7.501123,3.120727611438259
580.0,24.0,-10.592473090775414,2.131899,3.124221,-10.35038415004417
580.0,29.0,1.4026004114453805,-9.197878,-8.835436,1.6446893521766257
581.0,2.0,2.6136473875865143,1.043747,2.913249,2.9381216222116904
581.0,5.0,3.094969697531706,9.891433,11.926436,3.419443932156882
581.0,6.0,1.5711141353854554,0.096309,2.363902,1.8955883700106315
581.0,12.0,0.41424156275413715,-1.118896,1.535621,0.7387157973793131
581.0,19.0,3.4835463766885795,12.12824,7.59957,3.8080206113137556
581.0,24.0,-10.486771979498211,8.146852,3.038341,-10.162297744873035
581.0,29.0,1.0216242804150326,-11.003967,-8.890509,1.3460985150402087
582.0,2.0,2.7147182849454614,0.993176,3.023065,2.865851049866105
582.0,5.0,3.206996141373075,10.411651,11.993322,3.358128906293719
582.0,6.0,1.8145929020498333,-1.883775,2.460445,1.9657256669704768
582.0,12.0,0.39578611904696004,-3.342673,1.635421,0.5469188839676036
582.0,19.0,5.095178094825041,11.543233,7.677591,5.246310859745685
582.0,24.0,-10.51797665225577,-3.683046,3.040969,-10.366843887335127
582.0,29.0,0.5363416942671559,-6.747547,-8.893756,0.6874744591877995
583.0,2.0,2.7086428492149555,0.168439,3.080602,3.301158167559726
583.0,5.0,3.1901767089334356,7.964003,12.027177,3.7826920272782063
583.0,6.0,1.9290019441602446,-0.553242,2.562944,2.5215172625050153
583.0,12.0,0.4541151955181961,-3.288947,1.656535,1.0466305138629666
583.0,24.0,-10.631692229088522,-6.769474,2.960328,-10.039176910743752
583.0,29.0,-0.07381716730016308,-5.853467,-8.975605,0.5186981510446074
584.0,2.0,2.656745496653242,2.004158,3.215628,2.7360011596006553
584.0,5.0,3.4775193113178897,12.218551,12.058148,3.556774974265303
584.0,6.0,2.3331824056961876,2.664922,2.768066,2.412438068643601
584.0,12.0,0.25838488428385276,2.835432,1.730842,0.337640547231266
584.0,19.0,6.002504412213744,3.403739,7.999624,6.081760075161157
584.0,24.0,-10.874042752391945,6.501319,2.813123,-10.794787089444533
584.0,25.0,-3.348362704929025,-18.974865,-5.692845,-3.269107041981612
584.0,29.0,0.1227190571800385,-8.774958,-9.068886,0.20197472012745177
585.0,2.0,2.7368142188472353,-6.402429,3.370383,3.3613047911735867
585.0,5.0,3.3165656584405934,2.020464,12.091645,3.941056230766945
585.0,6.0,2.578868185013947,-8.478966,2.942075,3.2033587573402986
585.0,12.0,0.25178196434750255,-11.932427,1.853925,0.8762725366738539
585.0,19.0,3.5598104946226723,59.985891,8.133099,4.184301066949024
585.0,24.0,-11.042121196645692,-8.925127,2.740254,-10.41763062431934
585.0,25.0,-3.8398565021504716,-18.762836,-5.596505,-3.21536592982412
585.0,29.0,0.3951127575148057,-17.227481,-9.078334,1.019603329841157
586.0,2.0,2.6598165984026636,7.427936,3.449949,4.5040173804570465
586.0,5.0,3.377424617443209,15.83618,12.117482,5.221625399497592
586.0,6.0,2.346339483244062,5.096173,3.0167,4.190540265298445
586.0,12.0,0.19325907098293094,3.115922,1.926447,2.0374598530373143
586.0,24.0,-11.121988796330724,5.440953,2.728848,-9.277788014276341
586.0,25.0,-4.172564906208007,-3.050483,-5.53908,-2.3283641241536235
586.0,29.0,1.5530845788233378,-4.495175,-9.067574,3.397285360877721
586.0,31.0,-9.682456876683124,-34.607378,-11.727027,-7.838256094628742
587.0,2.0,2.8863104079278887,1.83844,3.608811,0.3146555438428056
587.0,5.0,4.002459405520002,9.761861,12.083263,1.4308045414349184
587.0,6.0,3.475162318434169,-2.348902,3.24711,0.9035074543490857
587.0,12.0,0.7013491254069955,-2.388197,2.028271,-1.8703057386780877
587.0,24.0,-10.898141858800106,8.574848,2.553882,-13.469796722885189
587.0,25.0,-4.294280355082295,-10.556112,-5.436225,-6.865935219167378
587.0,29.0,8.124490167219534,-9.098898,-9.096719,5.552835303134451
587.0,31.0,-5.859996290688059,-3.8342,-11.611089,-8.431651154773142
588.0,2.0,2.832497960260561,-5.060903,3.750479,-2.6538724954810817
588.0,5.0,3.407149377089757,2.158917,12.100392,-2.0792210786518854
588.0,6.0,5.955361069439547,-4.122239,3.388243,0.46899061369790473
588.0,12.0,0.23286474888000974,-9.374185,2.153869,-5.253505706861633
588.0,24.0,-11.123303523188579,38.422294,2.512148,-16.60967397893022
588.0,25.0,-5.014878361388645,-16.823859,-5.32143,-10.501248817130287
588.0,29.0,8.12506113911677,-22.324994,-9.064667,2.6386906833751276
589.0,2.0,2.857889176270506,6.372467,3.887434,0.4522386750275178
589.0,5.0,3.3473184633690316,11.998935,12.145137,0.9416679621260435
589.0,6.0,2.9975312185310514,2.036847,3.510759,0.5918807172880634
589.0,12.0,0.3115587146171581,-0.330583,2.28078,-2.09409178662583
589.0,24.0,-11.011397913219573,1.24595,2.501221,-13.417048414462561
589.0,25.0,-5.285347114348363,-6.463724,-5.218667,-7.690997615591351
589.0,29.0,8.836841274467009,-7.250014,-9.037136,6.431190773224021
590.0,2.0,2.8741666605174334,6.53632,3.98942,1.3176612467638682
590.0,5.0,3.168599191091758,13.875491,12.128248,1.6120937773381927
590.0,6.0,3.004329604671966,5.176088,3.62458,1.4478241909184009
590.0,12.0,-0.003695925162296554,2.632738,2.367422,-1.5602013389158618
590.0,24.0,-11.226305900860751,8.844673,2.444181,-12.782811314614317
590.0,25.0,-5.637272223239076,-1.576888,-5.124939,-7.193777636992642
590.0,29.0,5.924729692592768,-17.164768,-9.006846,4.368224278839203
591.0,2.0,2.773382834674875,4.623977,3.983273,2.929342263461052
591.0,5.0,3.265062744735955,13.649462,12.007546,3.4210221735221324
591.0,6.0,2.9458879711471795,3.110916,3.705489,3.101847399933357
591.0,12.0,-0.1579966862322717,2.97929,2.323379,-0.0020372574460942594
591.0,24.0,-11.38195883012103,0.794274,2.277244,-11.225999401334853
591.0,25.0,-5.637789459547037,-3.493698,-5.118072,-5.481830030760859
591.0,29.0,-0.4464233525517489,-8.174959,-9.036564,-0.2904639237655715
592.0,2.0,2.3152038780720314,4.33562,3.734503,0.49919659168437613
592.0,5.0,3.7930996663003906,8.118337,11.732604,1.9770923799127353
592.0,6.0,2.9440282117755086,3.70177,3.656912,1.1280209253878533
592.0,12.0,-0.9258129593966071,2.896951,2.01187,-2.7418202457842624
592.0,24.0,-11.88331139300834,0.837322,1.972707,-13.699318679395995
592.0,25.0,-4.74278340600801,-3.477605,-5.314075,-6.5587906923956645
592.0,29.0,7.088268204231278,-3.640257,-9.184504,5.272260917843623
593.0,2.0,5.32608286344054,-10.428584,3.586462,-7.829105507539168
593.0,5.0,5.2592781033480165,-1.134508,10.992864,-7.895910267631692
593.0,6.0,6.0994012906853925,-0.634357,4.437543,-7.055787080294316
593.0,12.0,4.86158593235854,-9.823639,1.387025,-8.293602438621168
593.0,19.0,5.326446568803508,18.330097,9.611719,-7.8287418021762
593.0,25.0,-4.401624400559124,-9.806584,-5.737005,-17.55681277153883
593.0,29.0,6.721179365757106,-15.763906,-10.022766,-6.434009005222602
594.0,2.0,3.482243761474516,11.067413,3.72761,3.2411743093504395
594.0,5.0,5.121504744995107,12.102196,10.748688,4.880435292871031
594.0,6.0,2.7090644916808753,5.107009,4.547451,2.467995039556799
594.0,12.0,0.8117376097525986,7.750236,1.56041,0.570668157628522
594.0,19.0,4.708711868381773,25.644231,9.498262,4.467642416257696
594.0,24.0,-11.080711268325548,3.810492,0.29687,-11.321780720449624
594.0,25.0,-6.015879085797718,-5.972486,-5.401823,-6.256948537921795
594.0,29.0,-1.4233421622735944,-6.168248,-9.708113,-1.664411614397671
595.0,2.0,3.3302867973076236,6.058444,3.615,6.884817832345942
595.0,5.0,4.547681288036973,9.985222,10.633608,8.102212323075292
595.0,6.0,2.5635599899426484,6.357335,4.201574,6.118091024980967
595.0,12.0,0.7342425526848269,6.03898,1.621289,4.288773587723146
595.0,19.0,0.8173274627692866,8.842828,9.008941,4.371858497807605
595.0,24.0,-11.4757413129783,-0.195487,0.673579,-7.921210277939982
595.0,25.0,-6.0260201586216375,-4.503105,-5.203517,-2.4714891235833187
595.0,29.0,-3.9332070234812258,-5.101253,-9.276296,-0.37867598844290695
596.0,2.0,3.2403348136183503,2.609985,3.567458,6.424430228477407
596.0,5.0,4.314157823945191,10.382786,10.544174,7.4982532388042475
596.0,6.0,2.4108297918646926,3.378381,4.271905,5.594925206723749
596.0,12.0,0.4604433755863102,0.555081,1.517272,3.6445387904453668
596.0,19.0,1.821190883768483,5.036057,9.11581,5.0052862986275395
596.0,24.0,-11.702128957948663,1.161671,0.480255,-8.518033543089606
596.0,25.0,-6.0852560214978,-9.55349,-5.284881,-2.9011606066387436
596.0,29.0,-4.696941260580152,-8.549676,-9.395878,-1.5128458457210954
596.0,31.0,-3.8210830226434727,-17.845977,-10.065988,-0.6369876077844161
597.0,2.0,3.640172589704722,-0.051587,3.522786,6.686269552755899
597.0,5.0,4.294712367017075,5.820121,10.428157,7.340809330068252
597.0,6.0,2.2102915943140253,1.077284,4.324373,5.256388557365202
597.0,12.0,0.6478198705192195,-2.280661,1.43168,3.6939168335703965
597.0,19.0,1.5015890854282645,9.478859,9.176541,4.5476860484794415
597.0,24.0,-11.583780570140899,0.812519,0.311653,-8.537683607089722
597.0,25.0,-6.038184706156393,-7.43836,-5.325319,-2.992087743105216
597.0,29.0,-4.276251006336626,-10.29862,-9.458202,-1.2301540432854488
598.0,2.0,3.4879098572756497,4.217772,3.49551,7.9074867816656695
598.0,5.0,4.032223105541357,6.019678,10.331669,8.451800029931377
598.0,6.0,1.9790635309762106,3.789286,4.381115,6.39864045536623
598.0,12.0,0.475122681957286,2.723865,1.367378,4.894699606347306
598.0,19.0,1.2525909715333192,8.548652,9.237472,5.672167895923339
598.0,24.0,-11.787997002871101,5.402017,0.16307,-7.368420078481082
598.0,25.0,-6.291163168647039,-6.162565,-5.352986,-1.8715862442570188
598.0,29.0,-5.295997644796459,-7.911539,-9.511797,-0.8764207204064389
599.0,2.0,3.356500085543617,5.320155,3.504999,7.233660988260107
599.0,5.0,4.590643606084978,14.075815,10.251555,8.467804508801468
599.0,6.0,2.0503951041417388,4.494199,4.475475,5.927556006858229
599.0,12.0,0.5655792504811252,1.629992,1.333071,4.442740153197615
599.0,19.0,1.3538452094173339,8.654593,9.328906,5.231006112133825
599.0,24.0,-11.788299696156265,-7.145149,0.004982,-7.911138793439775
599.0,25.0,-6.086217832106476,-5.299885,-5.361084,-2.2090569293899853
599.0,29.0,-5.286739263798287,-7.548616,-9.569339,-1.4095783610817967
600.0,2.0,3.5347879924694077,0.706289,3.534831,6.6090923731146995
600.0,5.0,4.784689954346128,13.297726,10.212826,7.8589943349914195
600.0,6.0,2.088260587989849,1.125352,4.568059,5.162564968635141
600.0,12.0,0.4967604132059513,-2.454935,1.325841,3.571064793851243
600.0,19.0,2.041060829636862,12.575107,9.420785,5.115365210282154
600.0,24.0,-11.658083603090166,-8.824332,-0.114085,-8.583779222444875
600.0,25.0,-6.276087169955406,-11.307102,-5.361777,-3.201782789310114
600.0,29.0,-5.418491395729706,-12.360258,-9.622706,-2.3441870150844144
601.0,2.0,3.349942863826602,5.041349,3.575853,5.935732726592289
601.0,5.0,5.000962474071466,11.46134,10.192589,7.586752336837153
601.0,6.0,1.8401893883601188,5.433047,4.626504,4.425979251125806
601.0,12.0,0.2962924509056002,4.270123,1.354741,2.8820823136712876
601.0,19.0,3.4914319039088735,6.514831,9.458828,6.077221766674561
601.0,24.0,-11.68452817171774,-8.629387,-0.160459,-9.098738308952054
601.0,25.0,-6.2033014596603175,-5.58127,-5.325144,-3.61751159689463
601.0,29.0,-5.921378733808082,-5.254111,-9.618023,-3.335588871042394
602.0,2.0,3.4825267128123816,-0.177341,3.651399,6.170711148714112
602.0,5.0,5.149874977261938,18.522058,10.177609,7.838059413163668
602.0,6.0,1.6053062604294146,2.541794,4.711007,4.293490696331144
602.0,12.0,0.2784758684251418,0.22785,1.418768,2.9666603043268718
602.0,19.0,1.977037581983386,11.042721,9.50523,4.665222017885116
602.0,24.0,-11.643403090783266,-3.675129,-0.203874,-8.955218654881536
602.0,25.0,-6.429690579850794,-5.536509,-5.254196,-3.741506143949064
602.0,29.0,-5.966262724482805,-10.902272,-9.593436,-3.278078288581075
603.0,2.0,3.494464819213846,8.474768,3.730294,5.900292554904766
603.0,5.0,5.8415084859734385,11.204105,10.15045,8.247336221664359
603.0,6.0,2.3553957481023904,8.118351,4.814072,4.7612234837933105
603.0,12.0,0.06476333920061705,5.827235,1.477541,2.4705910748915376
603.0,19.0,1.6545438541448885,9.481436,9.570015,4.060371589835809
603.0,24.0,-11.599385571513638,-8.00651,-0.27576,-9.193557835822718
603.0,25.0,-6.87345590274882,-1.894078,-5.185107,-4.4676281670578994
603.0,29.0,-6.718270748479414,-5.669021,-9.580606,-4.312443012788494
604.0,2.0,3.5570900757263466,8.80038,3.845174,6.531995085864948
604.0,5.0,6.663850837251877,-16.425906,10.137915,9.638755847390478
604.0,6.0,1.763053301106516,7.732145,4.947851,4.737958311245118
604.0,12.0,-0.018774865163720733,5.521557,1.569663,2.956130144974881
604.0,19.0,2.385774004627825,7.225526,9.654328,5.3606790147664265
604.0,24.0,-11.683171205072316,2.749774,-0.347771,-8.708266194933714
604.0,25.0,-6.984259969352113,0.53069,-5.090228,-4.009354959213511
604.0,29.0,-6.425857860679568,-4.513279,-9.560777,-3.4509528505409666
605.0,2.0,3.5746827960582195,8.563609,4.070829,5.393451017878284
605.0,5.0,5.950500637982859,1.044034,10.226622,7.769268859802924
605.0,6.0,2.022887076941207,4.266391,5.147986,3.841655298761272
605.0,12.0,-0.034225099335452036,7.384437,1.775954,1.7845431224846129
605.0,19.0,3.2634978108266477,11.318715,9.787544,5.082266032646713
605.0,24.0,-11.776453989964244,3.547513,-0.360561,-9.957685768144179
605.0,25.0,-7.003971950639681,-3.051126,-4.931837,-5.185203728819616
605.0,29.0,-6.603530986256694,-5.602908,-9.525791,-4.784762764436629
606.0,2.0,3.4188377430366987,6.60497,4.104108,7.4390910887573565
606.0,5.0,5.7871203297344,5.111572,10.277538,9.807373675455057
606.0,6.0,1.8831426823342534,2.825956,5.193379,5.903396028054911
606.0,12.0,-0.2217508619778581,2.161913,1.79331,3.7985024837427996
606.0,19.0,0.9938131859922299,8.861975,9.854371,5.014066531712888
606.0,24.0,-11.968114340729205,2.503092,-0.377085,-7.947860995008547
606.0,25.0,-6.999910585193296,-5.089626,-4.949808,-2.9796572394726386
606.0,29.0,-6.928162470254182,-7.959711,-9.579132,-2.907909124533524
607.0,2.0,3.541617644289282,13.31003,4.062077,6.015781202538275
607.0,5.0,5.444111793061314,9.822915,10.191676,7.918275351310307
607.0,6.0,2.2248759967437177,9.116033,5.239602,4.69903955499271
607.0,12.0,-0.12396559598127865,8.292964,1.71171,2.350197962267714
607.0,19.0,1.6980994386945811,11.807739,9.919983,4.172262996943574
607.0,24.0,-11.872862990396506,-8.282707,-0.524617,-9.398699432147513
607.0,25.0,-6.834800295648959,3.064512,-5.002562,-4.360636737399966
607.0,29.0,-6.227959538796733,-2.722619,-9.653665,-3.75379598054774
608.0,2.0,3.495650201490303,4.859035,4.106661,5.694081418544201
608.0,5.0,4.749596707801231,9.189174,10.099724,6.948027924855129
608.0,6.0,2.090006868460261,7.384574,5.357806,4.288438085514159
608.0,12.0,-0.22784646682383336,2.92402,1.716198,1.970584750230064
608.0,19.0,2.6809177935880957,10.074736,10.005629,4.8793490106419934
608.0,24.0,-12.038063389544682,-1.191924,-0.680385,-9.839632172490784
608.0,25.0,-6.795761714663974,-5.710303,-4.960985,-4.597330497610077
608.0,29.0,-6.192852067589781,-8.564906,-9.671258,-3.994420850535884
608.0,31.0,-4.880489624905195,-34.713269,-9.352836,-2.6820584078512977
609.0,2.0,3.564629832853285,3.849567,4.158439,5.806928826324587
609.0,5.0,4.2281697515112615,9.925163,10.05472,6.470468744982563
609.0,6.0,1.6332533730154397,4.589846,5.458116,3.875552366486741
609.0,12.0,-0.39601505704107787,0.502898,1.73751,1.8462839364302233
609.0,19.0,3.0360490532758515,12.500369,10.083313,5.278348046747153
609.0,24.0,-11.976636647552965,-3.419501,-0.786479,-9.734337654081664
609.0,25.0,-7.131800187515656,-6.469023,-4.924945,-4.889501194044355
609.0,29.0,-6.678243510214617,-10.738916,-9.689346,-4.435944516743316
610.0,2.0,3.4799243238503177,6.413059,4.196904,5.012105421891423
610.0,5.0,3.9648427203910295,9.405853,10.020153,5.497023818432135
610.0,6.0,1.722097105593468,7.682325,5.547727,3.2542782036345734
610.0,12.0,-0.4855717283669332,9.197329,1.744255,1.0466093696741723
610.0,19.0,3.706613886275692,15.195332,10.163978,5.238794984316797
610.0,24.0,-11.98636483036002,10.975215,-0.889361,-10.454183732318915
610.0,25.0,-6.918086036681141,-0.9337,-4.910788,-5.385904938640036
610.0,29.0,-6.4467108345844535,-6.45238,-9.725273,-4.914529736543348
611.0,2.0,3.6693667743026435,3.23154,4.201229,5.172772026642854
611.0,5.0,4.323088696405263,9.35968,9.962799,5.826493948745473
611.0,6.0,1.6773065213560585,3.735541,5.60097,3.1807117736962693
611.0,12.0,-0.49138187840384706,-1.00538,1.724803,1.0120233739363638
611.0,19.0,5.042460913457489,-0.734989,10.209667,6.5458661657977
611.0,24.0,-12.06114859709324,0.828185,-0.983114,-10.557743344753028
611.0,25.0,-6.740505015294312,-8.016789,-4.908013,-5.237099762954101
611.0,29.0,-5.943678231643355,-10.98646,-9.748512,-4.440272979303145
612.0,2.0,3.7215929859374697,4.495827,4.238446,5.071805070222028
612.0,5.0,3.7397167165547174,4.059535,9.911271,5.089928800839275
612.0,6.0,1.4475157021141847,5.666871,5.672041,2.7977277863987426
612.0,12.0,-0.576215006217387,1.050286,1.743082,0.773997078067171
612.0,19.0,5.156900145100362,33.065492,10.252878,6.50711222938492
612.0,24.0,-12.140632216480913,-3.384696,-1.062862,-10.790420132196356
612.0,25.0,-6.817216793998988,-9.473759,-4.866783,-5.46700470971443
612.0,29.0,-6.23312550945178,-11.57235,-9.742537,-4.882913425167222
613.0,2.0,3.806090826862997,5.042969,4.266346,5.598153512017365
613.0,5.0,3.510103513290904,9.141853,9.866131,5.302166198445272
613.0,6.0,1.229124399626123,4.107983,5.730478,3.021187084780492
613.0,12.0,-0.6116007351482011,2.386121,1.754501,1.1804619500061677
613.0,19.0,5.197980521625674,42.838012,10.289637,6.990043206780042
613.0,24.0,-12.17414995561544,-1.935573,-1.132479,-10.382087270461072
613.0,25.0,-6.695073494255595,-6.008257,-4.835511,-4.903010809101227
613.0,29.0,-5.588335491732194,-10.371095,-9.740171,-3.7962728065778255
613.0,31.0,-4.374038938737115,-7.341649,-9.035035,-2.5819762535827464
614.0,2.0,3.932259309204685,2.255006,4.322713,5.1960519410550745
614.0,5.0,3.5398912144310106,5.443686,9.827219,4.8036838462814
614.0,6.0,1.2251915234354573,4.272446,5.820898,2.4889841552858467
614.0,12.0,-0.6048374239450638,1.926595,1.788036,0.6589552079053256
614.0,19.0,5.291864797442365,28.052643,10.350684,6.555657429292754
614.0,24.0,-12.062890898115594,6.985381,-1.215818,-10.799098266265204
614.0,25.0,-6.6332700466088035,-5.301218,-4.786883,-5.369477414758414
614.0,29.0,-5.774094107155894,-9.138846,-9.739479,-4.510301475305504
614.0,31.0,-5.7438534328046345,-4.991783,-8.96513,-4.480060800954245
615.0,2.0,3.642198943058398,-2.409065,4.408046,5.941975281222435
615.0,5.0,2.777641195088787,10.564725,9.846109,5.077417533252824
615.0,6.0,1.037394575540679,2.465688,5.901851,3.3371709137047163
615.0,12.0,-0.9064648474011028,-3.422611,1.864871,1.3933114907629345
615.0,19.0,4.81808346626161,-6.284432,10.400993,7.117859804425647
615.0,24.0,-12.182403276657288,-0.040902,-1.232997,-9.882626938493251
615.0,25.0,-6.675094279134611,-14.001168,-4.720293,-4.375317940970573
615.0,29.0,-6.209646303767347,-12.667914,-9.720949,-3.9098699656033093
615.0,31.0,-8.706963963871296,-26.21126,-8.93796,-6.407187625707259
616.0,2.0,3.616414540847014,5.636422,4.570695,5.572164834043876
616.0,5.0,2.554022939888755,10.013228,9.898971,4.509773233085617
616.0,6.0,0.8546466808824764,5.817435,6.02111,2.810396974079338
616.0,12.0,-1.097128029449025,0.985302,2.030534,0.8586222637478367
616.0,19.0,4.671821228786424,20.360647,10.451662,6.627571521983286
616.0,24.0,-12.162273407481738,23.089172,-1.206229,-10.206523114284876
616.0,25.0,-6.714055740740894,-8.741058,-4.574848,-4.758305447544032
616.0,29.0,-6.277628061304723,-13.178247,-9.646278,-4.3218777681078615
616.0,31.0,-7.327467292181044,-24.282362,-8.899088,-5.371716998984183
617.0,2.0,3.948054473060738,-0.444995,4.755904,5.111275465013485
617.0,5.0,2.6549957047455237,7.250788,9.94555,3.8182166966982707
617.0,6.0,0.9009819861418524,2.08826,6.178193,2.0642029780945994
617.0,12.0,-0.941628739486327,-3.591342,2.207102,0.22159225246642
617.0,19.0,5.596681394166854,13.050278,10.534453,6.759902386119601
617.0,24.0,-11.83860866308837,49.601274,-1.213128,-10.675387671135624
617.0,25.0,-6.36162085016745,-9.813425,-4.418688,-5.198399858214703
617.0,29.0,-5.513433535387385,-13.524152,-9.582348,-4.350212543434639
617.0,31.0,-3.989364036678518,-12.286174,-8.842879,-2.826143044725771
618.0,2.0,3.9961770315674734,11.547266,4.853909,4.239581859728507
618.0,5.0,2.4755402706922816,10.539305,9.937724,2.7189450988533155
618.0,6.0,1.2391592587899147,6.198418,6.310149,1.4825640869509487
618.0,12.0,-0.9878116667189776,6.966488,2.273796,-0.7444068385579437
618.0,19.0,5.842820437809895,8.261704,10.635566,6.086225265970929
618.0,25.0,-6.383516217361501,-2.336717,-4.356076,-6.1401113892004675
618.0,29.0,-5.090153519520598,-4.851737,-9.595528,-4.846748691359564
618.0,31.0,-4.021799011890447,-2.326891,-8.784635,-3.7783941837294135
619.0,2.0,3.983709376798899,10.959636,4.929239,4.037118023889419
619.0,5.0,2.6944999605533777,7.139183,9.907745,2.747908607643897
619.0,6.0,0.897172735803542,11.973776,6.440661,0.9505813828940616
619.0,12.0,-1.1032255116815755,10.064336,2.309542,-1.049816864591056
619.0,25.0,-6.441859516036739,-0.848244,-4.316551,-6.388450868946219
619.0,29.0,-4.839862077417672,-4.07249,-9.629516,-4.786453430327152
619.0,31.0,-4.0437776493147455,7.272325,-8.717648,-3.990369002224226
620.0,2.0,3.786144009120857,4.42772,4.985315,3.866163230008488
620.0,5.0,2.747633501048318,10.354012,9.863702,2.827652721935949
620.0,6.0,1.0772028532796316,7.223059,6.566311,1.1572220741672625
620.0,12.0,-1.2330901188640442,0.686078,2.320761,-1.1530708979764133
620.0,25.0,-6.430216934904517,-4.316957,-4.29684,-6.350197714016886
620.0,29.0,-5.409399600134586,-11.984086,-9.679752,-5.329380379246955
621.0,2.0,3.8231011827809436,9.252422,5.061668,5.233182658584445
621.0,5.0,2.9610179124646123,7.48573,9.836434,4.371099388268114
621.0,6.0,0.2165455394451543,11.60365,6.680365,1.6266270152486557
621.0,12.0,-1.2745689107056033,5.400244,2.368007,0.1355125650978981
621.0,24.0,-12.351377853330234,-4.760821,-1.657848,-10.941296377526733
621.0,25.0,-6.644485755004798,-1.801111,-4.242542,-5.234404279201296
621.0,29.0,-5.336660334211686,-8.586139,-9.688441,-3.9265788584081847
622.0,2.0,3.733433798973568,9.568007,5.164795,5.020995292674225
622.0,5.0,2.8281178018203796,12.390019,9.868292,4.115679295521037
622.0,6.0,0.5179894308797746,8.348614,6.770389,1.8055509245804315
622.0,12.0,-1.3007070794849724,7.195682,2.46438,-0.013145585784315461
622.0,24.0,-12.463658684160222,3.70209,-1.664304,-11.176097190459565
622.0,25.0,-6.342852931842046,-5.571339,-4.161808,-5.0552914381413885
622.0,29.0,-4.753533978690905,-8.584266,-9.661838,-3.4659724849902482
623.0,2.0,3.8030943415537273,5.653535,5.221277,3.205962508803516
623.0,5.0,2.8764374920453966,5.697568,9.924158,2.2793056592951855
623.0,6.0,1.0314783170086317,9.222055,6.830125,0.4343464842584206
623.0,12.0,-1.2920989773773934,2.04673,2.506873,-1.8892308101276045
623.0,24.0,-12.111659894816835,0.68946,-1.673926,-12.708791727567046
623.0,25.0,-6.375425918804253,-2.748787,-4.154898,-6.972557751554464
623.0,29.0,-4.045441980012838,-9.360901,-9.697838,-4.642573812763049
624.0,2.0,3.84335875847043,7.49225,5.290323,5.106528544562277
624.0,5.0,2.2770361525162173,5.295844,9.916936,3.5402059386080644
624.0,6.0,0.45454402818713646,7.474734,6.948058,1.7177138142789836
624.0,12.0,-1.1917902419387314,2.629891,2.538395,0.07137954415311576
624.0,24.0,-12.441527142385556,8.294606,-1.776966,-11.17835735629371
624.0,25.0,-6.647935463404742,-5.511533,-4.132047,-5.3847656773128945
624.0,29.0,-4.7395601184551035,-8.453104,-9.744391,-3.4763903323632563
625.0,2.0,3.6705109755706573,8.243838,5.310436,5.1250661844158225
625.0,5.0,1.7845103051794986,11.388646,9.896621,3.239065514024664
625.0,6.0,0.1546708977788267,5.518487,7.01114,1.609226106623992
625.0,12.0,-1.2581599185301897,1.830483,2.532033,0.1963952903149755
625.0,24.0,-12.461974855124808,10.50639,-1.85721,-11.007419646279644
625.0,25.0,-6.937194245413084,-3.030061,-4.13746,-5.482639036567919
625.0,29.0,-4.586509515063509,-10.248812,-9.786153,-3.1319543062183435
626.0,2.0,3.505518391593613,6.719428,5.271028,5.2647252097553245
626.0,5.0,1.6728252017815697,7.228268,9.927106,3.432032019943281
626.0,6.0,0.06747615613556768,8.472672,6.973468,1.8266829742972794
626.0,12.0,-1.5332659716997181,5.067062,2.493972,0.22594084646199364
626.0,19.0,4.900924327149214,11.583335,11.23869,6.660131145310926
626.0,24.0,-12.461403574463493,16.427785,-1.837944,-10.702196756301781
626.0,25.0,-7.050675859559913,0.233584,-4.195289,-5.2914690413982015
626.0,29.0,-5.664570426469158,-7.231696,-9.828791,-3.9053636083074466
626.0,31.0,-4.057474336916462,7.375583,-8.580333,-2.2982675187547503
627.0,2.0,3.630664222316243,8.788314,5.290817,5.361624593144241
627.0,5.0,1.5657837810976662,9.29864,9.961628,3.2967441519256644
627.0,6.0,-0.11540723725321556,8.396137,6.989493,1.6155531335747828
627.0,12.0,-1.4059012675828533,0.780561,2.510942,0.3250591032451451
627.0,19.0,5.448652236448529,-10.065682,11.263937,7.179612607276527
627.0,24.0,-12.427544953083306,4.054489,-1.829521,-10.696584582255307
627.0,25.0,-7.126237711162721,-4.88662,-4.19871,-5.395277340334723
627.0,29.0,-5.302588640824136,-11.956831,-9.846794,-3.571628269996138
627.0,31.0,-3.878148104687108,37.285647,-8.607851,-2.147187733859109
628.0,2.0,3.7925129444847183,15.53802,5.279369,3.675579891497225
628.0,5.0,2.2150005489147304,4.63459,9.959631,2.098067495927237
628.0,6.0,0.5922572864861335,10.00009,6.997141,0.47532423349864017
628.0,12.0,-1.1580754075765842,8.343878,2.489955,-1.2750084605640775
628.0,19.0,5.818829817247298,29.633125,11.286816,5.701896764259805
628.0,24.0,-11.602407405103822,11.128529,-1.856142,-11.719340458091315
628.0,25.0,-6.596076155116023,0.122797,-4.223754,-6.713009208103516
628.0,29.0,-3.818690871820588,-2.867679,-9.878138,-3.9356239248080813
628.0,31.0,-3.9089758430538852,5.104031,-8.615522,-4.025908896041378
629.0,2.0,3.6474803168226373,12.129823,5.263086,4.46821580989526
629.0,5.0,1.8510769738086523,9.624249,9.968432,2.671812466881275
629.0,6.0,0.2527146225853887,10.175171,6.99325,1.0734501156580114
629.0,12.0,-1.2399011407737541,7.845696,2.467808,-0.4191656477011314
629.0,25.0,-6.777012397766676,-1.412896,-4.254901,-5.956276904694053
629.0,29.0,-4.749558956259323,-5.905963,-9.910303,-3.9288234631867
629.0,31.0,-3.9308781414866596,-11.987962,-8.637047,-3.110142648414037
630.0,2.0,3.568092105135138,7.957652,5.280996,4.371506382259474
630.0,5.0,1.9839110134518698,11.698961,9.965937,2.7873252905762054
630.0,6.0,0.26487640480392205,6.920916,7.033233,1.0682906819282576
630.0,12.0,-1.2879532392381803,3.267334,2.470747,-0.48453896211384473
630.0,19.0,5.649024191196862,40.432186,11.345847,6.452438468321198
630.0,25.0,-6.761991815219267,-2.435988,-4.256347,-5.958577538094932
630.0,29.0,-4.988162471234219,-10.205313,-9.936095,-4.184748194109883
631.0,2.0,3.60761501319395,7.921958,5.291039,4.582899691704263
631.0,5.0,1.7174902779475634,8.868611,9.974358,2.692774956457877
631.0,6.0,0.32665019251795435,8.123653,7.054634,1.3019348710282679
631.0,12.0,-1.3096394557569915,2.17507,2.472385,-0.33435477724667806
631.0,19.0,5.599699839969864,6.009765,11.374214,6.574984518480177
631.0,24.0,-11.918793923046223,-10.657824,-1.928346,-10.94350924453591
631.0,25.0,-6.818523374360441,-5.023025,-4.262998,-5.843238695850128
631.0,29.0,-4.655976660503081,-10.863478,-9.957542,-3.680691981992767
631.0,31.0,-4.097254280408983,22.042798,-8.63409,-3.121969601898669
632.0,2.0,3.4754152695840865,4.571447,5.341632,4.599934257168304
632.0,5.0,1.698840119601412,8.131465,10.022799,2.823359107185629
632.0,6.0,0.05665160479294151,7.500083,7.082516,1.1811705923771585
632.0,12.0,-1.5679471742174305,1.960932,2.526896,-0.4434281866332135
632.0,25.0,-6.984254489532277,-3.693604,-4.232075,-5.85973550194806
632.0,29.0,-5.5247862999455855,-10.217815,-9.948142,-4.400267312361368
632.0,31.0,-4.257550805437463,15.086221,-8.656683,-3.1330318178532455
633.0,2.0,3.7284842967039395,2.285583,5.35541,5.172081942431468
633.0,5.0,2.0579863164703376,7.31057,10.069658,3.501583962197867
633.0,6.0,0.07059398715711929,5.227083,7.068932,1.5141916328846485
633.0,12.0,-1.315379591254735,-3.196425,2.552243,0.12821805447279422
633.0,19.0,5.096065896173156,14.97915,11.387084,6.539663541900685
633.0,24.0,-12.254202268556032,2.791125,-1.845973,-10.810604622828503
633.0,25.0,-6.932780502566398,-10.539946,-4.228278,-5.48918285683887
633.0,29.0,-4.862725663550967,-14.655028,-9.942297,-3.419128017823438
634.0,2.0,3.649073339512679,5.494127,5.366903,4.669794694862109
634.0,5.0,1.6670777398619503,11.057873,10.080998,2.68779909521138
634.0,6.0,0.08030153538732243,6.678687,7.089482,1.1010228907367523
634.0,12.0,-1.3214980392058044,6.728418,2.556312,-0.30077668385637457
634.0,19.0,4.814694248244644,20.451626,11.414349,5.835415603594074
634.0,24.0,-11.827646590671485,28.109808,-1.86116,-10.806925235322055
634.0,25.0,-6.928335692152791,-4.646219,-4.23367,-5.907614336803361
634.0,29.0,-4.435654848550505,-8.387871,-9.962273,-3.414933493201075
635.0,2.0,3.5077884510863093,8.930481,5.39053,5.324651349525284
635.0,5.0,1.5803473694875603,10.177379,10.084659,3.3972102679265346
635.0,6.0,-0.0688570633300607,9.569833,7.121295,1.7480058351089136
635.0,12.0,-1.460609116834977,6.043791,2.572371,0.35625378160399723
635.0,25.0,-7.008222208674847,-4.505788,-4.221894,-5.191359310235873
635.0,29.0,-5.620772464390873,-8.683527,-9.969941,-3.8039095659518987
636.0,2.0,3.7072431065811884,9.67429,5.37706,5.423136478616755
636.0,5.0,1.5464564608355715,12.095827,10.106194,3.262349832871138
636.0,6.0,-0.05383002352721533,7.056426,7.097189,1.662063348508351
636.0,12.0,-1.4140508463626373,4.768373,2.565946,0.3018425256729289
636.0,24.0,-11.915693145595917,19.822325,-1.853927,-10.19979977356035
636.0,25.0,-6.955973831720399,-3.129589,-4.238848,-5.240080459684833
636.0,29.0,-4.898362496707704,-9.125376,-9.97659,-3.1824691246721377
637.0,2.0,3.5183919701333792,10.922976,5.368429,5.331788108243953
637.0,5.0,1.608155561369335,7.626271,10.115984,3.4215516994799087
637.0,6.0,0.026330570777084006,9.28893,7.068702,1.8397267088876577
637.0,12.0,-1.396224836541002,4.282628,2.570844,0.4171713015695717
637.0,24.0,-12.242261314480814,0.013456,-1.81688,-10.428865176370241
637.0,25.0,-6.880983743680555,-1.540025,-4.234455,-5.067587605569981
637.0,29.0,-5.205127162396223,-7.493488,-9.956655,-3.391731024285649
638.0,2.0,3.5807690170630266,7.568958,5.357992,5.274005161646064
638.0,5.0,1.6486881128280118,5.157904,10.14912,3.341924257411049
638.0,6.0,-0.10671697970952643,9.00104,7.025272,1.5865191648735109
638.0,12.0,-1.350129428984498,2.718521,2.580055,0.3431067155985392
638.0,24.0,-12.253233259900362,1.1071,-1.752129,-10.559997115317325
638.0,25.0,-6.836887513071426,-6.096565,-4.236772,-5.143651368488388
638.0,29.0,-5.047004558723,-9.262918,-9.937755,-3.3537684141399624
639.0,2.0,3.4009585208262045,9.681743,5.431329,4.735971073697945
639.0,5.0,1.9553611292151647,12.307662,10.157493,3.290373682086905
639.0,6.0,0.16168313337110618,10.957309,7.07977,1.4966956862428462
639.0,12.0,-1.4512670769283997,7.185119,2.656294,-0.1162545240566597
639.0,19.0,5.536118771789276,14.638908,11.380245,6.871131324661016
639.0,24.0,-12.200361007703666,2.168058,-1.745927,-10.865348454831926
639.0,25.0,-6.698055034663829,-2.50073,-4.15975,-5.363042481792089
639.0,29.0,-4.912241644808373,-10.094503,-9.890786,-3.5772290919366325
639.0,31.0,-3.906682209939712,11.984083,-8.743847,-2.5716696570679716
640.0,2.0,3.999950114320651,-6.272006,5.519313,5.143526824150689
640.0,5.0,1.6584728770590393,6.758003,10.152387,2.8020495868890767
640.0,6.0,-0.021305501666072146,-1.199317,7.152566,1.1222712081639652
640.0,12.0,-1.3293131065476862,-7.991694,2.744437,-0.18573639671764886
640.0,19.0,5.619667312475485,11.192017,11.400891,6.763244022305523
640.0,24.0,-11.834615086214116,-2.88291,-1.754358,-10.691038376384078
640.0,25.0,-6.884841123244794,-13.734574,-4.063213,-5.741264413414756
640.0,29.0,-4.551154328676756,-16.719582,-9.832509,-3.407577618846719
640.0,31.0,-4.10713066294594,28.862027,-8.685568,-2.9635539531159023
641.0,2.0,3.855959698240076,12.988985,5.628907,4.9549331156366465
641.0,5.0,1.8456980100785891,12.231569,10.18823,2.9446714274751598
641.0,6.0,0.036234712595181406,12.912924,7.213253,1.135208129991752
641.0,12.0,-1.3201068765619777,14.727226,2.868602,-0.22113345916540705
641.0,19.0,5.729935085031951,55.372776,11.404496,6.828908502428521
641.0,24.0,-12.244039727344287,7.876994,-1.706159,-11.145066309947715
641.0,25.0,-6.788993231802034,2.096028,-3.946741,-5.6900198144054634
641.0,29.0,-4.244896899792812,-4.61249,-9.751049,-3.145923482396241
641.0,31.0,-3.751186196264878,-3.646377,-8.655588,-2.652212778868307
642.0,2.0,3.8148780447715804,9.905679,5.710827,4.134560472297087
642.0,5.0,2.021055079356536,5.666488,10.272897,2.3407375068820433
642.0,6.0,0.2044311044429632,8.557439,7.213679,0.5241135319684704
642.0,12.0,-1.2355029342104706,3.68138,2.984147,-0.9158205066849634
642.0,19.0,5.665420669857145,19.718703,11.371225,5.985103097382652
642.0,24.0,-11.971624883768836,7.209114,-1.583573,-11.65194245624333
642.0,25.0,-6.680591047098948,-4.448909,-3.860693,-6.36090861957344
642.0,29.0,-3.941696633381619,-10.023618,-9.671712,-3.622014205856112
642.0,31.0,-3.9530278861842225,35.236436,-8.691029,-3.6333454586587153
643.0,2.0,3.7942772665532054,9.436206,5.73869,3.9824755744278173
643.0,5.0,1.9334143073318915,8.340631,10.277163,2.1216126152065033
643.0,6.0,0.24834528674201906,6.261015,7.199366,0.43654359461663084
643.0,12.0,-1.2038502917824143,5.078333,3.03578,-1.0156519839078024
643.0,19.0,5.343013160552417,35.940259,11.323396,5.531211468427029
643.0,24.0,-12.109444598994457,-0.12549,-1.525826,-11.921246291119846
643.0,25.0,-6.6846009828099175,-4.841032,-3.799439,-6.496402674935306
643.0,29.0,-3.7431131010168244,-8.043324,-9.599687,-3.5549147931422125
643.0,31.0,-3.6582499258733367,8.660493,-8.6727,-3.470051617998725
644.0,2.0,3.7734447839476495,3.995465,5.665447,3.8625672054965015
644.0,5.0,1.9899322485516198,10.530914,10.153104,2.0790546701004717
644.0,6.0,0.15715932804290667,5.091394,7.183257,0.2462817495917585
644.0,12.0,-1.2118741899292793,4.428707,2.949158,-1.1227517683804276
644.0,19.0,5.502310254767,26.076786,11.301265,5.5914326763158515
644.0,25.0,-6.613348305183228,-4.013229,-3.824452,-6.524225883634377
644.0,29.0,-4.173228508140525,-9.084781,-9.601481,-4.084106086591674
644.0,31.0,-3.697269631446371,54.363674,-8.583502,-3.608147209897519
645.0,2.0,3.634251619222603,8.067291,5.536117,3.702679080434775
645.0,5.0,1.9858360392254166,9.772123,9.994153,2.054263500437589
645.0,6.0,0.262421924640007,8.994915,7.125018,0.33084938585217916
645.0,12.0,-1.113234429356412,4.180927,2.808136,-1.04480696814424
645.0,19.0,5.494663148563163,15.454996,11.250633,5.563090609775335
645.0,24.0,-11.714719140791185,-4.757438,-1.733607,-11.646291679579013
645.0,25.0,-6.486055606830171,-3.735944,-3.886334,-6.417628145617999
645.0,29.0,-3.5097797635286385,-10.697874,-9.612527,-3.4413523023164663
645.0,31.0,-3.7254627482887304,65.016705,-8.489049,-3.657035287076558
646.0,2.0,3.87488471020173,6.49155,5.444196,4.2223273705324935
646.0,5.0,1.8546114461263299,6.20386,9.895099,2.2020541064570933
646.0,6.0,0.4207134609476988,5.530916,7.063652,0.7681561212784622
646.0,12.0,-1.1661847483551622,3.006056,2.719373,-0.8187420880243987
646.0,19.0,5.641900694957286,19.45627,11.191849,5.9893433552880495
646.0,24.0,-11.93070983819219,20.772521,-1.776292,-11.583267177861426
646.0,25.0,-6.554634443393663,-5.401696,-3.921965,-6.2071917830629
646.0,29.0,-3.7215588146159098,-7.668063,-9.601504,-3.3741161542851463
647.0,2.0,3.6356636808609455,7.785732,5.391477,3.962432921562871
647.0,5.0,2.072729971569154,13.953814,9.794735,2.3994992122710794
647.0,6.0,0.24909429392252846,6.497567,7.073346,0.575863534624454
647.0,12.0,-1.2342961584108187,5.247009,2.644784,-0.9075269177088932
647.0,24.0,-11.938570811486777,5.946334,-1.883401,-11.611801570784852
647.0,25.0,-6.667514330208845,-1.618115,-3.951201,-6.340745089506919
647.0,29.0,-3.6239384034194986,-8.78341,-9.626014,-3.297169162717573
648.0,2.0,3.7052636872446065,-1.683024,5.334064,3.8196228025000525
648.0,5.0,2.2450183588902926,3.023962,9.79595,2.3593774741457385
648.0,6.0,0.07971398747869873,3.904097,7.020022,0.1940731027341447
648.0,12.0,-1.215558673287643,-5.732285,2.592701,-1.1011995580321972
648.0,19.0,5.4758855964887765,-2.84599,11.179638,5.590244711744223
648.0,24.0,-12.133441345281874,14.657813,-1.869145,-12.019082230026427
648.0,25.0,-6.519264584891608,-13.768585,-4.005602,-6.404905469636162
648.0,29.0,-3.292156044367551,-14.997207,-9.652173,-3.177796929112105
649.0,2.0,3.7146092185194526,4.955197,5.260285,5.000978690853118
649.0,5.0,1.8764993440715827,7.590291,9.786649,3.162868816405248
649.0,6.0,0.05720198325253811,5.800098,6.949595,1.3435714555862033
649.0,12.0,-1.2625722838129594,-0.326175,2.527864,0.02379718852070578
649.0,19.0,5.609738262861338,12.182666,11.14067,6.896107735195003
649.0,24.0,-12.247977624923134,16.69925,-1.85076,-10.96160815258947
649.0,25.0,-6.651156428514808,-9.839638,-4.066102,-5.364786956181143
649.0,29.0,-4.418419036603415,-12.891012,-9.673229,-3.1320495642697495
650.0,2.0,3.65504978188331,0.347625,5.208857,4.653387049309369
650.0,5.0,1.7112945798297634,4.426422,9.752674,2.7096318472558227
650.0,6.0,0.04600771373813206,3.680705,6.892918,1.0443449811641914
650.0,12.0,-1.4100712583522768,2.429136,2.490564,-0.4117339909262173
650.0,19.0,5.357010790930985,25.300997,11.085776,6.355348058357045
650.0,24.0,-12.198617332503147,10.976129,-1.833484,-11.200280065077088
650.0,25.0,-6.693885414980196,-7.303642,-4.080878,-5.6955481475541365
650.0,29.0,-4.557459631653149,-8.574662,-9.651189,-3.5591223642270897
650.0,31.0,-3.6089664282118097,47.095917,-8.418413,-2.6106291607857504
651.0,2.0,3.6633845087585186,5.321566,5.161784,5.06282912479316
651.0,5.0,1.727803698769172,6.017879,9.664467,3.1272483148038126
651.0,6.0,-0.049840181187269295,5.530902,6.86743,1.3496044348473712
651.0,12.0,-1.329814388538714,2.72205,2.445526,0.06963022749592662
651.0,24.0,-12.148995744437471,8.190843,-1.874874,-10.74955112840283
651.0,25.0,-6.74739620489567,-7.211715,-4.076711,-5.347951588861029
651.0,29.0,-4.220878075256393,-7.567075,-9.620927,-2.8214334592217525
652.0,2.0,3.8761968983869437,8.186501,5.19647,5.181047991225759
652.0,5.0,1.8592283023396572,10.997338,9.66127,3.1640793951784727
652.0,6.0,-0.02252256813221898,6.217311,6.878384,1.2823285247065965
652.0,12.0,-1.2376079708454006,3.871224,2.492109,0.06724312199341487
652.0,24.0,-12.313296137175124,21.636517,-1.850665,-11.008445044336309
652.0,25.0,-6.628115115954106,-5.09017,-4.020927,-5.323264023115291
652.0,29.0,-3.986062272705678,-10.500009,-9.568778,-2.6812111798668625
653.0,2.0,3.874877223557263,4.51602,5.23709,4.4011443178948895
653.0,5.0,2.015883956955861,10.678975,9.675174,2.5421510512934873
653.0,6.0,-0.06113915680072246,4.253752,6.883563,0.46512793753690396
653.0,12.0,-1.226547603818351,2.63552,2.549591,-0.7002805094807245
653.0,24.0,-12.181748611576626,14.232471,-1.805463,-11.655481517239
653.0,25.0,-6.616044481867371,-5.052942,-3.96166,-6.089777387529745
653.0,29.0,-3.455268808210205,-9.451011,-9.511692,-2.929001713872579
654.0,2.0,3.841387450395727,3.429715,5.299496,4.432508217810314
654.0,5.0,2.0226956046593845,9.672462,9.681092,2.6138163720739716
654.0,6.0,-0.0603466550451337,8.207841,6.909877,0.5307741123694534
654.0,12.0,-1.2054328955679585,3.052883,2.627334,-0.6143121281533714
654.0,24.0,-12.172134118408643,-0.753769,-1.769218,-11.581013350994056
654.0,25.0,-6.578833056624226,-4.251603,-3.876663,-5.987712289209639
654.0,29.0,-3.5114225161001222,-10.585131,-9.439088,-2.920301748685535
655.0,2.0,3.8250860107038385,5.992367,5.367471,3.8392399173387792
655.0,5.0,2.0608386529519986,11.814522,9.715838,2.0749925595869394
655.0,6.0,0.0005485923368091505,5.970371,6.927542,0.014702498971749911
655.0,12.0,-1.2280500017057987,3.788367,2.716081,-1.213896095070858
655.0,24.0,-11.609248194560717,-26.950219,-1.704691,-11.595094287925775
655.0,25.0,-6.386793524979481,-6.413065,-3.794768,-6.37263961834454
655.0,29.0,-3.0392357790795974,-8.31671,-9.368278,-3.0250818724446566
656.0,2.0,3.6971911966492286,6.027919,5.46231,4.575844141469471
656.0,5.0,2.150585768940384,11.443858,9.773869,3.0292387137606265
656.0,6.0,0.17069624852317844,4.792526,6.952811,1.0493491933434211
656.0,12.0,-1.3326567482776341,2.853204,2.838221,-0.45400380345739144
656.0,24.0,-12.029536563180784,-19.057089,-1.613067,-11.150883618360542
656.0,25.0,-6.977933755060404,-4.859976,-3.688432,-6.099280810240161
656.0,29.0,-4.747731054027405,-7.975971,-9.279245,-3.869078109207162
657.0,2.0,3.816295006043621,-3.184979,5.491006,4.571951059552327
657.0,5.0,2.152004304583368,5.78143,9.745271,2.9076603580920737
657.0,6.0,0.2871989877287975,4.001684,6.953588,1.042855041237503
657.0,12.0,-1.280068246696208,-0.494906,2.884798,-0.5244121931875022
657.0,24.0,-11.985568432264524,-9.617429,-1.587258,-11.229912378755818
657.0,25.0,-6.838722936605562,-8.132679,-3.615443,-6.083066883096856
657.0,29.0,-4.790286681152792,-16.6329,-9.199687,-4.034630627644086
657.0,31.0,-4.270242717154609,136.929526,-8.210527,-3.5145866636459036
658.0,2.0,3.635960999456193,-5.943409,5.469711,5.6335909744174515
658.0,5.0,2.0692031758120795,-1.441793,9.613684,4.066833150773338
658.0,6.0,0.22250544707721254,-0.696699,6.960727,2.220135422038471
658.0,12.0,-1.24779280643697,-5.580176,2.862134,0.749837168524288
658.0,24.0,-12.68288897157637,3.11435,-1.660666,-10.685258996615111
658.0,25.0,-6.986578121703342,-14.115621,-3.563117,-4.988948146742084
658.0,29.0,-4.986518702607966,-18.170419,-9.132473,-2.9888887276467075
658.0,31.0,-4.491373713331325,124.816008,-8.078229,-2.4937437383700667
659.0,2.0,3.403796743316569,1.408517,5.432333,4.208434788096304
659.0,5.0,2.3971705730987285,7.833779,9.44904,3.2018086178784637
659.0,6.0,0.5658787389387943,4.271895,6.954636,1.3705167837185295
659.0,12.0,-1.5298748217470628,-1.021191,2.82686,-0.7252367769673277
659.0,24.0,-12.329261101212964,1.154296,-1.741928,-11.52462305643323
659.0,25.0,-6.700748652300626,-7.276794,-3.503514,-5.896110607520891
659.0,29.0,-5.015349369352625,-12.102066,-9.04542,-4.21071132457289
659.0,31.0,-4.211898389302975,11.931778,-7.918039,-3.40726034452324
660.0,2.0,3.6605932431341195,-4.760429,5.402753,4.4065727271997215
660.0,5.0,2.1473986720996514,-1.66242,9.314362,2.8933781561652534
660.0,6.0,0.2637306190106319,-2.394322,6.938344,1.0097101030762339
660.0,12.0,-1.2367923903368205,-5.297138,2.806809,-0.49081290627121854
660.0,19.0,4.988273501109678,3.585934,10.705246,5.73425298517528
660.0,24.0,-12.005451828511458,2.02928,-1.789409,-11.259472344445856
660.0,25.0,-6.916507520162403,-16.010048,-3.442434,-6.170528036096801
660.0,29.0,-4.616383134239259,-19.872773,-8.954533,-3.8704036501736567
660.0,31.0,-5.361668269454062,116.958539,-7.78424,-4.61568878538846
661.0,2.0,3.7277838739295497,-1.420605,5.383196,4.403849410261484
661.0,5.0,1.958294895965616,6.307842,9.288692,2.63436043229755
661.0,6.0,0.14824509237943495,-0.407383,6.913809,0.8243106287113691
661.0,12.0,-1.3438567600963394,-3.716474,2.796246,-0.6677912237644053
661.0,19.0,4.184147691502753,0.581353,10.672479,4.860213227834687
661.0,25.0,-6.977943696651456,-15.349335,-3.435419,-6.301878160319522
661.0,29.0,-4.743222072933394,-17.041878,-8.929698,-4.06715653660146
661.0,31.0,-4.532660179240177,73.019245,-7.765407,-3.8565946429082434
662.0,2.0,3.678793466921448,3.427481,5.382503,4.72097279991292
662.0,5.0,2.3043554360495326,6.556797,9.275697,3.346534769041004
662.0,6.0,0.37865669617858533,4.940324,6.87598,1.4208360291700566
662.0,12.0,-1.1983454031121346,4.108596,2.821389,-0.1561660701206633
662.0,19.0,5.6807043419765755,-15.164418,10.607153,6.722883674968047
662.0,24.0,-12.328613137278932,-8.251617,-1.726667,-11.28643380428746
662.0,25.0,-6.750975854856487,-6.692423,-3.39142,-5.7087965218650165
662.0,29.0,-4.781533937735948,-10.365259,-8.859636,-3.739354604744477
662.0,31.0,-5.27048543491009,46.678334,-7.744407,-4.228306101918619
663.0,2.0,3.340534170505201,-1.775684,5.336681,3.543694239496126
663.0,5.0,2.4915358328611603,4.061183,9.265411,2.6946959018520853
663.0,6.0,0.41283331659203526,-0.938474,6.793653,0.6159933855829601
663.0,12.0,-1.6058739945589693,-4.48303,2.806509,-1.4027139255680443
663.0,19.0,5.686289018518316,21.533232,10.520504,5.889449087509241
663.0,24.0,-12.143426768575763,22.717972,-1.655663,-11.940266699584837
663.0,25.0,-6.630320690299231,-14.832763,-3.389883,-6.427160621308307
663.0,29.0,-4.518121806367663,-15.996833,-8.808199,-4.314961737376739
663.0,31.0,-4.353854969232003,52.376733,-7.752378,-4.150694900241079
664.0,2.0,3.7662493653908697,-7.483927,5.213582,5.189088629866783
664.0,5.0,1.8662921340842793,-4.907332,9.137402,3.2891313985601927
664.0,6.0,0.08895021936057557,-4.18027,6.704955,1.511789483836489
664.0,12.0,-1.3321564918013875,-8.889267,2.690654,0.09068277267452585
664.0,24.0,-12.08532557313774,-6.600096,-1.70097,-10.662486308661826
664.0,25.0,-7.063487590612591,-16.396214,-3.435911,-5.640648326136677
664.0,29.0,-5.152683983438836,-18.405597,-8.787844,-3.7298447189629225
664.0,31.0,-5.098505996223236,102.760521,-7.683445,-3.6756667317473224
665.0,2.0,3.825357667230275,7.647479,5.155234,5.24590706023451
665.0,5.0,1.6899585174565503,9.421107,9.067097,3.1105079104607847
665.0,6.0,-0.03940463571549202,5.691649,6.686395,1.3811447572887423
665.0,12.0,-1.4064866923682162,2.066845,2.622091,0.01406270063601811
665.0,25.0,-7.057361461917159,-7.467038,-3.471822,-5.636812068912924
665.0,29.0,-5.148101736431203,-9.424521,-8.805975,-3.7275523434269684
666.0,2.0,3.725326999402114,12.301384,5.117032,5.090952984707916
666.0,5.0,1.833885147669685,12.12301,8.98507,3.199511132975487
666.0,6.0,-0.028469726139472407,9.931002,6.683193,1.3371562591663295
666.0,12.0,-1.3451910697885436,8.772285,2.575275,0.02043491551725829
666.0,19.0,5.3319577212005065,13.540514,10.410669,6.697583706506308
666.0,25.0,-6.954028376591985,-0.087812,-3.476985,-5.588402391286183
666.0,29.0,-5.2323578060052895,-6.184883,-8.799302,-3.8667318206994876
667.0,2.0,4.042402164934376,1.662919,5.107197,3.573028550233088
667.0,5.0,2.314683814040384,2.667856,8.941727,1.8453101993390955
667.0,6.0,0.1585761872079008,5.78995,6.673111,-0.3107974274933878
667.0,12.0,-1.2307800378059595,-0.421718,2.571863,-1.700153652507248
667.0,19.0,5.290022242366518,25.666701,10.380018,4.82064862766523
667.0,24.0,-11.790811247493366,-12.366837,-1.834222,-12.260184862194654
667.0,25.0,-6.946271821497057,-5.067594,-3.452891,-7.415645436198346
667.0,29.0,-3.784851153463947,-8.638193,-8.762736,-4.254224768165235
668.0,2.0,3.845992133272336,-0.072109,5.104801,4.500181263397067
668.0,5.0,2.118086251993504,9.089137,8.942323,2.7722753821182358
668.0,6.0,-0.054760162234809506,4.242492,6.650062,0.5994289678899221
668.0,12.0,-1.2870922929503594,1.321608,2.583647,-0.6329031628256279
668.0,19.0,5.3324427453056344,22.501576,10.347367,5.986631875430366
668.0,24.0,-12.1382130911878,21.140919,-1.80074,-11.48402396106307
668.0,25.0,-6.749271775721746,-9.922253,-3.435518,-6.095082645597014
668.0,29.0,-4.1111418338751315,-12.71882,-8.731265,-3.4569527037504
669.0,2.0,3.7577402824774957,5.43889,5.06118,5.6774472916341985
669.0,5.0,1.8175094631951563,9.627019,8.954748,3.737216472351859
669.0,6.0,-0.21418986316754207,6.706127,6.587396,1.705517145989161
669.0,12.0,-1.444546386596743,3.957587,2.557337,0.47516062255996006
669.0,19.0,5.463420813558502,33.915995,10.302362,7.383127822715204
669.0,24.0,-12.374666169984447,-12.418211,-1.751637,-10.454959160827745
669.0,25.0,-7.051828552464228,-1.614388,-3.464712,-5.132121543307525
669.0,29.0,-4.835462090113339,-7.494569,-8.726861,-2.915755080956636
670.0,2.0,3.831812103844559,7.339337,5.042595,5.620791354532418
670.0,5.0,1.858925574945772,3.313033,9.015954,3.6479048256336313
670.0,6.0,-0.33214956183180533,8.047031,6.558328,1.456829688856054
670.0,12.0,-1.4454789737692755,1.136752,2.542622,0.34350027691858376
670.0,19.0,4.562360361410175,16.373639,10.312538,6.351339612098034
670.0,24.0,-12.500725033351856,3.437726,-1.711525,-10.711745782663996
670.0,25.0,-7.04689160682056,-5.369493,-3.515234,-5.2579123561327
670.0,29.0,-5.185994625833512,-9.243966,-8.771249,-3.397015375145653
671.0,2.0,4.083299908256347,4.711839,5.327626,5.779018064997592
671.0,5.0,1.5784690899729155,8.023215,9.153415,3.27418724671416
671.0,6.0,-0.5162484556622333,5.816149,6.670212,1.1794697010790114
671.0,12.0,-1.5965459686161898,3.011145,2.888978,0.0991721881250549
671.0,19.0,4.31240756121618,21.129041,10.275211,6.008125717957425
671.0,24.0,-12.084740521168538,-11.098015,-1.504043,-10.389022364427293
671.0,25.0,-7.227802319912435,-2.314839,-3.202966,-5.53208416317119
671.0,29.0,-5.264541894596788,-7.481811,-8.527359,-3.5688237378555434
672.0,2.0,3.8219022262972793,7.761233,5.665118,5.4180916250301685
672.0,5.0,2.14347795378659,6.093687,9.266209,3.739667352519479
672.0,6.0,-0.15446354759938696,7.845265,6.759556,1.4417258511335018
672.0,12.0,-1.3231124149405802,6.881216,3.331432,0.2730769837923086
672.0,24.0,-12.478148866569908,17.435172,-1.20451,-10.881959467837019
672.0,25.0,-6.981371321317555,-0.87454,-2.757086,-5.385181922584666
672.0,29.0,-5.187404636337277,-5.218599,-8.126277,-3.591215237604388
673.0,2.0,3.904150024211784,0.939792,5.746271,5.108558544941168
673.0,5.0,1.9880775058140499,4.891093,9.355596,3.1924860265434343
673.0,6.0,-0.1721947093087639,3.005677,6.744148,1.0322138114206205
673.0,12.0,-1.4526163525250624,-0.657023,3.456007,-0.24820783179567796
673.0,24.0,-11.885036348290534,14.582709,-1.05738,-10.68062782756115
673.0,25.0,-6.923434033473542,-9.954725,-2.660447,-5.719025512744157
673.0,29.0,-5.123370066656909,-9.53032,-8.02769,-3.9189615459275244
674.0,2.0,3.7901237480638414,5.721685,5.855816,5.138226719823174
674.0,5.0,1.714569515780557,4.791714,9.395778,3.0626724875398894
674.0,6.0,-0.29245606983795014,2.606215,6.793103,1.0556469019213823
674.0,12.0,-1.382178543856412,1.851653,3.587081,-0.034075572097079565
674.0,24.0,-11.814636562367646,42.164042,-0.990822,-10.466533590608314
674.0,25.0,-7.081832431131661,-6.321421,-2.535918,-5.733729459372329
674.0,29.0,-5.056016432511034,-9.234374,-7.931471,-3.7079134607517013
674.0,31.0,-5.520163952944534,12.729329,-7.508672,-4.172060981185202
675.0,2.0,3.817180044095256,8.606269,5.984513,5.239403273888684
675.0,5.0,1.639669917230962,10.004866,9.463822,3.0618931470243904
675.0,6.0,-0.3884896759975405,7.228746,6.874347,1.033733553795888
675.0,12.0,-1.469745165844306,3.297386,3.723722,-0.0475219360508774
675.0,19.0,5.240625539869795,20.473185,10.102475,6.662848769663223
675.0,24.0,-11.828184061334408,-7.698014,-0.944209,-10.40596083154098
675.0,25.0,-7.051772267358914,-4.340048,-2.426841,-5.629549037565486
675.0,29.0,-5.084453112043005,-9.36364,-7.87433,-3.6622298822495765
676.0,2.0,3.7040632681293815,10.794991,6.0263,5.22036032113408
676.0,5.0,1.783041618464412,8.936776,9.530208,3.29933867146911
676.0,6.0,-0.22151800280306055,9.721112,6.898367,1.2947790502016376
676.0,12.0,-1.3491363544531265,8.511557,3.765888,0.16716069855157167
676.0,19.0,5.417200001838216,5.087043,10.136281,6.933497054842914
676.0,24.0,-11.746143949124797,-4.16245,-0.913282,-10.229846896120097
676.0,25.0,-6.964370375017188,-3.073832,-2.420768,-5.4480733220124895
676.0,29.0,-4.8111875648194316,-4.72122,-7.891489,-3.2948905118147334
677.0,2.0,3.769415105427033,6.16028,6.05685,4.282403562767894
677.0,5.0,2.0829606864782475,6.504621,9.633485,2.5959491438191087
677.0,6.0,-0.02685560495626671,9.915551,6.891718,0.48613285238459447
677.0,12.0,-1.2643698423357472,4.209424,3.8072,-0.751381384994886
677.0,19.0,5.355917986832175,9.028628,10.155652,5.868906444173036
677.0,25.0,-6.880560854575363,-4.723125,-2.433565,-6.367572397234502
677.0,29.0,-4.993237449112094,-8.924749,-7.915246,-4.480248991771233
678.0,2.0,3.813349167214241,8.136816,6.065323,4.627904946844887
678.0,5.0,2.191601009715873,3.940512,9.672122,3.0061567893465186
678.0,6.0,-0.014689416104472386,10.43926,6.878252,0.7998663635261734
678.0,12.0,-1.2425190038665144,3.468855,3.825782,-0.42796322423586863
678.0,25.0,-6.883530675368644,-2.410741,-2.43283,-6.068974895737998
678.0,29.0,-4.847266891733691,-7.267778,-7.912209,-4.032711112103045
679.0,2.0,3.8513048760908077,1.520078,6.045842,5.336935120338297
679.0,5.0,1.7670566971773614,8.792588,9.69374,3.2526869414248507
679.0,6.0,0.14511906029661592,3.319263,6.870938,1.6307493045441053
679.0,12.0,-1.2221414625233584,-0.520667,3.79984,0.2634887817241309
679.0,25.0,-6.804844424823964,-7.428075,-2.475877,-5.319214180576474
679.0,29.0,-4.971597327492761,-10.228274,-7.956643,-3.4859670832452716
680.0,2.0,3.888371915412076,3.521012,5.979148,5.139007349180149
680.0,5.0,1.8304437901860107,7.718995,9.756043,3.0810792239540836
680.0,6.0,0.2629892255847963,4.311977,6.829432,1.5136246593528693
680.0,12.0,-1.076674432764932,2.874666,3.720614,0.17396100100314094
680.0,25.0,-6.713833154265603,-12.12232,-2.602337,-5.46319772049753
680.0,29.0,-5.274692549062817,-9.800198,-8.074024,-4.024057115294744
680.0,31.0,-4.990741813367828,-4.083822,-7.831227,-3.740106379599755
681.0,2.0,3.841141179027039,4.414128,5.999593,4.992766531510509
681.0,5.0,1.819257936224421,11.259126,9.913947,2.970883288707891
681.0,6.0,0.5744699675058396,6.31796,6.830654,1.7260953199893099
681.0,12.0,-1.1116315863578823,1.803933,3.736548,0.039993766125588026
681.0,25.0,-6.82444068043045,-7.95434,-2.680328,-5.67281532794698
681.0,29.0,-5.092783259447181,-9.191598,-8.178427,-3.941157906963711
681.0,31.0,-7.687781494770571,-24.416924,-7.995576,-6.536156142287101
682.0,2.0,4.005128906889723,8.16925,6.013657,3.337536573895709
682.0,5.0,2.4247710988926556,8.374138,10.037157,1.7571787658986413
682.0,6.0,0.886301772840568,7.436301,6.858752,0.21870943984655367
682.0,12.0,-0.8600353098802618,2.335537,3.728962,-1.527627642874276
682.0,25.0,-6.52861199250925,-6.495075,-2.769368,-7.196204325503264
682.0,29.0,-3.8740082575125667,-10.332093,-8.305772,-4.541600590506581
682.0,31.0,-3.810120205686086,-1.380047,-8.130259,-4.4777125386801
683.0,2.0,3.8220735329553186,1.274989,6.011475,4.82190855824437
683.0,5.0,2.042248677786861,5.95664,10.151052,3.0420837030759134
683.0,6.0,0.7110087417472997,6.939108,6.86092,1.7108437670363519
683.0,12.0,-0.8737951297796691,-1.542429,3.7144,0.1260398955093831
683.0,25.0,-6.692109036003928,-5.961577,-2.857023,-5.6922740107148755
683.0,29.0,-4.951682180489618,-11.738611,-8.415123,-3.9518471552005656
683.0,31.0,-3.763894884653108,-7.276937,-8.261892,-2.764059859364056
684.0,2.0,3.847296498460123,2.59904,6.019007,4.300321166869124
684.0,5.0,2.4877044153414456,4.058465,10.28258,2.9407290837504467
684.0,6.0,1.0455288763687065,4.816401,6.826347,1.4985535447777074
684.0,12.0,-0.807740757097001,1.595775,3.736483,-0.3547160886880001
684.0,24.0,-11.97274747622054,-9.675213,-0.601393,-11.51972280781154
684.0,25.0,-6.5778912851529805,-5.747649,-2.905967,-6.124866616743979
684.0,29.0,-4.6213608309852745,-10.679097,-8.46444,-4.168336162576273
684.0,31.0,-3.959240059491603,60.010647,-8.3994,-3.506215391082602
685.0,2.0,3.1731743515165185,1.117883,5.756673,3.6637671803832235
685.0,5.0,3.2978810369985307,5.996117,10.111924,3.7884738658652357
685.0,6.0,1.4849054159348345,0.257999,6.666976,1.9754982448015392
685.0,12.0,-1.3286097513015478,-3.213504,3.459607,-0.838016922434843
685.0,24.0,-12.639716086605615,-13.234652,-0.715188,-12.14912325773891
685.0,25.0,-6.138011214248808,-11.233761,-3.107723,-5.647418385382103
685.0,29.0,-4.975122361649549,-14.636356,-8.560376,-4.484529532782845
685.0,31.0,-4.1950465692329795,70.819116,-8.374954,-3.7044537403662745
686.0,2.0,3.6569280299803903,2.469117,5.074712,4.65184552951568
686.0,5.0,3.086352280137529,4.281896,9.571929,4.081269779672819
686.0,6.0,1.3443632948421413,5.224457,6.307914,2.339280794377431
686.0,12.0,-0.8902605090340572,2.220303,2.711794,0.10465699050123234
686.0,24.0,-12.548734166304204,-3.966643,-1.124245,-11.553816666768915
686.0,25.0,-6.452489134001748,-5.752534,-3.615302,-5.457571634466459
686.0,29.0,-4.810701755056249,-9.763994,-8.81049,-3.81578425552096
686.0,31.0,-4.200354265514221,31.486279,-8.212345,-3.2054367659789316
687.0,2.0,3.6359349026579437,-1.035784,4.79087,4.703612584952222
687.0,5.0,3.9450549497019587,11.029385,9.571661,5.012732631996237
687.0,6.0,1.812894378650764,1.272096,6.110168,2.8805720609450427
687.0,12.0,-0.5727967711058692,-2.396426,2.410931,0.49488091118840916
687.0,24.0,-12.616887298956799,-12.430305,-1.155736,-11.549209616662521
687.0,25.0,-6.131719594151896,-9.715207,-3.944691,-5.064041911857617
687.0,29.0,-4.588892878671174,-14.947515,-9.040761,-3.521215196376895
687.0,31.0,-4.121107479648673,46.122064,-8.391512,-3.0534297973543945
688.0,2.0,3.5935186825518777,-6.113321,4.771994,4.840953457377309
688.0,5.0,4.107696752732018,6.67349,9.903354,5.355131527557449
688.0,6.0,1.6808888206699244,-6.4649,5.919735,2.928323595495356
688.0,12.0,-0.6156660291840268,-4.535856,2.474622,0.6317687456414045
688.0,24.0,-12.661815994011375,-5.158068,-0.786306,-11.414381219185945
688.0,25.0,-6.227880972040275,-14.399417,-4.042914,-4.980446197214843
688.0,29.0,-4.659414363835994,-14.352724,-9.076938,-3.4119795890105626
688.0,31.0,-4.564879666960845,59.847258,-8.748276,-3.3174448921354136
689.0,2.0,3.405592588741454,4.486172,4.467842,5.282995627148399
689.0,5.0,3.7888136676135424,7.045834,9.845717,5.666216706020487
689.0,6.0,1.4711587686318612,1.887358,5.772736,3.348561807038806
689.0,12.0,-0.6767671276125249,-2.801824,2.116003,1.20063591079442
689.0,24.0,-12.626244327945411,-8.206075,-0.937787,-10.748841289538467
689.0,25.0,-6.438533548447991,-11.252155,-4.414251,-4.561130510041046
689.0,29.0,-5.606422760682574,-13.135696,-9.373668,-3.729019722275629
689.0,31.0,-6.1454631088805645,9.258274,-8.887265,-4.26806007047362
690.0,2.0,3.7686037825735994,-0.655119,4.421569,5.8579040981571655
690.0,5.0,3.6594686709026494,8.324299,10.010235,5.7487689864862155
690.0,6.0,1.3666961634500971,-2.411693,5.652371,3.455996479033663
690.0,12.0,-0.43630701228520774,-1.581453,2.109179,1.652993303298358
690.0,19.0,4.983867642735625,5.895047,10.136183,7.073167958319191
690.0,24.0,-12.444978790108022,-3.790218,-0.758068,-10.355678474524456
690.0,25.0,-6.559911968342688,-7.959472,-4.505146,-4.470611652759123
690.0,29.0,-5.482824427101597,-16.273735,-9.421182,-3.393524111518031
690.0,31.0,-5.075708408703424,76.417866,-9.08766,-2.986408093119858
691.0,2.0,3.4205709895551717,4.175014,4.139177,4.200664755094474
691.0,5.0,4.4211428511240385,8.781926,9.842866,5.201236616663341
691.0,6.0,2.2513238317843136,7.301476,5.456661,3.0314175973236157
691.0,12.0,-0.17612299688769895,1.713545,1.825108,0.6039707686516029
691.0,19.0,4.690366542679932,13.582132,10.024119,5.470460308219234
691.0,24.0,-12.343354390348505,-6.543807,-0.837155,-11.563260624809203
691.0,25.0,-6.436964301066098,-5.483057,-4.712348,-5.656870535526796
691.0,29.0,-5.719145110929729,-8.287866,-9.501813,-4.939051345390427
691.0,31.0,-3.851426692813181,-32.189142,-9.076134,-3.071332927273879
692.0,2.0,3.190247130689844,-2.183497,4.002702,4.371445958442784
692.0,5.0,5.033729930723593,9.422372,9.775464,6.214928758476534
692.0,6.0,2.095207668025652,0.531635,5.301476,3.2764064957785926
692.0,12.0,0.0043155877955136646,-4.215113,1.726141,1.1855144155484543
692.0,19.0,4.800283453393048,3.485815,9.884083,5.981482281145988
692.0,24.0,-12.347291882510303,6.34931,-0.776102,-11.166093054757363
692.0,25.0,-6.228884184676592,-11.8555,-4.765677,-5.047685356923651
692.0,29.0,-5.42711929267389,-14.050471,-9.458055,-4.24592046492095
692.0,31.0,-4.6128329811257975,-17.703596,-9.074739,-3.431634153372857
693.0,2.0,3.287608842032535,-0.387042,4.061809,4.458222665249522
693.0,5.0,6.671261648923492,14.725126,9.796321,7.8418754721404795
693.0,6.0,2.1199209090876288,3.135191,5.182493,3.2905347323046157
693.0,12.0,0.3663000093452009,-4.477516,1.891262,1.5369138325621878
693.0,19.0,5.158893267326533,2.714113,9.651448,6.329507090543521
693.0,24.0,-12.264626269263317,-6.272359,-0.511713,-11.09401244604633
693.0,25.0,-6.05089999121213,-12.02825,-4.562612,-4.880286167995143
693.0,29.0,-4.681395276281128,-12.888356,-9.17806,-3.510781453064141
693.0,31.0,-7.353026082512895,-20.265127,-9.031228,-6.1824122592959085
694.0,2.0,3.146325825872161,5.416841,4.108753,5.206419660684975
694.0,5.0,7.082209410388346,7.846007,9.858852,9.142303245201159
694.0,6.0,2.092277699069939,3.532201,5.104254,4.152371533882753
694.0,12.0,0.5128284386950668,3.941135,2.007954,2.5729222735078805
694.0,19.0,4.882085768010814,6.132407,9.519154,6.942179602823628
694.0,24.0,-12.246117750755339,4.589226,-0.31438,-10.186023915942524
694.0,25.0,-5.9236768229475185,-4.866444,-4.449491,-3.863582988134705
694.0,29.0,-4.397989834491851,-6.333807,-9.022351,-2.337895999679037
694.0,31.0,-8.612384039016423,-21.608506,-9.052075,-6.552290204203609
695.0,2.0,3.2588323318624894,7.366939,4.168377,6.218350825513703
695.0,5.0,7.029505623351554,16.870986,9.959012,9.989024117002767
695.0,6.0,1.731892011803458,6.515213,5.00934,4.691410505454671
695.0,12.0,0.5498637792328998,3.83944,2.151129,3.509382272884113
695.0,19.0,3.0248981245464535,12.208029,9.370135,5.984416618197667
695.0,24.0,-12.129258731363928,-1.720195,-0.065066,-9.169740237712714
695.0,25.0,-5.963129616619745,-1.248232,-4.32523,-3.0036111229685316
695.0,29.0,-4.559217978947067,-6.511411,-8.8503,-1.5996994852958535
695.0,31.0,-8.998063217994588,-17.889749,-9.102881,-6.0385447243433745
696.0,2.0,2.934712643888286,9.465066,4.157417,7.598287533168446
696.0,5.0,7.77701048060316,-19.869943,9.998441,12.440585369883319
696.0,6.0,1.867680626665586,6.552521,4.818882,6.531255515945746
696.0,12.0,0.6595909359774836,7.310999,2.254889,5.323165825257644
696.0,19.0,1.548497190602908,10.706104,9.10944,6.212072079883068
696.0,24.0,-12.284323086369925,3.697388,0.232435,-7.620748197089765
696.0,25.0,-5.819000012648896,-1.058731,-4.196081,-1.1554251233687358
696.0,29.0,-5.400758875621204,-5.759601,-8.608697,-0.7371839863410434
696.0,31.0,-11.153690772430014,-14.197031,-9.120397,-6.490115883149854
697.0,2.0,3.015323146871424,6.247796,4.170967,7.613162520120658
697.0,5.0,7.6601997312291665,28.514208,10.030662,12.2580391044784
697.0,6.0,1.8522280968424898,4.481978,4.732726,6.4500674700917235
697.0,12.0,0.6292579408069061,0.801555,2.329207,5.22709731405614
697.0,19.0,1.6375612269072812,8.653617,8.98132,6.235400600156515
697.0,24.0,-12.21529919757647,-8.289991,0.393463,-7.617459824327237
697.0,25.0,-5.78653466888724,-3.360641,-4.113875,-1.1886952956380066
697.0,29.0,-5.700786208983056,-5.250016,-8.476923,-1.102946835733822
697.0,31.0,-10.675816902617827,-6.946067,-9.130569,-6.077977529368593
698.0,2.0,3.103026016843982,6.135514,4.095726,6.30127972570342
698.0,5.0,7.030203589649654,5.033484,10.001939,10.228457298509092
698.0,6.0,1.5904546808113214,4.50094,4.600481,4.788708389670759
698.0,12.0,0.7238897341814745,1.447396,2.304693,3.9221434430409126
698.0,19.0,1.5198428090699991,9.706074,8.836904,4.718096517929437
698.0,24.0,-12.057255042188372,5.70453,0.503055,-8.859001333328933
698.0,25.0,-5.731619884452086,-3.893546,-4.105486,-2.533366175592648
698.0,29.0,-4.988555418012495,-8.674036,-8.387351,-1.7903017091530566
698.0,31.0,-5.0722711546034915,-22.328533,-9.130563,-1.8740174457440535
699.0,2.0,3.1749756622847904,11.642386,4.06569,7.276523914609513
699.0,5.0,6.136817216282548,12.809028,9.988925,10.23836546860727
699.0,6.0,1.603623427927805,8.457554,4.501592,5.705171680252527
699.0,12.0,0.6931800330239142,8.175473,2.325581,4.794728285348636
699.0,19.0,1.4880754088697508,11.139981,8.707124,5.589623661194473
699.0,24.0,-12.050994995862947,-6.49118,0.618994,-7.949446743538225
699.0,25.0,-5.806855686825362,3.41814,-4.057519,-1.7053074345006394
699.0,29.0,-4.866432427134564,-1.052027,-8.277985,-0.7648841748098416
699.0,31.0,-9.771679894291342,-8.854193,-9.120113,-5.67013164196662
700.0,2.0,3.453542129546589,7.253538,4.092192,7.751111078289393
700.0,5.0,5.32483031471628,4.67311,10.105322,9.622399263459084
700.0,6.0,1.5678554902649653,3.235905,4.383177,5.865424439007769
700.0,12.0,0.6887832230987225,5.509447,2.432717,4.986352171841526
700.0,19.0,1.277667574448678,15.741236,8.565304,5.5752365231914816
700.0,24.0,-11.891602175735267,-2.117169,0.86991,-7.5940332269924635
700.0,25.0,-5.729750342598411,-4.972729,-3.982897,-1.4321813938556076
700.0,29.0,-5.559559583709013,-6.503566,-8.146899,-1.2619906349662093
700.0,31.0,-10.246388084719488,-13.177881,-9.210046,-5.948819135976684
701.0,2.0,3.5410072837539435,4.948964,4.125311,9.140953622641184
701.0,5.0,4.152227998651028,10.538747,10.246654,9.752174337538271
701.0,6.0,1.3541255929721254,2.497602,4.276142,6.954071931859367
701.0,12.0,0.6019059214127367,3.569766,2.540328,6.201852260299979
701.0,19.0,1.4429612788094355,9.955937,8.449101,7.042907617696677
701.0,24.0,-11.973822914999833,5.2925,1.1179,-6.373876576112591
701.0,25.0,-5.5018379432374145,-7.774876,-3.924839,0.09810839564982743
701.0,29.0,-5.286807031048972,-6.054037,-8.04343,0.31313930783827004
701.0,31.0,-11.440220145353193,-18.455962,-9.325421,-5.840273806465951
702.0,2.0,3.819553410199168,7.156818,4.252552,8.863563757614743
702.0,5.0,4.470919284583577,9.941845,10.380855,9.514929631999152
702.0,6.0,1.5512811533791844,6.163808,4.293545,6.59529150079476
702.0,12.0,0.7416571251824111,5.387554,2.710622,5.785667472597987
702.0,19.0,1.9441374731286452,6.216675,8.425228,6.988147820544221
702.0,24.0,-11.817857791840026,1.904401,1.28138,-6.773847444424451
702.0,25.0,-4.99069169204702,-6.727694,-3.806394,0.053318655368555845
702.0,29.0,-3.683821046748874,-3.611941,-7.948734,1.3601893006667014
702.0,31.0,-11.41533273742305,-10.714342,-9.384002,-6.3713223900074745
703.0,2.0,3.694182915537649,5.681621,4.346265,9.519884092999106
703.0,5.0,4.063598516414455,15.143253,10.495268,9.889299693875913
703.0,6.0,1.3794636919764383,1.762585,4.331547,7.205164869437896
703.0,12.0,0.58384148206685,4.329771,2.818789,6.409542659528308
703.0,19.0,1.4974837192743582,10.014316,8.456125,7.323184896735816
703.0,24.0,-11.883264307531409,4.309175,1.366638,-6.057563130069951
703.0,25.0,-5.115612032050358,-2.486716,-3.753388,0.7100891454110991
703.0,29.0,-4.230420507229649,-5.423735,-7.932234,1.5952806702318085
703.0,31.0,-11.405347655533127,-16.40718,-9.449638,-5.57964647807167
704.0,2.0,4.017278699151806,5.157274,4.388032,9.948453083865548
704.0,5.0,3.807701878116408,16.454478,10.606243,9.73887626283015
704.0,6.0,1.2910915255936795,5.923285,4.335101,7.222265910307422
704.0,12.0,0.47967241716592035,3.864577,2.871036,6.4108468018796625
704.0,19.0,2.405847571250816,5.589219,8.484899,8.337021955964559
704.0,24.0,-11.795639894009772,2.269694,1.442689,-5.86446550929603
704.0,25.0,-5.0578895814878875,0.073872,-3.760017,0.8732848032258547
704.0,29.0,-4.164035586276611,-5.821185,-7.957728,1.7671387984371307
704.0,31.0,-11.360263735322748,-15.502803,-9.544678,-5.429089350609006
705.0,2.0,3.871262287357938,6.878327,4.43246,8.67612767220583
705.0,5.0,4.167786686367654,11.470636,10.779998,8.972652071215546
705.0,6.0,1.515740981863992,7.89633,4.308061,6.320606366711885
705.0,12.0,0.6652219473214576,9.212781,2.941444,5.47008733216935
705.0,19.0,1.7380442329217356,9.76954,8.500529,6.542909617769628
705.0,24.0,-11.770465185674722,6.962398,1.587682,-6.965599800826829
705.0,25.0,-4.396277632017975,-4.039667,-3.778886,0.40858775282991733
705.0,29.0,-3.3396790728505232,-4.410482,-7.986839,1.4651863119973694
705.0,31.0,-11.411359141916638,-14.247234,-9.70338,-6.606493757068745
706.0,2.0,3.972627579269341,6.573477,4.481755,8.605584511244922
706.0,5.0,4.229452489388496,10.165697,10.954847,8.862409421364077
706.0,6.0,1.4178122328450389,5.885538,4.274365,6.05076916482062
706.0,12.0,0.5748057716126018,2.832297,3.023497,5.207762703588183
706.0,19.0,1.1932860521877542,13.77663,8.5015,5.826242984163335
706.0,24.0,-11.625827452597552,2.197456,1.749284,-6.99287052062197
706.0,25.0,-4.01178807138626,-1.069904,-3.783471,0.6211688605893215
706.0,29.0,-2.140352372637842,-9.395775,-7.997268,2.4926045593377393
706.0,31.0,-11.364310731629633,-14.411317,-9.858281,-6.731353799654052
707.0,2.0,4.277492449981965,7.185342,4.697367,8.298204586535286
707.0,5.0,4.276826076616768,6.751946,11.112471,8.297538213170089
707.0,6.0,1.4109449622472061,8.258177,4.345147,5.431657098800527
707.0,12.0,0.6269456568706708,6.567731,3.291057,4.647657793423992
707.0,19.0,0.4705986116327985,12.499375,8.483565,4.49131074818612
707.0,24.0,-11.517641803192532,-3.824732,1.941289,-7.496929666639211
707.0,25.0,-3.4587627419403972,-10.068814,-3.57098,0.5619493946129239
707.0,29.0,0.891323268851731,-2.087358,-7.838645,4.912035405405052
707.0,31.0,-9.597705492948165,-11.635301,-9.885449,-5.576993356394844
708.0,2.0,4.21958301126309,9.421769,4.898459,8.918304922687497
708.0,5.0,5.040761591383319,7.256854,11.268702,9.739483502807726
708.0,6.0,1.3957032567750804,8.58511,4.394505,6.0944251681994865
708.0,12.0,0.6231005140558015,7.89329,3.5507,5.321822425480208
708.0,19.0,0.9246250730762196,16.432625,8.446464,5.623346984500626
708.0,24.0,-11.470181892804517,-0.846948,2.149044,-6.771459981380111
708.0,25.0,-2.7800021271123114,-15.65005,-3.363806,1.9187197843120947
708.0,29.0,4.696153901323356,0.611884,-7.672917,9.394875812747763
708.0,31.0,-11.334011863410097,-17.446526,-9.917985,-6.635289951985691
709.0,2.0,4.375098789403655,4.533055,4.955746,8.593594155440728
709.0,5.0,4.539017654781688,13.15711,11.350321,8.757513020818761
709.0,6.0,1.3161469461976276,3.442635,4.389739,5.534642312234701
709.0,12.0,0.6084882727249816,4.386711,3.634704,4.826983638762055
709.0,19.0,1.0555036636381399,12.871099,8.42909,5.273999029675213
709.0,24.0,-11.470292603822063,3.309306,2.24837,-7.25179723778499
709.0,25.0,-2.800263062262063,-11.23413,-3.31298,1.4182323037750106
709.0,29.0,4.449172847737373,-6.422785,-7.629389,8.667668213774446
709.0,31.0,-11.149947492257795,-19.901772,-9.965783,-6.931452126220721
710.0,2.0,4.324963799259464,2.435857,5.012358,9.233238164477479
710.0,5.0,4.208551530828885,17.305909,11.466117,9.1168258960469
710.0,6.0,1.3212992691992955,4.176604,4.369842,6.22957363441731
710.0,12.0,0.554803423547523,2.384298,3.724463,5.4630777887655375
710.0,19.0,1.136984162797507,8.599645,8.409129,6.0452585280155215
710.0,24.0,-11.414866001337865,2.639176,2.380284,-6.50659163611985
710.0,29.0,5.2113157702489215,-8.348841,-7.594254,10.119590135466936
710.0,31.0,-11.30307604941235,-17.834354,-10.050128,-6.394801684194336
711.0,2.0,4.174352247474962,5.992329,4.989492,8.857438165863186
711.0,5.0,4.159903757451961,18.972924,11.588879,8.842989675840187
711.0,6.0,1.5677200722548648,4.725369,4.285964,6.25080599064309
711.0,12.0,0.6456155708779416,4.13201,3.73492,5.328701489266167
711.0,19.0,1.135261698477322,11.73939,8.375702,5.818347616865547
711.0,24.0,-11.329098566971982,-8.964556,2.519477,-6.646012648583757
711.0,29.0,6.9899948809103165,-1.616637,-7.616847,11.673080799298543
711.0,31.0,-11.335977925240647,-15.018711,-10.191386,-6.652892006852421
712.0,2.0,4.502282302768533,5.732341,4.98114,7.905035916200627
712.0,5.0,3.8126736325474653,12.338911,11.731339,7.215427245979559
712.0,6.0,1.5048628063111433,2.852196,4.215329,4.9076164197432375
712.0,12.0,0.668681060966005,-2.223571,3.757072,4.071434674398099
712.0,19.0,1.4114857453944332,4.903166,8.359593,4.814239358826527
712.0,24.0,-11.155611346347575,1.707276,2.660855,-7.752857732915481
712.0,25.0,-3.5082001395179168,5.60998,-3.375635,-0.10544652608582261
712.0,29.0,8.081353324121377,-1.628782,-7.650213,11.48410693755347
712.0,31.0,-10.708689678735995,-13.95302,-10.34645,-7.305936065303901
713.0,2.0,4.272941559451432,9.151552,5.045757,4.123322127966253
713.0,5.0,4.283605057454704,13.830662,11.942444,4.133985625969524
713.0,6.0,1.9991735876049255,2.961778,4.173583,1.849554156119746
713.0,12.0,0.7880268483788093,8.498294,3.864823,0.6384074168936298
713.0,19.0,2.023066889065629,11.292433,8.353922,1.8734474575804496
713.0,25.0,-3.6282174110287118,-3.505016,-3.370637,-3.7778368425138913
713.0,29.0,8.628567891555065,-2.662326,-7.651462,8.478948460069885
713.0,31.0,-9.977618305183515,-14.34811,-10.529005,-10.127237736668695
714.0,2.0,4.3586190345875675,3.27276,5.006716,3.919491065608744
714.0,5.0,4.2329482700992,7.213177,11.978063,3.793820301120377
714.0,6.0,2.182053151350125,-0.694518,4.075216,1.7429251823713017
714.0,12.0,0.9337025147901556,0.825731,3.868191,0.4945745458113322
714.0,19.0,3.0736999365232833,15.063234,8.26319,2.63457196754446
714.0,25.0,-3.5954099347878037,-5.693242,-3.373963,-4.034537903766627
714.0,29.0,9.269249014893493,-2.446099,-7.603863,8.83012104591467
714.0,31.0,-9.184109540085554,-14.783468,-10.580523,-9.623237509064378
715.0,2.0,4.239808540322585,6.92632,4.909863,1.1181590745566439
715.0,5.0,4.581265798616599,11.764294,11.982551,1.4596163328506577
715.0,6.0,2.628128119265022,1.763845,3.935978,-0.49352134650091894
715.0,12.0,0.7029091240500058,4.351002,3.813442,-2.418740341715935
715.0,19.0,2.801468474236814,9.96136,8.150074,-0.32018099152912693
715.0,25.0,-4.001671444417037,6.656131,-3.421616,-7.123320910182978
715.0,29.0,7.1602597195130535,-3.925297,-7.574581,4.0386102537471125
715.0,31.0,-6.897782081288085,-15.257629,-10.633312,-10.019431547054026
716.0,2.0,3.807210759932664,1.396877,4.873497,2.606964605934264
716.0,5.0,4.489289100011421,10.588257,12.100386,3.289042946013021
716.0,6.0,2.766944040407802,-2.50509,3.858881,1.5666978864094023
716.0,12.0,0.6894904236001391,0.371464,3.799915,-0.5107557303982606
716.0,19.0,2.1588215295809423,6.255669,8.138309,0.9585753755825426
716.0,24.0,-11.048552229746907,9.386742,3.197095,-12.248798383745306
716.0,25.0,-3.616412317793413,1.617919,-3.499292,-4.816658471791813
716.0,29.0,5.305384024268747,-4.308984,-7.62912,4.105137870270347
716.0,31.0,-6.538872544297728,-25.045877,-10.780657,-7.739118698296128
717.0,2.0,3.523139071360717,1.0963,4.758766,0.5019632106578968
717.0,5.0,4.1614379310443965,4.326124,12.078622,1.1402620703415765
717.0,6.0,2.746514208560656,0.933599,3.799651,-0.27466165214216387
717.0,12.0,0.6222666537876318,-1.115469,3.668671,-2.3989092069151883
717.0,19.0,1.7240770737131577,0.319251,8.152308,-1.2970987869896624
717.0,24.0,-11.059263623407752,3.121133,3.147068,-14.080439484110572
717.0,25.0,-3.3774841599834295,6.299659,-3.634814,-6.39866002068625
717.0,29.0,5.4647141550057725,-3.625368,-7.735282,2.4435382943029524
718.0,2.0,3.3775651053929856,5.997443,4.766968,-0.6777145235621225
718.0,5.0,4.16684880026229,12.070872,12.114327,0.11156917130718202
718.0,6.0,2.9557016894556654,3.179021,3.810872,-1.0995779394994427
718.0,12.0,0.7216296159128701,0.187408,3.672568,-3.333650013042238
718.0,19.0,1.7996599030360034,11.079113,8.183224,-2.2556197259191046
718.0,24.0,-11.021403016784003,5.282353,3.149672,-15.076682645739112
718.0,29.0,6.351692567107481,-9.98419,-7.768946,2.296412938152373
719.0,2.0,3.2107891828843993,1.722427,4.786767,-0.7048766890207019
719.0,5.0,4.1878211360027375,5.657528,12.14764,0.27215526409763635
719.0,6.0,3.254092506998111,-2.00335,3.834965,-0.6615733649069901
719.0,12.0,0.888340066693166,-1.700055,3.685866,-3.027325805211935
719.0,19.0,1.6232780956920312,4.695494,8.22078,-2.29238777621307
719.0,24.0,-11.031795760705702,-2.074739,3.145246,-14.947461632610803
719.0,29.0,6.014351651469564,-3.228319,-7.79846,2.098685779564463
720.0,2.0,3.2109346364643336,3.460051,4.785232,-1.8209026231127146
720.0,5.0,3.850727892351184,8.440205,12.160001,-1.1811093672258641
720.0,6.0,3.0623730170552825,-2.734837,3.858611,-1.9694642425217657
720.0,12.0,0.7835620827027601,1.540416,3.669032,-4.248275176874288
720.0,19.0,1.892557004663674,6.89437,8.26719,-3.1392802549133743
720.0,29.0,5.112036433200984,-3.505448,-7.849075,0.08019917362393603
721.0,2.0,3.1551190606700814,10.082012,4.746687,-0.4372956307487015
721.0,5.0,3.9422791904636405,12.187969,12.072827,0.3498644990448576
721.0,6.0,3.1068991599439624,4.993631,3.827506,-0.4855155314748205
721.0,12.0,0.781968595498757,6.036734,3.640451,-2.810446095920026
721.0,19.0,1.4420517534266004,10.657817,8.20774,-2.1503629379921825
721.0,24.0,-11.062614672700072,4.778067,3.088446,-14.655029364118855
721.0,29.0,5.28947640342348,-5.06876,-7.795151,1.6970617120046971
722.0,2.0,3.2241580434793704,5.850971,4.777333,-1.9817515411914295
722.0,5.0,3.996340271385602,7.599194,12.032353,-1.209569313285198
722.0,6.0,3.041140181537653,1.941343,3.820874,-2.164769403133147
722.0,12.0,0.9049130275331958,0.818508,3.696516,-4.300996557137604
722.0,19.0,2.290731908785256,10.966182,8.142723,-2.915177675885544
722.0,29.0,5.06362075373208,-5.338459,-7.6896,-0.14228883093872025
723.0,2.0,3.1146480255252005,0.346723,4.71383,-3.6513605535631273
723.0,5.0,4.8245251916190615,8.469929,12.048922,-1.9414833874692663
723.0,6.0,3.527869009033312,-2.006908,3.762078,-3.238139570055016
723.0,12.0,1.0715967298111728,-2.776942,3.639142,-5.694411849277155
723.0,19.0,2.419566040720257,7.224618,8.12743,-4.346442538368071
723.0,29.0,6.64695992098326,-7.991802,-7.733376,-0.1190486581050676
724.0,2.0,3.198728725692554,2.053825,4.568755,-1.2897680620184975
724.0,5.0,4.220691679327729,8.099958,11.959058,-0.26780510838332283
724.0,6.0,3.1934933733534194,1.881826,3.706295,-1.295003414357632
724.0,12.0,0.8588759286969871,0.497368,3.46569,-3.6296208590140644
724.0,19.0,2.95145145358552,6.522457,8.137722,-1.5370453341255317
724.0,24.0,-11.116673912119312,0.64472,3.035014,-15.605170699830364
724.0,29.0,6.156472534861287,-6.926164,-7.84158,1.6679757471502352
725.0,2.0,3.3920865957002047,-0.137245,4.514341,0.06963402388531037
725.0,5.0,3.971231009960251,6.872799,11.877977,0.6487784381453565
725.0,6.0,3.0262282371894074,-0.178974,3.722217,-0.2962243346254869
725.0,12.0,0.8390677427679138,-2.881969,3.381942,-2.4833848290469804
725.0,19.0,1.9840202513050684,6.224244,8.171195,-1.3384323205098259
725.0,24.0,-11.068145216850654,7.475299,2.922432,-14.390597788665549
725.0,25.0,-3.1296007659678606,11.448176,-3.847054,-6.452053337782755
725.0,29.0,5.901681265070586,-10.670203,-7.89686,2.5792286932556916
726.0,2.0,3.2866178408420854,2.838037,4.607573,-1.7043925213717444
726.0,5.0,3.912056767040987,7.905416,11.878749,-1.0789535951728428
726.0,6.0,2.7649747976495895,0.52078,3.75942,-2.2260355645642402
726.0,12.0,0.7303449321722546,0.09304,3.500547,-4.260665430041575
726.0,19.0,1.6642483302548134,6.663312,8.134207,-3.3267620319590163
726.0,29.0,5.589877421296498,-5.702657,-7.777571,0.5988670590826679
727.0,2.0,3.7454502739479487,6.949042,4.737715,2.3652151538967816
727.0,5.0,3.492924186826718,12.85298,11.945273,2.112689066775551
727.0,6.0,2.1488982690657767,4.224249,3.833503,0.7686631490146099
727.0,12.0,0.7209010866635346,6.528526,3.645324,-0.6593340333876323
727.0,19.0,2.22685166168762,11.988856,8.155433,0.8466165416364533
727.0,24.0,-11.075781435401815,1.314079,3.033752,-12.456016555452981
727.0,29.0,4.6291958343295505,-5.874196,-7.704659,3.2489607142783834
728.0,2.0,3.5404707193699885,5.519237,4.941462,-0.9116382247156016
728.0,5.0,4.099153860444254,9.178735,12.09472,-0.3529550836413362
728.0,6.0,2.712302202368761,2.995606,3.943052,-1.739806741716829
728.0,12.0,0.8179869642722544,6.448294,3.871242,-3.6341219798133357
728.0,19.0,4.368141633969289,14.506942,8.205084,-0.08396731011630099
728.0,24.0,-10.974221838077648,-0.342543,3.147384,-15.426330782163237
728.0,25.0,-3.360553078330339,-20.865131,-3.42801,-7.812662022415929
728.0,29.0,7.348270985059351,-2.021764,-7.621398,2.8961620409737607
729.0,2.0,2.8800134463027707,5.441707,4.748587,-3.2246812939707326
729.0,5.0,5.332756757862464,10.179932,11.966905,-0.7719379824110391
729.0,6.0,3.9430134462866384,2.315403,3.826293,-2.161681293986865
729.0,12.0,1.1273891486080032,5.612641,3.668347,-4.9773055916655
729.0,24.0,-11.08237398425771,-3.751935,3.064731,-17.187068724531215
729.0,29.0,6.285469720590122,-0.432333,-7.691419,0.18077498031661854
730.0,2.0,3.7275138802303935,3.115794,4.34539,-0.169478169249067
730.0,5.0,5.130253391165571,10.06069,11.66665,1.2332613416861102
730.0,6.0,3.974541863631101,0.248919,3.369225,0.07754981415164064
730.0,12.0,1.4883909225120728,-0.160487,3.383594,-2.4086011269673877
730.0,19.0,6.521425751328,42.329721,7.675942,2.624433701848539
730.0,24.0,-10.86094530713179,5.330791,3.216443,-14.75793735661125
730.0,25.0,-3.017884232518134,-11.22768,-3.663349,-6.914876281997595
730.0,29.0,7.588861917683367,-1.562661,-7.475964,3.6918698682039066
730.0,31.0,-6.583231915249443,-24.931453,-10.596793,-10.480223964728903
731.0,2.0,3.2331219743200723,2.684227,4.170444,-3.4851923193910324
731.0,5.0,3.9375135773822194,12.113519,11.592767,-2.7808007163288853
731.0,6.0,2.790465420734373,-0.276231,2.972156,-3.927848872976732
731.0,12.0,0.9176471411692049,1.923832,3.38575,-5.8006671525419
731.0,29.0,6.145162821532939,-6.344719,-7.12279,-0.5731514721781661
732.0,2.0,3.150740289233646,6.443449,4.280646,-2.367001421077167
732.0,5.0,4.098002788017062,12.583206,11.636639,-1.4197389222937504
732.0,6.0,3.1761217368584536,3.707669,2.995917,-2.3416199734523593
732.0,12.0,1.0338149559865437,4.868943,3.535165,-4.483926754324269
732.0,19.0,2.777878562383065,6.167035,7.14705,-2.739863147927748
732.0,25.0,-2.951682443070543,7.247671,-3.407279,-8.469424153381356
732.0,29.0,5.366824224780935,-5.766866,-6.988937,-0.15091748552987827
733.0,2.0,3.2620266289689788,5.227686,4.326363,-0.0005678868505021306
733.0,5.0,3.9283416201000882,14.737162,11.732736,0.6657471042806073
733.0,6.0,2.738533218970348,1.822204,3.019284,-0.5240612968491329
733.0,12.0,0.9070471159966109,4.606916,3.582902,-2.35554739982287
733.0,19.0,2.8649264705201967,13.426908,7.194078,-0.39766804529928423
733.0,24.0,-11.059002904212429,7.162703,3.762512,-14.32159742003191
733.0,25.0,-2.768575367487357,2.755857,-3.413427,-6.031169883306838
733.0,29.0,4.273709716498654,-9.563248,-7.024436,1.0111152006791735
734.0,2.0,2.6496318866399644,6.531916,3.981499,-0.4333749240576501
734.0,5.0,5.539394559284775,8.628309,11.636089,2.45638774858716
734.0,6.0,4.46984906506767,3.755052,2.868927,1.3868422543700558
734.0,12.0,0.6498965326854345,3.788558,3.169429,-2.43311027801218
734.0,19.0,3.5720250630284927,10.797165,7.259444,0.48901825233087814
734.0,24.0,-11.297848073803085,12.518503,3.561175,-14.3808548845007
734.0,25.0,-1.6969969878696216,-10.01733,-3.82854,-4.780003798567236
734.0,29.0,6.645184695955054,-5.071056,-7.360117,3.5621778852574395
734.0,31.0,-9.378286602310538,-12.303723,-10.746083,-12.461293413008153
735.0,2.0,2.9250697425409253,9.449324,3.245927,-0.3917038592347981
735.0,5.0,4.913386702218446,13.954697,11.292494,1.5966131004427226
735.0,6.0,3.6436583302780257,7.594334,2.681819,0.3268847285023022
735.0,12.0,1.2297556441048512,9.054391,2.209769,-2.0870179576708723
735.0,19.0,4.971336490867126,12.776375,7.523705,1.6545628890914021
735.0,24.0,-11.22428951498485,17.380577,2.882882,-14.541063116760574
735.0,29.0,8.16594461690962,-4.00731,-8.161397,4.849171015133896
735.0,31.0,-6.338612930495344,-24.746419,-10.891191,-9.655386532271068
736.0,2.0,3.3697376587577885,5.283875,2.857984,0.09078929494171373
736.0,5.0,3.923910093201883,13.091251,11.116367,0.6449617293858081
736.0,6.0,2.6995911626471614,4.066074,2.461482,-0.5793572011689134
736.0,12.0,0.9357396036949375,3.619165,1.783399,-2.3432087601211373
736.0,19.0,2.3339599366690305,13.337206,7.477741,-0.9449884271470443
736.0,24.0,-11.10404484381841,-8.983766,2.717877,-14.382993207634485
736.0,25.0,-2.898092013059963,-0.058323,-5.113064,-6.177040376876038
736.0,29.0,7.560729234400595,-7.431444,-8.398627,4.28178087058452
737.0,2.0,3.644757860242521,7.019858,2.980719,1.5955255305712415
737.0,5.0,3.605305303173129,13.94614,11.276511,1.5560729735018493
737.0,6.0,2.3353057871801486,3.726324,2.421196,0.28607345750886903
737.0,12.0,0.7332058649312554,3.217212,1.983807,-1.3160264647400242
737.0,19.0,2.653797430718681,9.944847,7.384774,0.6045651010474016
737.0,24.0,-11.162984669043558,-6.437281,2.973367,-13.212216998714837
737.0,25.0,-3.2633644972646123,3.072879,-4.96594,-5.312596826935891
737.0,29.0,7.343060130612987,-4.383178,-8.245631,5.293827800941707
738.0,2.0,4.053409827198253,6.589581,3.151506,5.638028566831647
738.0,5.0,3.4470037597343506,11.078009,11.458268,5.031622499367744
738.0,6.0,1.9584880705694747,3.891856,2.58655,3.543106810202868
738.0,12.0,0.6343544425058605,3.000176,2.120989,2.218973182139254
738.0,19.0,4.823671717681901,11.210145,7.574259,6.408290457315294
738.0,24.0,-11.149419433235922,5.343625,2.969647,-9.564800693602528
738.0,25.0,-3.558804566230901,-1.0382,-4.93912,-1.9741858265975074
738.0,29.0,7.684121216592729,-8.241903,-8.341447,9.268739956226122
738.0,31.0,-8.753392362310063,-10.394498,-11.135591,-7.168773622676669
739.0,2.0,4.209537113555415,9.922635,3.217212,7.647268860753344
739.0,5.0,3.57749751825391,13.489509,11.535767,7.015229265451839
739.0,6.0,2.34414445507585,5.821636,2.743478,5.781876202273779
739.0,12.0,0.6321236803894834,6.491699,2.11344,4.069855427587412
739.0,19.0,4.942864992121864,3.220612,7.797009,8.380596739319792
739.0,24.0,-11.220006019796143,3.914732,2.824525,-7.782274272598214
739.0,25.0,-3.4806510673368765,2.836805,-5.020467,-0.042919320138947725
739.0,29.0,8.203637179239205,5.324071,-8.530677,11.641368926437135
739.0,31.0,-10.69690130989965,-14.472204,-11.20406,-7.259169562701721
740.0,2.0,4.094549904622882,8.547128,3.246495,6.740532366305954
740.0,5.0,3.190206028327413,15.444168,11.498453,5.8361884900104855
740.0,6.0,2.27044172454735,5.70617,2.853302,4.916424186230422
740.0,12.0,0.4963018960194372,6.794307,2.09108,3.1422843577025095
740.0,19.0,4.1951359947640725,5.529867,7.915959,6.841118456447145
740.0,24.0,-11.298858886110768,13.242667,2.6771,-8.652876424427696
740.0,25.0,-3.8178873419670794,-0.037348,-5.041371,-1.171904880284007
740.0,29.0,7.39951258374715,-4.220732,-8.612476,10.045495045430222
740.0,31.0,-10.225176163114764,-18.71685,-11.160544,-7.5791937014316915
741.0,2.0,4.273793844742045,0.763251,3.433743,3.979866576825211
741.0,5.0,3.392460145902044,7.814446,11.58958,3.0985328779852104
741.0,6.0,2.4162351723878333,4.181036,3.009814,2.1223079044709996
741.0,12.0,0.5941502999455688,3.10937,2.266461,0.300223032028735
741.0,19.0,3.426771164572763,5.816238,8.020871,3.1328438966559293
741.0,24.0,-11.36827355214989,5.107021,2.680635,-11.662200820066724
741.0,25.0,-3.9743302349358034,-8.06415,-4.911004,-4.268257502852637
741.0,29.0,5.926701328996003,-14.002213,-8.581397,5.63277406107917
741.0,31.0,-4.383284333394287,9.547206,-11.149291,-4.677211601311121
742.0,2.0,4.2938985519280894,8.52705,3.616781,3.9054973028648146
742.0,5.0,3.4947837019616834,17.126991,11.655855,3.1063824528984085
742.0,6.0,2.7605215834916974,8.229684,3.172974,2.3721203344284225
742.0,12.0,0.7228400157155939,8.443039,2.433175,0.334438766652319
742.0,19.0,3.4911316245942725,6.664822,8.125643,3.1027303755309976
742.0,24.0,-11.447765921234826,6.284024,2.661535,-11.8361671702981
742.0,25.0,-4.164355427664674,4.880974,-4.776597,-4.552756676727949
742.0,29.0,3.616682554612101,-9.810367,-8.546311,3.228281305548826
742.0,31.0,-3.14317121217099,-10.833553,-11.11422,-3.5315724612342647
743.0,2.0,4.343006465052037,4.543484,3.708545,5.830332672732242
743.0,5.0,3.5224173766707985,10.652907,11.68773,5.009743584351003
743.0,6.0,2.7459643405952985,4.892636,3.255478,4.233290548275503
743.0,12.0,0.6253826480155675,2.043145,2.517339,2.112708855695773
743.0,19.0,3.033909604963199,7.092678,8.178877,4.521235812643404
743.0,24.0,-11.497468257402545,9.562869,2.65072,-10.01014204972234
743.0,25.0,-4.916330247679856,-4.682034,-4.708055,-3.42900403999965
743.0,29.0,1.2935040143241885,-11.822576,-8.528467,2.780830222004394
743.0,31.0,-5.239653357988907,-15.512978,-11.095232,-3.7523271503087012
744.0,2.0,4.005848179302774,9.928181,3.762012,8.373641384940811
744.0,5.0,3.877010313396415,15.500259,11.692739,8.244803519034452
744.0,6.0,2.8484336616563315,5.168275,3.321648,7.216226867294369
744.0,12.0,0.713269076563182,6.545765,2.556447,5.081062282201219
744.0,19.0,2.115888845576932,12.954347,8.230257,6.483682051214969
744.0,24.0,-11.599386859508003,9.277891,2.612374,-7.231593653869966
744.0,25.0,-4.1727458443340755,-12.689988,-4.674593,0.1950473613039616
744.0,29.0,1.0596870928963273,-7.937897,-8.533993,5.427480298534364
744.0,31.0,-11.365885381438073,-17.207792,-11.072306,-6.998092175800036
745.0,2.0,3.8847278447910423,5.706777,3.821654,8.56020412745443
745.0,5.0,4.612298206667601,15.028849,11.621035,9.287774489330989
745.0,6.0,3.127843446671749,6.240128,3.442798,7.8033197293351355
745.0,12.0,0.8657427283017718,5.942544,2.575228,5.5412190109651585
745.0,19.0,1.501417507475411,12.787785,8.314929,6.176893790138798
745.0,24.0,-11.708759545369233,5.275459,2.47309,-7.033283262705846
745.0,25.0,-4.6964886335188485,-2.11425,-4.626191,-0.021012350855461825
745.0,29.0,-1.8632788280554542,-7.87668,-8.544474,2.8121974546079325
745.0,31.0,-11.438613107013076,-18.758821,-10.967933,-6.763136824349689
746.0,2.0,3.889671117000681,2.181208,3.955989,6.628717371986546
746.0,5.0,4.775050208503554,8.605719,11.610515,7.51409646348942
746.0,6.0,2.8964076447853255,2.416191,3.559577,5.635453899771191
746.0,12.0,0.7179065279485926,1.037294,2.704775,3.4569527829344584
746.0,19.0,1.704964793583672,3.842287,8.352172,4.444011048569537
746.0,24.0,-11.804545777985172,7.767227,2.446629,-9.065499522999307
746.0,25.0,-4.595862944734982,-8.539959,-4.481746,-1.8568166897491163
746.0,29.0,-3.1817780870839907,-7.327232,-8.460652,-0.44273183209812483
747.0,2.0,4.125039246471319,3.868958,3.991633,6.758545870481234
747.0,5.0,4.28082704433773,11.611653,11.573058,6.914333668347645
747.0,6.0,2.354526936022175,-0.132997,3.630725,4.98803356003209
747.0,12.0,0.5945529771565212,-1.344725,2.717035,3.228059601166436
747.0,19.0,1.4232150180588405,11.362657,8.404329,4.056721642068755
747.0,24.0,-11.74629863592128,-10.134357,2.367047,-9.112792011911365
747.0,25.0,-5.1397286371793545,-10.087666,-4.454896,-2.5062220131694395
747.0,29.0,-3.2605276597591626,-8.879311,-8.469671,-0.6270210357492476
748.0,2.0,4.317260188537553,4.956423,4.167936,7.266573022468809
748.0,5.0,3.8797971908258138,10.00883,11.620652,6.82911002475707
748.0,6.0,1.7954093361430399,6.27679,3.820916,4.744722170074296
748.0,12.0,0.31449356314522525,3.174275,2.857205,3.2638063970764817
748.0,19.0,1.4893167751897156,8.138173,8.546727,4.438629609120972
748.0,24.0,-11.753256807544123,4.626956,2.291817,-8.803943973612867
748.0,25.0,-5.44266149452868,-1.714537,-4.344599,-2.493348660597424
748.0,29.0,-4.240795340368117,-8.788477,-8.472607,-1.2914825064368607
749.0,2.0,4.421035235588629,5.392945,4.208164,7.709028728972871
749.0,5.0,4.126931513773835,11.02559,11.551815,7.414925007158077
749.0,6.0,2.010910552393968,3.025591,3.952185,5.29890404577821
749.0,12.0,0.319922589186727,3.799089,2.839509,3.6079160825709686
749.0,19.0,2.1732378948461495,12.163914,8.668709,5.461231388230392
749.0,24.0,-11.888859738239976,6.120452,2.114344,-8.600866244855734
749.0,25.0,-5.3161765145080855,-6.464092,-4.343225,-2.028183021123844
749.0,29.0,-4.461034809022921,-9.827075,-8.53842,-1.1730413156386796
750.0,2.0,4.586409998285003,5.041833,4.231027,8.008384659562182
750.0,5.0,3.895447097426022,8.182118,11.48411,7.3174217587032
750.0,6.0,1.7927689885033136,5.152477,4.05386,5.214743649780492
750.0,12.0,0.10346957147184455,4.018453,2.814751,3.525444232749023
750.0,19.0,2.603921955567456,10.239884,8.763335,6.025896616844634
750.0,24.0,-11.935195577412722,1.958591,1.963001,-8.513220916135545
750.0,25.0,-5.784147269728411,-3.787642,-4.346611,-2.3621726084512327
750.0,29.0,-4.972792372412725,-7.083255,-8.592191,-1.5508177111355463
751.0,2.0,4.767909053769053,8.631006,4.19978,10.154254647853861
751.0,5.0,3.5620424073290984,8.291274,11.433881,8.948388001413907
751.0,6.0,1.4817821427300757,2.991306,4.085437,6.868127736814884
751.0,12.0,-0.1483802379454655,4.326377,2.752566,5.237965356139343
751.0,19.0,2.309284210860681,10.089559,8.815408,7.695629804945489
751.0,24.0,-11.9435003994267,3.134942,1.862547,-6.5571548053418915
751.0,25.0,-5.7937100891947715,-8.196883,-4.395459,-0.4073644951099631
751.0,29.0,-5.241000909700795,-5.523146,-8.655569,0.14534468438401316
751.0,31.0,-11.10205766853785,-10.720988,-10.586527,-5.715712074453041
752.0,2.0,4.563350434431818,6.851225,4.142593,9.545090055548679
752.0,5.0,4.1971420675618205,13.34033,11.337505,9.17888168867868
752.0,6.0,1.8213150356989924,6.486896,4.050363,6.803054656815853
752.0,12.0,0.08006104682656456,10.419714,2.698497,5.061800667943425
752.0,19.0,2.35179136612585,20.11633,8.763344,7.33353098724271
752.0,24.0,-12.054216150898878,1.396235,1.82254,-7.072476529782017
752.0,25.0,-5.479272470528658,-1.679379,-4.395947,-0.49753284941179743
752.0,29.0,-5.104186855212934,-6.663158,-8.622887,-0.12244723409607339
752.0,31.0,-11.148965647509112,-13.14825,-10.514371,-6.167226026392251
753.0,2.0,4.6429948490022355,2.591174,4.240114,7.809836152011879
753.0,5.0,3.7236940996856163,12.450815,11.243133,6.89053540269526
753.0,6.0,1.6604913563152461,5.095195,4.146739,4.82733265932489
753.0,12.0,-0.1572880785279036,7.706852,2.792152,3.0095532244817402
753.0,19.0,2.4813181529455894,11.268654,8.756779,5.648159455955233
753.0,24.0,-12.023179743089077,-3.275999,1.75994,-8.856338440079433
753.0,25.0,-5.8378036653548255,-2.199265,-4.239308,-2.6709623623451817
753.0,29.0,-5.50844006011813,-4.85105,-8.50182,-2.3415987571084864
753.0,31.0,-4.2539762109395785,0.717935,-10.3492,-1.0871349079299346
754.0,2.0,4.702851398281041,2.877171,4.343909,8.595834479017398
754.0,5.0,4.163516115464764,11.699625,11.171198,8.056499196201122
754.0,6.0,1.569991330026256,2.197582,4.231169,5.462974410762613
754.0,12.0,-0.21741295853579778,3.232401,2.901258,3.6755701222005595
754.0,19.0,1.6581903760511016,12.52649,8.738537,5.551173456787459
754.0,24.0,-12.026847938738925,1.123997,1.729854,-8.133864858002568
754.0,25.0,-5.942729550531032,-1.640373,-4.076168,-2.049746469794675
754.0,29.0,-5.380116945871074,-9.086,-8.370307,-1.4871338651347168
754.0,31.0,-9.373737062877687,-8.18007,-10.202255,-5.48075398214133
755.0,2.0,4.733948687816273,-2.707009,4.588769,7.573312607558803
755.0,5.0,4.194268978855046,12.352851,11.259693,7.033632898597576
755.0,6.0,1.6367037398286781,1.516053,4.39276,4.476067659571209
755.0,12.0,-0.2353911382804741,0.650178,3.160292,2.603972781462056
755.0,19.0,2.6125030291837676,4.826971,8.790011,5.451866948926298
755.0,24.0,-11.98332346109277,-4.327006,1.791711,-9.14395954135024
755.0,25.0,-6.017359916157043,-7.486582,-3.84354,-3.1779959964145124
755.0,29.0,-5.13575188038401,-8.910895,-8.234326,-2.29638796064148
755.0,31.0,-6.777132743701518,-2.370161,-10.142989,-3.937768823958988
756.0,2.0,4.866999467517136,0.405095,4.807493,7.718522882984166
756.0,5.0,4.121475736788213,14.06676,11.41856,6.972999152255243
756.0,6.0,1.5781513317336202,-4.835072,4.511945,4.42967474720065
756.0,12.0,-0.4595771042152954,-2.275225,3.401963,2.391946311251734
756.0,19.0,2.067813836347595,10.635419,8.844591,4.919337251814625
756.0,24.0,-11.99140213716803,-2.501279,1.909361,-9.139878721701
756.0,25.0,-6.306840644845794,-9.937329,-3.669212,-3.4553172293787644
756.0,29.0,-5.4813673670186,-10.021779,-8.14539,-2.6298439515515706
756.0,31.0,-7.414369587878745,-19.308643,-10.176066,-4.5628461724117155
757.0,2.0,4.967210258199353,8.517856,4.842053,8.032964813757989
757.0,5.0,4.270391075080504,10.874862,11.490643,7.33614563063914
757.0,6.0,1.5131216459399264,6.173231,4.524115,4.578876201498563
757.0,12.0,-0.35914545365293016,6.97631,3.442148,2.7066091019057064
757.0,19.0,2.7187631715395497,4.332824,8.871475,5.784517727098186
757.0,24.0,-12.003360406840272,2.820741,1.952166,-8.937605851281635
757.0,25.0,-6.219921823017606,0.050714,-3.667769,-3.15416726745897
757.0,29.0,-5.6859662845932695,-4.869953,-8.162907,-2.620211729034633
757.0,31.0,-8.793121460688372,-2.125784,-10.233538,-5.727366905129736
758.0,2.0,4.7450590948750175,6.107719,4.769038,8.269271455520911
758.0,5.0,4.771777320005093,8.51617,11.467925,8.295989680650987
758.0,6.0,1.2962511903606577,7.662403,4.502337,4.8204635510065525
758.0,12.0,-0.41719184331392434,5.927206,3.349401,3.1070205173319705
758.0,19.0,3.0346850123585174,15.51611,8.900207,6.558897373004412
758.0,24.0,-11.962367589630555,-2.06273,1.893838,-8.438155228984659
758.0,25.0,-5.978995652086379,0.130858,-3.762518,-2.454783291440484
758.0,29.0,-5.582157228933073,-5.313296,-8.247492,-2.057944868287178
758.0,31.0,-10.702246189371573,-12.088559,-10.260737,-7.178033828725678
759.0,2.0,4.3221588840615315,7.96776,4.695028,7.498212959449806
759.0,5.0,5.457434326802323,22.686109,11.374736,8.633488402190597
759.0,6.0,1.5294691825217361,8.296877,4.460854,4.705523257910011
759.0,12.0,-0.1944634900504072,4.953503,3.273668,2.9815905853378677
759.0,19.0,2.353822129212631,3.662066,8.85738,5.529876204600906
759.0,24.0,-11.982682133140871,6.738196,1.844818,-8.806628057752597
759.0,25.0,-5.735969702432748,-2.645014,-3.790041,-2.5599156270444734
759.0,29.0,-5.137901939329946,-8.236187,-8.239773,-1.9618478639416708
759.0,31.0,-10.522767489730505,-12.652475,-10.204161,-7.34671341434223
760.0,2.0,3.9801736157624514,7.479199,4.583702,7.298960631709432
760.0,5.0,5.661515453738918,3.097817,11.245927,8.980302469685899
760.0,6.0,1.5102403565881914,3.834958,4.399325,4.8290273725351724
760.0,12.0,-0.22491508364821566,6.062825,3.157424,3.093871932298765
760.0,19.0,1.7759296036563263,10.459939,8.800724,5.094716619603307
760.0,24.0,-12.113840522775682,-4.506945,1.772912,-8.795053506828701
760.0,25.0,-5.790940554572574,-3.414251,-3.841267,-2.472153538625593
760.0,29.0,-5.293653512559192,-3.461838,-8.239971,-1.9748664966122118
760.0,31.0,-4.014874867699858,-11.328258,-10.132314,-0.696087851752877
761.0,2.0,3.878704790049472,6.600372,4.573176,6.993098393423997
761.0,5.0,5.507543327188898,0.247459,11.220837,8.621936930563423
761.0,6.0,1.3821567340569931,6.744491,4.423694,4.496550337431518
761.0,12.0,-0.3022742223694159,4.989607,3.129064,2.812119381005109
761.0,19.0,1.699629241857842,9.350442,8.835123,4.814022845232367
761.0,24.0,-12.059298483649826,-1.167118,1.715377,-8.9449048802753
761.0,25.0,-5.783867087385001,1.928951,-3.863813,-2.6694734840104766
761.0,29.0,-5.453203367043588,-3.685525,-8.275131,-2.338809763669063
761.0,31.0,-3.30987851047483,12.699111,-10.116905,-0.19548490710030508
762.0,2.0,3.883842421125303,5.261581,4.583419,7.308250547306061
762.0,5.0,5.746409562233421,15.569382,11.294229,9.170817688414179
762.0,6.0,1.3272627803660626,2.259505,4.43763,4.751670906546821
762.0,12.0,-0.3571710183103498,4.356208,3.131222,3.0672371078704086
762.0,19.0,1.6395351725432015,8.634946,8.890656,5.063943298723959
762.0,24.0,-12.00129510701073,-3.205174,1.727208,-8.576886980829972
762.0,25.0,-5.718551010860534,-3.626914,-3.909309,-2.294142884679776
762.0,29.0,-5.773110464939882,-6.042018,-8.343043,-2.3487023387591237
762.0,31.0,-3.7961796017705423,-13.249987,-10.195536,-0.37177147558978385
763.0,2.0,3.852330749850182,6.224368,4.596226,6.433184311480442
763.0,5.0,6.220427633406469,16.63823,11.362392,8.80128119503673
763.0,6.0,2.0588659175132795,5.744415,4.468528,4.63971947914354
763.0,12.0,-0.030094607707685128,5.99495,3.126546,2.5507589539225752
763.0,19.0,2.765170195745511,10.500686,8.966743,5.346023757375772
763.0,24.0,-12.159963040729078,5.807807,1.714007,-9.579109479098818
763.0,25.0,-5.57135104220003,-0.252745,-3.962306,-2.9904974805697697
763.0,29.0,-4.976899688217984,-6.852789,-8.427814,-2.396046126587724
763.0,31.0,-4.012755271051921,-27.219817,-10.269652,-1.4319017094216604
764.0,2.0,3.8469648567379195,5.169712,4.474808,7.356386953420586
764.0,5.0,6.093488712535315,18.149969,11.36691,9.602910809217981
764.0,6.0,1.6747691960904891,4.805116,4.392762,5.184191292773155
764.0,12.0,-0.1174351181526001,1.429687,2.993884,3.3919869785300665
764.0,19.0,2.234689317957871,10.385302,8.978007,5.744111414640537
764.0,24.0,-12.18171792609487,-10.327299,1.691343,-8.672295829412203
764.0,25.0,-5.572109188910139,-6.596347,-4.114253,-2.0626870922274727
764.0,29.0,-5.0045659375859435,-9.422246,-8.545218,-1.495143840903277
764.0,31.0,-8.198514323323733,0.42703,-10.355494,-4.689092226641067
765.0,2.0,3.8221107828206335,7.698611,4.277369,7.196249831133652
765.0,5.0,5.879820082559803,13.537972,11.199448,9.253959130872822
765.0,6.0,1.6296275157136888,10.740098,4.29033,5.003766564026707
765.0,12.0,-0.07807765139413725,3.450083,2.777162,3.296061396918881
765.0,19.0,1.9874815243108728,9.859563,8.923762,5.361620572623891
765.0,24.0,-12.156228890933203,-8.107924,1.571098,-8.782089842620184
765.0,25.0,-5.5168298179286035,-3.262783,-4.256597,-2.1426907696155855
765.0,29.0,-4.909686808900885,-7.897483,-8.611358,-1.5355477605878667
765.0,31.0,-3.873898088492399,-3.311361,-10.299528,-0.4997590401793808
766.0,2.0,3.869460243909014,3.399778,4.126267,7.381952421371665
766.0,5.0,5.744769754292255,9.744956,11.068031,9.257261931754906
766.0,6.0,1.4322343210362831,-0.063855,4.223697,4.944726498498934
766.0,12.0,-0.27596828029284026,-1.068226,2.604162,3.2365238971698105
766.0,19.0,1.7927149756097585,10.241628,8.898713,5.305207153072409
766.0,24.0,-12.103835999465119,0.223951,1.459878,-8.591343822002468
766.0,25.0,-5.767551011226915,-6.315723,-4.373972,-2.255058833764264
766.0,29.0,-5.391952945416403,-9.956246,-8.677343,-1.879460767953752
766.0,31.0,-3.518954904741911,-10.976503,-10.255476,-0.0064627272792603385
767.0,2.0,4.146971040502759,0.701754,4.176098,7.9545585924327025
767.0,5.0,5.5093414740902045,1.776288,11.227869,9.316929026020148
767.0,6.0,1.4546248348891346,2.732601,4.234702,5.262212386819078
767.0,12.0,-0.1705820922376482,0.213794,2.661509,3.637005459692295
767.0,19.0,1.766920297227811,9.786943,8.960501,5.574507849157754
767.0,24.0,-12.031017644436911,-4.427251,1.548149,-8.223430092506968
767.0,25.0,-5.627244528844489,-11.573994,-4.406413,-1.8196569769145459
767.0,29.0,-4.758599958568386,-8.399724,-8.742963,-0.9510124066384424
767.0,31.0,-4.639280657815866,-20.171819,-10.401079,-0.8316931058859227
768.0,2.0,3.948133479790391,8.620138,4.198109,7.1893551741691475
768.0,5.0,5.698837304978898,24.404575,11.292341,8.940058999357655
768.0,6.0,1.415156263602623,6.024903,4.250963,4.656377957981379
768.0,12.0,-0.10344726433434204,3.666469,2.680741,3.137774430044414
768.0,19.0,2.2865040729871335,2.915283,9.002232,5.52772576736589
768.0,24.0,-12.06356623551021,11.105523,1.567762,-8.822344541131454
768.0,25.0,-5.376936183883654,-3.746547,-4.426213,-2.1357144895048976
768.0,29.0,-5.155925753455613,-8.668612,-8.784024,-1.9147040590768571
768.0,31.0,-3.6763329454244302,-23.366891,-10.460772,-0.43511125104567405
769.0,2.0,3.762166710552709,5.399817,4.249414,7.986153428988797
769.0,5.0,5.499174966767455,19.27735,11.320926,9.723161685203543
769.0,6.0,1.299905586753944,7.165539,4.300877,5.523892305190032
769.0,12.0,-0.14352977838775338,3.431036,2.724936,4.080456940048335
769.0,19.0,2.2823812737973252,4.640197,9.044465,6.506367992233414
769.0,24.0,-12.067367193432682,-0.158017,1.558687,-7.843380474996594
769.0,25.0,-5.399270425468504,-3.155177,-4.398502,-1.175283707032416
769.0,29.0,-5.602745331022946,-7.176444,-8.789292,-1.3787586125868572
769.0,31.0,-9.432992450883956,-13.164444,-10.463085,-5.209005732447868
770.0,2.0,3.9536241914883448,-1.532924,4.263765,6.891787653259649
770.0,5.0,4.635463248045227,25.152618,11.274792,7.573626709816531
770.0,6.0,1.262322432132061,-5.262066,4.31367,4.200485893903365
770.0,12.0,-0.3647161672938086,-3.230175,2.743401,2.5734472944774955
770.0,19.0,1.6065133417924118,7.219826,9.02265,4.544676803563716
770.0,24.0,-12.043835135851104,-12.309934,1.542504,-9.105671674079801
770.0,25.0,-5.733567880542509,-14.325247,-4.349802,-2.795404418771205
770.0,29.0,-5.022050752412896,-13.421852,-8.739934,-2.0838872906415915
770.0,31.0,-7.957895217156873,-14.663863,-10.401604,-5.0197317553855685
771.0,2.0,3.9101480904375983,13.151215,4.233855,8.280389629371253
771.0,6.0,1.4531660900284242,9.978115,4.283367,5.823407628962078
771.0,12.0,-0.27153080928966844,8.048915,2.729898,4.098710729643986
771.0,19.0,2.080876197438509,12.397325,8.927995,6.451117736372163
771.0,24.0,-12.068378967619573,-0.392766,1.516542,-7.698137428685919
771.0,25.0,-5.5839044495460595,7.144074,-4.279397,-1.2136629106124053
771.0,29.0,-5.7588168492785226,-1.962013,-8.629954,-1.3885753103448684
771.0,31.0,-9.91212267643574,-7.435456,-10.267388,-5.541881137502085
772.0,2.0,3.920009385770422,1.404781,4.253714,8.782387140172872
772.0,6.0,1.3269149790991657,1.263875,4.253774,6.189292733501616
772.0,12.0,-0.11877474031489399,-3.904309,2.784543,4.743603014087556
772.0,19.0,1.4718013317527134,6.995192,8.835012,6.334179086155164
772.0,24.0,-12.015693937618199,-1.470996,1.573232,-7.153316183215749
772.0,25.0,-5.449586095697013,-10.079888,-4.181095,-0.5872083412945628
772.0,29.0,-5.553906145463008,-10.058053,-8.504362,-0.6915283910605581
772.0,31.0,-8.717336281260112,-18.286295,-10.19324,-3.8549585268576614
773.0,2.0,4.0799132664065745,-0.012905,4.264496,7.616506401822482
773.0,5.0,5.3534893000383015,29.01542,11.031259,8.89008243545421
773.0,6.0,1.090789779466295,-0.333866,4.205526,4.627382914882203
773.0,12.0,-0.403752541741234,0.040916,2.839237,3.1328405936746737
773.0,19.0,1.7666063444422413,4.094751,8.71077,5.303199479858149
773.0,24.0,-11.962851888051151,-3.749251,1.642712,-8.426258752635244
773.0,25.0,-5.7194176757421555,-11.858338,-4.067787,-2.182824540326248
773.0,29.0,-5.453316365228277,-10.603492,-8.349381,-1.9167232298123693
773.0,31.0,-5.993748954762474,-10.529203,-10.100015,-2.457155819346566
774.0,2.0,4.239920164849062,2.351032,4.368372,7.642286939129592
774.0,5.0,5.2511329746451985,12.798511,11.134656,8.653499748925729
774.0,6.0,1.094575413926436,3.158632,4.166279,4.496942188206965
774.0,12.0,-0.2982893260054862,3.77108,3.016044,3.1040774482750435
774.0,19.0,2.1207922328297357,9.193344,8.6051,5.523159007110266
774.0,24.0,-11.900538098372667,-0.513648,1.856472,-8.498171324092137
774.0,25.0,-5.560892907053386,-6.562837,-3.913556,-2.1585261327728564
774.0,29.0,-5.24628526783407,-8.652138,-8.182416,-1.8439184935535402
775.0,2.0,3.6501366963691257,0.110052,4.414241,5.564672817831143
775.0,5.0,5.480479623576844,11.413804,11.345059,7.395015745038862
775.0,6.0,1.6014724459634069,-1.401111,4.047648,3.5160085674254242
775.0,12.0,0.0415012446125278,-1.440402,3.149358,1.9560373660745451
775.0,19.0,1.6446227832944817,8.88451,8.500282,3.559158904756499
775.0,24.0,-12.080005691123732,-0.160662,2.157579,-10.165469569661715
775.0,25.0,-5.051146116254128,-7.358718,-3.866904,-3.136609994792111
775.0,29.0,-3.938871012194105,-11.337619,-8.098861,-2.0243348907320877
775.0,31.0,-2.3045734338381143,25.796569,-10.306751,-0.39003731237609696
776.0,2.0,5.347448725695919,2.036631,4.193009,4.899130728462845
776.0,5.0,5.3929093100425725,15.199648,11.490675,4.944591312809498
776.0,6.0,2.716416142641215,9.973961,4.004268,2.268098145408141
776.0,12.0,1.6578741600962168,4.59005,2.833782,1.2095561628631426
776.0,19.0,2.6458547225390774,10.266365,8.749509,2.197536725306003
776.0,25.0,-2.2545374162503733,2.971014,-4.33267,-2.7028554134834475
776.0,29.0,1.3258813655025206,-9.856733,-8.584918,0.8775633682694464
776.0,31.0,-10.752044984522708,-11.093829,-10.640841,-11.200362981755783
777.0,2.0,4.137161351103289,11.604978,4.182873,6.717218061694389
777.0,5.0,5.265855712691135,6.357909,11.636611,7.845912423282234
777.0,6.0,1.4524679577086017,10.095673,4.114519,4.0325246682997005
777.0,12.0,-0.2376793634274188,10.159217,2.736355,2.3423773471636804
777.0,24.0,-11.999620814840593,3.789958,1.867815,-9.419564104249494
777.0,25.0,-5.559274597100059,2.880833,-4.557904,-2.9792178865089594
777.0,29.0,-5.356068006881364,-2.570298,-8.907466,-2.776011296290265
777.0,31.0,-10.749639957899971,-6.644977,-10.839054,-8.169583247308871
778.0,2.0,4.028375556059379,1.895022,4.354858,7.843781316203277
778.0,5.0,5.338652473720819,14.172088,11.646637,9.154058233864717
778.0,6.0,1.4754914353085926,1.7305,4.248603,5.290897195452491
778.0,12.0,-0.34325674860742605,-0.637996,2.909109,3.4721490115364726
778.0,24.0,-11.954702635213778,-4.012692,1.862978,-8.13929687506988
778.0,25.0,-5.748623859486312,-9.651621,-4.37571,-1.933218099342413
778.0,29.0,-6.102869819527541,-9.515731,-8.796577,-2.2874640593836424
778.0,31.0,-11.043870567520994,-16.505429,-10.74128,-7.228464807377096
779.0,2.0,4.28189367864735,4.178292,4.391851,6.856900822109609
779.0,5.0,6.058623274737252,21.677801,11.638718,8.633630418199512
779.0,6.0,1.8900239440077389,1.581236,4.312989,4.465031087469998
779.0,12.0,0.05937775869784634,0.820705,2.924875,2.6343849021601056
779.0,19.0,2.8972609663919116,4.305176,9.113566,5.472268109854171
779.0,24.0,-11.86339446195969,-3.738887,1.803715,-9.288387318497431
779.0,25.0,-5.385075186601569,-6.611295,-4.361599,-2.81006804313931
779.0,29.0,-5.062331823438465,-7.4389,-8.818824,-2.487324679976206
779.0,31.0,-11.034195222499065,-19.093136,-10.716181,-8.459188079036807
780.0,2.0,4.107553658658997,5.693192,4.253814,7.7193990739244605
780.0,5.0,5.637018709238337,12.627894,11.528046,9.2488641245038
780.0,6.0,1.4221307051667766,0.054859,4.253677,5.03397612043224
780.0,12.0,-0.23986437771700508,0.286623,2.765094,3.3719810375484585
780.0,19.0,1.6974262306206391,5.901316,9.09882,5.309271645886103
780.0,24.0,-11.848431708522675,13.332876,1.702896,-8.236586293257211
780.0,25.0,-5.685948017603122,-4.049706,-4.477236,-2.0741026023376588
780.0,29.0,-6.070546884985749,-6.926649,-8.890147,-2.4587014697202854
780.0,31.0,-11.029985489429194,-18.524952,-10.687468,-7.4181400741637304
781.0,2.0,4.087793942039495,6.778373,4.206149,8.458584265224152
781.0,5.0,4.981077546001856,12.11996,11.594599,9.351867869186513
781.0,6.0,1.4266801284911734,3.774862,4.185982,5.797470451675831
781.0,12.0,-0.1421920007461548,4.672429,2.734379,4.228598322438502
781.0,19.0,0.9618320053943261,8.25979,9.083743,5.332622328578983
781.0,24.0,-11.846578969363698,3.655143,1.772905,-7.475788646179041
781.0,25.0,-5.577340295788132,-3.435902,-4.546455,-1.206549972603475
781.0,29.0,-6.314042585014647,-5.905199,-8.93531,-1.94325226182999
781.0,31.0,-11.038479957761648,-14.25017,-10.787627,-6.667689634576991
782.0,2.0,4.272072287071943,2.794923,4.377561,8.636822559898512
782.0,5.0,4.72145986769109,10.578695,11.783471,9.086210140517657
782.0,6.0,1.4176050845564667,1.680059,4.265321,5.782355357383035
782.0,12.0,-0.08835818780235272,1.814134,2.929029,4.276392085024216
782.0,19.0,1.43235461934042,7.487138,9.143389,5.797104892166988
782.0,24.0,-11.697551797258496,3.692454,1.905182,-7.332801524431928
782.0,25.0,-5.313235619567488,-6.370866,-4.441359,-0.9484853467409193
782.0,29.0,-6.2244086335946545,-7.531215,-8.901174,-1.859658360768086
782.0,31.0,-11.032547052017874,-14.28665,-10.8834,-6.667796779191305
783.0,2.0,3.9768375780311196,3.898379,4.475325,9.697845281730867
783.0,5.0,4.63726954174513,11.958344,12.01745,10.358277245444878
783.0,6.0,1.4938556927694702,0.633814,4.178012,7.214863396469219
783.0,12.0,0.21408194375943346,2.406423,3.119091,5.935089647459182
783.0,19.0,1.4098624876003463,8.271003,9.047831,7.130870191300095
783.0,24.0,-11.856869450659744,8.687877,2.225028,-6.135861746959995
783.0,25.0,-4.0116965282376045,-9.909055,-4.345675,1.709311175462144
783.0,29.0,-5.645067222265579,-8.627098,-8.788513,0.0759404814341691
783.0,31.0,-11.080206560054794,-16.269296,-11.054606,-5.359198856355046
784.0,2.0,3.742870562544317,7.399977,4.564358,9.166028553697458
784.0,5.0,4.97587632145642,12.850038,12.118196,10.399034312609562
784.0,6.0,1.532173551914446,4.346787,4.225362,6.9553315430675875
784.0,12.0,0.38483780991924377,3.666782,3.216876,5.807995801072385
784.0,19.0,1.309133816917317,7.726062,9.090315,6.732291808070459
784.0,24.0,-11.831119200944432,4.26927,2.285057,-6.40796120979129
784.0,25.0,-2.222299723579627,0.564239,-4.297863,3.2008582675735147
784.0,29.0,-4.495199407070786,-7.495842,-8.782551,0.9279585840823552
784.0,31.0,-11.100029345062019,-10.507532,-11.108586,-5.6768713539088775
785.0,2.0,3.7554185025259947,7.79253,4.350351,8.42300383368566
785.0,5.0,5.000488416706588,9.695587,12.14107,9.668073747866254
785.0,6.0,1.746287106871507,4.495676,4.011941,6.413872438031173
785.0,12.0,0.5719928424396787,2.6319,3.034231,5.2395781735993445
785.0,19.0,1.2717847300249563,9.498257,8.995263,5.939370061184622
785.0,24.0,-11.666222385581491,3.590789,2.375705,-6.998637054421826
785.0,25.0,-2.3206029378197224,-5.524593,-4.502204,2.3469823933399434
785.0,29.0,-3.6969929983239087,-6.198281,-8.879162,0.9705923328357571
785.0,31.0,-11.107031679368344,-10.699149,-11.261246,-6.439446348208678
786.0,2.0,3.218183298645318,5.851143,3.87675,8.554941628056117
786.0,5.0,5.2322778007862905,13.181818,12.02993,10.56903613019709
786.0,6.0,2.3516824310209117,8.412522,3.608655,7.68844076043171
786.0,12.0,0.7998151489744432,5.463644,2.594217,6.136573478385242
786.0,19.0,0.9282943021265213,11.66568,8.794097,6.26505263153732
786.0,24.0,-11.728500601621581,-1.517504,2.42065,-6.391742272210783
786.0,25.0,-1.876090956198139,8.291866,-4.90622,3.46066737321266
786.0,29.0,-3.3717548869623393,-6.290405,-9.055379,1.9650034424484595
786.0,31.0,-11.255541687453421,-14.259579,-11.428602,-5.918783358042623
787.0,2.0,3.886736388607428,5.154919,3.956951,9.642362067452328
787.0,5.0,3.979318251550634,12.694671,12.273898,9.734943930395534
787.0,6.0,1.838657904163183,1.485479,3.541241,7.594283583008083
787.0,12.0,0.489145398989395,2.476535,2.744222,6.244771077834295
787.0,19.0,-0.1861150327793153,14.553771,8.753702,5.569510646065584
787.0,24.0,-11.404533281040855,0.692872,2.691942,-5.648907602195956
787.0,25.0,-3.157352865189411,-27.609712,-4.868238,2.5982728136554885
787.0,29.0,2.5757894385045095,-6.416219,-9.016404,8.331415117349408
787.0,31.0,-11.032327497726259,-16.330971,-11.629418,-5.276701818881359
788.0,2.0,3.5778356943821805,11.678974,4.406612,7.52871688499455
788.0,5.0,3.997199750164148,13.803325,12.694713,7.948080940776517
788.0,6.0,2.4234875176069357,9.247855,3.816235,6.374368708219304
788.0,12.0,0.7003342473064231,7.079166,3.213976,4.6512154379187916
788.0,19.0,0.9281326370779643,10.741774,8.968006,4.879013827690333
788.0,24.0,-11.215957446664685,1.264676,2.911385,-7.265076256052316
788.0,25.0,-3.2985174772589625,1.480131,-4.604174,0.6523637133534064
788.0,29.0,5.330075078696996,-2.551147,-8.964215,9.280956269309366
788.0,31.0,-11.118061239842007,-9.80131,-11.808615,-7.167180049229637
789.0,2.0,3.296117966738615,11.434177,4.530154,6.327409526033391
789.0,5.0,4.577677661580008,13.792453,12.801617,7.608969220874784
789.0,6.0,3.1357254977643585,5.401954,3.87175,6.167017057059135
789.0,12.0,1.1040233546370697,7.134593,3.358422,4.135314913931846
789.0,19.0,1.583794732829709,15.048841,8.991235,4.615086292124485
789.0,24.0,-11.173653136879185,5.928274,3.000751,-8.14236157758441
789.0,25.0,-3.036523376715795,2.481101,-4.505082,-0.005231817421018636
789.0,29.0,5.035827778227784,-0.184636,-8.910511,8.06711933752256
789.0,31.0,-11.259734542219784,-16.132397,-11.843545,-8.228442982925007
790.0,2.0,3.4077019041544894,1.684087,4.531953,7.420509003832455
790.0,5.0,4.187700678971877,11.911881,12.977312,8.200507778649843
790.0,6.0,2.726705227231106,-1.200073,3.779217,6.739512326909072
790.0,12.0,0.9973624594050978,-1.587072,3.41167,5.010169559083064
790.0,19.0,2.1093935869389266,9.56891,8.952162,6.1222006866168925
790.0,24.0,-11.208447280463586,2.637168,3.199622,-7.19564018078562
790.0,25.0,-3.180885900091668,-3.361107,-4.537723,0.8319211995862981
790.0,29.0,2.4412299969825986,-12.227862,-8.92074,6.4540370966605645
790.0,31.0,-10.999234541844755,-12.647661,-12.023596,-6.986427442166789
791.0,2.0,3.349794761250715,8.553911,4.484912,7.988246131524992
791.0,5.0,4.388966484472176,12.687969,13.105465,9.027417854746453
791.0,6.0,2.4746779108130292,3.970123,3.647501,7.113129281087306
791.0,12.0,1.1450207075947745,5.870261,3.420509,5.783472077869051
791.0,19.0,2.5745888775386385,13.038569,8.87441,7.213040247812915
791.0,24.0,-11.05721292807032,1.016292,3.388797,-6.418761557796044
791.0,25.0,-3.1477426429858193,-14.426641,-4.588677,1.4907087272884576
791.0,29.0,-0.3643260564167097,-1.691724,-8.920451,4.274125313857567
791.0,31.0,-11.252926518949945,-12.306313,-12.180107,-6.614475148675668
792.0,2.0,3.36970074987717,5.238726,4.366827,7.325905055105042
792.0,5.0,4.714633057020972,13.61183,13.207806,8.670837362248843
792.0,6.0,2.679500315132322,4.019851,3.429708,6.635704620360194
792.0,12.0,1.4046484613861159,4.423023,3.380826,5.360852766613988
792.0,19.0,2.31842318066043,11.610325,8.721295,6.274627485888302
792.0,24.0,-10.747572648234346,9.539768,3.622081,-6.791368343006474
792.0,25.0,-1.9519678847359607,9.573462,-4.669727,2.004236420491911
792.0,29.0,-0.6204973880783102,-4.173776,-8.898579,3.3357069171495617
792.0,31.0,-11.309422919057905,-18.308455,-12.345864,-7.353218613830033
793.0,2.0,3.6741613309243917,2.918426,4.39646,8.10238524041375
793.0,5.0,3.997684622118447,12.219361,13.380164,8.425908531607805
793.0,6.0,1.8448441670791764,0.266953,3.329234,6.273068076568534
793.0,12.0,1.2575430723478984,0.405582,3.482049,5.685766981837256
793.0,19.0,3.0053374179174632,13.427938,8.639235,7.433561327406821
793.0,24.0,-10.59500836876194,4.886877,3.864939,-6.1667844592725825
793.0,25.0,-2.2639491013008914,25.117755,-4.641287,2.164274808188466
793.0,29.0,1.743786087638906,-1.294725,-8.840209,6.172009997128264
793.0,31.0,-11.236130846441544,-16.633092,-12.49793,-6.807906936952186
794.0,2.0,3.4336120682802473,9.100929,4.345646,7.670367317423976
794.0,5.0,4.318999221227632,14.344366,13.453397,8.55575447037136
794.0,6.0,2.033458753834317,7.81711,3.244678,6.2702140029780455
794.0,12.0,1.3821058542479596,5.825913,3.458167,5.618861103391688
794.0,19.0,3.110124946401708,12.980996,8.605668,7.346880195545436
794.0,24.0,-10.354993068710987,-0.447995,3.959991,-6.118237819567259
794.0,29.0,4.984901600928055,-3.942424,-8.871261,9.221656850071783
794.0,31.0,-11.320416856817362,-12.159927,-12.604584,-7.083661607673633
795.0,2.0,3.299788383180527,6.883045,4.241143,6.754279118431704
795.0,5.0,4.514364891317381,13.010678,13.499387,7.968855626568558
795.0,6.0,1.779042509960611,2.679792,3.060203,5.233533245211788
795.0,12.0,1.4079590288058554,3.530408,3.421314,4.8624497640570326
795.0,19.0,2.7612446187325776,11.487374,8.45646,6.215735353983755
795.0,24.0,-10.155227194630273,14.196292,4.140609,-6.700736459379096
795.0,29.0,0.896417079032986,-5.076676,-8.824665,4.350907814284163
795.0,31.0,-11.327588517349225,-13.343106,-12.701935,-7.873097782098048
796.0,2.0,3.1948716275528515,6.37599,4.140409,5.453858422975147
796.0,5.0,4.915467401532139,13.334689,13.550125,7.174454196954434
796.0,6.0,2.3105752584025367,5.889661,2.870469,4.569562053824832
796.0,12.0,1.452659082869732,2.991761,3.393403,3.711645878292028
796.0,19.0,2.5544403818392762,10.81143,8.298085,4.8134271772615715
796.0,25.0,-3.7444181506040284,-10.94874,-4.790609,-1.4854313551817326
796.0,29.0,-2.319873888544634,-6.744368,-8.766965,-0.06088709312233842
796.0,31.0,-11.354620991018031,-16.121521,-12.800558,-9.095634195595736
797.0,2.0,3.250083587325566,9.156648,4.014981,2.9824288997930086
797.0,5.0,6.1491026221446194,14.406722,13.598241,5.881447934612062
797.0,6.0,3.147765704194974,5.54904,2.704944,2.8801110166624166
797.0,12.0,1.8986441205210687,6.302828,3.312308,1.6309894329885113
797.0,19.0,3.1039754120184337,8.411949,8.201266,2.8363207244858764
797.0,25.0,-3.901381526000954,-0.943073,-4.895655,-4.169036213533511
797.0,29.0,-1.1990370498919711,-2.402665,-8.79195,-1.4666917374245285
797.0,31.0,-9.269826268622126,-19.842116,-12.921279,-9.537480956154683
798.0,2.0,3.2956902537776944,6.147173,4.040986,1.7943838685791293
798.0,5.0,6.560183580670509,15.274486,13.739575,5.058877195471944
798.0,6.0,3.4643126082450593,4.832231,2.605309,1.9630062230464942
798.0,12.0,2.182028288623874,4.167204,3.410178,0.6807219034253089
798.0,19.0,4.152074982250692,6.503796,8.105818,2.650768597052127
798.0,25.0,-4.791861827672844,-3.928153,-4.852174,-6.293168212871409
798.0,29.0,1.1232167785148786,-7.750244,-8.713943,-0.3780896066836865
798.0,31.0,-9.688323363536536,-13.060416,-13.040753,-11.1896297487351
799.0,2.0,4.128622696859264,2.992946,4.148243,3.8644540412696524
799.0,5.0,5.7030004907521175,9.391583,13.878521,5.438831835162507
799.0,6.0,2.477903742074324,-0.797116,2.599031,2.213735086484713
799.0,12.0,1.3647112990414687,1.291201,3.569324,1.1005426434518575
799.0,19.0,4.309498088003981,17.707644,8.069542,4.04532943241437
799.0,25.0,-5.377044911053728,-7.335401,-4.746564,-5.641213566643339
799.0,29.0,0.07759308290161826,-7.508718,-8.623875,-0.18657557268799296
799.0,31.0,-9.650319611344672,-17.321772,-13.111883,-9.914488266934283
800.0,2.0,3.888586010932947,7.253602,4.813086,2.9120347610526203
800.0,5.0,5.81794439571982,8.551681,14.256738,4.841393145839493
800.0,6.0,2.651071431481773,-0.539835,2.6992,1.6745201816014461
800.0,12.0,1.4758234850553658,4.412982,4.485122,0.49927223517503894
800.0,19.0,4.0344455725475346,30.334612,7.764623,3.0578943226672077
800.0,25.0,-5.5758890011890125,-4.687713,-3.890838,-6.552440251069339
800.0,29.0,2.9166761238665337,-8.501555,-7.848234,1.940124873986207
800.0,31.0,-10.027258230347016,-18.288795,-13.029538,-11.003809480227343
801.0,2.0,3.10342883554954,9.411188,5.140873,2.4882240154403448
801.0,5.0,6.725198969886229,17.23476,14.323533,6.109994149777034
801.0,6.0,3.9717136547490846,5.067571,2.916683,3.3565088346398895
801.0,12.0,2.6086112680957143,10.008199,4.834712,1.9934064479865192
801.0,19.0,3.911927678708448,12.269126,7.803445,3.296722858599253
801.0,24.0,-8.74034142701157,-0.178114,5.657979,-9.355546247120765
801.0,25.0,-5.460572393802332,-1.897069,-3.541766,-6.075777213911527
801.0,29.0,4.774033590089667,-4.711863,-7.619882,4.158828769980472
801.0,31.0,-11.492925721375904,-15.612235,-12.887583,-12.1081305414851
802.0,2.0,2.7079625057956456,5.985527,5.016378,3.828204762150446
802.0,5.0,7.373816524518327,15.645235,14.12567,8.494058780873127
802.0,6.0,4.735616982894502,1.83905,2.840969,5.855859239249302
802.0,12.0,3.2039018641025763,3.149799,4.712987,4.324144120457376
802.0,19.0,3.7887523765701214,11.423709,7.697139,4.908994632924921
802.0,24.0,-9.464884475241519,-3.230011,5.573358,-8.344642218886719
802.0,25.0,-5.347060244851076,-4.01794,-3.554865,-4.2268179884962755
802.0,29.0,7.742765245907172,0.776048,-7.561409,8.863007502261972
802.0,31.0,-11.53847848075592,-17.027991,-12.744718,-10.41823622440112
803.0,2.0,2.976251613404628,-5.751284,4.995121,1.470967989905518
803.0,5.0,6.523228312328058,3.16663,14.168164,5.017944688828948
803.0,6.0,4.025299751352202,-6.665871,2.798814,2.520016127853092
803.0,12.0,2.6824871460542576,-5.417094,4.708347,1.1772035225551476
803.0,19.0,3.5480164630207156,31.319201,7.680372,2.0427328395216056
803.0,24.0,-8.10557857387511,-13.165516,5.627451,-9.610862197374221
803.0,25.0,-5.562614006391602,-9.601902,-3.581705,-7.067897629890712
803.0,29.0,6.486386494387139,-14.525643,-7.574331,4.981102870888028
803.0,31.0,-9.2020400645831,-29.492944,-12.801083,-10.70732368808221
804.0,2.0,3.2612695115344685,1.799596,5.029357,2.283047581979632
804.0,5.0,6.202150087023618,9.413881,14.19449,5.223928157468782
804.0,6.0,3.6787996604456623,-1.121153,2.814575,2.7005777308908256
804.0,12.0,2.4825254009013076,0.936242,4.750371,1.504303471346471
804.0,19.0,3.8215820471827584,21.776233,7.686183,2.8433601176279217
804.0,24.0,-7.4008141671826575,9.228462,5.650789,-8.379036096737494
804.0,25.0,-5.914805426506198,-3.204012,-3.550284,-6.893027356061035
804.0,29.0,4.854623000966013,-9.600185,-7.556766,3.8764010714111765
804.0,31.0,-9.25286926779236,-23.898632,-12.806511,-10.231091197347196
805.0,2.0,3.2236931159591595,6.898426,5.118086,1.5070161333762173
805.0,5.0,6.477901596075441,15.567614,14.238006,4.761224613492498
805.0,6.0,4.219815628402198,2.954342,2.883021,2.503138645819256
805.0,12.0,2.422962676387451,6.855237,4.838655,0.7062856938045088
805.0,19.0,3.2795469846591274,4.789352,7.727534,1.5628700020761852
805.0,24.0,-7.557334539269762,2.725543,5.660211,-9.274011521852705
805.0,25.0,-5.5518250203047295,-1.716155,-3.481203,-7.268502002887672
805.0,29.0,5.063325029599007,0.089314,-7.532522,3.3466480470160644
805.0,31.0,-8.457447930664276,-18.920896,-12.798892,-10.17412491324722
806.0,2.0,3.5101372824206116,2.655383,5.108458,3.273459556589037
806.0,5.0,6.378112418170748,16.041092,14.259063,6.141434692339173
806.0,6.0,4.049625246070914,2.834118,2.854891,3.812947520239339
806.0,12.0,2.349290221433473,1.894917,4.843846,2.1126124956018986
806.0,19.0,2.770340428930134,2.86039,7.707587,2.5336627030985595
806.0,24.0,-7.731227683458089,12.53393,5.69956,-7.9679054092896635
806.0,25.0,-5.766838460175422,-2.609165,-3.484741,-6.003516186006997
806.0,29.0,5.789210652004254,-5.065222,-7.525724,5.552532926172679
806.0,31.0,-11.776187932514897,-20.736093,-12.824276,-12.012865658346472
807.0,2.0,4.025641821580026,4.629194,5.152744,4.158626494085011
807.0,5.0,6.215064472679682,12.149024,14.333512,6.3480491451846675
807.0,6.0,3.858951317981859,-0.926723,2.860823,3.991935990486844
807.0,12.0,2.557247718663932,3.722892,4.904314,2.690232391168917
807.0,19.0,3.5736537897872065,7.769133,7.716695,3.7066384622921915
807.0,24.0,-7.48417513942912,5.690686,5.764125,-7.351190466924136
807.0,25.0,-5.657594875335969,-3.617728,-3.459733,-5.524610202830983
807.0,29.0,6.636225509629551,-5.222298,-7.516951,6.769210182134536
807.0,31.0,-11.684030187258735,-12.167485,-12.874541,-11.55104551475375
808.0,2.0,3.6896640525701088,12.041033,5.1763,4.077515035663012
808.0,5.0,6.239696328308433,15.413258,14.390184,6.627547311401337
808.0,6.0,4.005182679290677,10.064931,2.85612,4.39303366238358
808.0,12.0,2.3710697491838637,11.192925,4.941734,2.7589207322767666
808.0,19.0,3.6655870009186735,11.242527,7.720112,4.053437984011577
808.0,24.0,-7.878486604749036,3.949737,5.815965,-7.490635621656134
808.0,25.0,-5.693982458353961,4.390409,-3.449956,-5.306131475261058
808.0,29.0,6.026715533518384,-1.415197,-7.515251,6.414566516611288
808.0,31.0,-11.723212262248822,-14.333135,-12.918907,-11.335361279155919
809.0,2.0,3.7018555049873783,8.967223,5.107291,4.454299527703906
809.0,5.0,6.235867701489459,15.967617,14.365081,6.988311724205987
809.0,6.0,4.043521103739719,7.067967,2.805069,4.795965126456247
809.0,12.0,2.4406081019972214,9.335748,4.875519,3.1930521247137493
809.0,19.0,3.036677810563866,8.573647,7.698427,3.7891218332803938
809.0,24.0,-7.566255041503689,17.870305,5.808551,-6.8138110187871614
809.0,25.0,-5.746109681707136,1.062636,-3.507734,-4.993665658990608
809.0,29.0,6.744363969280855,-7.017526,-7.544813,7.4968079919973825
809.0,31.0,-11.713713507689125,-14.184721,-12.934552,-10.961269484972597
810.0,2.0,3.8048113127388987,7.667648,5.110968,4.381914190118949
810.0,5.0,5.9400555064458835,13.955756,14.367427,6.517158383825934
810.0,6.0,3.770526737242971,1.425901,2.840689,4.347629614623021
810.0,12.0,2.246482262781469,5.882775,4.859736,2.8235851401615193
810.0,19.0,3.3089715932974375,10.682649,7.752261,3.886074470677488
810.0,24.0,-7.278339394633593,2.835151,5.758299,-6.701236517253543
810.0,25.0,-5.73103652117277,2.509039,-3.534082,-5.15393364379272
810.0,29.0,5.315312617567937,-1.255299,-7.59509,5.892415494947987
810.0,31.0,-11.664427843042937,-15.834566,-12.941544,-11.087324965662887
811.0,2.0,3.5756465649242735,10.522072,5.029657,4.275229625201409
811.0,5.0,6.136288231642892,16.934433,14.311305,6.835871291920028
811.0,6.0,4.0279953253627045,5.637308,2.827758,4.72757838563984
811.0,12.0,2.0175706921953385,12.499719,4.751607,2.7171537524724743
811.0,19.0,3.247993264710967,4.999952,7.783743,3.947576324988103
811.0,24.0,-8.00991855311533,6.0336,5.667986,-7.3103354928381945
811.0,25.0,-5.7413164381268835,1.204903,-3.628629,-5.041733377849748
811.0,29.0,2.9231641206060086,2.163252,-7.679711,3.6227471808831444
811.0,31.0,-11.71705164958954,-14.460454,-12.939975,-11.017468589312404
812.0,2.0,3.6213251220250626,7.659771,4.988857,4.050425943211389
812.0,5.0,6.026143841117802,16.252563,14.355051,6.455244662304128
812.0,6.0,3.758532245102506,3.542476,2.784065,4.187633066288832
812.0,12.0,1.9845502512996411,6.533504,4.718498,2.4136510724859668
812.0,19.0,3.112821021960402,7.074353,7.785689,3.5419218431467274
812.0,24.0,-8.06308917230998,27.047607,5.70233,-7.633988351123653
812.0,25.0,-5.6718478663339145,0.284208,-3.690613,-5.242747045147588
812.0,29.0,5.34980346588527,-8.322656,-7.728833,5.778904287071596
812.0,31.0,-11.701225760549363,-17.486745,-13.013335,-11.272124939363037
813.0,2.0,3.6296244551617995,9.329668,4.976579,4.746509635366256
813.0,5.0,6.02004975991847,15.518435,14.393115,7.136934940122926
813.0,6.0,3.6342848935243097,4.823821,2.76712,4.751170073728766
813.0,12.0,2.1716042004648894,7.721559,4.711163,3.288489380669346
813.0,19.0,2.858901587301803,10.402125,7.796115,3.9757867675062597
813.0,24.0,-7.622593025713024,8.51331,5.726304,-6.505707845508567
813.0,25.0,-5.6980171196983145,0.628574,-3.721659,-4.581131939493858
813.0,29.0,6.012402610332156,-3.664696,-7.759917,7.129287790536613
813.0,31.0,-11.66798330233187,-14.932173,-13.062842,-10.551098122127414
814.0,2.0,3.527263237008709,9.356359,5.07446,2.94987757860555
814.0,5.0,6.617233850679744,15.667773,14.448565,6.039848192276585
814.0,6.0,4.1546610646260795,4.789072,2.853725,3.5772754062229204
814.0,12.0,2.235573233328613,8.737832,4.800407,1.6581875749254538
814.0,19.0,4.025251756605293,3.34533,7.863289,3.447866098202134
814.0,24.0,-7.94208458855853,1.374152,5.72139,-8.519470246961689
814.0,25.0,-5.569736749613199,0.231292,-3.661417,-6.147122408016358
814.0,29.0,5.612111692936777,-0.359276,-7.757134,5.034726034533618
814.0,31.0,-11.717533527653567,-11.08593,-13.065316,-12.294919186056726
815.0,2.0,3.363551062114201,10.280769,4.990235,2.3379414205921196
815.0,5.0,6.705495801424437,14.625344,14.403676,5.679886159902356
815.0,6.0,4.306975469534873,2.37588,2.778792,3.2813658280127913
815.0,12.0,2.4318093189420296,2.190756,4.728454,1.4061996774199481
815.0,19.0,3.6071607043516067,8.352161,7.808493,2.5815510628295253
815.0,24.0,-7.557577413137276,8.440794,5.727896,-8.583187054659357
815.0,25.0,-5.7158465592364545,-0.75107,-3.710406,-6.741456200758536
815.0,29.0,5.552107557114146,-7.679993,-7.760823,4.526497915592065
815.0,31.0,-11.746905992195735,-7.393615,-13.065551,-12.772515633717816
816.0,2.0,3.481082552290621,0.444355,5.10617,3.8650965792225516
816.0,5.0,6.328478516479466,12.652042,14.437982,6.712492543411397
816.0,6.0,4.04237468079603,0.85489,2.84543,4.426388707727961
816.0,12.0,2.3572772555667107,0.150406,4.859789,2.7412912824986413
816.0,19.0,2.968716780559424,7.915801,7.813259,3.3527308074913544
816.0,24.0,-7.965198804999891,20.834686,5.768659,-7.581184778067961
816.0,25.0,-5.7660538958399075,-4.465211,-3.583027,-5.382039868907977
816.0,29.0,5.54579875180163,-7.275578,-7.673231,5.929812778733561
816.0,31.0,-11.679629180582566,-23.121669,-13.024659,-11.295615153650635
817.0,2.0,3.417602485570697,7.208363,5.17731,3.6227151620303393
817.0,5.0,6.53880246557603,15.444185,14.452916,6.7439151420356716
817.0,6.0,4.191389028055788,5.170323,2.90537,4.39650170451543
817.0,12.0,2.3598682123478074,5.954016,4.929052,2.5649808888074497
817.0,19.0,3.2176774077368933,7.768708,7.842406,3.4227900841965355
817.0,24.0,-7.766610588960421,8.943509,5.762245,-7.561497912500778
817.0,25.0,-5.773244347018476,2.366803,-3.517698,-5.568131670558834
817.0,29.0,5.428255237741098,-7.332232,-7.64352,5.63336791420074
817.0,31.0,-11.67899424375107,-13.549405,-12.996524,-11.473881567291428
818.0,2.0,3.40030507900625,5.751127,5.142574,3.572437640901141
818.0,5.0,6.637727777599757,16.465227,14.463584,6.809860339494648
818.0,6.0,4.058179147709376,4.299017,2.849175,4.230311709604267
818.0,12.0,2.367339497576573,4.422586,4.915811,2.539472059471464
818.0,19.0,3.0773405762446995,8.196618,7.798811,3.2494731381395905
818.0,24.0,-7.604661038904418,5.551296,5.813308,-7.432528477009527
818.0,25.0,-5.843903010128457,-1.099281,-3.53312,-5.671770448233566
818.0,29.0,5.485935325440767,-5.859623,-7.631722,5.658067887335658
818.0,31.0,-11.68406728451583,-18.162894,-13.024267,-11.51193472262094
819.0,2.0,3.443011784203705,4.474213,5.146634,3.6642757688203336
819.0,5.0,6.356797726890573,10.423157,14.527069,6.5780617115072015
819.0,6.0,3.8270469493124146,2.145433,2.838249,4.048310933929043
819.0,12.0,2.213614424109723,2.113228,4.927576,2.4348784087263518
819.0,19.0,2.858439899461903,9.476981,7.816972,3.0797038840785316
819.0,25.0,-5.808073550941309,-2.965886,-3.557868,-5.58680956632468
819.0,29.0,5.170674762569483,-4.240366,-7.663807,5.391938747186112
819.0,31.0,-11.635734735625284,-13.057169,-13.090913,-11.414470751008656
820.0,2.0,3.59874143591078,7.133302,5.102572,3.382726294726938
820.0,5.0,6.626470785111636,17.879809,14.549743,6.4104556439277935
820.0,6.0,4.253664339937416,2.47172,2.790398,4.037649198753574
820.0,12.0,2.384825604902441,4.286194,4.893886,2.168810463718599
820.0,19.0,3.1131959534894342,5.164495,7.803237,2.897180812305592
820.0,25.0,-5.670593261574751,-1.490144,-3.606832,-5.886608402758593
820.0,29.0,5.628466487872064,-8.18971,-7.693729,5.412451346688222
820.0,31.0,-11.636823633609348,-12.337798,-13.141879,-11.85283877479319
821.0,2.0,3.5482197889170983,7.875006,5.169346,2.9568664388473134
821.0,5.0,6.669178832581466,14.622904,14.595425,6.077825482511681
821.0,6.0,4.02388162016069,4.792143,2.833744,3.432528270090905
821.0,12.0,2.378571551919947,4.19184,4.965592,1.7872182018501621
821.0,19.0,3.4200339331627934,13.306026,7.829732,2.8286805830930084
821.0,24.0,-7.31834634438403,9.174589,5.90881,-7.909699694453815
821.0,25.0,-5.59807014375992,1.676775,-3.555474,-6.189423493829706
821.0,29.0,5.33799831219965,-3.836817,-7.674209,4.746644962129865
821.0,31.0,-11.640858265666695,-21.635741,-13.148868,-12.23221161573648
822.0,2.0,3.550272436747319,8.448111,5.176282,3.4272990401908556
822.0,5.0,6.226160958572569,15.987402,14.613449,6.103187562016106
822.0,6.0,4.0116644719707875,3.12952,2.850869,3.8886910754143242
822.0,12.0,2.275457910244615,5.959427,4.96604,2.152484513688152
822.0,19.0,3.701758984770912,3.730414,7.860987,3.5787855882144486
822.0,24.0,-7.369743361513466,11.640404,5.895887,-7.492716758069929
822.0,25.0,-5.8294110762959,-2.207819,-3.569375,-5.952384472852363
822.0,29.0,5.196207625661977,-2.849896,-7.703524,5.0732342291055135
822.0,31.0,-11.599761735135633,-13.57965,-13.167194,-11.722735131692097
823.0,2.0,3.489888947800594,11.978689,5.257359,3.702153319438673
823.0,5.0,6.297067872407915,13.300749,14.693358,6.509332244045994
823.0,6.0,3.805638971496645,9.510388,2.894379,4.017903343134724
823.0,12.0,2.287927484897958,5.847825,5.057047,2.500191856536037
823.0,19.0,2.9601869996665755,10.232778,7.893539,3.1724513713046543
823.0,24.0,-7.332492358308294,8.636662,5.945862,-7.120227986670216
823.0,25.0,-5.812414752945045,3.144215,-3.516136,-5.600150381306967
823.0,29.0,5.269068915131962,-2.169246,-7.687693,5.481333286770041
823.0,31.0,-11.59848435437959,-13.708798,-13.201764,-11.386219982741512
824.0,2.0,3.5271757582261642,5.599641,5.28717,4.032679693376446
824.0,5.0,6.634443638525422,12.385851,14.735572,7.139947573675704
824.0,6.0,3.928525594709834,4.830176,2.912236,4.434029529860116
824.0,12.0,2.2713808510528875,6.869798,5.090072,2.7768847862031696
824.0,19.0,3.1443780894621494,6.612977,7.916792,3.6498820246124315
824.0,24.0,-7.398568386743923,13.432135,5.965405,-6.8930644515936415
824.0,25.0,-5.660610862274071,-3.198315,-3.505849,-5.155106927123789
824.0,29.0,5.23058832050701,-2.005068,-7.69611,5.736092255657292
824.0,31.0,-11.59815089574672,-13.765326,-13.229293,-11.092646960596438
825.0,2.0,3.382809846473007,6.977731,5.246604,4.714758858732697
825.0,5.0,6.505558922931815,16.778809,14.739809,7.837507935191505
825.0,6.0,4.088521462739257,0.418396,2.869744,5.420470474998947
825.0,12.0,2.3480784479111865,4.215657,5.059395,3.680027460170877
825.0,19.0,3.103204395249687,11.341976,7.896652,4.435153407509377
825.0,24.0,-7.367432466518765,15.315594,5.986523,-6.035483454259074
825.0,25.0,-5.695300330264254,-3.508483,-3.540377,-4.363351318004563
825.0,29.0,5.866458532658713,-10.386021,-7.711076,7.198407544918403
825.0,31.0,-11.602823959320055,-15.811425,-13.25744,-10.270874947060365
826.0,2.0,3.4609986254199256,4.146955,5.202846,4.24226451562652
826.0,5.0,6.4614970741194675,12.763212,14.726865,7.242762964326062
826.0,6.0,3.942883360624979,-0.695445,2.842405,4.724149250831573
826.0,12.0,2.196454616278464,3.058706,5.014875,2.9777205064850576
826.0,19.0,3.0472248245312876,9.168128,7.892945,3.8284907147378813
826.0,24.0,-7.681830095767564,14.287088,5.975217,-6.90056420556097
826.0,25.0,-5.765995519014081,0.128661,-3.583044,-4.984729628807488
826.0,29.0,5.8570821947257645,-8.422743,-7.740303,6.638348084932359
826.0,31.0,-11.572933418924809,-14.520667,-13.271858,-10.791667528718214
827.0,2.0,3.595686867632569,9.941073,5.172524,3.0823279073786964
827.0,5.0,6.929951039381265,17.582357,14.67204,6.416592079127392
827.0,6.0,4.474641398927515,5.613173,2.860657,3.9612824386736425
827.0,12.0,2.437829060122084,8.377943,4.962908,1.9244700998682114
827.0,19.0,3.7467673314269447,11.710161,7.920654,3.233408371173072
827.0,24.0,-7.345342773989136,-2.392024,5.895799,-7.858701734243009
827.0,25.0,-5.342365251822859,0.100105,-3.614854,-5.855724212076732
827.0,29.0,6.435326853107227,-7.048527,-7.777088,5.921967892853354
827.0,31.0,-11.601915225005051,-13.607299,-13.237357,-12.115274185258924
828.0,2.0,3.3645121881877635,4.767591,5.103009,3.126679928700774
828.0,5.0,6.599591258922036,15.055596,14.60462,6.361758999435047
828.0,6.0,4.100322617123787,1.231483,2.771464,3.8624903576367973
828.0,12.0,2.351419873764806,3.623914,4.924338,2.1135876142778165
828.0,19.0,2.8006799160735856,7.14792,7.814964,2.562847656586596
828.0,24.0,-7.281100262052892,12.356623,5.934958,-7.518932521539881
828.0,25.0,-5.7020043285966295,-3.376818,-3.607317,-5.939836588083619
828.0,29.0,5.312038481080641,-8.441742,-7.710144,5.074206221593652
828.0,31.0,-11.592803154470769,-14.335051,-13.196645,-11.830635413957758
829.0,2.0,3.4726387870028397,4.283372,5.100257,3.4429455019942177
829.0,5.0,6.709780261467717,15.34525,14.547132,6.680086976459095
829.0,6.0,4.27657566236927,-0.735928,2.800511,4.246882377360648
829.0,12.0,2.3820955137218505,2.211782,4.907026,2.3524022287132285
829.0,19.0,3.5078033974905427,5.700424,7.829161,3.4781101124819207
829.0,24.0,-7.344093777971166,13.230684,5.869683,-7.373787062979788
829.0,25.0,-5.521041517696546,-5.324769,-3.596941,-5.550734802705168
829.0,29.0,5.761544034961709,-7.136888,-7.708513,5.731850749953087
829.0,31.0,-11.576426546851106,-15.254328,-13.138929,-11.60611983185973
830.0,2.0,3.483246772404108,6.692656,5.082507,4.278871070334231
830.0,5.0,6.616656065969597,13.177162,14.486763,7.41228036389972
830.0,6.0,4.174895741333977,6.865508,2.825431,4.9705200392641
830.0,12.0,2.3608150048461134,3.312386,4.869912,3.1564393027762367
830.0,19.0,3.2320264583344045,9.983661,7.850778,4.027650756264528
830.0,24.0,-7.490343895707966,18.5447,5.792708,-6.694719597777842
830.0,25.0,-5.62569764203408,-0.52628,-3.608178,-4.8300733441039565
830.0,29.0,5.978716037782631,-9.234649,-7.726601,6.774340335712754
830.0,31.0,-11.549116691917826,-13.306803,-13.089299,-10.753492393987703
831.0,2.0,3.4204854325472596,5.984805,5.089683,4.390368423061078
831.0,5.0,6.349098526825028,14.250642,14.448185,7.318981517338846
831.0,6.0,3.88156532301908,7.745897,2.880235,4.851448313532899
831.0,12.0,2.1733836212235422,3.976637,4.849081,3.1432666117373613
831.0,19.0,3.345258910698359,4.581679,7.905969,4.3151419012121774
831.0,24.0,-7.581708582554074,-3.726434,5.70438,-6.611825592040255
831.0,25.0,-5.6557407977070415,-7.27899,-3.617578,-4.685857807193223
831.0,29.0,4.970971283183985,-5.102144,-7.76314,5.940854273697804
831.0,31.0,-11.526059394589161,-11.213994,-13.050917,-10.556176404075343
832.0,2.0,3.371282497072592,9.076325,4.942034,3.972626556102774
832.0,5.0,6.8513459055195955,15.077437,14.429788,7.452689964549778
832.0,6.0,4.364429366228007,4.289923,2.732799,4.96577342525819
832.0,12.0,2.4253615192158975,6.048351,4.728027,3.0267055782460797
832.0,19.0,3.395899833036353,12.619772,7.820775,3.997243892066535
832.0,24.0,-7.353205199383465,6.525281,5.759191,-6.751861140353283
832.0,25.0,-5.523350052482853,0.562792,-3.732795,-4.922005993452672
832.0,29.0,5.922994651917097,-3.344018,-7.799476,6.52433871094728
832.0,31.0,-11.578479265483198,-16.182281,-13.117652,-10.977135206453015
833.0,2.0,3.577714266117539,7.665901,5.077318,3.5696561260661293
833.0,5.0,6.334374783255191,14.448356,14.555583,6.326316643203781
833.0,6.0,3.6519267351565183,0.870862,2.800235,3.6438685951051086
833.0,12.0,2.1837962845470766,5.064225,4.882238,2.175738144495667
833.0,19.0,2.9577451112737556,10.575545,7.861843,2.949686971222346
833.0,24.0,-7.233583532299603,14.146452,5.847892,-7.241641672351013
833.0,25.0,-5.801958924968419,-5.144167,-3.635082,-5.810017065019829
833.0,29.0,4.790108743854251,-4.902138,-7.758326,4.782050603802841
833.0,31.0,-11.478576010426217,-15.496373,-13.165609,-11.486634150477627
834.0,2.0,3.3704063042512136,6.858223,5.313665,1.1392984436539995
834.0,5.0,6.4670460116920445,14.101276,14.649256,4.23593815109483
834.0,6.0,4.110990754736948,3.506357,3.008868,1.8798828941397336
834.0,12.0,2.218449565295508,5.519727,5.09687,-0.012658295301706257
834.0,19.0,3.939031500741015,9.190774,7.997285,1.7079236401438007
834.0,25.0,-5.672629844185764,-2.815406,-3.463648,-7.903737704782978
834.0,29.0,4.741428622801244,-5.285305,-7.714473,2.51032076220403
834.0,31.0,-9.63935971327215,-14.880877,-13.125188,-11.870467573869364
835.0,2.0,3.563399507504677,7.577541,5.235894,0.30945817664546915
835.0,5.0,6.881394049233085,16.482051,14.576012,3.6274527183738776
835.0,6.0,4.483481209089888,4.045811,2.967412,1.2295398782306801
835.0,12.0,2.54832278046886,4.448294,5.0141,-0.7056185503903478
835.0,19.0,4.606185106249654,10.561904,7.970586,1.3522437753904466
835.0,25.0,-5.416787406930252,-2.574723,-3.512805,-8.67072873778946
835.0,29.0,6.328174598826223,-7.402886,-7.732561,3.0742332679670152
835.0,31.0,-9.2283040554395,-17.873594,-13.095271,-12.482245386298708
836.0,2.0,3.394716426169591,2.774201,5.153681,1.1051810937704527
836.0,5.0,6.802784901056983,10.357899,14.537505,4.513249568657844
836.0,6.0,4.098146686388368,-1.193947,2.899949,1.80861135398923
836.0,12.0,2.431014201403986,2.62786,4.939848,0.14147886900484785
836.0,19.0,3.2391732339624895,13.35486,7.929213,0.9496379015633512
836.0,24.0,-7.107859556280756,-3.208042,5.776056,-9.397394888679894
836.0,25.0,-5.558339506403861,-5.417365,-3.569867,-7.8478748388029995
836.0,29.0,5.595516214536978,-9.452242,-7.749977,3.30598088213784
836.0,31.0,-9.1073472566836,-10.962638,-13.103088,-11.396882589082738
837.0,2.0,3.36457649549482,9.892119,5.081575,-0.026988260486269677
837.0,5.0,6.913675877844113,15.144279,14.456098,3.522111121863024
837.0,6.0,4.215754666413861,7.03528,2.873989,0.8241899104327719
837.0,12.0,2.438113520254648,6.671039,4.855744,-0.9534512357264417
837.0,19.0,3.7505743356843766,7.722622,7.915703,0.35900957970328706
837.0,24.0,-7.2053178509528895,12.361343,5.709588,-10.59688260693398
837.0,25.0,-5.5877514903748535,-1.745444,-3.617705,-8.979316246355943
837.0,29.0,5.921136527547212,-2.283525,-7.774026,2.5295717715661223
837.0,31.0,-3.2305012851499466,-27.813013,-13.062682,-6.622066041131037
838.0,2.0,3.3826845880279244,0.592839,5.068118,-0.24953603384318868
838.0,5.0,6.529403353420399,7.395239,14.397242,2.897182731549286
838.0,6.0,4.010748933139732,-4.419563,2.90018,0.3785283112686191
838.0,12.0,2.243383960176148,-0.953652,4.824006,-1.388836661694965
838.0,19.0,3.5667501824338537,12.996102,7.93569,-0.06547043943725939
838.0,24.0,-7.5718467902096,10.624109,5.636022,-11.204067412080713
838.0,25.0,-5.650882189235537,-7.029165,-3.623501,-9.28310281110665
838.0,29.0,5.631271658463557,-8.488535,-7.787227,1.9990510365924443
839.0,2.0,3.4132759275802798,7.196877,5.061662,-0.7248971547758645
839.0,5.0,6.722086374131951,12.276513,14.364091,2.583913291775807
839.0,6.0,4.040030469309503,4.253336,2.93016,-0.09814261304664118
839.0,12.0,2.358347956731814,2.485577,4.798683,-1.7798251256243303
839.0,19.0,4.396497873180113,16.278593,7.96981,0.258324790823969
839.0,24.0,-7.3578476704192575,6.327838,5.572333,-11.4960207527754
839.0,25.0,-5.551641627053282,-5.962584,-3.638232,-9.689814709409426
839.0,29.0,5.648078642225647,-10.664229,-7.816091,1.5099055598695026
840.0,2.0,3.4137444924506966,1.426514,5.116324,-0.49903673617599553
840.0,5.0,6.672178254313334,11.721063,14.415412,2.7593970256866416
840.0,6.0,4.200055218793182,-4.000884,2.941714,0.2872739901664896
840.0,12.0,2.3670674601665667,0.440925,4.873031,-1.5457137684601254
840.0,19.0,3.8833153890603302,2.947786,7.962994,-0.02946583956636184
840.0,24.0,-7.127609649053631,11.062325,5.632911,-11.040390877680323
840.0,25.0,-5.61195945573719,-4.698242,-3.582605,-9.524740684363882
840.0,29.0,5.564730458036152,-5.623189,-7.775194,1.65194922940946
841.0,2.0,3.457331871169629,6.867695,5.233255,0.4021115184805568
841.0,5.0,6.4530215981748,14.889295,14.506066,3.397801245485728
841.0,6.0,3.690974922253101,0.201857,3.00548,0.6357545695640292
841.0,12.0,2.3905102677959205,5.366481,5.004177,-0.6647100848931515
841.0,19.0,3.800951548965948,9.888884,7.996158,0.7457311962768758
841.0,24.0,-7.193906524191859,24.339674,5.69541,-10.249126876880931
841.0,25.0,-5.5681999121384225,-5.127924,-3.490105,-8.623420264827494
841.0,29.0,5.242102405989677,-8.550354,-7.731695,2.1868820533006046
841.0,31.0,-4.547448153000662,-4.858832,-13.022945,-7.602668505689734
842.0,2.0,3.395751383730543,1.507928,5.331945,-0.12293554228051828
842.0,5.0,6.650750452631131,9.645874,14.597029,3.13206352662007
842.0,6.0,4.3607959580645375,-2.177479,3.057698,0.8421090320534761
842.0,12.0,2.3973865515439403,0.310287,5.115453,-1.121300374467121
842.0,19.0,5.665419879239671,7.904044,8.030571,2.14673295322861
842.0,24.0,-7.358756002565652,10.661824,5.755027,-10.877442928576713
842.0,25.0,-5.490736211401018,-2.919601,-3.42029,-9.009423137412078
842.0,29.0,6.2311004715030105,-8.443438,-7.705445,2.712413545491949
842.0,31.0,-6.26134803910703,-10.50849,-13.057337,-9.780034965118091
843.0,2.0,3.4783904980624953,3.291015,5.500543,3.190625123051816
843.0,5.0,6.569699432041471,9.38766,14.688588,6.281934057030792
843.0,6.0,3.9939593994972924,0.902675,3.198316,3.706194024486613
843.0,12.0,2.3478168047869437,-1.544859,5.27315,2.0600514297762644
843.0,19.0,4.150419580236797,11.672057,8.129621,3.8626542052261175
843.0,24.0,-7.5164907408513795,11.52313,5.75723,-7.804256115862058
843.0,25.0,-5.495241882648493,-4.969185,-3.306805,-5.783007257659172
843.0,29.0,8.434910310826574,-9.287739,-7.683371,8.147144935815895
843.0,31.0,-9.654837118228546,-17.053656,-13.054663,-9.942602493239225
844.0,2.0,3.497833441843788,4.550092,5.728829,3.8701259327990005
844.0,5.0,6.65707170317741,13.64567,14.783303,7.029364194132622
844.0,6.0,4.1308820905416965,2.238207,3.345022,4.503174581496909
844.0,12.0,2.3775979671024494,3.78058,5.51697,2.7498904580576617
844.0,19.0,5.496955340680978,6.231586,8.177965,5.869247831636191
844.0,24.0,-7.969028999066241,7.378316,5.819196,-7.596736508111029
844.0,25.0,-5.725737545426385,-1.276773,-3.091501,-5.353445054471172
844.0,29.0,6.243913495388558,-8.511111,-7.559066,6.61620598634377
844.0,31.0,-11.402643994671378,-12.745544,-13.007636,-11.030351503716165
845.0,2.0,3.3887697663349634,12.010526,5.971038,4.406151582015046
845.0,5.0,6.520458650342009,13.929662,14.865794,7.537840466022092
845.0,6.0,4.107909453229407,6.247072,3.484462,5.12529126890949
845.0,12.0,2.313812948650945,4.502062,5.787517,3.331194764331028
845.0,24.0,-8.15980266178557,11.878198,5.9046,-7.1424208461054866
845.0,25.0,-5.628563698583598,0.540284,-2.83494,-4.611181882903515
845.0,29.0,5.69713244513316,-7.73712,-7.385639,6.714514260813243
845.0,31.0,-11.401534033755201,-14.148155,-12.933315,-10.38415221807512
846.0,2.0,4.426896740372836,3.843073,6.321562,7.211226568102797
846.0,5.0,4.326180257164999,14.752843,14.980917,7.11051008489496
846.0,6.0,2.5054899108186186,-1.446325,3.676969,5.289819738548579
846.0,12.0,1.337071756964499,3.295657,6.184421,4.12140158469446
846.0,24.0,-6.0045708917083465,11.860526,6.041091,-3.220241063978386
846.0,25.0,-6.285648381068568,-2.518935,-2.452781,-3.5013185533386073
846.0,29.0,4.2734165816729455,-8.472941,-7.116454,7.057746409402906
846.0,31.0,-11.080677133484151,-14.114464,-12.818858,-8.29634730575419
847.0,2.0,3.9311120608681076,4.655371,6.984176,4.774400301327523
847.0,5.0,6.0856053392211376,14.677543,15.180861,6.928893579680553
847.0,6.0,3.5676465589355786,3.443521,3.841185,4.410934799394994
847.0,12.0,2.156084091441416,5.689836,7.068018,2.999372331900832
847.0,19.0,6.273828503053819,9.433597,7.885327,7.117116743513234
847.0,24.0,-7.195928270222881,12.843891,6.604168,-6.3526400297634655
847.0,25.0,-5.73694057494084,-3.451891,-1.528761,-4.893652334481425
847.0,29.0,7.0000770702852115,-7.878453,-6.280696,7.843365310744627
847.0,31.0,-11.105307631951003,-16.424607,-12.537068,-10.262019391491588
848.0,2.0,3.422928541909391,10.486999,7.357504,3.749175927873937
848.0,5.0,6.83857316875897,15.961175,15.304507,7.164820554723516
848.0,6.0,4.482007974594543,2.528322,4.195938,4.808255360559089
848.0,12.0,2.5106462325351835,6.742957,7.389646,2.8368936184997295
848.0,19.0,6.100481690542287,21.601761,8.122484,6.426729076506833
848.0,24.0,-7.8138871123322655,6.910067,6.516252,-7.4876397263677195
848.0,25.0,-5.29866624426657,0.940083,-1.265784,-4.972418858302024
848.0,29.0,7.27183213269506,-8.486128,-6.228116,7.598079518659606
848.0,31.0,-11.414161759287433,-14.333409,-12.449988,-11.087914373322887
849.0,2.0,3.3107151661878085,7.219689,7.231321,4.5435825319140015
849.0,5.0,6.572002502182203,14.679893,15.37997,7.804869867908396
849.0,6.0,3.9929499567652265,4.568294,4.420063,5.2258173224914195
849.0,12.0,2.3723756590406726,4.658825,7.045358,3.605243024766865
849.0,19.0,5.680655011731773,11.207477,8.647399,6.913522377457966
849.0,24.0,-7.885960437226354,11.0459,6.045746,-6.653093071500161
849.0,25.0,-5.549967408683001,-3.441557,-1.76336,-4.317100042956808
849.0,29.0,6.829437818057794,-3.998852,-6.887096,8.062305183783987
849.0,31.0,-11.403214698972212,-16.764285,-12.691304,-10.170347333246019
850.0,2.0,3.38143782725534,7.073793,7.138394,4.806624462706935
850.0,5.0,6.4652234363729555,13.481339,15.468681,7.890410071824551
850.0,6.0,3.887201301369144,6.791482,4.294866,5.312387936820739
850.0,12.0,2.2424463238226258,5.957742,6.986074,3.6676329592742216
850.0,19.0,3.1425126869470112,11.524132,8.604804,4.567699322398607
850.0,24.0,-7.234593731721889,6.033652,6.161111,-5.809407096270293
850.0,25.0,-5.46049633100657,-0.791737,-1.874408,-4.035309695554973
850.0,29.0,6.337941772393995,-0.791641,-6.949791,7.76312840784559
850.0,31.0,-11.355198428150345,-16.263427,-12.840816,-9.93001179269875
851.0,2.0,3.3771902637402533,7.908312,7.109368,4.241861901451083
851.0,5.0,6.375652179427439,15.85954,15.537756,7.240323817138268
851.0,6.0,3.970954131476109,-0.81551,4.25552,4.835625769186938
851.0,12.0,2.2834382815393237,6.981256,6.966983,3.1481099192501527
851.0,19.0,3.688056303938332,10.371666,8.616851,4.552727941649161
851.0,24.0,-7.450985782255073,28.089125,6.210005,-6.586314144544245
851.0,25.0,-5.323280954638348,-3.711727,-1.936181,-4.45860931692752
851.0,29.0,6.564187116556065,-8.16778,-7.005933,7.428858754266894
851.0,31.0,-11.352071217811261,-15.613956,-12.934427,-10.487399580100432
852.0,2.0,3.4459694911950027,11.040044,7.097715,2.408207475756469
852.0,5.0,6.381799257662525,16.54562,15.559576,5.344037242223991
852.0,6.0,4.100348982175706,0.800146,4.231531,3.0625869667371726
852.0,12.0,2.3253630487597228,3.974086,6.966731,1.287601033321189
852.0,19.0,3.552706199851297,7.898419,8.605986,2.514944184412763
852.0,24.0,-7.323964758059899,20.12658,6.240547,-8.361726773498432
852.0,25.0,-5.366383808612541,-0.343709,-1.947362,-6.404145824051075
852.0,29.0,5.991480867439197,-7.049661,-7.010028,4.953718852000663
852.0,31.0,-9.524043452305513,-12.513603,-12.962848,-10.561805467744048
853.0,2.0,3.419918822917108,9.465393,7.110267,3.2195741782814062
853.0,5.0,7.037565813383399,16.940724,15.554767,6.837221168747697
853.0,6.0,4.733864908529867,1.953546,4.237235,4.533520263894165
853.0,12.0,3.3595245713385005,5.201184,6.984728,3.159179926702799
853.0,19.0,3.231790140664099,6.764721,8.599791,3.0314454960283976
853.0,24.0,-7.340092758641558,25.104919,6.244454,-7.540437403277259
853.0,25.0,-5.457283578013898,-1.995736,-1.923661,-5.6576282226496
853.0,29.0,4.174788793991109,-7.294066,-6.989909,3.9744441493554072
853.0,31.0,-10.345459025122004,-13.45817,-12.947382,-10.545803669757706
854.0,2.0,3.2982527279356084,5.443862,7.114813,4.920892139847954
854.0,5.0,6.786391585986383,13.438347,15.56629,8.409030997898729
854.0,6.0,4.4849878822277685,1.278009,4.213138,6.107627294140114
854.0,12.0,3.1423811049365966,4.244079,7.00973,4.765020516848942
854.0,19.0,3.067973617329235,19.136562,8.565675,4.690613029241581
854.0,24.0,-7.161654650777031,10.65475,6.290538,-5.539015238864685
854.0,25.0,-5.677466503059639,-7.617693,-1.897627,-4.054827091147294
854.0,29.0,3.3685786741206165,-9.019021,-6.953449,4.991218086032962
854.0,31.0,-11.681956375892506,-18.065334,-12.950493,-10.05931696398016
855.0,2.0,3.398138779963123,3.083351,7.183035,5.41719882999382
855.0,5.0,6.596249030531357,16.092613,15.596365,8.615309080562055
855.0,6.0,4.2597688746098985,0.77894,4.246715,6.278828924640596
855.0,12.0,3.052113570414731,3.077934,7.091189,5.071173620445428
855.0,19.0,2.897218681737062,8.329825,8.565895,4.916278731767759
855.0,24.0,-6.896113204479437,3.531323,6.325173,-4.877053154448738
855.0,25.0,-5.840769293915707,-5.636408,-1.822657,-3.821709243885009
855.0,29.0,2.8712535315147685,-9.117469,-6.901359,4.890313581545467
855.0,31.0,-11.634831273986794,-16.624496,-12.935263,-9.615771223956097
856.0,2.0,3.2859777828366816,8.41811,7.234126,4.0811420787513715
856.0,5.0,6.688965410552129,13.562407,15.593694,7.484129706466819
856.0,6.0,4.349352383604886,2.924384,4.292583,5.144516679519576
856.0,12.0,3.013812448045961,6.578421,7.140332,3.8089767439606512
856.0,19.0,3.122315790871607,11.002384,8.583091,3.917480086786297
856.0,24.0,-6.97584153619427,7.113662,6.311161,-6.18067724027958
856.0,25.0,-5.831601125435034,1.00379,-1.767969,-5.036436829520344
856.0,29.0,2.7558996724019122,-3.61732,-6.871746,3.5510639683166025
856.0,31.0,-11.658063863977555,-14.117854,-12.899416,-10.862899568062865
857.0,2.0,3.2614719709741316,5.497426,7.256575,3.978218512667142
857.0,5.0,6.784008035796004,14.836156,15.566646,7.500754577489015
857.0,6.0,4.417865262696596,0.471392,4.34852,5.134611804389607
857.0,12.0,2.974602798895189,3.844206,7.140693,3.6913493405881996
857.0,19.0,3.992842920791851,14.278237,8.630873,4.709589462484862
857.0,24.0,-7.316997863607489,1.862222,6.241384,-6.600251321914479
857.0,25.0,-5.787901741589273,-5.190057,-1.758569,-5.071155199896262
857.0,29.0,2.250719731704333,-5.796889,-6.890813,2.9674662733973434
857.0,31.0,-11.647197906095972,-18.099323,-12.861658,-10.93045136440296
858.0,2.0,3.3706014849291606,6.327021,7.198377,4.385990127565833
858.0,5.0,6.893346209289755,14.244586,15.542453,7.908734851926427
858.0,6.0,4.4839327971912475,3.858548,4.293477,5.49932143982792
858.0,12.0,3.0120648813125452,3.618472,7.09364,4.027453523949218
858.0,19.0,3.342076820542303,12.063857,8.592431,4.3574654631789755
858.0,24.0,-6.955785727454807,2.633606,6.253171,-5.940397084818135
858.0,25.0,-5.700263036501324,-3.47105,-1.793292,-4.684874393864652
858.0,29.0,3.415448793155118,-6.866446,-6.894364,4.430837435791791
858.0,31.0,-11.624852368350831,-15.682368,-12.868714,-10.609463725714159
859.0,2.0,3.304622483621353,3.993108,7.172416,4.069603724762419
859.0,5.0,6.934605161320878,13.572047,15.516002,7.699586402461944
859.0,6.0,4.561499212973127,1.682402,4.250534,5.326480454114193
859.0,12.0,3.046044336006398,3.792264,7.087395,3.811025577147464
859.0,19.0,3.7474148578260937,14.214615,8.537821,4.51239609896716
859.0,24.0,-6.87510709651046,3.927529,6.282207,-6.110125855369394
859.0,25.0,-5.686001153721969,-0.47713,-1.778633,-4.921019912580903
859.0,29.0,2.924769110955781,-7.192397,-6.852842,3.689750352096847
859.0,31.0,-11.630119853313062,-17.731828,-12.849153,-10.865138612171997
860.0,2.0,3.3708159701136875,2.108937,7.136162,2.154173831010488
860.0,5.0,6.71730564825069,7.1888,15.415492,5.500663509147491
860.0,6.0,4.32111448776195,-2.436578,4.22368,3.10447234865875
860.0,12.0,2.969013263258933,-0.997332,7.059,1.7523711241557336
860.0,19.0,3.4484711824239103,5.85324,8.473867,2.231829043320711
860.0,24.0,-6.988220247495505,22.606733,6.251956,-8.204862386598705
860.0,25.0,-5.921333995880905,-5.47913,-1.746299,-7.137976134984104
860.0,29.0,2.8609755212677292,-4.947591,-6.789324,1.6443333821645296
860.0,31.0,-7.976522764939746,-14.325557,-12.756723,-9.193164904042947
861.0,2.0,3.3112697361050216,9.43609,7.105917,0.5128431803905511
861.0,5.0,6.929033305614723,17.140116,15.264648,4.130606749900252
861.0,6.0,4.429230162519428,2.054641,4.234466,1.6308036068049572
861.0,12.0,2.9140539494363296,5.771748,7.017149,0.11562739372185904
861.0,19.0,3.4946912905305663,9.240296,8.431362,0.6962647348160957
861.0,24.0,-6.878302868968833,10.775255,6.154672,-9.676729424683304
861.0,25.0,-5.617875705925099,0.655086,-1.703675,-8.41630226163957
861.0,29.0,3.696984531163544,-7.125437,-6.727499,0.8985579754490733
862.0,2.0,3.372608048526873,6.323874,7.036365,1.753740718796216
862.0,5.0,6.7280065353282,15.744317,15.036822,5.109139205597543
862.0,6.0,4.350403656319264,1.845993,4.264534,2.731536326588607
862.0,12.0,2.724923976194056,3.540489,6.907082,1.106056646463399
862.0,19.0,3.495168550307767,6.930685,8.412837,1.8763012205771101
862.0,24.0,-6.9452593401679295,5.131173,5.959188,-8.564126669898586
862.0,25.0,-5.733396148638139,-4.728853,-1.697977,-7.352263478368796
862.0,29.0,3.0404931566075213,-6.395304,-6.70174,1.4216258268768645
862.0,31.0,-5.060677163098562,-13.567111,-12.412222,-6.679544492829219
863.0,2.0,3.357122034994685,10.377018,6.940612,3.3530833640422615
863.0,5.0,6.81522581028214,15.167478,14.87026,6.811187139329716
863.0,6.0,4.355797577949181,6.941639,4.207542,4.351758906996757
863.0,12.0,2.795368001221596,7.854681,6.812572,2.7913293302691726
863.0,19.0,3.7277272077755264,15.805561,8.323965,3.723688536823103
863.0,24.0,-6.678244602900323,9.039206,5.887938,-6.682283273852747
863.0,25.0,-5.7271914007477225,0.502441,-1.700101,-5.731230071700146
863.0,29.0,2.9423706574592536,-6.030289,-6.645949,2.9383319865068303
863.0,31.0,-11.450430719264554,-17.280274,-12.286507,-11.454469390216978
864.0,2.0,3.380530837425294,7.666737,6.909415,4.33697338381914
864.0,5.0,6.975261338647236,15.78961,14.819561,7.931703885041083
864.0,6.0,4.6479507334712284,1.439102,4.159824,5.604393279865075
864.0,12.0,2.929970201257909,6.262094,6.802902,3.886412747651755
864.0,19.0,3.5457377524700124,10.863172,8.25263,4.502180298863859
864.0,24.0,-6.741701585749665,16.095665,5.911051,-5.785259039355818
864.0,25.0,-5.604069769583505,-2.348384,-1.673587,-4.647627223189659
864.0,29.0,3.2772047030269267,-3.287571,-6.585187,4.233647249420773
864.0,31.0,-11.577657431257967,-18.42576,-12.242351,-10.62121488486412
865.0,2.0,3.2604260493025237,3.498459,6.916364,3.469367133202268
865.0,5.0,6.969183913074975,16.189829,14.828431,7.178124996974719
865.0,6.0,4.576366705376017,1.417018,4.15499,4.785307789275762
865.0,12.0,2.9299736335885367,3.696,6.818587,3.138914717488281
865.0,19.0,5.445125408711089,5.225858,8.244179,5.654066492610833
865.0,24.0,-6.696451428127276,8.991189,5.92904,-6.487510344227531
865.0,25.0,-5.656322080253241,-3.544977,-1.659821,-5.4473809963534965
865.0,29.0,3.568911206016029,-6.098636,-6.571743,3.7778522899157734
865.0,31.0,-11.589323313158266,-17.636459,-12.244812,-11.380382229258522
866.0,2.0,3.289696063718578,2.523371,6.880079,4.044770221363924
866.0,5.0,6.67912929045443,18.334262,14.822782,7.434203448099776
866.0,6.0,4.22711986763837,-1.035177,4.142886,4.982194025283716
866.0,12.0,2.6636965029470936,3.973928,6.774514,3.4187706605924393
866.0,19.0,5.241516394005934,7.401579,8.260661,5.9965905516512805
866.0,24.0,-6.908213032713486,-2.964011,5.904752,-6.153138875068141
866.0,25.0,-5.772236482981716,-2.480397,-1.708604,-5.01716232533637
866.0,29.0,3.286928143765799,-11.391235,-6.616925,4.042002301411145
866.0,31.0,-11.549707053400986,-16.33526,-12.264983,-10.79463289575564
867.0,2.0,3.3228803509206237,8.990186,6.905623,4.306696053400369
867.0,5.0,6.854630486828153,15.570325,14.819444,7.8384461893078985
867.0,6.0,4.4230991060206915,4.298172,4.224581,5.406914808500437
867.0,12.0,2.8004722348902824,4.98348,6.760467,3.7842879373700273
867.0,19.0,3.8315734187716064,13.822446,8.3594,4.815389121251352
867.0,24.0,-6.953488824958505,-7.563837,5.805634,-5.96967312247876
867.0,25.0,-5.64245116007377,-0.948214,-1.735188,-4.658635457594025
867.0,29.0,3.7415911828701294,-3.906313,-6.691568,4.725406885349875
867.0,31.0,-11.543987646008269,-14.848774,-12.258001,-10.560171943528523
868.0,2.0,3.373296356004623,5.316373,6.904391,4.227888979478116
868.0,5.0,6.786502836858983,13.247208,14.838716,7.641095460332475
868.0,6.0,4.234201948867657,0.693252,4.259795,5.08879457234115
868.0,12.0,2.643256090982324,3.085328,6.736026,3.4978487144558166
868.0,19.0,3.8824786801795454,5.941073,8.427794,4.737071303653038
868.0,24.0,-6.982042111813452,28.251055,5.75526,-6.127449488339959
868.0,25.0,-5.597584383859392,-4.742584,-1.782357,-4.742991760385899
868.0,29.0,3.5775702271902645,-6.410857,-6.76563,4.432162850663757
868.0,31.0,-11.515991401545774,-14.774807,-12.288601,-10.661398778072282
869.0,2.0,3.506104589724579,6.80923,6.837102,3.7318690677306057
869.0,5.0,6.9739976114146085,13.794689,14.862628,7.199762089420635
869.0,6.0,4.450253616861428,4.877979,4.185172,4.676018094867454
869.0,12.0,2.8096457033218716,7.851557,6.685656,3.035410181327898
869.0,19.0,3.9164064295474876,13.685894,8.397756,4.142170907553514
869.0,24.0,-6.374028571774935,-4.175256,5.802035,-6.148264093768908
869.0,25.0,-5.5016375486508515,2.397634,-1.848982,-5.275873070644825
869.0,29.0,3.7203799184598036,-7.993634,-6.799668,3.9461443964658303
869.0,31.0,-11.508559793091065,-13.400989,-12.354195,-11.282795315085039
870.0,2.0,3.416221491171825,3.660523,6.821924,2.9052389320077308
870.0,5.0,6.663188963851535,16.854839,14.891002,6.1522064046874405
870.0,6.0,4.132998843840875,2.327162,4.13134,3.6220162846767807
870.0,12.0,2.6051822258353035,4.939928,6.699946,2.094199666671209
870.0,19.0,3.6464479759729826,4.178441,8.348366,3.1354654168088882
870.0,24.0,-6.666311168722841,2.857686,5.877055,-7.177293727886935
870.0,25.0,-5.693156717875004,-4.672443,-1.842576,-6.204139277039099
870.0,29.0,2.827632728778662,-8.137695,-6.770007,2.3166501696145674
870.0,31.0,-10.328296921030791,-13.942755,-12.38619,-10.839279480194886
871.0,2.0,3.3480430188191352,8.892024,6.811265,4.634564079376821
871.0,5.0,6.702289067987953,13.838501,14.874029,7.988810128545639
871.0,6.0,4.122094949823904,6.774789,4.1409,5.408616010381589
871.0,12.0,2.459587499073213,8.553773,6.680668,3.746108559630898
871.0,19.0,3.0196338735347794,10.103981,8.364835,4.306154934092465
871.0,24.0,-6.814792477630189,10.691805,5.844816,-5.528271417072505
871.0,25.0,-5.720668572479553,-1.892789,-1.857004,-4.434147511921868
871.0,29.0,1.4582599508512946,-2.297246,-6.789506,2.7447810114089797
871.0,31.0,-11.487662327341592,-14.713978,-12.377039,-10.201141266783907
872.0,2.0,3.3471677078689908,6.503497,6.842731,3.338126984575582
872.0,5.0,6.936837065052515,15.154769,14.825482,6.927796341759106
872.0,6.0,4.213084986690198,3.279227,4.208309,4.204044263396789
872.0,12.0,2.5635564302830716,8.071422,6.687737,2.5545157069896627
872.0,19.0,3.3333374641487232,7.486014,8.407768,3.3242967408553143
872.0,24.0,-6.899999106699474,4.030588,5.760799,-6.909039829992883
872.0,25.0,-5.643289329428232,-1.337472,-1.827244,-5.6523300527216405
872.0,29.0,2.649596551051724,-4.904882,-6.789683,2.640555827758315
872.0,31.0,-10.845828639499047,-12.923632,-12.309827,-10.854869362792456
873.0,2.0,3.4354060857337547,5.687071,6.832617,2.1747457705203947
873.0,5.0,6.8700041708410104,10.364991,14.740914,5.6093438556276505
873.0,6.0,4.022052090378576,0.729104,4.185111,2.761391775165216
873.0,12.0,2.502658432786788,5.284976,6.695227,1.241998117573428
873.0,19.0,2.857913381202996,10.961541,8.33181,1.5972530659896362
873.0,24.0,-6.277483017988024,6.332733,5.759368,-7.538143333201384
873.0,25.0,-5.521172638795406,-4.643591,-1.761723,-6.781832954008766
873.0,29.0,2.272195863830518,-4.358469,-6.696073,1.0115355486171582
873.0,31.0,-7.325502195400438,-13.567904,-12.214795,-8.586162510613798
874.0,2.0,3.4000118604585126,6.689465,6.783749,2.204844598324257
874.0,5.0,6.8189977926233,12.931311,14.682162,5.623830530489045
874.0,6.0,4.083198628788386,2.458964,4.167734,2.8880313666541304
874.0,12.0,2.4525706751852265,6.018885,6.638582,1.2574034130509708
874.0,19.0,3.3709556959764253,5.978051,8.320933,2.1757884338421696
874.0,24.0,-6.670350972808999,2.425043,5.712859,-7.865518234943254
874.0,25.0,-5.617356535931034,-3.249983,-1.79148,-6.812523798065289
874.0,29.0,1.1666653833456078,-1.50305,-6.709322,-0.02850187878864796
874.0,31.0,-4.38436026275992,-14.619468,-12.183307,-5.579527524894175
875.0,2.0,3.3466458145671574,9.779351,6.781146,1.1078165482411615
875.0,5.0,7.15796770030628,15.487123,14.71441,4.919138433980284
875.0,6.0,4.446954676398741,7.762565,4.174236,2.2081254100727454
875.0,12.0,2.5456459450924687,7.912675,6.630796,0.3068166787664728
875.0,19.0,3.790744591365014,6.087675,8.354214,1.551915325039018
875.0,24.0,-7.183144946471803,13.821753,5.709589,-9.4219742127978
875.0,25.0,-5.353805224819197,-0.694687,-1.822684,-7.592634491145193
875.0,29.0,3.449135200706479,-6.708452,-6.753011,1.2103059343804832
876.0,2.0,3.361161670339742,0.992531,6.673537,1.947583924184331
876.0,5.0,6.824677359237871,9.669045,14.697025,5.41109961308246
876.0,6.0,4.311442734991667,-2.972852,4.026868,2.8978649888362558
876.0,12.0,2.506331082464529,2.71127,6.571106,1.0927533363091178
876.0,19.0,3.7119891703576613,5.978452,8.228503,2.29841142420225
876.0,24.0,-7.044440831850376,18.55897,5.811217,-8.458018578005786
876.0,25.0,-5.507977219805535,-7.218941,-1.86467,-6.921554965960946
876.0,29.0,1.9962306164426824,-6.458399,-6.714008,0.5826528702872713
877.0,2.0,3.4714046261170033,3.184821,6.596383,0.4292215706186644
877.0,5.0,7.34342482934291,10.694476,14.743108,4.301241773844571
877.0,6.0,4.7033336423649885,-0.257119,3.895292,1.6611505868666496
877.0,12.0,2.7303345265328067,2.077085,6.543414,-0.31184852896553217
877.0,19.0,3.961094495587105,5.499081,8.134174,0.9189114400887659
877.0,24.0,-6.848576172161707,22.279984,5.942321,-9.890759227660045
877.0,25.0,-5.2269513960631375,-0.688794,-1.910119,-8.269134451561477
877.0,29.0,3.830263302950284,-10.27778,-6.698391,0.788080247451945
878.0,2.0,3.2304798826123893,4.581819,6.456176,1.7659253705865532
878.0,5.0,6.956686197091672,13.214588,14.690768,5.492131685065836
878.0,6.0,4.27925532369116,0.589212,3.784227,2.814700811665324
878.0,12.0,2.4426010341200017,1.463349,6.411662,0.9780465220941656
878.0,19.0,2.8762802463835584,7.339782,8.077389,1.4117257343577223
878.0,24.0,-6.78256309362721,2.325737,5.940024,-8.247117605653045
878.0,25.0,-5.481893264880208,-0.650488,-2.022771,-6.946447776906044
878.0,29.0,2.1455658622864995,-8.534201,-6.747114,0.6810113502606634
878.0,31.0,-4.359512857069053,-13.492305,-12.374966,-5.824067369094889
879.0,2.0,3.188758435598185,2.812051,6.290795,1.1152437890640479
879.0,5.0,7.2994941892103,13.682002,14.578167,5.225979542676162
879.0,6.0,4.8662414840026536,-1.683821,3.693797,2.7927268374685164
879.0,12.0,2.6808152322316197,2.715331,6.231026,0.6073005856974825
879.0,19.0,3.7268618749007203,3.334032,8.042092,1.653347228366583
879.0,24.0,-6.671760342132298,13.70844,5.858754,-8.745274988666436
879.0,25.0,-5.331951497252539,-3.129878,-2.159614,-7.405466143786676
879.0,29.0,1.0239370050096337,-6.224273,-6.822012,-1.0495776415245035
879.0,31.0,-4.671485591220048,-13.868862,-12.362307,-6.745000237754185
880.0,2.0,3.2630060399408443,4.774519,6.063907,2.6622673237234213
880.0,5.0,7.250050724054754,12.098941,14.454105,6.649312007837331
880.0,6.0,4.685741441196644,-1.753645,3.469662,4.085002724979221
880.0,12.0,2.660260524350474,4.093383,6.048677,2.0595218081330513
880.0,19.0,4.783869221761853,2.415228,7.856968,4.18313050554443
880.0,24.0,-6.086921603624504,11.434985,5.912131,-6.687660319841927
880.0,25.0,-5.320324473142,-3.339417,-2.273122,-5.9210631893594226
880.0,29.0,5.426864325017963,-1.852992,-6.796551,4.82612560880054
880.0,31.0,-11.232890146296315,-10.167645,-12.356681,-11.833628862513738
881.0,2.0,5.180475501782219,0.933521,5.355498,7.921404617257354
881.0,5.0,8.970110989444327,15.139132,14.33241,11.711040104919462
881.0,6.0,7.406200951758329,-5.433375,2.550759,10.147130067233464
881.0,12.0,4.749487607790119,-4.286115,5.608929,7.490416723265254
881.0,19.0,6.982038789537473,-0.634228,7.09984,9.722967905012608
881.0,24.0,-5.245276115480641,35.466328,6.500865,-2.504347000005506
881.0,25.0,-2.353883988226367,15.57394,-2.607553,0.3870451272487676
881.0,29.0,7.9322576802662095,0.446392,-6.616762,10.673186795741344
881.0,31.0,-11.51194515005205,-18.970931,-12.594711,-8.771016034576915
882.0,2.0,3.5316761668773378,4.98316,5.044177,3.504458465888737
882.0,5.0,8.463593589400386,15.121431,14.307061,8.436375888411785
882.0,6.0,4.899924374490546,3.510664,2.223023,4.872706673501945
882.0,12.0,2.6724157453705226,2.967048,5.363968,2.645198044381922
882.0,24.0,-6.8983838201499434,-8.174223,6.650366,-6.925601521138544
882.0,29.0,3.2535701097475,-7.565617,-6.681562,3.226352408758899
882.0,31.0,-11.427765975248029,-12.685722,-12.749389,-11.45498367623663
883.0,2.0,3.523106521413835,6.996011,5.018401,4.141235600148713
883.0,5.0,7.070920428455331,14.200631,14.379445,7.689049507190209
883.0,6.0,4.353733614660516,2.696722,2.610162,4.971862693395394
883.0,12.0,2.4275926562255226,3.368916,5.060226,3.0457217349604004
883.0,19.0,5.5599240814217215,7.734603,7.573911,6.178053160156599
883.0,24.0,-6.642663857349316,-4.414863,6.042704,-6.024534778614438
883.0,25.0,-5.23408353851473,-1.407334,-3.315756,-4.615954459779852
883.0,29.0,4.583625142001603,-4.302154,-7.399273,5.201754220736481
883.0,31.0,-11.38125053474123,-11.973618,-12.945553,-10.763121456006353
884.0,2.0,3.6126753780895147,4.833855,5.0923,3.8499054957426333
884.0,5.0,6.844406553485042,13.828204,14.338663,7.081636671138161
884.0,6.0,3.9979638862456746,1.93862,2.728457,4.235194003898793
884.0,12.0,2.2396310667101655,2.502102,5.096447,2.476861184363284
884.0,19.0,4.175111552281875,7.252475,7.656121,4.412341669934993
884.0,24.0,-6.535311329957889,14.085139,5.930322,-6.29808121230477
884.0,25.0,-5.453088844606414,-5.316364,-3.26242,-5.215858726953296
884.0,29.0,3.4620555382376033,-8.101611,-7.404277,3.699285655890722
884.0,31.0,-11.339161826353314,-14.073899,-12.863925,-11.101931708700196
885.0,2.0,3.314670933535824,12.693589,5.045922,2.8355502081116293
885.0,5.0,6.844018736198382,19.581821,14.308454,6.364898010774187
885.0,6.0,4.332058278457675,6.128709,2.685418,3.8529375530334797
885.0,12.0,2.3039188933418444,8.056948,5.059592,1.8247981679176495
885.0,19.0,4.151836135223961,8.417289,7.620463,3.6727154097997663
885.0,24.0,-6.905528078077105,9.739861,5.935831,-7.3846488035013
885.0,25.0,-5.439235949264813,4.151311,-3.283016,-5.918356674689008
885.0,29.0,4.064102807386909,-5.331221,-7.398795,3.5849820819627145
885.0,31.0,-10.216708605635235,-16.926819,-12.857548,-10.69582933105943
886.0,2.0,3.4161610367585933,5.791397,5.0211,2.599363786953036
886.0,5.0,6.508274856439538,14.736991,14.293247,5.691477606633981
886.0,6.0,3.9753104059458835,1.554348,2.652934,3.158513156140326
886.0,12.0,1.9302584577413224,3.889222,5.047427,1.113461207935765
886.0,19.0,3.8090385127916218,8.038165,7.587816,2.9922412629860644
886.0,24.0,-6.839807814984201,17.296725,5.953926,-7.656605064789758
886.0,25.0,-5.520776263787688,0.891345,-3.284472,-6.337573513593245
886.0,29.0,3.5317070363756766,-11.053794,-7.381854,2.7149097865701193
886.0,31.0,-8.159390863131515,-15.388109,-12.852786,-8.976188112937072
887.0,2.0,3.515822025031685,13.186555,5.052811,2.4212548174774216
887.0,5.0,6.984487134180577,18.541334,14.307918,5.889919926626314
887.0,6.0,4.421502673119679,7.41484,2.673561,3.3269354655654158
887.0,12.0,2.330212193250186,10.049793,5.083199,1.2356449856959224
887.0,19.0,5.416572015710493,10.658376,7.596638,4.32200480815623
887.0,24.0,-6.714937041846285,8.853005,5.962581,-7.809504249400549
887.0,25.0,-5.2233510214653975,0.163405,-3.253635,-6.317918229019661
887.0,29.0,4.780442523875299,-8.192638,-7.365894,3.685875316321036
887.0,31.0,-10.107177234318002,-9.857512,-12.847364,-11.201744441872265
888.0,2.0,3.489886610231107,8.012871,5.060991,2.4532281825557942
888.0,5.0,6.550075691471855,14.027421,14.290515,5.513417263796542
888.0,6.0,4.150957933863964,4.646338,2.67929,3.1142995061886514
888.0,12.0,1.933151100329618,6.892239,5.095139,0.8964926726543054
888.0,19.0,4.151667574476782,13.110379,7.587372,3.11500914680147
888.0,24.0,-6.527815278204746,-4.550401,5.957909,-7.564473705880058
888.0,25.0,-5.492778869274979,-0.873147,-3.229461,-6.529437296950292
888.0,29.0,3.6956681128896296,-9.490363,-7.343019,2.659009685214317
888.0,31.0,-8.858960610015416,-6.417456,-12.821312,-9.895619037690729
889.0,2.0,3.3592740631046105,3.780172,5.066763,1.2495826766277354
889.0,5.0,6.829770802654881,14.391891,14.265207,4.720079416178006
889.0,6.0,4.4363848304898035,-0.464667,2.690773,2.3266934440129283
889.0,12.0,2.1335140517059745,5.828148,5.099911,0.02382266522909937
889.0,19.0,4.2618299086895135,5.458946,7.584694,2.1521385222126383
889.0,24.0,-6.471199309974588,8.175735,5.939141,-8.580890696451462
889.0,25.0,-5.433061785347451,-0.451087,-3.209777,-7.542753171824327
889.0,29.0,2.4834355757380173,-6.885964,-7.326599,0.37374418926114217
889.0,31.0,-6.3391991674588315,-10.863821,-12.789556,-8.448890553935707
890.0,2.0,3.624464042923524,11.634396,4.867144,2.488271640159435
890.0,5.0,6.611263861632551,16.774828,14.192005,5.475071458868462
890.0,6.0,4.151816303874343,5.642046,2.520579,3.0156239011102537
890.0,12.0,1.8981168572086862,9.010502,4.919716,0.7619244544445969
890.0,19.0,4.296999184306456,12.44068,7.485869,3.160806781542367
890.0,24.0,-6.783081034999655,2.589004,5.956049,-7.919273437763744
890.0,25.0,-5.3956943412919856,4.519939,-3.360787,-6.531886744056075
890.0,29.0,3.5915457023138053,-5.905115,-7.379053,2.4553532995497163
890.0,31.0,-7.55067438506045,-14.014932,-12.832826,-8.68686678782454
891.0,2.0,3.472728794564695,11.422226,4.825928,3.2717741678446104
891.0,5.0,6.594455813618243,15.640707,14.211885,6.393501186898158
891.0,6.0,4.0628311094866305,9.342809,2.431312,3.861876482766546
891.0,12.0,1.7479471570449796,11.318714,4.919625,1.546992530324895
891.0,19.0,4.433746699620052,10.743516,7.403879,4.232792072899967
891.0,24.0,-6.913937871330456,21.717906,6.054689,-7.114892498050541
891.0,25.0,-5.284739192352886,3.501929,-3.362198,-5.485693819072971
891.0,29.0,1.668366823485134,-6.965193,-7.336919,1.4674121967650495
891.0,31.0,-9.993869916042005,-15.143469,-12.868785,-10.19482454276209
892.0,2.0,3.441877560992964,8.728451,4.883988,3.5974124139026773
892.0,5.0,6.981895143945032,16.626846,14.205062,7.137429996854745
892.0,6.0,4.390274933659301,6.058427,2.436838,4.545809786569015
892.0,12.0,2.0616608337434013,5.438903,5.006763,2.2171956866531146
892.0,19.0,5.395533386311595,4.536723,7.348721,5.551068239221308
892.0,24.0,-6.897885366466671,12.178931,6.109807,-6.742350513556957
892.0,25.0,-5.1590049925451185,-3.611355,-3.252978,-5.0034701396354055
892.0,29.0,3.9462832134940964,-5.608294,-7.227334,4.10181806640381
892.0,31.0,-11.314883240625296,-14.874793,-12.81269,-11.159348387715582
893.0,2.0,3.5651276024525043,4.090706,4.899509,4.577335623872183
893.0,5.0,6.7636651885121495,17.184786,14.171406,7.775873209931828
893.0,6.0,4.302294304539339,0.2723,2.443353,5.314502325959018
893.0,12.0,1.9319135672797865,2.017224,5.030127,2.944121588699465
893.0,19.0,4.952714695517674,9.380653,7.323081,5.964922716937353
893.0,24.0,-6.810085639118738,6.406973,6.107154,-5.79787761769906
893.0,25.0,-5.259296038652198,-0.425453,-3.204632,-4.247088017232519
893.0,29.0,3.034991930701203,-7.404303,-7.176893,4.047199952120882
893.0,31.0,-11.256281493325293,-19.267054,-12.761879,-10.244073471905615
894.0,2.0,3.5876040944373795,4.594075,4.843525,3.877737954252645
894.0,5.0,7.086297461333391,12.756541,14.074504,7.376431321148656
894.0,6.0,4.735596782201853,5.089927,2.420647,5.025730642017118
894.0,12.0,2.2468136902416873,5.768392,4.968276,2.536947550056953
894.0,19.0,4.8465715681940225,3.928252,7.2882,5.136705428009288
894.0,24.0,-6.581759306930085,12.075141,6.049774,-6.29162544711482
894.0,25.0,-5.140588797974479,-3.5952,-3.216114,-4.8504549381592135
894.0,29.0,2.763207994663566,-3.21927,-7.161408,3.0533418544788318
894.0,31.0,-11.293991429628559,-13.499489,-12.691737,-11.003857569813293
895.0,2.0,3.374690674055076,3.153818,4.791925,3.731654694209713
895.0,5.0,7.170803266667912,10.946308,14.0542,7.527767286822549
895.0,6.0,4.542260155692659,2.945342,2.371855,4.899224175847296
895.0,12.0,2.2554928441211386,3.332464,4.926937,2.6124568642757757
895.0,19.0,4.772440405878552,8.371803,7.255159,5.129404426033188
895.0,24.0,-6.762920017096893,21.787077,6.061518,-6.4059559969422555
895.0,25.0,-5.000206072982639,-3.112761,-3.247786,-4.643242052828002
895.0,29.0,-0.645265718998612,-7.639169,-7.166041,-0.28830169884397483
895.0,31.0,-11.308915968976102,-17.007981,-12.699876,-10.951951948821465
896.0,2.0,3.711245269801932,6.289953,4.527858,4.528632490217997
896.0,5.0,7.208281843475294,13.136277,14.064555,8.02566906389136
896.0,6.0,4.482122871417616,1.49679,2.080985,5.299510091833681
896.0,12.0,2.551993462422457,3.287796,4.727322,3.369380682838522
896.0,19.0,4.110643262996581,9.975201,7.088001,4.928030483412646
896.0,24.0,-6.417037984498147,0.428055,6.21937,-5.599650764082082
896.0,25.0,-5.322202147829638,-2.31483,-3.459681,-4.504814927413573
896.0,29.0,3.926591576711754,-5.99998,-7.230192,4.743978797127819
896.0,31.0,-11.61973567335997,-12.065716,-12.865228,-10.802348452943907
897.0,2.0,3.8162996942688565,4.71613,4.371025,4.692361697417407
897.0,5.0,7.061196675596099,13.024984,14.064794,7.93725867874465
897.0,6.0,4.381747552003574,0.713796,1.8901,5.257809555152125
897.0,12.0,2.5105719397896573,1.210305,4.622569,3.3866339429382086
897.0,19.0,4.299153828166858,8.374915,6.957517,5.175215831315409
897.0,24.0,-6.438287286363554,11.00574,6.339697,-5.562225283215003
897.0,25.0,-5.3023638531545405,0.364712,-3.562853,-4.42630185000599
897.0,29.0,4.349960307649386,-4.806886,-7.234635,5.226022310797937
897.0,31.0,-11.585515753943577,-15.48346,-12.952125,-10.709453750795026
898.0,2.0,3.780089311206291,5.106652,4.393807,5.282383404058914
898.0,5.0,6.5610764686462915,16.124927,14.015362,8.063370561498914
898.0,6.0,3.8201763319941104,1.924581,1.921818,5.322470424846733
898.0,12.0,2.275735162049818,4.033594,4.640539,3.7780292549024406
898.0,19.0,4.681337461622494,11.23238,6.953672,6.183631554475117
898.0,24.0,-6.148273592754993,3.831993,6.301293,-4.645979499902371
898.0,25.0,-5.665323222648794,-4.921744,-3.514482,-4.163029129796172
898.0,29.0,3.491532468112549,-13.618235,-7.195278,4.9938265609651715
898.0,31.0,-11.505085271429829,-13.677451,-12.883073,-10.002791178577207
899.0,2.0,3.7945995770853944,10.202372,4.428308,4.456101296128333
899.0,5.0,6.798859519516483,17.31847,14.01694,7.460361238559422
899.0,6.0,4.200667551597263,4.91636,1.962111,4.8621692706402015
899.0,12.0,2.2814560583592067,10.322902,4.667819,2.9429577774021447
899.0,19.0,3.9150957205236203,8.385729,6.98203,4.576597439566559
899.0,24.0,-6.378332308172537,5.239612,6.278547,-5.716830589129598
899.0,25.0,-5.426962014728525,-0.756716,-3.488355,-4.765460295685587
899.0,29.0,2.1691853535828054,-3.951177,-7.192787,2.8306870726257434
899.0,31.0,-11.545846104606078,-12.598171,-12.86491,-10.88434438556314
900.0,2.0,3.9507582454849874,4.920906,4.268014,3.5437030175559165
900.0,5.0,6.875493076263853,11.540873,13.898448,6.468437848334782
900.0,6.0,4.346023655294658,2.100844,1.870847,3.9389684273655874
900.0,12.0,2.4499328441259642,4.079055,4.495759,2.0428776161968933
900.0,19.0,3.811369590041785,10.636325,6.936778,3.4043143621127143
900.0,24.0,-6.42577554555063,6.364034,6.203795,-6.832830773479701
900.0,25.0,-5.30925606196123,-0.97014,-3.611568,-5.716311289890301
900.0,29.0,3.1241598153004695,-5.381623,-7.251892,2.7171045873713986
900.0,31.0,-10.890583576824149,-16.316779,-12.842037,-11.29763880475322
901.0,2.0,3.788892907741509,7.319981,4.294487,3.881040919015266
901.0,5.0,6.864456528759003,13.6408,13.866972,6.95660454003276
901.0,6.0,4.204907690838283,-0.314469,1.901764,4.29705570211204
901.0,12.0,2.3969124668695336,6.985229,4.518896,2.4890604781432906
901.0,19.0,3.6477054240558644,10.250937,6.938789,3.7398534353296213
901.0,24.0,-6.259705980158358,-3.192292,6.176326,-6.167557968884601
901.0,25.0,-5.496647141844809,-1.341263,-3.568186,-5.404499130571052
901.0,29.0,3.601521747909361,-1.58752,-7.220399,3.693669759183118
901.0,31.0,-11.532055526993226,-14.058544,-12.790364,-11.439907515719469
902.0,2.0,3.782551438887271,10.1262,4.359626,3.8985177022665822
902.0,5.0,6.835972854554775,15.592265,13.859326,6.951939117934087
902.0,6.0,4.16147730456926,3.096337,1.959068,4.277443567948572
902.0,12.0,2.320052217559474,6.66744,4.58139,2.436018480938785
902.0,19.0,4.363605549426634,9.117967,6.955813,4.479571812805945
902.0,24.0,-6.288317216991283,-2.689646,6.15871,-6.172350953611971
902.0,25.0,-5.392412188981943,1.383184,-3.495422,-5.276445925602632
902.0,29.0,3.376686747113185,-1.263827,-7.177081,3.492653010492496
902.0,31.0,-11.523573811911596,-13.579994,-12.739659,-11.407607548532285
903.0,2.0,3.7806758446593207,8.286406,4.313071,4.373887027544216
903.0,5.0,6.906853068596554,14.563343,13.7856,7.500064251481449
903.0,6.0,4.232088772752796,3.667129,1.932449,4.825299955637691
903.0,12.0,2.3089621832989238,5.839045,4.535233,2.902173366183819
903.0,19.0,4.060532580128381,6.479457,6.919191,4.653743763013276
903.0,24.0,-6.388062706221139,-0.953019,6.125341,-5.794851523336243
903.0,25.0,-5.387277106902903,2.343909,-3.502037,-4.794065924018007
903.0,29.0,3.2898823931085577,-4.363907,-7.158389,3.883093575993453
903.0,31.0,-11.515679613492026,-9.729698,-12.687434,-10.92246843060713
904.0,2.0,3.8037043537045303,2.762853,4.310531,3.966670809615845
904.0,5.0,6.9551055421166055,11.905652,13.733318,7.11807199802792
904.0,6.0,4.249722378503774,0.259501,1.91722,4.412688834415089
904.0,12.0,2.379215799912206,3.130818,4.546926,2.542182255823521
904.0,19.0,4.215059391496084,5.100851,6.867335,4.3780258474073985
904.0,24.0,-6.26453251330537,-9.887505,6.130349,-6.101566057394055
904.0,25.0,-5.4136370463161665,-0.175903,-3.453163,-5.250670590404852
904.0,29.0,4.089535612930785,-4.923211,-7.092069,4.2525020688421
904.0,31.0,-11.514100660098002,-10.080079,-12.625252,-11.351134204186687
905.0,2.0,3.7153413126600263,4.356756,4.34127,4.4355199321764385
905.0,5.0,6.952896767223963,10.496376,13.666598,7.673075386740376
905.0,6.0,4.187484839358717,1.579847,1.936839,4.907663458875129
905.0,12.0,2.476816194028875,3.256937,4.585899,3.1969948135452873
905.0,19.0,4.142624505326735,7.994643,6.82579,4.862803124843147
905.0,24.0,-6.302882658388388,6.954224,6.114134,-5.5827040388719755
905.0,25.0,-5.353412787201427,-2.329883,-3.366393,-4.633234167685015
905.0,29.0,4.068071988978694,-5.062823,-7.0029,4.788250608495106
905.0,31.0,-11.514716588401736,-11.016833,-12.526547,-10.794537968885324
906.0,2.0,3.6849723701398496,2.597797,4.33804,4.557132179536577
906.0,5.0,6.8851055815383475,13.731054,13.60168,7.757265390935075
906.0,6.0,4.362538353708501,-0.69138,1.927991,5.234698163105229
906.0,12.0,2.4177884868737953,0.576378,4.59275,3.289948296270522
906.0,19.0,3.82207405253936,5.349857,6.776767,4.6942338619360875
906.0,24.0,-6.455897456521203,9.445422,6.104501,-5.583737647124476
906.0,25.0,-5.503292327458303,-4.081033,-3.316201,-4.631132518061577
906.0,29.0,3.5233055179596136,-7.790085,-6.936426,4.395465327356341
906.0,31.0,-11.495357303108829,-15.195148,-12.451907,-10.623197493712102
907.0,2.0,3.835288236637318,3.028267,4.375072,4.946099725075063
907.0,5.0,6.974253976203862,12.970015,13.580356,8.085065464641607
907.0,6.0,4.2795925756293745,1.35946,1.966544,5.39040406406712
907.0,12.0,2.586573746289199,3.036333,4.626024,3.6973852347269447
907.0,19.0,4.251508987717607,6.823574,6.785698,5.362320476155352
907.0,24.0,-6.291614622895067,11.761624,6.080046,-5.180803134457321
907.0,25.0,-5.4566562742574956,1.910817,-3.267817,-4.34584478581975
907.0,29.0,4.28315063266416,-5.741172,-6.905622,5.3939621211019055
907.0,31.0,-11.4672799546498,-15.569355,-12.404734,-10.356468466212055
908.0,2.0,3.887348995812845,3.509199,4.455029,5.183025783292358
908.0,5.0,6.767181812179267,13.800094,13.593483,8.06285859965878
908.0,6.0,4.175377696490338,1.40029,2.081534,5.471054483969851
908.0,12.0,2.570101672989921,4.859258,4.670304,3.865778460469434
908.0,19.0,4.075197999538442,9.646877,6.889123,5.370874787017955
908.0,24.0,-6.627223591586391,12.34923,5.995888,-5.331546804106878
908.0,25.0,-5.5604248747575475,-1.70012,-3.238111,-4.264748087278035
908.0,29.0,4.148223107898536,-9.660123,-6.94231,5.443899895378049
908.0,31.0,-11.441088815326392,-15.089532,-12.379291,-10.145412027846879
909.0,2.0,3.799609676666794,3.76724,4.665481,3.8861722898506255
909.0,5.0,6.83918760093248,11.991884,13.590492,6.925750214116311
909.0,6.0,4.122210101245711,1.509401,2.319208,4.208772714429543
909.0,12.0,2.445551218546635,2.241908,4.829053,2.5321138317304666
909.0,19.0,3.7160638874353555,5.960167,7.036121,3.802626500619187
909.0,24.0,-6.319016757583445,18.758495,5.862612,-6.232454144399614
909.0,25.0,-5.5264164674076435,-3.133148,-3.074498,-5.439853854223812
909.0,29.0,3.579274198366079,-11.01034,-6.90416,3.6658368115499105
909.0,31.0,-11.456973252207565,-10.017411,-12.253878,-11.370410639023733
910.0,2.0,3.8329219831231818,6.725289,4.827231,3.146847457932782
910.0,5.0,7.171236915873717,10.467948,13.569193,6.485162390683318
910.0,6.0,4.396514615090684,-1.052682,2.496,3.7104400899002843
910.0,12.0,2.5209163951854503,2.895506,4.956503,1.8348418699950506
910.0,19.0,4.629180387365196,7.702702,7.128554,3.943105862174796
910.0,24.0,-5.818597654653617,15.649839,5.763365,-6.504672179844016
910.0,25.0,-5.392940970771291,-0.675352,-2.929285,-6.079015495961691
910.0,29.0,4.37442339819839,-3.602676,-6.848399,3.6883488730079903
910.0,31.0,-11.469222001802914,-9.716832,-12.134008,-12.155296526993313
911.0,2.0,3.7237078785072395,6.635253,4.843222,2.7590314731860737
911.0,5.0,7.009375795575371,13.659651,13.604663,6.044699390254205
911.0,6.0,4.565171849385905,1.141519,2.51703,3.600495444064739
911.0,12.0,2.3886563848635127,4.321981,4.967032,1.423979979542347
911.0,19.0,4.479394920336311,5.522338,7.167068,3.5147185150151454
911.0,24.0,-6.251345715377456,10.070916,5.760047,-7.2160221206986215
911.0,25.0,-5.384273903098895,2.910747,-2.942476,-6.3489503084200605
911.0,29.0,2.6804604153579064,-5.806273,-6.882057,1.7157840100367405
911.0,31.0,-10.203369536633312,-12.795369,-12.16592,-11.168045941954478
912.0,2.0,3.5390049553436,5.603848,4.766544,1.5996411104245634
912.0,5.0,7.296152754082797,11.945968,13.635679,5.356788909163761
912.0,6.0,4.76473130857603,0.018494,2.460316,2.825367463656993
912.0,12.0,2.4176495304578083,4.166213,4.890629,0.4782856855387716
912.0,19.0,4.539537008304302,6.934197,7.179432,2.6001731633852656
912.0,24.0,-6.290154629422086,10.17031,5.772184,-8.229518474341123
912.0,25.0,-5.264021913444719,-1.319271,-3.048797,-7.203385758363755
912.0,29.0,3.4093359975589284,-7.368106,-6.969119,1.4699721526398917
912.0,31.0,-9.793185284321416,-5.979023,-12.252833,-11.732549129240452
913.0,2.0,3.4725757422023094,-1.860613,4.654513,0.87500753486882
913.0,5.0,7.645912136279366,5.563373,13.656074,5.048343928945876
913.0,6.0,4.97888138905102,-5.981898,2.368373,2.381313181717531
913.0,12.0,2.5625480847189923,-3.329201,4.78534,-0.03502012261449705
913.0,19.0,4.222032307942415,16.915217,7.16776,1.6244641006089258
913.0,24.0,-6.518903902858574,13.209143,5.796129,-9.116472110192063
913.0,25.0,-4.974775333108339,-11.028062,-3.179025,-7.572343540441828
913.0,29.0,3.632585944769133,-13.692089,-7.059844,1.0350177374356435
913.0,31.0,-7.988464857177169,-15.053654,-12.34912,-10.586033064510659
914.0,2.0,3.7232824779917273,-2.48071,4.546969,2.3035100427413493
914.0,5.0,6.969442195187192,9.269392,13.678141,5.549669759936814
914.0,6.0,4.478257753131446,-9.644735,2.291968,3.0584853178810683
914.0,12.0,2.4235660892090305,-3.759702,4.676151,1.0037936539586525
914.0,19.0,4.9097734319804065,22.085533,7.176491,3.4900009967300285
914.0,24.0,-6.413682874089557,15.948677,5.801611,-7.833455309339935
914.0,25.0,-5.287152860171509,-9.989368,-3.317199,-6.706925295421887
914.0,29.0,3.464260798055065,-16.062445,-7.167665,2.044488362804687
914.0,31.0,-10.097921248620914,-18.414938,-12.447354,-11.517693683871292
915.0,2.0,3.761521622576222,4.635435,4.513325,4.401817389468166
915.0,5.0,6.875045308854697,12.168768,13.712055,7.51534107574664
915.0,6.0,4.336371514894177,5.577628,2.274539,4.976667281786121
915.0,12.0,2.417451331583049,2.903955,4.637984,3.057747098474993
915.0,19.0,6.828751397157191,41.871763,7.20649,7.469047164049135
915.0,24.0,-6.226070880272519,-5.160491,5.802054,-5.585775113380574
915.0,25.0,-5.373065341370131,-2.698687,-3.38393,-4.732769574478187
915.0,29.0,4.07733501143575,-12.72964,-7.235681,4.717630778327694
915.0,31.0,-11.40388412119616,-14.300164,-12.510563,-10.763588354304217
916.0,2.0,3.540092451342799,6.822394,4.396839,3.8648297518347716
916.0,5.0,7.3667827981867475,16.307289,13.680742,7.69152009867872
916.0,6.0,4.843052678106865,1.28497,2.231253,5.1677899785988375
916.0,12.0,2.4766957104873164,6.638082,4.495049,2.801433010979289
916.0,19.0,4.5868639196709005,14.267587,7.243122,4.911601220162873
916.0,24.0,-6.270830899136534,-2.549936,5.729696,-5.946093598644562
916.0,25.0,-5.18439191459218,-4.522172,-3.533758,-4.859654614100208
916.0,29.0,2.3165405521435893,-8.610446,-7.364121,2.641277852635562
916.0,31.0,-11.46012960530756,-14.373659,-12.563116,-11.13539230481559
917.0,2.0,3.934078678969806,3.914327,4.257348,3.43635637851468
917.0,5.0,7.462192270660491,11.991078,13.638612,6.964469970205365
917.0,6.0,4.893949012177746,-2.66345,2.203716,4.39622671172262
917.0,12.0,2.8758677375138877,2.814625,4.306923,2.3781454370587616
917.0,19.0,6.375688592250285,25.057929,7.321554,5.8779662917951585
917.0,24.0,-5.978312116956773,3.976307,5.603955,-6.476034417411899
917.0,25.0,-5.044393525095676,-7.537184,-3.73408,-5.542115825550802
917.0,29.0,6.082413855068522,-10.342228,-7.551669,5.5846915546133955
917.0,31.0,-11.415092556737147,-15.242126,-12.626835,-11.912814857192274
918.0,2.0,3.71101866119103,3.658882,4.230402,3.85330602487017
918.0,5.0,7.11430087330041,8.770514,13.641591,7.25658823697955
918.0,6.0,4.526373220943864,1.365847,2.189781,4.668660584623003
918.0,12.0,2.4515867534807994,1.95256,4.277973,2.593874117159939
918.0,19.0,6.442149636654747,11.135083,7.331025,6.584437000333887
918.0,24.0,-6.190001673588206,27.085458,5.596931,-6.047714309909066
918.0,25.0,-5.305135311706806,-3.915423,-3.770314,-5.162847948027666
918.0,29.0,3.8393070118959347,-6.249634,-7.584316,3.9815943755750745
918.0,31.0,-11.389048606920472,-14.029528,-12.649616,-11.246761243241332
919.0,2.0,3.8362340468799747,9.282888,4.163444,4.805810377918314
919.0,5.0,6.908604785687288,14.180846,13.573606,7.878181116725627
919.0,6.0,4.33077844785868,5.611136,2.158786,5.300354778897019
919.0,12.0,2.393519269967941,6.064567,4.203362,3.36309560100628
919.0,19.0,6.256027942361252,10.33886,7.312423,7.225604273399591
919.0,24.0,-5.848517121877192,9.468735,5.549504,-4.878940790838853
919.0,25.0,-5.349807284915078,-1.593787,-3.814834,-4.380230953876739
919.0,29.0,3.7977770028416717,-2.155569,-7.603388,4.767353333880011
919.0,31.0,-11.345723873745097,-13.159806,-12.620645,-10.376147542706757
920.0,2.0,3.57855888236368,11.073663,4.14086,3.68403725252699
920.0,5.0,7.002031129129248,21.502676,13.548669,7.107509499292558
920.0,6.0,4.566294380544038,0.951139,2.113965,4.671772750707348
920.0,12.0,2.362023816589809,5.096001,4.203539,2.467502186753119
920.0,19.0,5.63367437265264,7.891139,7.252435,5.73915274281595
920.0,24.0,-6.183908189898553,-1.446491,5.586473,-6.078429819735243
920.0,25.0,-5.377557148535617,0.747663,-3.793531,-5.2720787783723075
920.0,29.0,4.6122830700646436,-10.575148,-7.554322,4.717761440227953
920.0,31.0,-11.378156788563597,-12.62497,-12.599898,-11.272678418400288
921.0,2.0,3.687216283924645,2.23562,4.127056,2.547621741103348
921.0,5.0,6.878001113648983,10.737259,13.505613,5.738406570827686
921.0,6.0,4.35519408158439,2.80997,2.077056,3.215599538763093
921.0,12.0,2.3839186031870128,2.08546,4.212417,1.244324060365716
921.0,19.0,5.363053797369144,8.454678,7.184384,4.223459254547847
921.0,24.0,-6.34817173139458,10.564994,5.6153,-7.487766274215877
921.0,25.0,-5.442928864275113,-6.451498,-3.751045,-6.58252340709641
921.0,29.0,3.458867032092769,-8.102049,-7.484289,2.319272489271472
921.0,31.0,-9.407795386010118,-16.492812,-12.552664,-10.547389928831414
922.0,2.0,3.798350015246637,3.283844,4.171916,0.7223264245943151
922.0,5.0,6.801490474934102,14.396532,13.47842,3.72546688428178
922.0,6.0,4.173511454213049,3.168131,2.12764,1.097487863560727
922.0,12.0,2.3817198641569135,3.517485,4.249323,-0.6943037264954084
922.0,19.0,4.891450051159087,-0.815371,7.200038,1.8154264605067647
922.0,24.0,-6.096888263971361,0.388648,5.578981,-9.172911854623683
922.0,25.0,-5.329196436133734,-1.761939,-3.695921,-8.405220026786056
922.0,29.0,3.243373726259792,-6.316017,-7.451767,0.16735013560747003
923.0,2.0,3.8104197711385854,8.091374,4.19999,0.972392299669044
923.0,5.0,6.934725805408638,11.731824,13.462654,4.096698333939097
923.0,6.0,4.39447542857835,2.512125,2.150285,1.5564479571088081
923.0,12.0,2.397468048446709,5.698984,4.279459,-0.4405594230228327
923.0,19.0,4.63591658852749,8.157167,7.197032,1.7978891170579483
923.0,24.0,-6.096724308600113,11.548158,5.570775,-8.934751780069654
923.0,25.0,-5.1753457950081945,2.457454,-3.652687,-8.013373266477736
923.0,29.0,3.9629835918022103,-6.989181,-7.418407,1.1249561203326688
923.0,31.0,-6.022324959455505,-4.336011,-12.458014,-8.860352430925046
924.0,2.0,3.7666591138185836,9.460735,4.194126,0.7437879148293693
924.0,5.0,6.956467023071912,15.621166,13.451256,3.933595824082698
924.0,6.0,4.36074041627797,7.412817,2.129983,1.3378692172887559
924.0,12.0,2.4466894785113364,5.882534,4.287489,-0.5761817204778779
924.0,19.0,4.398176698814218,3.287105,7.165777,1.375305499825004
924.0,24.0,-5.962679341867627,-4.003772,5.592617,-8.985550540856842
924.0,25.0,-5.244094641240445,0.208494,-3.633641,-8.266965840229659
924.0,29.0,3.630636548589365,-3.267336,-7.387531,0.6077653496001507
924.0,31.0,-2.4621977383782747,-12.89439,-12.44456,-5.485068937367489
925.0,2.0,3.630273490708694,6.034545,4.209433,1.7563962775257578
925.0,5.0,7.044293069291399,12.627214,13.469157,5.1704158561084625
925.0,6.0,4.275363129668477,0.956042,2.106408,2.401485916485541
925.0,12.0,2.3773172539783616,5.716786,4.32856,0.5034400407954254
925.0,19.0,4.791038261418899,4.183188,7.1253,2.917161048235963
925.0,24.0,-6.1681182816055,17.010731,5.652281,-8.041995494788436
925.0,25.0,-5.366114923747885,-0.938092,-3.592455,-7.239992136930821
925.0,29.0,3.0423097428196417,-7.423268,-7.337226,1.1684325296367055
925.0,31.0,-6.700378085418279,-3.318317,-12.445897,-8.574255298601216
926.0,2.0,3.62877864867513,5.687312,4.184284,1.8327114639584627
926.0,5.0,7.147649527287637,14.898124,13.444754,5.351582342570969
926.0,6.0,4.1740489771087255,1.868575,2.102342,2.377981792392058
926.0,12.0,2.355206554968424,3.468809,4.296763,0.5591393702517566
926.0,19.0,4.611212755361688,4.766435,7.13135,2.8151455706450204
926.0,24.0,-6.148434362983071,9.658527,5.62344,-7.944501547699739
926.0,25.0,-5.285841515415172,-2.069473,-3.615988,-7.08190870013184
926.0,29.0,1.7974083778592238,-5.790889,-7.35706,0.0013411931425564294
926.0,31.0,-7.8211390829619045,-17.954001,-12.438033,-9.617206267678572
927.0,2.0,3.800843931614576,0.052592,4.167828,1.2405461196062566
927.0,5.0,7.190694225830505,10.940471,13.409913,4.630396413822186
927.0,6.0,4.596855167034779,-0.121259,2.110491,2.036557355026459
927.0,12.0,2.5433989196313433,1.279869,4.270185,-0.01689889237697617
927.0,19.0,4.6971998523507015,3.334701,7.140783,2.136902040342382
927.0,24.0,-5.738254182481348,-6.215011,5.582095,-8.298551994489667
927.0,25.0,-5.018333761094486,-5.502813,-3.628057,-7.578631573102806
927.0,29.0,3.0376852556473555,-8.194649,-7.369726,0.47738744363903596
927.0,31.0,-7.216697728444959,-5.223175,-12.413697,-9.776995540453278
928.0,2.0,3.7225147075844838,6.961507,4.142846,2.2569568363845827
928.0,5.0,7.079950441101067,15.971912,13.362387,5.614392569901166
928.0,6.0,4.284685294343831,2.019726,2.139968,2.8191274231439296
928.0,12.0,2.4406169085309832,5.921676,4.216528,0.9750590373310823
928.0,19.0,5.788748428346123,12.970341,7.184328,4.323190557146222
928.0,24.0,-6.143373139013257,-0.139627,5.494281,-7.608931010213158
928.0,25.0,-5.16821781382953,-0.27267,-3.667968,-6.633775685029431
928.0,29.0,1.3183338672583353,-6.338028,-7.420579,-0.14722400394156554
928.0,31.0,-9.709074480544373,-17.39959,-12.387387,-11.174632351744274
929.0,2.0,3.7856201671508387,4.493968,4.069734,3.507654353949654
929.0,5.0,7.291744888847379,15.29447,13.320004,7.013779075646195
929.0,6.0,4.360147699515032,1.069105,2.141907,4.0821818863138475
929.0,12.0,2.5174835175433286,2.985223,4.108621,2.239517704342144
929.0,19.0,4.839228886143324,5.172473,7.23881,4.56126307294214
929.0,24.0,-6.029609136759788,9.985741,5.397224,-6.307574949960973
929.0,25.0,-5.048888943845509,-4.372219,-3.774002,-5.326854757046694
929.0,29.0,3.3844867550423228,-4.679996,-7.52601,3.106520941841138
929.0,31.0,-11.280816261958318,-17.042571,-12.40163,-11.558782075159503
930.0,2.0,3.667374020082587,5.068093,3.932498,3.586433720099483
930.0,5.0,7.1614158118965126,13.871525,13.327112,7.080475511913409
930.0,6.0,4.252555441485574,-0.256969,1.950507,4.171615141502471
930.0,12.0,2.412221637595307,6.418071,4.034603,2.3312813376122032
930.0,19.0,5.368902700140831,0.90217,7.091811,5.287962400157728
930.0,24.0,-5.809065325312245,15.379892,5.543722,-5.890005625295348
930.0,25.0,-5.033956653902761,-2.695599,-3.844907,-5.114896953885864
930.0,29.0,1.6976348074284227,-4.294556,-7.498792,1.616694507445319
930.0,31.0,-11.279717418843617,-9.797655,-12.480061,-11.36065771882672
931.0,2.0,3.751343117154793,8.7783,3.872716,3.9489571162504613
931.0,5.0,6.886916410908409,15.052459,13.354952,7.084530410004078
931.0,6.0,4.006153726885611,3.124054,1.815621,4.20376772598128
931.0,12.0,2.4699231167686726,7.249088,4.038213,2.667537115864341
931.0,19.0,5.5189978650664635,7.42335,6.963914,5.716611864162132
931.0,24.0,-5.930099590563956,6.858929,5.695386,-5.732485591468288
931.0,25.0,-5.218248947107958,4.741017,-3.841441,-5.02063494801229
931.0,29.0,1.8408183403223823,-4.976242,-7.428977,2.038432339418051
931.0,31.0,-11.228973037770862,-10.877808,-12.529778,-11.031359038675193
932.0,2.0,3.6736630365578957,7.671396,4.023247,3.3039494656411232
932.0,5.0,6.88361234487131,14.666207,13.448748,6.513898773954537
932.0,6.0,3.9849581734763504,3.923084,1.911712,3.615244602559578
932.0,12.0,2.458284499953539,9.704955,4.198563,2.0885709290367664
932.0,19.0,5.077932120880471,12.338705,7.013639,4.708218549963698
932.0,24.0,-5.784095938222489,3.418693,5.743956,-6.153809509139261
932.0,25.0,-5.314179761100894,0.582012,-3.718417,-5.683893332017666
932.0,29.0,3.6025146960106245,-6.25613,-7.372837,3.232801125093852
932.0,31.0,-11.236744353908875,-11.222314,-12.531978,-11.606457924825648
933.0,2.0,3.737435426819948,6.16837,4.142183,4.154297977909566
933.0,5.0,6.970902101207756,12.626847,13.537601,7.387764652297374
933.0,6.0,4.060240226948737,1.14223,2.030367,4.477102778038356
933.0,12.0,2.9515327593470264,5.949382,4.295659,3.368395310436645
933.0,19.0,3.9097511572489587,7.432535,7.128291,4.326613708338577
933.0,24.0,-5.949081616001401,15.347621,5.720928,-5.532219064911782
933.0,25.0,-5.738325121263733,-0.782105,-3.672641,-5.3214625701741145
933.0,29.0,0.5956090317407146,-6.519375,-7.408265,1.0124715828303328
933.0,31.0,-10.542098543369974,-10.479079,-12.561322,-10.125235992280356
934.0,2.0,3.716192976825738,13.177659,4.186664,4.268084289866617
934.0,5.0,6.985744516906765,15.779463,13.61114,7.537635829947644
934.0,6.0,4.0198238571151315,7.135058,2.077224,4.57171517015601
934.0,12.0,2.8906321274788596,10.999754,4.330074,3.4425234405197385
934.0,19.0,4.061802355559358,9.170988,7.200439,4.613693668600237
934.0,24.0,-5.51342742573841,9.246588,5.721504,-4.961536112697531
934.0,25.0,-5.7331965490417165,-2.263972,-3.684463,-5.181305236000838
934.0,29.0,0.06303320011718405,-4.080764,-7.461641,0.614924513158063
934.0,31.0,-11.541204385817576,-7.179592,-12.619249,-10.989313072776696
935.0,2.0,3.619614458207865,5.065077,4.134051,5.108240048771339
935.0,5.0,7.05467093688851,15.817986,13.644402,8.543296527451984
935.0,6.0,4.1878395143092675,0.975063,2.014854,5.676465104872742
935.0,12.0,2.8751890774535482,8.720077,4.294419,4.363814668017023
935.0,19.0,3.235942480563015,5.984334,7.180568,4.724568071126489
935.0,24.0,-5.696127069687812,17.557884,5.770662,-4.207501479124337
935.0,25.0,-5.583837872151369,-2.317629,-3.7421,-4.095212281587894
935.0,29.0,0.40760364169066143,-6.400867,-7.495818,1.8962292322541359
935.0,31.0,-11.556284732883409,-13.823571,-12.687135,-10.067659142319934
936.0,2.0,3.522018140207418,6.294168,4.075544,4.122860285000927
936.0,5.0,7.15192883975384,14.929075,13.624296,7.7527709845473485
936.0,6.0,4.295504569630943,3.929608,1.956939,4.8963467144244515
936.0,12.0,2.9871475363788047,6.730078,4.249054,3.587989681172313
936.0,19.0,3.663941958438473,9.484631,7.140945,4.264784103231982
936.0,24.0,-5.338164328162878,18.406006,5.789593,-4.73732218336937
936.0,25.0,-5.600688525132638,-2.925938,-3.778049,-4.999846380339129
936.0,29.0,1.5882538261122425,-8.58534,-7.50008,2.189095970905751
936.0,31.0,-11.35146637745457,-13.43877,-12.699633,-10.75062423266106
937.0,2.0,3.697725445753054,2.188047,4.051941,3.6942300606848772
937.0,5.0,7.068838410579918,12.766978,13.586587,7.065343025511741
937.0,6.0,4.4689675521389045,0.141836,1.952619,4.465472167070727
937.0,12.0,3.0141882147969277,1.078616,4.220347,3.0106928297287507
937.0,19.0,3.7410833993820667,7.148635,7.136822,3.7375880143138898
937.0,24.0,-5.288551899689617,-1.869962,5.758784,-5.292047284757794
937.0,25.0,-5.615672955998365,-4.133634,-3.789296,-5.619168341066542
937.0,29.0,0.6302079550497552,-7.197857,-7.504554,0.6267125699815783
937.0,31.0,-9.777724584487785,-16.606302,-12.675116,-9.781219969555963
938.0,2.0,3.6244544621252643,6.149251,4.055084,5.016747559454607
938.0,5.0,6.878575885676661,15.576522,13.558532,8.270868983006004
938.0,6.0,4.433785159942943,3.005583,1.948932,5.826078257272285
938.0,12.0,2.920611543287471,3.10241,4.231334,4.3129046406168134
938.0,19.0,3.896489140878799,5.501334,7.1116,5.2887822382081415
938.0,24.0,-5.667893785340622,5.208146,5.75968,-4.27560068801128
938.0,25.0,-5.84372513164462,-0.662716,-3.758154,-4.451432034315277
938.0,29.0,0.6401602039477243,-8.329466,-7.467144,2.0324533012770667
938.0,31.0,-11.528532924701537,-12.64378,-12.638786,-10.136239827372194
939.0,2.0,3.7738932907836187,7.680382,4.087096,4.202595558568382
939.0,5.0,6.8335859231117215,13.581471,13.526612,7.262288190896485
939.0,6.0,4.270158013891653,3.846743,1.990122,4.698860281676416
939.0,12.0,2.9161950387016624,3.203653,4.255226,3.344897306486426
939.0,19.0,5.443292742351362,11.18388,7.123149,5.871995010136126
939.0,24.0,-5.414162334039878,2.345719,5.721911,-4.985460066255114
939.0,25.0,-5.868300036937338,-2.399845,-3.714541,-5.4395977691525745
939.0,29.0,1.2972770291119406,-8.044049,-7.440412,1.7259792968967043
939.0,31.0,-11.148951470776868,-12.648705,-12.584307,-10.720249202992104
940.0,2.0,3.5092707414562536,7.886467,4.181337,4.648485758994687
940.0,5.0,7.294785531329222,15.446493,13.511325,8.434000548867655
940.0,6.0,4.4770441812078055,2.103516,2.002795,5.6162591987462385
940.0,12.0,3.020452839349124,5.85864,4.392461,4.159667856887557
940.0,19.0,5.238900798456871,7.74942,7.035633,6.378115815995304
940.0,24.0,-5.760447391752608,15.693122,5.802346,-4.621232374214175
940.0,25.0,-5.8425781858888595,0.160689,-3.538893,-4.7033631683504264
940.0,29.0,-0.23355029274265782,-5.764041,-7.264237,0.9056647247957752
940.0,31.0,-11.543710438883865,-15.325275,-12.487957,-10.404495421345432
941.0,2.0,3.607617305039245,6.418802,3.992518,4.238958858503574
941.0,5.0,7.6478877653035084,14.572642,13.590972,8.279229318767838
941.0,6.0,4.989007649288888,4.687409,1.704063,5.620349202753218
941.0,12.0,3.235522061531313,5.009069,4.311918,3.8668636149956424
941.0,19.0,8.275574966396162,22.524694,6.821583,8.906916519860491
941.0,24.0,-5.668195236346184,9.196285,6.080998,-5.036853682881855
941.0,25.0,-5.442086772801874,0.107393,-3.650713,-4.810745219337544
941.0,29.0,0.2286588740691453,-9.368532,-7.235218,0.8600004275334747
941.0,31.0,-11.566395111053819,-14.404694,-12.667735,-10.93505355758949
942.0,2.0,3.611538139989932,5.20784,3.636529,4.224174911512717
942.0,5.0,6.913104366424825,12.255123,13.626017,7.525741137947611
942.0,6.0,4.311475833444341,0.923737,1.286999,4.924112604967126
942.0,12.0,2.706100220195111,3.195353,4.061743,3.3187369917178966
942.0,19.0,5.313236221054083,9.141477,6.572309,5.925872992576869
942.0,24.0,-5.942268094941717,4.680997,6.343686,-5.329631323418932
942.0,25.0,-5.66674318398595,-3.914209,-3.926698,-5.054106412463165
942.0,29.0,-0.15681132440248557,-4.189824,-7.30429,0.4558254471202998
942.0,31.0,-11.39555466008295,-14.999558,-12.910972,-10.782917888560165
943.0,2.0,3.7228017172663517,8.50455,3.612407,3.013108650788032
943.0,5.0,7.0952204991105745,15.418403,13.587463,6.385527432632255
943.0,6.0,4.374033745183064,5.59365,1.283723,3.6643406787047446
943.0,12.0,2.7723655565962293,8.839911,4.03164,2.0626724901179094
943.0,19.0,4.237402920165199,10.253799,6.569869,3.5277098536868787
943.0,24.0,-5.709447162950411,12.213112,6.310541,-6.419140229428731
943.0,25.0,-5.611684936193485,-1.389024,-3.939342,-6.321378002671805
943.0,29.0,0.808429711937313,-4.429032,-7.310701,0.09873664545899308
943.0,31.0,-7.826450807062937,-20.496843,-12.886234,-8.536143873541256
944.0,2.0,3.6538960762739983,7.05708,3.655107,2.8178198450691463
944.0,5.0,7.085724412191009,13.924814,13.534922,6.249648180986157
944.0,6.0,4.4846353780190675,-1.07929,1.318518,3.6485591468142156
944.0,12.0,2.7857917890937696,4.029557,4.077062,1.9497155578889176
944.0,19.0,3.9643138781689515,7.88382,6.547646,3.1282376469640996
944.0,24.0,-5.84693068727599,-2.841774,6.28798,-6.683006918480842
944.0,25.0,-5.504572921279201,3.553902,-3.855303,-6.340649152484053
944.0,29.0,0.17027371384882617,-5.774943,-7.234779,-0.6658025173560257
945.0,2.0,3.7416341321674498,6.023908,3.693298,2.7872113634037103
945.0,5.0,6.887819539759109,11.478643,13.505883,5.933396770995369
945.0,6.0,4.24555720461403,3.766656,1.328367,3.291134435850291
945.0,12.0,2.5981433518059838,2.284804,4.131928,1.6437205830422443
945.0,19.0,3.8243887709856477,6.030667,6.506037,2.8699660022219082
945.0,24.0,-5.340386783773504,3.062662,6.3064,-6.294809552537243
945.0,25.0,-5.617165937151739,-1.376832,-3.771503,-6.571588705915479
945.0,29.0,-0.36511241973958874,-6.69271,-7.149956,-1.3195351885033282
946.0,2.0,3.6232667913238785,9.198242,3.652529,4.039605193294456
946.0,5.0,7.086150082716928,17.009554,13.495509,7.502488484687506
946.0,6.0,4.327260460864345,5.627894,1.253993,4.743598862834922
946.0,12.0,2.671954091649895,8.327663,4.124623,3.088292493620472
946.0,19.0,4.17256722493703,3.414846,6.428454,4.588905626907607
946.0,24.0,-5.7983938412290215,20.531568,6.373661,-5.382055439258444
946.0,25.0,-5.599350236836273,0.842805,-3.765045,-5.183011834865695
946.0,29.0,-0.26978613838128407,-4.640203,-7.103283,0.14655226358929285
946.0,31.0,-10.757598889722791,-15.586847,-12.736761,-10.341260487752214
947.0,2.0,3.652738739158396,9.578548,3.650588,4.196572159404747
947.0,5.0,7.365612780155583,12.935762,13.475808,7.909446200401934
947.0,6.0,4.62190593533556,3.512924,1.253765,5.165739355581911
947.0,12.0,2.941328645916057,7.284579,4.125231,3.485162066162408
947.0,19.0,4.492277454208571,12.525638,6.419074,5.036110874454922
947.0,24.0,-5.708972389945193,-5.939764,6.366257,-5.165138969698842
947.0,25.0,-5.496164333576576,0.655738,-3.752488,-4.952330913330226
947.0,29.0,1.4543487301935194,-4.09441,-7.088672,1.9981821504398702
947.0,31.0,-11.465479515629339,-8.135308,-12.715311,-10.921646095382988
948.0,2.0,4.754207640154821,3.179376,3.932756,7.781893396432562
948.0,5.0,4.225941078047523,10.638337,13.636161,7.253626834325264
948.0,6.0,1.7885214701701706,1.585018,1.421974,4.816207226447911
948.0,12.0,1.1764155728139523,4.20518,4.432714,4.204101329091694
948.0,19.0,3.8372411896687133,6.356517,6.483288,6.864926945946454
948.0,24.0,-4.38932959052457,8.580848,6.469239,-1.3616438342468284
948.0,25.0,-6.044141350070387,-2.223117,-3.50073,-3.0164555937926454
948.0,29.0,0.928907400548332,-4.111225,-6.950629,3.9565931568260733
948.0,31.0,-10.186283050024167,-12.999227,-12.697798,-7.158597293746427
949.0,2.0,5.269570934621818,2.719055,5.435997,8.33028351144661
949.0,5.0,5.51606698103387,13.154962,14.149443,8.57677955785866
949.0,6.0,3.9928160041344185,1.130588,2.415075,7.053528580959209
949.0,12.0,3.4075812722003764,7.012859,6.005952,6.468293849025167
949.0,19.0,5.0860595670102455,4.747381,6.760296,8.146772143835037
949.0,24.0,-3.693613365784878,15.970762,6.756603,-0.6329007889600877
949.0,25.0,-1.174745348300101,-2.791577,-2.028637,1.8859672285246893
949.0,31.0,-7.6392336940278325,-13.378299,-12.236206,-4.578521117203042
950.0,2.0,4.00472240223832,6.464761,5.04619,2.146099580270386
950.0,5.0,9.041126814645697,13.529057,13.359468,7.182503992677763
950.0,6.0,4.677798832485738,0.678385,2.26813,2.819176010517804
950.0,12.0,3.001326731562445,8.587445,5.550546,1.1427039095945108
950.0,24.0,-5.260228895323323,24.907762,6.303037,-7.118851717291257
950.0,25.0,-5.385757224800036,-0.637882,-2.061766,-7.24438004676797
950.0,29.0,4.014813028403392,-3.387942,-5.86766,2.1561902064354577
950.0,31.0,-11.296757124661031,-14.62835,-11.624387,-13.155379946628965
951.0,2.0,3.638735694886961,5.087862,4.918557,4.290746037544237
951.0,5.0,7.238373843894561,14.975261,12.784404,7.890384186551836
951.0,6.0,4.45181120157433,1.127843,2.530136,5.1038215442316055
951.0,12.0,2.719888638003452,2.029111,5.200356,3.371898980660727
951.0,19.0,5.909990636642233,5.957526,6.640656,6.562000979299508
951.0,24.0,-5.882031362490382,-0.870162,5.575024,-5.2300210198331065
951.0,25.0,-5.485181610724706,-5.917152,-2.156471,-4.8331712680674315
951.0,29.0,0.7697793068624978,-2.484116,-6.001645,1.421789649519773
951.0,31.0,-11.420675409611304,-16.939232,-11.137222,-10.768665066954028
952.0,2.0,3.582859442368173,10.78526,4.331709,3.7535563089674846
952.0,5.0,7.4245289317953365,13.427584,12.908382,7.595225798394647
952.0,6.0,4.670046407198241,7.47715,1.933173,4.8407432737975515
952.0,12.0,2.8084423409377886,6.955981,4.721954,2.9791392075371
952.0,19.0,4.243101124943763,6.237758,6.410491,4.413797991543074
952.0,24.0,-5.594147353154876,13.251905,5.890092,-5.423450486555565
952.0,25.0,-5.402617885228769,0.093615,-2.747107,-5.231921018629457
952.0,29.0,1.9157565199372026,-3.465823,-6.31717,2.086453386536514
952.0,31.0,-10.237960461937693,-10.318005,-11.638462,-10.067263595338382
953.0,2.0,3.390745169424175,5.786064,4.205563,2.165690231335215
953.0,5.0,7.814665930703324,13.311815,12.871117,6.5896109926143644
953.0,6.0,5.062397939032218,0.582523,1.822126,3.837343000943258
953.0,12.0,3.131976733635021,2.550565,4.611528,1.9069217955460611
953.0,19.0,3.9153607848318757,5.284319,6.349054,2.6903058467429157
953.0,24.0,-5.851478640233731,-2.762445,5.911167,-7.076533578322691
953.0,25.0,-5.364201660146634,4.014936,-2.845107,-6.589256598235593
953.0,29.0,1.3600389674905795,-6.847716,-6.353897,0.13498402940161958
954.0,2.0,3.460610174060351,1.44602,4.178126,2.7109443243845712
954.0,5.0,7.828392443926594,9.25271,12.813355,7.078726594250814
954.0,6.0,4.908017620005046,0.415946,1.82906,4.158351770329266
954.0,12.0,3.025280851442389,-0.356426,4.569715,2.2756150017666092
954.0,19.0,4.204498270918791,8.903694,6.353854,3.454832421243011
954.0,24.0,-6.25819931259354,2.997046,5.852253,-7.0078651622693195
954.0,25.0,-5.370724646424015,-5.241944,-2.860889,-6.120390496099795
954.0,29.0,1.875221844948027,-11.406612,-6.36517,1.1255559952722471
954.0,31.0,-4.28843785514548,-7.298717,-11.634947,-5.03810370482126
955.0,2.0,3.40656592967321,8.004715,4.162206,3.6097461913175697
955.0,5.0,7.378357628472681,14.919433,12.709163,7.5815378901170405
955.0,6.0,4.4071346711526935,5.130627,1.878747,4.610314932797053
955.0,12.0,2.7223237005633525,4.896842,4.517447,2.925503962207712
955.0,19.0,3.7850052284150806,9.373679,6.384001,3.9881854900594402
955.0,24.0,-6.327995151127956,6.362814,5.725214,-6.124814889483597
955.0,25.0,-5.557573928767236,-2.389296,-2.865144,-5.354393667122877
955.0,29.0,0.50781861954151,-8.838584,-6.378775,0.7109988811858694
956.0,2.0,3.415262118345904,7.749981,4.17639,3.7913252538381625
956.0,5.0,7.498793032959831,16.633107,12.642879,7.87485616845209
956.0,6.0,4.366833656298203,4.442853,1.890505,4.742896791790462
956.0,12.0,2.755008196713381,4.888621,4.535649,3.1310713322056394
956.0,19.0,4.264795291335034,3.303607,6.347308,4.640858426827292
956.0,24.0,-6.479271373097394,6.498283,5.701942,-6.103208237605135
956.0,25.0,-5.587424104235663,0.599692,-2.802347,-5.211360968743405
956.0,29.0,1.2318852409384062,-7.505306,-6.309471,1.6079483764306648
956.0,31.0,-9.039273600970192,-9.060892,-11.454338,-8.663210465477935
957.0,2.0,3.4400466405402046,5.849359,4.093949,2.900140381956918
957.0,5.0,7.586410456001579,13.963279,12.5498,7.046504197418292
957.0,6.0,4.659061388079046,4.225828,1.862094,4.119155129495759
957.0,12.0,2.7268118881643515,4.359523,4.436224,2.186905629581065
957.0,19.0,4.092573262737217,5.379068,6.333331,3.55266700415393
957.0,24.0,-6.268002678870792,5.217862,5.625851,-6.807908937454078
957.0,25.0,-5.494243160064229,1.168327,-2.861613,-6.034149418647516
957.0,29.0,0.9880162570527027,-8.49081,-6.340027,0.44810999846941635
958.0,2.0,3.39308553197052,6.675967,4.073863,3.9995104831796677
958.0,5.0,7.563341298731476,11.788605,12.510396,8.169766249940624
958.0,6.0,4.589432184005302,2.204809,1.863441,5.19585713521445
958.0,12.0,2.6773030744119666,2.980942,4.408613,3.283728025621114
958.0,19.0,4.312669648602638,4.540491,6.333076,4.919094599811785
958.0,24.0,-6.395483192060798,5.383077,5.589515,-5.78905824085165
958.0,25.0,-5.40380265188423,-1.289124,-2.871019,-4.797377700675082
958.0,29.0,0.9224695873897168,-4.066815,-6.345017,1.5288945385988642
958.0,31.0,-10.294242674208402,-9.535279,-11.38294,-9.687817722999254
959.0,2.0,3.781256276886472,4.913758,4.089785,3.275350576836259
959.0,5.0,7.489412648876815,13.717759,12.492437,6.983506948826602
959.0,6.0,4.428748443566295,1.773934,1.874876,3.9228427435160826
959.0,12.0,2.7365180926401447,0.790558,4.427766,2.230612392589932
959.0,19.0,5.759254252884947,6.266969,6.323875,5.253348552834734
959.0,24.0,-5.623017549245003,5.514794,5.584023,-6.128923249295216
959.0,25.0,-5.358279070616806,-5.473825,-2.838064,-5.864184770667019
959.0,29.0,4.409826555135311,-7.857146,-6.315552,3.903920855085098
959.0,31.0,-9.479465052516757,-12.363798,-11.35082,-9.985370752566968
960.0,2.0,3.7973568714092885,8.432187,4.117826,3.094308827285343
960.0,5.0,8.210689375179165,13.47396,12.54865,7.507641331055219
960.0,6.0,4.936371810232735,1.551547,1.862577,4.23332376610879
960.0,12.0,2.7765115759742827,7.434829,4.479002,2.0734635318503374
960.0,19.0,6.821424571091333,6.439953,6.311083,6.1183765269673875
960.0,24.0,-5.514606879250583,28.4089,5.652135,-6.217654923374528
960.0,25.0,-5.073318877034971,-0.476644,-2.810374,-5.776366921158917
960.0,29.0,1.2366734075500005,-5.083024,-6.292801,0.5336253634260553
960.0,31.0,-11.348520667528287,-14.098154,-11.387731,-12.051568711652234
961.0,2.0,3.5915410497699902,3.579634,4.069066,3.5123073791350006
961.0,5.0,7.844963007843269,13.535559,12.558407,7.765729337208279
961.0,6.0,4.876974358822881,0.514233,1.800669,4.797740688187892
961.0,12.0,2.914202291754501,1.769747,4.450036,2.8349686211195113
961.0,19.0,8.01035353467774,5.224425,6.273507,7.931119864042751
961.0,24.0,-5.923975765739715,1.960148,5.697643,-6.003209436374704
961.0,25.0,-4.998340709962534,-6.218709,-2.844993,-5.0775743805975235
961.0,29.0,2.2747933423727975,-4.536299,-6.299182,2.195559671737808
961.0,31.0,-11.172554496097014,-14.7642,-11.425281,-11.251788166732004
962.0,2.0,3.7153664344986517,-0.867773,4.047147,4.288176706875147
962.0,5.0,7.501715906139948,12.220105,12.629729,8.074526178516443
962.0,6.0,4.674201118941209,-7.027133,1.755524,5.247011391317704
962.0,12.0,2.52007263044605,-0.215496,4.447855,3.0928829028225455
962.0,19.0,7.457283829426988,19.113096,6.271738,8.030094101803483
962.0,24.0,-5.746061644314747,15.604564,5.766429,-5.173251371938251
962.0,25.0,-5.305571620893652,-11.255193,-2.88849,-4.7327613485171565
962.0,29.0,-0.7513115286195715,-9.773634,-6.335493,-0.1785012562430759
962.0,31.0,-11.314448300532277,-15.615919,-11.514866,-10.741638028155782
963.0,2.0,3.7744929492289643,6.99535,4.031047,5.140589347801325
963.0,5.0,6.986141279776362,15.34708,12.680108,8.352237678348722
963.0,6.0,4.197339761408953,0.447149,1.700168,5.563436159981314
963.0,12.0,2.1910553311106593,4.966364,4.462421,3.55715172968302
963.0,19.0,6.204697139856874,6.339967,6.23515,7.570793538429235
963.0,24.0,-5.845781613712979,7.735719,5.850699,-4.479685215140618
963.0,25.0,-5.325429007274188,-0.923203,-2.896646,-3.9593326087018275
963.0,29.0,-0.10716626248982841,-2.868963,-6.325733,1.2589301360825322
963.0,31.0,-11.254479963770482,-14.586589,-11.572503,-9.888383565198122
964.0,2.0,3.5591437733467917,13.338853,3.97479,4.083321420284776
964.0,5.0,7.256125110152208,18.045726,12.653613,7.780302757090192
964.0,6.0,4.614012513240951,7.997118,1.651744,5.138190160178935
964.0,12.0,2.3266108760424906,11.837588,4.414127,2.850788522980475
964.0,19.0,5.280022186137199,7.093756,6.203923,5.804199833075183
964.0,24.0,-5.805960997593109,3.951546,5.855659,-5.281783350655125
964.0,25.0,-5.451637099833677,3.960427,-2.93346,-4.927459452895693
964.0,29.0,0.07919974222482562,-2.222422,-6.334839,0.60337738916281
964.0,31.0,-10.99860497070052,-10.76573,-11.578201,-10.474427323762535
965.0,2.0,3.492993580035032,6.623455,3.975154,2.5857559119232265
965.0,5.0,7.614796090302793,13.557136,12.689994,6.707558422190988
965.0,6.0,4.679056021153299,4.89923,1.637877,3.7718183530414935
965.0,12.0,2.5032775581044397,6.505904,4.425354,1.5960398899926345
965.0,19.0,4.9416791015786234,6.794264,6.205554,4.034441433466818
965.0,24.0,-5.472013319044457,4.677895,5.889517,-6.379250987156262
965.0,25.0,-5.137470249447435,0.861606,-2.942027,-6.04470791755924
965.0,29.0,-0.38159828954817065,-6.257482,-6.345201,-1.288835957659976
965.0,31.0,-9.68159221833925,-10.155532,-11.615965,-10.588829886451055
966.0,2.0,3.5627810773459743,3.122737,3.87643,3.3991309567981207
966.0,5.0,7.362000529495994,11.035293,12.665148,7.198350408948141
966.0,6.0,4.502110866396217,-0.870405,1.586079,4.338460745848364
966.0,12.0,2.435951394455409,3.987074,4.314976,2.2723012739075554
966.0,19.0,4.524022820126273,8.049342,6.214737,4.36037269957842
966.0,24.0,-5.347964483973442,8.290389,5.853701,-5.511614604521295
966.0,25.0,-5.345959546347853,-4.738903,-3.055826,-5.509609666895706
966.0,29.0,0.39123113878962723,-4.051989,-6.432633,0.22758101824177368
966.0,31.0,-10.401916186998724,-14.333806,-11.65995,-10.565566307546577
967.0,2.0,3.6390843346489117,6.974733,3.88126,3.5745850145842524
967.0,5.0,7.628766755062983,9.791313,12.722066,7.5642674349983245
967.0,6.0,4.768056537648393,3.067867,1.568684,4.703557217583734
967.0,12.0,2.5120981934173745,6.084288,4.334726,2.447598873352715
967.0,19.0,5.081450600479755,9.36518,6.218949,5.016951280415096
967.0,24.0,-5.719198045996629,13.496475,5.904509,-5.783697366061288
967.0,25.0,-5.15471485207284,-3.32179,-3.066727,-5.2192141721375
967.0,29.0,0.4168672372070752,-7.090328,-6.447463,0.3523679171424159
967.0,31.0,-9.996773319074077,-7.696622,-11.716654,-10.061272639138735
968.0,2.0,3.5798002517431335,7.04925,3.776927,3.881101287327884
968.0,5.0,7.539289951764786,16.185014,12.738423,7.840590987349536
968.0,6.0,4.822443812498658,3.291701,1.459912,5.123744848083408
968.0,12.0,2.418518444999683,5.262196,4.254086,2.7198194805844333
968.0,19.0,4.935398566096788,7.330467,6.171477,5.236699601681538
968.0,24.0,-5.731329929479962,-11.332795,5.96374,-5.430028893895212
968.0,25.0,-5.115521094041531,2.454968,-3.163325,-4.814220058456781
968.0,29.0,-1.084237124579781,-5.936403,-6.494357,-0.7829360889950308
968.0,31.0,-11.047567971057454,-10.663214,-11.798484,-10.746266935472704
969.0,2.0,3.6470496907509578,6.056798,3.714288,3.990097644490753
969.0,5.0,7.4787988739744655,11.835848,12.790662,7.8218468277142605
969.0,6.0,4.6054250750469095,6.960744,1.332753,4.9484730287867045
969.0,12.0,2.308113674001981,1.247927,4.248252,2.6511616277417764
969.0,19.0,5.095854092230368,8.40256,6.074024,5.438902045970163
969.0,24.0,-5.27066782915896,5.382156,6.108553,-4.927619875419165
969.0,25.0,-5.168804240961562,-2.706514,-3.18877,-4.8257562872217665
969.0,29.0,-0.07543941927495634,-7.528903,-6.464525,0.2676085344648391
969.0,31.0,-11.264692466953077,-13.762744,-11.880459,-10.921644513213282
970.0,2.0,3.6543183202831635,5.881785,3.664378,4.05218183400887
970.0,5.0,7.2127109843037545,14.164536,12.834336,7.610574498029461
970.0,6.0,4.504706139460632,0.407562,1.245946,4.9025696531863385
970.0,12.0,2.1826948865059883,4.85742,4.233965,2.5805584002316944
970.0,19.0,4.477094622375368,10.021309,6.020302,4.874958136101075
970.0,24.0,-5.226270078869905,0.604842,6.202339,-4.828406565144199
970.0,25.0,-5.277768385067798,-1.358755,-3.224252,-4.879904871342092
970.0,29.0,1.4421603320858134,-7.699978,-6.465172,1.8400238458115195
970.0,31.0,-10.851201476081892,-10.879637,-11.951845,-10.453337962356185
971.0,2.0,3.48024790815802,8.716267,3.541441,3.365969362808611
971.0,5.0,7.457383567792505,18.117266,12.831527,7.343105022443096
971.0,6.0,4.780711464344748,3.312622,1.146982,4.666432918995339
971.0,12.0,2.4088902836040216,7.420407,4.119103,2.2946117382546123
971.0,19.0,4.776117269549696,5.8282,5.99575,4.661838724200287
971.0,24.0,-5.299167374526651,5.758944,6.220101,-5.413445919876061
971.0,25.0,-5.393923810677702,-0.676306,-3.351956,-5.508202356027111
971.0,29.0,2.390191120042168,-4.605015,-6.546032,2.2759125746927586
971.0,31.0,-9.832387467672444,-12.985289,-12.030464,-9.946666013021852
972.0,2.0,3.4523091526295158,1.554418,3.366226,4.448194543490638
972.0,5.0,7.593375342210432,11.806816,12.853869,8.589260733071555
972.0,6.0,4.753562983793783,-0.636607,0.945923,5.749448374654905
972.0,12.0,2.580446359669226,4.054348,3.995325,3.5763317505303482
972.0,19.0,4.324497916703304,5.79655,5.883916,5.320383307564427
972.0,24.0,-5.036924372211461,8.362787,6.346294,-4.041038981350338
972.0,25.0,-5.517131057506193,-3.131457,-3.493959,-4.52124566664507
972.0,29.0,2.6708137745637632,-4.697133,-6.591827,3.6666991654248853
972.0,31.0,-11.288884534966874,-14.807941,-12.157546,-10.292999144105751
973.0,2.0,3.4741508527261686,3.241239,3.194296,5.181407851436051
973.0,5.0,7.259850575624679,10.459803,12.855917,8.96710757433456
973.0,6.0,4.669451889877664,5.021799,0.750917,6.376708888587546
973.0,12.0,2.464750107823539,3.678185,3.873095,4.172007106533421
973.0,19.0,3.5842596839982797,7.803202,5.765467,5.291516682708162
973.0,24.0,-5.033023156538077,8.580657,6.460331,-3.325766157828195
973.0,25.0,-5.692772084102822,-1.021195,-3.621812,-3.9855150853929406
973.0,29.0,0.12759463384633918,-4.470188,-6.622383,1.8348516325562207
973.0,31.0,-11.269140382474484,-16.737828,-12.259881,-9.561883383764602
974.0,2.0,3.5306798344943946,2.492192,3.073236,4.479554702840002
974.0,5.0,7.431478471067523,12.722755,12.877854,8.38035333941313
974.0,6.0,4.808692822273169,5.992098,0.600142,5.757567690618776
974.0,12.0,2.699313616328112,5.199747,3.796526,3.6481884846737187
974.0,19.0,4.313435847184582,5.991426,5.674288,5.262310715530189
974.0,24.0,-4.580817668765354,11.993934,6.568237,-3.6319428004197474
974.0,25.0,-5.533567199363105,-2.623919,-3.711984,-4.584692331017498
974.0,29.0,0.533232030811801,-6.818773,-6.641466,1.4821068991574076
974.0,31.0,-11.274298985517488,-16.871294,-12.352064,-10.325424117171881
975.0,2.0,3.542561808701125,2.260459,3.044137,5.033065477551575
975.0,5.0,7.05883976135328,11.183194,12.884179,8.54934343020373
975.0,6.0,4.690555973701112,-0.780855,0.521806,6.1810596425515625
975.0,12.0,2.4647957320430907,1.421306,3.809449,3.9552994008935407
975.0,19.0,3.5601376490075705,2.444413,5.588793,5.0506413178580205
975.0,24.0,-4.523048494684098,13.592486,6.65997,-3.0325448258336483
975.0,25.0,-5.782322019407321,-4.699295,-3.69118,-4.291818350556871
975.0,29.0,-0.5164795840220009,-6.336922,-6.581394,0.9740240848284494
975.0,31.0,-10.293042733707221,-12.578417,-12.364202,-8.80253906485677
976.0,2.0,3.516722127065748,5.94817,3.022902,4.844404875331321
976.0,5.0,6.8790440308256215,13.186694,12.922574,8.206726779091195
976.0,6.0,4.804465133310394,0.694899,0.4674,6.132147881575968
976.0,12.0,2.3927054414163615,4.708241,3.816525,3.720388189681935
976.0,19.0,3.28199917333135,6.304089,5.5519,4.609681921596923
976.0,24.0,-4.3004304104064275,2.437478,6.733705,-2.972747662140854
976.0,25.0,-5.84923163481448,-4.467156,-3.7013,-4.521548886548906
976.0,29.0,-0.780132259055307,-3.551632,-6.572384,0.5475504892102663
976.0,31.0,-10.16312256170908,-10.649742,-12.412776,-8.835439813443507
977.0,2.0,3.485465293767094,5.706053,2.978361,4.882873905643744
977.0,5.0,7.416715710835902,12.301375,12.97794,8.814124322712551
977.0,6.0,5.209177018369314,3.107588,0.381382,6.606585630245964
977.0,12.0,2.6427371324619173,4.891567,3.809797,4.0401457443385675
977.0,19.0,3.425666467214093,6.860843,5.501175,4.823075079090743
977.0,24.0,-4.140449316901741,4.229659,6.836207,-2.7430407050250905
977.0,25.0,-5.700213728784407,1.384396,-3.735391,-4.302805116907757
977.0,29.0,-0.9338228042341914,-3.543862,-6.574601,0.4635858076424586
977.0,31.0,-11.019921294249245,-13.867324,-12.493228,-9.622512682372596
978.0,2.0,3.3666459859278888,3.185711,2.843695,5.317354483146077
978.0,5.0,7.205647921871375,10.757297,12.973406,9.156356419089562
978.0,6.0,5.092860032104021,-1.726909,0.21336,7.043568529322209
978.0,12.0,2.5459681708868445,1.4488,3.725762,4.4966766681050325
978.0,19.0,2.9183393983203256,6.46904,5.381345,4.869047895538514
978.0,24.0,-3.742604797003974,3.526306,6.947537,-1.791896299785786
978.0,25.0,-5.934707453164148,-3.797954,-3.815661,-3.9839989559459603
978.0,29.0,-1.636749403427105,-3.444803,-6.569303,0.313959093791083
978.0,31.0,-11.250543539937166,-15.076989,-12.562284,-9.299835042718978
979.0,2.0,3.3800286307384653,2.245322,2.714095,5.340896725887145
979.0,5.0,7.105416751448832,12.091901,12.964003,9.066284846597512
979.0,6.0,5.035063042298459,-3.349764,0.029693,6.995931137447139
979.0,12.0,2.558110277277666,4.518898,3.660565,4.5189783724263455
979.0,19.0,2.841969648912144,6.574022,5.229024,4.802837744060824
979.0,24.0,-3.4870931969319923,13.890845,7.087012,-1.5262251017833126
979.0,25.0,-5.98731770756982,-3.328503,-3.867682,-4.02644961242114
979.0,29.0,-1.6725953581683832,-7.081859,-6.525487,0.28827273698029643
979.0,31.0,-11.255935230104456,-15.385283,-12.617143,-9.295067134955776
980.0,2.0,3.4139540528023495,2.08947,2.714984,4.597300409331615
980.0,5.0,6.910104136402552,9.180457,12.999469,8.093450492931819
980.0,6.0,4.970117635734297,-3.703311,-0.020535,6.153463992263563
980.0,12.0,2.4150008018007485,1.606208,3.69855,3.5983471583300144
980.0,19.0,2.8847549346686883,6.102479,5.173592,4.068101291197954
980.0,24.0,-3.2881343506249836,7.130734,7.177608,-2.1047879940957177
980.0,25.0,-6.086860381279832,-3.170255,-3.838502,-4.903514024750566
980.0,29.0,-1.711881554706201,-6.968587,-6.477599,-0.5285351981769348
980.0,31.0,-8.754619503785921,-10.259815,-12.643895,-7.5712731472566555
981.0,2.0,3.4532315326478287,1.478508,2.707711,3.9381974401567144
981.0,5.0,6.961446662886452,10.585426,13.007365,7.446412570395338
981.0,6.0,4.947309643284729,-6.505642,-0.049531,5.432275550793615
981.0,12.0,2.54283665639443,-0.387421,3.710259,3.0278025639033155
981.0,19.0,2.7420014333438196,5.401998,5.142466,3.2269673408527053
981.0,24.0,-3.176735565672012,2.463058,7.2177,-2.6917696581631265
981.0,25.0,-6.013086725676951,-3.305517,-3.826546,-5.528120818168065
981.0,29.0,-1.211901117462724,-5.637584,-6.453603,-0.7269352099538384
981.0,31.0,-2.210755267653256,-18.220779,-12.651514,-1.7257893601443701
982.0,2.0,3.400354913618859,0.305394,2.626139,4.276872741353688
982.0,5.0,6.9434656402051225,10.250271,12.957363,7.819983467939951
982.0,6.0,4.930040415027179,-2.844198,-0.074732,5.806558242762008
982.0,12.0,2.547937945306039,2.657114,3.608562,3.424455773040868
982.0,19.0,2.9414262737808734,5.806698,5.159428,3.8179441015157023
982.0,24.0,-3.2698615444801993,7.144221,7.152321,-2.3933437167453704
982.0,25.0,-5.984803786468037,-6.72843,-3.917309,-5.108285958733208
982.0,29.0,-1.1832382800177093,-5.728081,-6.526855,-0.3067204522828806
982.0,31.0,-1.9565050105257606,-18.579515,-12.65874,-1.079987182790932
983.0,2.0,3.372853024428684,1.469592,2.53221,4.273325989138497
983.0,5.0,6.88621950476929,9.204709,12.903701,7.786692469479103
983.0,6.0,4.8889097747798385,-1.410955,-0.128738,5.7893827394896515
983.0,12.0,2.4222251406782274,1.131815,3.508385,3.32269810538804
983.0,19.0,3.0242690139459754,6.08956,5.142603,3.924741978655788
983.0,24.0,-3.1720087278360363,8.548432,7.116739,-2.2715357631262236
983.0,25.0,-6.017377174603846,-5.117282,-4.000239,-5.116904209894033
983.0,29.0,-1.869307928784516,-8.192956,-6.575885,-0.9688349640747034
984.0,2.0,3.3116409873200308,3.212122,2.456603,3.879362627773631
984.0,5.0,7.053929498397187,11.999966,12.828083,7.621651138850787
984.0,6.0,4.968588963340075,1.861874,-0.162095,5.536310603793675
984.0,12.0,2.494351020870379,7.929387,3.422255,3.0620726613239793
984.0,19.0,3.019780976065313,7.905364,5.124806,3.587502616518913
984.0,24.0,-3.109095257613755,9.333018,7.062256,-2.541373617160155
984.0,25.0,-6.022368759807268,-2.608129,-4.054298,-5.454647119353668
984.0,29.0,-1.9890044490425103,-6.094611,-6.601762,-1.4212828085889104
984.0,31.0,-3.340126380081479,-15.565979,-12.635328,-2.772404739627879
985.0,2.0,3.482769627755143,1.048034,2.476698,5.228542464000339
985.0,5.0,6.872114798686205,12.04761,12.817712,8.617887634931401
985.0,6.0,4.932775453195248,-4.458434,-0.117357,6.678548289440443
985.0,12.0,2.423193516063815,0.577896,3.424468,4.168966352309011
985.0,19.0,2.931878137944876,3.114712,5.167521,4.677650974190072
985.0,24.0,-3.137049785298514,11.289457,7.012698,-1.3912769490533183
985.0,25.0,-6.014893845235381,-7.039135,-4.051516,-4.269121008990186
985.0,29.0,-2.0348188436780754,-6.688497,-6.623076,-0.2890460074328798
985.0,31.0,-10.264832013437962,-13.627385,-12.617134,-8.519059177192766
986.0,2.0,3.417420950117755,4.579822,2.451936,5.637200368640066
986.0,5.0,6.776081056211572,12.069336,12.793963,8.995860474733883
986.0,6.0,4.834001698715417,-2.406229,-0.127774,7.053781117237728
986.0,12.0,2.2895525899679283,3.991759,3.397678,4.509332008490239
986.0,19.0,2.61172424983077,6.088714,5.163877,4.831503668353081
986.0,24.0,-3.328401990671532,3.542841,6.994982,-1.1086225721492209
986.0,25.0,-5.9397168507148965,-4.203619,-4.068891,-3.7199374321925855
986.0,29.0,-1.654726526101343,-1.668656,-6.63323,0.5650528924209679
986.0,31.0,-11.201902959287477,-13.995345,-12.608552,-8.982123540765166
987.0,2.0,3.416782011615929,6.568004,2.40696,3.7579979765748197
987.0,5.0,7.306034303873519,14.403725,12.801231,7.647250268832409
987.0,6.0,5.1878745890206215,-0.400932,-0.163895,5.529090553979512
987.0,12.0,2.5689873907633416,5.530141,3.357241,2.910203355722232
987.0,19.0,4.346410701789875,9.629303,5.161033,4.687626666748765
987.0,24.0,-3.02685412587618,6.866218,7.004905,-2.6856381609172892
987.0,25.0,-5.8929772298256715,-2.603089,-4.119921,-5.551761264866781
987.0,29.0,-1.5935478212942975,-7.408028,-6.670567,-1.252331856335407
987.0,31.0,-9.521464363153003,-12.901572,-12.64698,-9.180248398194113
988.0,2.0,3.877584504096042,1.980343,2.389904,3.2226676726257555
988.0,5.0,6.9259669301766,14.303019,12.780109,6.271050098706313
988.0,6.0,4.386447139791699,-3.422906,-0.145001,3.731530308321412
988.0,12.0,2.661641775528995,2.208063,3.321523,2.0067249440587087
988.0,19.0,3.88885639894694,6.073879,5.19621,3.2339395674766536
988.0,24.0,-3.2310010772650335,0.252929,6.951297,-3.88591790873532
988.0,25.0,-5.893279281077664,-2.535712,-4.153676,-6.54819611254795
988.0,29.0,-0.3858573769913427,-5.340124,-6.713814,-1.0407742084616292
988.0,31.0,-6.166279756229509,-21.373613,-12.642418,-6.821196587699795
989.0,2.0,3.8483892960317974,3.63754,2.546048,2.5804530906714094
989.0,5.0,7.23405025802159,12.641172,12.833071,5.966114052661202
989.0,6.0,5.1716265783081745,-0.511734,-0.035706,3.9036903729477865
989.0,12.0,2.720242028974039,4.210899,3.48277,1.4523058236136508
989.0,19.0,6.62601230780791,9.930173,5.234849,5.358076102447522
989.0,24.0,-3.5361330593327267,6.214882,6.970642,-4.804069264693115
989.0,25.0,-5.783999956859846,-3.444284,-4.003944,-7.051936162220234
989.0,29.0,-0.750258701804075,-5.711565,-6.629618,-2.018194907164463
989.0,31.0,-8.643270441223754,-15.641783,-12.594173,-9.911206646584143
990.0,2.0,3.8567060697724997,1.425792,2.48361,3.466585948850893
990.0,5.0,6.798501186872581,10.87392,12.81136,6.408381065950975
990.0,6.0,5.456338864141591,-5.595214,-0.129721,5.066218743219984
990.0,12.0,2.5990521066591317,4.126727,3.457347,2.208931985737525
990.0,19.0,5.530233309146185,8.301311,5.142931,5.1401131882245785
990.0,24.0,-3.235154843944507,5.592136,7.041412,-3.6252749648661133
990.0,25.0,-5.894561482784952,-6.393906,-4.010512,-6.2846816037065585
990.0,29.0,-0.967742700555716,-4.353391,-6.584433,-1.3578628214773227
990.0,31.0,-9.342076082823422,-11.208697,-12.599147,-9.732196203745028
991.0,2.0,3.9924819821010438,2.34207,2.679361,4.252573285586575
991.0,5.0,6.545003457066091,11.537635,12.95322,6.805094760551622
991.0,6.0,4.197362185869242,-3.421133,-0.061927,4.457453489354773
991.0,12.0,2.510783547341422,1.084149,3.704979,2.770874850826953
991.0,19.0,3.3126947914824143,4.919228,5.130955,3.5727860949679453
991.0,24.0,-2.945297293574801,5.546733,7.196329,-2.68520599008927
991.0,25.0,-6.002148202371711,-4.54224,-3.80659,-5.74205689888618
991.0,29.0,-0.665227203346463,-6.011901,-6.43939,-0.405135899860932
992.0,2.0,3.9381529881128206,2.839551,2.722295,2.6973443874322403
992.0,5.0,6.672817553812624,11.576917,13.056017,5.432008953132044
992.0,6.0,4.1301962536054795,-0.290915,-0.068409,2.889387652924899
992.0,12.0,2.6288087272205747,0.242122,3.774192,1.3880001265399944
992.0,19.0,6.2217228954765815,3.518557,5.140759,4.980914294796001
992.0,24.0,-2.8534116436480295,10.279299,7.286982,-4.09422024432861
992.0,25.0,-5.904994607948476,-4.361795,-3.788001,-7.145803208629056
992.0,29.0,0.032624488940708574,-8.04447,-6.439146,-1.2081841117398717
992.0,31.0,-7.436944687925951,-16.123162,-12.686488,-8.677753288606532
993.0,2.0,3.9062228002699158,2.541711,2.55695,3.579704390505945
993.0,5.0,6.994451234591555,13.833299,12.985437,6.667932824827584
993.0,6.0,4.578509164135522,1.585962,-0.155378,4.251990754371551
993.0,12.0,2.679065158704516,6.617363,3.589356,2.352546748940545
993.0,19.0,6.94036528529729,-3.823748,5.137702,6.613846875533319
993.0,24.0,-3.196388065142581,13.071406,7.219391,-3.5229064749065517
993.0,25.0,-5.826527227612674,0.425807,-3.960349,-6.1530456373766445
993.0,29.0,-0.048977837021423554,-3.233635,-6.559906,-0.3754962467853944
993.0,31.0,-9.840063602355862,-15.371972,-12.72805,-10.166582012119832
994.0,2.0,3.7953872442039653,5.672272,2.523663,4.128735660241832
994.0,5.0,7.190222092391895,14.306624,12.998053,7.523570508429762
994.0,6.0,4.9280962751306205,-0.653301,-0.171443,5.261444691168487
994.0,12.0,2.741876977031044,2.300026,3.552515,3.07522539306891
994.0,19.0,5.238071739643484,6.20022,5.156915,5.57142015568135
994.0,24.0,-3.3364046706506714,9.736618,7.212936,-3.0030562546128055
994.0,25.0,-5.828721237988806,-1.481598,-4.012972,-5.495372821950941
994.0,29.0,-0.18455177158435987,-5.657774,-6.610693,0.14879664445350604
994.0,31.0,-10.634336464006093,-18.383833,-12.767668,-10.300988047968227
995.0,2.0,3.7168475587778076,1.814849,2.462901,5.402889435921649
995.0,5.0,7.085624932687299,11.294995,12.978452,8.77166680983114
995.0,6.0,4.765207352227661,-1.505738,-0.214779,6.451249229371502
995.0,12.0,2.645232765901829,3.253391,3.494128,4.331274643045671
995.0,19.0,2.816889936720388,6.170011,5.142901,4.50293181386423
995.0,24.0,-3.5123727755970973,6.057404,7.208255,-1.8263308984532554
995.0,25.0,-5.939376633866884,-4.643967,-4.067927,-4.253334756723042
995.0,29.0,-0.857969634460547,-4.734509,-6.643088,0.8280722426832949
995.0,31.0,-11.33050423964483,-16.062397,-12.787121,-9.644462362500988
996.0,2.0,3.7665746429397995,0.070631,2.478601,4.9992094161618885
996.0,5.0,7.404904027905303,9.106357,13.000208,8.637538801127393
996.0,6.0,5.076153430868224,0.632651,-0.217405,6.308788204090313
996.0,12.0,2.7812174774100065,-0.611663,3.521886,4.0138522506320955
996.0,19.0,3.117570278560981,6.427699,5.137006,4.35020505178307
996.0,24.0,-3.2852114647341155,9.784328,7.23723,-2.0525766915120265
996.0,25.0,-5.634772044313545,-4.528301,-4.048518,-4.402137271091456
996.0,29.0,0.5304888060499282,-8.900105,-6.628244,1.7631235792720175
996.0,31.0,-11.35351182795613,-16.776083,-12.797406,-10.12087705473404
997.0,2.0,3.8492550138866015,-1.797128,2.477091,5.286853992880944
997.0,5.0,6.823650413225245,11.900255,13.017237,8.261249392219588
997.0,6.0,4.656462473645153,-8.10622,-0.29701,6.094061452639496
997.0,12.0,2.6162192759557703,-0.739743,3.577748,4.053818254950113
997.0,19.0,2.502139565255158,4.522357,5.027358,3.9397385442495008
997.0,24.0,-2.8696092127147663,8.136778,7.364509,-1.4320102337204237
997.0,25.0,-5.826158917044045,-6.295458,-3.981833,-4.388559938049702
997.0,29.0,-0.4283633769366766,-6.460281,-6.522647,1.009235602057666
997.0,31.0,-10.59263086016994,-20.835527,-12.796894,-9.155031881175598
998.0,2.0,3.795817330300194,1.956745,2.507528,5.29290476183794
998.0,5.0,6.833109807366572,12.694605,13.07179,8.330197238904319
998.0,6.0,4.525570398036592,-1.919004,-0.357546,6.022657829574339
998.0,12.0,2.501924882373382,2.580089,3.667591,3.9990123139111287
998.0,19.0,2.309660483394536,7.898529,4.936877,3.8067479149322825
998.0,24.0,-2.6715801930637926,4.706554,7.509206,-1.174492761526046
998.0,25.0,-5.967730637250287,-5.546171,-3.899916,-4.47064320571254
998.0,29.0,-0.8095480336566769,-7.52468,-6.418832,0.6875393978810695
998.0,31.0,-9.029347033906683,-19.190244,-12.816493,-7.532259602368937
999.0,2.0,3.772658380410302,2.268783,2.484547,4.885653692649003
999.0,5.0,7.141480237465785,10.414373,13.09416,8.254475549704486
999.0,6.0,4.8086636917819945,-3.792066,-0.360649,5.921659004020695
999.0,12.0,2.661310348828211,5.013012,3.63707,3.7743056610669115
999.0,19.0,2.603620071940467,6.34828,4.971374,3.7166153841791676
999.0,24.0,-3.1587334046144386,8.886433,7.497201,-2.0457380923757382
999.0,25.0,-5.758763962301478,-0.862203,-3.952733,-4.645768650062777
999.0,29.0,-0.45353560540186244,-5.513175,-6.478694,0.6594597068368377
999.0,31.0,-9.763193678676972,-13.099282,-12.861737,-8.650198366438271
1000.0,2.0,3.7756749870587942,-3.427153,2.406677,5.502405476321199
1000.0,5.0,6.92206575656915,8.441458,13.046608,8.648796245831555
1000.0,6.0,4.549014129927489,-5.334872,-0.359029,6.275744619189894
1000.0,12.0,2.5776078180444024,-0.995816,3.522035,4.304338307306807
1000.0,19.0,2.2750540983408625,4.604117,5.027486,4.001784587603267
1000.0,24.0,-2.9202983626193744,4.220598,7.395828,-1.1935678733569697
1000.0,25.0,-5.967047374408073,-8.139118,-4.065091,-4.240316885145669
1000.0,29.0,-0.4130868669016916,-8.109817,-6.588924,1.313643622360713
1000.0,31.0,-10.549062366863678,-13.47266,-12.876157,-8.822331877601274
1001.0,2.0,3.815815537951952,-0.890353,2.477295,3.2838476418287494
1001.0,5.0,6.7581116794575244,11.336107,13.103667,6.226143783334322
1001.0,6.0,4.3725873525192736,-1.480306,-0.316157,3.840619456396071
1001.0,12.0,2.4983371758163377,3.049528,3.600139,1.9663692796931351
1001.0,19.0,6.418291153282182,5.448663,5.056028,5.886323257158979
1001.0,24.0,-2.747046427419938,16.636109,7.425676,-3.279014323543141
1001.0,25.0,-5.944443154808628,-6.209564,-4.012096,-6.47641105093183
1001.0,29.0,-0.8662167533725516,-5.876781,-6.570479,-1.3981846494957542
1001.0,31.0,-9.67909648266117,-20.355991,-12.890594,-10.211064378784371
1002.0,2.0,3.7756659753813313,1.970026,2.491938,3.624329283636435
1002.0,5.0,6.999288932063369,11.852225,13.092789,6.847952240318472
1002.0,6.0,4.655866852564849,-2.951544,-0.343069,4.504530160819952
1002.0,12.0,2.554813809722037,3.218013,3.644382,2.403477117977141
1002.0,19.0,5.944720918020177,10.574643,4.993436,5.793384226275281
1002.0,24.0,-3.11534019406288,3.144839,7.480241,-3.2666768858077764
1002.0,25.0,-5.816992412050329,-4.46105,-3.948201,-5.9683291037952255
1002.0,29.0,-1.0769603584884475,-4.614538,-6.490346,-1.2282970502333437
1002.0,31.0,-10.17510587836093,-14.16628,-12.857405,-10.326442570105826
1003.0,2.0,3.9119338427500274,4.779035,2.397343,4.039496976007875
1003.0,5.0,6.673229535361649,13.247147,12.949363,6.800792668619497
1003.0,6.0,4.383697841280263,2.174451,-0.377398,4.511260974538111
1003.0,12.0,2.5178128040059375,6.537572,3.531965,2.645375937263785
1003.0,19.0,6.1592188745400165,5.321853,4.951955,6.286782007797864
1003.0,24.0,-2.666369751298845,2.835655,7.384982,-2.5388066180409976
1003.0,25.0,-5.8853565789730204,-1.063144,-3.990754,-5.757793445715173
1003.0,29.0,-0.6684876523430026,-1.604274,-6.490272,-0.5409245190851553
1003.0,31.0,-11.113792355612247,-13.70576,-12.766043,-10.9862292223544
1004.0,2.0,3.8407631523313004,7.695411,2.519925,3.622086529850762
1004.0,5.0,6.962664513246445,15.158669,12.882525,6.743987890765906
1004.0,6.0,4.792928644508127,0.110268,-0.314627,4.574252022027588
1004.0,12.0,2.645898188129932,7.297852,3.678372,2.4272215656493934
1004.0,19.0,5.84125082906767,7.853532,4.879342,5.622574206587132
1004.0,24.0,-2.782256642787794,5.634053,7.399987,-3.0009332652683325
1004.0,25.0,-5.761126301139812,1.720704,-3.775551,-5.97980292362035
1004.0,29.0,-0.20727227002169357,-3.474513,-6.28997,-0.4259488925022321
1004.0,31.0,-9.903090606214345,-12.122396,-12.595827,-10.121767228694884
1005.0,2.0,3.5926835086353535,2.839164,2.405656,3.847795294020411
1005.0,5.0,7.099684836886192,12.890705,12.733036,7.35479662227125
1005.0,6.0,4.7352131164277935,-0.608596,-0.416134,4.990324901812851
1005.0,12.0,2.5962674022400414,5.865555,3.583464,2.851379187625099
1005.0,19.0,4.948114717326252,6.904751,4.750996,5.20322650271131
1005.0,24.0,-2.700617536573304,7.804262,7.384828,-2.445505751188246
1005.0,25.0,-5.822162004587755,-1.025452,-3.784251,-5.567050219202697
1005.0,29.0,-1.1159416822802388,-7.146188,-6.217996,-0.8608298968951811
1005.0,31.0,-11.093269780305153,-9.937285,-12.496889,-10.838157994920095
1006.0,2.0,3.594344363499978,1.80488,2.36585,3.4398538356385955
1006.0,5.0,7.077634353015487,12.435145,12.572849,6.923143825154105
1006.0,6.0,4.844556143741588,-3.508867,-0.425096,4.690065615880206
1006.0,12.0,2.6022817339464,1.87755,3.536614,2.4477912060850175
1006.0,19.0,4.754296976022349,1.496817,4.680483,4.599806448160967
1006.0,24.0,-2.6724430756389905,10.971714,7.304268,-2.826933603500373
1006.0,25.0,-5.892174738692149,-1.691597,-3.738106,-6.046665266553532
1006.0,29.0,-1.5090551479130383,-6.449072,-6.136116,-1.663545675774421
1006.0,31.0,-10.3788027766096,-9.770788,-12.344062,-10.533293304470982
1007.0,2.0,3.9476511956984073,1.960641,2.206118,2.7941493330305525
1007.0,5.0,7.162624189099528,13.796043,12.363262,6.009122326431673
1007.0,6.0,4.94281911293513,-5.159268,-0.478959,3.789317250267275
1007.0,12.0,2.7769382601624324,-0.068422,3.340813,1.6234363974945778
1007.0,19.0,6.388585219812779,5.040077,4.636191,5.235083357144924
1007.0,24.0,-2.4829022599884985,1.439112,7.147203,-3.6364041226563533
1007.0,25.0,-5.849874358675166,0.755406,-3.838233,-7.003376221343021
1007.0,29.0,-0.14706658372626258,-7.985495,-6.17199,-1.3005684463941172
1007.0,31.0,-7.164814921073136,-13.168333,-12.229028,-8.31831678374099
1008.0,2.0,3.6962889452939187,1.588168,2.124857,2.1935401812585167
1008.0,5.0,7.025064316527427,12.185142,12.292378,5.522315552492024
1008.0,6.0,4.741411483692474,-3.165131,-0.551207,3.238662719657072
1008.0,12.0,2.7219434652402406,3.429825,3.273085,1.2191947012048385
1008.0,19.0,6.957707391513544,9.102805,4.567194,5.454958627478142
1008.0,24.0,-2.5458136150349633,9.058584,7.148361,-4.048562379070365
1008.0,25.0,-5.993147892708145,-5.852192,-3.868002,-7.495896656743547
1008.0,29.0,-0.5663565544248561,-5.577792,-6.15281,-2.069105318460258
1008.0,31.0,-5.93867898336014,-14.894753,-12.199697,-7.441427747395542
1009.0,2.0,3.813302900772861,2.628102,2.145153,2.2490789344492503
1009.0,5.0,7.194639717201177,11.506639,12.323294,5.6304157508775665
1009.0,6.0,4.884526463762102,-4.559077,-0.559637,3.320302497438491
1009.0,12.0,2.8538030710522655,1.128561,3.311635,1.289579104728655
1009.0,19.0,6.76579188718523,8.365939,4.553175,5.20156792086162
1009.0,24.0,-2.5632222580311432,3.489241,7.194152,-4.127446224354754
1009.0,25.0,-5.841611372990364,-5.439188,-3.840479,-7.405835339313975
1009.0,29.0,-2.1088419353022436,-5.130333,-6.128334,-3.6730659016258542
1010.0,2.0,3.7789192622132273,2.087338,2.173884,3.5541727174766065
1010.0,5.0,7.220151896511908,9.592164,12.343538,6.995405351775287
1010.0,6.0,4.217467310424961,-2.365113,-0.501961,3.9927207656883406
1010.0,12.0,2.7941800464832642,1.073283,3.316701,2.5694335017466434
1010.0,19.0,4.563112489358174,5.886752,4.625734,4.338365944621553
1010.0,24.0,-2.9404729344796365,8.374167,7.143896,-3.1652194792162573
1010.0,25.0,-5.886445681380092,-3.968517,-3.855492,-6.111192226116713
1010.0,29.0,-1.3230336383164514,-5.316264,-6.18071,-1.5477801830530722
1010.0,31.0,-7.071276022026812,-16.571954,-12.227992,-7.296022566763432
1011.0,2.0,3.7152324766252036,0.552441,2.203185,3.584726945273622
1011.0,5.0,7.012821195455697,7.546241,12.333926,6.882315664104115
1011.0,6.0,4.436260178300131,-2.065213,-0.415798,4.305754646948549
1011.0,12.0,2.679549315267254,-0.34568,3.30334,2.549043783915672
1011.0,19.0,4.207059497406334,5.736903,4.723085,4.076553966054752
1011.0,24.0,-2.6896982533305236,3.676501,7.040702,-2.8202037846821053
1011.0,25.0,-6.013127234594633,-9.156812,-3.877366,-6.143632765946215
1011.0,29.0,-1.4904920598880063,-5.488802,-6.249274,-1.620997591239588
1012.0,2.0,3.6849626517848098,1.834178,2.119179,3.3881967211946797
1012.0,5.0,7.148890616955423,13.193808,12.311693,6.852124686365293
1012.0,6.0,4.927511622908376,-4.394322,-0.485613,4.630745692318246
1012.0,12.0,2.653585137850463,-0.054673,3.228415,2.356819207260333
1012.0,19.0,4.374581431436155,0.519164,4.691073,4.077815500846025
1012.0,24.0,-2.6545718480542138,10.209854,7.051115,-2.9513377786443438
1012.0,25.0,-5.8987089184648855,-5.111569,-3.947941,-6.1954748490550156
1012.0,29.0,-1.0890102057683997,-7.312823,-6.283279,-1.3857761363585297
1012.0,31.0,-7.606233045056191,-7.068822,-12.244025,-7.902998975646321
1013.0,2.0,3.820572136400232,-1.118036,1.992411,4.014621997867108
1013.0,5.0,6.9359498816022125,10.015111,12.272667,7.129999743069089
1013.0,6.0,4.56015131827078,-2.836737,-0.57432,4.754201179737656
1013.0,12.0,2.6851528507943563,0.396909,3.102427,2.8792027122612325
1013.0,19.0,4.358098381424549,2.804098,4.664509,4.552148242891425
1013.0,24.0,-2.3477703598583246,10.063937,7.039078,-2.1537204983914484
1013.0,25.0,-5.9470313129702665,-4.424222,-4.0684,-5.75298145150339
1013.0,29.0,-1.2183180106105578,-7.352987,-6.355579,-1.0242681491436816
1013.0,31.0,-8.954793764896216,-12.838577,-12.288024,-8.76074390342934
1014.0,2.0,3.791754968265053,3.186475,1.989811,4.76947311360145
1014.0,5.0,7.116776775450376,13.977052,12.306323,8.094494920786772
1014.0,6.0,4.906740570734378,-7.215842,-0.617373,5.884458716070775
1014.0,12.0,2.7718552027949404,2.953752,3.130644,3.749573348131337
1014.0,19.0,3.410902318283636,4.816671,4.62288,4.3886204636200326
1014.0,24.0,-2.450649397693063,4.791073,7.114361,-1.4729312523566664
1014.0,25.0,-5.82074490115746,-1.599186,-4.051205,-4.843026755821064
1014.0,29.0,-0.6970735724107939,-5.236824,-6.324095,0.2806445729256024
1014.0,31.0,-10.41724561606387,-11.73396,-12.317446,-9.439527470727473
1015.0,2.0,3.738699875367729,3.633385,1.901184,4.257651045470833
1015.0,5.0,7.01518212338461,11.367611,12.263664,7.534133293487715
1015.0,6.0,4.780270225746467,-0.650068,-0.693779,5.299221395849571
1015.0,12.0,2.7091561510180417,3.967718,3.053952,3.2281073211211466
1015.0,19.0,3.584091087137656,7.331155,4.572862,4.1030422572407605
1015.0,24.0,-2.323250712081518,5.532331,7.123378,-1.8042995419784131
1015.0,25.0,-5.995761334223327,-0.582492,-4.109971,-5.476810164120222
1015.0,29.0,-1.580156631026913,-5.147782,-6.338365,-1.0612054609238082
1015.0,31.0,-9.2009292855607,-17.383478,-12.326436,-8.681978115457596
1016.0,2.0,3.705053182649454,2.281732,1.969643,4.34997799189602
1016.0,5.0,7.109486267368135,13.464639,12.265942,7.754411076614701
1016.0,6.0,5.017484290002367,-3.650234,-0.609915,5.662409099248933
1016.0,12.0,2.7052907993665585,4.877707,3.101218,3.3502156086131247
1016.0,19.0,3.716699980847368,5.6838,4.632771,4.361624790093934
1016.0,24.0,-2.3109787668144017,3.417948,7.069793,-1.6660539575678355
1016.0,25.0,-5.97046563809268,-1.752673,-4.064385,-5.325540828846114
1016.0,29.0,-1.1504315175465503,-3.968908,-6.338222,-0.505506708299984
1016.0,31.0,-8.930459186913717,-16.594845,-12.290336,-8.285534377667151
1017.0,2.0,3.7836347077274617,-2.833772,2.04167,4.180282807543243
1017.0,5.0,7.288836955876047,10.353814,12.287142,7.685485055691828
1017.0,6.0,5.392718167491378,-5.300015,-0.546288,5.789366267307159
1017.0,12.0,2.7255650564778904,-0.664702,3.167666,3.1222131562936717
1017.0,19.0,3.7934964995081337,1.194341,4.66945,4.190144599323915
1017.0,24.0,-2.412342112065626,12.091456,7.057302,-2.0156940122498446
1017.0,25.0,-5.891268377862306,-6.058092,-4.004894,-5.494620278046525
1017.0,29.0,0.30032317471157377,-9.144938,-6.316787,0.6969712745273549
1017.0,31.0,-8.190262494949035,-10.868476,-12.267432,-7.793614395133254
1018.0,2.0,3.7463435140319543,0.785601,2.025287,4.659197357406977
1018.0,5.0,7.065268657850385,11.559882,12.287897,7.978122501225408
1018.0,6.0,4.8731604979194945,-0.614776,-0.56048,5.786014341294517
1018.0,12.0,2.7096193374520894,1.273018,3.155496,3.622473180827112
1018.0,19.0,3.439374999776975,4.037502,4.66642,4.352228843151997
1018.0,24.0,-2.359863295410663,8.959659,7.062633,-1.4470094520356405
1018.0,25.0,-6.000504259197746,-6.770729,-4.019756,-5.087650415822724
1018.0,29.0,-1.323936680865426,-8.186313,-6.327136,-0.41108283749040364
1018.0,31.0,-8.999045319278133,-10.793634,-12.27893,-8.08619147590311
1019.0,2.0,3.8488521903221713,2.629299,1.992923,3.5353499092956744
1019.0,5.0,7.190363531561465,12.832866,12.323957,6.876861250534968
1019.0,6.0,5.065893917791151,-2.479494,-0.593448,4.752391636764654
1019.0,12.0,2.891717387138371,2.905364,3.131471,2.578215106111874
1019.0,19.0,4.989822521740969,5.482687,4.673289,4.676320240714472
1019.0,24.0,-2.1206378123496346,6.239135,7.091223,-2.434140093376131
1019.0,25.0,-5.870054652871277,-2.097647,-4.069943,-6.183556933897774
1019.0,29.0,-1.488229741188091,-6.273707,-6.371224,-1.8017320222145876
1019.0,31.0,-8.116442646584167,-13.132295,-12.340606,-8.429944927610663
1020.0,2.0,3.6839522663753037,1.450318,1.975057,6.3198476591993185
1020.0,5.0,7.131283373491293,11.929045,12.335937,9.767178766315308
1020.0,6.0,4.970487367970428,-6.743634,-0.641332,7.6063827607944425
1020.0,12.0,4.084169100467488,0.266035,3.140598,6.720064493291503
1020.0,19.0,2.8636184931289748,3.015496,4.626805,5.4995138859529895
1020.0,24.0,-2.382896932857795,5.606837,7.150434,0.2529984599662196
1020.0,25.0,-6.145418119160083,-2.532902,-4.061696,-3.509522726336068
1020.0,29.0,-2.669275679461268,-3.707259,-6.342201,-0.03338028663725323
1020.0,31.0,-11.463552528287199,-16.061971,-12.357232,-8.827657135463184
1021.0,2.0,3.6658213441297,1.051988,1.96001,6.903502094227642
1021.0,5.0,7.0673497924186695,10.509439,12.325097,10.305030542516612
1021.0,6.0,4.531628841642302,-5.036445,-0.630197,7.769309591740244
1021.0,12.0,3.9297902815594092,3.079518,3.112879,7.167471031657351
1021.0,19.0,2.1863870985781553,7.129901,4.654263,5.424067848676097
1021.0,24.0,-2.511296338700702,5.005664,7.114526,0.7263844113972402
1021.0,25.0,-6.302237679291263,-2.875643,-4.09135,-3.064556929193321
1021.0,29.0,-3.080869199707834,-4.630921,-6.378883,0.15681155039010797
1021.0,31.0,-11.522700198833544,-15.533774,-12.361044,-8.285019448735602
1022.0,2.0,3.5971324865446643,6.064927,1.87266,6.333833640484602
1022.0,5.0,7.161262686196208,14.720341,12.293054,9.897963840136146
1022.0,6.0,5.026351830691375,-2.088287,-0.675367,7.7630529846313125
1022.0,12.0,4.034270821291134,2.867677,3.015824,6.770971975231071
1022.0,19.0,3.319641811112076,6.186366,4.657817,6.056342965052013
1022.0,24.0,-2.510282253502763,4.094239,7.080569,0.2264189004371744
1022.0,25.0,-6.204059535047675,-0.210725,-4.186092,-3.4673583811077373
1022.0,29.0,-3.280094004582036,-5.18893,-6.44897,-0.5433928506420989
1022.0,31.0,-11.539212152583637,-13.465388,-12.389888,-8.802510998643701
1023.0,2.0,3.652290545533523,3.243039,1.838283,6.148249337805955
1023.0,5.0,7.233476431484021,8.953008,12.221308,9.729435223756454
1023.0,6.0,4.780341012073794,0.842037,-0.652105,7.276299804346226
1023.0,12.0,4.095070063991091,3.75615,2.951687,6.591028856263523
1023.0,19.0,3.440643674557574,5.213637,4.686367,5.9366024668300055
1023.0,24.0,-2.449647105134351,10.918514,6.985349,0.046311687138080426
1023.0,25.0,-6.217049235509421,-2.088914,-4.222639,-3.7210904432369896
1023.0,29.0,-3.280421305033041,-3.023236,-6.486868,-0.7844625127606095
1023.0,31.0,-11.520264755727037,-15.635309,-12.343831,-9.024305963454605
1024.0,2.0,3.6602500145864596,2.185088,1.86976,6.614802568725169
1024.0,5.0,7.309134560963079,11.659052,12.185867,10.263687115101789
1024.0,6.0,5.054342837352758,-3.222857,-0.656665,8.008895391491468
1024.0,12.0,4.159393122975558,0.70246,3.006177,7.113945677114268
1024.0,19.0,2.484993197763618,6.023849,4.625114,5.439545751902328
1024.0,24.0,-2.322709369605343,10.110634,7.015412,0.6318431845333672
1024.0,25.0,-6.151393766008836,-2.558821,-4.132734,-3.1968412118701255
1024.0,29.0,-2.0274955901161418,-7.778338,-6.386648,0.9270569640225683
1024.0,31.0,-11.367932565639414,-17.097533,-12.272933,-8.413380011500704
1025.0,2.0,3.7233012821683698,-1.301771,1.878447,6.222608558152075
1025.0,5.0,7.176264640822916,8.569133,12.138921,9.675571916806621
1025.0,6.0,5.0309913172302565,-5.976219,-0.599876,7.530298593213962
1025.0,12.0,3.8778166842998303,-0.977664,2.982968,6.3771239602835355
1025.0,19.0,2.698667685573186,5.319157,4.675463,5.197974961556891
1025.0,24.0,-2.387126715405075,9.323341,6.923011,0.11218056057863013
1025.0,25.0,-6.194179436095299,-8.040169,-4.138855,-3.6948721601115935
1025.0,29.0,-1.725236633565462,-7.327041,-6.415651,0.7740706424182431
1025.0,31.0,-10.16145943495607,-16.664947,-12.226107,-7.662152158972365
1026.0,2.0,3.7404171666921116,1.795058,1.951808,6.528379808878736
1026.0,5.0,7.082790903915843,11.003218,12.156413,9.870753546102467
1026.0,6.0,4.689386723386818,-3.970408,-0.49421,7.477349365573442
1026.0,12.0,4.015944436140202,0.613509,3.021681,6.8039070783268265
1026.0,19.0,2.8417970849458962,4.707412,4.77328,5.62975972713252
1026.0,24.0,-2.5811859907085672,13.246994,6.846027,0.2067766514780569
1026.0,25.0,-6.232178013236247,-7.308011,-4.116237,-3.444215371049623
1026.0,29.0,-3.1360379332122856,-6.860227,-6.453602,-0.3480752910256615
1026.0,31.0,-10.779079507416672,-16.660755,-12.209229,-7.9911168652300475
1027.0,2.0,3.794856784591836,3.559176,1.895656,5.3946401240285695
1027.0,5.0,7.3465108941523525,12.843137,12.142862,8.946294233589086
1027.0,6.0,5.078605028095971,0.537258,-0.525516,6.678388367532705
1027.0,12.0,4.168185471736685,2.09504,2.961639,5.767968811173418
1027.0,19.0,3.921209912842002,4.238228,4.776874,5.5209932522787355
1027.0,24.0,-2.2774727611503396,5.712059,6.830405,-0.6776894217136058
1027.0,25.0,-6.104920604220428,-6.339464,-4.17896,-4.505137264783695
1027.0,29.0,-1.7765956011944697,-7.150362,-6.501536,-0.1768122617577359
1027.0,31.0,-10.909178679858217,-9.823735,-12.235352,-9.309395340421483
1028.0,2.0,3.6659016425408026,2.723026,1.911439,6.127323953519232
1028.0,5.0,7.171382838948118,13.529048,12.160442,9.632805149926547
1028.0,6.0,4.889573292799906,-2.077393,-0.472486,7.350995603778335
1028.0,12.0,3.889759649231312,2.453896,2.950254,6.3511819602097415
1028.0,19.0,2.702832801154994,5.93198,4.854233,5.164255112133423
1028.0,24.0,-2.761917390873051,3.051239,6.772591,-0.30049507989462176
1028.0,25.0,-6.279679522651485,-4.374372,-4.21198,-3.818257211673056
1028.0,29.0,-2.814498849081964,-5.246369,-6.569346,-0.35307653810353434
1028.0,31.0,-10.193015268112314,-16.757771,-12.256013,-7.731592957133884
1029.0,2.0,3.7520118655475194,1.123347,1.872949,6.1470066041475535
1029.0,5.0,7.07566322935708,11.097341,12.156455,9.470657967957113
1029.0,6.0,4.873706880821368,-1.550108,-0.482787,7.268701619421402
1029.0,12.0,3.758730886209163,1.139389,2.901903,6.153725624809197
1029.0,19.0,2.716588626561805,6.298922,4.877609,5.111583365161839
1029.0,24.0,-2.329164229220696,1.978817,6.746826,0.06583050937933788
1029.0,25.0,-6.191584438861391,-5.822966,-4.269033,-3.7965897002613573
1029.0,29.0,-2.2172505629382235,-5.957489,-6.624375,0.17774417566181056
1029.0,31.0,-9.217262061360774,-15.349509,-12.283149,-6.82226732276074
1030.0,2.0,3.6924727736944725,1.043351,1.840304,4.9271173087207325
1030.0,5.0,7.337440406574824,11.404346,12.18545,8.572084941601084
1030.0,6.0,4.92334727855086,-4.316498,-0.571118,6.15799181357712
1030.0,12.0,3.9270413350138913,2.823727,2.916941,5.161685870040151
1030.0,19.0,3.6545412688622374,3.69327,4.79494,4.889185803888497
1030.0,24.0,-2.3971900123192738,9.739634,6.857987,-1.1625454772930137
1030.0,25.0,-6.058826158450888,-6.922559,-4.259728,-4.824181623424628
1030.0,29.0,-2.365397171339834,-4.742119,-6.576545,-1.130752636313574
1030.0,31.0,-7.5275373045016885,-12.698494,-12.321693,-6.292892769475428
1031.0,2.0,3.692103078391261,0.509625,1.729459,6.142437672501149
1031.0,5.0,7.279566629231024,10.250606,12.125385,9.729901223340912
1031.0,6.0,4.858285857446411,-2.585639,-0.642117,7.308620451556299
1031.0,12.0,3.8431069612715483,-0.610118,2.803171,6.2934415553814365
1031.0,19.0,2.694332591442131,5.028722,4.765939,5.144667185552018
1031.0,24.0,-2.293083932953993,9.665943,6.829589,0.1572506611558948
1031.0,25.0,-6.194130742093959,-7.086198,-4.353909,-3.7437961479840713
1031.0,29.0,-1.8490492778852685,-9.159484,-6.626756,0.6012853162246192
1031.0,31.0,-10.730083105005415,-12.250921,-12.332344,-8.279748510895526
1032.0,2.0,3.5778236633352662,1.819966,1.742496,5.764250712706406
1032.0,5.0,7.271212796201922,11.429727,12.137873,9.457639845573063
1032.0,6.0,4.903869388601505,0.716467,-0.63149,7.090296437972645
1032.0,12.0,3.7638763597492417,1.946168,2.817785,5.950303409120382
1032.0,19.0,3.2739578654977795,5.79704,4.777542,5.46038491486892
1032.0,24.0,-2.0429836582835605,-1.642572,6.832307,0.14344339108757964
1032.0,25.0,-6.138354828544789,-0.960258,-4.346347,-3.9519277791736487
1032.0,29.0,-2.7968896051052834,-2.817439,-6.629322,-0.6104625557341432
1032.0,31.0,-11.189941273873576,-18.473224,-12.337879,-9.003514224502435
1033.0,2.0,3.5720829888651906,2.564464,1.79133,5.23504993743042
1033.0,5.0,7.180588756578359,13.201021,12.158225,8.843555705143588
1033.0,6.0,4.9201176294771685,-1.341557,-0.618714,6.583084578042397
1033.0,12.0,3.685837190679635,0.908293,2.884985,5.348804139244864
1033.0,19.0,3.705846043560083,6.306889,4.759573,5.368812992125312
1033.0,24.0,-2.01031698773675,3.880974,6.872566,-0.34735003917152163
1033.0,25.0,-6.172593605233899,-2.035427,-4.279077,-4.5096266566686705
1033.0,29.0,-2.627858472893146,-6.900025,-6.572892,-0.9648915243279172
1033.0,31.0,-10.848692218336655,-17.206383,-12.320748,-9.185725269771426
1034.0,2.0,3.724303338593966,4.058995,1.887917,5.492237021147988
1034.0,5.0,6.967423343175138,11.255466,12.218239,8.73535702572916
1034.0,6.0,4.707813520311902,0.385385,-0.603264,6.475747202865923
1034.0,12.0,3.486781709024621,2.016558,3.021836,5.254715391578642
1034.0,19.0,4.1933708712675735,5.880181,4.7201,5.961304553821595
1034.0,24.0,-1.6577855058934876,9.862898,6.972784,0.11014817666053389
1034.0,25.0,-6.280601955565592,-2.448974,-4.151752,-4.51266827301157
1034.0,29.0,-2.7592570855202636,-6.699534,-6.463864,-0.9913234029662421
1034.0,31.0,-11.409788577348584,-13.21254,-12.307145,-9.641854894794562
1035.0,2.0,3.588845393072422,0.976331,1.98514,4.7721619930787975
1035.0,5.0,7.391220705303143,11.654302,12.217102,8.57453730530952
1035.0,6.0,5.092349229741776,-3.595003,-0.515008,6.275665829748152
1035.0,12.0,3.6981588374706273,0.845799,3.109358,4.881475437477003
1035.0,19.0,6.129079920579542,3.700984,4.754103,7.312396520585918
1035.0,24.0,-1.866298806600435,14.692823,6.941721,-0.6829822065940592
1035.0,25.0,-6.106099112337477,-4.92905,-4.054353,-4.922782512331101
1035.0,29.0,-2.644249358542722,-7.433308,-6.411463,-1.4609327585363463
1035.0,31.0,-11.454000393252,-14.638921,-12.24218,-10.270683793245624
1036.0,2.0,3.7048872945461735,1.795408,1.845233,6.134404951018713
1036.0,5.0,7.041970570415014,10.431834,12.03815,9.471488226887553
1036.0,6.0,4.548189170889675,-1.500702,-0.560405,6.977706827362214
1036.0,12.0,3.4058564886518123,0.52144,2.935919,5.8353741451243515
1036.0,19.0,3.121506034154878,5.063027,4.720935,5.551023690627417
1036.0,24.0,-1.9533603888810926,11.034452,6.803861,0.47615726759144694
1036.0,25.0,-6.116063982683762,-5.366301,-4.148008,-3.686546326211223
1036.0,29.0,-2.7753357439487947,-7.81082,-6.450274,-0.3458180874762551
1036.0,31.0,-11.399272624798014,-13.648371,-12.148341,-8.969754968325475
1037.0,2.0,3.7286594192906932,5.910712,1.817824,5.276891170525076
1037.0,5.0,7.333748654863509,12.923288,12.006225,8.881980406097892
1037.0,6.0,4.871277522381,1.170664,-0.561559,6.4195092736153825
1037.0,12.0,3.661936205358355,5.30781,2.898476,5.210167956592738
1037.0,19.0,3.6038094420688775,7.053378,4.729257,5.15204119330326
1037.0,24.0,-1.8792517321496613,7.313876,6.766767,-0.33101998091527873
1037.0,25.0,-5.905788825820956,-6.405871,-4.174484,-4.357557074586573
1037.0,29.0,-1.9646752282849418,-3.859015,-6.472766,-0.4164434770505592
1037.0,31.0,-10.142086488756632,-13.916583,-12.135647,-8.59385473752225
1038.0,2.0,3.6303544810282915,0.979127,1.766781,4.9383760919625335
1038.0,5.0,7.279630644220946,7.617328,11.978272,8.587652255155188
1038.0,6.0,4.770151448046068,-1.34232,-0.62365,6.07817305898031
1038.0,12.0,3.618359310508305,0.718314,2.868357,4.926380921442547
1038.0,19.0,2.86705577753561,3.921039,4.670943,4.175077388469852
1038.0,24.0,-1.7055859567427802,8.528017,6.799273,-0.3975643458085387
1038.0,25.0,-6.006728739286084,-8.109459,-4.187176,-4.698707128351842
1038.0,29.0,-2.411201338786296,-4.960904,-6.449933,-1.1031797278520545
1038.0,31.0,-6.784467949233891,-12.727167,-12.131997,-5.476446338299649
1039.0,2.0,3.6410237665098997,-0.833381,1.751658,5.3362822811721875
1039.0,5.0,7.125196144378922,9.625114,11.938545,8.82045465904121
1039.0,6.0,5.009404253636369,-6.611907,-0.614416,6.704662768298657
1039.0,12.0,3.4253067065196774,-2.041896,2.842321,5.120565221181965
1039.0,19.0,2.7858643039690865,2.865848,4.677433,4.481122818631374
1039.0,24.0,-1.6514121615954425,8.260419,6.756793,0.04384635306684537
1039.0,25.0,-6.088633472830019,-7.070062,-4.19569,-4.3933749581677315
1039.0,29.0,-2.50545598549242,-7.191509,-6.457681,-0.8101974708301323
1040.0,2.0,3.7139382429376653,4.286604,1.80092,5.233903400366442
1040.0,5.0,7.307268946698951,11.983324,11.940557,8.827234104127728
1040.0,6.0,5.010387846810515,-3.487156,-0.595037,6.530353004239291
1040.0,12.0,3.559065113741962,4.78799,2.905827,5.079030271170739
1040.0,19.0,2.8926960081987296,5.740676,4.657675,4.412661165627506
1040.0,24.0,-1.6280333182797175,7.791809,6.781173,-0.10806816085094129
1040.0,25.0,-6.014467858072171,-5.433554,-4.12174,-4.494502700643395
1040.0,29.0,-1.8238856872785156,-3.398409,-6.394034,-0.3039205298497394
1041.0,2.0,3.6542841320625996,1.663362,1.827329,5.022909825876662
1041.0,5.0,7.218080599104706,9.619357,11.927714,8.586706292918768
1041.0,6.0,4.879057315948346,-2.668098,-0.581181,6.247683009762408
1041.0,12.0,3.590825861584861,-1.584831,2.9389,4.959451555398923
1041.0,19.0,3.5713920318497507,3.402255,4.644229,4.940017725663813
1041.0,24.0,-1.5132154381211018,7.072037,6.784728,-0.14458974430703941
1041.0,25.0,-6.120593048372035,-3.55117,-4.075114,-4.751967354557973
1041.0,29.0,-2.760591961750164,-7.380067,-6.352692,-1.3919662679361018
1042.0,2.0,3.606637126236226,2.479126,1.755668,4.8924510371565315
1042.0,5.0,7.398298197172222,11.460132,11.841483,8.684112108092528
1042.0,6.0,5.055988333864853,-3.765576,-0.606944,6.341802244785159
1042.0,12.0,3.673321372856872,2.318666,2.852894,4.959135283777178
1042.0,19.0,3.217292358651072,4.93848,4.62729,4.5031062695713775
1042.0,24.0,-1.6386523008470864,9.021644,6.720294,-0.35283838992678107
1042.0,25.0,-6.012827021685524,-3.121961,-4.12336,-4.727013110765219
1042.0,29.0,-2.518212522376947,-6.795229,-6.373636,-1.2323986114566419
1042.0,31.0,-6.084992910473198,-11.552512,-11.987353,-4.799178999552892
1043.0,2.0,3.6390052693889885,1.923709,1.492329,5.169767389795995
1043.0,5.0,7.268318113909412,11.457956,11.64622,8.799080234316419
1043.0,6.0,5.118810305971579,-2.329236,-0.760741,6.649572426378585
1043.0,12.0,3.5415209502296605,-1.191652,2.569402,5.072283070636667
1043.0,19.0,3.296043851353435,5.836528,4.546976,4.826805971760441
1043.0,24.0,-1.5682743547600868,7.920702,6.61208,-0.03751223435308093
1043.0,25.0,-6.0390663186874445,-5.376565,-4.329829,-4.508304198280438
1043.0,29.0,-2.504131400422252,-9.111373,-6.468817,-0.973369280015246
1043.0,31.0,-8.926333281112868,-15.508864,-11.956633,-7.395571160705861
1044.0,2.0,5.070700242348144,-2.953597,1.629301,8.734176653632463
1044.0,5.0,6.866625036781288,7.255914,11.719656,10.530101448065608
1044.0,6.0,5.2533738849363125,-1.883994,-0.661948,8.91685029622063
1044.0,12.0,4.045051262217749,-6.017925,2.707979,7.708527673502068
1044.0,19.0,3.9110114987862623,0.99784,4.601842,7.574487910070581
1044.0,24.0,-0.6472153905684186,5.743725,6.63166,3.0162610207159
1044.0,25.0,-3.9858916238280333,-4.114713,-4.218949,-0.3224152125437145
1044.0,29.0,2.974366854832134,-8.707553,-6.423103,6.637843266116453
1044.0,31.0,-10.300076283520252,-11.471795,-11.945037,-6.636599872235933
1045.0,2.0,4.175306082879526,-2.324281,2.145333,-1.3850920295994928
1045.0,5.0,11.831630483286549,18.092835,12.03913,6.27123237080753
1045.0,6.0,5.762057570940861,-7.047249,-0.263766,0.20165945846184208
1045.0,12.0,4.362523021370432,-2.704235,3.203583,-1.1978750911085871
1045.0,19.0,8.916896920908304,13.650109,4.872368,3.3564988084292846
1045.0,24.0,1.2459995969574562,8.144273,6.676882,-4.314398515521563
1045.0,25.0,-5.672123943511103,-4.605439,-3.861957,-11.232522055990122
1045.0,29.0,-1.1260883966070354,-9.099487,-6.329897,-6.686486509086055
1045.0,31.0,-9.548138092566116,-15.18342,-11.9585,-15.108536205045136
1046.0,2.0,3.580535316893366,1.453838,2.276595,4.486950365830172
1046.0,5.0,7.423198693642613,13.208107,12.151507,8.329613742579419
1046.0,6.0,4.963970224819088,-0.969996,-0.183824,5.870385273755893
1046.0,12.0,3.550952129277066,2.828852,3.346133,4.457367178213872
1046.0,19.0,4.47810480308134,7.004571,4.92854,5.384519852018146
1046.0,24.0,-1.3168097414477464,1.243171,6.731987,-0.4103946925109412
1046.0,25.0,-5.958898317472679,-4.631046,-3.769222,-5.052483268535873
1046.0,29.0,-2.5967273326523657,-5.306613,-6.301113,-1.6903122837155604
1046.0,31.0,-10.344341258624379,-17.199389,-11.991869,-9.437926209687573
1047.0,2.0,3.7748423487725873,0.05271,2.14835,4.989386864540551
1047.0,5.0,7.6936236616255425,9.105504,12.118419,8.908168177393506
1047.0,6.0,5.362243623448476,-6.961315,-0.331587,6.57678813921644
1047.0,12.0,3.767066191943149,-1.065541,3.260018,4.981610707711113
1047.0,19.0,3.146899972644574,1.458315,4.816377,4.361444488412538
1047.0,24.0,-1.2909661294532855,7.643562,6.812029,-0.07642161368532241
1047.0,25.0,-5.874016472282428,-5.112984,-3.837764,-4.659471956514466
1047.0,29.0,-1.777017325721519,-4.996939,-6.290288,-0.5624728099535559
1047.0,31.0,-7.980918028303282,-10.212561,-12.028361,-6.766373512535319
1048.0,2.0,3.713848989892666,2.020742,2.077974,5.647304993255435
1048.0,5.0,7.179778118235911,12.401628,12.059326,9.11323412159868
1048.0,6.0,4.649736429538411,0.464735,-0.359966,6.58319243290118
1048.0,12.0,3.3236902963557817,3.419714,3.177217,5.257146299718551
1048.0,19.0,2.9683813896835236,6.49305,4.811036,4.901837393046293
1048.0,24.0,-1.3694480796441737,10.916282,6.761987,0.5640079237185958
1048.0,25.0,-6.078531527350988,-5.320461,-3.89944,-4.145075523988218
1048.0,29.0,-2.745848683420969,-8.195556,-6.329259,-0.8123926800581998
1048.0,31.0,-9.951344102946816,-15.647956,-12.015615,-8.017888099584047
1049.0,2.0,3.560756487104241,5.665431,2.144261,6.035415267008275
1049.0,5.0,7.346058676920796,11.393104,12.085495,9.82071745682483
1049.0,6.0,4.724837017333691,2.355942,-0.287164,7.1994957972377245
1049.0,12.0,3.3821126342509995,2.317461,3.227994,5.856771414155033
1049.0,19.0,2.8710953886308443,5.432955,4.870836,5.345754168534878
1049.0,24.0,-1.2482792543846273,12.017515,6.730343,1.2263795255194063
1049.0,25.0,-6.128938439090375,-0.900533,-3.863267,-3.654279659186342
1049.0,29.0,-3.356361969620485,-4.642948,-6.337436,-0.8817031897164513
1049.0,31.0,-11.323844986675798,-15.637865,-12.005961,-8.849186206771765
1050.0,2.0,3.554220490075487,3.342676,2.145489,5.72682415154085
1050.0,5.0,7.416542061536669,11.878189,12.091756,9.589145723002032
1050.0,6.0,5.158921776786396,-5.391575,-0.296044,7.331525438251759
1050.0,12.0,3.5053962330711936,3.935518,3.238639,5.677999894536557
1050.0,19.0,3.1908790856157303,4.91168,4.860854,5.363482747081093
1050.0,24.0,-1.1686470181350725,7.239883,6.748173,1.0039566433302909
1050.0,25.0,-5.996520676504856,-2.763626,-3.854124,-3.8239170150394926
1050.0,29.0,-3.2245696768929024,-3.369973,-6.326874,-1.051966015427539
1050.0,31.0,-10.969803004457194,-13.587465,-12.009409,-8.797199342991831
1051.0,2.0,3.6152118921772196,1.034056,2.147769,5.242927925500338
1051.0,5.0,7.445146582453896,10.899992,12.050143,9.072862615777014
1051.0,6.0,5.127829950503315,-6.789135,-0.287281,6.755545983826433
1051.0,12.0,3.4550108935915134,0.43178,3.239201,5.082726926914631
1051.0,19.0,3.0466539301602005,4.467295,4.846952,4.6743699634833185
1051.0,24.0,-1.2296794958526749,10.279037,6.724171,0.3980365374704431
1051.0,25.0,-6.00350468851312,-7.045465,-3.828276,-4.375788655190002
1051.0,29.0,-2.8378443988103452,-6.295953,-6.29834,-1.2101283654872272
1051.0,31.0,-8.69603058333552,-15.18908,-11.961254,-7.068314550012403
1052.0,2.0,3.4954565753844307,2.555288,2.099952,4.630198354940477
1052.0,5.0,7.677452051142849,13.235933,11.968594,8.812193830698895
1052.0,6.0,5.366613190097642,-1.593981,-0.271491,6.501354969653688
1052.0,12.0,3.558936618572723,3.699531,3.159495,4.693678398128769
1052.0,19.0,3.9167217189083736,3.811842,4.87183,5.05146349846442
1052.0,24.0,-1.3088924313443,4.371546,6.622974,-0.17415065178825406
1052.0,25.0,-5.93384892343401,-4.238037,-3.876678,-4.799107143877965
1052.0,29.0,-3.4735436301219256,-3.861827,-6.341875,-2.3388018505658796
1052.0,31.0,-5.489659572594251,-12.949126,-11.914409,-4.354917793038204
1053.0,2.0,3.548834018626115,2.033112,2.104659,4.5544229218258305
1053.0,5.0,7.5176423639099905,12.096481,11.975936,8.523231267109706
1053.0,6.0,5.089605910726684,-5.429378,-0.256399,6.095194813926399
1053.0,12.0,3.204728873868172,0.431305,3.158293,4.210317777067887
1053.0,19.0,3.7782769940424252,4.383226,4.895847,4.783865897242141
1053.0,24.0,-1.3868388173096262,7.997591,6.608126,-0.3812499141099106
1053.0,25.0,-5.894716610331587,-6.221385,-3.885771,-4.8891277071318715
1053.0,29.0,-2.8557131283343984,-6.39965,-6.362826,-1.8501242251346828
1054.0,2.0,3.4784563046947454,-0.110856,2.117724,4.1588812521816205
1054.0,5.0,7.66232014617238,8.206829,12.017029,8.342745093659255
1054.0,6.0,5.166168483592283,-3.944133,-0.257357,5.8465934310791585
1054.0,12.0,3.5028062602296295,-1.512952,3.180604,4.183231207716505
1054.0,19.0,4.524850925932039,6.693382,4.907432,5.205275873418914
1054.0,24.0,-1.1563536918936572,-1.587333,6.637961,-0.4759287444067817
1054.0,25.0,-5.815647140500929,-4.1282,-3.885878,-5.135222193014053
1054.0,29.0,-3.3108591865452164,-5.980916,-6.373146,-2.630434239058341
1054.0,31.0,-7.982101290409221,-15.050435,-11.958108,-7.301676342922345
1055.0,2.0,3.7771407906357695,-5.333165,2.124853,4.43853302532386
1055.0,5.0,7.474663603449443,6.871657,12.066839,8.136055838137533
1055.0,6.0,4.969244447947634,-10.017367,-0.28076,5.630636682635725
1055.0,12.0,3.344685472742823,-5.076672,3.209781,4.006077707430913
1055.0,19.0,6.038684250951729,9.283493,4.896132,6.700076485639819
1055.0,24.0,-1.1596524877235659,1.965976,6.69879,-0.49826025303547583
1055.0,25.0,-5.923239889595818,-11.416668,-3.880522,-5.2618476549077275
1055.0,29.0,-2.4135521917089253,-8.568841,-6.367986,-1.7521599570208353
1055.0,31.0,-10.313567146033455,-13.647954,-12.002653,-9.652174911345364
1056.0,2.0,3.615247157134643,1.744957,2.158548,4.277896919377839
1056.0,5.0,7.474795719128995,9.949347,12.142569,8.13744548137219
1056.0,6.0,5.144536884398393,-2.511873,-0.278678,5.807186646641589
1056.0,12.0,3.342756479818382,2.095504,3.260645,4.005406242061578
1056.0,19.0,5.226381084910148,7.698247,4.912346,5.889030847153344
1056.0,24.0,-1.252293862977151,6.385077,6.757353,-0.5896441007339555
1056.0,25.0,-5.952840939361489,-3.376758,-3.868242,-5.2901911771182935
1056.0,29.0,-2.866084194955241,-6.264813,-6.374331,-2.2034344327120454
1056.0,31.0,-10.222492679708836,-13.369673,-12.060264,-9.559842917465641
1057.0,2.0,3.814441550829752,1.830536,2.143592,4.849143129881702
1057.0,5.0,7.438158272800447,10.708815,12.19377,8.472859851852396
1057.0,6.0,5.103236223019056,-2.547137,-0.265964,6.137937802071006
1057.0,12.0,3.2992457318975443,0.695791,3.230598,4.333947310949494
1057.0,19.0,4.311605085045668,7.585432,4.981078,5.346306664097618
1057.0,24.0,-1.213761156912585,4.417636,6.739951,-0.17905957786063564
1057.0,25.0,-6.034956217755193,-2.905969,-3.941562,-5.000254638703243
1057.0,29.0,-2.5872541558228908,-7.790798,-6.469531,-1.5525525767709414
1057.0,31.0,-9.933101778774029,-15.358462,-12.136886,-8.89840019972208
1058.0,2.0,3.8272431007625194,3.440968,2.119487,3.111809192003731
1058.0,5.0,7.761089538485777,10.736988,12.274713,7.045655629726989
1058.0,6.0,5.166108347400916,-3.42602,-0.30264,4.450674438642128
1058.0,12.0,3.5521478844675,3.189038,3.22144,2.8367139757087116
1058.0,19.0,4.90034262614612,5.330377,5.001952,4.184908717387332
1058.0,24.0,-1.1199884683935841,4.3574,6.798454,-1.8354223771523726
1058.0,25.0,-5.745919533432885,-4.077998,-4.002628,-6.461353442191673
1058.0,29.0,-1.4068270463365842,-5.730406,-6.532637,-2.1222609550953724
1058.0,31.0,-3.0817231120630106,0.606444,-12.242409,-3.797157020821799
1059.0,2.0,3.584770564797342,2.477855,2.108959,4.2555063426874336
1059.0,5.0,7.414839058043954,10.42079,12.293359,8.085574835934047
1059.0,6.0,4.921190383343665,1.209787,-0.371179,5.591926161233757
1059.0,12.0,3.2265734508991493,2.475997,3.256709,3.897309228789241
1059.0,19.0,4.1527722830533556,4.023153,4.920133,4.823508060943447
1059.0,24.0,-0.92595069045543,3.208012,6.899366,-0.25521491256533824
1059.0,25.0,-5.957124789331138,-4.715877,-3.964041,-5.286389011441046
1059.0,29.0,-3.0293861716745174,-4.490409,-6.463349,-2.3586503937844254
1059.0,31.0,-7.485782620799193,-10.087032,-12.254,-6.815046842909101
1060.0,2.0,3.579213600478134,0.821767,2.088227,5.008993195451247
1060.0,5.0,7.2540901115244445,10.941063,12.290139,8.683869706497559
1060.0,6.0,4.803514037047474,-0.420893,-0.409795,6.233293632020588
1060.0,12.0,3.1512698647066557,0.641123,3.255535,4.581049459679769
1060.0,19.0,4.587453840573167,4.759014,4.881576,6.01723343554628
1060.0,24.0,-0.7115245801891952,3.779886,6.936372,0.7182550147839184
1060.0,25.0,-6.058775370704314,-3.667899,-3.959899,-4.628995775731201
1060.0,29.0,-3.0720356511356774,-7.281916,-6.440631,-1.6422560561625639
1060.0,31.0,-11.20131686504844,-11.797407,-12.258035,-9.771537270075326
1061.0,2.0,3.5968187078929184,2.798978,2.081038,5.050911589516679
1061.0,5.0,7.398601829715258,11.578492,12.38959,8.852694711339018
1061.0,6.0,4.873551824132136,0.767214,-0.436826,6.327644705755897
1061.0,12.0,3.1750547446061326,1.125813,3.264955,4.629147626229893
1061.0,19.0,3.6322674229884306,4.346289,4.911114,5.0863603046121915
1061.0,24.0,-0.6100604024970364,6.824015,7.004235,0.8440324791267242
1061.0,25.0,-5.996185630909037,-4.7127,-4.011228,-4.542092749285276
1061.0,29.0,-2.7061749777777275,-4.359289,-6.502654,-1.252082096153967
1061.0,31.0,-10.313196575258907,-16.419656,-12.372332,-8.859103693635147
1062.0,2.0,3.583519125220384,0.262333,2.070687,4.041840032883527
1062.0,5.0,7.338347883364005,11.106557,12.46938,7.796668791027147
1062.0,6.0,4.905914468933544,-2.782718,-0.447418,5.364235376596686
1062.0,12.0,3.1685231146244455,-1.208614,3.258206,3.626844022287588
1062.0,19.0,4.311185022854703,4.243212,4.957038,4.7695059305178455
1062.0,24.0,-0.5388900999283015,4.994436,7.03705,-0.08056919226515902
1062.0,25.0,-6.015978539108477,-9.010128,-4.071707,-5.557657631445334
1062.0,29.0,-2.9386672896849815,-7.288501,-6.578582,-2.480346382021839
1063.0,2.0,3.766209573416786,-2.997396,2.093899,4.070254563676291
1063.0,5.0,7.305643247409559,8.220107,12.569146,7.609688237669064
1063.0,6.0,4.843987873479408,-4.646848,-0.466367,5.148032863738913
1063.0,12.0,3.130938262167433,-2.8023,3.308039,3.434983252426938
1063.0,19.0,4.228476947767621,5.727839,4.967094,4.532521938027126
1063.0,24.0,-0.4940513550164507,1.161664,7.124807,-0.1900063647569461
1063.0,25.0,-6.015863885517603,-6.765681,-4.074063,-5.711818895258098
1063.0,29.0,-2.432596641416538,-9.577884,-6.594371,-2.128551651157033
1064.0,2.0,3.6010103689139292,3.884921,2.146897,4.6942290043499195
1064.0,5.0,7.379209694771827,12.91474,12.659344,8.472428330207817
1064.0,6.0,4.83491446351457,-2.519417,-0.42238,5.9281330989505605
1064.0,12.0,3.0933156489176614,3.554765,3.358254,4.186534284353652
1064.0,19.0,3.7011862296758054,5.1584,5.036744,4.794404865111796
1064.0,24.0,-0.4637317029689543,6.518555,7.144482,0.629486932467036
1064.0,25.0,-6.080794447100266,-6.623272,-4.077069,-4.987575811664276
1064.0,29.0,-3.1653655560741907,-3.967445,-6.641471,-2.0721469206382004
1065.0,2.0,3.611946504740068,2.276764,2.240117,3.3458396734353464
1065.0,5.0,7.326556723543968,15.267451,12.780407,7.060449892239246
1065.0,6.0,4.787494103169802,-4.398177,-0.351864,4.5213872718650805
1065.0,12.0,3.070270788123997,4.36762,3.450028,2.8041639568192753
1065.0,19.0,7.752237713580808,3.23322,5.12416,7.486130882276086
1065.0,24.0,-0.5039532949511631,6.700708,7.17631,-0.7700601262558848
1065.0,25.0,-6.0404718991222826,-3.475495,-4.051799,-6.306578730427004
1065.0,29.0,-3.01277395149242,-5.135277,-6.679598,-3.278880782797142
1065.0,31.0,-9.661391134180697,-11.002973,-12.704336,-9.927497965485419
1066.0,2.0,3.56596527729765,2.88067,2.289807,3.0602304519595305
1066.0,5.0,7.28912388996082,11.860487,12.864214,6.7833890646227
1066.0,6.0,4.683629095071948,-1.951151,-0.28794,4.177894269733828
1066.0,12.0,3.09902617121568,0.761989,3.481107,2.5932913458775606
1066.0,19.0,8.00195391179209,7.962299,5.22408,7.496219086453969
1066.0,24.0,-0.49040255108504205,10.234802,7.159824,-0.9961373764231616
1066.0,25.0,-6.087227270330326,-3.174135,-4.076707,-6.592962095668446
1066.0,29.0,-3.14000669977317,-7.277347,-6.758324,-3.6457415251112897
1066.0,31.0,-8.432018234198914,-17.335432,-12.774296,-8.937753059537034
1067.0,2.0,3.7522849834883463,6.374978,2.282703,3.5537284214172447
1067.0,5.0,7.750496012743891,14.257374,12.885549,7.55193945067279
1067.0,6.0,5.219125344757279,-0.197735,-0.288678,5.020568782686177
1067.0,12.0,3.3861957799429323,4.487265,3.473278,3.1876392178718307
1067.0,19.0,6.556055351083945,9.84487,5.245061,6.357498789012843
1067.0,24.0,-0.34689345050072085,12.163397,7.161493,-0.5454500125718225
1067.0,25.0,-5.802834901088962,-2.648274,-4.101419,-6.001391463160064
1067.0,29.0,-2.0682708842026045,-6.699502,-6.790283,-2.266827446273706
1067.0,31.0,-9.912050020185085,-17.682778,-12.805219,-10.110606582256185
1068.0,2.0,3.825605949012161,0.507627,2.318517,4.003433991814264
1068.0,5.0,7.835322985300779,9.557321,12.847652,8.013151028102882
1068.0,6.0,4.989924873936758,-5.71512,-0.29554,5.167752916738861
1068.0,12.0,3.298264635936075,-0.28135,3.535799,3.476092678738178
1068.0,19.0,3.9487211655877648,4.408635,5.173834,4.126549208389868
1068.0,24.0,-0.40748063881528296,7.712132,7.197945,-0.22965259601317967
1068.0,25.0,-5.788528249485925,-5.760455,-3.999184,-5.610700206683822
1068.0,29.0,-1.7466169214115266,-6.99479,-6.675576,-1.5687888786094233
1068.0,31.0,-5.548187549039274,-12.670762,-12.726031,-5.370359506237171
1069.0,2.0,3.57859843726561,4.383174,2.335647,4.844871158262877
1069.0,5.0,7.5821199702864295,11.882815,12.781356,8.848392691283696
1069.0,6.0,4.933897628499304,0.024389,-0.292209,6.200170349496571
1069.0,12.0,3.1338891059772784,2.528357,3.563098,4.4001618269745455
1069.0,19.0,3.6925920742228424,6.351323,5.120244,4.9588647952201095
1069.0,24.0,-0.5110514338533187,7.03718,7.189561,0.7552212871439481
1069.0,25.0,-5.822820650937191,-3.325276,-3.923244,-4.556547929939924
1069.0,29.0,-2.90707051517107,-4.662888,-6.587308,-1.640797794173803
1069.0,31.0,-9.843661777902732,-17.081435,-12.633893,-8.577389056905465
1070.0,2.0,3.54045074938392,4.821179,2.304282,5.352451206533601
1070.0,5.0,7.488735200405314,12.013866,12.726793,9.300735657554995
1070.0,6.0,4.808078801760455,1.166564,-0.288987,6.6200792589101365
1070.0,12.0,3.072017516428165,1.272817,3.516741,4.884017973577846
1070.0,19.0,3.990522789063867,5.519502,5.125258,5.802523246213548
1070.0,24.0,-0.45625750436641965,5.466187,7.134171,1.3557429527832616
1070.0,25.0,-5.819935989297264,-2.24966,-3.946487,-4.007935532147583
1070.0,29.0,-3.4556190685713846,-4.191861,-6.60382,-1.6436186114217033
1070.0,31.0,-11.159733820551633,-14.733277,-12.599989,-9.347733363401952
1071.0,2.0,3.7044697102063786,0.258862,2.271497,3.7561962729215237
1071.0,5.0,7.719949217294253,9.595213,12.642525,7.7716757800093985
1071.0,6.0,4.989803186842277,-3.292685,-0.293752,5.041529749557422
1071.0,12.0,3.247628281044282,-1.106381,3.47435,3.299354843759427
1071.0,19.0,5.422745590545539,4.847349,5.100735,5.474472153260684
1071.0,24.0,-0.41167840762473773,9.816,7.079556,-0.35995184490959264
1071.0,25.0,-5.775370866988109,-3.490014,-3.944377,-5.723644304272964
1071.0,29.0,-2.6831779147156882,-5.644137,-6.58375,-2.631451352000543
1071.0,31.0,-9.821987927226662,-18.310463,-12.530552,-9.770261364511516
1072.0,2.0,3.61017517055601,4.207827,2.306936,3.5621956124074927
1072.0,5.0,7.644823312066453,12.179922,12.56668,7.596843753917936
1072.0,6.0,5.236016421601352,-5.245757,-0.266041,5.188036863452835
1072.0,12.0,3.248191596123924,2.293783,3.511994,3.2002120379754064
1072.0,19.0,5.7773718241775,7.062497,5.059307,5.729392266028983
1072.0,24.0,-0.3785180438379463,5.740874,7.049883,-0.4264976019864637
1072.0,25.0,-5.771772668614343,-3.760833,-3.852101,-5.81975222676286
1072.0,29.0,-2.599752570001767,-4.243707,-6.489126,-2.6477321281502846
1072.0,31.0,-8.769574556061524,-13.44391,-12.417456,-8.817554114210042
1073.0,2.0,3.895811696874901,1.009436,2.400976,5.361121108226445
1073.0,5.0,7.383870751204569,10.829315,12.525013,8.849180162556113
1073.0,6.0,4.700628303366329,-6.560881,-0.202322,6.165937714717874
1073.0,12.0,2.977269846367424,1.501768,3.612179,4.442579257718968
1073.0,19.0,4.0780712785172675,6.753803,5.032833,5.543380689868812
1073.0,24.0,-1.1291891452886516,9.657742,7.038202,0.336120266062893
1073.0,25.0,-5.881737081284293,-6.21967,-3.708682,-4.416427669932749
1073.0,29.0,-2.5223503714455697,-5.61216,-6.36748,-1.0570409600940252
1073.0,31.0,-11.411400396162698,-15.702533,-12.3005,-9.946090984811153
1074.0,2.0,3.898621133829403,4.785253,2.495474,5.78603836878683
1074.0,5.0,7.616229383011792,10.219982,12.464812,9.503646617969219
1074.0,6.0,4.959079177570622,-1.19663,-0.133018,6.846496412528049
1074.0,12.0,3.0479692281441757,2.268595,3.709263,4.935386463101603
1074.0,19.0,2.9523502403344963,7.078727,5.002785,4.839767475291923
1074.0,24.0,-0.889150702005038,4.561957,7.012163,0.9982665329523888
1074.0,25.0,-5.773454039216489,-1.965522,-3.557547,-3.886036804259062
1074.0,29.0,-2.077801129901265,-5.643778,-6.236806,-0.19038389494383812
1074.0,31.0,-11.432487824523902,-11.130308,-12.163126,-9.545070589566475
1075.0,2.0,3.843169452845647,1.472697,2.610103,5.012232277484564
1075.0,5.0,7.415597983714461,11.850731,12.436669,8.584660808353378
1075.0,6.0,4.813667241437255,-5.646216,-0.050407,5.982730066076172
1075.0,12.0,2.931382413262474,2.786195,3.826852,4.100445237901392
1075.0,19.0,3.9006879048849363,5.897155,4.992097,5.069750729523854
1075.0,24.0,-0.8360880250383396,4.821726,6.997622,0.33297479960057785
1075.0,25.0,-5.858026802514479,-3.561548,-3.403465,-4.688963977875561
1075.0,29.0,-1.9837930103030548,-2.270627,-6.116694,-0.8147301856641374
1075.0,31.0,-11.40489232070366,-19.221353,-12.048287,-10.235829496064742
1076.0,2.0,3.8149830503222546,5.192762,2.714328,4.882396708412753
1076.0,5.0,7.4470983877977375,13.00818,12.428488,8.514512045888235
1076.0,6.0,4.9451281680423005,-4.559387,0.011393,6.012541826132799
1076.0,12.0,3.041021345070817,0.714629,3.943278,4.108435003161316
1076.0,19.0,3.4939523152478333,4.775498,4.972873,4.561365973338332
1076.0,24.0,-0.7689130179212746,5.381972,7.010597,0.29850064016922406
1076.0,25.0,-5.821620181573318,0.487338,-3.261471,-4.75420652348282
1076.0,29.0,-2.487967707620954,-5.822538,-6.00252,-1.4205540495304554
1076.0,31.0,-8.582282532930073,-13.74972,-11.96019,-7.514868874839574
1077.0,2.0,4.021634903266401,-1.487332,2.512273,4.720233326524683
1077.0,5.0,7.525460543262405,11.127765,12.259098,8.224058966520687
1077.0,6.0,4.617916013215531,-1.70094,-0.091689,5.316514436473813
1077.0,12.0,3.1171612826690094,1.322764,3.715632,3.8157597059272916
1077.0,19.0,3.190324967807415,4.995742,4.922364,3.8889233910656973
1077.0,24.0,-0.688836039821421,5.687561,6.899749,0.00976238343686131
1077.0,25.0,-5.714153373327964,-5.634096,-3.422266,-5.015554950069681
1077.0,29.0,-1.6357256946516614,-7.688987,-6.08169,-0.937127271393379
1077.0,31.0,-8.07509442125841,-16.948244,-11.919393,-7.376495998000127
1078.0,2.0,3.9590467512619387,4.682085,2.501259,5.12594810670652
1078.0,5.0,7.341817708282429,14.521585,12.27677,8.50871906372701
1078.0,6.0,4.614951264749923,-2.824019,-0.094204,5.781852620194504
1078.0,12.0,3.094829488892408,-0.814826,3.70308,4.26173084433699
1078.0,19.0,3.0297228186256753,3.298447,4.942381,4.196624174070257
1078.0,24.0,-0.8097233160170347,7.097899,6.898706,0.3571780394275468
1078.0,25.0,-5.86360946295254,-6.400958,-3.450161,-4.696708107507958
1078.0,29.0,-2.174158145928204,-4.763877,-6.115146,-1.0072567904836225
1079.0,2.0,3.9509971595053326,1.325415,2.442449,4.8723535122245085
1079.0,5.0,7.511410664682053,9.308307,12.267933,8.432767017401229
1079.0,6.0,4.709725443105842,-2.929301,-0.129545,5.631081795825018
1079.0,12.0,3.1245996387951642,0.056286,3.641955,4.04595599151434
1079.0,19.0,3.2247833563159816,7.15906,4.945729,4.1461397090351575
1079.0,24.0,-0.6749205095193416,3.012312,6.888783,0.24643584319983414
1079.0,25.0,-5.759006778311739,-3.796554,-3.517259,-4.837650425592563
1079.0,29.0,-2.065153765928285,-8.550498,-6.166532,-1.143797413209109
1080.0,2.0,3.8128039053513874,2.779869,2.371707,4.607388110695387
1080.0,5.0,7.465140542051298,13.394216,12.241628,8.259724747395298
1080.0,6.0,4.625439227847901,-0.905233,-0.183283,5.420023433191901
1080.0,12.0,2.98946867500144,3.895709,3.576172,3.7840528803454396
1080.0,19.0,3.308205073589871,5.059764,4.922335,4.102789278933871
1080.0,24.0,-0.5988512174775504,8.297637,6.888623,0.1957329878664491
1080.0,25.0,-5.817958984396746,-3.545482,-3.576566,-5.023374779052746
1080.0,29.0,-2.1036451116286097,-6.502199,-6.196702,-1.3090609062846101
1081.0,2.0,3.802690286543706,0.17938,2.404911,4.960840642106468
1081.0,5.0,7.503169341693043,9.401373,12.266685,8.661319697255804
1081.0,6.0,4.997916171361277,-4.455461,-0.157292,6.156066526924039
1081.0,12.0,3.080789490315066,0.628041,3.610135,4.238939845877828
1081.0,19.0,3.119674687172557,3.641673,4.944112,4.277825042735318
1081.0,24.0,-0.5943101636897703,10.000376,6.892926,0.563840191872991
1081.0,25.0,-5.789413292201337,-2.950209,-3.554783,-4.631262936638575
1081.0,29.0,-2.4765549491932317,-7.699317,-6.195152,-1.3184045936304705
1082.0,2.0,3.756816057827473,-1.353274,2.378747,4.541991478745516
1082.0,5.0,7.711173382920155,9.229647,12.217997,8.496348803838197
1082.0,6.0,4.876070332928201,-2.42178,-0.171934,5.661245753846243
1082.0,12.0,3.0667360091277835,-0.702022,3.584146,3.8519114300458264
1082.0,19.0,3.5991761703080254,3.667083,4.919646,4.384351591226068
1082.0,24.0,-0.5692259160134219,8.121161,6.872244,0.21594950490462084
1082.0,25.0,-5.772641852439051,-6.651049,-3.554405,-4.987466431521009
1082.0,29.0,-2.6227913496900275,-8.301652,-6.179095,-1.8376159287719847
1083.0,2.0,3.9356603578622025,4.043932,2.375607,1.9507332381766243
1083.0,5.0,7.472045200954891,16.335971,12.154233,5.487118081269314
1083.0,6.0,4.973753211629013,-2.415598,-0.141124,2.988826091943435
1083.0,12.0,2.9762702811733686,7.235346,3.560577,0.9913431614877903
1083.0,19.0,7.89282943950059,5.003732,4.931369,5.907902319815012
1083.0,24.0,-0.4986774396627043,13.802499,6.801151,-2.4836045593482825
1083.0,25.0,-5.824234526138607,-1.715244,-3.546337,-7.809161645824185
1083.0,29.0,-2.122117751495124,-4.414366,-6.17525,-4.107044871180703
1084.0,2.0,4.521971109829504,-1.850552,2.602939,5.696247847707081
1084.0,5.0,6.9341700475380605,8.321767,12.235783,8.108446785415637
1084.0,6.0,5.354930200034412,-2.056995,-0.005619,6.529206937911988
1084.0,12.0,2.954863675113149,-0.056059,3.80951,4.129140412990726
1084.0,19.0,3.807139145507909,2.285217,4.951766,4.981415883385486
1084.0,24.0,-0.07733841972327582,6.187158,6.860433,1.096938318154301
1084.0,25.0,-5.6894273427991156,-7.861292,-3.306795,-4.515150604921539
1084.0,29.0,-2.3919072692926293,-9.172635,-6.017331,-1.2176305314150524
1084.0,31.0,-9.813984292988948,-2.879328,-11.831419,-8.639707555111372
1085.0,2.0,4.295711100302736,6.921716,2.74824,5.321475246747988
1085.0,5.0,8.882130118879736,13.553668,12.209817,9.907894265324988
1085.0,6.0,4.58718306135377,0.805928,0.084021,5.612947207799022
1085.0,12.0,3.7111614146284495,4.256977,3.968229,4.7369255610737016
1085.0,19.0,3.271688681954533,6.359192,4.920544,4.297452828399785
1085.0,24.0,-0.37268619684507787,7.97907,6.867518,0.6530779496001742
1085.0,25.0,-5.603781609103932,-2.036494,-3.103442,-4.57801746265868
1085.0,29.0,2.455805548980213,-4.829974,-5.850241,3.481569695425465
1086.0,2.0,3.8041615338659547,3.123317,2.979852,5.280375389581833
1086.0,5.0,7.608705892996795,11.791885,12.319435,9.084919748712673
1086.0,6.0,4.721320804111638,-6.514224,0.22029,6.197534659827516
1086.0,12.0,3.116263911175924,0.139395,4.222735,4.592477766891802
1086.0,19.0,3.286135092154799,4.986101,4.955231,4.762348947870677
1086.0,24.0,-0.6200047665621922,7.343322,6.939334,0.8562090891536862
1086.0,25.0,-5.890662557454406,-2.495003,-2.875375,-4.414448701738528
1086.0,29.0,-2.559262206078743,-6.110019,-5.710524,-1.0830483503628645
1086.0,31.0,-10.521966341124143,-13.887418,-11.644895,-9.045752485408265
1087.0,2.0,3.7978470171863705,0.129358,2.901295,3.2923200639354837
1087.0,5.0,8.844983806259979,9.384416,12.288602,8.339456853009093
1087.0,6.0,7.142127183115708,-9.029827,0.253614,6.636600229864821
1087.0,12.0,3.932540408703833,-1.415969,4.082518,3.427013455452946
1087.0,19.0,5.726114598367266,5.516405,5.071604,5.220587645116379
1087.0,24.0,2.050655143667605,19.698038,6.796436,1.545128190416718
1087.0,25.0,-5.0635543809395696,-2.391111,-3.034325,-5.569081334190456
1087.0,29.0,2.040083126243111,-4.565537,-5.887205,1.5345561729922244
1087.0,31.0,-11.502747405174631,-16.103781,-11.691244,-12.008274358425517
1088.0,2.0,3.857713164322046,-4.632486,2.295102,-3.5357616119527266
1088.0,5.0,12.190751004833977,8.450244,11.789137,4.7972762285592045
1088.0,6.0,6.765078004065376,-8.068551,0.01263,-0.6283967722093964
1088.0,12.0,4.212037754551893,-7.685723,3.344606,-3.1814370217228793
1088.0,19.0,8.77979976113325,-6.489494,5.028887,1.3863249848584767
1088.0,24.0,3.1884908072127622,21.158033,6.362625,-4.2049839690620106
1088.0,25.0,-4.9637866893103855,-12.985908,-3.597443,-12.357261465585157
1088.0,29.0,1.5097382771125067,-11.529314,-6.239766,-5.883736499162266
1088.0,31.0,-6.957248912782681,-6.737529,-11.601179,-14.350723689057453
1089.0,2.0,3.2047093671168483,5.740621,0.861896,1.6124162710675058
1089.0,5.0,11.343760165121104,16.674747,11.676766,9.751467069071762
1089.0,6.0,12.09043098713299,-9.095469,-1.123404,10.498137891083648
1089.0,12.0,3.1388048419898418,6.522334,1.99262,1.5465117459404993
1089.0,24.0,4.550776330854925,0.046352,6.562625,2.9584832348055823
1089.0,25.0,-3.651667280173477,3.221821,-5.077473,-5.2439603762228195
1089.0,29.0,5.332132788273569,-15.313311,-7.161796,3.7398396922242263
1089.0,31.0,-11.697814200723727,-10.174535,-12.467162,-13.29010729677307
1090.0,2.0,3.6459903446989497,-1.098322,-1.666394,-4.815756809618943
1090.0,5.0,12.768483225628717,28.720308,11.935058,4.306736071310825
1090.0,6.0,8.035142107781056,-20.934188,-3.455491,-0.42660504653683695
1090.0,12.0,4.290680323637664,-1.317476,-0.162318,-4.171066830680228
1090.0,19.0,8.716327921503737,4.958028,3.978208,0.25458076718584444
1090.0,25.0,-4.934793841239443,-4.700398,-7.664974,-13.396540995557336
1090.0,29.0,-0.5352201827224423,-7.436633,-8.692648,-8.996967337040335
1090.0,31.0,-4.969911753381087,-27.121458,-14.430938,-13.43165890769898
1091.0,2.0,4.482325927081437,0.773783,-2.257925,4.889056448755977
1091.0,5.0,7.01282112289921,14.139086,11.674557,7.41955164457375
1091.0,6.0,5.215787539264712,-0.282176,-3.839095,5.622518060939252
1091.0,12.0,2.9076734248205742,0.064901,-0.77724,3.3144039464951147
1091.0,19.0,4.65345197496503,1.779917,3.851378,5.0601824966395705
1091.0,24.0,2.247581511313566,10.720511,7.453301,2.6543120329881065
1091.0,25.0,-5.641944208374842,-6.576238,-8.217084,-5.235213686700302
1091.0,29.0,-2.4602193122036775,-5.925174,-9.012303,-2.053488790529137
1091.0,31.0,-9.659254226936245,-20.406729,-14.564898,-9.252523705261705
1092.0,2.0,4.86854366582542,0.678169,0.407331,5.833706394642888
1092.0,5.0,7.121556977215034,12.1588,11.448285,8.086719706032502
1092.0,6.0,4.685317150458406,-6.379793,-1.325505,5.650479879275874
1092.0,12.0,4.21494956508133,0.741834,1.459165,5.180112293898798
1092.0,19.0,3.4000994892806347,3.764665,4.757783,4.365262218098103
1092.0,24.0,0.06662757142970221,8.859844,6.323003,1.0317903002471702
1092.0,25.0,-4.369077532971989,-9.451467,-5.571967,-3.403914804154521
1092.0,29.0,2.069621376691936,-8.989812,-7.525978,3.034784105509404
1092.0,31.0,-10.071350497048769,-10.519783,-12.5644,-9.106187768231301
1093.0,2.0,4.455838714202049,1.153745,0.524256,6.254630152227338
1093.0,5.0,7.634087819673251,7.131064,11.417652,9.432879257698541
1093.0,6.0,4.244761172910799,-7.655081,-1.300095,6.043552610936088
1093.0,12.0,2.7662505559894006,-1.078429,1.621081,4.56504199401469
1093.0,19.0,2.6970012257585463,4.892997,4.654652,4.495792663783836
1093.0,24.0,-0.3804883398524961,14.148453,6.39717,1.4183030981727933
1093.0,25.0,-5.6282523111215434,-4.902089,-5.354316,-3.829460873096254
1093.0,29.0,-2.174371394160903,-7.256578,-7.310145,-0.37557995613561346
1093.0,31.0,-10.400418984480597,-16.837156,-12.427654,-8.601627546455308
1094.0,2.0,4.099675213424035,5.536975,0.624297,5.437373717339852
1094.0,5.0,7.386347359190243,11.58357,11.428101,8.72404586310606
1094.0,6.0,4.824951172133552,-1.029846,-1.216,6.162649676049369
1094.0,12.0,2.9756532718647044,3.866917,1.714707,4.3133517757805215
1094.0,19.0,2.9918575725122842,8.283359,4.68595,4.329556076428101
1094.0,24.0,3.1509067327912206,9.273016,6.37795,4.488605236707038
1094.0,25.0,-5.87815562459438,-3.212667,-5.255443,-4.540457120678562
1094.0,29.0,-2.4294987467730698,-6.036413,-7.255694,-1.0918002428572522
1094.0,31.0,-10.063707412769904,-12.486651,-12.371705,-8.726008908854087
1095.0,2.0,3.9789250880337867,0.22221,0.689233,5.470348736442549
1095.0,5.0,7.2755440717432585,10.221284,11.470039,8.76696772015202
1095.0,6.0,4.8234570958111735,-4.646916,-1.123823,6.314880744219936
1095.0,12.0,2.8890407018908864,0.239344,1.748965,4.380464350299649
1095.0,19.0,3.1774690579913294,1.729984,4.786903,4.668892706400092
1095.0,24.0,-0.4665376684668878,8.39803,6.320404,1.024885979941875
1095.0,25.0,-5.826743488958165,-3.20182,-5.252166,-4.335319840549403
1095.0,29.0,-2.8306688146168506,-4.402788,-7.310726,-1.3392451662080878
1095.0,31.0,-9.150344836166685,-15.267947,-12.387472,-7.658921187757922
1096.0,2.0,4.02716373356634,0.763761,0.684287,6.042219594233014
1096.0,5.0,7.188934257436005,13.279769,11.529438,9.203990118102679
1096.0,6.0,4.753992480248748,-8.719088,-1.134406,6.769048340915422
1096.0,12.0,2.9399366374478486,2.162223,1.75117,4.954992498114523
1096.0,19.0,2.6818089412522603,6.458421,4.814586,4.6968648019189345
1096.0,24.0,-0.6684033690702487,4.091814,6.35278,1.346652491596426
1096.0,25.0,-5.755038635603191,-6.558953,-5.288615,-3.7399827749365167
1096.0,29.0,-3.30338411957276,-7.139341,-7.3579,-1.2883282589060854
1096.0,31.0,-10.072231019067562,-16.855512,-12.458288,-8.057175158400888
1097.0,2.0,4.132993725420132,2.963512,0.676413,5.433510792003832
1097.0,5.0,7.378469282847185,10.140345,11.568649,8.678986349430884
1097.0,6.0,5.269408828321588,-6.262306,-1.133846,6.569925894905288
1097.0,12.0,3.1375785270073955,0.913611,1.741109,4.438095593591096
1097.0,19.0,3.380709630467683,7.217113,4.849816,4.681226697051383
1097.0,24.0,-0.38064287573332045,5.709023,6.358272,0.9198741908503798
1097.0,25.0,-5.747461236844224,-4.593988,-5.328323,-4.446944170260523
1097.0,29.0,-2.4797512489293707,-5.33245,-7.409804,-1.1792341823456705
1097.0,31.0,-9.564957377083925,-18.062987,-12.511617,-8.264440310500225
1098.0,2.0,4.135061976819767,0.57344,0.725404,5.058082764740102
1098.0,5.0,7.579016804086001,11.542232,11.637937,8.502037592006335
1098.0,6.0,5.1854789157340875,-3.61874,-1.120207,6.108499703654423
1098.0,12.0,3.1726704357624698,0.999315,1.807586,4.095691223682805
1098.0,19.0,3.936461281604684,5.098373,4.863837,4.859482069525019
1098.0,24.0,-0.21635223023132433,9.261658,6.413239,0.706668557689011
1098.0,25.0,-5.725551570489945,-5.108341,-5.293979,-4.80253078256961
1098.0,29.0,-2.2361738525032884,-6.844846,-7.398532,-1.313153064582953
1098.0,31.0,-9.893757448601086,-18.15131,-12.550859,-8.97073666068075
1099.0,2.0,4.233474712803684,-0.343567,0.75445,4.26373358030869
1099.0,5.0,7.597222241102241,10.729013,11.690491,7.627481108607247
1099.0,6.0,5.105037422833952,-2.428911,-1.159243,5.1352962903389585
1099.0,12.0,3.071674747906277,2.486315,1.881986,3.101933615411284
1099.0,19.0,4.29195478846219,5.108637,4.8072,4.322213655967197
1099.0,24.0,0.056142618311159076,7.684194,6.522128,0.0864014858161658
1099.0,25.0,-5.598422107068804,-2.624358,-5.232739,-5.568163239563797
1099.0,29.0,-2.278783758720201,-7.981669,-7.329017,-2.2485248912151943
1099.0,31.0,-6.992445618940868,-11.558931,-12.573562,-6.962186751435862
1100.0,2.0,3.8934894279559806,3.904817,0.792185,4.604597494640747
1100.0,5.0,7.921805301589158,10.473473,11.751404,8.632913368273925
1100.0,6.0,5.262895300625235,-4.05551,-1.164542,5.974003367310002
1100.0,12.0,3.1684951059998774,1.817453,1.945185,3.879603172684644
1100.0,19.0,3.5070300921373914,6.81499,4.798675,4.218138158822158
1100.0,24.0,0.7338626581790049,10.440161,6.591401,1.4449707248637715
1100.0,25.0,-5.640136549122897,-1.391908,-5.194804,-4.929028482438131
1100.0,29.0,-2.699033272447614,-7.651979,-7.302613,-1.9879252057628471
1100.0,31.0,-8.581709312252777,-16.608176,-12.607871,-7.87060124556801
1101.0,2.0,3.9109106958235014,-0.910174,0.784944,4.4210420574255265
1101.0,5.0,7.5887922153457925,11.842493,11.768934,8.098923576947819
1101.0,6.0,5.148388857745468,-4.160368,-1.177626,5.658520219347493
1101.0,12.0,2.981622396041228,-1.134752,1.946188,3.491753757643253
1101.0,19.0,3.9865271690627484,3.775155,4.798492,4.4966585306647735
1101.0,24.0,0.7435146780189177,7.595041,6.611021,1.253646039620943
1101.0,25.0,-5.799105868786599,-9.280996,-5.204898,-5.288974507184574
1101.0,29.0,-3.053786858822914,-8.046312,-7.312398,-2.5436554972208887
1101.0,31.0,-8.242843919069355,-16.043471,-12.631275,-7.732712557467329
1102.0,2.0,3.998956087413319,-0.046517,0.824215,2.8897676565678845
1102.0,5.0,7.6764738348399835,9.853515,11.80811,6.567285403994549
1102.0,6.0,5.176384272008097,-5.439962,-1.154423,4.067195841162662
1102.0,12.0,3.072972483918221,2.12966,1.991352,1.9637840530727864
1102.0,19.0,6.604982126635928,5.558872,4.818558,5.495793695790494
1102.0,24.0,0.8698460545759783,7.670672,6.631002,-0.23934237626945642
1102.0,25.0,-5.72063025294247,-6.152631,-5.178335,-6.829818683787905
1102.0,29.0,-2.7816448478299183,-8.152761,-7.307604,-3.890833278675353
1102.0,31.0,-7.412210028996916,-2.027858,-12.647256,-8.52139845984235
1103.0,2.0,4.106450194473968,1.197078,0.81591,3.9497866036893896
1103.0,5.0,7.255948978792954,13.6343,11.825267,7.099285388008376
1103.0,6.0,4.922781025163998,-4.497139,-1.180842,4.766117434379419
1103.0,12.0,2.9674468009980384,-0.28235,2.000397,2.81078321021346
1103.0,19.0,4.804177805744077,3.903159,4.798705,4.647514214959498
1103.0,24.0,0.6776818476718791,7.900861,6.669734,0.5210182568873004
1103.0,25.0,-5.852652688063832,-5.659574,-5.176655,-6.00931627884841
1103.0,29.0,-3.064864778592028,-9.329279,-7.298385,-3.221528369376607
1103.0,31.0,-5.6482930962779205,-8.297774,-12.667243,-5.804956687062499
1104.0,2.0,3.9544028021645516,2.262945,0.875385,3.5694986615874997
1104.0,5.0,7.407869060533205,8.249639,11.88678,7.022964919956153
1104.0,6.0,4.879914421022782,-4.297949,-1.140711,4.49501028044573
1104.0,12.0,2.9756100272119586,0.658023,2.06382,2.5907058866349066
1104.0,19.0,4.98604047719965,7.550457,4.837555,4.601136336622598
1104.0,24.0,0.8641514728538571,2.553336,6.69246,0.47924733227680494
1104.0,25.0,-5.853267594142976,-3.592597,-5.143974,-6.238171734720028
1104.0,29.0,-3.2550581753980525,-6.191619,-7.300784,-3.6399623159751044
1105.0,2.0,3.8159754254446447,1.049147,0.91024,3.2824766119373328
1105.0,5.0,7.634460019704278,10.166492,11.921866,7.100961206196966
1105.0,6.0,4.9950214802338735,-2.742891,-1.110232,4.4615226667265615
1105.0,12.0,3.1069315018674715,0.177001,2.09709,2.5734326883601595
1105.0,19.0,5.139186966545413,5.961464,4.870953,4.605688153038101
1105.0,24.0,1.0302426658665862,3.706584,6.695329,0.49674385235927443
1105.0,25.0,-5.745259121785483,-6.494601,-5.130351,-6.278757935292795
1105.0,29.0,-3.2706529647793374,-7.299364,-7.312181,-3.8041517782866494
1106.0,2.0,3.8739091413435567,-1.861359,0.85394,4.92401334810552
1106.0,5.0,7.508128325741847,7.650584,11.910631,8.55823253250381
1106.0,6.0,4.972584928784833,-7.626995,-1.135397,6.022689135546797
1106.0,12.0,2.936818845329835,-0.564459,2.032703,3.9869230520917984
1106.0,19.0,3.573600622715741,5.461404,4.886101,4.623704829477704
1106.0,24.0,1.0119340098559917,8.101551,6.672661,2.062038216617955
1106.0,25.0,-5.806283501113583,-8.951566,-5.201661,-4.75617929435162
1106.0,29.0,-3.650729219377505,-7.812884,-7.372718,-2.6006250126155415
1106.0,31.0,-8.861927013481349,-13.927691,-12.745012,-7.811822806719386
1107.0,2.0,4.164163375433105,3.197887,0.887702,3.7184064994602
1107.0,5.0,7.515105086234026,13.933856,11.92485,7.069348210261121
1107.0,6.0,5.454719972216875,1.416649,-1.114598,5.00896309624397
1107.0,12.0,3.060404169663478,2.765967,2.07146,2.614647293690573
1107.0,19.0,5.440509270550777,5.030505,4.89251,4.994752394577872
1107.0,24.0,0.9408463969163083,10.863147,6.682051,0.4950895209434034
1107.0,25.0,-5.682003659092111,-3.735708,-5.166321,-6.127760535065016
1107.0,29.0,-1.911493925731568,-5.678934,-7.352259,-2.357250801704473
1107.0,31.0,-9.18472198794991,-20.412026,-12.736295,-9.630478863922814
1108.0,2.0,3.750359026020517,7.517755,0.944391,3.0660356803690494
1108.0,5.0,7.512776155992086,12.529405,11.950396,6.828452810340618
1108.0,6.0,5.259496549494539,-3.789631,-1.106545,4.575173203843072
1108.0,12.0,2.9867558658445326,4.388651,2.154114,2.302432520193065
1108.0,19.0,6.064524937499206,5.348036,4.862045,5.380201591847738
1108.0,24.0,1.2285547815485351,12.28852,6.738491,0.5442314358970677
1108.0,25.0,-5.737785421492591,-4.390152,-5.082254,-6.422108767144058
1108.0,29.0,-3.4534218037379247,-4.306641,-7.277547,-4.137745149389392
1108.0,31.0,-8.149593380351408,-9.758627,-12.715483,-8.833916726002876
1109.0,2.0,3.990110130499195,-0.818704,1.050153,3.1625590912241783
1109.0,5.0,7.426470526375006,9.885482,12.023516,6.598919487099989
1109.0,6.0,4.7599320311187405,-3.362626,-1.113716,3.932380991843724
1109.0,12.0,2.8711804361720024,0.809405,2.321883,2.0436293968969856
1109.0,19.0,6.08274094465505,9.233119,4.786039,5.255189905380034
1109.0,24.0,1.6219115164908002,6.455992,6.885193,0.7943604772157835
1109.0,25.0,-5.748650677395344,-6.351566,-4.921693,-6.576201716670361
1109.0,29.0,-3.4417779361956304,-8.394943,-7.126612,-4.269328975470647
1109.0,31.0,-7.808372340710509,-16.052369,-12.699552,-8.635923379985526
1110.0,2.0,3.814921938400529,3.07704,1.085374,2.602246249461367
1110.0,5.0,7.777467597807515,13.202514,12.051186,6.5647919088683535
1110.0,6.0,5.24611667946337,-1.394726,-1.147666,4.033440990524208
1110.0,12.0,3.058739383193096,-0.827534,2.402392,1.8460636942539341
1110.0,19.0,6.742884087244224,2.16172,4.714949,5.530208398305063
1110.0,24.0,2.022382205485541,-1.542531,6.98405,0.809706516546379
1110.0,25.0,-5.68941336990539,-3.695334,-4.836945,-6.902089058844552
1110.0,29.0,-3.3473751981131983,-5.719431,-7.030331,-4.56005088705236
1110.0,31.0,-8.800292739397381,-14.970602,-12.688647,-10.012968428336544
1111.0,2.0,3.9327362221383417,-0.726093,1.038943,3.4001234268395693
1111.0,5.0,7.5784885276103875,9.148789,12.001965,7.045875732311615
1111.0,6.0,5.081670639129886,-3.940682,-1.145958,4.549057843831113
1111.0,12.0,2.993449732245594,-3.133035,2.333789,2.4608369369468215
1111.0,19.0,5.23736557201981,2.686446,4.736988,4.704752776721037
1111.0,24.0,2.5565256294808556,12.867763,6.917714,2.023912834182083
1111.0,25.0,-5.75731743099865,-7.707699,-4.891459,-6.289930226297422
1111.0,29.0,-3.2726282941490785,-8.518742,-7.078973,-3.805241089447851
1111.0,31.0,-7.912779009669002,-17.133652,-12.675321,-8.445391804967775
1112.0,2.0,3.6394737930130994,1.515767,1.106387,4.394499449190647
1112.0,5.0,7.750774952778038,10.506,12.045462,8.505800608955585
1112.0,6.0,5.049068945878551,-7.620789,-1.132153,5.804094602056098
1112.0,12.0,4.5687333611415575,-2.44053,2.428516,5.323759017319105
1112.0,19.0,4.621712310500584,4.498197,4.715317,5.376737966678132
1112.0,24.0,1.737704755198,7.498324,6.982516,2.4927304113755477
1112.0,25.0,-6.108250627288188,-6.675584,-4.80478,-5.35322497111064
1112.0,29.0,-4.213769823988239,-7.156639,-7.00847,-3.458744167810691
1112.0,31.0,-7.7776963604265195,-14.306228,-12.666927,-7.022670704248972
1113.0,2.0,3.7608451064919386,-2.168255,0.988297,4.8304047043897125
1113.0,5.0,7.461562603055796,7.523865,11.977483,8.53112220095357
1113.0,6.0,4.572713393065559,-6.573866,-1.170083,5.642272990963333
1113.0,12.0,4.452540849176009,-3.309166,2.280058,5.5221004470737824
1113.0,19.0,4.423103318206385,6.073731,4.740563,5.492662916104159
1113.0,24.0,1.5721550755721019,7.321389,6.896039,2.6417146734698753
1113.0,25.0,-6.263025962686035,-8.068445,-4.942125,-5.193466364788261
1113.0,29.0,-4.444738294594755,-6.625508,-7.118214,-3.3751786966969815
1113.0,31.0,-7.033456449202049,-28.996135,-12.687106,-5.963896851304275
1114.0,2.0,3.7459469041510136,5.216228,0.928656,5.808250176787532
1114.0,5.0,7.474965031352701,11.392539,11.931156,9.537268303989219
1114.0,6.0,4.641929526887656,-0.499674,-1.180179,6.704232799524175
1114.0,12.0,4.448243911443896,5.958979,2.199923,6.510547184080415
1114.0,19.0,2.7409421918496797,5.800345,4.760286,4.803245464486198
1114.0,24.0,1.7533945030917382,8.020439,6.83508,3.815697775728257
1114.0,25.0,-6.290689246737377,-2.038579,-5.011646,-4.228385974100858
1114.0,29.0,-4.349936423918485,-4.946644,-7.176912,-2.287633151281966
1114.0,31.0,-7.262528033419678,-4.573855,-12.686088,-5.2002247607831595
1115.0,2.0,3.7402560752581504,5.485513,0.989107,5.0031765359788585
1115.0,5.0,7.5500742175983895,13.195031,11.928106,8.812994678319097
1115.0,6.0,4.888900063310997,-2.445797,-1.117646,6.151820524031705
1115.0,12.0,4.501345434976201,3.268339,2.248995,5.7642658956969095
1115.0,19.0,4.004252739774177,4.974696,4.791688,5.267173200494885
1115.0,24.0,1.5651474216830206,7.21281,6.802463,2.8280678824037286
1115.0,25.0,-6.227780710925466,-1.705344,-4.95662,-4.964860250204758
1115.0,29.0,-4.339277650089328,-5.674441,-7.153592,-3.07635718936862
1115.0,31.0,-6.773823588267488,-7.29042,-12.644623,-5.51090312754678
1116.0,2.0,3.627742030442798,2.763334,1.003559,5.224248232981324
1116.0,5.0,7.684467967943476,10.642207,11.905783,9.280974170482002
1116.0,6.0,5.0037034267115335,-4.065922,-1.08154,6.60020962925006
1116.0,12.0,4.5086038046817976,-0.038708,2.247553,6.105110007220324
1116.0,19.0,3.502521229339937,7.275095,4.819041,5.099027431878463
1116.0,24.0,1.6326889923399772,4.219837,6.755938,3.2291951948785034
1116.0,25.0,-6.2423634256344815,-4.987858,-4.948936,-4.645857223095955
1116.0,29.0,-4.29702362625735,-7.84413,-7.1614,-2.700517423718824
1116.0,31.0,-7.609668809465942,-14.215733,-12.615935,-6.013162606927416
1117.0,2.0,3.8546137537893124,0.080691,1.011839,5.515619970297886
1117.0,5.0,7.475116073689556,10.033185,11.886474,9.136122290198129
1117.0,6.0,4.299625123584644,-2.962167,-1.067248,5.960631340093217
1117.0,12.0,4.460832457541722,-1.555624,2.252526,6.121838674050295
1117.0,19.0,3.6644223296306677,3.692811,4.821221,5.325428546139241
1117.0,24.0,1.4942097737574773,-1.512049,6.73729,3.155215990266051
1117.0,25.0,-6.16802425079527,-2.58761,-4.932787,-4.507018034286697
1117.0,29.0,-4.604891327051525,-6.282819,-7.150055,-2.943885110542951
1118.0,2.0,3.832379648418325,4.854484,1.065326,5.9558606290194325
1118.0,5.0,7.462452074803384,12.492963,11.900038,9.585933055404492
1118.0,6.0,4.661993353256609,-0.701019,-0.996088,6.785474333857716
1118.0,12.0,4.4015415743354325,2.917548,2.284646,6.52502255493654
1118.0,19.0,3.9789802455914067,4.622575,4.883851,6.102461226192514
1118.0,24.0,1.1703592435957013,9.077959,6.689946,3.293840224196809
1118.0,25.0,-6.191107945833315,-3.507984,-4.910826,-4.067626965232208
1118.0,29.0,-5.484696204169369,-3.766768,-7.168771,-3.3612152235682613
1118.0,31.0,-8.93702215483227,-20.645802,-12.577029,-6.813541174231163
1119.0,2.0,4.01290351053791,6.286692,1.115559,5.042072111855104
1119.0,5.0,7.80140905485996,11.948701,11.918772,8.830577656177153
1119.0,6.0,5.247195793090761,-1.845329,-0.948724,6.276364394407954
1119.0,12.0,4.477568697173464,3.738499,2.329042,5.506737298490657
1119.0,19.0,4.2477274668355225,9.048378,4.916514,5.276896068152716
1119.0,24.0,1.9445090430920136,14.468704,6.677236,2.9736776444092077
1119.0,25.0,-5.541245814497403,-3.855651,-4.874281,-4.512077213180209
1119.0,29.0,-4.31088586485339,-7.737861,-7.161509,-3.2817172635361955
1119.0,31.0,-7.045001763383694,-17.554501,-12.565969,-6.0158331620664995
1120.0,2.0,3.7229437577275046,0.994734,1.138892,5.1959901755265925
1120.0,5.0,7.5967263890404695,11.943963,11.93093,9.069772806839557
1120.0,6.0,5.250779001786368,-4.060005,-0.923272,6.723825419585456
1120.0,12.0,4.241938998486919,2.898993,2.348571,5.714985416286007
1120.0,19.0,4.291734153139027,4.678524,4.939838,5.764780570938115
1120.0,24.0,1.3517731358753835,3.704862,6.667863,2.824819553674472
1120.0,25.0,-5.882154371323124,-2.552003,-4.861989,-4.409107953524035
1120.0,29.0,-5.039575541266915,-5.45229,-7.166676,-3.5665291234678267
1120.0,31.0,-7.697676583027425,-14.616461,-12.565921,-6.224630165228337
1121.0,2.0,3.896966860527387,5.695851,1.167729,5.406815420461814
1121.0,5.0,7.4203772448337855,16.941609,11.939246,8.930225804768211
1121.0,6.0,5.34158927442796,-7.94621,-0.848367,6.851437834362387
1121.0,12.0,4.0083033912476385,2.783131,2.340575,5.518151951182065
1121.0,19.0,4.7603605976609025,4.983843,5.031136,6.270209157595329
1121.0,24.0,0.9707144170290833,8.823985,6.58753,2.48056297696351
1121.0,25.0,-5.707875374248135,-3.848088,-4.887035,-4.1980268143137085
1121.0,29.0,-5.414176598799569,-7.174543,-7.234518,-3.9043280388651427
1121.0,31.0,-9.017188618447197,-13.104975,-12.571183,-7.50734005851277
1122.0,2.0,4.017079346570448,6.013651,1.331644,4.946435635131495
1122.0,5.0,7.550376513607382,13.486491,11.998201,8.47973280216843
1122.0,6.0,5.1161480878476056,1.920578,-0.659861,6.045504376408653
1122.0,12.0,3.951948767080772,4.904789,2.454693,4.881305055641819
1122.0,19.0,5.778567044724371,6.199473,5.185953,6.707923333285418
1122.0,24.0,0.2477657102004649,5.693643,6.490846,1.1771219987615127
1122.0,25.0,-5.477846388823268,-2.28279,-4.805663,-4.548490100262221
1122.0,29.0,-5.504487074111854,-6.187658,-7.261366,-4.575130785550806
1122.0,31.0,-8.161852932005392,-11.564295,-12.542672,-7.232496643444344
1123.0,2.0,4.030242685440715,1.123241,1.380476,5.47718685016532
1123.0,5.0,7.579838034451189,11.676393,11.971204,9.026782199175793
1123.0,6.0,4.997953493458034,-2.750389,-0.541618,6.444897658182639
1123.0,12.0,3.9553002704789186,1.021928,2.445603,5.4022444352035235
1123.0,19.0,5.126057541221993,6.164475,5.300337,6.573001705946598
1123.0,24.0,0.2803169055487409,7.883201,6.352987,1.7272610702733455
1123.0,25.0,-5.108685802842575,-5.206181,-4.813452,-3.66174163811797
1123.0,29.0,-5.624180115992125,-9.118803,-7.325509,-4.17723595126752
1123.0,31.0,-9.276251003495624,-10.580066,-12.501048,-7.829306838771019
1124.0,2.0,4.027848848788837,-1.083339,1.349708,5.708415314976085
1124.0,5.0,7.807088240863166,13.88594,11.910004,9.487654707050414
1124.0,6.0,5.245956171300591,-4.868271,-0.500458,6.926522637487839
1124.0,12.0,4.200579168701092,0.763726,2.371871,5.881145634888339
1124.0,19.0,5.659390993663649,5.444955,5.358869,7.339957459850897
1124.0,24.0,0.48290555611052177,5.395767,6.238725,2.16347202229777
1124.0,25.0,-4.802512091000814,-1.144897,-4.870785,-3.121945624813566
1124.0,29.0,-5.591183099008262,-7.857323,-7.394086,-3.910616632821014
1124.0,31.0,-11.331438992828204,-18.52871,-12.471217,-9.650872526640956
1125.0,2.0,4.151334477104514,2.136785,1.305002,6.1681142948422485
1125.0,5.0,7.608971298486484,13.177952,11.897097,9.625751116224219
1125.0,6.0,5.268917960013798,-8.494161,-0.556048,7.285697777751532
1125.0,12.0,3.8639221725165243,3.875586,2.347093,5.880701990254258
1125.0,19.0,4.68095686904811,5.302436,5.313711,6.697736686785844
1125.0,24.0,0.48872824457298414,8.557871,6.27399,2.505508062310718
1125.0,25.0,-5.0314023697615085,-3.597255,-4.888206,-3.0146225520237744
1125.0,29.0,-5.577340643305276,-4.017583,-7.383235,-3.560560825567542
1125.0,31.0,-11.111636694115838,-17.206525,-12.481517,-9.094856876378103
1126.0,2.0,3.979214586845835,1.6029,1.380665,5.506591752170063
1126.0,5.0,7.637192894799256,15.246042,12.046813,9.164570060123484
1126.0,6.0,5.1562891552934005,-2.103214,-0.533196,6.683666320617629
1126.0,12.0,3.961263701926633,6.431326,2.447364,5.4886408672508615
1126.0,19.0,4.7783207915457595,6.180887,5.364674,6.305697956869988
1126.0,24.0,0.16414155809530584,8.056576,6.369623,1.6915187234195341
1126.0,25.0,-5.143888267440272,-5.745811,-4.865802,-3.6165111021160437
1126.0,29.0,-5.47476925314468,-6.808509,-7.406989,-3.947392087820451
1126.0,31.0,-9.340726203250558,-12.115195,-12.591808,-7.813349037926329
1127.0,2.0,4.265505223228489,3.630167,1.430391,5.726303086276294
1127.0,5.0,7.652126211697691,10.71584,12.029574,9.112924074745496
1127.0,6.0,4.471417243301612,-1.426145,-0.411614,5.9322151063494175
1127.0,12.0,3.7470693819072487,1.301407,2.437051,5.207867244955054
1127.0,19.0,4.882097755148855,6.892993,5.489418,6.3428956181966605
1127.0,24.0,0.03636937909420368,12.210607,6.230922,1.4971672421420084
1127.0,25.0,-4.859420956085175,-2.612898,-4.881897,-3.39862309303737
1127.0,29.0,-5.545651571028548,-8.042505,-7.483401,-4.084853707980743
1127.0,31.0,-9.316615531459606,-12.613732,-12.56181,-7.855817668411801
1128.0,2.0,4.050711161685571,1.841865,1.618605,5.470723571072418
1128.0,5.0,7.55027164404053,14.191974,11.911548,8.970284053427378
1128.0,6.0,4.049362299885956,4.029702,-0.131219,5.469374709272803
1128.0,12.0,3.6061908881930016,7.739511,2.521409,5.0262032975798485
1128.0,19.0,4.898736818307796,1.901346,5.647409,6.318749227694643
1128.0,24.0,-0.6571401083504149,-1.064754,5.958313,0.7628723010364322
1128.0,25.0,-4.9456372541616,-2.564985,-4.730338,-3.525624844774753
1128.0,29.0,-5.722275745623637,-4.622985,-7.444952,-4.30226333623679
1128.0,31.0,-8.569857398377419,-8.426981,-12.331757,-7.149844988990572
1129.0,2.0,3.9593738942851147,7.048752,1.636794,5.099455885578707
1129.0,5.0,7.732048123601359,15.797867,11.863136,8.87213011489495
1129.0,6.0,4.18922915205121,3.743707,0.016559,5.329311143344802
1129.0,12.0,3.7772247456459915,5.958131,2.444153,4.917306736939584
1129.0,19.0,5.182446499761312,7.066928,5.826275,6.322528491054904
1129.0,24.0,-0.9276341418119296,1.493898,5.736528,0.21244784948166262
1129.0,25.0,-4.933308989620458,1.6015,-4.812263,-3.7932269983268654
1129.0,29.0,-5.213322051536351,-5.593117,-7.595334,-4.0732400602427585
1129.0,31.0,-9.693414854781246,-16.727864,-12.303221,-8.553332863487654
1130.0,2.0,4.010358817437641,3.860577,1.714442,4.489738711278757
1130.0,5.0,8.205464403538063,9.735377,11.880642,8.684844297379179
1130.0,6.0,4.4354659444374445,3.664765,0.142134,4.91484583827856
1130.0,12.0,3.8714271231554314,1.866356,2.47297,4.350807016996547
1130.0,19.0,6.05967365093718,10.368521,5.949433,6.539053544778295
1130.0,24.0,-1.1950200060828826,6.26346,5.632321,-0.7156401122417668
1130.0,25.0,-4.9438507204905875,-5.823463,-4.802791,-4.464470826649472
1130.0,29.0,-4.43632623134571,-9.561262,-7.654906,-3.9569463375045943
1130.0,31.0,-9.58412106284317,-12.695389,-12.28866,-9.104741169002054
1131.0,2.0,4.004017970443112,3.736116,1.74236,4.6201062322798485
1131.0,5.0,8.013372535783663,11.621392,11.891868,8.6294607976204
1131.0,6.0,4.504871313256576,-0.911858,0.201935,5.120959575093313
1131.0,12.0,3.812511475243719,1.131423,2.47422,4.4285997370804555
1131.0,19.0,5.66186127894095,2.63478,6.020148,6.277949540777687
1131.0,24.0,-1.2739281674258955,9.865728,5.574915,-0.6578399055891593
1131.0,25.0,-4.924944040238784,-5.342412,-4.816352,-4.308855778402048
1131.0,29.0,-4.456056066020402,-6.700895,-7.703576,-3.8399678041836656
1131.0,31.0,-9.150825095231326,-8.872577,-12.293727,-8.53473683339459
1132.0,2.0,3.9204389495481564,6.298962,1.729942,4.512926329419633
1132.0,5.0,8.31600408406787,13.2389,11.933579,8.908491463939347
1132.0,6.0,4.575884420825757,1.414745,0.181754,5.1683718006972335
1132.0,12.0,3.9191113246731994,4.860921,2.472457,4.511598704544676
1132.0,19.0,5.281102315907642,6.327924,6.029907,5.873589695779119
1132.0,24.0,-1.3807038306145292,8.210564,5.608263,-0.7882164507430528
1132.0,25.0,-5.213813101284021,-0.063557,-4.84509,-4.6213257214125445
1132.0,29.0,-4.417601890441426,-7.334477,-7.734293,-3.8251145105699496
1132.0,31.0,-8.167116145842545,-4.763349,-12.348102,-7.5746287659710685
1133.0,2.0,3.7727033175099685,2.30735,1.748502,4.198868836595269
1133.0,5.0,8.149072263449558,13.958886,11.985841,8.575237782534858
1133.0,6.0,4.477275270523553,-1.914394,0.157,4.903440789608853
1133.0,12.0,3.824895416300887,1.071364,2.520989,4.251060935386187
1133.0,19.0,6.730445480135106,3.193023,6.006313,7.1566109992204066
1133.0,24.0,-1.4268707853542582,8.103527,5.684015,-1.0007052662689575
1133.0,25.0,-5.27704256850724,-4.685695,-4.817428,-4.850877049421939
1133.0,29.0,-4.368889869679681,-8.805426,-7.706984,-3.9427243505943808
1133.0,31.0,-10.299714075060361,-12.047123,-12.384055,-9.873548555975061
1134.0,2.0,4.026628733682063,4.697226,1.833678,5.071701282187358
1134.0,5.0,8.0512942166444,12.001918,12.061361,9.096366765149694
1134.0,6.0,4.362315157690457,0.905102,0.22188,5.407387706195752
1134.0,12.0,3.6219368021189187,1.205383,2.605252,4.667009350624213
1134.0,19.0,5.653881034220785,6.196085,6.064734,6.698953582726079
1134.0,24.0,-1.2791517818587956,7.063022,5.699781,-0.23407923335350111
1134.0,25.0,-5.33187164411015,-2.091657,-4.770358,-4.286799095604855
1134.0,29.0,-3.3507516106505104,-7.233408,-7.710067,-2.3056790621452157
1134.0,31.0,-10.510657262833458,-13.599236,-12.411497,-9.465584714328164
1135.0,2.0,3.86653585990771,6.572446,1.821716,4.637894154105904
1135.0,5.0,8.236493499513713,11.560316,12.074022,9.007851793711907
1135.0,6.0,4.543632834264352,2.327416,0.216644,5.314991128462546
1135.0,12.0,3.7386837033027973,4.360153,2.593392,4.510041997500991
1135.0,19.0,5.22806031749694,7.798621,6.078587,5.999418611695134
1135.0,24.0,-1.4079233463604104,3.197555,5.700866,-0.6365650521622168
1135.0,25.0,-5.151928531735695,1.504389,-4.79411,-4.380570237537501
1135.0,29.0,-4.200396762284343,-6.361822,-7.736767,-3.429038468086149
1135.0,31.0,-8.897302899211553,-7.191772,-12.436095,-8.125944605013359
1136.0,2.0,3.7213758900704157,5.249976,1.605726,4.30471624861047
1136.0,5.0,8.427971251699024,12.627575,11.951002,9.011311610239078
1136.0,6.0,4.8566120714880565,1.215076,0.084611,5.439952430028111
1136.0,12.0,3.941380424960009,6.637638,2.364729,4.524720783500063
1136.0,19.0,5.221065717314037,8.363205,6.028097,5.804406075854091
1136.0,24.0,-1.3852916974703327,0.039232,5.638848,-0.8019513389302784
1136.0,25.0,-4.947931300376185,-1.332585,-4.985162,-4.364590941836131
1136.0,29.0,-4.809420395091388,-4.004822,-7.841661,-4.226080036551334
1137.0,2.0,3.956022993627812,7.112623,1.519796,4.5905150946439335
1137.0,5.0,8.183428346668844,14.318112,11.899765,8.817920447684966
1137.0,6.0,4.486602085963266,3.002471,0.039801,5.121094186979388
1137.0,12.0,3.7318512928310863,4.263371,2.269626,4.366343393847208
1137.0,19.0,5.140108450280746,9.04426,6.019136,5.774600551296867
1137.0,24.0,-1.1957702355286832,2.116721,5.602346,-0.5612781345125614
1137.0,25.0,-5.133518968616144,0.250565,-5.066359,-4.499026867600023
1137.0,29.0,-4.441434407231817,-6.73223,-7.893342,-3.8069423062156953
1137.0,31.0,-8.2204683290648,-15.109917,-12.464904,-7.585976228048679
1138.0,2.0,3.8617603593053182,1.419724,1.594826,4.12120838836721
1138.0,5.0,7.967167616537173,11.344805,11.977384,8.226615645599065
1138.0,6.0,4.520498931951138,-1.526335,0.103221,4.77994696101303
1138.0,12.0,3.6193423197605217,2.372939,2.339591,3.8787903488224136
1138.0,19.0,6.035902287050924,6.981056,6.087476,6.295350316112815
1138.0,24.0,-0.9156923215516937,2.037181,5.610668,-0.6562442924898018
1138.0,25.0,-5.17795457174876,-4.476479,-5.03842,-4.918506542686869
1138.0,29.0,-4.88222383936959,-6.412189,-7.91587,-4.622775810307697
1139.0,2.0,4.093607225441277,3.033919,1.599552,4.319219706653887
1139.0,5.0,7.775652688284293,12.923122,12.044533,8.001265169496902
1139.0,6.0,4.2801037130174375,0.702438,0.091769,4.505716194230048
1139.0,12.0,3.4384148960393244,4.140384,2.357579,3.664027377251934
1139.0,19.0,6.391542819129487,5.368262,6.108682,6.617155300342097
1139.0,24.0,-0.6214227951471267,11.428334,5.657203,-0.39581031393451693
1139.0,25.0,-4.821076524718647,-5.475114,-5.060385,-4.595464043506037
1139.0,29.0,-4.839589974559302,-6.124946,-7.949792,-4.613977493346692
1139.0,31.0,-7.487407901272487,-18.815503,-12.574532,-7.261795420059877
1140.0,2.0,3.988425944108938,3.816016,1.634361,4.362632022252126
1140.0,5.0,7.957143943586383,15.32275,12.13123,8.33135002172957
1140.0,6.0,4.524593172637928,0.617646,0.06759,4.898799250781116
1140.0,12.0,3.583875111451949,5.627267,2.430477,3.958081189595137
1140.0,19.0,7.4899283758041015,9.77801,6.090635,7.8641344539472895
1140.0,24.0,-1.0673157718945694,6.422406,5.760641,-0.6931096937513817
1140.0,25.0,-4.898881245031166,-3.074925,-5.025222,-4.524675166887978
1140.0,29.0,-5.065687647156953,-8.373567,-7.922893,-4.6914815690137655
1140.0,31.0,-9.728189223213322,-11.123658,-12.635394,-9.353983145070135
1141.0,2.0,3.9506342316501257,1.915039,1.683156,4.460170182997392
1141.0,5.0,7.9221743430321485,10.42762,12.21723,8.431710294379414
1141.0,6.0,4.425974795260112,-2.411512,0.079167,4.935510746607378
1141.0,12.0,3.579094007862695,-0.146311,2.49854,4.088629959209961
1141.0,19.0,6.085782560380595,6.992927,6.112374,6.595318511727862
1141.0,24.0,-1.0911301952904546,5.638258,5.82378,-0.5815942439431883
1141.0,25.0,-5.048564263810162,-8.109894,-4.999559,-4.539028312462896
1141.0,29.0,-5.334236608091353,-7.783509,-7.923634,-4.824700656744087
1141.0,31.0,-7.782152924905223,-12.892222,-12.693153,-7.272616973557956
1142.0,2.0,3.8672672780860307,2.914134,1.704701,4.066580106664794
1142.0,5.0,8.121919231697902,10.085065,12.311942,8.321232060276666
1142.0,6.0,4.748015946537128,-2.841727,0.062211,4.947328775115892
1142.0,12.0,3.630480539504404,1.751428,2.546153,3.8297933680831684
1142.0,19.0,6.028895470597311,7.065354,6.124753,6.2282082991760745
1142.0,24.0,-0.8158243489126438,7.153086,5.905423,-0.6165115203338796
1142.0,25.0,-5.047716648855732,-2.998332,-5.002182,-4.8484038202769675
1142.0,29.0,-4.628902808320867,-4.711478,-7.941147,-4.429589979742103
1142.0,31.0,-8.108644933983447,-17.037503,-12.778162,-7.909332105404683
1143.0,2.0,3.738687294527363,0.915672,1.692361,3.2610719057691084
1143.0,5.0,8.027907926179278,12.215702,12.379077,7.550292537421024
1143.0,6.0,4.665881650740664,-1.957679,0.021993,4.18826626198241
1143.0,12.0,3.6282685482858774,1.096386,2.559405,3.150653159527623
1143.0,19.0,6.76618792344091,9.585333,6.119857,6.288572534682656
1143.0,24.0,-0.6126073372546301,3.909855,5.978251,-1.0902227260128847
1143.0,25.0,-5.282376149586913,-7.821448,-5.026981,-5.759991538345167
1143.0,29.0,-4.219470586585479,-8.891168,-7.963667,-4.697085975343734
1144.0,2.0,3.8271868359870336,1.282556,1.668534,3.954598068862382
1144.0,5.0,8.103276732497676,12.062261,12.418538,8.230687965373024
1144.0,6.0,4.6753451148285095,-1.922978,0.020916,4.802756347703857
1144.0,12.0,3.5462935319530366,1.219509,2.526695,3.673704764828385
1144.0,19.0,5.664619367062793,4.028928,6.169953,5.7920305999381405
1144.0,24.0,-0.6251783976500089,15.167614,5.970301,-0.49776716477466065
1144.0,25.0,-5.346377138702766,-4.311005,-5.095221,-5.218965905827417
1144.0,29.0,-4.57124590194126,-8.859648,-8.044389,-4.443834669065911
1145.0,2.0,3.763829734933969,5.407675,1.571278,3.7456674063158464
1145.0,5.0,8.363142222594947,13.42742,12.408331,8.344979893976824
1145.0,6.0,4.859407133554811,0.676464,-0.024652,4.841244804936688
1145.0,12.0,3.6871460081237935,2.355785,2.415132,3.6689836795056707
1145.0,19.0,5.64739422911709,6.684351,6.198157,5.629231900498967
1145.0,24.0,-0.6617514475077568,3.533133,5.937804,-0.6799137761258796
1145.0,25.0,-5.088683060065113,-4.159898,-5.224376,-5.106845388683237
1145.0,29.0,-4.371614638576271,-6.995659,-8.154351,-4.389776967194393
1146.0,2.0,3.838867862210666,2.7686,1.530161,4.251972808830455
1146.0,5.0,7.957071302338367,12.095739,12.428731,8.370176248958156
1146.0,6.0,4.498019372973598,0.735179,-0.016233,4.911124319593387
1146.0,12.0,3.3547244741427846,2.389492,2.349292,3.767829420762574
1146.0,19.0,6.203840316859354,2.520063,6.269223,6.616945263479144
1146.0,24.0,-0.8596381245763212,4.660656,5.891257,-0.4465331779565316
1146.0,25.0,-5.095185067959045,-6.183827,-5.322517,-4.682080121339256
1146.0,29.0,-5.312089368402724,-5.371092,-8.266351,-4.898984421782934
1146.0,31.0,-8.97982044804823,-14.287652,-13.056998,-8.56671550142844
1147.0,2.0,4.096374243970487,2.828209,1.614246,4.634357750439745
1147.0,5.0,8.255860730260952,13.306751,12.523703,8.793844236730209
1147.0,6.0,4.84931134731791,0.161195,0.066941,5.387294853787167
1147.0,12.0,3.5318274722219094,2.701287,2.418735,4.069810978691167
1147.0,19.0,5.908285367256383,9.347423,6.369478,6.44626887372564
1147.0,24.0,-0.7134098343119266,2.28458,5.884782,-0.17542632784266954
1147.0,25.0,-4.74406241237832,-5.667748,-5.308925,-4.206078905909063
1147.0,29.0,-4.4234953786999025,-10.05073,-8.317583,-3.885511872230645
1147.0,31.0,-9.874416267678995,-11.487727,-13.113797,-9.336432761209739
1148.0,2.0,3.8458992942396595,5.9189,1.734942,4.659986157408411
1148.0,5.0,8.080226041896918,12.040672,12.575431,8.894312905065668
1148.0,6.0,4.585978589105437,2.339543,0.208258,5.400065452274188
1148.0,12.0,3.2562096655249206,3.3259,2.50111,4.070296528693672
1148.0,19.0,5.823110070669806,5.955565,6.492706,6.637196933838557
1148.0,24.0,-1.054012024459908,8.708282,5.812314,-0.23992516129115682
1148.0,25.0,-4.9173509205646955,-2.945797,-5.256646,-4.103264057395944
1148.0,29.0,-5.415579283903401,-6.694345,-8.348387,-4.60149242073465
1148.0,31.0,-10.191394128308813,-11.496132,-13.103212,-9.377307265140061
1149.0,2.0,3.7720979564708337,2.739961,1.77329,3.6023786620182063
1149.0,5.0,8.450513340030232,14.117671,12.541492,8.280794045577604
1149.0,6.0,4.674340719224958,1.235796,0.293874,4.50462142477233
1149.0,12.0,3.380741208398053,3.363628,2.499175,3.2110219139454257
1149.0,19.0,8.570995211210361,7.092089,6.563287,8.401275916757733
1149.0,24.0,-1.074730097223748,7.271488,5.71074,-1.2444493916763755
1149.0,25.0,-4.889911259972507,-4.616271,-5.246926,-5.0596305544251345
1149.0,29.0,-5.095390504099024,-10.601814,-8.375754,-5.265109798551651
1149.0,31.0,-9.11727481044704,-11.672842,-13.053753,-9.286994104899668
1150.0,2.0,3.935987700127132,2.292302,1.789155,3.8386580019635934
1150.0,5.0,8.170295262943212,13.566092,12.509164,8.072965564779674
1150.0,6.0,4.481319601237196,1.328594,0.305036,4.383989903073657
1150.0,12.0,3.22533469484544,3.706925,2.517542,3.1280049966819012
1150.0,19.0,6.376206812778374,10.04523,6.544087,6.278877114614835
1150.0,24.0,-0.9452933477723491,8.395153,5.699873,-1.0426230459358878
1150.0,25.0,-4.660418272713542,-4.773379,-5.204754,-4.757747970877081
1150.0,29.0,-4.842250839755419,-8.06335,-8.33275,-4.939580537918958
1150.0,31.0,-7.354412852106994,-24.735994,-13.004473,-7.451742550270533
1151.0,2.0,3.91646842962723,3.276959,1.748093,4.039495382455052
1151.0,5.0,8.55018261017078,11.800293,12.480583,8.6732095629986
1151.0,6.0,4.75498445908034,-2.807675,0.252315,4.878011411908163
1151.0,12.0,3.4410703946443295,3.046442,2.496333,3.564097347472152
1151.0,19.0,6.377598814021805,12.457723,6.489567,6.500625766849628
1151.0,24.0,-0.8153402131010967,4.783228,5.729311,-0.6923132602732744
1151.0,25.0,-4.650491050015914,-3.238873,-5.207758,-4.5274640971880915
1151.0,29.0,-4.905908275610869,-7.698084,-8.305102,-4.782881322783047
1151.0,31.0,-9.257925081677172,-12.739314,-12.994012,-9.13489812884935
1152.0,2.0,3.964336072645464,5.704722,1.760978,3.4842470369247525
1152.0,5.0,8.100169850543864,15.396929,12.471982,7.620080814823153
1152.0,6.0,4.6024461074331295,1.128518,0.235894,4.122357071712418
1152.0,12.0,3.340554403315654,3.752759,2.530396,2.860465367594942
1152.0,19.0,6.709333057930868,7.679299,6.446157,6.229244022210157
1152.0,24.0,-0.6925358637878567,8.236666,5.765509,-1.1726248995085684
1152.0,25.0,-4.827623381586784,-5.163925,-5.158716,-5.307712417307496
1152.0,29.0,-4.184323510494928,-8.656835,-8.246572,-4.66441254621564
1153.0,2.0,3.9125879487133357,7.24249,1.797909,2.919287111146101
1153.0,5.0,8.636932114605564,14.16925,12.460683,7.643631277038329
1153.0,6.0,4.899349577462452,0.382358,0.270832,3.9060487398952173
1153.0,12.0,3.4542294549755095,6.159967,2.563327,2.4609286174082747
1153.0,19.0,6.46855628865273,11.184187,6.45452,5.475255451085495
1153.0,24.0,-0.44352863695877787,-2.205038,5.747245,-1.4368294745260126
1153.0,25.0,-4.733658794670653,-0.920944,-5.11483,-5.726959632237888
1153.0,29.0,-3.8643455470693473,-4.050423,-8.218431,-4.857646384636582
1154.0,2.0,3.928373614383551,4.302852,1.854089,3.5045621732649948
1154.0,5.0,8.213895249632305,14.491912,12.471502,7.790083808513749
1154.0,6.0,4.699416729391006,-3.602113,0.341465,4.27560528827245
1154.0,12.0,3.2395706499845573,1.900396,2.599363,2.8157592088660013
1154.0,19.0,6.921675566068979,4.919332,6.511472,6.497864124950423
1154.0,24.0,-0.6261675686175074,5.945459,5.702033,-1.0499790097360635
1154.0,25.0,-4.738216566002404,-0.660668,-5.085612,-5.162028007120959
1154.0,29.0,-5.1779477992704415,-6.676449,-8.228225,-5.601759240388997
1155.0,2.0,3.8707342848332615,0.215147,1.825431,3.746174886221647
1155.0,5.0,8.376956613678587,12.275294,12.456419,8.252397215066972
1155.0,6.0,4.533040546882681,0.282611,0.321051,4.408481148271067
1155.0,12.0,3.143880534590206,0.983634,2.573356,3.0193211359785916
1155.0,19.0,6.750698595073107,3.912015,6.50213,6.626139196461493
1155.0,24.0,-0.6238047302132088,1.151662,5.69973,-0.7483641288248235
1155.0,25.0,-4.543786365520793,-8.155864,-5.107107,-4.6683457641324075
1155.0,29.0,-5.3859263773839405,-7.688951,-8.238822,-5.510485775995555
1155.0,31.0,-7.868428025772955,-13.899093,-12.913916,-7.9929874243845696
1156.0,2.0,3.9537946328970257,4.01777,1.832357,4.328020239867166
1156.0,5.0,8.000799621062708,12.621776,12.444812,8.375025228032847
1156.0,6.0,4.447498723433174,0.654965,0.289192,4.821724330403314
1156.0,12.0,3.1341672286242552,4.58723,2.609664,3.508392835594395
1156.0,19.0,6.1629978584577945,6.95183,6.439343,6.537223465427934
1156.0,24.0,-0.2660004931060298,7.630405,5.752195,0.10822511386410993
1156.0,25.0,-4.603836806959862,-6.92883,-5.051551,-4.229611199989722
1156.0,29.0,-4.84802898914507,-6.486659,-8.165192,-4.47380338217493
1156.0,31.0,-9.364075501349955,-11.522655,-12.883891,-8.989849894379816
1157.0,2.0,3.973177978759578,0.676111,1.864624,3.5389492578827237
1157.0,5.0,8.183140131967937,11.665631,12.426587,7.748911411091083
1157.0,6.0,4.5562823365212655,0.202839,0.270286,4.122053615644411
1157.0,12.0,3.1787502035596713,-1.054036,2.674869,2.744521482682817
1157.0,19.0,7.5802302884566295,1.196469,6.365218,7.146001567579775
1157.0,24.0,-0.503052926309703,0.795056,5.808427,-0.9372816471865573
1157.0,25.0,-4.535453340804404,-11.467722,-4.956731,-4.969682061681258
1157.0,29.0,-5.111131746060429,-9.520973,-8.056131,-5.545360466937283
1157.0,31.0,-7.698238992282599,-13.506613,-12.825902,-8.132467713159453
1158.0,2.0,3.9435335335124275,4.736911,1.86148,3.665527815326767
1158.0,5.0,8.137152745238287,14.370486,12.360699,7.859147027052627
1158.0,6.0,4.572413210003631,0.592995,0.272613,4.294407491817971
1158.0,12.0,3.1655477093594406,5.4295,2.670672,2.88754199117378
1158.0,19.0,8.661841052428525,19.485167,6.331197,8.383835334242864
1158.0,24.0,-0.4465003398475158,0.836837,5.779839,-0.7245060580331761
1158.0,25.0,-4.693114219263495,-4.243542,-4.919447,-4.9711199374491555
1158.0,29.0,-4.964686606867582,-6.468643,-8.006062,-5.242692325053243
1158.0,31.0,-8.37481298425228,-10.676608,-12.752726,-8.65281870243794
1159.0,2.0,4.161502805557966,3.79073,1.748673,4.15115314295088
1159.0,5.0,8.242044831721016,13.726206,12.224216,8.23169516911393
1159.0,6.0,4.475410852122611,2.270704,0.193861,4.465061189515525
1159.0,12.0,3.502596980679902,0.552769,2.559366,3.4922473180728164
1159.0,19.0,6.32387867693728,5.620012,6.244246,6.313529014330195
1159.0,24.0,-0.7547198666375063,4.423545,5.738348,-0.7650695292445922
1159.0,25.0,-5.104858134375241,-5.45611,-4.960744,-5.115207796982327
1159.0,29.0,-4.146099031778519,-10.891782,-7.980336,-4.156448694385604
1159.0,31.0,-9.775453168683597,-13.366631,-12.676651,-9.785802831290683
1160.0,2.0,4.218413887555187,7.096161,1.734786,4.765835212100285
1160.0,5.0,7.9124665230806706,14.162488,12.13733,8.459887847625769
1160.0,6.0,4.2200301150234765,3.794196,0.21562,4.767451439568575
1160.0,12.0,3.181773784502017,6.763662,2.524502,3.729195109047115
1160.0,19.0,5.042341413517249,8.498338,6.238221,5.589762738062348
1160.0,24.0,0.3052859114851616,11.031998,5.662047,0.8527072360302601
1160.0,25.0,-5.254731653225713,-0.48102,-4.949997,-4.707310328680615
1160.0,29.0,-3.8741912320162566,-7.054648,-7.962443,-3.3267699074711583
1160.0,31.0,-10.845876156261518,-12.326339,-12.595338,-10.29845483171642
1161.0,2.0,4.22668720561135,4.479046,1.793504,3.699068813724155
1161.0,5.0,8.291794178621041,15.15536,12.123502,7.764175786733846
1161.0,6.0,4.307837586115239,2.368609,0.277695,3.780219194228044
1161.0,12.0,3.322032491123899,6.093565,2.570404,2.794414099236704
1161.0,19.0,6.41879309488958,4.413437,6.263434,5.891174703002385
1161.0,24.0,-0.49251800792671485,14.262908,5.623688,-1.02013639981391
1161.0,25.0,-5.137049716265824,-0.697037,-4.890944,-5.664668108153019
1161.0,29.0,-4.523741932974151,-7.756706,-7.931534,-5.051360324861346
1162.0,2.0,4.170140085858339,4.139135,1.820362,4.433346795618655
1162.0,5.0,8.247253595657671,10.577114,12.109335,8.510460305417986
1162.0,6.0,4.3585519294015675,-1.898058,0.299826,4.621758639161883
1162.0,12.0,3.3042828727747224,3.536169,2.597278,3.567489582535038
1162.0,19.0,6.304630732328265,10.196821,6.260897,6.567837442088581
1162.0,24.0,-0.7191327746177238,0.86329,5.613465,-0.45592606485740816
1162.0,25.0,-5.007877400138593,-5.602373,-4.851242,-4.744670690378277
1162.0,29.0,-4.530462396744408,-5.264894,-7.900528,-4.267255686984092
1162.0,31.0,-11.227625138345159,-6.710156,-12.507254,-10.964418428584843
1163.0,2.0,4.257129934154584,4.413141,1.827306,4.195858379155144
1163.0,5.0,8.115784888035387,12.136336,12.067772,8.054513333035947
1163.0,6.0,4.423586985459444,-1.355098,0.313153,4.362315430460004
1163.0,12.0,3.414020894323139,3.038915,2.600281,3.352749339323699
1163.0,19.0,6.050824795489028,8.295969,6.248544,5.989553240489588
1163.0,24.0,-0.5726095619841054,7.993043,5.586837,-0.6338811169835454
1163.0,25.0,-5.083915128885017,-6.675328,-4.822261,-5.145186683884456
1163.0,29.0,-4.144354653801499,-7.020818,-7.869908,-4.205626208800939
1163.0,31.0,-8.700352288511155,-12.919234,-12.4563,-8.761623843510595
1164.0,2.0,4.122556849861709,7.99391,1.843858,4.458404046024993
1164.0,5.0,8.094329411143187,15.60549,12.043799,8.430176607306471
1164.0,6.0,4.489841020389671,3.380319,0.299713,4.825688216552955
1164.0,12.0,3.3925595266584807,5.494654,2.637544,3.7284067228217643
1164.0,19.0,5.66184936056268,7.108636,6.195896,5.997696556725964
1164.0,24.0,-0.5122260250931223,4.723539,5.616664,-0.1763788289298387
1164.0,25.0,-5.179035421781336,-0.094481,-4.75915,-4.843188225618052
1164.0,29.0,-3.9339844918409277,-7.051596,-7.79484,-3.598137295677644
1164.0,31.0,-10.494148828600864,-11.529442,-12.408245,-10.15830163243758
1165.0,2.0,4.084652547115374,4.439655,1.866643,3.229182280086969
1165.0,5.0,8.617485255891143,12.915882,12.024392,7.762014988862738
1165.0,6.0,4.435069410593297,0.174938,0.331509,3.579599143564892
1165.0,12.0,3.373938914360643,4.028948,2.651083,2.5184686473322384
1165.0,24.0,-0.46154055747164957,9.233827,5.585768,-1.3170108245000542
1165.0,25.0,-5.080475284890478,-5.281909,-4.733674,-5.935945551918882
1165.0,29.0,-3.7726822476147293,-8.103706,-7.782051,-4.6281525146431335
1165.0,31.0,-8.941554037198921,-8.165697,-12.373793,-9.797024304227326
1166.0,2.0,4.194212828011024,-0.14473,1.9084,4.46692610434451
1166.0,5.0,8.348023285124041,12.262785,12.049575,8.620736561457527
1166.0,6.0,4.186016638985272,-2.239623,0.354159,4.4587299153187585
1166.0,12.0,3.364802081628831,0.883927,2.700314,3.637515357962317
1166.0,19.0,8.788552522919428,30.36142,6.216704,9.061265799252915
1166.0,24.0,-0.4876421682100638,10.137749,5.603504,-0.2149288918765775
1166.0,25.0,-5.0763711706718375,-7.371694,-4.692173,-4.803657894338351
1166.0,29.0,-3.788781031425695,-9.871231,-7.758401,-3.516067755092209
1166.0,31.0,-11.244635475298146,-15.827098,-12.370364,-10.97192219896466
1167.0,2.0,4.398359880834164,3.275403,1.972672,4.579336045388814
1167.0,5.0,7.739581181506942,16.359625,12.092739,7.920557346061592
1167.0,6.0,3.764522514314592,-2.065313,0.36004,3.9454986788692428
1167.0,12.0,3.2380235471278453,3.317705,2.796076,3.418999711682496
1167.0,19.0,8.839789106579037,29.041675,6.185748,9.020765271133687
1167.0,24.0,0.29984192300049983,5.343572,5.67571,0.48081808755515043
1167.0,25.0,-5.121727000880135,-1.481239,-4.602462,-4.940750836325485
1167.0,29.0,-2.872658309729,-9.276452,-7.680928,-2.6916821451743496
1167.0,31.0,-10.6464079458571,-14.007765,-12.360992,-10.465431781302449
1168.0,2.0,4.305864585926589,3.439452,2.126549,4.3229805497877365
1168.0,5.0,8.336997426767663,10.287237,12.146208,8.354113390628811
1168.0,6.0,4.1979265005912705,1.560289,0.421702,4.215042464452418
1168.0,12.0,3.5148645132940253,3.601945,2.986727,3.5319804771551726
1168.0,19.0,6.540000581575274,3.006562,6.15152,6.557116545436422
1168.0,24.0,0.4819700290342457,9.828716,5.757529,0.499085992895393
1168.0,25.0,-5.010169380530439,-5.24864,-4.406399,-4.993053416669291
1168.0,29.0,-3.389237524841157,-8.703469,-7.524153,-3.3721215609800095
1168.0,31.0,-10.917003121937773,-3.216113,-12.295075,-10.899887158076625
1169.0,2.0,4.244633564171821,4.767328,2.18533,5.092538916127151
1169.0,5.0,8.194994355505408,13.823931,12.201187,9.042899707460737
1169.0,6.0,4.281209038171006,-0.898089,0.393151,5.129114390126337
1169.0,12.0,3.402170378756022,5.339449,3.09955,4.250075730711353
1169.0,19.0,5.513971604954724,7.229038,6.080907,6.361876956910055
1169.0,24.0,-0.46009616909881235,6.961288,5.880406,0.387809182856518
1169.0,25.0,-5.000836412726722,1.136972,-4.299448,-4.152931060771391
1169.0,29.0,-4.143384997104998,-4.483703,-7.414575,-3.2954796451496673
1169.0,31.0,-11.123395071164287,-14.986853,-12.293787,-10.275489719208958
1170.0,2.0,4.166185610350748,8.501621,2.159737,4.070112324904575
1170.0,5.0,8.179360316094634,15.30484,12.220513,8.08328703064846
1170.0,6.0,4.3300246978185335,2.988945,0.392928,4.2339514123723605
1170.0,12.0,3.3115363839890364,6.431607,3.063519,3.2154630985428634
1170.0,19.0,5.648276403687083,5.232636,6.12141,5.55220311824091
1170.0,24.0,-0.25855142844247503,11.071605,5.862559,-0.35462471388864825
1170.0,25.0,-4.992077069145365,-0.564191,-4.358621,-5.088150354591538
1170.0,29.0,-4.002910599154106,-5.876516,-7.481825,-4.098983884600279
1170.0,31.0,-8.416419974280418,-10.542608,-12.340965,-8.512493259726591
1171.0,2.0,4.211439187949404,7.289435,2.137979,3.3979193398478933
1171.0,5.0,8.453319789599348,13.885458,12.200212,7.639799941497838
1171.0,6.0,4.573598104826836,4.347334,0.389434,3.760078256725325
1171.0,12.0,3.614663919116934,4.315716,3.035447,2.801144071015423
1171.0,19.0,6.34334607692424,3.428346,6.127391,5.52982622882273
1171.0,24.0,-0.12089981688029638,16.539027,5.839702,-0.9344196649818071
1171.0,25.0,-5.04104278274822,-3.966803,-4.380986,-5.854562630849731
1171.0,29.0,-3.8513018749990557,-7.987713,-7.500493,-4.664821723100566
1172.0,2.0,4.206953090131989,1.650935,2.06557,4.444131938387148
1172.0,5.0,8.43860439678292,11.660039,12.117999,8.675783245038078
1172.0,6.0,4.513132400259476,-1.378779,0.375852,4.750311248514635
1172.0,12.0,3.531531661328712,1.313279,2.937607,3.76871050958387
1172.0,19.0,8.67592297412964,8.654736,6.132364,8.9131018223848
1172.0,24.0,-0.2769619738188043,2.324411,5.759326,-0.03978312556364605
1172.0,25.0,-4.9728296747695415,-3.458052,-4.44855,-4.735650826514384
1172.0,29.0,-4.187658680419371,-7.941933,-7.546418,-3.950479832164213
1172.0,31.0,-11.208877956570372,-10.416774,-12.306375,-10.971699108315214
1173.0,2.0,4.294919484161916,6.694466,2.158818,4.905610909247542
1173.0,5.0,8.018772071390377,10.127877,12.181427,8.629463496476003
1173.0,6.0,5.4662174221481195,2.326059,0.376773,6.076908847233746
1173.0,12.0,3.2330178376350283,4.524325,3.081111,3.843709262720655
1173.0,19.0,8.820686549599456,5.459433,6.075712,9.431377974685082
1173.0,24.0,-0.30669209650922724,12.593751,5.875214,0.30399932857639955
1173.0,25.0,-4.926013354150774,-5.193782,-4.311806,-4.315321929065147
1173.0,29.0,-5.0551751419925965,-6.734322,-7.42284,-4.444483716906969
1173.0,31.0,-11.133176371275878,-12.076552,-12.291002,-10.522484946190252
1174.0,2.0,4.085028273859839,1.440677,2.31041,3.451105302779841
1174.0,5.0,8.769486681206375,9.481119,12.312322,8.135563710126377
1174.0,6.0,6.275491499577907,-0.621861,0.440294,5.641568528497908
1174.0,12.0,3.4827875471125154,0.961307,3.267499,2.848864576032517
1174.0,19.0,8.72932326437022,20.292786,6.096338,8.095400293290222
1174.0,24.0,-0.4217015794001284,3.594423,5.978683,-1.0556245504801267
1174.0,25.0,-4.7926773475253475,-10.747961,-4.172878,-5.426600318605345
1174.0,29.0,-4.648859480595714,-9.024699,-7.343615,-5.282782451675713
1174.0,31.0,-9.678437286042378,-10.398571,-12.318144,-10.312360257122377
1175.0,2.0,4.164647815499714,3.360317,2.214647,3.9435666170774315
1175.0,5.0,8.150036007907179,11.575582,12.257363,7.928954809484896
1175.0,6.0,4.510450798975665,2.779677,0.43891,4.289369600553382
1175.0,12.0,3.257440022066522,0.592637,3.125481,3.036358823644239
1175.0,19.0,6.246860448612297,4.399291,6.162573,6.0257792501900145
1175.0,24.0,0.09497319193384435,1.838434,5.86583,-0.12610800648843856
1175.0,25.0,-4.784508806834955,0.370329,-4.315461,-5.005590005257238
1175.0,29.0,-5.100444924212262,-8.953137,-7.478996,-5.321526122634545
1176.0,2.0,4.242227624694133,3.91594,2.132093,5.00890673575894
1176.0,5.0,7.951375407228362,14.735346,12.232238,8.718054518293169
1176.0,6.0,4.263016355868398,-0.881174,0.422585,5.029695466933205
1176.0,12.0,3.1616845307205494,4.534602,3.014682,3.9283636417853565
1176.0,19.0,5.902594252717339,1.560741,6.210771,6.669273363782146
1176.0,24.0,0.5788648511797767,0.636528,5.799457,1.345543962244584
1176.0,25.0,-4.737309974466657,-3.978089,-4.437216,-3.9706308634018503
1176.0,29.0,-5.555665075851366,-4.164659,-7.592399,-4.788985964786559
1176.0,31.0,-10.263590542960133,-10.936865,-12.390876,-9.496911431895326
1177.0,2.0,4.343165916244569,2.494409,2.115286,3.4728945963455335
1177.0,5.0,8.665195327694803,12.907579,12.285266,7.7949240077957676
1177.0,6.0,4.773642683817501,-2.268726,0.405481,3.9033713639184655
1177.0,12.0,3.52737221785266,3.439077,3.004689,2.6571008979536246
1177.0,19.0,6.800233734923621,10.015164,6.237496,5.929962415024585
1177.0,24.0,0.963834738701161,-1.580134,5.82799,0.09356341880212549
1177.0,25.0,-4.71190286263193,-8.492027,-4.484497,-5.582174182530965
1177.0,29.0,-4.762942843285908,-6.364849,-7.646836,-5.6332141631849435
1178.0,2.0,4.430695255146162,4.981602,2.078733,4.08507531007173
1178.0,5.0,8.188328209560517,13.179456,12.342978,7.842708264486085
1178.0,6.0,4.506833031783874,-1.855457,0.299258,4.1612130867094415
1178.0,12.0,3.364033471367712,3.232145,3.03045,3.0184135262932803
1178.0,19.0,6.071224737311669,3.809815,6.151014,5.725604792237236
1178.0,24.0,0.9245162587530427,10.081543,5.973303,0.5788963136786109
1178.0,25.0,-4.644523333642935,-4.337725,-4.480608,-4.990143278717367
1178.0,29.0,-4.682751431140362,-5.781011,-7.605631,-5.028371376214794
1179.0,2.0,4.4978699487252545,6.758563,2.150071,3.9734038853688967
1179.0,5.0,8.211104118162394,12.706697,12.391715,7.6866380548060365
1179.0,6.0,4.573875334349493,2.742716,0.341092,4.049409270993135
1179.0,12.0,3.5045463830484582,5.794877,3.110642,2.9800803196921004
1179.0,19.0,6.449618811517048,6.909183,6.171473,5.9251527481606905
1179.0,24.0,1.2145419798471764,8.356594,5.999839,0.6900759164908186
1179.0,25.0,-4.613721558109755,-3.668818,-4.417881,-5.138187621466113
1179.0,29.0,-4.650098308615331,-5.667697,-7.575177,-5.174564371971689
1180.0,2.0,4.593793870849362,1.575047,2.129999,3.5463231907426405
1180.0,5.0,8.256514271570166,13.411159,12.403681,7.209043591463445
1180.0,6.0,4.377834299648779,-3.499972,0.281083,3.330363619542057
1180.0,12.0,3.673847104241201,2.558509,3.127039,2.626376424134479
1180.0,19.0,7.381157299204315,3.447052,6.109259,6.333686619097593
1180.0,24.0,1.0928163020198376,8.836867,6.075679,0.04534562191311586
1180.0,25.0,-4.463187284897174,-7.545622,-4.400037,-5.510657965003896
1180.0,29.0,-3.983404142137074,-6.095718,-7.532004,-5.030874822243796
1181.0,2.0,4.549815437750254,6.280504,2.286513,4.138070772064934
1181.0,5.0,7.637902310998037,13.966007,12.536098,7.226157645312716
1181.0,6.0,3.7145601559327197,2.579995,0.338422,3.302815490247399
1181.0,12.0,3.3525124872154564,5.529737,3.325606,2.9407678215301356
1181.0,19.0,6.742510048771628,9.539478,6.116068,6.330765383086307
1181.0,24.0,1.395069553776997,3.377771,6.193769,0.9833248880916763
1181.0,25.0,-4.6064538668176365,-4.032846,-4.246085,-5.018198532502957
1181.0,29.0,-4.293661030157801,-6.94029,-7.434792,-4.705405695843122
1182.0,2.0,5.061528367864128,5.458853,2.577932,6.0982330800759765
1182.0,5.0,9.813362262062686,16.167721,12.622469,10.850066974274535
1182.0,6.0,5.454821962487719,-2.196253,0.549379,6.491526674699568
1182.0,12.0,4.5583677366434685,7.693419,3.614969,5.595072448855317
1182.0,19.0,6.135532234018598,7.821585,6.185586,7.172236946230447
1182.0,24.0,2.400087557892295,0.223945,6.198611,3.4367922701041436
1182.0,25.0,-3.2271906558671297,-0.075165,-3.963187,-2.1904859436552813
1182.0,31.0,-9.02432140258565,-10.914771,-12.456905,-7.987616690373802
1183.0,2.0,5.219448454115282,1.855976,3.062883,-1.98557883968956
1183.0,6.0,4.884671912823812,3.723397,1.069044,-2.32035538098103
1183.0,12.0,4.38690738590252,1.379926,3.967861,-2.8181199079023225
1183.0,19.0,8.763923841675254,-10.483781,6.37944,1.558896547870412
1183.0,24.0,4.415995033175392,8.844514,5.851403,-2.78903226062945
1183.0,25.0,-3.837782960343491,-0.980825,-3.482257,-11.042810254148334
1183.0,29.0,-0.18913379378906825,-4.824883,-7.002596,-7.39416108759391
1183.0,31.0,-0.9418841531584397,-7.046721,-11.992167,-8.146911446963282
1184.0,2.0,4.4023627999507315,5.500707,3.216365,2.6571310456075157
1184.0,5.0,10.34523203458902,15.676587,12.249519,8.600000280245805
1184.0,6.0,4.66621868825656,0.694956,1.47788,2.920986933913344
1184.0,12.0,3.8545237558868966,6.445127,3.899126,2.1092920015436807
1184.0,19.0,7.210467356491655,9.959339,6.695401,5.465235602148439
1184.0,24.0,1.150649683293353,2.284564,5.304681,-0.5945820710498628
1184.0,25.0,-4.087198708749813,0.281207,-3.455073,-5.832430463093029
1184.0,29.0,-4.460046765229104,-5.837791,-7.124081,-6.20527851957232
1185.0,2.0,4.409536880928989,3.539721,2.98898,3.4840224300825815
1185.0,5.0,8.394929986710832,12.457066,12.203441,7.469415535864424
1185.0,6.0,4.494314024618031,-0.706993,1.315423,3.5687995737716234
1185.0,12.0,3.662821418664702,2.883367,3.676256,2.737306967818294
1185.0,19.0,6.966724416937758,8.621503,6.660038,6.04120996609135
1185.0,24.0,0.96409342137573,6.65869,5.3067,0.03857897052932202
1185.0,25.0,-4.592581584260005,-7.048002,-3.688416,-5.518096035106413
1185.0,29.0,-4.1578970055554185,-7.563309,-7.274981,-5.0834114564018265
1186.0,2.0,4.593825710849778,3.783808,3.089225,3.44823737808743
1186.0,5.0,8.533189141438378,15.244755,12.246686,7.38760080867603
1186.0,6.0,4.408762371974856,2.514075,1.440642,3.2631740392125077
1186.0,12.0,3.789644916390575,3.529217,3.738455,2.644056583628227
1186.0,19.0,8.726685000925752,2.597627,6.774362,7.581096668163404
1186.0,24.0,1.3427637002573274,1.726553,5.233715,0.19717536749497944
1186.0,25.0,-4.263558272191779,0.074965,-3.653073,-5.4091466049541275
1186.0,29.0,-4.162735489199202,-9.796303,-7.312366,-5.308323821961549
1187.0,2.0,4.447925326653522,3.240515,3.087883,3.1748445021065996
1187.0,5.0,9.01306807115108,14.043792,12.282609,7.739987246604159
1187.0,6.0,4.946517100924037,1.669124,1.462678,3.673436276377115
1187.0,12.0,3.7957492611421895,5.527568,3.722783,2.5226684365952674
1187.0,24.0,0.5804284727572888,0.821714,5.212364,-0.6926523517896332
1187.0,25.0,-4.08542751538373,-7.894128,-3.700011,-5.358508339930651
1187.0,29.0,-4.750481676326479,-5.948241,-7.381717,-6.0235625008734015
1187.0,31.0,-6.14890549645817,-15.006597,-11.857818,-7.421986321005091
1188.0,2.0,4.533542584103513,5.824468,3.032638,3.5731788783233376
1188.0,5.0,8.562677882323936,10.518163,12.273233,7.602314176543761
1188.0,6.0,4.565094819024376,2.079948,1.37662,3.6047311132442004
1188.0,12.0,3.752586723217691,4.301059,3.704763,2.7922230174375158
1188.0,19.0,8.848870363221197,31.408127,6.755347,7.888506657441022
1188.0,24.0,1.1033947095097467,2.543162,5.284584,0.14303100372957145
1188.0,25.0,-4.473071516015803,-0.438068,-3.70829,-5.433435221795978
1188.0,29.0,-3.711553891080078,-6.676821,-7.347485,-4.671917596860253
1188.0,31.0,-8.580567030590949,-5.670974,-11.872651,-9.540930736371124
1189.0,2.0,4.229980378278395,4.218374,3.058123,3.6863632561718465
1189.0,5.0,8.56090570096036,13.199055,12.292656,8.017288578853812
1189.0,6.0,4.613769672351776,1.747064,1.370871,4.070152550245227
1189.0,12.0,3.701206572879954,2.969915,3.750089,3.157589450773406
1189.0,19.0,7.7553503031535325,-0.009726,6.732633,7.211733181046984
1189.0,24.0,0.9832119001712609,7.658194,5.326381,0.4395947780647127
1189.0,25.0,-4.846825664582874,-6.551142,-3.664531,-5.390442786689422
1189.0,29.0,-3.824404257363691,-8.366887,-7.306071,-4.368021379470239
1189.0,31.0,-9.92290223406279,-10.742084,-11.868721,-10.466519356169337
1190.0,2.0,4.171559381281254,0.344178,3.153667,4.170397949251666
1190.0,5.0,8.660408504683456,11.417608,12.389947,8.65924707265387
1190.0,6.0,4.712352232967852,-0.504815,1.446692,4.711190800938264
1190.0,12.0,3.6298081005957066,2.270574,3.842162,3.6286466685661187
1190.0,19.0,7.22638343649934,9.530433,6.810562,7.225222004469752
1190.0,24.0,1.0033894890996153,6.557665,5.342414,1.0022280570700275
1190.0,25.0,-4.715981436494163,-6.871989,-3.622622,-4.717142868523751
1190.0,29.0,-4.349590972528363,-9.914089,-7.324906,-4.350752404557951
1190.0,31.0,-10.84610718527891,-10.837841,-11.914246,-10.847268617308497
1191.0,2.0,4.1572209107572,1.932294,3.225745,4.134318017065418
1191.0,5.0,8.385282736355109,12.317737,12.48513,8.362379842663326
1191.0,6.0,4.479803033920394,-0.588317,1.522623,4.456900140228612
1191.0,12.0,3.5206145689588677,-0.772897,3.898593,3.4977116752670856
1191.0,19.0,7.761790440401253,1.987761,6.912466,7.738887546709471
1191.0,24.0,0.9351616246762848,1.999538,5.334002,0.9122587309845027
1191.0,25.0,-4.832603583276757,-6.173977,-3.624161,-4.855506476968539
1191.0,29.0,-4.687557244545788,-9.108167,-7.387977,-4.71046013823757
1191.0,31.0,-10.654551448461508,-14.375499,-11.980122,-10.67745434215329
1192.0,2.0,4.23780821216147,5.97564,3.205682,4.121153816218756
1192.0,5.0,8.124925015328962,14.369704,12.517636,8.008270619386249
1192.0,6.0,4.288975019738528,-1.823005,1.499573,4.172320623795814
1192.0,12.0,3.3724296948184147,2.179503,3.887879,3.255775298875701
1192.0,19.0,7.320000051424003,4.662442,6.920336,7.203345655481289
1192.0,24.0,1.0705880052671954,13.143831,5.360939,0.9539336093244819
1192.0,25.0,-4.798365399840874,-8.056825,-3.657911,-4.9150197957835875
1192.0,29.0,-4.659644726288099,-6.267566,-7.420811,-4.776299122230813
1192.0,31.0,-10.036109203476512,-19.532048,-12.03015,-10.152763599419226
1193.0,2.0,4.353776021593784,3.369365,3.178614,3.932885870882271
1193.0,5.0,8.522998803491692,11.466394,12.535678,8.102108652780178
1193.0,6.0,4.5189602778034335,-1.871802,1.441031,4.09807012709192
1193.0,12.0,3.5925554409064624,2.628097,3.892635,3.171665290194949
1193.0,19.0,6.98165776205221,8.76117,6.871732,6.5607676113406965
1193.0,24.0,1.1269993110820096,15.541882,5.429458,0.7061091603704959
1193.0,25.0,-4.386483270047454,-1.85708,-3.658816,-4.807373420758967
1193.0,29.0,-4.586896919922044,-9.064809,-7.399056,-5.007787070633557
1193.0,31.0,-9.08105620098829,-11.741432,-12.058563,-9.501946351699804
1194.0,2.0,4.288350898844348,6.567434,3.246172,4.1497430680629455
1194.0,5.0,8.33017790962403,13.253794,12.590874,8.191570078842627
1194.0,6.0,4.5299270315109155,-0.550203,1.466181,4.391319200729513
1194.0,12.0,3.6194171815247707,3.393776,3.979331,3.4808093507433684
1194.0,19.0,7.781991633824251,11.795179,6.874528,7.643383803042849
1194.0,24.0,1.4774900680704128,14.607871,5.479187,1.3388822372890106
1194.0,25.0,-4.84216871727785,-0.939047,-3.590153,-4.980776548059252
1194.0,29.0,-3.4346481701596536,-8.056237,-7.355671,-3.573256000941056
1194.0,31.0,-10.351745867628516,-13.017858,-12.065527,-10.490353698409919
1195.0,2.0,4.229803344549548,5.836478,3.356374,3.9099479726809405
1195.0,5.0,8.73425649419659,14.250576,12.693276,8.414401122327982
1195.0,6.0,4.816949909469628,-2.507142,1.538653,4.49709453760102
1195.0,12.0,3.702157336382445,4.034479,4.096206,3.3823019645138372
1195.0,19.0,8.032666448526928,6.691618,6.934868,7.712811076658321
1195.0,24.0,1.1598953886152508,8.444943,5.516641,0.8400400167466429
1195.0,25.0,-4.6747499792777525,-3.638792,-3.520047,-4.99460535114636
1195.0,29.0,-4.487409398187244,-6.70654,-7.345127,-4.807264770055852
1195.0,31.0,-10.482227110898878,-10.020423,-12.101589,-10.802082482767485
1196.0,2.0,4.280443115608604,2.786915,3.333548,3.942107788179418
1196.0,5.0,8.60008664609801,11.600137,12.773447,8.261751318668825
1196.0,6.0,4.576307539753142,-0.732418,1.510532,4.237972212323957
1196.0,12.0,3.7738409752662907,0.524328,4.085713,3.4355056478371053
1196.0,19.0,7.644086521011202,12.449192,6.96858,7.305751193582017
1196.0,24.0,1.3712055890130515,6.596848,5.565362,1.032870261583866
1196.0,25.0,-4.750591870201998,-10.049646,-3.585024,-5.0889271976311825
1196.0,29.0,-3.6885450294216473,-11.650443,-7.418806,-4.026880356850833
1196.0,31.0,-10.702239729917792,-10.350245,-12.208485,-11.040575057346977
1197.0,2.0,4.088836870664661,5.37134,3.26465,5.322156973987948
1197.0,5.0,8.474606801993765,11.689481,12.814215,9.707926905317052
1197.0,6.0,4.5319559758056265,0.106216,1.485112,5.765276079128913
1197.0,12.0,4.497724261901329,2.855584,4.003001,5.731044365224616
1197.0,19.0,8.71063794999021,9.391644,7.030553,9.943958053313496
1197.0,24.0,1.0986103835040906,14.488451,5.550071,2.331930486827378
1197.0,25.0,-5.160129683425698,-0.01894,-3.714822,-3.9268095801024105
1197.0,29.0,-5.195266340825898,-7.837663,-7.551239,-3.961946237502611
1197.0,31.0,-11.276368821333232,-12.08611,-12.315003,-10.043048718009945
1198.0,2.0,4.176853225308104,4.80707,3.190371,5.140479807700258
1198.0,5.0,8.589033742705587,12.702272,12.813942,9.55266032509774
1198.0,6.0,4.306344954066697,1.436889,1.472651,5.269971536458851
1198.0,12.0,4.533979273708404,4.104345,3.902071,5.497605856100558
1198.0,19.0,7.694477787609193,19.953983,7.091887,8.658104370001347
1198.0,24.0,1.4886589981690275,6.102319,5.49535,2.452285580561181
1198.0,25.0,-4.759774223037066,-4.417806,-3.841386,-3.7961476406449126
1198.0,29.0,-5.435899829258029,-8.144382,-7.677101,-4.472273246865876
1198.0,31.0,-11.251296895217024,-13.779169,-12.382946,-10.28767031282487
1199.0,2.0,4.138299294325591,3.803267,3.131682,5.2707941824635745
1199.0,5.0,8.470176658149045,14.106076,12.80838,9.602671546287027
1199.0,6.0,4.328726119006777,-3.084001,1.44269,5.46122100714476
1199.0,12.0,4.445472933747958,0.088439,3.837645,5.577967821885941
1199.0,19.0,8.807678872928504,4.577721,7.106134,9.940173761066486
1199.0,24.0,1.3697538970300371,8.47523,5.480831,2.50224878516802
1199.0,25.0,-4.953857308796044,-7.4068,-3.916633,-3.821362420658061
1199.0,29.0,-5.461944365624532,-9.007103,-7.740386,-4.329449477486549
1199.0,31.0,-11.23655939684426,-16.9925,-12.423843,-10.104064508706276
1200.0,2.0,4.059771585669127,6.311604,3.102633,5.2235779765047
1200.0,5.0,8.331760302840243,13.557361,12.792419,9.495566693675816
1200.0,6.0,4.441646994509037,-2.527459,1.432015,5.60545338534461
1200.0,12.0,4.423629760609698,4.908196,3.803713,5.587436151445271
1200.0,24.0,1.1182015105966112,4.18305,5.463082,2.282007901432184
1200.0,25.0,-4.9299299303058,-1.47943,-3.948478,-3.766123539470227
1200.0,29.0,-5.536871288598953,-2.651005,-7.766088,-4.37306489776338
1200.0,31.0,-11.24974892096906,-9.721557,-12.429949,-10.085942530133487
1201.0,2.0,3.916873083830973,1.622813,3.079559,4.762658058764462
1201.0,5.0,8.789967061729698,9.043801,12.785087,9.635752036663186
1201.0,6.0,4.401140522103098,-2.560302,1.395801,5.246925497036587
1201.0,12.0,4.450127224104449,0.671274,3.797848,5.295912199037938
1201.0,24.0,1.8410535619873425,23.852633,5.492966,2.686838536920831
1201.0,25.0,-5.1020757106498165,-4.279074,-3.948133,-4.256290735716328
1201.0,29.0,-5.7788588078735055,-7.682947,-7.748208,-4.933073832940017
1201.0,31.0,-11.284280777403275,-11.161211,-12.432021,-10.438495802469786
1202.0,2.0,4.147006410018246,3.652235,2.975429,5.386344867058234
1202.0,5.0,8.516680428419198,13.963735,12.852711,9.756018885459186
1202.0,6.0,3.788398967319946,2.357389,1.244606,5.027737424359934
1202.0,12.0,4.444786243566039,5.175946,3.755375,5.684124700606027
1202.0,24.0,1.377910385669061,3.168996,5.642412,2.6172488427090492
1202.0,25.0,-4.774917214507024,-3.153746,-4.032505,-3.535578757467036
1202.0,29.0,-5.470146349468951,-8.42455,-7.778675,-4.230807892428963
1202.0,31.0,-11.22184609326639,-11.052527,-12.563561,-9.982507636226401
1203.0,2.0,4.1281298389202945,4.231675,2.894628,5.412183475303925
1203.0,5.0,8.268277644524444,13.486608,12.939882,9.552331280908074
1203.0,6.0,4.209578864908696,1.378909,1.128612,5.493632501292327
1203.0,12.0,4.296463180401117,3.993557,3.722509,5.580516816784748
1203.0,24.0,1.4313890769732174,11.075191,5.768906,2.715442713356848
1203.0,25.0,-4.943883152407683,-2.839033,-4.121578,-3.6598295160240526
1203.0,29.0,-5.43194064451769,-9.290985,-7.835907,-4.1478870081340595
1203.0,31.0,-11.204590421703344,-12.638403,-12.70673,-9.920536785319714
1204.0,2.0,4.104021663832601,3.749224,2.942219,5.489044382267263
1204.0,5.0,8.09072796479554,13.370297,12.999628,9.475750683230203
1204.0,6.0,4.133381487729695,-0.980788,1.152467,5.518404206164357
1204.0,12.0,4.1345473181638415,1.716931,3.780191,5.519570036598504
1204.0,19.0,8.956708524197854,-19.692757,6.990649,10.341731242632516
1204.0,24.0,1.239153471918791,4.770857,5.802287,2.624176190353453
1204.0,25.0,-4.950237912839492,-5.357096,-4.092451,-3.5652151944048307
1204.0,29.0,-5.9345164829951695,-5.976462,-7.833782,-4.549493764560507
1204.0,31.0,-11.102760889914993,-17.014577,-12.738001,-9.717738171480331
1205.0,2.0,4.250094853240023,4.578664,2.922895,4.764062771042425
1205.0,5.0,8.39223067604444,14.202119,12.994198,8.90619859384684
1205.0,6.0,4.114419941963176,-3.150836,1.129151,4.628387859765577
1205.0,12.0,4.240338934423901,6.047495,3.770595,4.754306852226303
1205.0,24.0,1.022984700638907,12.118964,5.817166,1.536952618441308
1205.0,25.0,-4.673725012750967,-4.169366,-4.099485,-4.159757094948565
1205.0,29.0,-5.159034583714836,-6.669915,-7.830362,-4.6450666659124344
1205.0,31.0,-9.000906311037475,-1.090102,-12.742852,-8.486938393235075
1206.0,2.0,4.150195756324122,3.19149,2.935439,4.659177749989873
1206.0,5.0,8.145155838924,13.129552,13.025785,8.654137832589752
1206.0,6.0,4.220140455670041,3.881493,1.118896,4.729122449335793
1206.0,12.0,4.216494586364718,4.524139,3.80011,4.725476580030469
1206.0,24.0,1.6081723171415865,4.949182,5.85718,2.1171543108073383
1206.0,25.0,-4.986651491925519,-5.858736,-4.083443,-4.477669498259767
1206.0,29.0,-5.281701551305415,-8.671624,-7.818365,-4.772719557639663
1206.0,31.0,-8.490632856936397,-15.307757,-12.7642,-7.981650863270645
1207.0,2.0,4.050265770905845,6.481217,2.980351,4.8400688903559494
1207.0,5.0,8.026188199539732,14.887694,13.009265,8.815991318989836
1207.0,6.0,4.091875373840452,3.681612,1.163958,4.881678493290556
1207.0,12.0,4.004053780848658,9.089616,3.836958,4.793856900298762
1207.0,24.0,1.59229307861834,3.308323,5.82873,2.3820961980684436
1207.0,25.0,-4.8820214534782895,-2.301418,-4.031445,-4.0922183340281855
1207.0,29.0,-6.074222285442631,-3.900465,-7.785137,-5.284419165992528
1208.0,2.0,4.066886961373648,4.493081,3.000701,5.164035952026778
1208.0,5.0,8.253704116801643,11.956195,12.943633,9.350853107454773
1208.0,6.0,4.137773848283626,0.903946,1.184338,5.234922838936756
1208.0,12.0,4.0240043192965445,2.933554,3.854173,5.121153309949674
1208.0,19.0,7.066812617451394,2.576158,6.945165,8.163961608104524
1208.0,24.0,1.4230845407697057,5.134569,5.795651,2.520233531422836
1208.0,25.0,-4.658570024056548,-7.367929,-3.968623,-3.5614210334034175
1208.0,29.0,-6.199992395106732,-7.37415,-7.717084,-5.102843404453601
1208.0,31.0,-10.783363369737318,-6.409613,-12.625354,-9.686214379084188
1209.0,2.0,4.197539150365433,3.012415,2.998161,4.439053597050511
1209.0,5.0,8.980969364698307,12.625119,12.82019,9.222483811383384
1209.0,6.0,4.6029496379905375,1.348928,1.162374,4.844464084675615
1209.0,12.0,4.250208491733336,1.75262,3.867245,4.491722938418413
1209.0,19.0,6.4198902267492635,2.221391,6.835534,6.661404673434341
1209.0,24.0,1.6460234776261942,2.879639,5.783181,1.887537924311272
1209.0,25.0,-4.47045489271392,-6.273135,-3.867781,-4.228940446028842
1209.0,29.0,-5.702081573998301,-6.96423,-7.575563,-5.460567127313223
1210.0,2.0,4.18097662214141,0.238386,2.961785,4.897103281391065
1210.0,5.0,8.48044364982783,8.099046,12.637232,9.196570309077485
1210.0,6.0,4.195681833693719,-1.332266,1.137121,4.911808492943374
1210.0,12.0,4.050292820362602,-1.661346,3.830584,4.7664194796122565
1210.0,19.0,6.653651951840798,7.669226,6.718781,7.369778611090453
1210.0,24.0,1.5576279766587966,7.585375,5.720858,2.2737546359084515
1210.0,25.0,-4.468651999774533,-6.380985,-3.789256,-3.752525340524878
1210.0,29.0,-5.923830124840193,-9.569217,-7.441239,-5.207703465590538
1210.0,31.0,-9.47246343255123,-12.325524,-12.28857,-8.756336773301575
1211.0,2.0,4.404318731984457,10.54582,2.82455,4.125374242933119
1211.0,5.0,8.547531089503318,16.175912,12.380535,8.26858660045198
1211.0,6.0,5.014052254595363,1.612918,1.062508,4.735107765544025
1211.0,12.0,4.286428468805264,8.287443,3.676634,4.007483979753926
1211.0,19.0,7.051655482111588,6.118081,6.586739,6.77271099306025
1211.0,24.0,1.793470241006613,8.233006,5.606653,1.514525751955275
1211.0,25.0,-4.449166958757537,1.834589,-3.804011,-4.7281114478088755
1211.0,29.0,-4.216149807786637,-3.564242,-7.36112,-4.4950942968379755
1211.0,31.0,-9.000440519973107,-11.572873,-12.097488,-9.279385009024445
1212.0,2.0,4.226666854460742,0.432224,2.868517,3.9447416137088984
1212.0,5.0,9.044189947255038,8.423011,12.143258,8.762264706503196
1212.0,6.0,3.9219267888328666,0.331314,1.135565,3.640001548081023
1212.0,12.0,3.984727033490195,-1.00902,3.687683,3.7028017927383514
1212.0,19.0,8.069934225382859,5.714079,6.500053,7.788008984631015
1212.0,24.0,2.2777225128974177,2.177066,5.456257,1.9957972721455741
1212.0,25.0,-4.657606974814202,-3.158782,-3.638654,-4.939532215566046
1212.0,29.0,-5.66187688933844,-6.582499,-7.172586,-5.943802130090283
1212.0,31.0,-7.54480740506777,-21.559794,-11.800115,-7.826732645819614
1213.0,2.0,4.173671988359553,3.041942,2.814311,4.9747369006944195
1213.0,5.0,8.090851247628928,14.685744,12.131986,8.891916159963795
1213.0,6.0,4.081376926224088,1.553056,1.038682,4.882441838558955
1213.0,12.0,3.745521365290484,6.286881,3.679653,4.546586277625351
1213.0,24.0,1.588616173074314,9.958718,5.545445,2.3896810854091806
1213.0,25.0,-4.764401639590996,-2.581859,-3.632248,-3.963336727256129
1213.0,29.0,-6.442328668804453,-7.347497,-7.117957,-5.641263756469587
1214.0,2.0,4.1742422726867225,6.945301,2.926908,4.416833532600358
1214.0,5.0,8.592344234041931,11.782115,12.213187,8.834935493955566
1214.0,6.0,4.518845371609011,-0.731503,1.112096,4.761436631522646
1214.0,12.0,4.1015510770720915,4.937564,3.799219,4.344142336985727
1214.0,24.0,2.0300569060305316,9.36902,5.575933,2.272648165944167
1214.0,25.0,-4.564028252099777,-5.146972,-3.544385,-4.3214369921861415
1214.0,29.0,-6.06155038986585,-3.456331,-7.084712,-5.818959129952215
1215.0,2.0,4.058674193954451,1.374868,2.956658,4.768099227596471
1215.0,5.0,8.453903433650819,11.465533,12.260506,9.163328467292839
1215.0,6.0,4.370254563998033,-3.471944,1.144591,5.0796795976400535
1215.0,12.0,3.8717743062781445,0.392053,3.823193,4.581199339920165
1215.0,19.0,8.92364512354084,-7.282027,6.497867,9.63307015718286
1215.0,24.0,2.004109651766507,15.294242,5.573944,2.713534685408527
1215.0,25.0,-4.62321431530831,-6.146814,-3.550177,-3.9137892816662903
1215.0,29.0,-6.266412102654611,-8.733219,-7.119679,-5.556987069012591
1215.0,31.0,-10.26184104470941,-10.614081,-11.853799,-9.55241601106739
1216.0,2.0,4.07485360113639,4.71093,2.973807,4.352204649429144
1216.0,5.0,8.644501974862278,11.893961,12.243387,8.921853023155032
1216.0,6.0,4.347761744410363,0.043036,1.164082,4.625112792703117
1216.0,12.0,3.948618608991115,2.595398,3.836709,4.225969657283869
1216.0,19.0,6.666012177506033,7.857884,6.49941,6.943363225798787
1216.0,24.0,2.086177657859144,10.033614,5.55611,2.3635287061518984
1216.0,25.0,-4.516162372947104,-7.209457,-3.524433,-4.23881132465435
1216.0,29.0,-5.648628095965993,-7.117981,-7.100587,-5.371277047673239
1216.0,31.0,-9.431937301622554,-15.557345,-11.823205,-9.1545862533298
1217.0,2.0,4.004792298687006,2.479872,2.927932,3.7990522511888454
1217.0,5.0,8.895468446736109,15.72894,12.165234,8.689728399237948
1217.0,6.0,4.767003051125856,1.325141,1.175213,4.561263003627696
1217.0,12.0,4.155979417042316,5.111625,3.759987,3.950239369544155
1217.0,19.0,7.6248525815035,4.951565,6.516413,7.41911253400534
1217.0,24.0,2.4517808186540115,8.753357,5.466694,2.246040771155851
1217.0,25.0,-4.658724679148522,-6.153385,-3.570621,-4.864464726646682
1217.0,29.0,-5.605104731052769,-9.306482,-7.136769,-5.81084477855093
1217.0,31.0,-9.395801517625365,-13.854213,-11.780208,-9.601541565123526
1218.0,2.0,4.17479789925366,-1.282821,2.874456,4.055601265137416
1218.0,5.0,8.567085964732005,8.803327,12.14006,8.447889330615762
1218.0,6.0,4.493391618254279,-4.267355,1.177758,4.374194984138035
1218.0,12.0,4.047265087275417,-2.631014,3.678986,3.928068453159173
1218.0,19.0,8.8822519325436,6.30124,6.562556,8.763055298427357
1218.0,24.0,2.5952590163070752,-2.690237,5.401641,2.4760623821908316
1218.0,25.0,-4.649602768711078,-9.713727,-3.657055,-4.768799402827321
1218.0,29.0,-5.707162359782018,-7.396902,-7.222699,-5.826358993898261
1219.0,2.0,4.1859922341561955,4.749185,2.762305,4.438894181238716
1219.0,5.0,8.264541485373005,13.774889,12.101375,8.517443432455526
1219.0,6.0,4.305430859653464,-0.958785,1.135928,4.558332806735985
1219.0,12.0,3.907703894397873,2.673242,3.541904,4.160605841480393
1219.0,19.0,8.917482335183866,13.317815,6.594694,9.170384282266387
1219.0,24.0,2.610703834537306,-1.266375,5.340705,2.863605781619826
1219.0,25.0,-4.486674226597907,-3.499586,-3.800738,-4.233772279515387
1219.0,29.0,-6.037515339158408,-6.732474,-7.342596,-5.784613392075888
1220.0,2.0,3.994511842825748,7.119521,2.689414,4.003569879375038
1220.0,5.0,8.539940371332964,12.946648,12.070099,8.548998407882255
1220.0,6.0,4.384880286112084,0.822839,1.126124,4.393938322661374
1220.0,12.0,3.9167360866337972,8.450259,3.440575,3.9257941231830875
1220.0,19.0,8.818712887869502,1.698202,6.638762,8.827770924418793
1220.0,24.0,2.478035209967169,11.820143,5.273,2.4870932465164595
1220.0,25.0,-4.818572616480689,2.333938,-3.907529,-4.809514579931399
1220.0,29.0,-6.038451582770188,-1.533498,-7.441944,-6.029393546220898
1221.0,2.0,4.0622168918262425,3.277431,2.658377,4.691775155498636
1221.0,5.0,8.562511552920533,12.459988,12.118471,9.192069816592927
1221.0,6.0,4.376037223196198,0.283267,1.112843,5.005595486868591
1221.0,12.0,3.866585986391911,5.884871,3.406576,4.4961442500643045
1221.0,19.0,6.792359001744732,3.992225,6.683924,7.421917265417125
1221.0,24.0,2.383075866499812,9.487504,5.280428,3.012634130172206
1221.0,25.0,-4.593974175315176,-5.205524,-3.982673,-3.964415911642782
1221.0,29.0,-6.577751409621405,-7.198984,-7.526103,-5.948193145949011
1221.0,31.0,-9.415643362813839,-0.689543,-11.969732,-8.786085099141445
1222.0,2.0,4.196378899208062,4.051534,2.707458,4.9873455888027465
1222.0,5.0,8.139462610878414,12.903864,12.243884,8.930429300473099
1222.0,6.0,4.139878134477744,-2.231722,1.097658,4.9308448240724285
1222.0,12.0,3.5606797720809293,1.349194,3.496676,4.351646461675614
1222.0,19.0,5.918887055436702,5.996384,6.68978,6.709853745031387
1222.0,24.0,2.2776075451280615,10.432211,5.397468,3.068574234722746
1222.0,25.0,-4.6707074745177435,-9.809259,-3.952864,-3.879740784923059
1222.0,29.0,-6.193672712896818,-7.713175,-7.519972,-5.402706023302134
1223.0,2.0,4.244184918182729,4.726361,2.950224,5.1342546958199256
1223.0,5.0,8.317763749713931,12.156209,12.477966,9.207833527351127
1223.0,6.0,4.457806209664138,2.092094,1.242867,5.347875987301335
1223.0,12.0,3.7541818964516604,5.295458,3.762617,4.644251674088857
1223.0,19.0,5.596950655646401,7.592821,6.804664,6.487020433283598
1223.0,24.0,2.543141606099163,11.138264,5.502759,3.43321138373636
1223.0,25.0,-4.5020836910247475,-5.217079,-3.79035,-3.6120139133875506
1223.0,29.0,-6.019146861609162,-7.330285,-7.481533,-5.129077083971965
1223.0,31.0,-9.275768206263068,-10.770386,-12.147161,-8.385698428625872
1224.0,2.0,4.08262675276568,3.418378,2.858786,4.143131375493761
1224.0,5.0,9.146045835625515,14.666415,12.317266,9.206550458353595
1224.0,6.0,4.810944262110141,0.293213,1.198717,4.871448884838221
1224.0,12.0,4.0176494435235135,4.186814,3.656504,4.078154066251594
1224.0,19.0,6.367862422760522,6.61607,6.73216,6.428367045488603
1224.0,24.0,3.2921205763855834,-3.753829,5.422313,3.352625199113664
1224.0,25.0,-4.50603151934055,-3.202409,-3.812455,-4.44552689661247
1224.0,29.0,-6.150208430791977,-6.182493,-7.44626,-6.089703808063897
1225.0,2.0,4.089409175929296,5.24671,2.495517,4.467896145672178
1225.0,5.0,8.185928583615322,15.169384,11.978367,8.564415553358204
1225.0,6.0,4.2671970031303665,-0.452386,0.983166,4.645683972873249
1225.0,12.0,3.6295695459654915,6.74897,3.263202,4.008056515708374
1225.0,24.0,2.4792280889392915,12.683161,5.268312,2.8577150586821736
1225.0,25.0,-4.6503457183311525,-3.165566,-4.059995,-4.27185874858827
1225.0,29.0,-6.518760790859287,-5.161194,-7.516558,-6.140273821116405
1226.0,2.0,4.243211517991208,6.067401,2.427255,4.292045072042302
1226.0,5.0,8.239214361519636,13.378063,11.94069,8.28804791557073
1226.0,6.0,4.329273736197608,2.012434,0.952375,4.378107290248702
1226.0,12.0,3.593215526574138,4.336516,3.184387,3.642049080625232
1226.0,24.0,2.913855046471724,-11.158193,5.234748,2.962688600522818
1226.0,25.0,-4.412144569487216,-6.253864,-4.132024,-4.363311015436122
1226.0,29.0,-5.9723803589815425,-4.454713,-7.568443,-5.9235468049304485
1226.0,31.0,-7.736313768840839,-13.156966,-11.935691,-7.687480214789745
1227.0,2.0,4.238921595073698,6.545467,2.449525,3.5550043803010998
1227.0,5.0,8.683377396866511,13.88151,12.019674,7.999460182093912
1227.0,6.0,4.514422395500354,3.27667,0.944609,3.8305051807277555
1227.0,12.0,3.8054288720071376,6.340176,3.227644,3.121511657234539
1227.0,19.0,8.819680143428482,15.632474,6.591647,8.135762928655883
1227.0,24.0,3.03167788278704,1.306735,5.297563,2.3477606680144416
1227.0,25.0,-4.334500580142498,-4.810322,-4.130863,-5.018417794915097
1227.0,29.0,-5.368945987091291,-6.030533,-7.584322,-6.0528632018638895
1228.0,2.0,4.31031005568061,5.318633,2.560181,4.1466829167346635
1228.0,5.0,8.04607785221358,14.630276,12.153923,7.882450713267634
1228.0,6.0,4.30890719780308,0.756986,0.987233,4.145280058857134
1228.0,12.0,3.4348763829069373,4.788822,3.36823,3.271249243960991
1228.0,19.0,7.065194904102473,6.064647,6.626082,6.901567765156527
1228.0,24.0,3.3036173406259266,4.515628,5.391329,3.1399902016799803
1228.0,25.0,-4.417843099177592,-3.276074,-4.049043,-4.581470238123538
1228.0,29.0,-5.726399970730529,-6.518442,-7.555108,-5.890027109676475
1229.0,2.0,4.285284366355974,5.283047,2.760051,4.282237470816117
1229.0,5.0,8.132905693020575,14.591323,12.358098,8.129858797480718
1229.0,6.0,4.254432982241422,1.286042,1.079089,4.251386086701565
1229.0,12.0,3.5375061549320623,5.217783,3.60854,3.5344592593922055
1229.0,19.0,6.824506586873198,4.272306,6.685584,6.821459691333342
1229.0,24.0,3.414167678553021,9.734732,5.523793,3.411120783013164
1229.0,25.0,-4.4526683404193115,-3.819829,-3.893287,-4.455715235959168
1229.0,29.0,-5.81025153782208,-6.603618,-7.490672,-5.813298433361937
1230.0,2.0,4.304684353889979,0.696939,2.945166,4.164074391791376
1230.0,5.0,8.344692366849038,10.497735,12.524462,8.204082404750435
1230.0,6.0,4.297044483189499,2.107865,1.154658,4.156434521090896
1230.0,12.0,3.6294064522706186,1.964645,3.837976,3.488796490172015
1230.0,19.0,6.884717222681468,3.330504,6.71141,6.744107260582865
1230.0,24.0,3.4078257794407207,1.137667,5.652627,3.2672158173421173
1230.0,25.0,-4.283194261059656,-7.660765,-3.724075,-4.423804223158259
1230.0,29.0,-5.703586951521184,-7.175997,-7.39548,-5.844196913619788
1231.0,2.0,4.173652808173797,6.63938,2.993436,3.699583962916436
1231.0,5.0,8.77935306908048,13.242367,12.54327,8.305284223823119
1231.0,6.0,4.473459932823708,-0.341441,1.113559,3.999391087566347
1231.0,12.0,3.62281626467564,2.907595,3.944432,3.148747419418279
1231.0,19.0,7.2230655302045275,7.448923,6.609329,6.7489966849471665
1231.0,24.0,3.401888552402763,6.113984,5.769549,2.927819707145402
1231.0,25.0,-4.403698639729514,-0.293045,-3.599005,-4.877767484986875
1231.0,29.0,-5.81693406014924,-8.105444,-7.25364,-6.291002905406601
1231.0,31.0,-7.159009937931065,-5.974755,-12.137294,-7.633078783188426
1232.0,2.0,4.216356215662842,4.400931,3.075523,4.357662919249563
1232.0,5.0,8.338760149692986,12.464996,12.478555,8.480066853279707
1232.0,6.0,4.210891240387289,1.624324,1.142535,4.35219794397401
1232.0,12.0,3.369864499751941,0.97791,4.048186,3.511171203338662
1232.0,19.0,6.412594197329694,6.687088,6.524738,6.553900900916416
1232.0,24.0,3.527867429754746,9.768029,5.784115,3.669174133341467
1232.0,25.0,-4.275358746649799,-7.125109,-3.427855,-4.134052043063077
1232.0,29.0,-6.06006879019804,-9.986954,-7.078323,-5.918762086611318
1233.0,2.0,4.315319895378206,5.491429,3.129263,4.029916296029741
1233.0,5.0,8.043964915089973,14.846998,12.446282,7.758561315741508
1233.0,6.0,3.9826318945244985,-1.702026,1.171889,3.6972282951760342
1233.0,12.0,3.116332361381346,7.142584,4.109347,2.830928762032882
1233.0,19.0,8.806621330340965,16.006179,6.492213,8.5212177309925
1233.0,24.0,3.4354575544872272,15.08282,5.781814,3.150053955138763
1233.0,25.0,-4.339867636432444,-5.311023,-3.33249,-4.625271235780909
1233.0,29.0,-6.239853212756028,-6.738609,-6.988796,-6.525256812104493
1233.0,31.0,-6.427721427087516,-6.703274,-11.908317,-6.71312502643598
1234.0,2.0,4.313347906169499,5.376477,3.194956,3.5601951598022357
1234.0,5.0,8.632299414221876,13.75783,12.444051,7.879146667854613
1234.0,6.0,4.490722223162809,-1.081613,1.109669,3.737569476795546
1234.0,12.0,3.3366213741834407,6.029662,4.257527,2.5834686278161776
1234.0,19.0,7.3224674293595555,10.828957,6.32518,6.569314682992292
1234.0,24.0,3.4930242005364605,3.713436,5.93995,2.7398714541691973
1234.0,25.0,-4.33886414735891,-2.724654,-3.138249,-5.092016893726173
1234.0,29.0,-5.859711151374785,-4.761381,-6.760684,-6.612863897742048
1234.0,31.0,-5.688897212808803,-12.290978,-11.819573,-6.4420499591760665
1235.0,2.0,4.2409427817300145,5.105158,3.314944,4.303658941107407
1235.0,5.0,8.727958720794117,14.043795,12.453911,8.790674880171508
1235.0,6.0,4.406849222213317,-0.234082,1.246846,4.4695653815907095
1235.0,12.0,3.2152900509865603,1.963833,4.339296,3.2780062103639525
1235.0,19.0,6.103960248975081,4.486234,6.414657,6.166676408352473
1235.0,24.0,3.4239864563773796,3.490625,5.855354,3.486702615754772
1235.0,25.0,-4.368157911275527,-6.458062,-3.055933,-4.305441751898135
1235.0,29.0,-6.233534967138306,-6.997611,-6.746846,-6.170818807760914
1236.0,2.0,4.075948368408492,1.502333,3.316081,4.064576586693771
1236.0,5.0,8.704596674259651,10.242135,12.483919,8.69322489254493
1236.0,6.0,4.317575576705023,1.147015,1.305698,4.306203794990302
1236.0,12.0,3.390166860276821,3.253857,4.300001,3.3787950785621
1236.0,19.0,6.228982249760524,5.923392,6.524497,6.217610468045803
1236.0,24.0,3.5437213861796923,7.103305,5.779212,3.5323496044649714
1236.0,25.0,-4.333848396486882,-7.226145,-3.1326,-4.345220178201603
1236.0,29.0,-6.076145708212576,-7.059213,-6.863202,-6.087517489927297
1237.0,2.0,4.1517180582531115,2.814851,3.335175,4.122151005754761
1237.0,5.0,8.53357410449713,10.397483,12.54142,8.50400705199878
1237.0,6.0,4.24084931563101,1.455607,1.346065,4.211282263132659
1237.0,12.0,3.281472034640732,3.735628,4.302255,3.2519049821423813
1237.0,19.0,6.216946750309241,5.697227,6.604333,6.18737969781089
1237.0,24.0,3.3885959647548365,4.263306,5.758448,3.359028912256486
1237.0,25.0,-4.356429646281603,-5.767925,-3.173473,-4.3859966987799535
1237.0,29.0,-5.90827731799539,-5.709342,-6.940509,-5.937844370493741
1238.0,2.0,4.186523680690376,5.673247,3.325822,4.265384601761433
1238.0,5.0,8.548588319411692,14.069467,12.576175,8.627449240482749
1238.0,6.0,4.322552671636171,2.088347,1.343076,4.401413592707227
1238.0,12.0,3.3865184506193167,7.231143,4.293374,3.465379371690373
1238.0,19.0,5.977225416295768,10.806741,6.633298,6.056086337366825
1238.0,24.0,3.625271112678945,-7.16638,5.766888,3.7041320337500014
1238.0,25.0,-4.436966485445562,-1.780609,-3.208768,-4.3581055643745055
1238.0,29.0,-5.880685212198626,-4.737984,-6.985652,-5.80182429112757
1239.0,2.0,4.149910072700187,5.74,3.273751,3.858258967941223
1239.0,5.0,8.605162054305207,17.556505,12.583634,8.313510949546243
1239.0,6.0,4.892901726507169,-1.245895,1.284358,4.601250621748205
1239.0,12.0,3.4293491301317207,6.396427,4.260919,3.137698025372756
1239.0,19.0,6.222086179696946,8.608639,6.604761,5.930435074937982
1239.0,24.0,3.790371681145535,16.426729,5.807536,3.4987205763865705
1239.0,25.0,-4.4343517592751915,-0.557534,-3.249938,-4.726002864034156
1239.0,29.0,-5.58855168466393,-8.795684,-7.003331,-5.880202789422894
1240.0,2.0,4.1399095702761635,3.396582,3.291585,3.655364223418872
1240.0,5.0,8.226073781403691,12.452466,12.596259,7.7415284345463995
1240.0,6.0,4.373910975169913,-1.533772,1.307556,3.8893656283126217
1240.0,12.0,3.28224067631292,2.441098,4.273182,2.7976953294556286
1240.0,19.0,7.02651849738746,2.520306,6.630452,6.541973150530168
1240.0,24.0,3.602498698778426,11.953362,5.795267,3.1179533519211344
1240.0,25.0,-4.454257686438495,-4.752851,-3.246104,-4.938803033295786
1240.0,29.0,-5.652642738254155,-6.272759,-7.015607,-6.137188085111447
1241.0,2.0,4.079146895940905,6.273799,3.351044,3.8660532850288147
1241.0,5.0,8.658931149392835,13.395605,12.574845,8.445837538480745
1241.0,6.0,4.390334387426005,1.56296,1.325812,4.177240776513915
1241.0,12.0,3.277270152902803,5.475044,4.351409,3.0641765419907125
1241.0,19.0,6.162549251364132,7.593111,6.581617,5.949455640452041
1241.0,24.0,3.6689828032412084,9.462955,5.818944,3.455889192329118
1241.0,25.0,-4.382574251072689,-4.916072,-3.135235,-4.595667861984779
1241.0,29.0,-6.077252539733584,-5.284732,-6.907363,-6.290346150645674
1241.0,31.0,-5.938579290812,-18.238136,-11.889791,-6.1516729017240905
1242.0,2.0,4.092568146575246,2.723045,3.382183,3.7654290329129605
1242.0,5.0,9.262503262091,10.952929,12.526393,8.935364148428715
1242.0,6.0,4.684264389101351,-4.158516,1.287745,4.357125275439065
1242.0,12.0,3.4465225161265245,2.649911,4.428288,3.119383402464239
1242.0,19.0,6.12519629461314,8.959697,6.458997,5.798057180950854
1242.0,24.0,3.70081800554534,6.686544,5.889863,3.3736788918830545
1242.0,25.0,-4.33376728572201,-7.020938,-3.002193,-4.660906399384296
1242.0,29.0,-5.945680094005763,-6.453466,-6.742636,-6.272819207668048
1243.0,2.0,4.054101953063999,1.412154,3.384964,3.63587370156802
1243.0,5.0,8.69668208726899,14.171794,12.484999,8.27845383577301
1243.0,6.0,4.4561505387964715,1.130865,1.269439,4.037922287300493
1243.0,12.0,3.3208025040932103,2.575917,4.447607,2.9025742525972316
1243.0,19.0,6.276162863015951,6.487496,6.401938,5.857934611519973
1243.0,24.0,3.6887941471900856,-8.8246,5.905776,3.270565895694107
1243.0,25.0,-4.401972271248501,-6.430702,-2.948726,-4.8202005227444795
1243.0,29.0,-5.897833138129096,-7.634442,-6.670833,-6.316061389625075
1243.0,31.0,-5.805369920734345,-9.567416,-11.731034,-6.223598172230324
1244.0,2.0,4.197004355671325,2.426259,3.425079,4.290354431808816
1244.0,5.0,8.563198170625293,12.087895,12.457675,8.656548246762785
1244.0,6.0,4.572198777035773,1.274207,1.292252,4.665548853173264
1244.0,12.0,3.327777457750278,1.815174,4.492968,3.421127533887769
1244.0,19.0,6.229007760026093,4.686535,6.377089,6.322357836163584
1244.0,24.0,3.7502024583483653,8.089833,5.901395,3.8435525344858563
1244.0,25.0,-4.278720749208215,-0.041421,-2.875837,-4.185370673070724
1244.0,29.0,-6.243740582364331,-8.662118,-6.602314,-6.15039050622684
1245.0,2.0,4.079655853429504,7.769147,3.595574,3.282765347901539
1245.0,5.0,8.881101576614832,13.590117,12.522827,8.084211071086866
1245.0,6.0,4.607052513264485,1.253804,1.431744,3.81016200773652
1245.0,12.0,3.4010784754188013,8.895717,4.650385,2.6041879698908366
1245.0,19.0,7.2997603538102585,6.809412,6.451383,6.502869848282294
1245.0,24.0,3.6832578690031728,15.294416,5.882292,2.886367363475208
1245.0,25.0,-4.6871239583231,-0.322683,-2.735106,-5.484014463851064
1245.0,29.0,-5.7811940402074224,-4.362829,-6.542812,-6.578084545735387
1245.0,31.0,-7.38364433995721,-6.476278,-11.620482,-8.180534845485175
1246.0,2.0,4.1404178857025915,3.877404,3.671005,3.9020207696160876
1246.0,5.0,8.444795619737317,13.865994,12.54085,8.206398503650814
1246.0,6.0,6.453010815467209,0.425716,1.444482,6.214613699380705
1246.0,12.0,3.2810897515006374,1.332928,4.757713,3.0426926354141335
1246.0,19.0,6.726216910171367,1.628355,6.402322,6.487819794084863
1246.0,24.0,3.766335560608157,6.020497,5.943867,3.527938444521653
1246.0,25.0,-4.307446462274638,-9.316048,-2.613407,-4.545843578361142
1246.0,29.0,-6.064247910399372,-7.809803,-6.430348,-6.302645026485876
1247.0,2.0,4.118960699950003,5.018569,3.673059,2.91518573854057
1247.0,5.0,8.854975843708207,13.009311,12.527608,7.651200882298774
1247.0,6.0,4.977771384482217,-1.382419,1.380086,3.7739964230727843
1247.0,12.0,3.3519019733055266,3.250377,4.811028,2.1481270118960936
1247.0,19.0,8.885423998738663,16.301939,6.293269,7.68164903732923
1247.0,24.0,3.765268184122796,15.968556,6.038435,2.561493222713363
1247.0,25.0,-4.184432879373867,-10.413543,-2.531363,-5.3882078407833
1247.0,29.0,-5.86308376560715,-8.99593,-6.313872,-7.066858727016583
1248.0,2.0,4.1025990549474365,3.965981,3.685828,3.339611873928816
1248.0,5.0,8.998843683122459,10.410895,12.488423,8.23585650210384
1248.0,6.0,5.116840294406874,2.480118,1.389302,4.353853113388253
1248.0,12.0,3.4677441277282686,3.220623,4.824849,2.704756946709648
1248.0,19.0,8.951635518511802,-1.016972,6.26921,8.18864833749318
1248.0,24.0,3.829435169181439,13.310101,6.023336,3.0664479881628184
1248.0,25.0,-4.036092025531557,-2.761666,-2.488956,-4.799079206550178
1248.0,29.0,-6.119636566655407,-7.120883,-6.267174,-6.882623747674027
1248.0,31.0,-8.806056311720306,-14.099852,-11.474865,-9.569043492738928
1249.0,2.0,4.093772137165386,4.151733,3.703972,3.1364928827515453
1249.0,5.0,8.728246920103171,9.782358,12.442324,7.77096766568933
1249.0,6.0,4.897388065532677,1.288511,1.404064,3.9401088111188365
1249.0,12.0,3.314408429530058,1.396289,4.842468,2.357129175116217
1249.0,19.0,8.871932474497552,0.102971,6.243396,7.914653220083711
1249.0,24.0,3.79795959845519,5.428135,6.002623,2.840680344041349
1249.0,25.0,-4.24764060503404,-4.15319,-2.437574,-5.204919859447881
1249.0,29.0,-6.03674494944113,-5.539705,-6.212227,-6.994024203854971
1249.0,31.0,-7.210747061084275,-16.841645,-11.407303,-8.168026315498116
1250.0,2.0,4.409288035306229,-0.239023,3.788551,3.9394643310085367
1250.0,5.0,8.891430793402968,12.496082,12.396762,8.421607089105276
1250.0,6.0,4.015607021609819,-2.969199,1.465392,3.5457833173121265
1250.0,12.0,3.849615923295479,-1.435262,4.925724,3.3797922189977867
1250.0,19.0,7.29170162427679,-1.129408,6.217991,6.821877919979098
1250.0,24.0,3.819425825386423,2.972355,5.976869,3.3496021210887306
1250.0,25.0,-4.608025886094291,-7.216371,-2.307906,-5.077849590391983
1250.0,29.0,-5.39806271413657,-9.210009,-6.099417,-5.867886418434262
1251.0,2.0,4.411174321557517,0.581122,3.840106,3.5341008038014654
1251.0,5.0,8.908199251329487,13.713371,12.390808,8.031125733573434
1251.0,6.0,4.15460672274731,-2.055296,1.453149,3.277533204991258
1251.0,12.0,3.9877587953630886,0.340011,5.015034,3.1106852776070366
1251.0,24.0,3.7407733644543146,-0.61824,6.043804,2.8636998466982626
1251.0,25.0,-4.761398198705768,-6.948555,-2.190218,-5.6384717164618205
1251.0,29.0,-5.064560666369854,-8.860957,-5.973215,-5.941634184125906
1252.0,2.0,4.24411176418057,6.110858,3.832996,3.9708655191729365
1252.0,5.0,8.686939847808274,12.813477,12.374119,8.41369360280064
1252.0,6.0,4.262117058472224,1.51084,1.427189,3.988870813464591
1252.0,12.0,3.793714339155688,6.14125,5.025589,3.520468094148055
1252.0,24.0,3.8722113537743397,-2.46709,6.070239,3.5989651087667065
1252.0,25.0,-4.873880390433971,-4.799085,-2.163702,-5.147126635441604
1252.0,29.0,-5.308781785230217,-5.393855,-5.931378,-5.58202803023785
1252.0,31.0,-9.867458376138597,-0.785672,-11.205244,-10.14070462114623
1253.0,2.0,4.2552864358660045,6.842053,3.871952,3.7952548251856912
1253.0,5.0,8.854769100937807,12.483214,12.321868,8.394737490257494
1253.0,6.0,4.259426989726855,2.753069,1.464666,3.7993953790465413
1253.0,12.0,3.8705353056956042,6.158057,5.057435,3.410503695015291
1253.0,24.0,3.805808715200893,6.97637,6.0333,3.3457771045205797
1253.0,25.0,-4.8175175343028975,-3.961026,-2.092233,-5.277549144983211
1253.0,29.0,-5.453768377996921,-4.722718,-5.865149,-5.913799988677234
1253.0,31.0,-9.345295669946188,-12.894862,-11.117342,-9.8053272806265
1254.0,2.0,4.369327290319047,3.162127,3.902755,4.169153067060585
1254.0,5.0,8.45794467860612,11.113389,12.254746,8.257770455347657
1254.0,6.0,4.099109301026701,-3.395706,1.468308,3.8989350777682388
1254.0,12.0,3.6584589744480187,-0.394959,5.101922,3.4582847511895567
1254.0,24.0,3.8150311530312138,13.889031,6.033857,3.6148569297727517
1254.0,25.0,-4.619707015721731,-9.395907,-1.991334,-4.819881238980193
1254.0,29.0,-5.822693344161287,-9.058076,-5.74882,-6.022867567419749
1255.0,2.0,4.173806873850422,1.143497,3.87434,3.024004038206782
1255.0,5.0,9.259327688878184,13.918847,12.125325,8.109524853234543
1255.0,6.0,5.218133797468013,-1.571117,1.429259,4.068330961824373
1255.0,12.0,3.6540896155993927,5.181584,5.087269,2.5042867799557524
1255.0,24.0,4.264255028950341,1.916407,6.018308,3.114452193306701
1255.0,25.0,-4.539223831409064,-3.645687,-1.918959,-5.689026667052705
1255.0,29.0,-4.229786116737955,-6.968516,-5.626005,-5.379588952381596
1255.0,31.0,-10.941105774704802,-6.214784,-10.870999,-12.090908610348443
1256.0,2.0,5.476265885713804,-28.620151,3.342327,6.645858248242428
1256.0,5.0,10.458088727922444,9.244951,11.900051,11.627681090451068
1256.0,12.0,4.623743599697288,-0.206156,4.866754,5.793335962225912
1256.0,24.0,5.0815652869423005,15.529463,6.59675,6.251157649470924
1256.0,25.0,-2.359385861213552,0.359735,-1.970423,-1.1897934986849283
1256.0,29.0,-3.175040231164707,-6.207343,-5.250023,-2.0054478686360833
1256.0,31.0,-11.132211485635176,-12.569526,-10.869335,-9.962619123106553
1257.0,2.0,4.671931734641923,-1.634392,2.634571,3.404481797018485
1257.0,5.0,11.422237869989896,11.393165,11.735174,10.154787932366458
1257.0,6.0,5.793738744875782,-0.896133,-0.153637,4.526288807252344
1257.0,12.0,3.9431995974944805,1.074857,4.394045,2.6757496598710424
1257.0,24.0,4.225485196118342,18.317028,7.050398,2.958035258494904
1257.0,29.0,-6.219250726285876,-9.822192,-5.250269,-7.486700663909314
1257.0,31.0,-11.150430234442041,-17.181867,-11.108948,-12.417880172065479
1258.0,2.0,4.864604678367522,-1.240264,2.412697,5.6489384625740495
1258.0,5.0,9.022970402483761,10.99666,11.674877,9.807304186690288
1258.0,6.0,4.943369265223177,-0.607952,-0.301445,5.727703049429705
1258.0,12.0,3.6573355350769887,0.637726,4.170202,4.441669319283516
1258.0,19.0,8.805262007086796,17.290403,4.519968,9.589595791293323
1258.0,24.0,4.165314463584444,-0.517885,7.035477,4.949648247790972
1258.0,25.0,-4.109563307919649,-9.170807,-2.610894,-3.3252295237131215
1258.0,29.0,-7.076522652514738,-7.899063,-5.402347,-6.292188868308211
1258.0,31.0,-11.109986120701642,-16.969241,-11.208989,-10.325652336495114
1259.0,2.0,5.208160643017429,-2.764475,2.475296,6.954957729646703
1259.0,5.0,8.400342714696567,9.365028,11.665759,10.147139801325842
1259.0,6.0,4.409536321608048,-3.421487,-0.1536,6.156333408237322
1259.0,12.0,3.5923893019974322,0.356312,4.156124,5.339186388626707
1259.0,19.0,6.546170159053883,7.760863,4.67517,8.292967245683158
1259.0,25.0,-4.0585505363441445,-8.482673,-2.637762,-2.31175344971487
1259.0,29.0,-7.096705729680107,-8.386428,-5.500559,-5.349908643050832
1259.0,31.0,-11.0322317367917,-12.102689,-11.186031,-9.285434650162426
1260.0,2.0,5.064210002311173,3.661923,2.52199,7.139491956074046
1260.0,5.0,8.374154387190243,12.47192,11.626036,10.449436340953117
1260.0,6.0,4.433739403727163,2.577763,-0.003861,6.509021357490036
1260.0,12.0,3.2450720959358854,8.039253,4.115712,5.320354049698759
1260.0,19.0,6.384378238783441,5.014702,4.830543,8.459660192546314
1260.0,25.0,-4.169202507294683,-3.090744,-2.677395,-2.0939205535318095
1260.0,29.0,-8.103277799225843,-3.420473,-5.605181,-6.02799584546297
1260.0,31.0,-11.05991123087671,-9.695469,-11.1437,-8.984629277113836
1261.0,2.0,5.108089003516124,1.965248,2.593112,7.467011762441377
1261.0,5.0,8.07232195575735,10.938866,11.589584,10.431244714682602
1261.0,6.0,4.183499657794112,0.000859,0.205363,6.542422416719365
1261.0,12.0,3.219803771675494,2.338424,4.06758,5.578726530600747
1261.0,19.0,6.440797955048584,12.289448,5.053254,8.799720713973837
1261.0,25.0,-3.8640890763710365,-4.457932,-2.734743,-1.5051663174457834
1261.0,29.0,-8.116471686739956,-8.289875,-5.757149,-5.757548927814703
1261.0,31.0,-10.993054149775276,-14.489683,-11.101247,-8.634131390850023
1262.0,2.0,5.100204770410736,6.648596,2.706734,7.0352315959768035
1262.0,5.0,8.613712021403035,10.373167,11.500332,10.548738846969103
1262.0,6.0,4.454646647851767,3.884395,0.600309,6.389673473417835
1262.0,12.0,3.2688422172148677,7.392935,3.942714,5.203869042780935
1262.0,19.0,6.837943798516406,17.403693,5.481725,8.772970624082474
1262.0,29.0,-7.965141053851428,-2.919655,-6.066138,-6.03011422828536
1262.0,31.0,-10.971736383813433,-12.747672,-11.018103,-9.036709558247365
1263.0,2.0,5.184109896443232,0.503709,2.885791,6.437552297490076
1263.0,5.0,8.366774565775708,9.167141,11.368201,9.620216966822554
1263.0,6.0,3.6275393141846983,-0.75611,1.253434,4.880981715231543
1263.0,12.0,2.92916268765601,2.634812,3.72147,4.1826050887028545
1263.0,19.0,6.018387329637989,8.114567,6.209189,7.271829730684833
1263.0,29.0,-5.156370872315898,-8.273124,-6.60865,-3.9029284712690533
1263.0,31.0,-10.855331077395762,-8.648598,-10.90801,-9.601888676348917
1264.0,2.0,5.2501841414016415,8.021207,3.120396,6.561675953101004
1264.0,5.0,7.904534584762365,13.154672,11.260699,9.216026396461727
1264.0,6.0,2.83127756150855,4.64555,1.88683,4.142769373207912
1264.0,12.0,2.558954231425308,6.453365,3.599452,3.8704460431246703
1264.0,19.0,5.816221009056898,8.429173,6.862214,7.12771282075626
1264.0,25.0,-3.5929423336910578,1.297813,-3.269293,-2.2814505219916956
1264.0,29.0,-0.6380788594598386,-5.201559,-7.033414,0.6734129522395236
1264.0,31.0,-10.789608771605879,-9.783477,-10.764564,-9.478116959906517
1265.0,2.0,5.29525442879333,6.66206,3.427083,7.412900884823135
1265.0,5.0,7.539583836648301,11.05201,11.195285,9.657230292678108
1265.0,6.0,2.890481403106598,3.442989,2.448826,5.008127859136404
1265.0,12.0,2.3559143089468932,6.303248,3.64102,4.473560764976699
1265.0,19.0,6.510725060206413,16.993501,7.354721,8.628371516236218
1265.0,29.0,-0.7978011338975728,-2.619773,-7.243374,1.3198453221322328
1265.0,31.0,-10.729157867243332,-10.381388,-10.573784,-8.611511411213527
1266.0,2.0,5.350635140049377,1.017281,3.712589,8.531454876874719
1266.0,5.0,6.790033555125403,11.156435,11.103278,9.970853291950744
1266.0,6.0,2.6097309194529643,-0.05901,2.880092,5.790550656278306
1266.0,12.0,2.0677727826247603,0.149843,3.747922,5.248592519450102
1266.0,19.0,6.775393862371935,24.124255,7.651377,9.956213599197277
1266.0,24.0,-3.3605118525998274,-0.189786,3.314657,-0.17969211577448574
1266.0,29.0,-3.737033762526619,-8.766354,-7.267496,-0.5562140257012773
1266.0,31.0,-10.639431220561203,-12.989106,-10.327882,-7.4586114837358615
1267.0,2.0,5.385677393007995,5.834056,3.954229,8.472246578005205
1267.0,5.0,6.832951956105983,9.282227,10.82446,9.919521141103193
1267.0,6.0,2.5281377462465713,0.314433,3.238061,5.614706931243782
1267.0,12.0,1.9328805465470165,2.358723,3.838352,5.019449731544227
1267.0,19.0,6.675514998481049,5.789443,7.760848,9.762084183478258
1267.0,24.0,-3.875390359288014,10.603329,2.910112,-0.7888211742908036
1267.0,29.0,-6.322033930301897,-8.580017,-7.093999,-3.2354647453046868
1267.0,31.0,-10.5461942878085,-11.408936,-9.88094,-7.45962510281129
1268.0,2.0,5.374503531744875,4.491085,4.296678,8.769639110007608
1268.0,5.0,6.4979145078600276,7.464314,10.637236,9.893050086122761
1268.0,6.0,2.5267752507550716,2.622513,3.661194,5.921910829017804
1268.0,12.0,1.4782187136697251,1.370485,4.034484,4.873354291932458
1268.0,19.0,6.525231564160885,19.404334,7.921261,9.920367142423618
1268.0,24.0,-4.48641270679607,3.60094,2.5385,-1.0912771285333371
1268.0,25.0,-3.0050056600593535,-1.296268,-2.465141,0.3901299182033795
1268.0,29.0,-8.139635890158868,-7.376627,-6.906463,-4.744500311896134
1268.0,31.0,-10.488069270193588,-10.074849,-9.462959,-7.092933691930854
1269.0,2.0,5.395249517790415,3.75764,4.438841,9.172297684767772
1269.0,5.0,5.522621127083173,9.821883,10.353253,9.29966929406053
1269.0,6.0,2.0583366181538114,3.379844,4.114066,5.835384785131168
1269.0,12.0,1.0311362679097495,2.270575,3.902312,4.808184434887107
1269.0,19.0,6.529885179131558,15.928192,8.280753,10.306933346108915
1269.0,25.0,-4.386542331332826,-6.311899,-2.483324,-0.6094941643554685
1269.0,29.0,-9.249705572886135,-8.395092,-7.071721,-5.4726574059087785
1269.0,31.0,-10.357466549512676,-11.713291,-9.142761,-6.580418382535319
1270.0,2.0,5.381751178083441,9.982014,4.62161,8.907074144624005
1270.0,5.0,5.385148675303276,15.432263,10.184995,8.91047164184384
1270.0,6.0,2.395285131606429,4.166049,4.542756,5.920608098146993
1270.0,12.0,0.8229825132958748,6.006811,3.852684,4.348305479836439
1270.0,19.0,6.340485225595955,10.056715,8.634389,9.86580819213652
1270.0,24.0,-5.293656684197607,-7.467984,1.365214,-1.7683337176570433
1270.0,25.0,-5.20792159486164,0.945474,-2.473012,-1.6825986283210757
1270.0,29.0,-9.096901738746274,-6.325677,-7.22462,-5.57157877220571
1270.0,31.0,-10.340958923064981,-8.589058,-8.909603,-6.815635956524417
1271.0,2.0,5.395794198008867,3.227116,4.836298,8.51782069498638
1271.0,5.0,4.7156043932003175,10.569966,10.071411,7.837630890177831
1271.0,6.0,2.365218610018726,1.740898,4.98348,5.487245106996239
1271.0,12.0,0.13111015432008877,0.10962,3.843565,3.2531366512976025
1271.0,19.0,6.464459973220972,0.603411,9.007585,9.586486470198485
1271.0,24.0,-6.025635615701656,-0.554916,0.870074,-2.9036091187241424
1271.0,25.0,-5.863647961098076,-5.388919,-2.449494,-2.7416214641205623
1271.0,29.0,-8.720980868857833,-9.966363,-7.383026,-5.598954371880319
1271.0,31.0,-10.198213056531824,-9.819953,-8.712909,-7.07618655955431
1272.0,2.0,5.601611935604819,10.869131,5.056306,8.340476902025298
1272.0,5.0,4.951916159985256,8.983971,9.957687,7.690781126405736
1272.0,6.0,2.800806123080255,2.570691,5.441228,5.539671089500735
1272.0,12.0,-0.013470456677755038,7.155969,3.829444,2.725394509742725
1272.0,24.0,-6.154350204323428,-4.01295,0.354394,-3.4154852379029483
1272.0,25.0,-5.836239572970788,-3.319964,-2.43373,-3.097374606550308
1272.0,29.0,-8.143281517162617,-2.102576,-7.557229,-5.404416550742137
1272.0,31.0,-10.210254593590626,-7.127541,-8.516668,-7.471389627170146
1273.0,2.0,5.352997900898204,4.281987,5.255015,7.818777119010463
1273.0,5.0,4.40338009818991,6.74898,9.806631,6.869159316302168
1273.0,6.0,2.1774044639903076,1.976534,5.908782,4.643183682102567
1273.0,12.0,-0.40075573963257405,-0.837571,3.774429,2.065023478479685
1273.0,24.0,-6.767653178806488,1.945137,-0.210281,-4.301873960694229
1273.0,25.0,-6.061778357235735,-9.758817,-2.4453,-3.595999139123476
1273.0,29.0,-7.678435987286113,-12.227822,-7.754632,-5.212656769173854
1273.0,31.0,-10.057679148742562,-9.329914,-8.301429,-7.591899930630303
1274.0,2.0,5.047006081764755,5.055007,5.489822,7.496983085238991
1274.0,5.0,3.3268885414175724,6.609445,9.631813,5.776865544891809
1274.0,6.0,1.4955382893698763,4.737078,6.34877,3.9455152928441124
1274.0,12.0,-0.950045191113805,1.333261,3.793878,1.499931812360431
1274.0,19.0,6.934186751560649,18.121822,10.118411,9.384163755034885
1274.0,24.0,-7.293391229294698,5.953309,-0.707514,-4.843414225820462
1274.0,25.0,-6.297444503271771,-6.767257,-2.34333,-3.8474674997975353
1274.0,29.0,-7.121765724499859,-7.108398,-7.816319,-4.671788721025623
1274.0,31.0,-9.81608966090824,-13.568751,-8.012346,-7.3661126574340035
1275.0,2.0,5.063108199333621,12.960491,5.780571,5.956425091617887
1275.0,5.0,3.7600013244886554,8.537319,9.448443,4.653318216772921
1275.0,6.0,1.6616871852403658,10.666335,6.825217,2.5550040775246314
1275.0,12.0,-0.9695009082878503,5.539731,3.86997,-0.07618401600358471
1275.0,24.0,-7.549401721873077,-8.028787,-1.208719,-6.656084829588812
1275.0,25.0,-6.206445270378569,1.483719,-2.166863,-5.313128378094303
1275.0,29.0,-6.798976908237618,-5.084638,-7.816562,-5.9056600159533525
1275.0,31.0,-6.7852124684990605,-5.404865,-7.669539,-5.891895576214795
1276.0,2.0,4.802733944840263,4.559125,6.035639,5.160109171223279
1276.0,5.0,2.9164677446533336,7.519143,9.264753,3.27384297103635
1276.0,6.0,1.2940114584146745,2.952731,7.25506,1.6513866847976912
1276.0,12.0,-1.4984408044498307,1.012664,3.926951,-1.141065578066814
1276.0,24.0,-5.78216269285601,14.329245,-1.674709,-5.424787466472994
1276.0,25.0,-6.395329863829864,-3.972624,-2.009879,-6.037954637446847
1276.0,29.0,-6.834786480102709,-6.546224,-7.814311,-6.477411253719692
1276.0,31.0,-4.78457652342559,-12.816617,-7.346108,-4.427201297042574
1277.0,2.0,4.489333946284535,7.207764,6.299017,4.982408934497035
1277.0,5.0,2.9702849344580358,6.86949,9.041632,3.463359922670535
1277.0,6.0,1.143393484313039,5.663135,7.712426,1.6364684725255385
1277.0,12.0,-1.7035791617106861,6.326721,3.974348,-1.2105041734981867
1277.0,25.0,-6.604090798057356,-1.553667,-1.840647,-6.111015809844857
1277.0,29.0,-6.827551095956626,-4.60641,-7.802511,-6.334476107744127
1277.0,31.0,-4.0579802131460685,3.495656,-6.977494,-3.564905224933569
1278.0,2.0,4.246463305927309,6.456941,6.542982,5.138190904996236
1278.0,5.0,2.4979015789848846,9.676525,8.817635,3.3896291780538124
1278.0,6.0,1.0199245488265198,4.930543,8.154804,1.9116521478954476
1278.0,12.0,-2.03734785951825,1.695052,4.003385,-1.1456202604493222
1278.0,19.0,6.527021869627934,24.86856,11.230777,7.418749468696861
1278.0,25.0,-6.411432738471268,-1.164521,-1.692568,-5.51970513940234
1278.0,29.0,-5.275477871108485,-6.473303,-7.80481,-4.383750272039558
1278.0,31.0,-6.459042805675128,-13.173751,-6.622227,-5.5673152066061995
1279.0,2.0,3.8801408206005874,4.480805,6.793528,3.3395504195332433
1279.0,5.0,2.370438576174573,9.054488,8.594686,1.8298481751072289
1279.0,6.0,0.8941988689548728,5.690943,8.591156,0.35360846788752853
1279.0,12.0,-2.328946303497717,0.667765,4.046683,-2.869536704565061
1279.0,19.0,4.1895315674579265,0.860074,11.486371,3.6489411663905824
1279.0,24.0,-5.8284282787920265,-2.184529,-3.193967,-6.369018679859371
1279.0,25.0,-6.269998478037891,-4.893318,-1.52634,-6.810588879105236
1279.0,29.0,-1.1349022836245357,-7.670257,-7.785641,-1.6754926846918798
1280.0,2.0,3.679364422180786,8.353954,6.969553,4.673063260080867
1280.0,5.0,2.536957814172567,5.752086,8.413544,3.530656652072648
1280.0,6.0,0.5425081242830956,6.605635,8.931867,1.5362069621831764
1280.0,12.0,-2.5319260190321202,4.240557,4.05043,-1.5382271811320394
1280.0,19.0,3.0154560406926816,15.418235,11.702468,4.009154878592763
1280.0,24.0,-8.144197304968456,11.281783,-3.602057,-7.150498467068375
1280.0,25.0,-6.253714231385995,-3.287885,-1.429735,-5.260015393485914
1280.0,29.0,1.248381599004099,-8.314156,-7.802696,2.24208043690418
1281.0,2.0,2.7692545329729903,13.612101,6.782665,3.03823209030217
1281.0,5.0,2.7024834607434363,11.245819,8.269265,2.971461018072616
1281.0,6.0,0.6663606490715317,11.44123,8.806778,0.9353382064007116
1281.0,12.0,-2.451238535113588,10.022566,3.85782,-2.1822609777844084
1281.0,19.0,3.236077527583273,12.209466,11.617928,3.5050550849124527
1281.0,24.0,-7.251867712781714,-1.145738,-3.647612,-6.982890155452535
1281.0,25.0,-6.379194525279161,0.983443,-1.563994,-6.110216967949981
1281.0,29.0,-1.343579040381532,-2.181265,-7.844691,-1.074601483052352
1282.0,2.0,2.6878736890603427,11.227326,6.834544,4.114752952118726
1282.0,5.0,2.620883228232806,8.486279,8.289837,4.04776249129119
1282.0,6.0,0.4594804768272702,5.907831,8.781514,1.8863597398856542
1282.0,12.0,-2.557611583560907,10.522772,3.955933,-1.1307323205025228
1282.0,19.0,2.8636820181115006,19.681005,11.536342,4.290561281169884
1282.0,24.0,-6.878103392673476,-3.765254,-3.552703,-5.451224129615092
1282.0,25.0,-6.41557043534386,1.786447,-1.450427,-4.988691172285476
1282.0,29.0,-1.8557364852931775,-2.735587,-7.721062,-0.4288572222347935
1283.0,2.0,2.7368466607006585,4.044007,7.096886,5.113105638769602
1283.0,5.0,2.725020829111136,4.888671,8.411889,5.101279807180079
1283.0,6.0,0.4532083114572103,6.466136,8.959687,2.8294672895261535
1283.0,12.0,-2.3142306562598254,-0.155269,4.221798,0.06202832180911777
1283.0,19.0,3.14584074003011,7.834281,11.606486,5.522099718099053
1283.0,24.0,-6.140172377748728,2.026708,-3.523255,-3.763913399679785
1283.0,25.0,-6.582802698899012,-6.492405,-1.211833,-4.2065437208300684
1283.0,29.0,-3.57705349830169,-10.554395,-7.590999,-1.2007945202327468
1283.0,31.0,-8.578141786807462,-2.65393,-5.867513,-6.201882808738519
1284.0,2.0,2.5118541548405924,7.47619,7.096449,3.292460235834014
1284.0,5.0,2.981608747598637,6.437293,8.357169,3.7622148285920582
1284.0,6.0,0.7333704311785514,8.409836,8.935455,1.513976512171973
1284.0,12.0,-2.094952468975487,6.258396,4.237709,-1.3143463879820654
1284.0,19.0,4.135832519755642,12.704551,11.533929,4.916438600749063
1284.0,24.0,-6.982010048078815,-15.977364,-3.50791,-6.201403967085394
1284.0,25.0,-6.5886200576134595,-3.144176,-1.151471,-5.808013976620038
1284.0,29.0,-4.49351750531689,-3.788955,-7.503589,-3.712911424323469
1284.0,31.0,-6.201069571742637,-5.88532,-5.795215,-5.420463490749215
1285.0,2.0,2.6711547415238215,2.911633,7.084315,5.816305519485386
1285.0,5.0,2.7454328827520165,3.816965,8.27827,5.890583660713581
1285.0,6.0,0.32365033486668526,4.322919,8.944354,3.46880111282825
1285.0,12.0,-2.256409485003288,-2.374662,4.210132,0.8887412929582768
1285.0,19.0,2.60424359155064,8.913922,11.509246,5.7493943695122045
1285.0,24.0,-8.320665657322568,6.324298,-3.562335,-5.175514879361003
1285.0,25.0,-6.777575606702676,-7.363884,-1.133019,-3.6324248287411116
1285.0,29.0,-4.379834523174062,-7.0503,-7.468765,-1.2346837452124975
1285.0,31.0,-9.86397649473006,-10.991393,-5.717902,-6.718825716768496
1286.0,2.0,1.8120323865294745,9.247407,6.936648,4.042256538571358
1286.0,5.0,3.2316381304771866,8.289009,8.007595,5.46186228251907
1286.0,6.0,0.45506984542380824,5.159329,8.914853,2.685293997465692
1286.0,12.0,-2.2273812454417032,4.925761,4.000617,0.002842906600180495
1286.0,19.0,2.524464973330386,7.161165,11.446897,4.75468912537227
1286.0,24.0,-8.482151067884304,3.25094,-3.759718,-6.251926915842421
1286.0,25.0,-6.801489200146681,-1.753012,-1.211505,-4.571265048104797
1286.0,29.0,-4.927383207067256,-7.374665,-7.467051,-2.697159055025372
1286.0,31.0,-6.6713209716185995,1.484222,-5.538521,-4.441096819576716
1287.0,2.0,2.710234871513342,2.433995,6.685727,5.216127433789152
1287.0,5.0,2.9422879741571784,-1.411227,7.636033,5.4481805364329885
1287.0,6.0,0.3927259996787633,-0.6051,8.821927,2.8986185619545735
1287.0,12.0,-2.1868449271487433,-4.786857,3.679654,0.3190476351270668
1287.0,19.0,2.9140413187313676,5.216799,11.332753,5.419933881007178
1287.0,24.0,-8.608557793860365,-2.788806,-3.998146,-6.102665231584555
1287.0,25.0,-6.748089459704806,-9.621176,-1.356977,-4.242196897428996
1287.0,29.0,-3.7734739883682846,-16.311308,-7.478625,-1.2675814260924745
1287.0,31.0,-7.675887375382793,12.359745,-5.322702,-5.169994813106983
1288.0,2.0,2.7028200520921377,6.701377,6.608047,3.9029012377084844
1288.0,5.0,2.9660977915403812,3.891241,7.562634,4.1661789771567275
1288.0,6.0,0.2411815154282504,5.922967,8.788671,1.441262701044597
1288.0,12.0,-2.221838014947053,-1.656847,3.584828,-1.0217568293307062
1288.0,19.0,2.9847423477354926,7.479695,11.317668,4.184823533351839
1288.0,24.0,-8.23974339895395,8.703608,-4.050214,-7.0396622133376034
1288.0,25.0,-6.7510103342772645,-6.386965,-1.423906,-5.550929148660918
1288.0,29.0,-3.815728037343127,-8.331984,-7.512638,-2.61564685172678
1288.0,31.0,-3.190667780202033,-13.608755,-5.303572,-1.9905865945856864
1289.0,2.0,2.779481397661291,9.919378,6.580534,5.127278645112413
1289.0,5.0,2.6818851849824004,5.179945,7.634052,5.029682432433522
1289.0,6.0,-0.01123846550713914,6.923581,8.742807,2.3365587819439826
1289.0,12.0,-2.399412810866562,2.239177,3.579976,-0.05161556341544049
1289.0,19.0,2.264233014461295,9.36091,11.323469,4.612030261912417
1289.0,24.0,-8.43212996623474,3.720685,-3.982057,-6.084332718783618
1289.0,25.0,-6.771172276125098,-4.165419,-1.474094,-4.423375028673976
1289.0,29.0,-3.7831272526336397,-7.557892,-7.559906,-1.435330005182518
1289.0,31.0,-3.1277382995988017,17.296553,-5.399734,-0.77994105214768
1290.0,2.0,3.106044045508792,12.36412,6.59127,7.170578220866235
1290.0,5.0,2.543968015581058,16.506477,7.776632,6.608502190938501
1290.0,6.0,-0.2733917676842328,11.607381,8.700739,3.7911424076732105
1290.0,12.0,-2.5020832602317293,5.636476,3.632411,1.562450915125714
1290.0,19.0,1.7558982032620785,12.5461,11.340216,5.820432378619522
1290.0,24.0,-8.902967388529529,-0.616874,-3.856744,-4.8384332131720855
1290.0,25.0,-6.841232062693262,0.612625,-1.500367,-2.7766978873358186
1290.0,29.0,-3.33385012239321,-9.493455,-7.602387,0.7306840529642331
1291.0,2.0,3.2881961933306556,10.81398,6.642913,5.148365453719928
1291.0,5.0,2.4972653140505585,8.246904,7.934778,4.357434574439831
1291.0,6.0,-0.2794993876990448,9.278969,8.722506,1.580669872690228
1291.0,12.0,-2.5399135362509258,4.171025,3.698968,-0.679744275861653
1291.0,19.0,2.3489908337755834,13.535131,11.42115,4.209160094164856
1291.0,24.0,-7.837894799264953,0.561654,-3.782107,-5.9777255388756805
1291.0,25.0,-6.768677732857068,1.790118,-1.525269,-4.908508472467795
1291.0,29.0,-3.3962534368793715,-6.806657,-7.677577,-1.5360841764900988
1291.0,31.0,-3.639945544783137,-3.01476,-5.684125,-1.779776284393864
1292.0,2.0,2.6871737503305653,17.966757,6.678566,5.055304187390285
1292.0,5.0,2.598383743276541,11.641021,8.017741,4.966514180336261
1292.0,6.0,-0.1972018670759148,15.362592,8.768709,2.170928569983805
1292.0,12.0,-2.500298884572593,10.49739,3.720479,-0.13216844751287304
1292.0,19.0,2.4011011937066638,17.485519,11.507901,4.769231630766384
1292.0,24.0,-7.345474016565976,-22.370621,-3.787017,-4.977343579506257
1292.0,25.0,-6.733888032726751,7.257622,-1.558422,-4.365757595667032
1292.0,29.0,-3.965125346529181,-1.173164,-7.753865,-1.596994909469461
1293.0,2.0,2.68348065882281,11.431474,6.683514,4.861362329156472
1293.0,5.0,2.5241754450420775,2.13567,8.030022,4.702057115375739
1293.0,6.0,-0.15429243543755433,12.81311,8.81133,2.0235892348961073
1293.0,12.0,-2.469763321629749,7.010092,3.695987,-0.29188165129608734
1293.0,19.0,2.944658529936193,11.286977,11.576197,5.122540200269855
1293.0,24.0,-7.77762904287346,5.553364,-3.841951,-5.599747372539798
1293.0,25.0,-6.695797249185319,1.220746,-1.601501,-4.517915578851658
1293.0,29.0,-4.105168505423487,-3.043427,-7.820836,-1.9272868350898253
1294.0,2.0,3.025767003459748,9.113886,6.701264,4.956974269236888
1294.0,5.0,2.4949204677901804,7.003438,8.025073,4.42612773356732
1294.0,6.0,-0.09462854225766648,11.501045,8.864762,1.836578723519473
1294.0,12.0,-2.474231572424788,6.246908,3.682092,-0.5430243066476486
1294.0,19.0,3.1163595882233537,8.380298,11.636003,5.047566854000493
1294.0,24.0,-8.056704366236685,-6.520984,-3.90716,-6.125497100459546
1294.0,25.0,-6.675401616941609,0.372438,-1.620306,-4.744194351164469
1294.0,29.0,-2.8022231666507103,-5.875326,-7.863656,-0.8710159008735707
1294.0,31.0,-7.575267294390974,-1.079209,-5.782448,-5.6440600286138345
1295.0,2.0,3.174048819401973,12.836582,6.707815,6.412009680558515
1295.0,5.0,2.5631299958282163,7.120902,8.050285,5.801090856984758
1295.0,6.0,0.02346127646901941,10.800556,8.907701,3.261422137625561
1295.0,12.0,-2.3753939912569417,4.325535,3.660181,0.8625668698996001
1295.0,19.0,3.087786825229202,12.70911,11.711506,6.325747686385744
1295.0,24.0,-7.873009855129693,-1.247799,-3.956255,-4.635048993973151
1295.0,25.0,-6.609349562465857,3.230208,-1.668967,-3.371388701309315
1295.0,29.0,-3.1534549755525063,-3.968676,-7.939728,0.08450588560403549
1295.0,31.0,-9.706690677158445,-1.123602,-5.821026,-6.468729816001903
1296.0,2.0,3.203607770300694,12.360107,6.694641,6.199483667870307
1296.0,5.0,2.4078878790939724,10.484152,8.086908,5.4037637766635855
1296.0,6.0,-0.11012084200663708,11.270655,8.928267,2.885755055562976
1296.0,12.0,-2.425205725001646,5.994974,3.625769,0.5706701725679673
1296.0,19.0,3.054195318159774,10.976958,11.781403,6.050071215729387
1296.0,24.0,-7.683779561604691,-6.290046,-3.986488,-4.687903664035078
1296.0,25.0,-6.683584541735106,-0.41583,-1.739293,-3.687708644165493
1296.0,29.0,-3.871214391687226,-7.821271,-8.03034,-0.8753384941176128
1296.0,31.0,-9.78996396494352,-3.419034,-5.885206,-6.794088067373908
1297.0,2.0,2.909521806262326,9.883982,6.735655,5.760112026755985
1297.0,5.0,2.6132732659672513,3.039373,8.105175,5.463863486460911
1297.0,6.0,-0.1568074445291039,11.856215,9.003042,2.6937827759645554
1297.0,12.0,-2.428852356337781,5.358189,3.631604,0.4217378641558782
1297.0,19.0,3.493264266220679,17.687486,11.864039,6.3438544867143385
1297.0,24.0,-8.545714583363637,-4.544388,-4.052837,-5.6951243628699775
1297.0,25.0,-6.7391317686535395,0.960197,-1.75081,-3.88854154815988
1297.0,29.0,-3.8480582360634616,-4.730232,-8.08155,-0.9974680155698024
1297.0,31.0,-9.296841152970133,-4.542773,-5.891879,-6.446250932476474
1298.0,2.0,3.1377188910582845,5.510797,6.77855,5.5573736185344424
1298.0,5.0,2.4730368112793606,1.778893,8.194941,4.8926915387555185
1298.0,6.0,-0.29693884441008667,9.316513,9.061325,2.1227158830660713
1298.0,12.0,-2.4959771958235106,-3.185894,3.655161,-0.07632246834735268
1298.0,19.0,3.723255810850109,9.586231,11.966024,6.142910538326267
1298.0,24.0,-7.971689994634252,-3.259411,-4.06635,-5.552035267158094
1298.0,25.0,-6.685557001155317,-5.787344,-1.787143,-4.265902273679159
1298.0,29.0,-3.144901823951552,-8.974823,-8.168498,-0.7252470964753939
1299.0,2.0,3.4110101792375964,4.56613,6.727836,4.683710992884472
1299.0,5.0,2.8170800151285817,3.617733,8.247813,4.089780828775457
1299.0,6.0,0.10110125589901742,7.508954,9.012338,1.373802069545893
1299.0,12.0,-2.2469461268289495,-0.169882,3.61729,-0.9742453131820739
1299.0,19.0,3.973111431486439,12.086704,11.980183,5.2458122451333145
1299.0,24.0,-7.55893204298388,-1.579541,-4.022274,-6.286231229337004
1299.0,25.0,-6.527988282000717,-5.367707,-1.866613,-5.255287468353841
1299.0,29.0,-1.045789652420262,-8.880114,-8.239876,0.2269111612266137
1300.0,2.0,2.6868634570533096,12.830846,6.599305,5.139317869892922
1300.0,5.0,2.6445497293601354,9.165772,8.192256,5.097004142199747
1300.0,6.0,-0.21311218731756476,7.959159,8.892906,2.2393422255220474
1300.0,12.0,-2.4389389964862644,6.656166,3.511548,0.013515416353347742
1300.0,19.0,3.2403114364474384,15.904442,11.8993,5.692765849287051
1300.0,24.0,-8.121792751911588,6.713441,-3.986997,-5.669338339071976
1300.0,25.0,-6.634461071723399,0.752878,-1.951899,-4.182006658883786
1300.0,29.0,-3.1165439278059823,-5.670603,-8.256666,-0.6640895149663701
1301.0,2.0,2.72724552904691,7.320435,6.533016,4.989286480409223
1301.0,5.0,2.6250435613513377,2.148836,8.153671,4.887084512713651
1301.0,6.0,-0.18026651620251943,7.254492,8.834717,2.0817744351597938
1301.0,12.0,-2.4398753989859703,0.579506,3.454061,-0.17783444762365708
1301.0,19.0,3.3528145414487227,25.74883,11.856354,5.614855492811036
1301.0,24.0,-8.38182126545609,-2.549295,-3.977679,-6.119780314093776
1301.0,25.0,-6.630506465524144,-2.376599,-1.992977,-4.368465514161831
1301.0,29.0,-3.4715271671935497,-11.65424,-8.261251,-1.2094862158312365
1302.0,2.0,3.0384743320893257,11.984002,6.49835,6.738767471959944
1302.0,5.0,2.5447711146703966,9.214115,8.140883,6.245064254541015
1302.0,6.0,-0.21868060658115063,10.715234,8.812299,3.4816125332894674
1302.0,12.0,-2.3867543492685757,2.252766,3.418137,1.3135387906020424
1302.0,19.0,2.9336047279790893,13.728211,11.851091,6.633897867849708
1302.0,24.0,-8.561722684336123,-0.389186,-3.982178,-4.861429544465505
1302.0,25.0,-6.6653746748354,-3.180172,-2.027542,-2.965081534964782
1302.0,29.0,-3.5342751138550725,-5.023483,-8.282514,0.1660180260155455
1302.0,31.0,-9.75005353137172,-9.665868,-6.109768,-6.049760391501101
1303.0,2.0,3.121267731617003,8.507671,6.513686,7.271976250026097
1303.0,5.0,2.450411290234899,9.628755,8.172246,6.601119808643993
1303.0,6.0,-0.21970074926294192,7.836681,8.82773,3.9310077691461522
1303.0,12.0,-2.4808251099638285,3.534562,3.430615,1.6698834084452656
1303.0,19.0,2.699587635127089,15.788305,11.878795,6.850296153536183
1303.0,24.0,-8.692935320750712,0.587357,-3.979329,-4.5422268023416175
1303.0,25.0,-6.6368589658951525,-1.052202,-2.034129,-2.4861504474860583
1303.0,29.0,-3.0421668763818506,-6.524399,-8.304083,1.1085416420272436
1303.0,31.0,-9.653584110511709,-10.224244,-6.137004,-5.5028755921026145
1304.0,2.0,2.9883167908663744,11.059584,6.538636,6.590146318989673
1304.0,5.0,2.4058233586157813,12.759077,8.211221,6.007652886739081
1304.0,6.0,-0.25930933907811227,9.203843,8.854002,3.3425201890451866
1304.0,12.0,-2.47626643975543,3.013192,3.449669,1.1255630883678687
1304.0,19.0,3.302717199780922,21.810467,11.917751,6.90454672790422
1304.0,24.0,-8.611876865856674,-15.990153,-3.980726,-5.010047337733376
1304.0,25.0,-6.66861376976627,0.780461,-2.038542,-3.066784241642971
1304.0,29.0,-3.3750970192966956,-6.406552,-8.330449,0.22673250882660323
1304.0,31.0,-9.738142375075789,-5.083066,-6.167271,-6.136312846952491
1305.0,2.0,2.9878522718320966,11.91553,6.568856,6.119578160575794
1305.0,5.0,2.6112655085073264,10.241759,8.216108,5.742991397251024
1305.0,6.0,-0.028754055766215814,9.802878,8.895081,3.102971832977482
1305.0,12.0,-2.352464671817293,4.351211,3.464257,0.7792612169264048
1305.0,19.0,3.0414189111818004,15.976218,11.951458,6.173144799925498
1305.0,24.0,-7.99811654959268,-8.485745,-4.011859,-4.866390660848983
1305.0,25.0,-6.57010727144703,-1.454841,-2.026642,-3.4383813827033327
1305.0,29.0,-3.038741437612306,-9.113387,-8.33838,0.09298445113139175
1305.0,31.0,-9.660701688252777,-3.959558,-6.157259,-6.528975799509079
1306.0,2.0,3.1263507663446006,4.039627,6.607444,6.744233454640724
1306.0,5.0,2.5193951424966823,4.62019,8.204597,6.137277830792805
1306.0,6.0,-0.08240563735526152,4.116443,8.948806,3.5354770509408615
1306.0,12.0,-2.4240914834627,-0.095003,3.481299,1.1937912048334232
1306.0,19.0,2.9180499717562007,12.845712,11.984805,6.535932660052324
1306.0,24.0,-8.54343534012057,-13.894047,-4.060021,-4.9255526518244475
1306.0,25.0,-6.611515587216864,-5.232309,-2.00152,-2.9936328989207412
1306.0,29.0,-3.705936411600681,-8.484766,-8.334501,-0.08805372330455796
1306.0,31.0,-9.704243460728943,-1.325036,-6.123886,-6.08636077243282
1307.0,2.0,3.353459911970642,11.473534,6.639338,6.508455864285089
1307.0,5.0,2.50143246879397,9.238139,8.246938,5.6564284211084175
1307.0,6.0,-0.050190032548917074,9.839414,8.97642,3.1048059197655307
1307.0,12.0,-2.3577554263520186,1.769267,3.509939,0.7972405259624291
1307.0,19.0,3.145199880007077,11.55915,12.020494,6.300195832321524
1307.0,24.0,-8.313153217545196,-8.929633,-4.055596,-5.158157265230749
1307.0,25.0,-6.578713978829073,-0.885558,-1.996117,-3.4237180265146256
1307.0,29.0,-3.0624047128083594,-6.537509,-8.352279,0.09259123950608839
1307.0,31.0,-9.1006091865804,-1.370291,-6.151506,-5.945613234265952
1308.0,2.0,2.727530553468595,11.6915,6.667274,6.141081477926921
1308.0,5.0,2.8505132166265907,17.367376,8.284219,6.264064141084917
1308.0,6.0,0.11910782749966486,6.250391,9.003222,3.532658751957991
1308.0,12.0,-2.226318844989247,4.765752,3.533038,1.1872320794690792
1308.0,19.0,2.917014343265361,9.636572,12.055912,6.330565267723687
1308.0,24.0,-8.081664230059513,-13.529424,-4.055599,-4.668113305601187
1308.0,25.0,-6.484538021019244,-0.451476,-1.994236,-3.0709870965609176
1308.0,29.0,-3.928047097553642,-3.919362,-8.372,-0.5144961730953157
1308.0,31.0,-9.620067120451534,-3.526542,-6.17691,-6.206516195993208
1309.0,2.0,3.053102699093845,2.32832,6.692628,6.60586239349469
1309.0,5.0,2.657133635169103,8.62935,8.297777,6.209893329569948
1309.0,6.0,-0.13914893440715304,4.776133,9.02343,3.4136107599936922
1309.0,12.0,-2.295966845782446,-3.369714,3.556398,1.2567928486183995
1309.0,19.0,3.1432379948482616,8.616216,12.068432,6.695997689249107
1309.0,24.0,-8.198224941250553,-0.423308,-4.056993,-4.6454652468497075
1309.0,25.0,-6.613262373467877,-7.177327,-1.975151,-3.0605026790670316
1309.0,29.0,-3.612349963562713,-8.389775,-8.364956,-0.05959026916186794
1309.0,31.0,-9.655817013092914,-11.029746,-6.174614,-6.103057318692069
1310.0,2.0,3.076988333239912,7.281945,6.710662,6.723747591362562
1310.0,5.0,2.563146373494485,2.807596,8.31859,6.209905631617135
1310.0,6.0,-0.22539666743517905,7.159836,9.032553,3.4213625906874707
1310.0,12.0,-2.342942481101991,3.365198,3.577379,1.3038167770206588
1310.0,19.0,3.1881923412642887,12.374739,12.076583,6.8349515993869385
1310.0,24.0,-8.140865773989157,-0.816016,-4.046089,-4.494106515866507
1310.0,25.0,-6.610143916179444,-3.502508,-1.963061,-2.9633846580567944
1310.0,29.0,-3.3237528659406133,-7.766084,-8.361741,0.32300639218203653
1310.0,31.0,-9.74832228898468,-4.191117,-6.184379,-6.10156303086203
1311.0,2.0,3.2572254552308912,8.421594,6.779367,6.28207642614855
1311.0,5.0,2.515127242846569,5.457104,8.364164,5.539978213764228
1311.0,6.0,-0.08906641257463921,8.733222,9.088027,2.9357845583430198
1311.0,12.0,-2.2690404130609236,3.884916,3.640609,0.7558105578567353
1311.0,19.0,3.1793883749306566,9.350808,12.117335,6.204239345848316
1311.0,24.0,-7.839917188847371,-14.821109,-4.047203,-4.815066217929712
1311.0,25.0,-6.6015334359799525,-1.531012,-1.918256,-3.5766824650622935
1311.0,29.0,-2.2308097372956954,-5.769527,-8.353013,0.7940412336219635
1311.0,31.0,-9.723222497730184,-0.547083,-6.188116,-6.698371526812525
1312.0,2.0,3.1026514240028487,9.913943,6.787525,6.139451364648977
1312.0,5.0,2.526278020448749,9.693212,8.419288,5.563077961094877
1312.0,6.0,-0.132878965015907,8.574247,9.087316,2.9039209756302213
1312.0,12.0,-2.3272696834229976,5.021263,3.655398,0.7095302572231308
1312.0,19.0,3.2145451626580357,18.413928,12.143565,6.251345103304164
1312.0,24.0,-7.425353416394229,-2.224932,-4.018269,-4.3885534757481
1312.0,25.0,-6.567381175230911,-0.403823,-1.936706,-3.5305812345847825
1312.0,29.0,-2.4628185943634024,-6.919145,-8.385262,0.5739813462827259
1312.0,31.0,-9.560323923780382,-8.550317,-6.244908,-6.523523983134254
1313.0,2.0,3.207203938293997,12.41155,6.765329,6.988630650906338
1313.0,5.0,2.4018268422247493,10.734578,8.473993,6.183253554837091
1313.0,6.0,-0.36313303806648634,12.418038,9.028186,3.418293674545855
1313.0,12.0,-2.3922505704922443,6.836388,3.668758,1.389176142120097
1313.0,19.0,3.021077512434358,12.053928,12.11255,6.802504225046699
1313.0,24.0,-8.09525602883824,5.197064,-3.930975,-4.313829316225898
1313.0,25.0,-6.600541193208243,-0.66799,-1.951408,-2.8191144805959016
1313.0,29.0,1.4298084211397297,-3.985076,-8.386276,5.211235133752071
1313.0,31.0,-9.590209998140988,-9.228475,-6.311292,-5.808783285528647
1314.0,2.0,3.2821394394445687,11.803225,6.767673,6.030917321505218
1314.0,5.0,2.393973618839232,11.701612,8.512859,5.142751500899881
1314.0,6.0,-0.2570266440100184,11.712721,8.986348,2.4917512380506306
1314.0,12.0,-2.4248790375222224,6.719602,3.705511,0.32389884453842654
1314.0,19.0,3.1105810453145093,10.77408,12.071142,5.859358927375158
1314.0,24.0,-8.317131646524171,-10.19712,-3.852125,-5.568353764463522
1314.0,25.0,-6.555783959020086,0.43362,-1.926967,-3.8070060769594374
1314.0,29.0,-1.7039864332758912,-5.612499,-8.351252,1.0447914487847578
1314.0,31.0,-6.613373789115872,-1.023775,-6.340058,-3.8645959070552234
1315.0,2.0,3.519161028833743,7.527412,6.874563,6.529136492740076
1315.0,5.0,2.248947376453682,7.192166,8.552307,5.258922840360015
1315.0,6.0,-0.36996277300589675,3.503751,9.081389,2.6400126909004356
1315.0,12.0,-2.4524511970519214,0.14961,3.796149,0.5575242668544109
1315.0,19.0,3.4321934223945423,16.41278,12.127324,6.442168886300875
1315.0,24.0,-8.6609874601793,-4.050988,-3.878516,-5.651011996272967
1315.0,25.0,-6.60371450400609,-4.880966,-1.846519,-3.593739040099758
1315.0,29.0,-2.1539092023620245,-5.793138,-8.322947,0.8560662615443078
1316.0,2.0,3.3596019774160037,3.457886,6.991752,6.405010016761629
1316.0,5.0,2.227617308658264,4.647514,8.623665,5.273025348003889
1316.0,6.0,-0.3893853629990076,3.324846,9.190543,2.656022676346618
1316.0,12.0,-2.457765744229376,-2.98017,3.892775,0.5876422951162494
1316.0,19.0,3.3131177842479733,5.252236,12.214971,6.358525823593599
1316.0,24.0,-9.107419393474354,1.424465,-3.904433,-6.062011354128728
1316.0,25.0,-6.552695848264898,-9.429375,-1.781574,-3.5072878089192727
1316.0,29.0,-2.072371388041982,-12.029388,-8.32527,0.9730366513036435
1316.0,31.0,-4.184108028492371,-2.820509,-6.315295,-1.1386999891467458
1317.0,2.0,3.467463114798928,7.924234,7.069287,6.319282087976109
1317.0,5.0,2.3447258433091953,7.093552,8.70736,5.196544816486377
1317.0,6.0,-0.25426042863403886,7.560378,9.27003,2.5975585445431424
1317.0,12.0,-2.3819090196446386,4.196924,3.952507,0.4699099535325426
1317.0,19.0,3.259025586961732,12.365203,12.308096,6.110844560138913
1317.0,24.0,-8.562366740894326,-10.505047,-3.919024,-5.710547767717145
1317.0,25.0,-6.35939817449938,-6.362082,-1.769504,-3.5075792013221987
1317.0,29.0,-0.3487345887216593,-3.961381,-8.371072,2.503084384455522
1317.0,31.0,-6.955905675898464,-3.581244,-6.363502,-4.104086702721283
1318.0,2.0,3.5868903349903913,2.94055,7.162374,7.325301263707206
1318.0,5.0,2.044529491635597,1.360354,8.769763,5.7829404203524115
1318.0,6.0,-0.2619516913620945,5.639522,9.358665,3.47645923735472
1318.0,12.0,-2.558862585330358,-0.797087,4.027972,1.1795483433864566
1318.0,19.0,3.3003638096249475,13.672223,12.384433,7.038774738341762
1318.0,24.0,-8.562026279427295,-5.019467,-3.940503,-4.82361535071048
1318.0,25.0,-6.591805833037794,-7.95521,-1.723526,-2.8533949043209796
1318.0,29.0,-1.6781508488159762,-13.618505,-8.380933,2.0602600799008384
1318.0,31.0,-9.582542217841745,-4.17912,-6.373917,-5.84413128912493
1319.0,2.0,3.507152036604799,6.642845,7.227751,7.194853892769634
1319.0,5.0,1.904266206900867,11.510393,8.815017,5.5919680630657025
1319.0,6.0,-0.4279554379212378,7.933916,9.420595,3.259746418243598
1319.0,12.0,-2.5397320587940375,1.076511,4.08124,1.147969797370798
1319.0,19.0,5.318551175411205,10.841005,12.43849,9.00625303157604
1319.0,24.0,-8.56238839534132,-15.872294,-3.954716,-4.8746865391764835
1319.0,25.0,-6.539798593399411,-5.335671,-1.691686,-2.852096737234575
1319.0,29.0,-0.907839609444463,-4.578181,-8.388414,2.7798622467203726
1319.0,31.0,-9.496729602655382,-7.447295,-6.382886,-5.809027746490546
1320.0,2.0,3.3671061295694003,10.974881,7.26813,7.585080661412623
1320.0,5.0,2.1257722423049765,5.208247,8.833427,6.343746774148199
1320.0,6.0,-0.44945174280670486,8.777822,9.448667,3.768522789036518
1320.0,12.0,-2.5349425850165366,5.943157,4.121495,1.683031946826686
1320.0,19.0,3.2359006236642838,12.58979,12.449951,7.4538751555075065
1320.0,24.0,-8.830936356193426,-5.300091,-3.952014,-4.6129618243502035
1320.0,25.0,-6.543169322641008,-2.377029,-1.654961,-2.3251947907977852
1320.0,29.0,-1.258723153946888,-4.109799,-8.368207,2.9592513778963347
1320.0,31.0,-9.494567204279363,-3.16645,-6.373606,-5.2765926724361405
1321.0,2.0,3.382296452449534,9.991229,7.22206,7.487377416444342
1321.0,5.0,2.0668923419963745,11.002011,8.791976,6.171973305991182
1321.0,6.0,-0.5247833814519502,4.931158,9.401459,3.5802975825428573
1321.0,12.0,-2.6052935283996845,3.948492,4.086179,1.499787435595123
1321.0,19.0,3.520499763922052,15.38415,12.400127,7.6255807279168595
1321.0,24.0,-8.860841015390903,-3.881678,-3.940878,-4.755760051396096
1321.0,25.0,-6.558926849483105,-2.972939,-1.666862,-2.453845885488297
1321.0,29.0,-1.6461878553477263,-7.129228,-8.347358,2.4588931086470813
1321.0,31.0,-9.58555106825247,-7.210134,-6.355278,-5.480470104257662
1322.0,2.0,3.5530474302127875,11.377124,7.180859,7.825171652482139
1322.0,5.0,2.04821477908437,9.227696,8.714444,6.320339001353721
1322.0,6.0,-0.43517397409629943,9.813394,9.397568,3.8369502481730517
1322.0,12.0,-2.5622226656548523,5.720869,4.023804,1.7099015566144988
1322.0,19.0,3.248291090608806,17.366968,12.387989,7.520415312878157
1322.0,24.0,-8.645078835854775,-0.507298,-4.003221,-4.372954613585424
1322.0,25.0,-6.539469225246483,2.255811,-1.69242,-2.267345002977132
1322.0,29.0,-1.2878537775267036,-4.640153,-8.351388,2.9842704447426476
1322.0,31.0,-9.502220332315265,-6.645652,-6.305069,-5.230096110045913
1323.0,2.0,3.525681640472822,9.460844,7.113432,7.684135387734761
1323.0,5.0,1.962677620190794,7.509567,8.649983,6.121131367452733
1323.0,6.0,-0.5164551482850586,9.06796,9.335579,3.6419985989768806
1323.0,12.0,-2.584625358653767,8.616709,3.966582,1.573828388608172
1323.0,19.0,3.28848951879851,13.228818,12.3235,7.446943266060449
1323.0,24.0,-8.709590893651589,-4.052812,-3.998718,-4.5511371463896495
1323.0,25.0,-6.55494195306208,-2.858179,-1.715181,-2.396488205800141
1323.0,29.0,-2.2275018164589087,-7.369996,-8.328852,1.9309519308030305
1323.0,31.0,-9.428248769117214,-5.93725,-6.276218,-5.269795021855275
1324.0,2.0,3.590109262969033,15.597446,7.08686,6.4445015154543
1324.0,5.0,2.0775190049634844,13.528677,8.597433,4.931911257448752
1324.0,6.0,-0.4218811721157776,14.071034,9.295149,2.43251108036949
1324.0,12.0,-2.5033759976738583,10.471522,3.955114,0.3510162548114093
1324.0,19.0,3.409261483408203,17.597301,12.255632,6.26365373589347
1324.0,24.0,-8.675376489505314,-7.46029,-3.983405,-5.820984237020047
1324.0,25.0,-6.547491835259757,7.768651,-1.689603,-3.6930995827744897
1324.0,29.0,-1.1694257072029992,-6.077071,-8.269895,1.6849665452822684
1324.0,31.0,-7.423582575387106,-0.277585,-6.227213,-4.569190322901838
1325.0,2.0,3.2786011522427856,12.859864,7.086044,6.164810617621569
1325.0,5.0,2.3513693870635635,11.265923,8.585243,5.237578852442347
1325.0,6.0,-0.3388779039655958,12.959139,9.278066,2.547331561413188
1325.0,12.0,-2.439990269771178,8.739022,3.966337,0.4462191956076058
1325.0,19.0,3.6179114307817937,8.721039,12.222226,6.504120896160577
1325.0,24.0,-8.843187186174273,-7.530698,-3.963605,-5.956977720795489
1325.0,25.0,-6.481804426635049,1.281343,-1.664873,-3.5955949612562654
1325.0,29.0,-1.674109751783282,-1.19767,-8.233067,1.212099713595502
1325.0,31.0,-6.01240327446438,-3.361656,-6.207799,-3.126193809085596
1326.0,2.0,3.411437515790041,6.819679,6.986199,5.92577576118471
1326.0,5.0,2.27515628786996,1.335886,8.534368,4.789494533264628
1326.0,6.0,-0.35480772494708734,10.402512,9.180314,2.159530520447581
1326.0,12.0,-2.397137224887109,2.167869,3.887951,0.11720102050755976
1326.0,19.0,3.55348955903413,9.314952,12.146861,6.0678278044287985
1326.0,24.0,-8.437164544880204,-2.403097,-3.931184,-5.922826299485536
1326.0,25.0,-6.443120606634684,-4.714698,-1.720868,-3.9287823612400157
1326.0,29.0,-1.068881003187312,-8.380772,-8.231463,1.4454572422073566
1326.0,31.0,-4.895992390841318,-1.455613,-6.215391,-2.3816541454466496
1327.0,2.0,3.4741543504107995,3.721133,6.88351,5.669605245457651
1327.0,5.0,2.350083573483259,8.941247,8.441881,4.545534468530111
1327.0,6.0,-0.23709236387000843,4.830539,9.109417,1.9583585311768434
1327.0,12.0,-2.4112535696608886,-0.060825,3.783137,-0.21580267461403668
1327.0,19.0,3.536046198535697,11.693229,12.088579,5.731497093582549
1327.0,24.0,-8.373125494215312,-3.121271,-3.956986,-6.17767459916846
1327.0,25.0,-6.45734207104346,-8.437503,-1.784436,-4.261891175996608
1327.0,29.0,-0.9941439831337853,-13.584245,-8.239368,1.2013069119130666
1327.0,31.0,-6.046520704762999,-6.555167,-6.186588,-3.8510698097161473
1328.0,2.0,3.548552133866414,8.086943,6.84719,6.989886828429101
1328.0,5.0,1.9898409633148209,6.927657,8.486641,5.431175657877508
1328.0,6.0,0.014002717570034129,7.969612,9.066699,3.455337412132721
1328.0,12.0,-2.5469984914502577,0.665126,3.762565,0.8943362031124291
1328.0,19.0,3.8407029989416994,6.333803,12.091769,7.282037693504386
1328.0,24.0,-8.204886579912861,3.704586,-3.911078,-4.763551885350174
1328.0,25.0,-6.55085108535487,-1.098354,-1.837295,-3.109516390792183
1328.0,29.0,-1.636863592133003,-7.930818,-8.284842,1.8044711024296838
1328.0,31.0,-9.46060100568182,-2.9644,-6.26168,-6.019266311119133
1329.0,2.0,3.409368234533643,14.966958,6.833238,5.280776781035616
1329.0,5.0,2.1159671575973107,10.695073,8.56487,3.9873757040992834
1329.0,6.0,-0.5005974495219405,10.931302,9.023573,1.3708110969800322
1329.0,12.0,-2.5166193817890887,6.244568,3.777481,-0.645210835287116
1329.0,19.0,6.246308001422182,22.688146,12.092042,8.117716547924156
1329.0,24.0,-8.114806440745411,0.241047,-3.830989,-6.243397894243438
1329.0,25.0,-6.562416652116685,0.961863,-1.867809,-4.691008105614712
1329.0,29.0,-2.3029914020321725,-5.971765,-8.315924,-0.4315828555301997
1329.0,31.0,-7.257320380766201,-5.542504,-6.353078,-5.385911834264228
1330.0,2.0,3.6041031811110003,8.416539,6.880433,5.222933183384409
1330.0,5.0,2.1835686361080997,4.497472,8.624155,3.8023986383815083
1330.0,6.0,-0.4266297160901331,10.980767,9.048271,1.1922002861832754
1330.0,12.0,-2.466993157143168,0.743591,3.832264,-0.8481631548697592
1330.0,19.0,6.468745690657771,3.699383,12.117777,8.08757569293118
1330.0,24.0,-7.620348732129848,-2.910979,-3.801605,-6.001518729856439
1330.0,25.0,-6.506580907928852,-1.988911,-1.840341,-4.887750905655443
1330.0,29.0,-1.3901846739637542,-8.054872,-8.314222,0.22864532830965434
1330.0,31.0,-6.85323594889208,-1.380143,-6.383754,-5.234405946618672
1331.0,2.0,3.6856088332887964,12.649704,6.896843,4.428104825544588
1331.0,5.0,2.2410701392458003,11.426856,8.638469,2.9835661315015916
1331.0,6.0,-0.32174351625552156,10.140661,9.066635,0.42075247600026944
1331.0,12.0,-2.3232379863504846,6.608411,3.843562,-1.5807419940946936
1331.0,19.0,5.792179290853294,20.11316,12.137656,6.5346752831090855
1331.0,24.0,-7.590797187688719,-11.041955,-3.80853,-6.848301195432928
1331.0,25.0,-6.5237990144719715,0.500204,-1.836949,-5.78130302221618
1331.0,29.0,-2.3209973519398224,-3.96728,-8.32261,-1.5785013596840314
1331.0,31.0,-6.884341073813475,-7.59189,-6.390781,-6.141845081557684
1332.0,2.0,3.5287300637580685,11.455655,6.952564,6.030162769737039
1332.0,5.0,1.989661829971654,10.073353,8.606149,4.491094535950625
1332.0,6.0,-0.4161392026086066,10.193998,9.15455,2.0852935033703637
1332.0,12.0,-2.422057476485361,6.978241,3.859199,0.0793752294936092
1332.0,19.0,5.8750730841462975,11.536375,12.191143,8.376505790125268
1332.0,24.0,-8.173527728431472,-3.045831,-3.899664,-5.672095022452501
1332.0,25.0,-6.551386683908511,-1.479023,-1.802038,-4.04995397792954
1332.0,29.0,-2.2889250327466737,-6.357511,-8.318867,0.21250767323229658
1332.0,31.0,-7.965249299057355,-6.515354,-6.327564,-5.463816593078384
1333.0,2.0,2.9867963898000696,7.207003,7.034604,5.776617891428251
1333.0,5.0,2.055606965107021,14.251976,8.600576,4.8454284667352026
1333.0,6.0,-0.36652620891166876,6.593206,9.266185,2.423295292716513
1333.0,12.0,-2.5891427524002566,2.185403,3.897515,0.20067874922792495
1333.0,19.0,2.8936340541864425,8.878554,12.27009,5.683455555814624
1333.0,24.0,-8.935200854336536,-8.449838,-3.991472,-6.145379352708354
1333.0,25.0,-6.696891878536868,-3.10779,-1.758606,-3.9070703769086865
1333.0,29.0,-3.6753386962339905,-8.856815,-8.324273,-0.8855171946058089
1333.0,31.0,-6.6855213906842526,-6.214667,-6.277415,-3.895699889056071
1334.0,2.0,3.19298495067129,12.903323,7.06233,5.794126300326274
1334.0,5.0,2.103023285184883,5.385207,8.633183,4.704164634839867
1334.0,6.0,-0.2264370695253497,10.470079,9.302802,2.3747042801296345
1334.0,12.0,-2.5205147508000234,6.47582,3.912654,0.08062659885496082
1334.0,19.0,2.5315085025046757,22.402751,12.317767,5.13264985215966
1334.0,24.0,-8.20719829226971,-1.497856,-4.008181,-5.606056942614726
1334.0,25.0,-6.649781874203367,1.071771,-1.764475,-4.048640524548383
1334.0,29.0,-3.346347553994844,-8.078596,-8.355293,-0.7452062043398597
1334.0,31.0,-5.540021431502816,0.464974,-6.301029,-2.938880081847832
1335.0,2.0,3.241848187471753,11.438553,7.046934,4.738799701440257
1335.0,5.0,2.3987600555345656,10.341044,8.623594,3.8957115695030704
1335.0,6.0,0.10986531813006373,8.955292,9.313583,1.6068168320985685
1335.0,12.0,-2.4259092557330133,6.911294,3.880654,-0.9289577417645085
1335.0,19.0,2.984359039899706,13.464823,12.344819,4.4813105538682105
1335.0,24.0,-8.019931246205676,3.60451,-4.042634,-6.522979732237172
1335.0,25.0,-6.518741202706096,-2.117115,-1.799296,-5.0217896887375915
1335.0,29.0,-2.248072819716167,-9.459979,-8.393046,-0.7511213057476622
1335.0,31.0,-4.240130862846471,-1.102559,-6.309937,-2.7431793488779666
1336.0,2.0,3.131647680290948,1.007996,7.020183,4.625172218803723
1336.0,5.0,2.2645406769474663,-1.226262,8.570059,3.7580652154602405
1336.0,6.0,0.5180765348096683,4.158472,9.341946,2.0116010733224425
1336.0,12.0,-2.48977004191815,-2.226167,3.816217,-0.9962455034053757
1336.0,19.0,2.954646995685165,0.631629,12.382349,4.4481715341979395
1336.0,24.0,-8.34376923824578,-5.814176,-4.130374,-6.850244699733006
1336.0,25.0,-6.619705637460937,-9.720331,-1.846885,-5.126181098948162
1336.0,29.0,-2.8835345225076345,-11.223439,-8.440583,-1.3900099839948603
1336.0,31.0,-5.795890659915555,9.152619,-6.285154,-4.30236612140278
1337.0,2.0,3.33637588009128,8.375256,6.984753,6.30642882680747
1337.0,5.0,2.192705809628003,8.323692,8.544384,5.162758756344193
1337.0,6.0,0.5990418563709135,10.254675,9.342776,3.5690948030871033
1337.0,12.0,-2.5460618916035798,2.556434,3.760867,0.42399105511261004
1337.0,19.0,4.606271448010705,14.270542,12.405289,7.576324394726895
1337.0,24.0,-8.004793178154607,-17.604513,-4.174766,-5.034740231438417
1337.0,25.0,-6.575800834981069,-1.554051,-1.899629,-3.6057478882648795
1337.0,29.0,-2.049960285138231,-3.993685,-8.487876,0.920092661577959
1337.0,31.0,-9.567819606107111,-4.709352,-6.292189,-6.597766659390921
1338.0,2.0,3.0912763832850256,10.452638,6.985663,6.26309589173221
1338.0,5.0,2.2235774931525256,7.46813,8.52586,5.39539700159971
1338.0,6.0,0.05895910518200065,14.616931,9.346388,3.2307786136291843
1338.0,12.0,-2.5114228802283343,4.461555,3.758577,0.6603966282188494
1338.0,19.0,4.923814341154063,12.971775,12.397677,8.095633849601247
1338.0,24.0,-8.512630515233237,-12.952955,-4.186562,-5.340811006786053
1338.0,25.0,-6.616394032001933,1.981372,-1.889644,-3.4445745235547496
1338.0,29.0,-2.3167302797896268,-1.870865,-8.474061,0.8550892286575569
1338.0,31.0,-9.155875505783246,-3.426814,-6.271097,-5.984055997336062
1339.0,2.0,3.3894798064803773,6.492894,6.983484,6.657422603986842
1339.0,5.0,2.016898847172455,13.442581,8.526741,5.28484164467892
1339.0,6.0,-0.40452871662127077,7.522065,9.341038,2.8634140808851942
1339.0,12.0,-2.5070001044993915,1.782993,3.759291,0.7609426930070735
1339.0,19.0,5.7610273109012216,4.743079,12.39241,9.028970108407687
1339.0,24.0,-9.119550267634583,-13.594816,-4.180626,-5.851607470128118
1339.0,25.0,-6.703272647992133,-3.510021,-1.888405,-3.435329850485668
1339.0,29.0,-2.005541763860097,-8.693075,-8.470107,1.262401033646368
1339.0,31.0,-7.047478401747197,-3.684752,-6.272831,-3.779535604240732
1340.0,2.0,3.4421029804119847,17.984371,7.000138,6.513315520157189
1340.0,5.0,2.089849150053446,9.035728,8.560878,5.16106168979865
1340.0,6.0,-0.33674257834621457,16.81755,9.331419,2.734469961398989
1340.0,12.0,-2.432977361421962,11.842738,3.793137,0.6382351783232418
1340.0,24.0,-9.075995247332298,1.267033,-4.138234,-6.004782707587093
1340.0,25.0,-6.699934139053564,6.508411,-1.86732,-3.6287215993083604
1340.0,29.0,-2.1588509270779648,-3.192305,-8.452524,0.9123616126672389
1340.0,31.0,-5.417387195098602,-5.749934,-6.292768,-2.346174655353398
1341.0,2.0,3.4202187278869385,9.557408,7.0612,6.494367496176482
1341.0,5.0,1.9951972023645173,9.179526,8.670882,5.0693459706540605
1341.0,6.0,-0.32475473108157793,7.135003,9.317201,2.7493940372079657
1341.0,12.0,-2.423967580338817,4.614479,3.900838,0.6501811879507264
1341.0,24.0,-9.087827842144105,-5.279257,-4.018997,-6.013679073854561
1341.0,25.0,-6.756027475274762,-1.581315,-1.803616,-3.6818787069852186
1341.0,29.0,-3.5804136503637602,-6.124254,-8.408973,-0.5062648820742166
1341.0,31.0,-7.1944590445959,-2.783058,-6.354592,-4.1203102763063555
1342.0,2.0,3.6272895568745582,11.246556,7.042074,6.656270996644344
1342.0,5.0,1.9718008967868625,4.257231,8.74544,5.000782336556648
1342.0,6.0,-0.19699380710754522,11.588224,9.261284,2.8319876326622406
1342.0,12.0,-2.167258085846094,5.574264,3.917885,0.8617233539236917
1342.0,19.0,6.414926346400449,11.212933,12.350072,9.443907786170236
1342.0,24.0,-8.655735476286512,3.814087,-3.925953,-5.626754036516727
1342.0,25.0,-6.765932769979801,1.019101,-1.827895,-3.7369513302100152
1342.0,29.0,-4.9844324628453816,-9.082802,-8.427078,-1.9554510230755957
1342.0,31.0,-8.888290475196893,1.475481,-6.442285,-5.859309035427107
1343.0,2.0,3.685434957055797,10.915376,6.986189,5.785293091047069
1343.0,5.0,1.996212159551776,8.911184,8.853072,4.096070293543048
1343.0,6.0,-0.03515605478035866,9.670669,9.119113,2.064702079210913
1343.0,12.0,-1.9444894739234027,6.704152,3.946973,0.15536866006786898
1343.0,19.0,4.500413291054668,18.146547,12.263108,6.60027142504594
1343.0,24.0,-7.311691340009426,11.56151,-3.726377,-5.211833206018154
1343.0,25.0,-6.74478631796538,-1.77169,-1.852082,-4.644928183974108
1343.0,29.0,-6.041808750887495,-9.089422,-8.413992,-3.9419506168962233
1343.0,31.0,-6.920662001720616,-4.612873,-6.575378,-4.820803867729344
1344.0,2.0,3.8028192906777534,9.678874,6.887245,6.152009125676617
1344.0,5.0,2.4141732820136,9.12776,9.065651,4.763363117012464
1344.0,6.0,0.15918985403277386,7.685246,8.82614,2.5083796890316377
1344.0,12.0,-1.6199567485028088,6.952027,4.031238,0.729233086496055
1344.0,19.0,5.807899828101927,7.150913,12.060187,8.157089663100791
1344.0,24.0,-8.18677454747456,-15.92972,-3.303022,-5.837584712475696
1344.0,25.0,-6.701681455182388,-2.005095,-1.864958,-4.352491620183524
1344.0,29.0,-6.887201710345923,-5.401505,-8.347322,-4.538011875347059
1344.0,31.0,-5.37774162331463,0.222255,-6.821487,-3.0285517883157658
1345.0,2.0,3.9105373738858376,1.3748,6.805893,5.715786602649342
1345.0,5.0,2.7845466059854065,6.11499,9.28975,4.5897958347489105
1345.0,6.0,0.2862517137677578,0.743823,8.550193,2.0915009425312614
1345.0,12.0,-1.4568529247070305,-2.625743,4.129729,0.34839630405647304
1345.0,19.0,6.273246940372719,20.051384,11.871978,8.078496169136223
1345.0,25.0,-6.688647987332221,-8.844694,-1.869144,-4.883398758568717
1345.0,29.0,-7.071495959041908,-10.860309,-8.282808,-5.266246730278404
1345.0,31.0,-5.47092047783178,-6.048006,-7.069166,-3.6656712490682763
1346.0,2.0,4.130052460503954,11.534253,6.746452,5.259755979384392
1346.0,5.0,2.9113202773985734,5.673631,9.511117,4.041023796279012
1346.0,6.0,0.3426034993493836,12.231151,8.335058,1.472307018229822
1346.0,12.0,-1.3496848217436845,5.938031,4.214765,-0.21998130286324624
1346.0,25.0,-6.671647418931991,0.248684,-1.894062,-5.541943900051553
1346.0,29.0,-6.977743713213416,-5.840237,-8.267013,-5.848040194332977
1346.0,31.0,-1.96402278502491,-1.459387,-7.313276,-0.8343192661444716
1347.0,2.0,4.310942927194883,9.570749,6.641749,5.193544679715166
1347.0,5.0,3.3910960328248443,7.241593,9.646088,4.273697785345127
1347.0,6.0,0.7434252830052896,5.85154,8.155279,1.6260270355255726
1347.0,12.0,-1.155551202242358,1.502966,4.200707,-0.272949449722075
1347.0,24.0,-6.9055762031586605,13.426314,-2.315969,-6.022974450638378
1347.0,25.0,-6.561075090553567,-2.545347,-1.989421,-5.678473338033284
1347.0,29.0,-6.79701382545461,-7.358376,-8.317168,-5.9144120729343275
1347.0,31.0,-6.717771040366322,-3.957861,-7.515351,-5.835169287846039
1348.0,2.0,4.504351827754647,8.071839,6.460738,6.7625561701852295
1348.0,5.0,3.926768371121341,4.373091,9.69776,6.1849727135519235
1348.0,6.0,1.0374597078770051,9.101195,7.973901,3.2956640503075874
1348.0,12.0,-0.895011684477959,2.738268,4.069079,1.3631926579526232
1348.0,19.0,7.0912509445062994,-11.525807,11.630694,9.349455286936882
1348.0,24.0,-8.027531357971528,1.801063,-2.195513,-5.769327015540945
1348.0,25.0,-6.395299307684846,-1.639462,-2.177829,-4.1370949652542635
1348.0,29.0,-6.766420400654908,-6.073825,-8.440156,-4.508216058224326
1348.0,31.0,-9.388989861998358,-11.246403,-7.69772,-7.130785519567775
1349.0,2.0,4.6216304354388384,8.583133,6.401441,7.748418222543894
1349.0,5.0,3.887109762140822,5.165288,9.888166,7.013897549245877
1349.0,6.0,0.9489420663085513,6.720417,7.773153,4.075729853413606
1349.0,12.0,-0.8320531689770982,4.236044,4.142388,2.294734618127957
1349.0,24.0,-7.631974877704567,-2.954251,-1.880488,-4.505187090599512
1349.0,25.0,-6.272495990759607,-3.8708,-2.197877,-3.145708203654552
1349.0,29.0,-6.924630291158368,-7.649173,-8.418312,-3.797842504053313
1349.0,31.0,-9.544596808816372,-8.256222,-7.910345,-6.417809021711317
1350.0,2.0,4.8512631095283965,4.06863,6.326744,7.934526657905448
1350.0,5.0,4.497611735065561,6.472058,10.138261,7.580875283442613
1350.0,6.0,1.3736930876017928,9.553257,7.445828,4.456956635978845
1350.0,12.0,-0.45315196600325525,7.549266,4.292396,2.6301115823737966
1350.0,19.0,6.729028375456021,17.699426,11.255199,9.812291923833072
1350.0,24.0,-7.4071895806049,3.011486,-1.368947,-4.323926032227848
1350.0,25.0,-5.69171429428225,0.443708,-2.149996,-2.6084507459051984
1350.0,29.0,-7.146001934461667,-4.875717,-8.284536,-4.062738386084615
1350.0,31.0,-9.513846007023984,-10.627288,-8.162553,-6.430582458646932
1351.0,2.0,5.082504656488068,10.732158,5.846933,7.827091015238617
1351.0,5.0,5.003739517703142,7.415846,10.223107,7.748325876453691
1351.0,6.0,1.7571369281759193,11.608628,6.976396,4.5017232869264685
1351.0,12.0,-0.032706311868432536,9.041911,3.932531,2.711880046882117
1351.0,19.0,6.397503333540456,3.926381,11.111968,9.142089692291005
1351.0,24.0,-7.103783814872153,7.042724,-1.085285,-4.359197456121603
1351.0,25.0,-5.022715026095108,2.897682,-2.629314,-2.2781286673445584
1351.0,29.0,-7.099069665625142,-2.882138,-8.582067,-4.354483306874592
1351.0,31.0,-9.631430617860785,-6.073545,-8.588279,-6.8868442591102355
1352.0,2.0,5.1134806209110675,0.872937,5.217652,8.373152638682125
1352.0,5.0,4.4568387041551585,10.458369,10.229586,7.716510721926216
1352.0,6.0,1.726432739072708,1.607573,6.470231,4.9861047568437655
1352.0,12.0,-0.061646490444804414,0.297586,3.371863,3.1980255273262532
1352.0,19.0,6.5300997664914995,7.586809,11.023518,9.789771784262557
1352.0,24.0,-7.236796960717615,-0.861264,-0.915271,-3.977124942946557
1352.0,25.0,-4.909956313071046,-5.625002,-3.308955,-1.650284295299988
1352.0,29.0,-7.596625917633427,-9.544438,-9.047438,-4.33695389986237
1352.0,31.0,-9.600759447050287,-10.70506,-9.063517,-6.341087429279229
1353.0,2.0,5.253991012190571,6.737486,5.135707,8.670960851298195
1353.0,5.0,4.187277417980901,8.662287,10.331053,7.604247257088526
1353.0,6.0,1.939494550542638,9.035243,6.285019,5.356464389650262
1353.0,12.0,0.12401007279524556,1.009017,3.39576,3.5409799119028698
1353.0,19.0,6.976498435174015,22.836379,10.895256,10.39346827428164
1353.0,24.0,-5.491918646768469,-27.893433,-0.67747,-2.074948807660845
1353.0,25.0,-4.415807678283576,-9.629736,-3.332679,-0.9988378391759518
1353.0,29.0,-7.670892496187963,-12.05195,-9.013795,-4.253922657080339
1353.0,31.0,-9.632155555583498,-8.793203,-9.200398,-6.215185716475874
1354.0,2.0,5.38670046518137,5.551393,5.246339,8.776775330533786
1354.0,5.0,4.698644963931672,10.061422,10.537074,8.088719829284088
1354.0,6.0,2.687560192632928,2.766039,6.217389,6.0776350579853435
1354.0,12.0,0.528544551651402,5.468099,3.625003,3.918619417003818
1354.0,19.0,6.791015413813227,12.810539,10.807096,10.181090279165643
1354.0,24.0,-6.430670222762496,18.455595,-0.396072,-3.0405953574100795
1354.0,25.0,-3.5865165924657414,-6.119162,-3.175579,-0.1964417271133252
1354.0,29.0,-8.346981495644833,-6.21521,-8.876606,-4.956906630292417
1354.0,31.0,-9.628206686305317,-10.478744,-9.303906,-6.238131820952901
1355.0,2.0,5.45340654017957,-1.032842,5.068613,9.156597660453878
1355.0,5.0,4.91942555805228,9.735136,10.708778,8.622616678326589
1355.0,6.0,2.3897194183507233,3.341854,5.901411,6.0929105386250315
1355.0,12.0,0.7199348432699502,0.950162,3.608174,4.423125963544258
1355.0,19.0,6.297109161739922,10.666717,10.628499,10.00030028201423
1355.0,24.0,-6.389126540263742,5.961314,-0.026255,-2.685935419989434
1355.0,25.0,-2.941747723893569,-5.999613,-3.288989,0.7614433963807392
1355.0,29.0,-8.762882466443976,-10.414231,-8.89351,-5.059691346169668
1355.0,31.0,-9.694551793061162,-12.593554,-9.574904,-5.991360672786854
1356.0,2.0,5.5189024844287715,10.121661,4.826003,8.973827249251563
1356.0,5.0,5.160861167074643,11.775684,10.80287,8.615785931897435
1356.0,6.0,2.2207896374998706,1.566421,5.570431,5.675714402322663
1356.0,12.0,0.8988118287813176,3.295959,3.501541,4.35373659360411
1356.0,19.0,6.018724214639674,9.246056,10.446376,9.473648979462467
1356.0,24.0,-5.981657236041402,-0.933063,0.276431,-2.526732471218609
1356.0,25.0,-2.3550155432268527,-0.6155,-3.462713,1.09990922159594
1356.0,29.0,-8.93601866352163,-8.583312,-8.945023,-5.481093898698837
1356.0,31.0,-8.019531479159742,-1.633736,-9.816206,-4.564606714336949
1357.0,2.0,5.518769958303274,4.669481,4.54085,9.245727896905315
1357.0,5.0,5.240270125428987,11.289794,10.834782,8.967228064031028
1357.0,6.0,2.2227121045795037,4.172699,5.227313,5.949670043181545
1357.0,12.0,1.1114533460418468,4.314023,3.337316,4.838411284643888
1357.0,19.0,5.604565336524033,17.105445,10.250967,9.331523275126074
1357.0,24.0,-5.704551529503037,1.063228,0.534336,-1.9775935909009967
1357.0,29.0,-8.999909833317606,-9.481457,-9.005391,-5.272951894715565
1358.0,2.0,5.507216093560293,1.624818,4.175701,9.231909884129516
1358.0,5.0,5.596785876931609,8.458011,10.897203,9.321479667500832
1358.0,6.0,2.446632716878824,5.261027,4.747513,6.171326507448047
1358.0,12.0,1.5644268330207822,5.594039,3.158968,5.289120623590005
1358.0,19.0,5.598016653839451,17.866076,9.952713,9.322710444408674
1358.0,24.0,-5.433658914402982,3.413095,0.9329,-1.7089651238337593
1358.0,25.0,-2.385937941655434,-12.707099,-3.897706,1.338755848913789
1358.0,29.0,-8.903368624888142,-7.645039,-9.039671,-5.178674834318919
1359.0,2.0,5.486672054522291,-0.119393,3.773599,8.489094574141756
1359.0,5.0,5.285127056851172,10.298481,11.003394,8.287549576470637
1359.0,6.0,2.3136281078518834,0.181663,4.170784,5.316050627471348
1359.0,12.0,1.5257731593532533,0.316205,3.001632,4.528195678972718
1359.0,19.0,6.028094858612308,13.552039,9.574647,9.030517378231773
1359.0,24.0,-5.147846333509461,0.445947,1.458009,-2.1454238138899964
1359.0,25.0,-2.619182727866063,-0.688402,-4.124277,0.38323979175340206
1359.0,29.0,-7.596111014889131,-10.293782,-9.036461,-4.593688495269666
1360.0,2.0,5.45903065096644,1.658892,3.546772,7.694880792609803
1360.0,5.0,5.692387202894864,5.812079,11.01224,7.928237344538227
1360.0,6.0,2.6206022803328413,4.367579,3.816727,4.856452421976204
1360.0,12.0,1.8178100855503345,0.562182,2.933377,4.0536602271936975
1360.0,19.0,5.99253118770492,11.475211,9.283816,8.228381329348283
1360.0,24.0,-4.542134376979973,1.132697,1.778003,-2.3062842353366104
1360.0,25.0,-2.508843556480304,-1.645652,-4.188331,-0.2729934148369413
1360.0,29.0,-6.602252172690563,-9.290385,-8.943353,-4.3664020310472
1361.0,2.0,5.426809432521289,11.354454,3.389028,7.427574661041717
1361.0,5.0,5.97148675064971,15.625631,11.081271,7.972251979170139
1361.0,6.0,2.201193531239615,7.487384,3.516045,4.201958759760044
1361.0,12.0,2.0234880569845224,8.648497,2.931325,4.024253285504951
1361.0,19.0,6.426652887651798,12.430396,9.03961,8.427418116172227
1361.0,24.0,-4.387042369631297,-2.330299,2.105519,-2.3862771411108685
1361.0,25.0,-2.6373833924825485,3.532991,-4.213763,-0.6366181639621198
1361.0,29.0,-4.95012553694614,-5.35121,-8.851185,-2.949360308425711
1362.0,2.0,5.398322272303602,2.686329,3.320301,5.832220037700562
1362.0,5.0,6.6787930308318835,10.21474,11.279721,7.1126907962288435
1362.0,6.0,2.3522414175616895,2.448998,3.245274,2.7861391829586495
1362.0,12.0,2.7849958001553317,1.604443,3.046897,3.2188935655522917
1362.0,19.0,6.247940333092695,9.367381,8.829942,6.681838098489655
1362.0,24.0,-4.0638318960623465,-4.421459,2.520041,-3.6299341306653865
1362.0,29.0,-2.9173113385190845,-7.995694,-8.747009,-2.4834135731221245
1363.0,2.0,5.366789713219266,0.512581,2.968808,6.301648843873063
1363.0,5.0,6.510517100261129,5.388537,11.299867,7.445376230914927
1363.0,6.0,2.1130937087489574,-2.33747,2.803333,3.047952839402755
1363.0,12.0,2.5850399481560586,-2.015824,2.859084,3.519899078809856
1363.0,19.0,6.495713494143381,10.015963,8.547571,7.430572624797178
1363.0,24.0,-3.89138920698855,8.314535,2.859745,-2.9565300763347526
1363.0,29.0,-2.6391064036315157,-5.770204,-8.774954,-1.704247272977718
1363.0,31.0,-6.209464659592333,-11.782747,-11.312155,-5.274605528938536
1364.0,2.0,5.343275450885038,5.86093,2.599247,8.244930875846885
1364.0,5.0,6.909966780174843,11.883133,11.260991,9.81162220513669
1364.0,6.0,2.3860615762165187,4.495432,2.401676,5.287717001178365
1364.0,12.0,2.831326898159526,4.919174,2.610365,5.732982323121373
1364.0,19.0,7.074809402240229,12.009896,8.307955,9.976464827202076
1364.0,24.0,-3.263923234394575,-4.158116,3.100719,-0.3622678094327285
1364.0,29.0,-2.1565848315595875,0.105161,-8.847683,0.745070593402259
1364.0,31.0,-10.077741391869685,-11.279425,-11.502595,-7.176085966907838
1365.0,2.0,5.328944769331429,-1.562037,2.333995,8.386416518481697
1365.0,5.0,6.451613525962351,7.604586,11.281222,9.50908527511262
1365.0,6.0,1.864397195973174,-3.87486,2.10591,4.9218689451234425
1365.0,12.0,2.7331028767415892,-0.938396,2.440543,5.790574625891858
1365.0,19.0,7.0545128882149335,54.472918,8.156628,10.111984637365202
1365.0,29.0,-1.4207052830132274,-9.163407,-8.932177,1.6367664661370411
1365.0,31.0,-9.966626336741548,-13.317412,-11.693581,-6.90915458759128
1366.0,2.0,5.3155495696015915,11.236494,2.2781,7.039493292806354
1366.0,5.0,7.382104102155228,17.069611,11.358385,9.10604782535999
1366.0,6.0,2.2061175399612925,9.101743,1.943406,3.9300612631660545
1366.0,12.0,3.3277147960785687,8.641466,2.486975,5.051658519283331
1366.0,19.0,7.060324425269766,8.135718,8.019584,8.784268148474528
1366.0,29.0,-1.0122226220197774,-1.536282,-8.860551,0.7117211011849847
1366.0,31.0,-9.944010527109162,-15.260859,-11.782761,-8.2200668039044
1367.0,2.0,5.310179447854292,1.292948,2.007332,4.231130269357944
1367.0,5.0,7.220386262112147,12.149521,11.32084,6.141337083615799
1367.0,6.0,3.1232781395137508,-1.625322,1.610322,2.044228961017403
1367.0,12.0,3.1648733740030366,-1.184145,2.335046,2.0858241955066887
1367.0,19.0,6.799949551693516,7.866885,7.778748,5.720900373197168
1367.0,29.0,-2.3759586922865825,-12.774413,-8.845365,-3.4550078707829304
1367.0,31.0,-3.7960752701192435,-6.719909,-11.897186,-4.875124448615591
1368.0,2.0,5.3146837797642945,4.605489,1.829805,6.770841456101781
1368.0,5.0,7.618247960550347,11.565814,11.31214,9.074405636887834
1368.0,6.0,2.332105839896844,3.079898,1.371749,3.7882635162343306
1368.0,12.0,3.201227133878689,6.570361,2.252548,4.6573848102161755
1368.0,19.0,7.8054741607548745,20.264697,7.600693,9.261631837092361
1368.0,25.0,-2.589316760205686,-11.701002,-5.069278,-1.1331590838681997
1368.0,29.0,-3.5569585447250534,-3.935782,-8.818539,-2.1008008683875667
1368.0,31.0,-9.87194581226961,-13.879833,-11.983596,-8.415788135932123
1369.0,2.0,5.35519391657389,1.946319,1.639605,5.57958173139344
1369.0,5.0,8.098666527079487,11.297855,11.231648,8.323054341899036
1369.0,6.0,2.9140814939618096,1.860505,1.257953,3.138469308781359
1369.0,12.0,3.693515621438646,2.333286,2.051343,3.9179034362581953
1369.0,25.0,-3.335192935349067,-9.019922,-5.263352,-3.1108051205295175
1369.0,29.0,-4.600035350950961,-11.393844,-8.945553,-4.375647536131411
1369.0,31.0,-5.379170135941745,-3.371736,-12.045365,-5.1547823211221955
1370.0,2.0,5.309650784100267,0.54261,1.244004,6.669956665252257
1370.0,5.0,7.474703389503816,8.641664,11.019199,8.835009270655807
1370.0,6.0,2.1484517062367816,-0.711831,1.043388,3.5087575873887715
1370.0,12.0,2.963188311865226,-0.455109,1.611378,4.323494193017216
1370.0,24.0,1.3845548761340893,-4.312984,3.781071,2.7448607572860793
1370.0,25.0,-3.347083924627192,-9.944367,-5.664195,-1.9867780434752023
1370.0,29.0,-5.689485732628935,-9.489092,-9.203191,-4.329179851476945
1370.0,31.0,-1.1923808179028823,6.027968,-12.128575,0.1679250632491076
1371.0,2.0,5.320207858940128,3.087598,0.966534,6.1237501004400805
1371.0,5.0,8.087142664983219,12.809263,10.840383,8.890684906483171
1371.0,6.0,2.7369466921181473,3.669943,0.948329,3.5404889336181
1371.0,12.0,3.4321174616629797,6.61114,1.259219,4.235659703162932
1371.0,25.0,-3.058855270451171,-9.086602,-5.985733,-2.2553130289512184
1371.0,29.0,-4.7556789717542225,-7.874378,-9.443035,-3.95213673025427
1372.0,2.0,5.359009577378835,7.965125,0.804383,3.261062225074606
1372.0,5.0,7.8389621334729505,16.791129,10.805233,5.7410147811687215
1372.0,6.0,2.920262310884606,8.280386,0.964061,0.8223149585803773
1372.0,12.0,4.105779610927382,7.291589,1.00271,2.0078322586231527
1372.0,19.0,8.091951511577307,-8.759503,7.76164,5.994004159273078
1372.0,25.0,-2.051773817785664,-8.566712,-6.293476,-4.149721170089893
1372.0,29.0,2.5502010227475678,-10.464867,-9.757413,0.45225367044333886
1372.0,31.0,-3.406770948763985,-13.101265,-12.308119,-5.504718301068214
1373.0,2.0,5.6917358707466725,-5.781791,0.746444,4.206427704754487
1373.0,12.0,5.078424430756058,-4.985626,1.010547,3.5931162647638732
1373.0,25.0,-1.246032578786572,-13.45631,-6.366488,-2.731340744778757
1373.0,29.0,-2.591415405553656,-15.662089,-9.817679,-4.076723571545841
1373.0,31.0,-9.874542126703332,-16.467314,-12.482859,-11.359850292695517
1374.0,2.0,5.345125880839678,-0.352967,0.439277,7.145286240235597
1374.0,5.0,7.614163477601778,10.410662,11.014065,9.414323836997697
1374.0,6.0,2.969693023858431,-1.765534,0.497422,4.76985338325435
1374.0,12.0,3.086408227867066,2.741527,0.826362,4.886568587262985
1374.0,24.0,0.387067468113349,26.600359,3.853657,2.1872278275092687
1374.0,29.0,-4.887755916173229,-11.09901,-9.946983,-3.0875955567773095
1374.0,31.0,-9.715877187413248,-8.244304,-12.763888,-7.915716828017329
1375.0,2.0,5.3405425513321685,3.333384,0.288022,7.2651452442454545
1375.0,5.0,7.481587920415352,10.62961,11.106469,9.406190613328638
1375.0,6.0,2.650543010780691,1.445724,0.353431,4.575145703693977
1375.0,12.0,3.0428831993164263,3.241854,0.716084,4.967485892229712
1375.0,19.0,7.95603003834284,26.795645,7.58911,9.880632731256126
1375.0,24.0,-1.2588813578632276,5.908971,3.964833,0.6657213350500579
1375.0,25.0,-3.1579902177625074,-13.041168,-6.823717,-1.2333875248492219
1375.0,29.0,-5.419827423531032,-7.097551,-10.107718,-3.4952247306177466
1375.0,31.0,-9.78120847024039,-14.96992,-12.978514,-7.856605777327104
1376.0,2.0,5.315606685716629,2.169947,0.185759,6.259917942386665
1376.0,5.0,7.285155086678561,11.554736,11.121985,8.229466343348596
1376.0,6.0,2.75528922437846,-0.104773,0.284667,3.6996004810484964
1376.0,12.0,2.8454025295695047,2.968469,0.61791,3.789713786239541
1376.0,19.0,7.433870815943253,16.9698,7.606507,8.378182072613289
1376.0,25.0,-2.820489960557854,-6.909907,-6.956338,-1.876178703887818
1376.0,29.0,-5.391833757962199,-9.414741,-10.218123,-4.447522501292163
1376.0,31.0,-5.952164133310791,-7.87903,-13.079147,-5.007852876640754
1377.0,2.0,5.327650403479112,5.704489,0.146875,6.54349930416055
1377.0,5.0,7.301122839360815,8.985231,11.116711,8.516971740042253
1377.0,6.0,2.2028188862839375,0.065929,0.278645,3.4186677869653757
1377.0,12.0,2.863853891970427,3.171771,0.565925,4.079702792651865
1377.0,19.0,7.396821921517191,21.104736,7.637426,8.612670822198629
1377.0,25.0,-2.992020277123702,-8.00874,-7.02041,-1.7761713764422635
1377.0,29.0,-5.5491632460579705,-4.980992,-10.281345,-4.333314345376532
1377.0,31.0,-1.2014187101712355,-4.321141,-13.112317,0.01443019051020289
1378.0,2.0,5.311006216720212,6.324234,0.224869,6.977854796421873
1378.0,5.0,7.15050684469594,11.783931,11.215041,8.8173554243976
1378.0,6.0,2.2234299809211233,3.020769,0.343532,3.8902785606227845
1378.0,12.0,2.902179454221095,6.402923,0.640781,4.569028033922756
1378.0,19.0,6.442624138668066,7.312298,7.718409,8.109472718369727
1378.0,25.0,-3.030096501887072,-10.443681,-6.999293,-1.3632479221854106
1378.0,29.0,-5.745405228890215,-5.092222,-10.317282,-4.078556649188554
1379.0,2.0,5.327711705043848,7.149852,0.302818,6.508998682250706
1379.0,5.0,7.436372889009627,16.101446,11.313138,8.617659866216485
1379.0,6.0,2.482614611624533,-0.972713,0.410343,3.6639015888313913
1379.0,12.0,2.8160903729930045,4.674391,0.714084,3.9973773501998626
1379.0,19.0,6.33996911428407,14.94364,7.802249,7.521256091490928
1379.0,25.0,-2.5408193689781515,-8.744541,-6.980163,-1.3595323917712934
1379.0,29.0,-5.406621306925038,-9.392848,-10.356073,-4.22533432971818
1380.0,2.0,5.354369738758194,2.087611,0.162164,6.391332839427074
1380.0,5.0,7.438238519088166,11.727652,11.292491,8.475201619757046
1380.0,6.0,2.432169219219406,0.226768,0.307736,3.469132319888286
1380.0,12.0,2.8743010925935604,1.816915,0.582403,3.9112641932624403
1380.0,19.0,6.1114194337014425,3.452368,7.785637,7.148382534370322
1380.0,25.0,-2.424008676997185,-4.185112,-7.128053,-1.3870455763283052
1380.0,29.0,-5.096480226835982,-7.062802,-10.457151,-4.059517126167101
1381.0,2.0,5.317893215469404,3.65966,0.088804,6.765558572055998
1381.0,5.0,7.316660377471479,12.376572,11.276346,8.764325734058072
1381.0,6.0,2.4069434681992563,2.642923,0.277631,3.8546088247858497
1381.0,12.0,2.8595497481350467,5.27866,0.496493,4.3072151047216405
1381.0,19.0,6.087972060117094,10.19324,7.810022,7.535637416703688
1381.0,25.0,-2.2231739972151043,-4.873896,-7.226269,-0.775508640628511
1381.0,29.0,-5.5766953275988875,-8.052022,-10.541501,-4.129029971012294
1382.0,2.0,5.305058149759947,8.17047,0.171326,6.753824669662375
1382.0,5.0,7.344766149094685,16.757191,11.30017,8.793532668997113
1382.0,6.0,2.432636361482894,6.210538,0.342637,3.881402881385321
1382.0,12.0,2.8026686833373287,5.931911,0.574323,4.251435203239756
1382.0,19.0,6.557186638689931,11.152675,7.836834,8.005953158592359
1382.0,25.0,-2.460606503945542,-3.491872,-7.149527,-1.0118399840431147
1382.0,29.0,-5.375772375757749,-10.203895,-10.500641,-3.9270058558553216
1383.0,2.0,5.372866514906011,6.762492,0.31456,6.647968393144218
1383.0,5.0,7.059182246230254,12.509058,11.337088,8.33428412446846
1383.0,6.0,2.3109315403115147,3.282842,0.414795,3.586033418549721
1383.0,12.0,2.983989394196417,3.326714,0.738882,4.259091272434624
1383.0,19.0,6.668872109986822,7.717079,7.816939,7.943973988225029
1383.0,25.0,-1.9639526668951195,-1.172353,-6.970852,-0.6888507886569131
1383.0,29.0,-4.873608064412573,-7.109337,-10.362221,-3.5985061861743666
1384.0,2.0,5.376258556374571,4.312138,0.389926,6.345349461768707
1384.0,5.0,7.54225089125611,11.779936,11.293328,8.511341796650246
1384.0,6.0,2.7711364182220324,4.401517,0.410859,3.740227323616168
1384.0,12.0,3.097091320844182,4.130245,0.855699,4.066182226238318
1384.0,19.0,6.757414889894999,5.711965,7.700621,7.726505795289135
1384.0,25.0,-2.130009028626108,-1.151328,-6.791131,-1.1609181232319723
1384.0,29.0,-5.139085395643729,-7.499709,-10.166615,-4.169994490249593
1385.0,2.0,5.356876305728019,2.790642,0.314608,6.516072152864799
1385.0,5.0,7.497494929138236,9.189352,11.098344,8.656690776275017
1385.0,6.0,2.7703758226570248,-0.658273,0.330624,3.929571669793805
1385.0,12.0,3.0677621184735315,1.856692,0.796309,4.226957965610312
1385.0,19.0,6.444931970612011,10.915158,7.531314,7.604127817748791
1385.0,25.0,-2.5358249429512134,-9.170502,-6.726611,-1.3766290958144332
1385.0,29.0,-5.405723423048235,-7.551043,-10.013722,-4.246527575911454
1386.0,2.0,5.331482356717062,3.764333,0.305489,7.141977940758086
1386.0,5.0,7.371068979452671,12.991793,10.909326,9.181564563493694
1386.0,6.0,2.530096652477356,3.148551,0.350701,4.34059223651838
1386.0,12.0,2.8874657434722444,5.593921,0.759429,4.697961327513268
1386.0,19.0,6.2948889533152155,8.771157,7.447865,8.10538453735624
1386.0,25.0,-2.3042341838134335,-7.541565,-6.645524,-0.4937385997724095
1386.0,29.0,-5.550164289853415,-9.141334,-9.890814,-3.7396687058123907
1386.0,31.0,-9.677962996256554,-10.293804,-12.73382,-7.86746741221553
1387.0,2.0,5.364347182738552,4.419789,0.31226,7.119275996141802
1387.0,5.0,7.735780672576205,10.604135,10.806251,9.490709485979455
1387.0,6.0,2.797523156817636,3.067953,0.346494,4.552451970220886
1387.0,12.0,3.3558829806335275,7.220271,0.769742,5.110811794036778
1387.0,19.0,6.71455964240932,5.732583,7.366698,8.46948845581257
1387.0,25.0,-2.3095639740954326,-5.597728,-6.561475,-0.5546351606921824
1387.0,29.0,-5.559053911584648,-2.64211,-9.776945,-3.804125098181398
1387.0,31.0,-9.753396051407801,-11.736238,-12.603689,-7.998467238004551
1388.0,2.0,5.375694496985211,-6.584162,0.342259,7.430144425367663
1388.0,5.0,7.27018838864084,-1.942998,10.75145,9.324638317023291
1388.0,6.0,2.478236167916484,-8.010296,0.359312,4.532686096298937
1388.0,12.0,3.1278392006708238,-7.712718,0.804415,5.1822891290532755
1388.0,19.0,6.4074452360468435,1.282718,7.318346,8.461895164429295
1388.0,24.0,-1.091237679685281,134.340966,3.890716,0.9632122486971713
1388.0,25.0,-2.3327170010254012,-16.432385,-6.481047,-0.27826707264294903
1388.0,29.0,-5.68508186235668,-14.875778,-9.687438,-3.6306319339742275
1388.0,31.0,-9.677062501509537,-21.164224,-12.512685,-7.6226125731270855
1389.0,2.0,5.350224661137217,4.794868,0.601277,7.629453952157428
1389.0,5.0,6.604030011461099,8.957786,10.718663,8.88325930248131
1389.0,6.0,2.1514111914196885,1.952669,0.625808,4.4306404824399
1389.0,12.0,2.3718922093273536,3.27489,0.989273,4.651121500347565
1389.0,19.0,5.86174910439968,13.214189,7.424285,8.140978395419891
1389.0,25.0,-2.5359556367168317,-4.148575,-6.243366,-0.25672634569662023
1389.0,29.0,-5.671898933459378,-7.842431,-9.557517,-3.3926696424391665
1389.0,31.0,-9.595541799527243,-9.834326,-12.302694,-7.316312508507032
1390.0,2.0,5.348761656470373,-4.279519,1.095256,6.67866271566811
1390.0,5.0,7.765709920747154,4.894213,10.678157,9.09561097994489
1390.0,6.0,5.271762047703486,27.128525,1.184111,6.601663106901223
1390.0,12.0,2.9708300892909065,-1.173992,1.302017,4.3007311484886435
1390.0,19.0,6.453041756320118,-0.907365,7.716836,7.782942815517855
1390.0,24.0,-0.8560167754305201,77.098679,3.331649,0.4738842837672168
1390.0,25.0,-2.1071333699728165,-5.874355,-5.859417,-0.7772323107750796
1390.0,29.0,-5.470080569165612,-12.75618,-9.407479,-4.140179509967875
1390.0,31.0,-9.71725297195651,-15.037338,-11.946757,-8.387351912758774
1391.0,2.0,2.5677735038985183,-24.521037,1.532296,6.553666520289733
1391.0,5.0,0.46161974814549644,-13.835171,10.895655,4.447512764536711
1391.0,6.0,2.1502136975142783,-8.950314,1.376959,6.136106713905493
1391.0,12.0,-3.779175666745018,-22.211584,1.825499,0.20671734964619626
1391.0,19.0,4.272335632873034,127.980368,7.68076,8.258228649264248
1391.0,24.0,4.772577781612032,25.982775,3.529472,8.758470798003247
1391.0,25.0,-2.9282890116025935,-36.581383,-5.353641,1.0576040047886206
1391.0,29.0,-9.8858640594336,-34.8926,-9.037276,-5.899971043042385
1391.0,31.0,-10.277602214653184,-40.02077,-11.816509,-6.2917091982619695
1392.0,2.0,4.912784616230262,-10.416789,9.334263,8.171392066971308
1392.0,5.0,3.787284603973241,-3.27057,14.127468,7.045892054714287
1392.0,6.0,0.9492599938622801,-13.674721,4.605223,4.207867444603326
1392.0,12.0,0.35400660992338295,-12.842454,11.267838,3.612614060664429
1392.0,19.0,6.545295411792239,125.488031,6.25643,9.803902862533285
1392.0,24.0,-3.5073416545759413,54.555482,7.104734,-0.24873420383489542
1392.0,25.0,-1.1691101855572272,-21.595649,4.292303,2.0894972651838186
1392.0,29.0,-4.257864836413094,-23.606686,-1.498898,-0.9992573856720481
1392.0,31.0,-9.109689366612052,-25.996247,-8.624852,-5.851081915871006
1393.0,2.0,2.833902231759277,7.089415,8.920648,-2.4684068501931797
1393.0,5.0,12.312622619768362,11.918211,13.440383,7.010313537815906
1393.0,6.0,5.054435792694054,5.421464,6.54532,-0.24787328925840235
1393.0,12.0,-0.42122906446331854,3.49444,9.105012,-5.723538146415775
1393.0,29.0,-5.432003033902171,-5.503543,-4.711923,-10.734312115854628
1393.0,31.0,-10.708027571942033,-15.081011,-8.992557,-16.01033665389449
1394.0,2.0,4.960359774926168,6.104609,1.895655,6.703240420414064
1394.0,5.0,8.893085367109336,12.970635,11.66588,10.635966012597232
1394.0,6.0,3.083620429725867,3.6882,1.388708,4.826501075213763
1394.0,12.0,4.097572719367417,4.842654,2.412053,5.840453364855312
1394.0,24.0,3.3361495588952845,33.047666,4.141874,5.07903020438318
1394.0,25.0,-2.858763170506342,1.755146,-5.139033,-1.115882525018447
1394.0,29.0,-6.29605545323797,-7.349269,-9.035883,-4.553174807750075
1394.0,31.0,-10.202474217927247,-11.846886,-12.350313,-8.459593572439351
1395.0,2.0,4.064508652263553,7.026245,1.947393,2.506845699837995
1395.0,5.0,12.251910142623888,13.493049,11.691964,10.694247190198329
1395.0,6.0,4.545844059364352,4.423252,1.442082,2.988181106938794
1395.0,12.0,4.5010654919094115,6.86072,2.452269,2.943402539483853
1395.0,25.0,-1.8548363794602256,-11.17744,-5.110824,-3.412499331885784
1395.0,29.0,-6.400093406633144,-7.253289,-9.039819,-7.957756359058703
1395.0,31.0,-10.567148619500372,-10.38239,-12.347335,-12.124811571925932
1396.0,2.0,4.6478209633958,-1.111053,1.934963,3.773371817396034
1396.0,5.0,11.2371198994724,7.671786,11.683178,10.362670753472635
1396.0,6.0,4.300387751610746,-1.748031,1.457292,3.42593860561098
1396.0,12.0,4.724885009188096,-3.504564,2.423395,3.85043586318833
1396.0,24.0,5.321088371889143,35.239459,4.085034,4.446639225889378
1396.0,25.0,-2.3810946823258807,-10.086855,-5.144217,-3.2555438283256466
1396.0,29.0,-5.655409306583161,-13.114397,-9.080143,-6.529858452582927
1396.0,31.0,-10.326480195308854,-5.311141,-12.356377,-11.200929341308619
1397.0,2.0,5.2926183606930834,-5.549779,1.897893,7.606218539735639
1397.0,5.0,7.765671470052977,10.027983,11.653282,10.079271649095533
1397.0,6.0,2.6197008831945263,-4.250257,1.410793,4.933301062237083
1397.0,12.0,3.796023378879479,-2.72287,2.404072,6.109623557922035
1397.0,19.0,8.28481648537199,-11.549543,7.842307,10.598416664414547
1397.0,25.0,-2.4649910601857643,-8.578895,-5.145562,-0.15139088114320787
1397.0,29.0,-5.707166453670795,-10.060932,-9.054191,-3.3935662746282387
1397.0,31.0,-9.867174737588389,-18.724076,-12.342773,-7.553574558545833
1398.0,2.0,5.262946055655332,3.172043,1.918921,7.435187139545151
1398.0,5.0,6.886994502633382,11.708125,11.624338,9.0592355865232
1398.0,6.0,1.862942965806078,3.459057,1.425304,4.035184049695898
1398.0,12.0,2.527707245163997,3.063488,2.425087,4.699948329053816
1398.0,19.0,5.889492811259448,5.919788,7.823385,8.061733895149267
1398.0,25.0,-2.7739468296861443,-8.967485,-5.10053,-0.6017057457963246
1398.0,29.0,-5.569228380840881,-6.756024,-9.008503,-3.3969872969510617
1398.0,31.0,-9.756131018747611,-14.232363,-12.292166,-7.583889934857792
1399.0,2.0,5.2711119517068585,7.476478,1.944461,7.617232698756855
1399.0,5.0,7.169474668760124,13.206421,11.614346,9.51559541581012
1399.0,6.0,2.0492198619215634,5.885087,1.437199,4.39534060897156
1399.0,12.0,3.036020405005175,7.669159,2.455962,5.382141152055171
1399.0,19.0,7.614491316033979,9.790687,7.808091,9.960612063083975
1399.0,25.0,-2.5724015670326947,-1.854042,-5.055783,-0.22628081998269822
1399.0,29.0,-5.457089737426195,-7.891704,-8.967055,-3.110968990376198
1399.0,31.0,-9.763391314779197,-6.749151,-12.258208,-7.417270567729201
1400.0,2.0,5.2708032638559335,7.461294,1.981874,7.691522663817966
1400.0,5.0,7.314709727329424,12.790896,11.639616,9.735429127291457
1400.0,6.0,2.209173066063016,2.526756,1.437196,4.629892466025049
1400.0,12.0,3.0401815290076755,7.283104,2.515916,5.460900928969708
1400.0,25.0,-2.4419618562543604,-4.532666,-4.997178,-0.021242456292327905
1400.0,29.0,-5.5655003668851375,-4.669528,-8.915648,-3.144780966923105
1400.0,31.0,-9.765631500629674,-7.865363,-12.248829,-7.344912100667641
1401.0,2.0,5.245094437687733,8.651869,2.024728,7.4304778454733675
1401.0,5.0,7.938371880623102,13.022927,11.665606,10.123755288408736
1401.0,6.0,2.569474915573106,2.54485,1.45622,4.75485832335874
1401.0,12.0,3.5439391209284477,6.535634,2.569349,5.729322528714082
1401.0,19.0,8.17516749071818,20.285619,7.785581,10.360550898503815
1401.0,25.0,-2.965123368708316,-1.005153,-4.949013,-0.7797399609226816
1401.0,29.0,-6.057028763398225,-5.986265,-8.883669,-3.871645355612591
1401.0,31.0,-9.876922288481602,-5.135619,-12.241848,-7.691538880695967
1402.0,2.0,5.252375048103936,0.315445,2.074809,7.479780747852002
1402.0,5.0,7.1321130175074074,8.491329,11.708294,9.359518717255474
1402.0,6.0,2.1957855703656266,2.0779,1.501186,4.423191270113692
1402.0,12.0,2.6570387205153088,2.466337,2.614458,4.8844444202633746
1402.0,19.0,7.162119540341564,8.533997,7.829319,9.38952524008963
1402.0,25.0,-2.978683976674204,-0.781437,-4.925322,-0.7512782769261377
1402.0,29.0,-5.8257542082889096,-4.567029,-8.892911,-3.5983485085408433
1402.0,31.0,-9.785320320575012,-15.021413,-12.257003,-7.557914620826946
1403.0,2.0,5.268066809426074,10.705018,2.143417,7.63529636197765
1403.0,5.0,6.915684063851643,14.270653,11.765965,9.282913616403219
1403.0,6.0,2.0709868036059014,5.97152,1.564677,4.4382163561574774
1403.0,12.0,2.5210331097550274,6.279429,2.673951,4.8882626623066034
1403.0,19.0,7.5336009240728465,7.151224,7.891221,9.900830476624423
1403.0,25.0,-2.5224303096090726,-1.971371,-4.895024,-0.15520075705749647
1403.0,29.0,-5.509446489449793,-5.990172,-8.907776,-3.142216936898217
1403.0,31.0,-9.72429376812438,-10.369517,-12.277381,-7.357064215572803
1404.0,2.0,5.240150157913131,10.919447,2.168244,7.449073431605894
1404.0,5.0,7.598899230862486,12.874662,11.78918,9.807822504555249
1404.0,6.0,2.4799590616283513,6.594338,1.571398,4.688882335321114
1404.0,12.0,3.093155205734135,8.278381,2.709602,5.302078479426898
1404.0,19.0,7.025415013543439,8.817334,7.890827,9.234338287236202
1404.0,25.0,-3.050551707269631,-2.228703,-4.86683,-0.8416284335768678
1404.0,29.0,-6.017116971512184,-2.460983,-8.889954,-3.808193697819421
1404.0,31.0,-9.839125409791386,-9.8838,-12.28147,-7.630202136098623
1405.0,2.0,5.2511527925783525,3.326128,2.219499,7.078297035511368
1405.0,5.0,7.895471409096009,13.531239,11.801323,9.722615652029024
1405.0,6.0,2.7358434717934816,1.853366,1.584794,4.562987714726497
1405.0,12.0,3.160813625415706,1.822355,2.779297,4.987957868348722
1405.0,19.0,7.497808361974585,16.808906,7.86436,9.324952604907601
1405.0,25.0,-2.796338368506025,-0.69305,-4.787505,-0.9691941255730092
1405.0,29.0,-6.045687206056451,-10.271117,-8.81982,-4.2185429631234355
1405.0,31.0,-9.830349435599894,-16.574261,-12.24687,-8.00320519266688
1406.0,2.0,5.254975412134302,2.978072,2.287788,7.067232072810915
1406.0,5.0,7.5367360131261165,13.884367,11.844267,9.34899267380273
1406.0,6.0,2.41981964149228,3.435988,1.601269,4.232076302168894
1406.0,12.0,2.8221812430010322,0.459114,2.874019,4.634437903677646
1406.0,19.0,6.681906255413416,9.531068,7.844464,8.49416291609003
1406.0,25.0,-3.0176500276472087,-4.52761,-4.69764,-1.2053933669705952
1406.0,29.0,-5.86242095601505,-10.749386,-8.748679,-4.050164295338437
1406.0,31.0,-9.779856488120371,-19.013111,-12.23182,-7.967599827443758
1407.0,2.0,5.260272935156248,4.279684,2.31372,7.1491948227833575
1407.0,5.0,7.601428599601784,11.912137,11.880088,9.490350487228893
1407.0,6.0,2.5905586283753044,3.727052,1.634641,4.479480516002415
1407.0,12.0,2.9388705645527917,4.856243,2.891338,4.827792452179901
1407.0,19.0,6.678422246406509,0.076784,7.892244,8.567344134033618
1407.0,25.0,-2.769806802293658,-10.618497,-4.704017,-0.8808849146665483
1407.0,29.0,-5.950369647858304,-5.623024,-8.781606,-4.061447760231195
1407.0,31.0,-9.803573862132568,-9.553332,-12.259972,-7.914651974505459
1408.0,2.0,5.310830829408619,3.22512,2.376251,6.699346447083061
1408.0,5.0,7.773437967239875,9.911071,11.935369,9.161953584914317
1408.0,6.0,2.706741296815741,1.692646,1.6922,4.095256914490182
1408.0,12.0,3.0652360267359633,2.676099,2.946138,4.453751644410405
1408.0,19.0,6.453543474787356,8.636108,7.950068,7.842059092461797
1408.0,25.0,-2.2200847047866468,-7.656717,-4.677558,-0.831569087112205
1408.0,29.0,-5.013623101429349,-6.916995,-8.797083,-3.6251074837549075
1408.0,31.0,-9.719558608289523,-11.981057,-12.281604,-8.331042990615082
1409.0,2.0,5.268031182880932,-0.395796,2.417441,7.080895333935704
1409.0,5.0,7.540875665698481,8.577249,11.988003,9.353739816753253
1409.0,6.0,2.5018994173402005,-0.500609,1.70046,4.314763568394972
1409.0,12.0,2.7230783046485225,3.879103,3.006959,4.535942455703294
1409.0,19.0,5.9530926426463715,5.341146,7.953691,7.765956793701143
1409.0,25.0,-2.635999505248938,-10.797293,-4.637523,-0.8231353541941662
1409.0,29.0,-5.77667279248763,-3.980921,-8.775893,-3.963808641432858
1409.0,31.0,-9.740963640404871,-15.922765,-12.303655,-7.9280994893501
1410.0,2.0,5.2662983043583775,3.195572,2.405618,6.918833153370762
1410.0,5.0,7.760467422985432,12.573354,12.027396,9.413002271997815
1410.0,6.0,2.697229450347539,1.842651,1.660597,4.349764299359923
1410.0,12.0,2.7370031476789842,4.14211,3.024554,4.389537996691368
1410.0,19.0,6.621482540497807,9.857118,7.932604,8.27401738951019
1410.0,25.0,-2.956996432226947,-3.103955,-4.640186,-1.304461583214563
1410.0,29.0,-6.238276150763646,-9.904599,-8.77325,-4.585741301751262
1410.0,31.0,-9.776217553911497,-8.972548,-12.347781,-8.123682704899114
1411.0,2.0,5.276756369456496,4.028535,2.40023,6.817439011705733
1411.0,5.0,7.657918341796432,11.561999,12.027034,9.198600984045669
1411.0,6.0,2.7945540492827607,-0.620707,1.662579,4.335236691531997
1411.0,12.0,2.649791526400678,1.536242,3.017028,4.1904741686499145
1411.0,19.0,6.377482559384003,11.02815,7.942336,7.918165201633239
1411.0,25.0,-2.8023862789854173,-0.61255,-4.65082,-1.261703636736181
1411.0,29.0,-5.691015421517017,-7.772897,-8.786629,-4.150332779267781
1411.0,31.0,-9.73317240853522,-13.761425,-12.354183,-8.192489766285984
1412.0,2.0,5.275652241392915,3.743156,2.432633,7.071527451863106
1412.0,5.0,7.19240795964226,12.095433,12.076145,8.98828317011245
1412.0,6.0,2.290345393962342,6.61255,1.698442,4.086220604432532
1412.0,12.0,2.5249909859654434,4.989957,3.042957,4.320866196435634
1412.0,19.0,6.296205471970062,10.200413,7.995719,8.092080682440251
1412.0,25.0,-2.695035302498318,-3.165132,-4.655569,-0.8991600920281275
1412.0,29.0,-5.551817415768069,-6.162453,-8.822656,-3.7559422052978784
1412.0,31.0,-9.662510863646563,-20.02713,-12.392157,-7.866635653176373
1413.0,2.0,5.255470993199635,8.481008,2.379805,6.890198363275532
1413.0,5.0,8.049662954935394,13.127251,12.096851,9.684390325011291
1413.0,6.0,2.9145333073961677,5.365517,1.64386,4.5492606774720645
1413.0,12.0,2.83328597901163,9.799389,3.00918,4.468013349087528
1413.0,19.0,6.293445069145278,7.493345,7.984538,7.928172439221175
1413.0,25.0,-2.809723702803043,-3.092746,-4.710359,-1.1749963327271455
1413.0,29.0,-6.079861424960358,-2.078457,-8.861695,-4.445134054884461
1413.0,31.0,-9.80621949437121,-11.940916,-12.452145,-8.171492124295312
1414.0,2.0,5.273882872368423,-0.488202,2.330168,6.979944023878135
1414.0,5.0,7.6610843481580115,5.509313,12.075969,9.367145499667723
1414.0,6.0,2.732641563396494,-0.531943,1.614826,4.4387027149062055
1414.0,12.0,2.6494301123812987,-0.639868,2.957929,4.35549126389101
1414.0,19.0,6.447003337936884,13.937235,7.981435,8.153064489446596
1414.0,25.0,-2.9339994242413603,-8.332503,-4.760662,-1.2279382727316488
1414.0,29.0,-6.170206851053505,-8.644949,-8.89619,-4.464145699543794
1414.0,31.0,-9.755053692933828,-13.593805,-12.469378,-8.048992541424116
1415.0,2.0,5.278465349071494,1.043068,2.361224,6.936750252055255
1415.0,5.0,7.528653904117284,9.815022,12.111762,9.186938807101045
1415.0,6.0,2.5621818851416727,1.682658,1.646216,4.220466788125433
1415.0,12.0,2.614076593889636,2.636036,2.984564,4.272361496873396
1415.0,19.0,6.641541263840544,5.112378,8.020549,8.299826166824305
1415.0,25.0,-2.4312806114205587,-9.682904,-4.754839,-0.7729957084367984
1415.0,29.0,-5.693187478133188,-5.858129,-8.915781,-4.034902575149427
1415.0,31.0,-9.691946152296577,-14.967584,-12.49126,-8.033661249312816
1416.0,2.0,5.281768065739611,3.738265,2.320888,6.990764711894558
1416.0,5.0,7.691139090414207,9.2741,12.1305,9.400135736569155
1416.0,6.0,2.7764087831432525,1.195553,1.596308,4.485405429298199
1416.0,12.0,2.623648269202011,4.649947,2.965931,4.332644915356958
1416.0,19.0,6.696559253480231,14.575013,8.001575,8.405555899635178
1416.0,25.0,-2.8775403134809725,-5.386989,-4.789122,-1.1685436673260257
1416.0,29.0,-6.047497713192655,-7.487642,-8.935451,-4.338501067037708
1416.0,31.0,-9.732087592145326,-9.706653,-12.537425,-8.02309094599038
1417.0,2.0,5.289425075224916,1.483438,2.279894,6.981048727928361
1417.0,5.0,7.600099303381068,13.340468,12.118256,9.291722956084513
1417.0,6.0,2.6763666616468225,0.907297,1.562705,4.367990314350267
1417.0,12.0,2.6600508499238202,1.343883,2.931805,4.351674502627265
1417.0,19.0,6.7563242061812225,3.582892,7.987744,8.447947858884667
1417.0,25.0,-2.6194405028698027,-7.245411,-4.823032,-0.9278168501663573
1417.0,29.0,-5.817322944265564,-7.675297,-8.953535,-4.125699291562119
1417.0,31.0,-9.714828296675304,-17.730443,-12.553921,-8.023204643971859
1418.0,2.0,5.2953796223076,1.654907,2.297348,7.0180142453556655
1418.0,5.0,7.650088485132505,13.464744,12.121606,9.37272310818057
1418.0,6.0,2.80250388320984,1.269216,1.560557,4.525138506257907
1418.0,12.0,2.7775877734221517,4.303355,2.962187,4.5002223964702175
1418.0,19.0,6.63571135263161,5.769617,7.968561,8.358345975679676
1418.0,25.0,-2.837865810361719,-8.195384,-4.787004,-1.1152311873136527
1418.0,29.0,-6.128939067566312,-8.409852,-8.918406,-4.406304444518245
1418.0,31.0,-9.695166547788993,-15.258516,-12.538715,-7.972531924740927
1419.0,2.0,5.305420674727248,4.227488,2.318469,6.572475657098961
1419.0,5.0,8.020776536032127,11.713184,12.094552,9.28783151840384
1419.0,6.0,3.165846087646907,4.34407,1.591398,4.4329010700186195
1419.0,12.0,2.8870372930022477,4.169094,2.970573,4.15409227537396
1419.0,19.0,6.457530306208689,8.613677,7.975795,7.724585288580402
1419.0,25.0,-2.518437646355576,-12.505012,-4.76069,-1.2513826639838632
1419.0,29.0,-5.686960676309014,-10.026071,-8.899551,-4.419905693937301
1419.0,31.0,-9.693523513924678,-7.718551,-12.496427,-8.426468531552965
1420.0,2.0,5.293638699078105,-3.169164,2.353839,7.057238312341385
1420.0,5.0,7.593874197735026,9.833262,12.091253,9.357473810998306
1420.0,6.0,2.8737937704569516,-4.308197,1.621187,4.63739338372023
1420.0,12.0,2.6057688276438125,-0.582771,3.002645,4.369368440907092
1420.0,19.0,6.110422861797613,3.91431,7.981616,7.874022475060892
1420.0,25.0,-2.604371088029678,-9.138518,-4.720311,-0.8407714747663992
1420.0,29.0,-5.9728515584196025,-9.041105,-8.872353,-4.209251945156323
1420.0,31.0,-9.639085839372324,-12.906454,-12.466655,-7.875486226109045
1421.0,2.0,5.302884938457279,8.610613,2.288452,6.6563614814368925
1421.0,5.0,8.000588234949928,13.341835,12.048503,9.354064777929542
1421.0,6.0,3.147323941260966,4.74146,1.576429,4.50080048424058
1421.0,12.0,2.9097963933873725,5.678921,2.93864,4.263272936366986
1421.0,19.0,6.73377620555906,10.955148,7.957049,8.087252748538674
1421.0,25.0,-3.066789603448365,0.768686,-4.770603,-1.7133130604687508
1421.0,29.0,-5.872238928634835,-5.354326,-8.893839,-4.51876238565522
1421.0,31.0,-9.70017934535046,-13.673138,-12.468713,-8.346702802370846
1422.0,2.0,5.305995322743128,1.109891,2.307744,6.771980204044381
1422.0,5.0,7.881329488838466,11.921613,12.029666,9.347314370139719
1422.0,6.0,3.0646802119615373,0.229709,1.612976,4.53066509326279
1422.0,12.0,2.9038068997469573,1.301816,2.940255,4.36979178104821
1422.0,19.0,6.442572870786236,4.755488,7.980532,7.908557752087489
1422.0,24.0,1.725904881437753,-18.257288,4.353721,3.1918897627390055
1422.0,25.0,-2.541508243944913,-6.284802,-4.759219,-1.0755233626436604
1422.0,29.0,-5.490684677124618,-8.691703,-8.894999,-4.024699795823365
1422.0,31.0,-9.712974802315193,-9.511416,-12.440383,-8.24698992101394
1423.0,2.0,5.295909709213433,1.688067,2.414929,7.079484346551536
1423.0,5.0,7.7401700952831884,8.695326,12.066924,9.523744732621292
1423.0,6.0,2.9095320703758496,-0.752792,1.672019,4.6931067077139526
1423.0,12.0,2.804107225376466,0.463453,3.060125,4.587681862714569
1423.0,19.0,6.2347786139595165,9.005741,7.97955,8.01835325129762
1423.0,24.0,4.663541641053303,-13.934379,4.378341,6.447116278391406
1423.0,25.0,-2.391684102224545,-6.504939,-4.636016,-0.6081094648864418
1423.0,29.0,-6.423873680730353,-8.443922,-8.807254,-4.64029904339225
1423.0,31.0,-9.63619369840395,-8.534528,-12.393244,-7.852619061065847
1424.0,2.0,5.278458048595507,6.70335,2.372896,6.873390253935229
1424.0,5.0,7.989029491622215,11.517599,12.032425,9.583961696961937
1424.0,6.0,3.0640103429481123,4.637997,1.669291,4.658942548287834
1424.0,12.0,2.833661379919741,7.904152,2.998994,4.428593585259463
1424.0,19.0,6.841129043267399,9.54657,7.999492,8.436061248607121
1424.0,25.0,-2.9652246422992947,0.633513,-4.691677,-1.3702924369595726
1424.0,29.0,-6.508576649511532,-3.765619,-8.855165,-4.91364444417181
1424.0,31.0,-9.662439481084022,-11.185153,-12.396621,-8.0675072757443
1425.0,2.0,5.291821627809533,-0.453526,2.428914,7.153576329688014
1425.0,5.0,7.5959072863697905,12.982858,11.993599,9.457661988248272
1425.0,6.0,2.7820794479710376,-2.116867,1.773025,4.643834149849519
1425.0,12.0,2.641194525947861,0.968442,3.002229,4.502949227826342
1425.0,25.0,-3.001997042841646,-9.019732,-4.669379,-1.140242340963165
1425.0,29.0,-6.1551240539377545,-9.510207,-8.869433,-4.2933693520592735
1425.0,31.0,-9.607883347905325,-18.030347,-12.331625,-7.746128646026844
1426.0,2.0,5.303962024018169,2.978174,2.34673,6.936690657163263
1426.0,5.0,7.7660028766325855,11.056895,11.958919,9.39873150977768
1426.0,6.0,2.951427009775241,1.14997,1.726834,4.584155642920335
1426.0,12.0,2.7145217462872093,3.703381,2.914479,4.347250379432303
1426.0,19.0,7.31944761089126,9.517233,8.069663,8.952176244036353
1426.0,25.0,-2.8533458790820294,-4.226442,-4.755954,-1.220617245936936
1426.0,29.0,-6.348137697079,-7.6388,-8.929563,-4.715409063933906
1426.0,31.0,-9.63418469952708,-10.14182,-12.360802,-8.001456066381985
1427.0,2.0,5.321451954286893,3.226044,2.153264,6.74147017377039
1427.0,5.0,7.566347366880791,9.580771,11.93135,8.986365586364288
1427.0,6.0,2.8242403523648933,2.749025,1.560009,4.244258571848389
1427.0,12.0,2.6378264951315984,3.214337,2.753717,4.057844714615095
1427.0,19.0,6.4933561435325124,7.684914,8.008215,7.913374363016009
1427.0,25.0,-2.62448735141101,0.321988,-4.932608,-1.2044691319275134
1427.0,29.0,-6.069310993925367,-5.326376,-9.030244,-4.64929277444187
1427.0,31.0,-8.856153065107288,-13.888302,-12.470361,-7.436134845623791
1428.0,2.0,5.3009282344586275,9.17193,2.151828,7.000293366611929
1428.0,5.0,7.4002331731322535,11.983625,11.942862,9.099598305285555
1428.0,6.0,2.7060925644499854,6.208285,1.579692,4.405457696603287
1428.0,12.0,2.4366160500563083,6.240897,2.739048,4.13598118220961
1428.0,19.0,7.099463181593684,14.364064,8.048799,8.798828313746986
1428.0,25.0,-2.4842851450754972,-5.397542,-4.96226,-0.7849200129221949
1428.0,29.0,-5.883629400450105,-7.224501,-9.074184,-4.184264268296802
1428.0,31.0,-9.551064963871244,-8.995728,-12.493737,-7.8516998317179425
1429.0,2.0,5.279175638763613,6.022248,2.236218,6.8425588802383785
1429.0,5.0,7.74687286668215,9.224701,12.02185,9.310256108156915
1429.0,6.0,2.9484026381991306,7.466153,1.641523,4.511785879673896
1429.0,12.0,2.5980271244095015,8.530137,2.824902,4.161410365884267
1429.0,19.0,6.2028080707339335,12.004975,8.10501,7.766191312208699
1429.0,24.0,2.4783873962179914,0.089615,4.251805,4.041770637692757
1429.0,25.0,-2.382376595105504,0.443385,-4.91249,-0.8189933536307383
1429.0,29.0,-6.012859989621289,-3.217729,-9.074255,-4.449476748146523
1429.0,31.0,-9.594101030352984,-12.660311,-12.521662,-8.030717788878219
1430.0,2.0,5.320403657857243,-2.903211,2.295074,6.997074207710622
1430.0,5.0,7.2395685090683735,9.687056,12.08479,8.916239058921752
1430.0,6.0,2.5953759815744126,-2.085083,1.698139,4.272046531427791
1430.0,12.0,2.11564346355744,1.384421,2.875376,3.7923140134108184
1430.0,19.0,6.250900199392596,9.030027,8.170526,7.927570749245975
1430.0,24.0,2.1850590590785774,10.44485,4.246541,3.861729608931956
1430.0,25.0,-1.6649929643822547,-13.337642,-4.896814,0.01167758547112352
1430.0,29.0,-5.971377882937418,-10.324769,-9.102437,-4.294707333084039
1430.0,31.0,-9.51599408306209,-16.11928,-12.555901,-7.839323533208711
1431.0,2.0,5.348561020240956,5.080056,2.274223,7.054928173516604
1431.0,5.0,7.406973256961953,12.682573,12.106621,9.113340410237601
1431.0,6.0,2.7212946952091794,4.375139,1.647854,4.427661848484828
1431.0,12.0,2.5391749638966115,6.324322,2.886792,4.24554211717226
1431.0,19.0,6.438952192976835,10.720444,8.131741,8.145319346252483
1431.0,24.0,0.6160954252744935,7.608544,4.311562,2.3224625785501423
1431.0,25.0,-2.3546047593443853,-4.800141,-4.894534,-0.6482376060687365
1431.0,29.0,-5.639806238170989,-6.696491,-9.085597,-3.93343908489534
1431.0,31.0,-9.553982817443329,-14.600682,-12.584724,-7.84761566416768
1432.0,2.0,5.337584540900732,1.247937,2.166157,7.035343570735531
1432.0,5.0,7.643567537080571,12.18873,12.023418,9.34132656691537
1432.0,6.0,2.7387140401626837,2.147551,1.598861,4.436473069997483
1432.0,12.0,2.805242037797184,5.634124,2.759313,4.503001067631983
1432.0,19.0,6.506295864296245,8.867653,8.120565,8.204054894131044
1432.0,25.0,-2.725154179278624,-3.589854,-4.998366,-1.0273951494438247
1432.0,29.0,-6.058316906167869,-7.886473,-9.148742,-4.36055787633307
1432.0,31.0,-9.552104187501744,-14.232738,-12.583165,-7.854345157666945
1433.0,2.0,5.298168728052646,-0.57873,2.11666,6.997363302391685
1433.0,5.0,7.602735946065664,8.535542,11.974049,9.301930520404703
1433.0,6.0,2.746991585147917,1.573146,1.582511,4.446186159486956
1433.0,12.0,2.594713809496856,4.512181,2.696636,4.293908383835895
1433.0,19.0,6.835910258378997,7.442584,8.117851,8.535104832718035
1433.0,25.0,-2.481933491051442,-7.885585,-5.04463,-0.782738916712403
1433.0,29.0,-5.876075876127272,-3.997493,-9.17684,-4.176881301788233
1433.0,31.0,-9.572458632617842,-16.098892,-12.571734,-7.873264058278803
1434.0,2.0,5.339457096028282,0.887522,2.157283,7.147655091416375
1434.0,5.0,7.349251946807854,12.641395,11.964115,9.157449942195948
1434.0,6.0,1.8309655789681667,1.318768,1.614922,3.63916357435626
1434.0,12.0,3.2484593421188617,4.56606,2.734034,5.056657337506955
1434.0,19.0,5.99683488594879,6.91363,8.117431,7.805032881336883
1434.0,24.0,0.6272236012156931,-6.433665,4.203404,2.435421596603786
1434.0,25.0,-3.54073570592894,-1.716625,-4.992804,-1.7325377105408468
1434.0,29.0,-5.262370400052882,-8.192401,-9.137147,-3.454172404664789
1434.0,31.0,-9.682877342038324,-10.559942,-12.529452,-7.874679346650231
1435.0,2.0,5.341789797677592,9.373488,2.227076,7.3120900994764195
1435.0,5.0,7.706735391135474,11.743064,11.949868,9.677035692934302
1435.0,6.0,2.2343051978465915,6.297496,1.67128,4.204605499645419
1435.0,12.0,3.887701348234332,9.432877,2.796345,5.8580016500331595
1435.0,19.0,6.295022758040911,15.248776,8.118869,8.265323059839739
1435.0,24.0,-0.013406674997816559,1.432233,4.178212,1.9568936268010106
1435.0,25.0,-3.612129704399679,4.202637,-4.907509,-1.6418294026008518
1435.0,29.0,-5.351663643051156,-5.718793,-9.072609,-3.3813633412523285
1435.0,31.0,-9.741244524613947,-5.580189,-12.460113,-7.770944222815119
1436.0,2.0,5.333439968778791,-0.255793,2.281858,7.186002168105616
1436.0,5.0,7.548869080429586,11.612179,11.907589,9.401431279756412
1436.0,6.0,1.9242913274054452,1.926594,1.76328,3.7768535267322703
1436.0,12.0,3.5070215185066935,1.207563,2.806352,5.359583717833519
1436.0,19.0,6.270643909863537,8.012596,8.172846,8.123206109190363
1436.0,24.0,0.7364474717090559,-30.090006,4.07616,2.589009671035881
1436.0,25.0,-3.527188321025923,-5.394629,-4.872944,-1.6746261216990976
1436.0,29.0,-5.3037820862208624,-7.292248,-9.067862,-3.4512198868940374
1436.0,31.0,-9.584072411197083,-16.975242,-12.3878,-7.731510211870257
1437.0,2.0,5.354719175398898,3.614188,2.33862,6.615635513469098
1437.0,5.0,7.461666198774175,11.307903,11.946244,8.722582536844374
1437.0,6.0,2.047626994347633,-0.679783,1.806756,3.308543332417832
1437.0,12.0,3.4668007842702373,3.195914,2.862381,4.727717122340437
1437.0,19.0,5.868554663881412,10.08236,8.204175,7.129471001951611
1437.0,24.0,0.5677175771210932,31.221239,4.078851,1.8286339151912925
1437.0,25.0,-3.3108488188989753,-5.418629,-4.831926,-2.049932480828776
1437.0,29.0,-5.060946923408638,-7.329855,-9.057537,-3.8000305853384386
1437.0,31.0,-5.8473017880328335,-22.804056,-12.390201,-4.586385449962634
1438.0,2.0,5.3348296465531195,3.632129,2.301336,7.196817032601146
1438.0,5.0,7.5511902013924175,12.043143,11.953535,9.413177587440444
1438.0,6.0,2.115764252658204,5.454853,1.773561,3.97775163870623
1438.0,12.0,3.639082147862812,6.716634,2.834793,5.501069533910838
1438.0,19.0,6.130091414618127,5.376262,8.200029,7.992078800666153
1438.0,24.0,-0.2833701036669334,-9.426603,4.098399,1.5786172823810927
1438.0,25.0,-3.375078987750731,-3.021761,-4.871275,-1.5130916017027047
1438.0,29.0,-5.086825331536756,-4.862618,-9.086805,-3.2248379454887304
1438.0,31.0,-9.677680908975724,-8.563812,-12.426255,-7.815693522927697
1439.0,2.0,5.3484080393630204,0.53448,2.319817,7.24395791495013
1439.0,5.0,7.485456986351201,11.173428,11.978862,9.38100686193831
1439.0,6.0,2.0118706854353885,-0.80881,1.806002,3.907420561022498
1439.0,12.0,3.4683792292111146,5.88734,2.840958,5.363929104798224
1439.0,19.0,6.010167960670149,7.800803,8.247572,7.905717836257258
1439.0,24.0,0.2913644838851157,21.530021,4.07802,2.186914359472225
1439.0,25.0,-3.6531351049799023,-11.584188,-4.884622,-1.7575852293927927
1439.0,29.0,-4.826618015670849,-8.468462,-9.12348,-2.93106814008374
1439.0,31.0,-9.726922381220223,-13.090244,-12.449725,-7.831372505633114
1440.0,2.0,5.340974725057887,3.641106,2.42245,7.497461615526555
1440.0,5.0,7.463550653452804,13.19293,11.96476,9.620037543921473
1440.0,6.0,2.134294208252011,3.933633,1.913924,4.29078109872068
1440.0,12.0,3.3725052331871144,3.391073,2.912229,5.528992123655783
1440.0,19.0,5.714254235189227,7.470605,8.292205,7.870741125657895
1440.0,24.0,0.7752964189949036,-2.350533,4.00604,2.9317833094635724
1440.0,25.0,-3.3263067133939215,-8.557813,-4.791632,-1.1698198229252528
1440.0,29.0,-5.410495980501842,-8.463898,-9.073748,-3.2540090900331737
1440.0,31.0,-9.72593448324073,-13.761411,-12.365586,-7.569447592772061
1441.0,2.0,5.368404507449089,3.210075,2.398597,7.275167311551307
1441.0,5.0,7.5668050104963385,14.30039,11.964491,9.473567814598557
1441.0,6.0,2.2429123445919057,2.825992,1.937854,4.149675148694124
1441.0,12.0,3.7382514536210856,2.667707,2.859633,5.645014257723304
1441.0,19.0,6.306591713215189,8.781829,8.356081,8.213354517317407
1441.0,24.0,2.2760253501481396,-6.216158,3.950507,4.182788154250359
1441.0,25.0,-3.2775067721769426,-7.035952,-4.862434,-1.370743968074724
1441.0,29.0,-4.764184280165331,-11.45848,-9.158238,-2.8574214760631125
1441.0,31.0,-9.716997556897109,-13.206938,-12.400972,-7.810234752794891
1442.0,2.0,5.349629483622847,4.002975,2.218252,7.060364764576603
1442.0,5.0,7.576762664361588,11.260694,12.057768,9.287497945315344
1442.0,6.0,2.2956489076283013,4.717149,1.716286,4.006384188582057
1442.0,12.0,3.604362743569366,4.981475,2.769745,5.315098024523122
1442.0,19.0,6.218517386700967,11.028533,8.277289,7.929252667654723
1442.0,24.0,0.08474438899258452,0.303712,4.15374,1.7954796699463405
1442.0,25.0,-3.1986373124309493,-1.572756,-5.028733,-1.4879020314771934
1442.0,29.0,-4.7737073370781635,-8.900203,-9.258283,-3.0629720561244076
1442.0,31.0,-9.607467765084529,-9.654976,-12.618603,-7.896732484130773
1443.0,2.0,5.363035381937351,0.340815,2.066109,6.870142671459698
1443.0,5.0,7.392264897972222,7.924509,12.035302,8.899372187494569
1443.0,6.0,2.2559913171290686,1.317928,1.583306,3.7630986066514156
1443.0,12.0,3.3436157451708706,1.840864,2.64557,4.8507230346932175
1443.0,19.0,6.282345411957101,5.90643,8.226208,7.789452701479448
1443.0,24.0,0.055698585132670786,12.370513,4.206563,1.5628058746550175
1443.0,25.0,-3.0617097723310005,-8.06943,-5.164827,-1.5546024828086538
1443.0,29.0,-5.330537289554945,-7.659598,-9.334283,-3.823430000032598
1443.0,31.0,-7.806845832722012,-11.290993,-12.703637,-6.299738543199665
1444.0,2.0,5.352887065038459,5.416726,2.092855,7.005475476996423
1444.0,5.0,7.354830663974461,11.412876,12.055089,9.007419075932425
1444.0,6.0,2.064312711822569,4.864548,1.595911,3.716901123780533
1444.0,12.0,3.289418116750433,1.989735,2.679435,4.942006528708397
1444.0,19.0,5.859802286537207,10.069307,8.230474,7.512390698495171
1444.0,24.0,1.3612647052832294,33.416632,4.220648,3.0138531172411933
1444.0,25.0,-3.119746723638089,-12.425984,-5.13692,-1.4671583116801252
1444.0,29.0,-5.32067455712486,-11.429041,-9.318551,-3.6680861451668965
1444.0,31.0,-8.983564645080557,-13.23703,-12.703711,-7.330976233122593
1445.0,2.0,5.343355332914221,4.343297,2.054721,6.921266381231036
1445.0,5.0,7.678357298254031,12.022643,12.007468,9.256268346570845
1445.0,6.0,2.312001622621409,3.830515,1.627436,3.889912670938224
1445.0,12.0,3.4748049817034534,7.300701,2.596385,5.052716030020268
1445.0,19.0,5.889738759480096,9.108755,8.290072,7.467649807796911
1445.0,24.0,3.7810770151254864,12.691198,4.122921,5.358988063442301
1445.0,25.0,-3.2745365587664184,-0.809818,-5.214538,-1.6966255104496037
1445.0,29.0,-5.4087040468751155,-3.30805,-9.400175,-3.8307929985583007
1445.0,31.0,-9.046791295881395,-20.663921,-12.701429,-7.46888024756458
1446.0,2.0,5.354581671332943,0.28578,2.039603,6.79855856776823
1446.0,5.0,7.588930552210082,13.284842,11.984211,9.03290744864537
1446.0,6.0,2.1713634136610303,-0.770032,1.632816,3.6153403100963173
1446.0,12.0,3.5435244745630072,0.917838,2.570063,4.987501370998294
1446.0,19.0,6.320112567700118,6.108512,8.300453,7.764089464135405
1446.0,24.0,2.1831677018402793,1.044095,4.093649,3.6271445982755663
1446.0,25.0,-3.3417539476926397,-8.974494,-5.233793,-1.8977770512573524
1446.0,29.0,-5.011153277996672,-11.35361,-9.417427,-3.567176381561385
1446.0,31.0,-9.133882256250619,-12.272738,-12.692762,-7.689905359815332
1447.0,2.0,5.399710390223845,1.73903,2.088309,6.364826262444971
1447.0,5.0,7.322542126281004,9.555577,11.995581,8.28765799850213
1447.0,6.0,2.0835809502283285,1.620025,1.628056,3.048696822449455
1447.0,12.0,3.417280379373569,2.375573,2.650055,4.382396251594695
1447.0,19.0,6.827776365318279,1.121047,8.248183,7.792892237539405
1447.0,25.0,-3.3619406512052534,-7.219789,-5.138816,-2.3968247789841266
1447.0,29.0,-4.467121337813626,-6.401632,-9.32314,-3.5020054655924993
1447.0,31.0,-6.4388519886386835,-8.9946,-12.652091,-5.473736116417557
1448.0,2.0,5.389419469216303,4.588741,2.121913,7.2645780295765165
1448.0,5.0,7.345618620415435,9.361218,12.003206,9.220777180775649
1448.0,6.0,2.079482168278089,3.02503,1.608387,3.954640728638302
1448.0,12.0,3.7710977283473284,1.87572,2.718764,5.646256288707542
1448.0,19.0,7.165251564080554,10.845506,8.187094,9.040410124440768
1448.0,24.0,0.9244584419203736,-1.661801,4.212301,2.799617002280587
1448.0,25.0,-3.1710897570123,-4.153829,-5.054689,-1.2959311966520866
1448.0,29.0,-5.181776329611845,-7.328343,-9.232355,-3.3066177692516314
1449.0,2.0,5.412160924675609,4.387262,2.139476,7.610964376735979
1449.0,5.0,7.306994871888357,9.565568,12.091981,9.505798323948728
1449.0,6.0,2.53406280758975,3.264583,1.507914,4.7328662596501205
1449.0,12.0,4.039449473008773,3.049909,2.832084,6.238252925069143
1449.0,19.0,7.845934527821491,20.718762,8.073831,10.044737979881862
1449.0,24.0,0.09435426076401043,13.775762,4.411508,2.2931577128243807
1449.0,25.0,-2.352205854008478,-7.903302,-4.963798,-0.1534024019481075
1449.0,29.0,-1.8848647642578822,-7.218928,-9.121927,0.3139386878024881
1449.0,31.0,-9.608886761111133,-12.449284,-12.66387,-7.410083309050763
1450.0,2.0,5.504696501204268,-1.235099,2.10703,5.492856490289846
1450.0,5.0,8.363520206935858,24.08906,12.108864,8.351680196021436
1450.0,6.0,3.2291245287678105,-7.404442,1.353344,3.2172845178533875
1450.0,12.0,4.681402343106232,-1.178009,2.90791,4.669562332191809
1450.0,25.0,-2.0588315967931115,-13.696458,-4.866802,-2.0706716077075344
1450.0,29.0,-3.995493838035385,-13.541123,-8.961452,-4.007333848949807
1450.0,31.0,-9.612724835972823,-17.748799,-12.657366,-9.624564846887246
1451.0,2.0,5.410169812405362,0.245206,2.033062,7.0825735304840585
1451.0,5.0,7.711109973905014,13.792795,12.037272,9.38351369198371
1451.0,6.0,2.6590889620163676,0.487166,1.242035,4.331492680095064
1451.0,12.0,3.9480007476709176,1.927486,2.881462,5.620404465749614
1451.0,19.0,7.525783620126722,6.500316,7.747567,9.198187338205418
1451.0,24.0,1.3717353958596892,2.223836,4.68905,3.0441391139383853
1451.0,25.0,-2.7484430585725965,-6.968552,-4.843372,-1.0760393404939004
1451.0,29.0,-4.58992123225555,-8.752973,-8.870402,-2.917517514176854
1451.0,31.0,-9.598182200994854,-18.834065,-12.608035,-7.925778482916158
1452.0,2.0,5.385881436875991,4.203489,2.064004,7.21981551620073
1452.0,5.0,7.54258562652565,9.745505,12.057746,9.376519705850388
1452.0,6.0,2.423839988430953,0.473944,1.307052,4.257774067755692
1452.0,12.0,3.645359172716926,6.142281,2.880589,5.479293252041665
1452.0,19.0,6.717776014718048,16.049008,7.828271,8.551710094042786
1452.0,24.0,0.280876677797103,10.987845,4.629956,2.114810757121842
1452.0,25.0,-3.0910493064001274,-8.9402,-4.864931,-1.2571152270753885
1452.0,29.0,-5.110826298316635,-5.110212,-8.92848,-3.276892218991896
1452.0,31.0,-9.60003273149038,-14.66585,-12.625338,-7.766098652165641
1453.0,2.0,5.411641033571259,3.975924,2.146956,7.302183951063313
1453.0,5.0,6.6328214848187255,10.16782,12.103708,8.52336440231078
1453.0,6.0,1.844463354006562,2.321586,1.395025,3.7350062714986154
1453.0,12.0,3.2845452844475815,2.545079,2.941662,5.175088201939635
1453.0,19.0,6.354345302198922,6.164263,7.904078,8.244888219690976
1453.0,24.0,3.216127824851174,26.174098,4.593097,5.106670742343228
1453.0,25.0,-2.926862721844206,-4.869628,-4.825793,-1.0363198043521527
1453.0,29.0,-4.208646298312383,-5.796127,-8.941719,-2.3181033808203293
1453.0,31.0,-9.43563481402144,-13.078108,-12.625763,-7.545091896529387
1454.0,2.0,5.367557547747042,8.680411,2.469498,7.702746895594419
1454.0,5.0,7.203971777221746,11.222603,12.220986,9.539161125069123
1454.0,6.0,1.9540628561696405,3.714889,1.545485,4.289252204017018
1454.0,12.0,3.402108331856077,9.824488,3.319074,5.737297679703454
1454.0,19.0,6.844627690305741,9.860763,7.859833,9.179817038153118
1454.0,24.0,1.0184169504715577,37.637066,4.704074,3.3536062983189354
1454.0,25.0,-3.2550843960583355,-3.94731,-4.431049,-0.9198950482109578
1454.0,29.0,-5.1870749342918385,-2.608476,-8.638903,-2.8518855864444608
1454.0,31.0,-9.551202468788418,-11.278894,-12.476007,-7.2160131209410405
1455.0,2.0,5.362326914866706,-0.785439,2.70222,7.4896320312743665
1455.0,5.0,7.3625419693309,10.628422,12.362774,9.48984708573856
1455.0,6.0,2.1575692895863066,-0.979071,1.732503,4.284874405993967
1455.0,12.0,3.6352489181796983,1.969363,3.534138,5.7625540345873585
1455.0,19.0,6.262036022496641,8.095901,7.987197,8.389341138904301
1455.0,24.0,0.49463219182745455,1.084485,4.69139,2.6219373082351147
1455.0,25.0,-3.276814646628412,-13.892833,-4.266947,-1.1495095302207519
1455.0,29.0,-5.198106161696764,-9.620647,-8.594685,-3.0708010452891035
1455.0,31.0,-9.567864237411705,-14.337155,-12.46757,-7.4405591210040445
1456.0,2.0,5.361291031059546,6.898319,2.699015,7.456200851878847
1456.0,5.0,7.559964957283984,15.41448,12.445642,9.654874778103286
1456.0,6.0,2.166079756005548,2.817915,1.857254,4.26098957682485
1456.0,12.0,3.931434843703851,3.726823,3.439004,6.026344664523153
1456.0,19.0,6.544242583107383,9.6553,8.239241,8.639152403926685
1456.0,24.0,0.8863815766956629,4.824119,4.53869,2.9812913975149646
1456.0,25.0,-3.4283811313793846,-3.065234,-4.459244,-1.3334713105600828
1456.0,29.0,-5.390712963201598,-5.926931,-8.87086,-3.2958031423822964
1456.0,31.0,-9.565116464127215,-17.526607,-12.62025,-7.470206643307913
1457.0,2.0,5.362367546850663,3.084655,2.760544,7.274053212888631
1457.0,5.0,7.581103974102163,13.393465,12.521894,9.492789640140131
1457.0,6.0,2.331415290077614,4.711299,1.900043,4.2431009561155815
1457.0,12.0,3.8725459463919485,4.456899,3.505314,5.784231612429916
1457.0,19.0,6.288459243244548,9.581423,8.28946,8.200144909282514
1457.0,24.0,0.9937685074677667,5.22093,4.561017,2.905454173505734
1457.0,25.0,-3.496624571498815,-2.183026,-4.431182,-1.5849389054608478
1457.0,29.0,-5.297420419741356,-10.262757,-8.884103,-3.385734753703389
1457.0,31.0,-9.50252442683308,-13.847821,-12.661634,-7.590838760795113
1458.0,2.0,5.408863247155477,4.30664,2.813625,7.2131049881185785
1458.0,5.0,7.315650724046325,10.91203,12.630773,9.119892465009427
1458.0,6.0,2.2641848473265966,5.014973,1.91358,4.068426588289698
1458.0,12.0,3.711877410577962,4.471781,3.584132,5.516119151541064
1458.0,19.0,6.504526851000719,14.139351,8.325925,8.30876859196382
1458.0,24.0,1.164249707217813,-12.981866,4.631667,2.9684914481809144
1458.0,25.0,-2.95721240545054,-8.206204,-4.407735,-1.1529706644874387
1458.0,29.0,-4.80285832711951,-5.82429,-8.898476,-2.9986165861564085
1458.0,31.0,-9.527319735693801,-15.578866,-12.739167,-7.7230779947307
1459.0,2.0,5.392469602160151,6.127626,2.853262,7.39453620211504
1459.0,5.0,7.55124315268252,13.364939,12.719967,9.553309752637409
1459.0,6.0,2.5409271008207703,4.794312,1.889255,4.542993700775659
1459.0,12.0,3.672539167340272,7.093824,3.6712,5.67460576729516
1459.0,19.0,6.6964671584618145,6.46877,8.305776,8.698533758416703
1459.0,24.0,0.8879005251692069,7.926976,4.738338,2.889967125124095
1459.0,25.0,-3.4639003789631744,0.113286,-4.356868,-1.4618337790082863
1459.0,29.0,-6.082158221953942,-4.098332,-8.862773,-4.080091621999054
1459.0,31.0,-9.556721219884146,-13.982844,-12.792561,-7.5546546199292575
1460.0,2.0,5.398438937460472,0.84452,2.803427,6.979433887477949
1460.0,5.0,7.432880038681592,12.814522,12.68579,9.013874988699069
1460.0,6.0,2.3294320008820417,2.745643,1.91293,3.9104269508995184
1460.0,12.0,3.699392298791418,2.441769,3.577476,5.2803872488088945
1460.0,19.0,6.554357954443104,6.273152,8.375203,8.13535290446058
1460.0,24.0,3.3649139628340414,0.104678,4.647165,4.945908912851518
1460.0,25.0,-3.195789280045391,-9.20198,-4.457221,-1.6147943300279142
1460.0,29.0,-5.068513548838282,-9.359526,-8.967815,-3.487518598820805
1460.0,31.0,-9.446985047024082,-16.517876,-12.815988,-7.8659900970066055
1461.0,2.0,5.4099330521496345,0.018285,2.820981,6.454891742382677
1461.0,5.0,7.294439057383519,12.178957,12.750573,8.339397747616562
1461.0,6.0,2.1750196290738977,-0.308703,1.933631,3.2199783193069402
1461.0,12.0,3.8027913545695906,3.764078,3.594258,4.847750044802633
1461.0,19.0,6.416209233660641,12.531886,8.432256,7.461167923893684
1461.0,24.0,4.923248590243681,8.916681,4.65866,5.968207280476723
1461.0,25.0,-3.110378769144906,-8.27541,-4.483748,-2.0654200789118633
1461.0,29.0,-5.247637994227468,-10.853541,-9.024016,-4.202679303994425
1461.0,31.0,-3.4585161365756885,-16.358963,-12.882616,-2.413557446342646
1462.0,2.0,5.420740844974077,12.558829,2.786437,7.182586668762762
1462.0,5.0,7.432968657569123,15.544321,12.763024,9.19481448135781
1462.0,6.0,2.409164322042,8.209922,1.924189,4.171010145830685
1462.0,12.0,3.9315198030787464,8.536424,3.552793,5.693365626867432
1462.0,19.0,6.539912622853615,12.039815,8.465247,8.3017584466423
1462.0,25.0,-2.952486255088022,3.978023,-4.546745,-1.1906404312993368
1462.0,29.0,-4.68502535919356,-3.57075,-9.089572,-2.9231795354048744
1462.0,31.0,-9.461712703924062,-12.297496,-12.931511,-7.699866880135377
1463.0,2.0,5.335771177584842,3.848033,2.811251,6.900616789794391
1463.0,5.0,7.832873915083701,11.95382,12.803716,9.39771952729325
1463.0,6.0,2.224134189998507,4.724182,1.979217,3.7889798022080563
1463.0,12.0,3.2619564433300745,6.733837,3.551851,4.826802055539623
1463.0,19.0,6.530429597727041,13.874819,8.550904,8.09527520993659
1463.0,24.0,4.920901519976418,62.388836,4.606021,6.485747132185967
1463.0,25.0,-3.2448776889211945,-1.355092,-4.581825,-1.6800320767116452
1463.0,29.0,-5.20398791865451,-8.960482,-9.162698,-3.639142306444961
1463.0,31.0,-9.748213210198491,-14.719649,-12.975526,-8.183367597988942
1464.0,2.0,5.345339829298613,3.523423,2.77871,6.631421970804162
1464.0,5.0,7.942675470232787,12.206828,12.790995,9.228757611738336
1464.0,6.0,2.4894933339343073,2.753764,1.972074,3.7755754754398563
1464.0,12.0,3.372276341306632,1.586382,3.509872,4.658358482812181
1464.0,19.0,6.748562446520806,16.023645,8.568312,8.034644588026355
1464.0,25.0,-3.2378017782270856,-6.643717,-4.627891,-1.9517196367215366
1464.0,29.0,-4.717119524372906,-9.938943,-9.204843,-3.4310373828673573
1464.0,31.0,-9.721435374660638,-18.191432,-12.993264,-8.43535323315509
1465.0,2.0,5.295908444587681,0.721324,2.875889,6.82501689328833
1465.0,5.0,7.658917114538941,12.504157,12.831808,9.18802556323959
1465.0,6.0,2.061562308384378,0.42229,2.065959,3.5906707570850265
1465.0,12.0,3.08735204028946,-0.720722,3.587227,4.616460488990109
1465.0,19.0,6.79885741797297,5.743501,8.63397,8.327965866673619
1465.0,24.0,3.254611884547991,12.2335,4.548532,4.78372033324864
1465.0,25.0,-3.237311378197628,-6.94374,-4.564162,-1.7082029294969794
1465.0,29.0,-5.059471156963068,-11.060843,-9.193943,-3.530362708262419
1465.0,31.0,-9.681944969429864,-17.053689,-12.974335,-8.152836520729215
1466.0,2.0,5.314499384598621,2.345906,2.931567,7.076472610179411
1466.0,5.0,7.588657692827892,11.767692,12.884553,9.350630918408683
1466.0,6.0,2.009139674826524,2.517094,2.107467,3.7711129004073136
1466.0,12.0,3.0060191883637284,3.107011,3.644198,4.767992413944518
1466.0,19.0,6.662101435049502,8.855901,8.672887,8.424074660630293
1466.0,24.0,0.875627097200395,2.386869,4.55827,2.637600322781185
1466.0,25.0,-3.004955896141843,-8.573448,-4.531489,-1.2429826705610534
1466.0,29.0,-5.104091940150936,-8.005279,-9.195327,-3.3421187145701463
1466.0,31.0,-9.714834341984602,-15.081404,-12.993551,-7.952861116403812
1467.0,2.0,5.32636839545137,8.137647,2.872019,7.039178374080485
1467.0,5.0,7.855873955235717,14.891135,12.855157,9.568683933864833
1467.0,6.0,2.387860401387333,4.079652,2.095668,4.1006703800164495
1467.0,12.0,3.3042313866179747,5.361273,3.564078,5.01704136524709
1467.0,19.0,6.620397240769048,5.510127,8.70172,8.333207219398163
1467.0,25.0,-3.2961311734217666,-3.289196,-4.615,-1.5833211947926507
1467.0,29.0,-5.535915893289693,-3.906199,-9.268968,-3.823105914660577
1467.0,31.0,-9.717710603909172,-16.578697,-13.019056,-8.004900625280056
1468.0,2.0,5.319941484691977,3.051629,2.748263,6.579039234002758
1468.0,5.0,8.025229016991885,12.159019,12.764674,9.284326766302666
1468.0,6.0,2.396818528955298,2.596755,2.069257,3.655916278266079
1468.0,12.0,3.439259378793828,2.965176,3.394594,4.698357128104609
1468.0,19.0,6.878916654698191,10.490952,8.737853,8.138014404008972
1468.0,24.0,5.342761338344559,7.764928,4.408194,6.60185908765534
1468.0,25.0,-3.2205811811544347,-4.41937,-4.770421,-1.9614834318436536
1468.0,29.0,-4.956708409526288,-9.713039,-9.392412,-3.697610660215507
1468.0,31.0,-9.596190231959149,-12.974659,-13.036057,-8.337092482648368
1469.0,2.0,5.315276974660065,0.617863,2.632396,6.7410026748230125
1469.0,5.0,7.650216722842163,10.249643,12.692911,9.07594242300511
1469.0,6.0,2.27266716029529,0.711333,2.007065,3.6983928604582372
1469.0,12.0,3.0720747039386715,2.026127,3.266487,4.497800404101619
1469.0,19.0,6.6853151960581965,1.528465,8.722865,8.111040896221143
1469.0,24.0,4.592652539431835,32.52636,4.370566,6.0183782395947825
1469.0,25.0,-3.0233410615209637,-9.135729,-4.882711,-1.5976153613580168
1469.0,29.0,-5.24905716390642,-7.009622,-9.461513,-3.8233314637434725
1469.0,31.0,-9.641901094114832,-14.257217,-13.052199,-8.216175393951886
1470.0,2.0,5.3301917364916065,4.117165,2.689383,7.058622303601764
1470.0,5.0,7.55054954327699,10.910906,12.745288,9.278980110387147
1470.0,6.0,2.228642313981908,3.489652,2.039599,3.9570728810920657
1470.0,12.0,3.069859901079443,6.702725,3.332477,4.798290468189601
1470.0,19.0,6.149316261455946,18.482845,8.746298,7.877746828566103
1470.0,25.0,-2.7857684082386056,-5.520068,-4.83741,-1.0573378411284478
1470.0,29.0,-4.937459295651474,-8.246432,-9.445976,-3.2090287285413157
1470.0,31.0,-9.640338374975942,-14.223482,-13.065929,-7.911907807865784
1471.0,2.0,5.34473802286238,4.064266,2.692677,6.843869425134168
1471.0,5.0,7.630584510436304,10.988012,12.796326,9.129715912708091
1471.0,6.0,2.4450504521646934,3.988069,2.000927,3.944181854436481
1471.0,12.0,3.1396702422141605,6.23073,3.373759,4.638801644485948
1471.0,19.0,6.536107341809984,5.920579,8.718609,8.035238744081772
1471.0,24.0,4.6228885466617236,19.099084,4.475321,6.122019948933511
1471.0,25.0,-2.8096542667096607,-8.50407,-4.8181,-1.310522864437873
1471.0,29.0,-5.205606564993848,-4.879891,-9.425696,-3.70647516272206
1471.0,31.0,-9.641246362860075,-12.563943,-13.107651,-8.142114960588287
1472.0,2.0,5.338214868440716,2.064906,2.677305,6.916349763946144
1472.0,5.0,7.578356534558164,12.367941,12.815939,9.156491430063593
1472.0,6.0,2.379770458140209,-0.349187,1.995772,3.9579053536456374
1472.0,12.0,3.1392676047354477,3.135121,3.358327,4.717402500240876
1472.0,19.0,6.034962272355941,14.927971,8.741924,7.613097167861369
1472.0,24.0,4.41162701105349,24.303509,4.478219,5.989761906558918
1472.0,25.0,-2.904746389840252,-8.95114,-4.852753,-1.3266114943348235
1472.0,29.0,-5.153838010549357,-11.160147,-9.46621,-3.575703115043929
1472.0,31.0,-9.62271317109025,-18.737793,-13.146069,-8.044578275584822
1473.0,2.0,5.314509969058003,1.598464,2.677109,7.027634813926872
1473.0,5.0,7.552297824627493,10.108839,12.848209,9.265422669496362
1473.0,6.0,2.3675907802274265,4.335097,1.993149,4.080715625096294
1473.0,12.0,3.089846954931195,8.991773,3.364638,4.802971799800064
1473.0,19.0,6.257444453178557,9.579665,8.760906,7.970569298047426
1473.0,24.0,4.205651175279719,53.864847,4.4957,5.918776020148588
1473.0,25.0,-3.022626356365429,-6.68147,-4.868282,-1.3095015114965607
1473.0,29.0,-5.3986689185618335,-6.79782,-9.491889,-3.685544073692965
1473.0,31.0,-9.655459722853216,-12.823626,-13.183997,-7.942334877984347
1474.0,2.0,5.3229744528289675,4.670802,2.701611,6.967322067841428
1474.0,5.0,7.774501865436289,11.64704,12.891371,9.418849480448749
1474.0,6.0,2.526008934078229,-0.571231,1.983849,4.170356549090689
1474.0,12.0,3.1614753974921843,5.464559,3.414165,4.805823012504645
1474.0,19.0,6.137345287227255,16.195661,8.749687,7.781692902239715
1474.0,24.0,2.8978436749741014,-18.201551,4.548885,4.542191289986562
1474.0,25.0,-3.2075790019461605,-6.547784,-4.834825,-1.5632313869337007
1474.0,29.0,-5.620571956324167,-7.498356,-9.467732,-3.9762243413117075
1474.0,31.0,-9.633799652158075,-13.499005,-13.205125,-7.989452037145615
1475.0,2.0,5.317860621380994,0.014748,2.763633,7.189085112287955
1475.0,5.0,7.537494163046347,8.584273,12.899709,9.408718653953308
1475.0,6.0,2.275146466230729,1.254988,2.061395,4.146370957137689
1475.0,12.0,3.0666458837532797,-0.225871,3.449111,4.937870374660241
1475.0,19.0,6.172365520900639,7.629409,8.807113,8.0435900118076
1475.0,24.0,1.7826198338647545,13.958703,4.493759,3.653844324771715
1475.0,25.0,-3.137520989415342,-12.702977,-4.801946,-1.2662964985083813
1475.0,29.0,-5.758339353051265,-9.346053,-9.471918,-3.8871148621443044
1475.0,31.0,-9.646531412934335,-14.410241,-13.179277,-7.775306922027374
1476.0,2.0,5.32032251309014,1.783583,2.765779,7.137417068825171
1476.0,5.0,7.549352764933904,11.891673,12.874491,9.366447320668934
1476.0,6.0,2.2600352221121778,4.093335,2.047225,4.077129777847208
1476.0,12.0,3.225534352717986,3.756492,3.463981,5.0426289084530165
1476.0,19.0,5.956040490017795,5.459869,8.767027,7.773135045752825
1476.0,24.0,3.7859804625179727,3.446272,4.507475,5.603075018253003
1476.0,25.0,-3.023277640145463,-5.542068,-4.764762,-1.2061830844104322
1476.0,29.0,-5.624951839567925,-7.058726,-9.42238,-3.807857283832894
1476.0,31.0,-9.616664783567778,-14.852489,-13.141436,-7.7995702278327474
1477.0,2.0,5.297349708132284,6.77314,2.785769,7.146716620108988
1477.0,5.0,7.802627400584914,13.883308,12.828823,9.651994312561618
1477.0,6.0,2.3953205126201667,4.818059,2.067427,4.24468742459687
1477.0,12.0,3.1685927763634787,6.395847,3.477071,5.0179596883401825
1477.0,19.0,6.255210239374328,8.971123,8.746296,8.104577151351032
1477.0,24.0,1.3943950805833527,5.733939,4.478282,3.2437619925600565
1477.0,25.0,-3.189631375089304,-2.411584,-4.717867,-1.3402644631126002
1477.0,29.0,-5.531806240424883,-6.95383,-9.371975,-3.6824393284481793
1477.0,31.0,-9.656766238471498,-11.82475,-13.073782,-7.807399326494794
1478.0,2.0,5.347807864709081,2.396113,2.810853,7.091699960477874
1478.0,5.0,7.567443358732017,12.880109,12.811269,9.31133545450081
1478.0,6.0,2.301939575139384,0.988886,2.127902,4.045831670908178
1478.0,12.0,3.0998113156771705,5.046075,3.468,4.843703411445964
1478.0,19.0,5.181390182365062,13.101308,8.800795,6.925282278133856
1478.0,24.0,3.6611352478441948,2.694572,4.405617,5.405027343612988
1478.0,25.0,-3.115407011674036,-9.553213,-4.722631,-1.3715149159052427
1478.0,29.0,-5.062360053406972,-8.356088,-9.399776,-3.3184679576381786
1478.0,31.0,-9.566768775263586,-20.885067,-13.050564,-7.822876679494793
1479.0,2.0,5.348550888580448,5.140041,2.922938,7.360207502927717
1479.0,5.0,7.340797308249224,13.638332,12.865429,9.352453922596492
1479.0,6.0,2.2493342083504597,0.645552,2.238148,4.260990822697729
1479.0,12.0,3.0763796592289907,2.081759,3.555606,5.08803627357626
1479.0,19.0,5.231229872973456,9.968502,8.884019,7.2428864873207255
1479.0,25.0,-2.598224831264984,-4.543122,-4.655955,-0.5865682169177147
1479.0,29.0,-4.918943897610683,-8.592523,-9.396553,-2.907287283263414
1479.0,31.0,-9.570637162163944,-15.134183,-13.037809,-7.558980547816675
1480.0,2.0,5.3308474938422385,6.824331,2.922677,7.138249074866741
1480.0,5.0,7.552523275661542,13.419504,12.831921,9.359924856686046
1480.0,6.0,2.3729558802359128,5.024478,2.241134,4.1803574612604155
1480.0,12.0,3.189542553958818,6.989299,3.552636,4.996944134983321
1480.0,19.0,5.6778869763068585,11.674494,8.867348,7.485288557331361
1480.0,24.0,3.1832876271935433,-12.812863,4.347413,4.990689208218046
1480.0,25.0,-2.8898032635067605,-6.019304,-4.637292,-1.0824016824822578
1480.0,29.0,-5.429167327158615,-4.425367,-9.370943,-3.6217657461341126
1480.0,31.0,-9.554235193926065,-16.970251,-12.999752,-7.746833612901562
1481.0,2.0,5.337445222027828,-0.409322,2.927419,6.7531667301663845
1481.0,5.0,7.528427530201299,11.189839,12.80048,8.944149038339855
1481.0,6.0,2.311629810440392,1.169968,2.232104,3.7273513185789486
1481.0,12.0,3.1201585798334186,2.311601,3.566825,4.535880087971975
1481.0,19.0,6.396639516001105,13.313464,8.828058,7.812361024139662
1481.0,24.0,1.5480858085098994,-7.89552,4.353305,2.963807316648456
1481.0,25.0,-3.5602319422187083,-5.142481,-4.59688,-2.1445104340801517
1481.0,29.0,-5.191504214812184,-10.422973,-9.318499,-3.7757827066736276
1481.0,31.0,-9.489559078322976,-15.793759,-12.953712,-8.07383757018442
1482.0,2.0,5.361842523573435,3.026428,3.043498,6.944667419244208
1482.0,5.0,7.409998780994929,9.146134,12.835289,8.992823676665703
1482.0,6.0,2.210848856758961,2.915583,2.335121,3.7936737524297346
1482.0,12.0,3.228831047190285,3.39183,3.664676,4.811655942861059
1482.0,19.0,6.110801467659142,15.784922,8.88266,7.693626363329916
1482.0,24.0,2.061550008979819,18.387343,4.318268,3.6443749046505927
1482.0,25.0,-3.2550760152808236,-0.322512,-4.502527,-1.6722511196100498
1482.0,29.0,-4.349524208883849,-7.998815,-9.278284,-2.766699313213075
1482.0,31.0,-9.561830025067874,-15.567063,-12.91049,-7.9790051293971
1483.0,2.0,5.354859952712928,9.144194,3.072912,6.683310771654872
1483.0,5.0,7.884250636932295,14.976367,12.790121,9.212701455874239
1483.0,6.0,2.8133574927712335,4.026052,2.344403,4.141808311713177
1483.0,12.0,3.561869751934326,7.464737,3.700453,4.89032057087627
1483.0,19.0,6.808676658868814,8.120514,8.83497,8.137127477810758
1483.0,24.0,4.507002895469348,29.194377,4.313313,5.835453714411292
1483.0,25.0,-3.0880036887118028,-3.970146,-4.425524,-1.7595528697698595
1483.0,29.0,-5.245292419154966,-6.521422,-9.192411,-3.9168416002130226
1483.0,31.0,-9.564082829972401,-11.930732,-12.828506,-8.235632011030457
1484.0,2.0,5.3447866916574185,3.702782,2.997757,6.5839110341088904
1484.0,5.0,7.969509468549706,11.099704,12.589608,9.208633811001178
1484.0,6.0,2.847672027639077,2.607884,2.362321,4.086796370090549
1484.0,12.0,3.368061949381257,6.195361,3.560746,4.607186291832729
1484.0,19.0,7.511271990624433,10.884343,8.811352,8.750396333075905
1484.0,24.0,1.349027505995191,9.856528,4.14308,2.588151848446663
1484.0,25.0,-3.056923428397893,-3.741423,-4.467428,-1.817799085946421
1484.0,29.0,-4.942869938654852,-8.64577,-9.187258,-3.7037455962033796
1484.0,31.0,-9.584521115420106,-8.97794,-12.679916,-8.345396772968634
1485.0,2.0,5.357005122187266,-1.362159,2.780627,6.715936160282717
1485.0,5.0,7.904696381906124,8.703889,12.340121,9.263627420001576
1485.0,6.0,2.9580457643117306,-1.735785,2.30465,4.316976802407182
1485.0,12.0,3.4625299921492996,2.868802,3.26366,4.821461030244751
1485.0,19.0,8.252513292753385,12.393867,8.795425,9.611444330848837
1485.0,24.0,3.58124690823459,8.456696,3.940674,4.940177946330041
1485.0,25.0,-2.809341912475038,-16.479244,-4.674205,-1.4504108743795867
1485.0,29.0,-5.342605978432682,-8.721253,-9.303825,-3.983674940337231
1485.0,31.0,-9.43585588412424,-9.210908,-12.597911,-8.076924846028788
1486.0,2.0,5.354268244681299,6.354835,2.527262,6.223777732566724
1486.0,5.0,7.834138620694938,14.574726,12.026894,8.703648108580364
1486.0,6.0,2.9065725132957283,5.81525,2.166177,3.7760820011811536
1486.0,12.0,3.4235113285367156,8.714594,2.971278,4.293020816422141
1486.0,24.0,4.497055636880935,-13.626141,3.799881,5.36656512476636
1486.0,25.0,-3.0662792472346814,-1.995985,-4.823879,-2.196769759349256
1486.0,29.0,-5.513945066748443,-5.314283,-9.308883,-4.644435578863018
1486.0,31.0,-6.387026492487589,-15.73306,-12.446522,-5.517517004602164
1487.0,2.0,5.345624962591494,2.185004,2.400881,6.482514474428207
1487.0,5.0,7.69636482215574,8.324611,11.762148,8.833254333992453
1487.0,6.0,2.5494989677511413,2.71371,2.132621,3.6863884795878548
1487.0,12.0,3.2973637253287027,3.199467,2.790317,4.434253237165416
1487.0,24.0,3.6328846533161343,26.786172,3.635129,4.769774165152848
1487.0,25.0,-3.0654482019138856,-7.56841,-4.87027,-1.928558690077172
1487.0,29.0,-5.333917694038199,-8.890399,-9.26749,-4.197028182201485
1487.0,31.0,-6.819176066994542,-7.517927,-12.256666,-5.6822865551578285
1488.0,2.0,5.393246378401901,4.657097,2.317686,6.364652402853596
1488.0,5.0,7.63733414620939,10.046043,11.662144,8.608740170661086
1488.0,6.0,2.4405928590742354,2.458402,2.146815,3.4119988835259303
1488.0,12.0,3.533012774575946,5.455862,2.648594,4.504418799027641
1488.0,19.0,8.199837879604459,25.584533,8.610114,9.171243904056155
1488.0,25.0,-2.4800368029348085,0.715987,-4.985941,-1.5086307784831134
1488.0,29.0,-4.289678122124279,-6.443046,-9.364631,-3.318272097672584
1488.0,31.0,-6.327744619504783,-2.645602,-12.235419,-5.356338595053088
1489.0,2.0,5.367811757188649,8.325833,2.246345,6.0393527784203735
1489.0,5.0,7.715100420066124,12.590273,11.60909,8.386641441297849
1489.0,6.0,2.4922479916306326,5.526615,2.081089,3.163789012862357
1489.0,12.0,3.2862593590198728,5.027532,2.591432,3.957800380251597
1489.0,19.0,7.332343731786214,7.36997,8.553136,8.003884753017939
1489.0,24.0,5.101305322556584,-9.918253,3.517746,5.772846343788308
1489.0,25.0,-2.901679780094396,-7.620378,-5.019115,-2.2301387588626715
1489.0,29.0,-5.405950127488173,-6.127927,-9.356527,-4.734409106256448
1489.0,31.0,-1.906928028873076,-13.849271,-12.224017,-1.2353870076413516
1490.0,2.0,5.360018105389802,7.134079,2.172254,5.630882776381969
1490.0,5.0,7.644826138200175,10.330549,11.573986,7.915690809192342
1490.0,6.0,2.7813537562392074,1.382819,2.018927,3.052218427231374
1490.0,12.0,3.2172396796922165,7.131808,2.528656,3.488104350684383
1490.0,19.0,7.20015825103558,22.517932,8.516808,7.471022922027747
1490.0,24.0,1.3208199153048046,-5.236532,3.531601,1.5916845862969713
1490.0,25.0,-3.020959601021392,0.056495,-5.072634,-2.7500949300292254
1490.0,29.0,-5.3133345418720905,-3.566689,-9.375907,-5.042469870879923
1490.0,31.0,-1.0001920791843588,-1.861381,-12.23853,-0.7293274081921921
1491.0,2.0,5.415252318770996,0.57641,2.155418,5.10177820967157
1491.0,5.0,7.699524550750407,10.219299,11.573904,7.386050441650982
1491.0,6.0,2.9771595955307717,2.989578,1.99982,2.6636854864313455
1491.0,12.0,3.5674721090208408,2.31523,2.520483,3.2539979999214146
1491.0,19.0,6.928990057197847,7.8008,8.506997,6.615515948098421
1491.0,24.0,4.384098460182813,19.247794,3.546044,4.070624351083387
1491.0,25.0,-2.6753150871391327,-7.924167,-5.082921,-2.988789196238559
1491.0,29.0,-4.641695072558103,-10.038736,-9.379722,-4.95516918165753
1491.0,31.0,1.6434533746242046,-16.347519,-12.249571,1.3299792655247784
1492.0,2.0,5.36859617315422,0.653334,2.190499,6.556742710946441
1492.0,5.0,7.623766569627394,8.353247,11.534692,8.811913107419615
1492.0,6.0,2.9312405002992996,0.210426,2.050092,4.119387038091521
1492.0,12.0,3.455797843581964,3.4717,2.532464,4.643944381374185
1492.0,19.0,7.262009995717655,15.09464,8.519978,8.450156533509876
1492.0,25.0,-2.9376378927586426,-10.247805,-5.043992,-1.749491354966421
1492.0,29.0,-5.615210942151691,-7.775476,-9.351837,-4.42706440435947
1493.0,2.0,5.358415664528504,8.564109,2.298856,5.854062691935329
1493.0,5.0,7.691863400048764,14.903206,11.514465,8.187510427455589
1493.0,6.0,2.91234099708592,4.956955,2.190105,3.4079880244927456
1493.0,12.0,3.1947892479924125,7.585095,2.584867,3.690436275399238
1493.0,19.0,7.274186234646228,5.373997,8.602653,7.769833262053053
1493.0,24.0,5.343892542356619,49.832395,3.370433,5.839539569763444
1493.0,25.0,-2.9492197394275217,-4.800792,-4.972128,-2.453572712020696
1493.0,29.0,-4.851612665530595,-6.713028,-9.334296,-4.35596563812377
1494.0,2.0,5.350370107346233,1.688531,2.342312,5.9847829960283985
1494.0,5.0,7.636054515561764,10.349024,11.515064,8.270467404243929
1494.0,6.0,2.813780865344258,-2.405829,2.27308,3.4481937540264234
1494.0,12.0,3.304827369193969,0.515925,2.586418,3.9392402578761345
1494.0,19.0,7.120264301327506,12.394941,8.683506,7.754677190009671
1494.0,25.0,-3.1189182495319225,-3.939602,-4.977351,-2.484505360849757
1494.0,29.0,-4.744540835273307,-8.602123,-9.376938,-4.110127946591142
1495.0,2.0,5.378806678587464,-1.24454,2.358938,6.13669955358559
1495.0,5.0,7.6610246267743065,3.786055,11.49307,8.418917501772432
1495.0,6.0,2.5252308612619148,1.39156,2.306686,3.2831237362600403
1495.0,12.0,3.286509514160631,1.287641,2.585044,4.044402389158757
1495.0,19.0,7.693866569542504,11.733869,8.702872,8.45175944454063
1495.0,24.0,4.659817367665148,-1.186737,3.245519,5.417710242663274
1495.0,25.0,-2.4395434898750223,-9.054563,-4.966838,-1.6816506148768968
1495.0,29.0,-4.424622383066133,-5.586523,-9.37577,-3.6667295080680073
1496.0,2.0,5.366416783384334,4.844778,2.60044,6.621290129608199
1496.0,5.0,7.535823552081888,10.657488,11.628739,8.790696898305754
1496.0,6.0,2.2753968362573875,5.201788,2.34608,3.530270182481252
1496.0,12.0,3.277953411114428,5.683882,2.929035,4.5328267573382925
1496.0,24.0,5.013297062214956,-18.76737,3.451776,6.268170408438821
1496.0,25.0,-2.9718951947897168,-4.581189,-4.618341,-1.7170218485658522
1496.0,29.0,-4.718214160606315,-6.095664,-9.077288,-3.46334081438245
1497.0,2.0,-3.85596136358983,3.561591,5.774256,-9.023357212905314
1497.0,5.0,-0.5512056405144268,9.768612,13.588902,-5.718601489829911
1497.0,6.0,-0.061559924934178056,3.739752,3.837065,-5.228955774249663
1497.0,12.0,-5.80381420184607,5.678062,6.667813,-10.971210051161554
1497.0,25.0,2.4100824969534926,-6.179272,-1.240225,-2.757313352361992
1497.0,29.0,-0.11437128814636655,-5.746897,-6.833109,-5.281767137461851
1498.0,2.0,-9.704158977467447,-82.943735,24.507072,0.024278217297970528
1498.0,5.0,-10.312902550251405,-78.822643,23.003089,-0.5844653554859871
1498.0,6.0,-11.150870053752229,-83.831179,12.668912,-1.4224328589868112
1498.0,12.0,-9.99340288291758,-78.691232,28.536327,-0.2649656881521629
1498.0,19.0,-6.431111572577331,317.315859,7.895043,3.2973256221880867
1498.0,24.0,-5.777361112655446,-76.349721,11.812754,3.9510760821099717
1498.0,25.0,-9.227257282651578,-93.748946,19.979206,0.5011799121138392
1498.0,29.0,-9.667007346570829,-90.773638,8.33654,0.06142984819458874
1499.0,2.0,-7.402226393448904,-28.053696,-8.274548,-0.19083881773213207
1499.0,5.0,-8.380532620055593,-21.803572,8.611999,-1.169145044338821
1499.0,6.0,-9.49167934193424,-28.460586,-2.595791,-2.280291766217468
1499.0,12.0,-8.257392851779198,-31.551886,-9.719093,-1.0460052760624254
1499.0,19.0,-3.7416831489125433,314.801767,10.996907,3.469704426804229
1499.0,24.0,-4.439642833663955,-38.513304,0.090762,2.7717447420528174
1499.0,25.0,-7.175423423703656,-35.295406,-18.636635,0.035964152013116646
1499.0,29.0,-5.828326253623215,-34.235138,-20.412003,1.3830613220935568
1500.0,2.0,-2.651815228416032,-54.244497,-1.568544,-9.41522667292643
1500.0,5.0,-0.9035802238767232,-48.02313,11.302952,-7.66699166838712
1500.0,6.0,-1.6169963180346976,-57.515702,-0.728371,-8.380407762545094
1500.0,12.0,-5.92109201069776,-52.618935,-0.913558,-12.684503455208157
1500.0,19.0,6.354253282602329,265.31771,8.262695,-0.409158161908068
1500.0,24.0,2.6535982927708153,-40.274773,4.223626,-4.109813151739582
1500.0,25.0,2.814545924060984,-64.722536,-9.192267,-3.948865520449413
1500.0,29.0,3.4475562775188973,-62.907019,-12.344624,-3.3158551669914997
1500.0,31.0,3.6621478880094855,-59.131573,-14.910309,-3.1012635565009115
1501.0,2.0,1.673703857533038,4.583178,0.354361,8.147646886503164
1501.0,5.0,-0.10428523881347829,10.40936,11.042192,6.369657790156648
1501.0,6.0,-0.9281141773170845,3.914842,-0.338486,5.545828851653042
1501.0,12.0,-4.379761699061912,3.465048,1.649479,2.0941813299082144
1501.0,24.0,4.335057820973626,22.712251,5.209478,10.809000849943752
1501.0,25.0,-3.2419081136021592,-1.593895,-5.689489,3.232034915367967
1501.0,29.0,-11.177095832624541,-7.142423,-8.860325,-4.703152803654415
1501.0,31.0,-9.546871977206727,-12.588572,-12.635672,-3.0729289482366013
1502.0,2.0,5.413113363181397,3.646366,0.317627,11.358162861756915
1502.0,5.0,1.383007410887151,10.287905,10.911902,7.328056909462669
1502.0,6.0,-0.6101655644984412,2.323248,-0.386144,5.334883934077077
1502.0,12.0,-1.289510128919214,5.152617,1.624489,4.655539369656304
1502.0,19.0,3.4026352736682526,14.443584,6.437586,9.34768477224377
1502.0,24.0,5.443081467546627,32.941571,5.196862,11.388130966122144
1502.0,25.0,-2.613721600131986,-0.553424,-5.627363,3.331327898443532
1502.0,29.0,-6.463964779921654,-6.911888,-8.740725,-0.5189152813461364
1502.0,31.0,-9.511389933649001,-13.446514,-12.501515,-3.5663404350734833
1503.0,2.0,5.234712111878412,3.13357,0.22335,8.940708015001825
1503.0,5.0,2.6954670417013737,9.893925,10.787439,6.401462944824786
1503.0,6.0,0.07787438645096856,3.032426,-0.477028,3.783870289574381
1503.0,12.0,0.4475132697095061,5.644873,1.547774,4.153509172832919
1503.0,19.0,6.010415757081812,-0.304147,6.319247,9.716411660205225
1503.0,25.0,-2.349039274600649,-0.580931,-5.633926,1.3569566285227634
1503.0,29.0,-4.835998919890599,-3.916429,-8.674467,-1.1300030167671866
1503.0,31.0,-4.564988033156038,-9.439693,-12.419916,-0.8589921300326258
1504.0,2.0,5.032634498252996,9.084051,0.143846,6.665046756967345
1504.0,5.0,4.181522142645893,11.265656,10.751549,5.813934401360242
1504.0,6.0,0.8756628789060912,3.436452,-0.604503,2.50807513762044
1504.0,12.0,1.3619928223935318,7.367202,1.52918,2.994405081107881
1504.0,19.0,7.809956957186584,28.567085,6.188227,9.442369215900932
1504.0,25.0,-2.49932642381781,0.77465,-5.625211,-0.8669141651034611
1504.0,29.0,-3.4934481753969426,-3.211014,-8.60263,-1.8610359166825936
1504.0,31.0,5.9649812777989215,5.496225,-12.412269,7.5973935365132705
1505.0,2.0,4.16418310755123,2.575381,0.140357,0.4189146749004795
1505.0,5.0,12.768483225628717,7.038448,10.805028,9.023214792977967
1505.0,6.0,5.763789936009147,3.478565,-0.648613,2.0185215033583965
1505.0,12.0,3.0874284895933304,6.107019,1.565543,-0.6578399430574198
1505.0,19.0,8.818642931192109,8.86506,6.16165,5.073374498541359
1505.0,24.0,7.514838288730932,7.028842,5.389303,3.7695698560801816
1505.0,25.0,-1.9560918170698396,-5.094307,-5.614199,-5.70136024972059
1505.0,29.0,-6.134834357013029,-3.444178,-8.590005,-9.880102789663779
1505.0,31.0,-8.506941948511765,-8.370156,-12.461938,-12.252210381162515
1506.0,2.0,5.426308147430571,-21.424952,0.170137,6.537144523461389
1506.0,5.0,6.744508843759682,-10.667987,10.885459,7.8553452197905
1506.0,6.0,2.3493628116078566,-19.886058,-0.664727,3.460199187638675
1506.0,12.0,2.5518696329799004,-19.679409,1.631785,3.662706009010719
1506.0,19.0,7.982351002700646,-28.274556,6.159503,9.093187378731464
1506.0,24.0,1.1952866707484606,140.904576,5.472062,2.306123046779279
1506.0,25.0,-2.5026740689190303,-30.023866,-5.585317,-1.391837692888212
1506.0,29.0,-5.157122271499662,-25.086796,-8.578938,-4.046285895468843
1507.0,2.0,5.253181965921655,-1.706057,0.159733,6.652120509828649
1507.0,5.0,5.87092065470814,6.341766,10.938117,7.2698591986151335
1507.0,6.0,1.7290641969164895,-0.91359,-0.683272,3.128002740823483
1507.0,12.0,2.1319041377041694,-3.440425,1.637447,3.530842681611163
1507.0,19.0,7.990231168372311,-11.488988,6.179365,9.389169712279305
1507.0,24.0,4.303604507200541,18.304108,5.512723,5.702543051107535
1507.0,25.0,-2.48764295189068,-10.418389,-5.61561,-1.0887044079836867
1507.0,29.0,-5.181592171409477,-9.656573,-8.619243,-3.7826536275024836
1507.0,31.0,7.6888748109039575,-32.019321,-12.58567,9.087813354810951
1508.0,2.0,5.242647534620907,2.267955,-0.000515,6.974320298211938
1508.0,5.0,5.638649473526588,12.644404,10.924436,7.370322237117619
1508.0,6.0,2.595388441565815,-2.615717,-0.850768,4.327061205156846
1508.0,12.0,2.232253683716179,5.550297,1.531243,3.9639264473072098
1508.0,19.0,8.020699575053811,24.342962,6.091422,9.752372338644843
1508.0,24.0,5.58625089258671,-2.956221,5.615646,7.317923656177741
1508.0,25.0,-2.5478126539017074,-2.991527,-5.734551,-0.8161398903106765
1508.0,29.0,-6.215748569501272,-5.192562,-8.667324,-4.4840758059102415
1508.0,31.0,-7.227843997144166,-13.557836,-12.677238,-5.496171233553135
1509.0,2.0,5.406384882799767,6.322646,-0.299132,6.706309876206539
1509.0,5.0,8.140822808989675,14.931415,10.929148,9.440747802396448
1509.0,6.0,5.655721578504123,-4.933778,-1.245557,6.955646571910895
1509.0,12.0,4.369699670489306,10.714919,1.399442,5.669624663896078
1509.0,19.0,8.722478255641342,15.645538,5.819937,10.022403249048114
1509.0,24.0,4.628251078841004,19.225722,5.939082,5.928176072247776
1509.0,25.0,-2.8959563242520883,0.159021,-5.88459,-1.596031330845316
1509.0,29.0,-6.831787455636681,-0.867008,-8.655694,-5.531862462229908
1509.0,31.0,-9.421691171780955,-14.144027,-12.848749,-8.121766178374182
1510.0,2.0,5.38966719875536,-1.615487,-0.699879,5.9276544560634346
1510.0,5.0,6.589708517675481,11.331818,10.80747,7.127695774983556
1510.0,6.0,4.562912328112777,0.514454,-1.60634,5.100899585420851
1510.0,12.0,3.228816151769335,0.559778,1.077368,3.7668034090774096
1510.0,19.0,7.821028559501977,-5.526611,5.628433,8.359015816810052
1510.0,24.0,4.135816687820274,5.196936,6.074773,4.673803945128348
1510.0,25.0,-2.9526262892209183,-10.421346,-6.195557,-2.414639031912844
1510.0,29.0,-6.9708499321420865,-6.114026,-8.786318,-6.432862674834012
1510.0,31.0,-6.405161163805156,-16.797654,-12.9972,-5.867173906497081
1511.0,2.0,5.349771108478457,5.809551,-1.0489,4.752912724865663
1511.0,5.0,7.6316090969409185,16.389004,10.621407,7.034750713328124
1511.0,6.0,5.553718205851947,17.06992,-1.744502,4.956859822239153
1511.0,12.0,4.134511935644541,10.856103,0.6509,3.5376535520317467
1511.0,24.0,4.708107796921478,8.540254,5.904296,4.111249413308684
1511.0,25.0,-2.846230254670073,1.678235,-6.612346,-3.4430886382828674
1511.0,29.0,-7.0432577513440835,-0.793234,-9.101182,-7.6401161349568785
1511.0,31.0,-0.31843442253607535,-18.767877,-13.105279,-0.9152928061488699
1512.0,2.0,5.33253333868551,-0.960767,-1.1556,7.253110875279063
1512.0,5.0,6.323973390246556,10.173998,10.694539,8.244550926840109
1512.0,6.0,3.1180116814665073,-1.413386,-2.012494,5.038589218060061
1512.0,12.0,3.3597158705514705,1.607487,0.712323,5.280293407145024
1512.0,24.0,4.895281482603952,11.228996,6.235048,6.8158590191975055
1512.0,25.0,-3.0234622585481175,-10.478041,-6.567683,-1.1028847219545646
1512.0,29.0,-6.6391141349472065,-8.616066,-8.964971,-4.718536598353653
1513.0,2.0,5.314664871937483,4.876668,-1.119195,7.249395323012937
1513.0,5.0,7.396138184771267,13.199055,10.900583,9.330868635846722
1513.0,6.0,3.504702618392864,1.04668,-2.215184,5.439433069468318
1513.0,12.0,3.971417070655445,7.401255,0.947428,5.906147521730899
1513.0,24.0,5.373191995571746,8.816135,6.646402,7.307922446647201
1513.0,25.0,-3.2197965320769533,-3.886204,-6.395364,-1.2850660810014989
1513.0,29.0,-7.256749007488834,-4.672674,-8.765032,-5.322018556413379
1514.0,2.0,5.2925716044929505,1.035371,-1.216278,6.28803950426061
1514.0,5.0,7.340513725127124,10.0029,11.00985,8.335981624894783
1514.0,6.0,3.548039583612935,-6.494066,-2.477021,4.543507483380594
1514.0,12.0,3.7814034583300806,-1.63344,1.021555,4.77687135809774
1514.0,19.0,9.502688975247915,35.492267,5.005058,10.498156875015574
1514.0,24.0,5.39202980269679,8.001969,6.990915,6.387497702464449
1514.0,25.0,-3.393775217239119,-8.390275,-6.360433,-2.3983073174714593
1514.0,29.0,-6.623602010437791,-8.834743,-8.652204,-5.628134110670132
1515.0,2.0,5.300427567270335,0.341025,-1.301397,4.332514995936753
1515.0,5.0,6.8578641699768,13.00302,11.073751,5.8899515986432185
1515.0,6.0,3.9857582200365105,-2.1451,-2.631943,3.017845648702929
1515.0,12.0,3.5364580679234727,4.066251,1.025035,2.5685454965898913
1515.0,24.0,5.263051093055237,9.075782,7.171518,4.295138521721656
1515.0,25.0,-3.520987701288311,-2.535109,-6.392784,-4.488900272621892
1515.0,29.0,-6.036352661969687,-6.064961,-8.640442,-7.0042652333032684
1515.0,31.0,0.9783874766712684,-15.273903,-13.553688,0.010474905337687135
1516.0,2.0,5.273447533233766,6.693184,-1.527043,5.809661466109557
1516.0,5.0,7.020170218552858,17.193567,11.032052,7.55638415142865
1516.0,6.0,4.548476859124854,-2.741889,-2.727989,5.084690792000646
1516.0,12.0,3.3395242797548654,10.155561,0.76218,3.875738212630657
1516.0,24.0,5.2409638254029165,10.681952,7.103743,5.777177758278708
1516.0,25.0,-3.7188158851769213,0.540907,-6.702054,-3.1826019523011295
1516.0,29.0,-6.157471689818224,-2.529857,-8.905753,-5.621257756942432
1516.0,31.0,-9.440517036728119,-14.166233,-13.715002,-8.904303103852328
1517.0,2.0,5.404936352746137,2.298842,-1.11926,5.504508989808136
1517.0,5.0,6.826872852767458,10.671994,11.209765,6.926445489829457
1517.0,6.0,4.243331278916354,-1.015554,-2.414697,4.342903915978353
1517.0,12.0,3.6089747081162127,2.465437,1.14224,3.7085473451782116
1517.0,19.0,9.704102685305465,-5.90736,5.132963,9.803675322367464
1517.0,24.0,6.213276087074991,13.869734,7.068559,6.31284872413699
1517.0,25.0,-1.640814785810221,-0.450519,-6.354878,-1.5412421487482222
1517.0,29.0,-0.9083540324213137,-4.968711,-8.738556,-0.8087813953593148
1517.0,31.0,-8.366669171545686,-14.296533,-13.606238,-8.267096534483688
1518.0,2.0,5.27020732546592,0.954949,-0.334811,-1.8324839125220675
1518.0,5.0,9.456392748972817,16.297981,11.487006,2.3537015109848296
1518.0,6.0,5.724023963463583,-7.63015,-2.319737,-1.3786672745244042
1518.0,12.0,3.0975643632829417,4.378949,2.269941,-4.005126874705046
1518.0,19.0,9.854919248834456,3.606873,4.597802,2.7522280108464683
1518.0,24.0,6.363602414904729,9.303665,7.713189,-0.7390888230832582
1518.0,25.0,-3.7213395113554704,-4.629596,-5.085908,-10.824030749343457
1518.0,29.0,-3.928446743071234,-5.324738,-7.566379,-11.03113798105922
1518.0,31.0,1.0109134034049063,-18.27149,-13.103989,-6.091777834583081
1519.0,2.0,5.220647760644887,6.217941,-0.115372,2.555782738684756
1519.0,5.0,8.551414323971436,12.893315,11.475325,5.886549302011304
1519.0,6.0,4.622177476996018,1.958713,-2.831185,1.9573124550358871
1519.0,12.0,3.9288826729789275,6.509213,3.009111,1.2640176510187962
1519.0,19.0,9.890074149778673,5.945119,3.561332,7.225209127818542
1519.0,24.0,6.468756194213974,10.727454,8.642918,3.8038911722538424
1519.0,25.0,-3.921686294963439,2.482283,-4.077623,-6.58655131692357
1519.0,29.0,-4.431679226781277,-3.288435,-6.318838,-7.0965442487414085
1519.0,31.0,-6.068293573060828,-13.212472,-12.628811,-8.73315859502096
1520.0,2.0,5.170296173532398,3.831622,-0.256168,1.3738638672726986
1520.0,5.0,9.343443114654512,14.414079,11.391378,5.547010808394813
1520.0,6.0,5.236464264613474,3.92587,-3.069245,1.4400319583537748
1520.0,12.0,3.157878642553335,8.406188,2.98362,-0.638553663706364
1520.0,19.0,9.96513104735702,4.765553,3.295973,6.1686987410973195
1520.0,24.0,5.924802770589515,2.535676,8.837348,2.1283704643298162
1520.0,25.0,-4.704227066069895,3.130861,-4.036492,-8.500659372329594
1520.0,29.0,-4.768171123436933,-1.996768,-6.153937,-8.564603429696632
1520.0,31.0,-3.2134579802779752,-16.434859,-12.584511,-7.009890286537674
1521.0,2.0,5.153344135775228,-1.040811,-0.292638,0.6461789423502813
1521.0,5.0,10.000822328629308,11.873525,11.376836,5.493657135204361
1521.0,6.0,6.440524673727751,-7.488201,-3.30667,1.933359480302804
1521.0,12.0,3.639160756886657,3.639084,3.119986,-0.86800443653829
1521.0,19.0,9.997732665146787,9.811171,2.962888,5.49056747172184
1521.0,25.0,-3.4549401362518006,-4.324119,-3.833262,-7.9621053296767474
1521.0,29.0,-3.347940326540178,-6.350858,-5.844161,-7.855105519965125
1521.0,31.0,-3.6408452531869795,-11.995006,-12.50694,-8.148010446611927
1522.0,2.0,5.11254776809532,-7.871905,-0.299376,-0.21767061710944802
1522.0,5.0,10.67333960162627,11.380304,11.260184,5.343121216421501
1522.0,6.0,6.0739903025323425,-6.239709,-3.514079,0.7437719173275745
1522.0,12.0,3.074622050303299,-0.050941,3.268834,-2.255596334901469
1522.0,19.0,9.957663899253586,1.469083,2.573632,4.6274455140488175
1522.0,24.0,6.04429269525054,8.800069,9.398561,0.7140743100457723
1522.0,25.0,-4.695784636572982,-1.393785,-3.542652,-10.02600302177775
1522.0,29.0,-4.253154932508818,-6.394241,-5.428055,-9.583373317713587
1522.0,31.0,4.222291129463262,-20.715273,-12.286891,-1.1079272557415063
1523.0,2.0,4.886258527621406,3.422583,-0.327052,-0.9195246656047464
1523.0,5.0,10.035271779364445,9.464127,11.138628,4.2294885861382925
1523.0,6.0,6.050421863133828,-4.029292,-3.615755,0.24463866990767524
1523.0,12.0,2.9101103534908948,3.258333,3.301514,-2.8956728397352576
1523.0,19.0,10.095645730979376,0.323842,2.366826,4.289862537753224
1523.0,24.0,6.30763531540083,14.265629,9.475395,0.5018521221746779
1523.0,25.0,-4.655452096085117,-2.597648,-3.40763,-10.461235289311269
1523.0,29.0,-3.613943614366214,-3.618445,-5.214199,-9.419726807592365
1523.0,31.0,4.078457980146188,-18.880711,-12.129187,-1.727325213079964
1524.0,2.0,4.777269207959158,0.619625,-0.358128,-1.3550175909371696
1524.0,5.0,10.140889101808117,8.444706,11.154341,4.00860230291179
1524.0,6.0,5.817129521700938,-6.969024,-3.736232,-0.31515727719538944
1524.0,12.0,2.731436675710748,3.818799,3.355299,-3.400850123185579
1524.0,19.0,10.117959717041265,11.406566,2.228086,3.985672918144937
1524.0,24.0,6.2455213577191415,8.695772,9.631971,0.11323455882281408
1524.0,25.0,-4.551201677234465,-3.325929,-3.341953,-10.683488476130792
1524.0,29.0,-3.39933481388026,-1.137539,-5.103465,-9.531621612776588
1524.0,31.0,-0.39277092562146354,-12.89292,-12.131156,-6.525057724517791
1525.0,2.0,4.615155369859178,1.563467,-0.582965,-2.6279514309513434
1525.0,5.0,10.635807640210924,12.145053,11.031045,3.392700839400403
1525.0,6.0,6.506414964734073,-4.614028,-3.995451,-0.7366918360764476
1525.0,12.0,2.67275024785547,6.261395,3.217539,-4.570356552955051
1525.0,19.0,10.145011894692654,20.647884,1.996872,2.9019050938821334
1525.0,24.0,6.101490916358852,13.228329,9.769811,-1.141615884451669
1525.0,25.0,-4.513391604943949,-1.222808,-3.418352,-11.75649840575447
1525.0,29.0,-2.710561493957039,-4.257305,-5.038413,-9.95366829476756
1525.0,31.0,0.39883129511116255,-16.621711,-12.12443,-6.8442755056993585
1526.0,2.0,4.738866134228715,0.469381,-0.756381,-1.1975768457404268
1526.0,5.0,9.501606511981514,12.881325,10.925641,3.565163532012372
1526.0,6.0,6.796075922091834,2.344613,-4.176611,0.8596329421226923
1526.0,12.0,2.013978020011832,3.902542,3.096206,-3.92246495995731
1526.0,19.0,10.096642643259413,1.814323,1.840725,4.160199663290271
1526.0,24.0,5.859286810635483,3.461624,9.844956,-0.07715616933365865
1526.0,25.0,-4.02252340888561,-4.224787,-3.491303,-9.958966388854751
1526.0,29.0,-3.159165232110267,-4.84835,-5.008149,-9.095608212079409
1526.0,31.0,-3.6883444382191346,-13.575996,-12.114889,-9.624787418188276
1527.0,2.0,4.937754716560448,2.195699,-0.52606,-3.075853749680377
1527.0,5.0,11.240926057320038,3.171566,11.053872,3.2273175910792133
1527.0,6.0,6.100666129690783,-3.800695,-4.068991,-1.9129423365500422
1527.0,12.0,2.889832969465875,4.600125,3.369748,-5.12377549677495
1527.0,24.0,5.880292837561463,9.4736,9.936862,-2.1333156286793624
1527.0,25.0,-1.4868132884487593,2.721064,-3.233607,-9.500421754689585
1527.0,29.0,-0.663417432145156,-4.911403,-4.830909,-8.677025898385981
1527.0,31.0,2.8353182952067337,0.187174,-12.056217,-5.178290171034091
1528.0,2.0,4.125746747145428,-0.769619,-0.508557,-3.206236911810734
1528.0,5.0,12.710621917766534,15.954468,11.166992,5.378638258810373
1528.0,6.0,5.111107387135174,-2.63285,-4.1835,-2.2208762718209876
1528.0,12.0,2.1335389731225956,4.682055,3.499917,-5.198444685833566
1528.0,19.0,10.12601320277908,21.006343,1.721426,2.7940295438229175
1528.0,24.0,5.4332294216319745,3.478991,10.165269,-1.8987542373241872
1528.0,25.0,-3.9652890476918516,-6.255272,-3.138109,-11.297272706648013
1528.0,29.0,-3.2712373732573146,-6.466493,-4.72108,-10.603221032213476
1528.0,31.0,5.719705390149226,-14.155746,-12.122596,-1.6122782688069357
1529.0,2.0,4.1751656488387034,-1.102165,-1.134776,-2.0617522348270665
1529.0,5.0,9.798531897442011,11.51616,11.144827,3.561614013776241
1529.0,6.0,4.868654870864235,-6.528454,-4.931571,-1.3682630128015347
1529.0,12.0,1.5279539770654296,3.344293,3.158661,-4.70896390660034
1529.0,19.0,9.889710243794084,35.631541,1.253527,3.6527923601283145
1529.0,24.0,5.330769297464622,32.256632,10.715169,-0.906148586201148
1529.0,25.0,-3.935399394997233,-4.145381,-3.521434,-10.172317278663003
1529.0,29.0,-3.7770708795534578,-5.894164,-4.793136,-10.013988763219228
1529.0,31.0,3.4495161828945413,-14.845296,-12.476916,-2.7874017007712286
1530.0,2.0,4.046540104501462,-2.784015,-1.331681,-1.4462303580296059
1530.0,5.0,10.350626402104819,13.139191,11.104254,4.857855939573751
1530.0,6.0,4.67686168863362,-4.161915,-5.309151,-0.8159087738974478
1530.0,12.0,1.597480013164045,6.717367,3.164676,-3.895290449367023
1530.0,24.0,5.114388614843982,4.788697,11.082749,-0.37838184768708594
1530.0,25.0,-4.0470633592197265,-0.124153,-3.461281,-9.539833821750793
1530.0,29.0,-3.946495987143435,0.782038,-4.563497,-9.439266449674502
1530.0,31.0,-3.739062767630159,-11.694936,-12.487131,-9.231833230161227
1531.0,2.0,3.9603237190482403,-1.447417,-1.583226,-1.7125229007303115
1531.0,5.0,11.848433475351303,15.095733,11.054059,6.175586855572751
1531.0,6.0,4.606604290707679,-7.044508,-5.714311,-1.0662423290708727
1531.0,12.0,1.5170366654547314,1.546144,3.110043,-4.1558099543238205
1531.0,24.0,4.703898475899162,6.278352,11.440291,-0.9689481438793894
1531.0,25.0,-3.7958062818711924,-2.920362,-3.471963,-9.468652901649744
1531.0,29.0,-3.4119268341440074,-6.480833,-4.391877,-9.084773453922558
1531.0,31.0,-5.296909399431048,-14.211131,-12.535163,-10.9697560192096
1532.0,2.0,3.9532037378640688,-3.862882,-1.80402,-0.7270765544281179
1532.0,5.0,11.594605453292129,7.560202,11.001181,6.914325160999942
1532.0,6.0,3.17655539592562,-3.34172,-6.029123,-1.5037248963665668
1532.0,12.0,1.2548804868414365,4.45843,3.029279,-3.42539980545075
1532.0,24.0,5.208675067978534,18.192992,11.691374,0.5283947756863476
1532.0,25.0,-3.9774601179889926,-3.732718,-3.521003,-8.657740410281178
1532.0,29.0,-3.127029547439476,-2.463653,-4.296853,-7.807309839731662
1532.0,31.0,-6.500807544214201,-12.788267,-12.58418,-11.181087836506387
1533.0,2.0,3.7194137947498227,-1.636214,-1.87134,-0.617369700335189
1533.0,5.0,11.633622681956126,7.091065,10.869375,7.296839186871114
1533.0,6.0,2.9798175371928615,-9.766193,-6.129769,-1.3569659578921502
1533.0,12.0,1.180540766113376,3.249029,3.001169,-3.1562427289716357
1533.0,19.0,8.099981554761092,9.574566,0.048692,3.76319805967608
1533.0,24.0,4.872617521736043,20.763392,11.72893,0.5358340266510311
1533.0,25.0,-4.198472618894017,-4.830837,-3.458564,-8.535256113979028
1533.0,29.0,-3.611398356025279,-4.624119,-4.155032,-7.948181851110291
1533.0,31.0,-7.017665559559608,-11.000465,-12.458637,-11.354449054644618
1534.0,2.0,3.556940849250404,-3.31346,-1.836317,-0.06052292291280548
1534.0,5.0,11.798836661086167,10.328958,10.778902,8.181372888922958
1534.0,6.0,3.091161790504829,-7.444712,-6.085908,-0.5263019816583805
1534.0,12.0,0.9893143038732246,3.437595,3.014571,-2.628149468289985
1534.0,19.0,8.246951629992225,-15.096273,0.017118,4.629487857829015
1534.0,24.0,5.013633474156274,14.688792,11.659537,1.3961697019930641
1534.0,25.0,-4.402360972094115,-3.570861,-3.380813,-8.019824744257324
1534.0,29.0,-3.6559839124034905,-5.741307,-4.07059,-7.2734476845667
1534.0,31.0,-8.12223438470464,-10.678597,-12.32969,-11.73969815686785
1535.0,2.0,3.8154730542303366,-3.824858,-1.836908,1.448582758556162
1535.0,5.0,11.667011809586636,8.433308,10.75568,9.300121513912462
1535.0,6.0,3.1145169180172445,-3.975907,-6.056826,0.7476266223430699
1535.0,12.0,1.2498875012085389,1.190476,2.991938,-1.1170027944656358
1535.0,19.0,8.239504455550989,-0.073105,0.048147,5.8726141598768145
1535.0,24.0,4.953943497007799,11.842852,11.608673,2.5870532013336245
1535.0,25.0,-4.009799251620369,-0.083356,-3.397541,-6.376689547294544
1535.0,29.0,-3.6741188666163715,-1.652774,-4.096206,-6.041009162290546
1535.0,31.0,-10.059071749008552,-11.339601,-12.314702,-12.425962044682727
1536.0,2.0,3.8000570235733093,-1.163407,-1.928077,1.10833638272831
1536.0,5.0,11.82960634323663,10.789306,10.775628,9.137885702391632
1536.0,6.0,3.3739728372073863,-3.609408,-6.092418,0.6822521963623869
1536.0,12.0,1.3084327064329546,5.694583,2.888721,-1.3832879344120448
1536.0,19.0,8.285271753614225,-2.697473,0.109855,5.593551112769226
1536.0,24.0,5.049524924767848,10.342756,11.592779,2.3578042839228486
1536.0,25.0,-3.925002918038782,-3.702845,-3.546684,-6.616723558883781
1536.0,29.0,-3.661159458788818,-4.546342,-4.24256,-6.3528800996338175
1536.0,31.0,-9.443328158019703,-11.618638,-12.425183,-12.135048798864702
1537.0,2.0,3.7652107517096134,-2.442648,-2.006404,0.03032098209385481
1537.0,5.0,11.975564918247773,12.392201,10.794807,8.240675148632015
1537.0,6.0,3.5858707068400264,-10.509661,-6.135191,-0.14901906277573218
1537.0,12.0,1.3124021282556413,2.003876,2.810493,-2.4224876413601173
1537.0,19.0,8.293185734731567,4.173812,0.145742,4.558295965115809
1537.0,24.0,4.996642607622656,14.848459,11.59795,1.2617528380068972
1537.0,25.0,-4.121591905895945,-4.644171,-3.662088,-7.856481675511704
1537.0,29.0,-3.6808149018180645,-7.339009,-4.35124,-7.415704671433823
1537.0,31.0,-7.946991756405869,-13.660733,-12.517301,-11.681881526021627
1538.0,2.0,3.6539929218513976,0.858548,-2.056879,-1.5509124514359485
1538.0,5.0,11.89756732016863,10.033858,10.746335,6.692661946881284
1538.0,6.0,3.760913350338459,-1.116071,-6.209809,-1.443992022948887
1538.0,12.0,1.2198801901335887,4.950746,2.793846,-3.9850251831537573
1538.0,19.0,8.294216917444926,6.844952,0.055674,3.08931154415758
1538.0,24.0,5.149759068066992,13.446389,11.645629,-0.055146305220354463
1538.0,25.0,-4.057744152630834,2.658875,-3.646134,-9.26264952591818
1538.0,29.0,-3.5905607892146048,-3.856691,-4.29244,-8.79546616250195
1538.0,31.0,-4.478167033132114,-11.314686,-12.483626,-9.683072406419459
1539.0,2.0,3.786555885002443,-6.317493,-2.027355,-1.5776007013483184
1539.0,5.0,12.116862097175954,11.545102,10.704921,6.7527055108251925
1539.0,6.0,3.797572965942768,-3.937023,-6.162328,-1.566583620407993
1539.0,12.0,1.3117618988140958,4.505521,2.800119,-4.052394687536665
1539.0,19.0,8.434002726427924,-5.056469,0.069116,3.0698461400771624
1539.0,24.0,5.085472661543994,8.592236,11.586143,-0.2786839248067672
1539.0,25.0,-3.865109756557662,-0.977425,-3.613117,-9.229266342908424
1539.0,29.0,-3.6853782590786324,-5.350751,-4.269582,-9.049534845429394
1539.0,31.0,-4.7096754136482515,-9.450802,-12.421066,-10.073831999999012
1540.0,2.0,3.8429073687504705,-2.067934,-1.915305,0.6240912586493907
1540.0,5.0,12.022834306654346,9.845029,10.72888,8.804018196553265
1540.0,6.0,3.8033160457366115,-1.116443,-6.075948,0.5844999356355318
1540.0,12.0,1.3394205355731863,4.051497,2.904613,-1.8793955745278934
1540.0,19.0,8.365372706309753,-1.968558,0.095025,5.146556596208673
1540.0,24.0,4.9642782066160684,4.446036,11.566188,1.7454620965149887
1540.0,25.0,-3.8362148876873743,-1.057836,-3.500687,-7.055030997788454
1540.0,29.0,-3.610130856096779,-4.186471,-4.201287,-6.828946966197859
1540.0,31.0,-8.66462815129372,-7.530279,-12.360664,-11.8834442613948
1541.0,2.0,4.023516934104229,-1.894326,-1.790285,1.4269522868349487
1541.0,5.0,11.900900599051887,9.937801,10.719712,9.304335951782607
1541.0,6.0,3.9325054449929286,-6.509321,-5.969131,1.335940797723648
1541.0,12.0,1.3124752898074323,0.724266,3.009341,-1.2840893574618484
1541.0,24.0,5.094729090249713,14.216955,11.513965,2.498164442980432
1541.0,25.0,-3.8224468910710407,-6.460433,-3.36543,-6.419011538340321
1541.0,29.0,-3.5602667240464427,-7.286202,-4.108415,-6.1568313713157234
1541.0,31.0,-9.705746224242642,-13.868957,-12.254846,-12.302310871511922
1542.0,2.0,3.8244874650763254,0.128549,-1.635464,0.906447637687517
1542.0,5.0,12.091423454444385,14.117077,10.775078,9.173383627055577
1542.0,6.0,3.49863442520207,-7.620989,-5.865636,0.5805945978132616
1542.0,12.0,1.2858495284814673,1.914733,3.166912,-1.6321902989073411
1542.0,24.0,5.064982166226978,17.9845,11.517773,2.146942338838169
1542.0,25.0,-4.112368452389562,-2.863892,-3.206918,-7.030408279778371
1542.0,29.0,-3.786583082926234,-8.165162,-4.009491,-6.7046229103150425
1542.0,31.0,-10.046264788334248,-13.290921,-12.19119,-12.964304615723057
1543.0,2.0,3.9479634625629956,-4.577641,-1.612835,1.3845071656641696
1543.0,5.0,11.93750651323965,5.885309,10.794943,9.374050216340825
1543.0,6.0,3.3702170840200445,-5.491591,-5.860966,0.8067607871212186
1543.0,12.0,1.2674057299474422,-0.4016,3.202245,-1.2960505669513838
1543.0,19.0,8.315286543498974,5.601522,0.138248,5.751830246600148
1543.0,24.0,5.022953815899225,17.21761,11.539387,2.459497519000399
1543.0,25.0,-4.054266900416415,-6.634814,-3.176893,-6.617723197315241
1543.0,29.0,-3.538167260402517,-8.822745,-3.989795,-6.101623557301343
1543.0,31.0,-9.784138603014721,-14.883702,-12.191095,-12.347594899913547
1544.0,2.0,3.8186957845530944,1.070749,-1.608076,0.37886301699186564
1544.0,5.0,12.019930404934502,18.703392,10.816942,8.580097637373274
1544.0,6.0,3.5706246744301,-0.770369,-5.854245,0.130791906868871
1544.0,12.0,1.2559393606463818,5.435639,3.209311,-2.183893406914847
1544.0,19.0,8.273554221610944,-5.009402,0.159701,4.833721454049715
1544.0,24.0,4.98932522418103,3.076292,11.543832,1.5494924566198014
1544.0,25.0,-4.038888666419048,-0.420473,-3.185628,-7.478721433980277
1544.0,29.0,-3.658799150754483,-2.718085,-4.011169,-7.098631918315712
1544.0,31.0,-8.806014117879723,-12.769791,-12.214537,-12.245846885440951
1545.0,2.0,3.8192672928500517,-2.553012,-1.655839,0.4200322229820541
1545.0,5.0,11.945092422462462,10.790421,10.790962,8.545857352594464
1545.0,6.0,3.63466045292218,-5.888809,-5.897658,0.23542538305418237
1545.0,12.0,1.2637547905535307,3.137119,3.173632,-2.135480279314467
1545.0,19.0,8.326439596099512,-10.1952,0.12987,4.927204526231514
1545.0,24.0,5.030617074984589,16.537971,11.557463,1.631382005116591
1545.0,25.0,-4.069281148805888,-4.076795,-3.212771,-7.468516218673885
1545.0,29.0,-3.6998560701088756,-3.976215,-4.016112,-7.099091139976873
1545.0,31.0,-9.041444781030968,-15.677792,-12.218076,-12.440679850898967
1546.0,2.0,3.807769397274342,0.857432,-1.691016,0.3412915818825697
1546.0,5.0,12.125208481777083,13.108295,10.728655,8.65873066638531
1546.0,6.0,3.7019403541978555,0.573326,-5.893317,0.23546253880608337
1546.0,12.0,1.27318344209443,5.67288,3.11542,-2.1932943732973422
1546.0,19.0,8.328950965015476,5.797539,0.134687,4.862473149623704
1546.0,24.0,4.93803597385325,3.689054,11.497562,1.4715581584614776
1546.0,25.0,-4.028393705988566,-0.495661,-3.246451,-7.494871521380338
1546.0,29.0,-3.73674455924767,-0.036576,-4.036921,-7.2032223746394415
1546.0,31.0,-8.950774037456956,-12.787607,-12.184668,-12.417251852848729
1547.0,2.0,3.867304327069766,-2.2416,-1.691208,-0.20467848321901982
1547.0,5.0,11.932165513495374,16.129793,10.694748,7.860182703206588
1547.0,6.0,3.8827631451001032,-7.532532,-5.868826,-0.18921966518868238
1547.0,12.0,1.322860825478556,3.147076,3.09597,-2.7491219848102295
1547.0,24.0,5.068705008664715,15.231051,11.449346,0.9967221983759291
1547.0,25.0,-3.908644483449353,-1.942599,-3.250949,-7.980627293738138
1547.0,29.0,-3.5467150867295554,-5.882852,-4.044781,-7.618697897018341
1547.0,31.0,-7.504010269045301,-14.980933,-12.154552,-11.575993079334086
1548.0,2.0,3.807699648062922,-1.544987,-1.696221,-0.5641604757075065
1548.0,5.0,12.001999290423608,13.066042,10.682888,7.63013916665318
1548.0,6.0,3.81638830088259,-3.200313,-5.878222,-0.5554718228878386
1548.0,12.0,1.2698044227034648,5.595238,3.098359,-3.1020557010669636
1548.0,24.0,4.973475264767918,6.127833,11.455259,0.6016151409974899
1548.0,25.0,-3.8891192762842115,-1.137688,-3.240454,-8.26097940005464
1548.0,29.0,-3.767575295524124,-7.000285,-4.029709,-8.139435419294553
1548.0,31.0,-7.188196660953476,-7.75363,-12.141561,-11.560056784723905
1549.0,2.0,3.8075924491807136,-0.971262,-1.701907,0.07555476767772973
1549.0,5.0,12.026805479154913,9.894622,10.693347,8.294767797651929
1549.0,6.0,4.004794185214546,-8.840226,-5.872859,0.27275650371156246
1549.0,12.0,1.2132422298013115,3.338326,3.089844,-2.5187954517016724
1549.0,24.0,4.9574605033728645,13.403151,11.448245,1.2254228218698806
1549.0,25.0,-4.057539492960851,-5.045609,-3.261279,-7.789577174463835
1549.0,29.0,-3.8004331832046825,-1.661829,-4.05942,-7.532470864707666
1549.0,31.0,-8.669663898580435,-13.974508,-12.162423,-12.401701580083419
1550.0,2.0,3.708913200884684,2.847105,-1.696206,0.07738582239541447
1550.0,5.0,12.191061346997603,13.316227,10.740382,8.559533968508333
1550.0,6.0,4.090996250299424,-7.619768,-5.879678,0.45946887181015494
1550.0,12.0,1.291199676096264,5.802739,3.111379,-2.3403277023930054
1550.0,24.0,5.235889273889949,15.062972,11.483361,1.6043618954006797
1550.0,25.0,-3.9780406310480507,-0.33846,-3.268182,-7.60956800953732
1550.0,29.0,-3.788319172958965,4.274379,-4.080727,-7.419846551448234
1550.0,31.0,-8.858252128023352,-14.290012,-12.208911,-12.489779506512622
1551.0,2.0,4.007138698914581,1.728209,-1.686654,-0.8573772601592706
1551.0,5.0,12.146763837133829,11.398009,10.7885,7.2822478780599775
1551.0,6.0,4.282690592393289,-2.053997,-5.902747,-0.5818253666805626
1551.0,12.0,1.3019420974398557,5.665093,3.151848,-3.5625738616339957
1551.0,19.0,8.432094391018996,47.947174,0.163325,3.5675784319451447
1551.0,24.0,5.140305087591589,13.606801,11.545745,0.2757891285177374
1551.0,25.0,-3.616567455792439,-1.182709,-3.24997,-8.48108341486629
1551.0,29.0,-3.58482427333883,-0.961117,-4.069954,-8.44934023241268
1551.0,31.0,-6.61277521097352,-14.450069,-12.245286,-11.477291170047371
1552.0,2.0,3.4767204964016987,7.28968,-1.699382,-0.658097868915398
1552.0,5.0,11.30544212632081,11.947439,10.81161,7.1706237610037125
1552.0,6.0,2.84748662739051,0.337402,-5.949109,-1.2873317379265865
1552.0,12.0,3.414079805124093,8.523983,3.175431,-0.7207385601930039
1552.0,24.0,4.672570570659552,12.291511,11.61309,0.5377522053424553
1552.0,25.0,-4.538913382897068,4.638013,-3.23447,-8.673731748214164
1552.0,29.0,-3.256744164236677,1.497936,-4.044807,-7.391562529553774
1552.0,31.0,-7.330524566074895,-8.752536,-12.266758,-11.46534293139199
1553.0,2.0,3.5710278680401224,-4.844009,-1.678377,-0.9968288652629269
1553.0,5.0,11.531390818619894,6.99814,10.841527,6.963534085316844
1553.0,6.0,2.8930807386450894,-9.191215,-5.95656,-1.67477599465796
1553.0,12.0,3.482163063656838,1.117529,3.21899,-1.0856936696462114
1553.0,19.0,7.993275662981009,4.364232,0.110441,3.42541892967796
1553.0,24.0,4.729241780260518,18.131951,11.654978,0.16138504695746825
1553.0,25.0,-4.486950619496784,-6.99301,-3.200094,-9.054807352799834
1553.0,29.0,-3.2971657952006375,-12.531393,-4.018668,-7.865022528503687
1553.0,31.0,-6.405151151842455,-8.155752,-12.275181,-10.973007885145504
1554.0,2.0,3.4895158427870463,2.551622,-1.640096,0.11904157676264626
1554.0,5.0,11.538697123129392,10.394952,10.88877,8.168222857104992
1554.0,6.0,2.5912810563641893,-4.514981,-5.913359,-0.7791932096602108
1554.0,12.0,3.2650382951436097,5.016653,3.249322,-0.10543597088079038
1554.0,24.0,4.5301129246653264,9.189583,11.64486,1.1596386586409264
1554.0,25.0,-4.777043300054841,-0.984352,-3.198774,-8.147517566079241
1554.0,29.0,-3.39695116603397,-5.852823,-4.052564,-6.767425432058371
1554.0,31.0,-8.280341364257708,-6.356838,-12.306844,-11.650815630282109
1555.0,2.0,3.3131605734595535,-0.91493,-1.684114,0.7990564875496293
1555.0,5.0,10.821741957037023,13.608363,10.893457,8.307637871127099
1555.0,6.0,2.97097365537115,-4.964039,-5.941482,0.4568695694612259
1555.0,12.0,3.527340057163604,3.652801,3.209767,1.01323597125368
1555.0,24.0,4.585868722153325,4.660347,11.652047,2.071764636243401
1555.0,25.0,-4.769036862631507,-3.1385,-3.254159,-7.283140948541432
1555.0,29.0,-3.3437179821607015,0.549104,-4.101937,-5.857822068070625
1555.0,31.0,-9.845417434489072,-15.318116,-12.349554,-12.359521520398996
1556.0,2.0,3.453757838618591,-5.038252,-1.713041,1.0757286674184394
1556.0,5.0,11.628490358538599,10.036487,10.902781,9.250461187338448
1556.0,6.0,3.073692967769814,-8.428126,-5.947235,0.6956637965696624
1556.0,12.0,3.5525198907172673,-0.552862,3.175297,1.1744907195171157
1556.0,24.0,4.56957944309967,9.877981,11.641317,2.1915502718995183
1556.0,25.0,-4.587409296389084,-5.07627,-3.307627,-6.965438467589236
1556.0,29.0,-3.3954975349646332,-11.071886,-4.160062,-5.773526706164785
1556.0,31.0,-9.940941079970575,-9.947308,-12.390518,-12.318970251170725
1557.0,2.0,3.606734223999158,-7.054455,-1.700522,0.26658380226030687
1557.0,5.0,11.709501906712571,11.156178,10.931185,8.36935148497372
1557.0,6.0,2.818877753061024,-7.068046,-5.932512,-0.5212726686778275
1557.0,12.0,3.430448039095362,1.466011,3.188227,0.09029761735651043
1557.0,24.0,4.338757519011816,9.980472,11.643322,0.9986070972729646
1557.0,25.0,-4.478628221046994,-7.332663,-3.313833,-7.818778642785845
1557.0,29.0,-3.4803028236523534,-9.13317,-4.184167,-6.820453245391205
1557.0,31.0,-8.208360624587522,-14.478991,-12.416381,-11.548511046326373
1558.0,2.0,3.591867278065804,5.215965,-1.691515,-1.0516382126403965
1558.0,5.0,11.763602781066542,13.305748,10.958754,7.1200972903603414
1558.0,6.0,2.7417440642451343,-4.014108,-5.953079,-1.901761426461066
1558.0,12.0,3.437229403563311,9.941061,3.224184,-1.2062760871428893
1558.0,24.0,4.550515107224008,4.343239,11.693245,-0.09299038348219213
1558.0,25.0,-4.672995012547332,3.841076,-3.286947,-9.316500503253533
1558.0,29.0,-3.649831896852243,5.156976,-4.159571,-8.293337387558443
1558.0,31.0,-6.7442776541714915,-8.527295,-12.429812,-11.387783144877691
1559.0,2.0,3.5359581997661103,1.770257,-1.649327,-0.14424486953025362
1559.0,5.0,11.68835171116309,16.106022,11.006554,8.008148641866725
1559.0,6.0,2.7126717562549993,-1.366402,-5.978711,-0.9675313130413645
1559.0,12.0,3.600554863492434,9.501319,3.315786,-0.07964820580393006
1559.0,24.0,4.5733732579213395,10.265259,11.786457,0.8931701886249757
1559.0,25.0,-4.664425162572939,3.479361,-3.201156,-8.344628231869303
1559.0,29.0,-3.546444558670964,-3.688783,-4.078811,-7.226647627967328
1559.0,31.0,-7.933264607841549,-11.065425,-12.427654,-11.613467677137912
1560.0,2.0,3.401767387557335,-3.835117,-1.60046,-0.13004134470895057
1560.0,5.0,11.564398124750255,10.977053,11.073233,8.03258939248397
1560.0,6.0,2.5350274013429557,-6.766445,-5.940021,-0.99678133092333
1560.0,12.0,3.5834156603241194,-0.10897,3.367396,0.051606928057833734
1560.0,19.0,8.071629324389628,-20.458883,0.217363,4.539820592123342
1560.0,24.0,4.562297274510115,18.689085,11.799635,1.0304885422438295
1560.0,25.0,-4.727688741017383,-4.851093,-3.185583,-8.25949747328367
1560.0,29.0,-3.5787336033762682,-6.977328,-4.102134,-7.110542335642554
1560.0,31.0,-8.319342878357283,-15.818156,-12.468609,-11.851151610623567
1561.0,2.0,3.4344234572288155,-2.217431,-1.596436,0.3946729023067519
1561.0,5.0,11.654476236992672,9.107652,11.106305,8.614725682070608
1561.0,6.0,2.765649579677376,-9.739333,-5.935473,-0.27410097524468746
1561.0,12.0,3.64225261716369,-0.778154,3.37623,0.6025020622416264
1561.0,19.0,8.07018784374663,-10.954776,0.243922,5.030437288824567
1561.0,24.0,4.5031601706552316,15.476914,11.811195,1.463409615733168
1561.0,25.0,-4.56749843095038,-5.38363,-3.199906,-7.6072489858724435
1561.0,29.0,-3.621847717623531,-3.846878,-4.131737,-6.661598272545595
1561.0,31.0,-8.64359721872517,-11.505812,-12.505202,-11.683347773647233
1562.0,2.0,3.5167441252351423,-4.376091,-1.605286,0.5158150378625574
1562.0,5.0,11.851032300143249,9.965042,11.119675,8.850103212770664
1562.0,6.0,3.3577549292447078,-2.96851,-5.954499,0.35682584187212285
1562.0,12.0,3.778282486693792,3.423046,3.382968,0.777353399321207
1562.0,19.0,8.091495612470808,-16.631559,0.235147,5.0905665250982235
1562.0,24.0,4.516879867615671,14.515924,11.838163,1.5159507802430863
1562.0,25.0,-4.488805814068476,-3.381423,-3.201313,-7.489734901441061
1562.0,29.0,-3.7399693658110493,-1.681717,-4.132474,-6.740898453183634
1562.0,31.0,-8.957944803004182,-16.025107,-12.522484,-11.958873890376767
1563.0,2.0,3.4449663743057357,1.55796,-1.639424,-0.14354842029397563
1563.0,5.0,11.762904684279455,11.646376,11.076531,8.174389889679745
1563.0,6.0,3.542715058331238,-6.050144,-5.979414,-0.045799736268473445
1563.0,12.0,3.730006986888613,4.534605,3.351456,0.14149219228890164
1563.0,19.0,8.108782785770105,33.197943,0.206918,4.520267991170393
1563.0,24.0,4.6663336261224,5.152516,11.829514,1.0778188315226886
1563.0,25.0,-4.592939332380189,0.385834,-3.21191,-8.1814541269799
1563.0,29.0,-3.7114023539462364,-6.383573,-4.123205,-7.299917148545948
1563.0,31.0,-8.789085547511261,-5.853311,-12.498208,-12.377600342110973
1564.0,2.0,3.566207442126599,1.045332,-1.663904,-0.5336639665891365
1564.0,5.0,11.643488988545567,14.620075,11.018806,7.5436175798298315
1564.0,6.0,3.893322867153424,-8.6256,-5.955898,-0.20654854156231117
1564.0,12.0,3.701487601923297,4.194729,3.294123,-0.3983838067924381
1564.0,24.0,4.469256440776011,4.871278,11.752757,0.3693850320602756
1564.0,25.0,-4.380306552312539,-0.887907,-3.248963,-8.480177961028275
1564.0,29.0,-3.6836041907198807,1.662669,-4.156633,-7.783475599435616
1564.0,31.0,-7.277440271625748,-12.338427,-12.466768,-11.377311680341483
1565.0,2.0,3.6769333636120383,1.983985,-1.685514,0.07936671872473378
1565.0,5.0,11.522360615440203,17.831123,10.939922,7.924793970552898
1565.0,6.0,3.22918650421418,-2.239079,-5.948632,-0.3683801406731244
1565.0,12.0,3.7082734579287155,10.369323,3.252229,0.11070681304141106
1565.0,24.0,4.435407204632593,7.919757,11.693296,0.8378405597452887
1565.0,25.0,-4.340268353040637,2.897499,-3.249418,-7.937834997927942
1565.0,29.0,-3.62784582486955,0.721776,-4.139582,-7.225412469756854
1565.0,31.0,-7.3021998244674435,-13.186571,-12.399634,-10.899766469354748
1566.0,2.0,3.3769564512954595,4.670838,-1.709315,-0.4666864000081734
1566.0,5.0,11.661652237050223,11.420245,10.875253,7.81800938574659
1566.0,6.0,4.208354141883209,-3.376232,-5.95168,0.3647112905795762
1566.0,12.0,3.8163921230661373,6.52812,3.216609,-0.027250728237495636
1566.0,19.0,8.198089202764027,45.11635,0.194335,4.354446351460394
1566.0,24.0,4.493621112826812,19.094027,11.652774,0.6499782615231791
1566.0,25.0,-4.57630861970921,0.250159,-3.251231,-8.419951471012844
1566.0,29.0,-3.69130852104319,-6.556797,-4.12389,-7.534951372346823
1566.0,31.0,-7.975602639850282,-12.059226,-12.347491,-11.819245491153914
1567.0,2.0,3.569257333336786,-11.811728,-1.680277,-0.5113144009436628
1567.0,5.0,11.93601550667412,7.17969,10.870141,7.855443772393672
1567.0,6.0,3.9113117421190857,-7.17097,-5.932446,-0.16925999216136312
1567.0,12.0,3.7586506855736026,-1.530034,3.247638,-0.32192104870684624
1567.0,19.0,8.095952251346144,-9.047974,0.189449,4.0153805170656955
1567.0,24.0,4.611727146142558,13.281936,11.648252,0.5311554118621089
1567.0,25.0,-4.336372078662615,-12.352378,-3.209684,-8.416943812943064
1567.0,29.0,-3.8100581438431487,-9.041716,-4.091049,-7.8906298781235975
1567.0,31.0,-7.527626909348848,-17.626015,-12.316447,-11.608198643629297
1568.0,2.0,3.5668631056803655,1.190913,-1.590623,1.2890611276264847
1568.0,5.0,11.912428023989865,14.199094,10.890958,9.634626045935985
1568.0,6.0,3.7540831709292526,-6.664875,-5.848186,1.4762811928753719
1568.0,12.0,3.8886412451788246,3.634306,3.319493,1.6108392671249439
1568.0,19.0,8.161713311405922,12.218958,0.234584,5.883911333352041
1568.0,24.0,4.5226183167455964,10.932342,11.610461,2.2448163386917157
1568.0,25.0,-4.4677037323038915,-3.386756,-3.137097,-6.745505710357772
1568.0,29.0,-3.7566009881971376,-4.888435,-4.061212,-6.034402966251019
1568.0,31.0,-9.969526542081056,-14.583304,-12.27617,-12.247328520134936
1569.0,2.0,3.4838341537757795,0.649665,-1.485383,0.661911187399502
1569.0,5.0,12.011021085145906,9.984555,10.828555,9.189098118769628
1569.0,6.0,3.1972423625029833,-6.494256,-5.709759,0.37531939612670584
1569.0,12.0,3.8572621796787843,3.666985,3.363434,1.0353392133025068
1569.0,19.0,8.160522960910885,16.193169,0.288634,5.338599994534608
1569.0,24.0,4.55554122272086,11.829333,11.473016,1.7336182563445828
1569.0,25.0,-4.7088621818592244,-2.604677,-3.044427,-7.530785148235502
1569.0,29.0,-3.847868985552296,-3.74241,-4.008178,-6.669791951928573
1569.0,31.0,-9.615747800860813,-11.998529,-12.14234,-12.43767076723709
1570.0,2.0,3.5342020131033216,-2.82665,-1.414971,0.6804675189784994
1570.0,5.0,12.058199907603647,3.85238,10.677399,9.204465413478825
1570.0,6.0,2.8614844032903033,-5.455796,-5.633001,0.007749909165481128
1570.0,12.0,3.8136123026008057,2.980573,3.396649,0.9598778084759836
1570.0,19.0,8.129536458414183,0.573956,0.226012,5.275801964289361
1570.0,24.0,4.46630698240682,11.016456,11.359558,1.612572488281998
1570.0,25.0,-4.768826331594812,-4.788182,-2.897903,-7.622560825719634
1570.0,29.0,-4.028258005176916,-3.954129,-3.847869,-6.881992499301738
1570.0,31.0,-10.007800651309331,-9.586268,-11.914642,-12.861535145434154
1571.0,2.0,3.758693614219288,-3.036971,-1.475183,0.2404886003075304
1571.0,5.0,12.019988576369219,13.47147,10.464843,8.501783562457462
1571.0,6.0,3.351870252082774,-8.720456,-5.647739,-0.16633476182898344
1571.0,12.0,3.908344760162823,2.614699,3.302118,0.3901397462510654
1571.0,19.0,8.126980978337457,-9.41314,0.126541,4.6087759644257
1571.0,24.0,4.4371873361509255,8.605742,11.24505,0.918982322239168
1571.0,25.0,-4.505596432260554,-3.596643,-2.869586,-8.023801446172312
1571.0,29.0,-3.8459469688493333,-2.52387,-3.751847,-7.364151982761091
1571.0,31.0,-8.355632917411244,-11.231934,-11.721631,-11.873837931323001
1572.0,2.0,3.656218380490058,-3.14517,-1.471724,0.8370609003048708
1572.0,5.0,12.017909451746249,14.824516,10.373398,9.198751971561062
1572.0,6.0,3.222997567569566,-5.930644,-5.638021,0.4038400873843786
1572.0,12.0,3.828448133664992,5.102215,3.294353,1.0092906534798045
1572.0,19.0,8.042637454078315,-5.335963,0.076409,5.223479973893128
1572.0,24.0,4.215995614369165,9.881688,11.197538,1.3968381341839775
1572.0,25.0,-4.5971105533481245,-3.377732,-2.815995,-7.416268033533312
1572.0,29.0,-3.8353676870828846,-2.965317,-3.676585,-6.654525167268072
1572.0,31.0,-9.368813056992991,-13.503355,-11.612022,-12.187970537178177
1573.0,2.0,3.5873733268216146,-2.49218,-1.547005,0.3633706376659873
1573.0,5.0,11.87664282558331,9.638669,10.311473,8.652640136427683
1573.0,6.0,3.4896715053870473,-7.757192,-5.736699,0.26566881623142
1573.0,12.0,3.7506880714731707,3.531522,3.25868,0.5266853823175435
1573.0,19.0,8.031675290016302,-3.627618,-0.032214,4.807672600860675
1573.0,24.0,4.434379888461617,15.44246,11.253828,1.2103771993059897
1573.0,25.0,-4.779927510052538,-0.9878,-2.813892,-8.003930199208165
1573.0,29.0,-3.915193626738687,-3.863961,-3.61804,-7.139196315894314
1573.0,31.0,-9.26152652575251,-9.469569,-11.579546,-12.485529214908137
1574.0,2.0,3.647906233745731,-2.198159,-1.670774,-1.2500221142017747
1574.0,5.0,11.715975794699101,13.679793,10.222217,6.818047446751596
1574.0,6.0,3.453353190730123,-6.825104,-5.895989,-1.4445751572173826
1574.0,12.0,3.558599444252337,2.063877,3.196722,-1.3393289036951685
1574.0,24.0,4.5552145869014,-0.19622,11.346521,-0.34271376104610596
1574.0,25.0,-4.778903489760806,-1.861496,-2.822988,-9.676831837708312
1574.0,29.0,-3.776525666724188,-2.346245,-3.537701,-8.674454014671694
1574.0,31.0,-7.8245394269731,-9.884257,-11.542764,-12.722467774920606
1575.0,2.0,3.9632046381817005,-14.248204,-1.718835,-0.7865244778287384
1575.0,5.0,11.668897218966343,6.443157,10.145934,6.919168102955904
1575.0,6.0,3.934393422329377,-18.951136,-6.022369,-0.8153356936810621
1575.0,12.0,3.316909511789781,-4.521889,3.222885,-1.4328196042206578
1575.0,24.0,4.66272645653061,52.907207,11.459554,-0.08700265947982899
1575.0,25.0,-4.51018042128079,-10.889836,-2.727376,-9.259909537291229
1575.0,29.0,-3.793064008094124,-10.573895,-3.368002,-8.542793124104563
1575.0,31.0,-8.204464212655344,-20.205343,-11.449809,-12.954193328665783
1576.0,2.0,3.880395046106857,-3.953736,-1.67534,-2.5849418491932834
1576.0,5.0,11.081054523757228,7.936678,10.064711,4.615717628457087
1576.0,6.0,3.537699445116388,-8.197668,-6.061243,-2.9276374501837523
1576.0,12.0,3.203765402919334,3.489121,3.315177,-3.2615714923808063
1576.0,19.0,7.589426496174147,11.143823,-0.552576,1.1240896008740062
1576.0,25.0,-4.7818998538866015,-3.617844,-2.54633,-11.247236749186742
1576.0,29.0,-3.61083268732272,-1.420029,-3.145675,-10.07616958262286
1576.0,31.0,-6.501218343623364,-13.283374,-11.285251,-12.966555238923505
1577.0,2.0,3.8388139072921987,-4.979456,-1.695422,-0.8156028233785388
1577.0,5.0,8.501870852336413,6.333509,9.934104,3.8474541216656757
1577.0,6.0,3.219563822873315,-9.14245,-6.219818,-1.4348529077974224
1577.0,12.0,2.9482268115642185,-0.742829,3.404185,-1.706189919106519
1577.0,19.0,7.428859671445352,-5.486058,-0.861984,2.7744429407746143
1577.0,24.0,5.253155344008173,25.605112,11.679912,0.598738613337435
1577.0,25.0,-4.693765286570975,-7.750504,-2.326596,-9.348182017241712
1577.0,29.0,-3.3394076367223544,-4.393854,-2.819633,-7.993824367393092
1577.0,31.0,-4.877812284450882,-21.574741,-11.080931,-9.532229015121619
1578.0,2.0,3.558601459902377,3.500373,-1.692692,-0.5567981030356801
1578.0,5.0,7.703057879257333,10.212373,9.829314,3.587658316319276
1578.0,6.0,2.3672523876092733,-2.034224,-6.229676,-1.7481471753287838
1578.0,12.0,2.6787343830964634,6.253491,3.40975,-1.4366651798415937
1578.0,24.0,5.464768429731389,9.053741,11.654461,1.3493688667933323
1578.0,25.0,-4.968157872250826,-0.583531,-2.244485,-9.083557435188883
1578.0,29.0,-2.86001213458613,-0.851734,-2.703095,-6.975411697524187
1578.0,31.0,-4.1369604051555315,-11.062019,-10.947328,-8.25235996809359
1579.0,2.0,3.560777980117443,2.288517,-1.677107,-0.6384215443474899
1579.0,5.0,6.9429454582192225,10.271716,9.671814,2.7437459337542895
1579.0,6.0,2.1791190674812686,-6.266337,-6.209484,-2.0200804569836643
1579.0,12.0,2.6001058663352588,4.870986,3.405338,-1.5990936581296742
1579.0,19.0,7.006865680206078,28.628093,-1.043583,2.8076661557411446
1579.0,24.0,5.5699960181991255,15.609981,11.574439,1.3707964937341925
1579.0,25.0,-4.783155053055763,1.307392,-2.139142,-8.982354577520695
1579.0,29.0,-2.3109512442351017,-1.496798,-2.559207,-6.510150768700035
1579.0,31.0,-3.323820279758837,-10.728333,-10.749199,-7.52301980422377
1580.0,2.0,2.639237833851781,2.826059,-1.817102,-0.8312866482038417
1580.0,5.0,4.962419656271853,11.199745,9.369431,1.4918951742162307
1580.0,6.0,2.28544143664079,-5.139931,-6.378026,-1.185083045414833
1580.0,12.0,2.5876928666986805,7.007792,3.306604,-0.8828316153569422
1580.0,24.0,5.852767888247863,12.727126,11.579426,2.38224340619224
1580.0,25.0,-4.992483746136714,2.921394,-2.041872,-8.463008228192336
1580.0,29.0,-1.5199615926067445,3.266732,-2.30202,-4.990486074662368
1580.0,31.0,-1.29466278382582,-14.130064,-10.471269,-4.765187265881442
1581.0,2.0,2.396964829661485,-1.08532,-1.891499,0.14602237072402335
1581.0,5.0,3.4389290579031986,7.119765,9.152239,1.187986598965737
1581.0,6.0,2.6500857811322938,-7.695246,-6.416705,0.3991433221948322
1581.0,12.0,2.540893495772491,1.821807,3.209203,0.28995103683502954
1581.0,19.0,6.769224251219553,-14.823885,-1.475903,4.5182817922820915
1581.0,24.0,5.945174518778591,18.640726,11.485715,3.69423205984113
1581.0,25.0,-5.016402573176988,-4.980365,-2.012314,-7.2673450321144495
1581.0,29.0,-1.5287716891431233,-2.936637,-2.193093,-3.779714148080585
1581.0,31.0,-1.5242676262030486,-11.156981,-10.278168,-3.77521008514051
1582.0,2.0,2.261162477564813,-2.876848,-1.973577,1.3339814626356379
1582.0,5.0,2.013177178734068,8.069263,9.024212,1.085996163804893
1582.0,6.0,2.7274827039714173,-7.147534,-6.497328,1.800301689042242
1582.0,12.0,2.47671384480548,-0.160035,3.142511,1.5495328298763047
1582.0,19.0,5.221150606196893,-1.440415,-1.594537,4.293969591267718
1582.0,24.0,6.06150162361523,2.065836,11.483013,5.134320608686055
1582.0,25.0,-5.197758393151604,-4.474408,-2.004317,-6.124939408080779
1582.0,29.0,-1.5152209385860855,-3.478459,-2.115947,-2.442401953515261
1582.0,31.0,-1.3187033157899828,-8.285622,-10.182067,-2.245884330719158
1583.0,2.0,2.315052693823657,-2.326513,-2.108329,1.2593162021719355
1583.0,5.0,1.6142441636543996,8.766266,8.87829,0.5585076720026783
1583.0,6.0,3.146277221082526,-8.614632,-6.59826,2.0905407294308045
1583.0,12.0,2.4284645721239375,2.169138,3.011627,1.3727280804722162
1583.0,19.0,5.0541743728594355,0.170831,-1.697763,3.998437881207714
1583.0,24.0,6.22409017323708,14.972794,11.458945,5.168353681585359
1583.0,25.0,-5.065514302804283,-2.189028,-2.066821,-6.121250794456005
1583.0,29.0,-1.640844482254061,-3.508255,-2.096984,-2.6965809739057827
1583.0,31.0,-1.4698753528401864,-12.084966,-10.115691,-2.525611844491908
1584.0,2.0,2.3359015211733407,-4.468414,-2.092212,1.4913477468633798
1584.0,5.0,1.7665064350788349,6.1706,8.899965,0.9219526607688739
1584.0,6.0,2.915026425785154,-8.572565,-6.592298,2.070472651475193
1584.0,12.0,2.3976900573602844,0.484628,3.036165,1.5531362830503235
1584.0,19.0,5.079223277180535,1.849758,-1.690474,4.234669502870574
1584.0,24.0,6.136837088126185,9.67872,11.473575,5.292283313816224
1584.0,25.0,-4.896799396784195,-1.038825,-2.052142,-5.741353171094156
1584.0,29.0,-1.7737578466798607,-2.964148,-2.093981,-2.6183116209898216
1584.0,31.0,-1.8214610141455716,-10.333543,-10.125317,-2.6660147884555325
1585.0,2.0,2.3675690731887453,1.122624,-2.124267,1.402173152890526
1585.0,5.0,1.8318919255164197,7.695289,8.929304,0.8664960052182001
1585.0,6.0,2.818705218383137,-5.540907,-6.632545,1.8533092980849175
1585.0,12.0,2.414052919512347,4.056345,3.026642,1.4486569992141276
1585.0,19.0,5.357103454520587,-7.820267,-1.695079,4.391707534222367
1585.0,24.0,6.2201750523140475,13.36483,11.51853,5.254779132015828
1585.0,25.0,-5.000137238058658,-4.209552,-2.085209,-5.965533158356878
1585.0,29.0,-1.7283513894788367,1.166697,-2.123104,-2.693747309777056
1585.0,31.0,-1.7775159099916156,-7.679826,-10.178635,-2.742911830289835
1586.0,2.0,2.273385441127564,-0.966464,-2.131429,1.4645068726736103
1586.0,5.0,1.7668641921562545,7.426837,8.955185,0.9579856237023008
1586.0,6.0,2.8366903733220887,-6.808048,-6.651355,2.027811804868135
1586.0,12.0,2.5226459260963203,-0.457488,3.036769,1.7137673576423667
1586.0,19.0,5.262071842804598,-6.523943,-1.696934,4.453193274350644
1586.0,24.0,6.241521623474197,16.50074,11.551562,5.432643055020243
1586.0,25.0,-5.037130528262329,2.900229,-2.091135,-5.846009096716283
1586.0,29.0,-1.7353482413830932,-2.037815,-2.132284,-2.544226809837047
1586.0,31.0,-2.3094568092696512,-9.096588,-10.208889,-3.118335377723605
1587.0,2.0,2.528574146098576,-1.012154,-2.152199,1.6374206453393525
1587.0,5.0,2.2439835905922356,7.20964,8.906818,1.3528300898330123
1587.0,6.0,2.583575441261903,-13.16989,-6.641778,1.69242194050268
1587.0,12.0,2.6330414396562514,1.456855,2.996506,1.741887938897028
1587.0,19.0,5.372704455705275,0.694312,-1.690863,4.4815509549460515
1587.0,24.0,6.1792709681750075,17.923686,11.501789,5.288117467415784
1587.0,25.0,-4.909169488089298,-2.09097,-2.111407,-5.800322988848522
1587.0,29.0,-1.5802620606475792,-1.685289,-2.145157,-2.4714155614068023
1587.0,31.0,1.0355109196519052,-15.629045,-10.178369,0.14435741889268194
1588.0,2.0,2.532577234032196,2.452985,-2.239654,1.8204607296104582
1588.0,5.0,1.9324695484116932,14.405991,8.703979,1.2203530439899553
1588.0,6.0,2.652078573461023,-8.512655,-6.620428,1.9399620690392851
1588.0,12.0,2.533477205966366,8.943226,2.832098,1.8213607015446283
1588.0,19.0,6.080855933855908,-4.126175,-1.698083,5.36873942943417
1588.0,24.0,6.2572679080120785,15.477119,11.316556,5.54515140359034
1588.0,25.0,-5.050171455754306,-2.353565,-2.184192,-5.762287960176044
1588.0,29.0,-1.7206275179656272,1.383181,-2.1694,-2.4327440223873653
1589.0,2.0,2.5472815011442247,-1.234019,-2.214919,1.5802448906354936
1589.0,5.0,1.9179096585333069,5.058576,8.56755,0.9508730480245757
1589.0,6.0,2.8216321684086925,-7.185464,-6.562298,1.8545955578999613
1589.0,12.0,2.628915199151809,1.207145,2.812192,1.6618785886430778
1589.0,19.0,5.713910695288499,1.646844,-1.728753,4.746874084779768
1589.0,24.0,6.279904553562014,8.965682,11.197667,5.312867943053283
1589.0,25.0,-5.093181887579684,2.465954,-2.116553,-6.060218498088415
1589.0,29.0,-1.6997584211071173,-1.102485,-2.085513,-2.666795031615848
1589.0,31.0,1.7606581713000278,-11.523979,-9.877803,0.7936215607912966
1590.0,2.0,2.777454391573288,-0.348817,-2.146594,2.282815140190408
1590.0,5.0,2.3182515246329842,7.270525,8.497198,1.823612273250104
1590.0,6.0,3.761234429841668,-0.129202,-6.490586,3.266595178458788
1590.0,12.0,2.5160221754716394,0.829311,2.852819,2.0213829240887593
1590.0,19.0,4.411356159153492,-2.794526,-1.742014,3.9167169077706117
1590.0,24.0,6.04265799567939,3.241333,11.12214,5.54801874429651
1590.0,25.0,-4.5524155608845085,-2.03213,-2.017693,-5.047054812267389
1590.0,29.0,-1.5323194573593009,-1.506771,-1.995379,-2.026958708742181
1590.0,31.0,-1.6509284182759183,-8.894855,-9.746661,-2.1455676696587984
1591.0,2.0,4.483217673542036,20.995841,-1.801368,1.2321504739579408
1591.0,5.0,6.286937705258417,12.827376,8.648878,3.0358705056743216
1591.0,6.0,6.2699993928076445,37.205362,-6.226097,3.018932193223549
1591.0,12.0,2.828333263577754,5.948859,3.173285,-0.42273393600634135
1591.0,19.0,5.532152299923515,-9.478718,-1.616486,2.28108510033942
1591.0,24.0,5.981952106449501,12.664699,11.086762,2.730884906865406
1591.0,25.0,-0.326703639867473,22.819062,-1.721742,-3.5777708394515684
1591.0,29.0,-1.759556425916509,2.041507,-1.850515,-5.010623625500605
1591.0,31.0,-1.82270763751099,-5.88102,-9.650537,-5.073774837095085
1592.0,2.0,2.9647725816490436,-3.253801,-1.472624,-0.048750627202632124
1592.0,5.0,7.170026608191554,8.648775,8.856025,4.156503399339878
1592.0,6.0,3.1259554543485635,-9.415877,-6.003587,0.1124322454968878
1592.0,12.0,2.798990756108693,-0.014079,3.508329,-0.21453245274298283
1592.0,29.0,-1.5677883386115035,-2.987751,-1.724182,-4.581311547463179
1592.0,31.0,-1.9925475759589162,-10.388279,-9.620924,-5.006070784810592
1593.0,2.0,2.607708259453891,-0.63744,-1.321795,2.099157950941338
1593.0,5.0,2.1614105360641407,6.419378,8.848723,1.6528602275515876
1593.0,6.0,4.302183350654911,-4.27441,-5.854923,3.793633042142358
1593.0,12.0,2.7570471519292115,5.225104,3.616076,2.2484968434166586
1593.0,19.0,5.850802626429921,3.06585,-1.443171,5.342252317917368
1593.0,24.0,6.098666837374532,8.718832,11.027908,5.590116528861979
1593.0,25.0,-4.801504442446788,-2.021281,-1.306776,-5.310054750959341
1593.0,29.0,-1.5850690823021685,-0.307835,-1.64518,-2.0936193908147214
1593.0,31.0,-1.409943616101219,-5.454457,-9.505054,-1.9184939246137722
1594.0,2.0,2.517283624810645,0.31321,-1.242894,2.145032173281657
1594.0,5.0,2.048893654922515,11.764874,8.887438,1.676642203393527
1594.0,6.0,3.108683961683747,-8.535802,-5.756022,2.736432510154759
1594.0,12.0,2.805073652950883,4.808644,3.660827,2.432822201421895
1594.0,19.0,6.5654931246339885,-0.362505,-1.351727,6.193241673105001
1594.0,24.0,6.454018320557026,13.415598,10.966513,6.081766869028038
1594.0,25.0,-4.872725702559668,0.506807,-1.282991,-5.244977154088656
1594.0,29.0,-1.606150745974551,-2.007448,-1.675871,-1.9784021975035389
1594.0,31.0,-0.7049563498855962,-10.314386,-9.504582,-1.077207801414584
1595.0,2.0,2.4782580370298284,-3.516131,-1.083069,1.7604039698770535
1595.0,5.0,2.1572308863558414,6.654814,9.043892,1.4393768192030665
1595.0,6.0,2.7998375796202915,-11.591693,-5.680697,2.0819835124675166
1595.0,12.0,2.845762754869895,-1.350007,3.857199,2.1279086877171203
1595.0,19.0,6.616011783300483,-0.775836,-1.306267,5.898157716147708
1595.0,24.0,6.432477241893883,15.19784,11.053972,5.714623174741108
1595.0,25.0,-4.909015711714745,-4.167736,-1.143021,-5.62686977886752
1595.0,29.0,-1.6036096127092234,-3.950186,-1.614325,-2.3214636798619983
1595.0,31.0,-1.8960689506397053,-10.446364,-9.541829,-2.61392301779248
1596.0,2.0,2.6903697231010177,1.267388,-0.837796,1.3888880491100775
1596.0,5.0,2.3205899442144835,7.960839,9.317147,1.0191082702235432
1596.0,6.0,3.7617312601899116,-5.718389,-5.613167,2.4602495861989713
1596.0,12.0,2.8585800267679478,3.763299,4.199163,1.5570983527770075
1596.0,19.0,6.670400144876723,-2.179644,-1.288243,5.368918470885783
1596.0,24.0,6.430837731883404,13.60238,11.270748,5.129356057892464
1596.0,25.0,-4.9853036125273515,-3.240194,-0.895053,-6.286785286518292
1596.0,29.0,-2.1553893523491987,-0.509287,-1.475118,-3.456871026340139
1596.0,31.0,-1.839484468541098,-11.237241,-9.617451,-3.1409661425320383
1597.0,2.0,2.7033884716714924,1.365866,-1.386648,1.6204977238439517
1597.0,5.0,1.8063378647814528,11.004543,8.955446,0.7234471169539121
1597.0,6.0,5.866566237476862,0.917611,-5.784734,4.783675489649321
1597.0,12.0,2.961073058347548,4.70674,3.484458,1.8781823105200073
1597.0,19.0,5.386640005764988,1.577311,-1.184607,4.303749257937447
1597.0,24.0,6.690795120427159,9.355076,10.921127,5.607904372599618
1597.0,25.0,-5.326063918473521,-2.771012,-1.568106,-6.408954666301062
1597.0,29.0,-2.0053675330206726,-1.903197,-1.98431,-3.0882582808482133
1597.0,31.0,-2.3469039562950464,-16.592084,-9.73638,-3.429794704122587
1598.0,2.0,4.444883931533507,8.169552,-2.081093,2.0741609200537976
1598.0,5.0,7.790523218622305,14.229724,8.859086,5.419800207142595
1598.0,6.0,5.680478278953043,-20.798735,-6.068252,3.3097552674733333
1598.0,12.0,2.9396122808389897,5.355988,2.668474,0.5688892693592802
1598.0,19.0,4.23890550150775,-1.817926,-0.907533,1.8681824900280404
1598.0,24.0,6.382814379950881,17.746873,10.724408,4.012091368471172
1598.0,25.0,-4.379017946839863,-2.766577,-2.561595,-6.749740958319572
1598.0,29.0,-2.9207724675403846,-2.453478,-2.856142,-5.291495479020094
1599.0,2.0,3.929580282295017,-8.741201,-2.39647,1.0383566180651194
1599.0,5.0,6.196563120825271,8.220947,8.873233,3.305339456595373
1599.0,6.0,5.945469728367161,-7.178113,-6.30648,3.0542460641372635
1599.0,12.0,3.1432654636679054,-1.573909,2.394053,0.25204179943800753
1599.0,19.0,5.265782073298421,-1.181374,-0.909388,2.3745584090685234
1599.0,24.0,6.452216629548735,8.740553,10.817829,3.560992965318837
1599.0,25.0,-1.757687315488515,0.623796,-2.922496,-4.648910979718413
1599.0,29.0,-2.1063339272728907,-6.323043,-3.13471,-4.9975575915027886
1599.0,31.0,-0.8333095293865327,-10.689945,-10.562995,-3.7245331936164305
1600.0,2.0,2.825478737444679,-5.298775,-2.544845,-1.3373842880887787
1600.0,5.0,5.7711456204184195,10.972464,8.931924,1.6082825948849617
1600.0,6.0,3.71608326195366,-10.386498,-6.583411,-0.4467797635797979
1600.0,12.0,1.3135571349610569,2.553536,2.405429,-2.849305890572401
1600.0,19.0,5.480270822405858,0.122122,-1.127134,1.3174077968724003
1600.0,24.0,4.874599141681125,-1.533809,11.121871,0.7117361161476676
1600.0,25.0,-5.804126840459787,-3.222058,-2.93588,-9.966989865993245
1600.0,29.0,-1.6141595270482592,-2.747406,-3.056618,-5.777022552581717
1600.0,31.0,-3.748414644996406,-16.899713,-10.679021,-7.911277670529864
1601.0,2.0,2.8357893660506814,-0.222156,-2.488864,-1.5526423086509187
1601.0,5.0,5.408169461268441,9.042855,9.011291,1.019737786566841
1601.0,6.0,3.7717124655408707,1.701359,-6.373314,-0.6167192091607294
1601.0,12.0,1.5108137263642387,4.224134,2.329837,-2.8776179483373614
1601.0,19.0,5.867397928063088,-1.313794,-0.811009,1.478966253361488
1601.0,25.0,-5.751298385806388,-1.601889,-3.107401,-10.139730060507988
1601.0,29.0,-1.7838255779116219,-2.13864,-3.344368,-6.172257252613222
1601.0,31.0,-4.226260222737563,-9.505368,-10.804138,-8.614691897439164
1602.0,2.0,3.059240885686153,-2.069581,-2.531021,-1.5151543557280434
1602.0,5.0,6.753059020590564,7.391748,9.09232,2.178663779176368
1602.0,6.0,3.7624338425793695,-7.675122,-6.366613,-0.8119613988348267
1602.0,12.0,1.5694853670315654,-0.042964,2.272489,-3.004909874382631
1602.0,19.0,5.91785121024127,-1.473214,-0.696389,1.3434559688270742
1602.0,24.0,4.961935862809053,17.068936,10.88957,0.3875406213948569
1602.0,25.0,-5.635449353687423,-3.371771,-3.244326,-10.209844595101618
1602.0,29.0,-2.074489037790462,-4.091271,-3.514622,-6.648884279204658
1602.0,31.0,-2.970050410005123,-10.596851,-10.952596,-7.544445651419319
1603.0,2.0,3.0503042397387006,1.420436,-2.733481,-1.5744998073667498
1603.0,5.0,6.564996430466479,11.773491,9.097938,1.9401923833610288
1603.0,6.0,3.7770512135914753,-5.042503,-6.526966,-0.847752833513975
1603.0,12.0,1.4331670146349804,0.969777,2.103399,-3.19163703247047
1603.0,19.0,5.456506567201618,-2.339259,-0.710712,0.8317025200961679
1603.0,24.0,5.083059297076236,11.162005,10.959674,0.4582552499707857
1603.0,25.0,-5.6960953979068965,-4.188173,-3.464632,-10.320899445012348
1603.0,29.0,-2.1874327193865293,-3.980645,-3.679013,-6.81223676649198
1603.0,31.0,-0.6644105628032824,-16.238442,-11.119848,-5.289214609908733
1604.0,2.0,3.559388815715865,3.475007,-2.812126,-1.5531255414796767
1604.0,5.0,7.6301769258135685,12.012795,9.178776,2.517662568618027
1604.0,6.0,3.850688777262203,-13.767221,-6.589532,-1.2618255799333387
1604.0,12.0,1.5904943225093895,8.521724,2.047745,-3.522020034686152
1604.0,19.0,6.836165296200168,0.838302,-0.661717,1.7236509390046262
1604.0,24.0,4.924854563870733,14.920176,11.020849,-0.18765979332480853
1604.0,25.0,-5.622823734057474,2.871001,-3.595333,-10.735338091253016
1604.0,29.0,-3.1801614413801857,2.244305,-3.814817,-8.292675798575727
1605.0,2.0,3.5940646348807643,2.687007,-2.801466,-2.9329319726062817
1605.0,5.0,8.233019610942563,8.904301,9.315245,1.7060230034555168
1605.0,6.0,3.799509571743517,-5.800674,-6.501716,-2.727487035743529
1605.0,12.0,1.6373443195849013,3.536494,2.009238,-4.889652287902145
1605.0,19.0,7.223573869736029,5.34175,-0.44338,0.696577262248983
1605.0,24.0,4.792246430529778,18.230128,10.961024,-1.7347501769572684
1605.0,25.0,-5.457911799678174,-3.347076,-3.75249,-11.98490840716522
1605.0,29.0,-3.489634363127575,-4.32864,-4.055772,-10.01663097061462
1605.0,31.0,-0.07385112857747522,-13.719457,-11.469896,-6.600847736064521
1606.0,2.0,3.5580743224900395,0.327328,-2.74637,-4.12196195484151
1606.0,5.0,9.782413357289578,14.136199,9.484206,2.1023770799580284
1606.0,6.0,4.527038834701454,-6.067463,-6.33471,-3.1529974426300953
1606.0,12.0,1.9311691225639755,6.606614,1.976186,-5.748867154767574
1606.0,24.0,4.849112226912476,2.831391,10.83673,-2.830924050419073
1606.0,25.0,-5.345112837565061,1.467224,-3.930635,-13.02514911489661
1606.0,29.0,-3.760047097866285,1.020814,-4.360251,-11.440083375197833
1606.0,31.0,-0.38114861915661,-16.323363,-11.684491,-8.06118489648816
1607.0,2.0,3.7365735392960975,-5.045884,-2.60545,-2.227750219231627
1607.0,5.0,11.530730270743824,7.982104,9.708074,5.5664065122160995
1607.0,6.0,4.179163173197178,-10.128655,-6.020782,-1.7851605853305461
1607.0,12.0,2.4068709549460854,-2.224194,1.957714,-3.557452803581639
1607.0,24.0,4.670808790721647,13.993869,10.593275,-1.293514967806077
1607.0,25.0,-5.052674995139085,-7.604083,-4.137849,-11.016998753666808
1607.0,29.0,-3.961424506445399,-7.402543,-4.770806,-9.925748264973123
1608.0,2.0,4.04206776412348,-6.478499,-2.465144,-0.9405098968483703
1608.0,5.0,12.094806096590585,10.315044,9.880519,7.112228435618734
1608.0,6.0,3.4263704538407342,-8.962335,-5.692591,-1.5562072071311164
1608.0,12.0,2.3968309918058477,-3.316284,1.921579,-2.585746669166003
1608.0,24.0,4.8367196023823205,5.536942,10.307462,-0.14585805858953016
1608.0,25.0,-5.083658779048175,-9.397215,-4.33179,-10.066236440020026
1608.0,29.0,-4.693868808755408,-7.73924,-5.157699,-9.676446469727258
1609.0,2.0,3.9204497003101757,0.960871,-2.290422,-1.2928016921898449
1609.0,5.0,11.821644720010202,11.112464,10.063767,6.608393327510181
1609.0,6.0,3.407406380524746,-1.238709,-5.430965,-1.8058450119752747
1609.0,12.0,2.432077654033483,5.544093,1.99202,-2.7811737384665376
1609.0,24.0,4.861090556348666,5.100834,10.149984,-0.35216083615135485
1609.0,25.0,-4.730004465068342,-4.776633,-4.38876,-9.943255857568364
1609.0,29.0,-4.078638330800664,-6.029685,-5.381107,-9.291889723300685
1609.0,31.0,-0.435129880051095,-1.894907,-12.26306,-5.6483812725511156
1610.0,2.0,4.533956090929756,-0.96565,-2.144072,-3.120680701089217
1610.0,5.0,11.791182897331904,6.29297,10.248184,4.136546105312931
1610.0,6.0,4.068033810915587,-12.598563,-5.456235,-3.586602981103386
1610.0,12.0,2.15245680213824,-3.551498,2.253191,-5.502179989880733
1610.0,24.0,4.801563293584135,26.639784,10.383223,-2.8530734984348385
1610.0,25.0,-3.631064755763239,-10.64452,-4.177874,-11.285701547782212
1610.0,29.0,-1.5799920806805465,-3.694173,-5.215404,-9.23462887269952
1610.0,31.0,0.6422428991196876,-12.334927,-12.303932,-7.0123938928992855
1611.0,2.0,4.584395015712719,2.8277,-0.885654,5.694334682619429
1611.0,5.0,7.394472357792743,7.990174,10.814722,8.504412024699453
1611.0,6.0,2.231935037354864,-17.248595,-5.065225,3.341874704261574
1611.0,12.0,1.765997671118999,3.091403,3.877882,2.875937338025709
1611.0,25.0,-2.781440813711185,-5.894386,-2.463747,-1.671501146804475
1611.0,29.0,-3.5581741549266637,-2.609984,-3.801794,-2.4482344880199536
1611.0,31.0,-9.780418354330024,-11.426974,-11.707598,-8.670478687423314
1612.0,2.0,4.801633796022108,-8.50222,1.454711,-1.1443869355357954
1612.0,5.0,11.5752096756713,-2.810543,11.10333,5.629188944113396
1612.0,6.0,6.186355956164519,-7.772077,-3.498034,0.24033522460661594
1612.0,12.0,3.531144521837369,-1.019039,6.136762,-2.414876209720534
1612.0,19.0,8.97450816991664,12.596604,0.639594,3.028487438358736
1612.0,24.0,5.771350575087254,7.038736,10.835304,-0.17467015647064876
1612.0,25.0,-3.7026883293601855,-11.664899,0.227102,-9.648709060918089
1612.0,29.0,-4.734103735760917,-9.335077,-1.780959,-10.68012446731882
1612.0,31.0,-8.27167185712738,-17.973634,-10.060652,-14.217692588685283
1613.0,2.0,4.7375530779079185,-2.438175,1.229295,0.2199013049104659
1613.0,5.0,12.245560055004415,2.53253,11.148025,7.727908282006962
1613.0,6.0,7.2046734625428535,-5.374586,-3.317677,2.687021689545401
1613.0,12.0,4.239830939123479,6.065594,5.660404,-0.2778208338739736
1613.0,19.0,10.070598698600037,13.721686,1.201605,5.552946925602584
1613.0,24.0,5.668050036673083,14.033114,10.412201,1.1503982636756307
1613.0,25.0,-5.045274889097779,2.678707,-0.447525,-9.562926662095233
1613.0,29.0,-5.319525951413292,0.158867,-2.558767,-9.837177724410743
1613.0,31.0,-10.065146991663095,-11.273081,-10.455983,-14.582798764660549
1614.0,2.0,4.60922425102253,5.194155,-0.23537,2.224090388030506
1614.0,5.0,12.389967843314228,10.021556,10.940444,10.004833980322204
1614.0,6.0,8.263475384051278,15.276783,-3.967094,5.878341521059253
1614.0,12.0,3.7543207174056548,7.588225,3.979929,1.3691868544136305
1614.0,19.0,7.204775774873772,8.166155,1.705242,4.819641911881748
1614.0,24.0,5.486375801332841,0.787092,10.076954,3.1012419383408165
1614.0,25.0,-4.977530905983286,-2.527807,-2.486622,-7.362664768975311
1614.0,29.0,-4.859322343550444,-2.179406,-4.316124,-7.244456206542468
1614.0,31.0,-8.777242034562608,-10.568703,-11.604599,-11.162375897554632
1615.0,2.0,4.750036549593677,4.160626,-0.050284,0.4741855421338661
1615.0,5.0,12.091344498621826,12.808616,11.075062,7.815493491162015
1615.0,6.0,4.0958975016894765,-6.20584,-3.826733,-0.1799535057703343
1615.0,12.0,3.2042246039937883,3.965497,4.159239,-1.0716264034660226
1615.0,19.0,8.542556927490732,-2.142852,1.807276,4.266705920030922
1615.0,24.0,5.368131568283026,13.537321,10.081548,1.0922805608232151
1615.0,25.0,-4.997475172572274,-1.878418,-2.356644,-9.273326180032086
1615.0,29.0,-4.856833522674737,-5.772428,-4.284455,-9.132684530134547
1615.0,31.0,-5.495759324254318,-8.502274,-11.615599,-9.771610331714129
1616.0,2.0,3.9377108525213202,4.689898,-0.060081,0.08516852042515044
1616.0,5.0,11.5126227164432,14.494272,10.981993,7.66008038434703
1616.0,6.0,4.837746043506943,-3.677454,-3.78206,0.9852037114107732
1616.0,12.0,4.151228852677672,9.439219,4.101831,0.29868652058150236
1616.0,19.0,9.791436091702934,-7.615684,1.824037,5.938893759606764
1616.0,24.0,5.528726884064675,15.791845,9.971509,1.6761845519685048
1616.0,25.0,-5.3332600864192035,-1.576398,-2.368738,-9.185802418515372
1616.0,29.0,-5.108965630416067,-1.341642,-4.288761,-8.961507962512236
1616.0,31.0,-7.255742401138749,-10.497603,-11.535097,-11.108284733234917
1617.0,2.0,4.420556857254471,-3.88325,-0.323648,-0.1100761723910475
1617.0,5.0,12.206755502027299,10.281964,10.671147,7.67612247238178
1617.0,6.0,4.32233116032511,-6.362565,-3.882832,-0.20830186932040906
1617.0,12.0,3.6031663052779024,1.050304,3.761086,-0.9274667243676165
1617.0,19.0,9.094010104346482,-1.409424,1.751993,4.563377074700964
1617.0,24.0,5.4474432779219395,7.434921,9.775162,0.9168102482764207
1617.0,25.0,-5.005811082051186,-5.63399,-2.58919,-9.536444111696705
1617.0,29.0,-4.82362675928323,-3.861352,-4.379646,-9.354259788928749
1617.0,31.0,-4.475705442691854,-16.338838,-11.420615,-9.006338472337372
1618.0,2.0,3.9861058429620506,2.081763,-0.438172,0.20915655920927811
1618.0,5.0,11.016888501165791,9.790409,10.441409,7.239939217413019
1618.0,6.0,4.689892853274797,-1.135268,-3.884805,0.9129435695220245
1618.0,12.0,3.864067040519057,6.261721,3.571,0.08711775676628442
1618.0,24.0,5.6105680788741275,8.122216,9.590822,1.833618795121355
1618.0,25.0,-5.106619411728397,-2.273143,-2.674737,-8.88356869548117
1618.0,29.0,-4.88785646726169,-4.069661,-4.397699,-8.664805751014462
1618.0,31.0,-6.6293070218580485,-5.984658,-11.276096,-10.406256305610821
1619.0,2.0,4.424963521405548,0.994672,-0.472911,0.19514324156898866
1619.0,5.0,11.867124248735724,8.34419,10.246942,7.637303968899165
1619.0,6.0,4.0460697368054,-4.493497,-3.84829,-0.18375054303115945
1619.0,12.0,3.3748130955605298,-0.323946,3.472399,-0.8550071842760296
1619.0,24.0,5.359543248696248,10.845586,9.430181,1.1297229688596886
1619.0,25.0,-4.741911310356095,-5.514068,-2.666918,-8.971731590192654
1619.0,29.0,-4.862363774865301,-7.578168,-4.346811,-9.09218405470186
1619.0,31.0,-6.0336225564791475,-11.760659,-11.099119,-10.263442836315708
1620.0,2.0,4.181577647724412,0.043573,-0.430667,0.7326817863793407
1620.0,5.0,10.620216372234871,11.038818,10.079647,7.1713205108898
1620.0,6.0,4.456877848739525,-4.793347,-3.833674,1.0079819873944542
1620.0,12.0,3.7390402714194835,8.625015,3.50941,0.2901444100744124
1620.0,19.0,9.663921091589788,15.433769,1.543489,6.215025230244717
1620.0,24.0,5.420862884599416,18.310893,9.374383,1.9719670232543445
1620.0,25.0,-4.84576841420477,1.430212,-2.497946,-8.294664275549842
1620.0,29.0,-4.939066543905117,-2.096073,-4.130992,-8.387962405250189
1620.0,31.0,-5.705486188603167,-7.383233,-10.85555,-9.15438204994824
1621.0,2.0,4.227234707246772,-0.402429,-0.377845,-0.667474242099332
1621.0,5.0,11.708200111974339,7.7305,9.866596,6.813491162628234
1621.0,6.0,4.460423427294817,-6.383351,-3.890705,-0.43428552205128756
1621.0,12.0,3.320245822847898,-1.462661,3.615795,-1.5744631264982063
1621.0,19.0,9.000693280221082,14.517395,1.250719,4.1059843308749775
1621.0,24.0,5.040483582186063,9.658985,9.410949,0.1457746328399585
1621.0,25.0,-4.686927371736051,-6.451643,-2.199564,-9.581636321082154
1621.0,29.0,-5.032590140943574,-6.734415,-3.740042,-9.92729909028968
1621.0,31.0,-1.8235987317120643,-17.176579,-10.511924,-6.718307681058169
1622.0,2.0,4.108076842066225,1.600253,-0.223951,0.30442976694538126
1622.0,5.0,11.265924050522464,10.241388,9.767605,7.46227697540162
1622.0,6.0,5.034887695735863,-6.888727,-3.822345,1.231240620615019
1622.0,12.0,3.092341167863058,3.982176,3.782799,-0.7113059072577861
1622.0,19.0,7.972736170904454,0.613623,1.115775,4.16908909578361
1622.0,24.0,4.9118657877723475,10.624628,9.396035,1.1082187126515035
1622.0,25.0,-4.814842449930561,0.877501,-1.910958,-8.618489525051405
1622.0,29.0,-5.421550053585761,-2.009268,-3.444814,-9.225197128706604
1622.0,31.0,-4.8808160735010215,-9.34776,-10.245329,-8.684463148621866
1623.0,2.0,3.7620938247546363,-1.040148,-0.251525,-0.18749920708358703
1623.0,5.0,12.172007908116825,7.884057,9.48896,8.222414876278602
1623.0,6.0,5.290258016177127,-1.778986,-3.90168,1.3406649843389036
1623.0,12.0,3.517315305200487,6.195698,3.780249,-0.4322777266377362
1623.0,19.0,8.346005144410288,-4.310416,0.833657,4.396412112572065
1623.0,24.0,5.05256603352144,11.187079,9.372327,1.102973001683217
1623.0,25.0,-4.936768065985115,2.539662,-1.70768,-8.886361097823338
1623.0,29.0,-5.528475393142525,1.741928,-3.121492,-9.478068424980748
1623.0,31.0,-6.548953275078395,-7.654083,-9.905768,-10.498546306916618
1624.0,2.0,3.466392207819162,3.080327,-0.379097,-0.15786956599899415
1624.0,5.0,12.094946619564073,6.992053,9.0983,8.470684845745918
1624.0,6.0,4.712391107019275,-2.920135,-3.949481,1.0881293332011195
1624.0,12.0,3.402521747940847,4.819283,3.590875,-0.2217400258773088
1624.0,19.0,8.897212974235941,11.293583,0.634999,5.272951200417785
1624.0,24.0,5.087913425193465,11.495583,9.17601,1.4636516513753088
1624.0,25.0,-5.055854850983282,-2.46144,-1.671947,-8.680116624801439
1624.0,29.0,-5.770629052791314,-1.970069,-2.946953,-9.394890826609469
1624.0,31.0,-9.95294878008091,-9.886683,-9.562113,-13.577210553899064
1625.0,2.0,3.2920904170798853,-0.220182,-0.465719,-0.36334550518304454
1625.0,5.0,12.041061887866135,10.121463,8.806403,8.385625965603206
1625.0,6.0,4.579082205833828,-7.199727,-3.953615,0.9236462835708981
1625.0,12.0,3.2418976622866786,0.487455,3.437211,-0.41353825997625115
1625.0,19.0,8.708032299389709,15.24041,0.525565,5.052596377126779
1625.0,24.0,5.067146311584914,-4.71389,8.991099,1.4117103893219838
1625.0,25.0,-5.15533035844695,-4.315275,-1.6634,-8.81076628070988
1625.0,29.0,-5.285328570943833,-3.938901,-2.848265,-8.940764493206764
1625.0,31.0,-10.137645203334293,-8.504422,-9.309618,-13.793081125597222
1626.0,2.0,3.575910296266759,-7.92398,-0.497021,0.09907969262177652
1626.0,5.0,12.564804318491142,4.82369,8.657134,9.087973714846159
1626.0,6.0,4.514821544246402,-9.571979,-3.993689,1.0379909406014196
1626.0,12.0,3.1107910530268477,-4.08334,3.410202,-0.36603955061813487
1626.0,19.0,8.406054116252772,17.281955,0.397147,4.9292235126077895
1626.0,24.0,4.822960127261009,9.064123,8.961898,1.3461295236160264
1626.0,25.0,-4.937527121303116,-9.426837,-1.589145,-8.414357724948099
1626.0,29.0,-5.476140676204978,-6.264136,-2.712365,-8.952971279849962
1626.0,31.0,-10.1388396666423,-15.449004,-9.14777,-13.615670270287282
1627.0,2.0,3.532984669551599,-0.465794,-0.501619,0.7878090217372034
1627.0,5.0,12.286026954574755,11.36187,8.523356,9.54085130676036
1627.0,6.0,4.177460464859685,-9.568128,-4.021093,1.4322848170452893
1627.0,12.0,2.848686339475713,1.316482,3.414337,0.10351069166131754
1627.0,19.0,8.037912863559704,13.567921,0.268858,5.2927372157453085
1627.0,24.0,4.747951212043031,5.351732,8.942364,2.002775564228635
1627.0,25.0,-5.019471536001419,-1.204767,-1.485563,-7.764647183815814
1627.0,29.0,-5.298419354062914,-5.523342,-2.556404,-8.04359500187731
1627.0,31.0,-10.171951108466509,-8.901967,-8.979294,-12.917126756280904
1628.0,2.0,3.385650448004176,2.067465,-0.558362,0.8285877164333817
1628.0,5.0,12.131310285050784,9.289293,8.363384,9.574247553479989
1628.0,6.0,3.988280364737264,0.894959,-4.084542,1.4312176331664697
1628.0,12.0,2.662481457637572,2.870169,3.367159,0.1054187260667776
1628.0,19.0,7.8293186853751955,-1.30648,0.125668,5.272255953804401
1628.0,24.0,4.957317777566676,9.835007,8.921797,2.4002550459958814
1628.0,25.0,-5.067716611931408,-1.274091,-1.42891,-7.624779343502202
1628.0,29.0,-4.969600797153612,-2.939915,-2.425703,-7.526663528724407
1628.0,31.0,-10.183375782139976,-9.873694,-8.823376,-12.740438513710771
1629.0,2.0,3.444561435944749,-0.885252,-0.58175,-1.0672275517984264
1629.0,5.0,12.035041857553143,7.643505,8.228652,7.523252869809967
1629.0,6.0,3.878788923176298,-3.91904,-4.109054,-0.6330000645668772
1629.0,12.0,2.412834729808008,2.122836,3.340664,-2.0989542579351674
1629.0,19.0,7.58896516866848,2.043017,0.022237,3.0771761809253046
1629.0,24.0,5.016957781514289,8.441826,8.882572,0.505168793771114
1629.0,25.0,-5.234650119452602,-2.94611,-1.365372,-9.746439107195776
1629.0,29.0,-4.881444381883122,-3.602258,-2.311402,-9.393233369626298
1629.0,31.0,-5.399570535207227,-10.865924,-8.676885,-9.911359522950402
1630.0,2.0,3.39867504322239,-2.568562,-0.656927,-2.2027990743621615
1630.0,5.0,11.76281734654626,3.0048,8.080497,6.161343228961709
1630.0,6.0,4.223507382980204,-4.379842,-4.235377,-1.3779667346043478
1630.0,12.0,2.1674861802706644,2.839353,3.318383,-3.433987937313887
1630.0,19.0,7.412285801873455,8.740936,-0.188743,1.810811684288904
1630.0,24.0,5.0610221948867995,-5.73311,8.942459,-0.540451922697752
1630.0,25.0,-5.197110450848342,-3.645872,-1.280886,-10.798584568432894
1630.0,29.0,-4.443965881968161,-2.430038,-2.130761,-10.045439999552713
1630.0,31.0,-4.368245860730163,-12.181785,-8.527654,-9.969719978314714
1631.0,2.0,2.904212323481218,-2.906322,-1.005764,-0.7445939300713391
1631.0,5.0,8.949546220987138,8.962402,7.80347,5.3007399674345805
1631.0,6.0,4.132132313865709,-7.222748,-4.529886,0.48332606031315173
1631.0,12.0,2.3014929795864125,1.765033,3.010902,-1.3473132739661446
1631.0,19.0,7.712325545770307,-5.181092,-0.439542,4.06351929221775
1631.0,24.0,5.478256304516059,22.692284,8.970846,1.8294500509635014
1631.0,25.0,-5.4221049990583,-1.302639,-1.471559,-9.070911252610857
1631.0,29.0,-3.343217599354456,-1.898349,-2.123461,-6.992023852907013
1631.0,31.0,-10.069544256241969,-9.646989,-8.464618,-13.718350509794526
1632.0,2.0,3.388364184420851,-9.055009,-1.126754,-1.92955821681125
1632.0,5.0,11.069120217778625,1.472784,7.632438,5.751197816546524
1632.0,6.0,4.823467301347694,-7.701397,-4.640951,-0.49445509988440683
1632.0,12.0,2.105419993629461,-0.784472,2.905315,-3.2125024076026403
1632.0,19.0,7.23901530199376,-3.979245,-0.59136,1.9210929007616588
1632.0,24.0,5.353917112278957,23.50337,8.962621,0.0359947110468557
1632.0,25.0,-5.059898649932575,-6.977527,-1.481775,-10.377821051164677
1632.0,29.0,-4.100702974535405,-5.068529,-2.038445,-9.418625375767506
1632.0,31.0,-5.138154379552612,-11.46891,-8.348258,-10.456076780784713
1633.0,2.0,3.4576596395065433,-4.528907,-0.990253,-1.1654900036955818
1633.0,5.0,11.130169152136144,7.61641,7.603103,6.507019508934019
1633.0,6.0,3.7072678689381746,-4.630388,-4.60749,-0.9158817742639505
1633.0,12.0,1.7743497614590265,0.406258,3.081359,-2.8487998817430986
1633.0,19.0,6.542700509158578,-4.693928,-0.712734,1.9195508659564533
1633.0,24.0,5.647190570618033,10.995029,9.012155,1.024040927415908
1633.0,25.0,-4.967560265072526,-6.159971,-1.229596,-9.59070990827465
1633.0,29.0,-4.141178812432172,-4.547551,-1.787631,-8.764328455634297
1633.0,31.0,-4.996069938749052,-11.224688,-8.168903,-9.619219581951178
1634.0,2.0,3.059265275856852,1.658042,-0.945167,-0.8406890194264309
1634.0,5.0,8.23228685418512,8.487679,7.529253,4.332332558901836
1634.0,6.0,3.8585518401240044,-2.805774,-4.615437,-0.04140245515927843
1634.0,12.0,1.8347462142561772,4.290263,3.149897,-2.0652080810271056
1634.0,19.0,6.764257137525416,0.241812,-0.825732,2.864302842242133
1634.0,24.0,5.910799533080951,12.426841,9.029304,2.010845237797668
1634.0,25.0,-5.400754345497402,2.839706,-1.085273,-9.300708640780686
1634.0,29.0,-4.0826695537049655,-0.127267,-1.616419,-7.982623848988249
1634.0,31.0,-6.354321190311679,-8.325838,-8.023366,-10.254275485594961
1635.0,2.0,2.3004469543055857,0.411966,-1.013261,-1.1363904439868486
1635.0,5.0,6.534493833257345,10.250133,7.513914,3.097656434964911
1635.0,6.0,2.9866207592011023,-4.690918,-4.719229,-0.450216639091332
1635.0,12.0,1.7717017619419533,3.988483,3.133766,-1.665135636350481
1635.0,19.0,5.651960441282753,3.178863,-0.918283,2.215123042990319
1635.0,24.0,6.286000398702296,10.412765,9.118152,2.8491630004098614
1635.0,25.0,-5.490797421595277,-0.332467,-1.091103,-8.927634819887711
1635.0,29.0,-3.3070367537034997,-4.876926,-1.578449,-6.743874151995934
1635.0,31.0,-5.291158962371396,-8.972764,-8.035821,-8.72799636066383
1636.0,2.0,2.3039081387215123,-4.487099,-1.071823,-1.9171467814718222
1636.0,5.0,7.327036661776621,6.761888,7.568778,3.105981741583286
1636.0,6.0,3.3848406283206813,-7.144627,-4.825016,-0.8362142918726532
1636.0,12.0,1.7269806921898123,0.757448,3.140972,-2.494074228003522
1636.0,19.0,6.016968901525203,2.280153,-0.976062,1.7959139813318687
1636.0,24.0,6.122666928681735,1.748242,9.246958,1.9016120084884003
1636.0,25.0,-5.249114054192221,-3.14515,-1.117302,-9.470168974385555
1636.0,29.0,-3.3417323159169134,-3.020354,-1.582463,-7.562787236110248
1636.0,31.0,-4.67408886626926,-6.279188,-8.120639,-8.895143786462594
1637.0,2.0,1.6601865627763415,2.18681,-1.200267,-1.9535592940163475
1637.0,5.0,4.150211197180138,5.841507,7.517999,0.5364653403874486
1637.0,6.0,4.470787478589251,-4.461845,-5.005971,0.8570416217965624
1637.0,12.0,1.727557863042163,3.782396,3.094056,-1.886187993750526
1637.0,19.0,6.032425204241033,0.72011,-1.143771,2.418679347448344
1637.0,24.0,6.344808483052558,10.848841,9.383562,2.7310626262598694
1637.0,25.0,-5.3138048555182955,-1.438006,-1.134006,-8.927550712310985
1637.0,29.0,-2.2290550736104553,-0.506554,-1.51383,-5.842800930403144
1637.0,31.0,-4.356209134059481,-9.360594,-8.125185,-7.96995499085217
1638.0,2.0,1.64958810458955,1.81758,-1.249396,-1.6292259985972564
1638.0,5.0,3.6464178467167017,9.634627,7.483035,0.36760374352989533
1638.0,6.0,3.7749132514448185,-11.005695,-5.084953,0.49609914825801216
1638.0,12.0,1.5491403521275302,5.155989,3.084032,-1.7296737510592761
1638.0,19.0,6.430366969410308,1.633945,-1.233053,3.1515528662235015
1638.0,24.0,6.246260637045484,10.165207,9.443751,2.967446533858678
1638.0,25.0,-5.285461486742136,-0.791455,-1.118747,-8.564275589928943
1638.0,29.0,-2.090254984387382,-0.980935,-1.458222,-5.369069087574188
1638.0,31.0,-3.60766480650684,-6.261689,-8.103353,-6.886478909693647
1639.0,2.0,1.6350455745432413,1.271914,-1.234662,0.3205009795679561
1639.0,5.0,2.8046977160943394,6.623046,7.317401,1.4901531211190542
1639.0,6.0,2.916615345099963,-2.563157,-5.041268,1.6020707501246778
1639.0,12.0,1.460810513462719,6.452835,3.055247,0.14626591848743375
1639.0,24.0,6.077468982291581,-5.434137,9.323918,4.762924387316296
1639.0,25.0,-5.101862446196501,-0.619479,-1.039104,-6.4164070411717855
1639.0,29.0,-1.6859529210429836,-0.20344,-1.344856,-3.0004975160182688
1639.0,31.0,-4.422001473583959,-3.021008,-7.906603,-5.736546068559244
1640.0,2.0,0.76895158235987,-0.219287,-1.251482,0.8924226858164606
1640.0,5.0,1.083046490019563,7.070934,7.079807,1.2065175934761536
1640.0,6.0,2.2297340112562463,-5.735211,-4.913285,2.3532051147128366
1640.0,12.0,1.1924630130400482,3.630485,2.902658,1.3159341164966387
1640.0,24.0,6.61821850941495,10.502497,9.027756,6.74168961287154
1640.0,25.0,-5.275417708216631,-2.436252,-1.075616,-5.151946604760041
1640.0,29.0,-1.5766786421645609,-0.071722,-1.360945,-1.4532075387079704
1640.0,31.0,-4.359258214406084,-7.944764,-7.699247,-4.235787110949493
1641.0,2.0,1.0486909117839254,-2.354422,-1.353505,0.8906197703509828
1641.0,5.0,1.5344900107351496,2.976398,6.856929,1.376418869302207
1641.0,6.0,2.390048521541562,-6.526934,-4.885541,2.23197738010862
1641.0,12.0,1.3109748396491483,0.73256,2.706209,1.1529036982162058
1641.0,24.0,6.356268582770554,18.76654,8.813759,6.198197441337611
1641.0,25.0,-4.91967110221494,-5.430045,-1.175888,-5.077742243647882
1641.0,29.0,-1.7410114306850328,1.830391,-1.4067,-1.8990825721179754
1641.0,31.0,-4.200189568440586,-10.054513,-7.562728,-4.358260709873528
1642.0,2.0,0.7017334736625873,2.006943,-1.346531,0.33618756369554204
1642.0,5.0,1.1223653951190773,6.856894,6.758772,0.756819485152032
1642.0,6.0,2.1289468365642756,-2.631799,-4.863664,1.7634009265972304
1642.0,12.0,1.263664029758198,7.364602,2.690605,0.8981181197911527
1642.0,24.0,6.705924729146755,9.561081,8.747341,6.34037881917971
1642.0,25.0,-5.180268976026826,2.456275,-1.126954,-5.545814885993872
1642.0,29.0,-1.6472296415344454,0.885274,-1.336907,-2.0127755515014907
1642.0,31.0,-3.9655372183611206,-2.624208,-7.446147,-4.331083128328165
1643.0,2.0,0.9129237702804813,-7.340852,-1.240001,1.3430838854318
1643.0,5.0,1.4193956006177837,3.293507,6.771738,1.8495557157691023
1643.0,6.0,1.7860944441469275,-12.436142,-4.767134,2.216254559298246
1643.0,12.0,1.3114412900179993,-1.807397,2.774495,1.7416014051693178
1643.0,24.0,6.4922445751911155,17.813433,8.699735,6.922404690342434
1643.0,25.0,-4.747976267747874,-8.022766,-1.031189,-4.3178161525965555
1643.0,29.0,-1.5929021012165059,-6.087747,-1.28383,-1.1627419860651873
1643.0,31.0,-4.506788361074122,-7.08086,-7.381473,-4.076628245922803
1644.0,2.0,0.9080313086978071,-3.572978,-0.998383,0.4677892050804774
1644.0,5.0,1.279886993187091,3.477775,6.79602,0.8396448895697614
1644.0,6.0,1.5961446266850414,-7.960619,-4.667507,1.1559025230677116
1644.0,12.0,1.0820360486303997,1.575075,3.058742,0.64179394501307
1644.0,24.0,6.178761682532077,4.783259,8.759657,5.738519578914747
1644.0,25.0,-4.768790112159311,-0.301588,-0.67743,-5.209032215776641
1644.0,29.0,-1.7068638222582404,0.434507,-0.97223,-2.1471059258755703
1644.0,31.0,-1.8333518933350237,-0.988281,-7.173759,-2.2735939969523535
1645.0,2.0,-0.47376682536247916,-0.29462,-1.151743,2.137043715008894
1645.0,5.0,-1.0789942916200994,6.419449,6.551849,1.5318162487512739
1645.0,6.0,0.1450213056318468,-7.891711,-4.913522,2.75583184600322
1645.0,12.0,0.34841159847292147,5.653306,3.007035,2.9592221388442947
1645.0,19.0,5.711883254263558,3.871763,-1.717371,8.322693794634931
1645.0,24.0,7.258771328239895,28.615015,8.888297,9.869581868611268
1645.0,25.0,-5.2276944392360445,1.039371,-0.555165,-2.616883898864671
1645.0,29.0,-1.2422749441663616,4.168685,-0.675261,1.3685355962050116
1645.0,31.0,-1.9309818411522635,-5.316874,-6.94444,0.6798286992191098
1646.0,2.0,-0.4384023619965838,-0.430818,-2.064624,1.449300745733177
1646.0,5.0,-0.4209639475472837,7.021536,6.109924,1.466739160182477
1646.0,6.0,0.8910424748571328,-4.09305,-5.631804,2.7787455825868936
1646.0,12.0,0.700341364192191,1.543491,2.186442,2.5880444719219518
1646.0,19.0,5.032143289577316,-0.884055,-2.098156,6.919846397307078
1646.0,24.0,6.929502973746612,26.669872,9.008046,8.817206081476373
1646.0,25.0,-4.639109149985053,-1.047161,-1.285709,-2.7514060422552924
1646.0,29.0,-0.8603841822895184,0.331649,-0.999033,1.0273189254402424
1646.0,31.0,-1.807024059454068,-10.238495,-7.146612,0.08067904827569272
1647.0,2.0,0.7454717670323916,-4.881476,-2.564915,2.1540354506060186
1647.0,5.0,1.0010255008741904,6.329903,6.222891,2.4095891844478174
1647.0,6.0,1.390037912258319,-7.981804,-5.975884,2.798601595831946
1647.0,12.0,1.3776708389708165,1.234729,1.735794,2.7862345225444436
1647.0,19.0,5.510386258576137,-0.820064,-1.984105,6.918949942149764
1647.0,25.0,-4.333053072037143,-3.515209,-1.951531,-2.924489388463516
1647.0,29.0,-1.3756608929241834,-4.88134,-1.579864,0.03290279064944368
1647.0,31.0,-1.4234127257718652,-6.13135,-7.707767,-0.014849042198238127
1648.0,2.0,0.88810443021171,-5.506933,-2.511492,1.8361994221431437
1648.0,5.0,0.926491414708563,3.221749,6.424551,1.8745864066399966
1648.0,6.0,3.217744986086437,-7.690002,-5.887628,4.165839978017871
1648.0,12.0,1.364595528294699,-0.507571,1.767697,2.3126905202261328
1648.0,19.0,5.459899328681736,24.12986,-1.767887,6.40799432061317
1648.0,25.0,-4.3581083346524885,-2.865202,-2.063238,-3.410013342721055
1648.0,29.0,-1.4583552129225765,-4.674111,-1.794679,-0.5102602209911429
1648.0,31.0,-2.4368345303074794,-10.869505,-7.928588,-1.4887395383760458
1649.0,2.0,0.8642612535483138,-0.732862,-2.578844,2.5866362622805923
1649.0,5.0,0.9665245226754422,6.660897,6.457565,2.6888995314077206
1649.0,6.0,1.573804462276331,-8.898884,-5.96179,3.2961794710086094
1649.0,12.0,1.3243431254107456,3.931863,1.734022,3.046718134143024
1649.0,19.0,5.551342765391631,56.053042,-1.782031,7.273717774123909
1649.0,24.0,6.398743461401413,-20.568651,9.222675,8.121118470133691
1649.0,25.0,-4.463044087843828,-2.394005,-2.129893,-2.7406690791115498
1649.0,29.0,-1.544566531503024,2.43305,-1.846107,0.1778084772292543
1649.0,31.0,-3.7657159629494257,-9.638151,-8.012305,-2.0433409542171477
1650.0,2.0,0.8287775977588314,5.147272,-2.553671,2.46257911711437
1650.0,5.0,1.0507634945846647,8.733385,6.449069,2.6845650139402033
1650.0,6.0,1.7184002894207984,-4.709374,-5.927237,3.352201808776337
1650.0,12.0,1.2621358025997633,5.824302,1.744951,2.895937321955302
1650.0,24.0,6.28392749523627,35.876521,9.190531,7.917729014591808
1650.0,25.0,-4.338383029476102,-0.523321,-2.112333,-2.7045815101205632
1650.0,29.0,-1.5755586750559103,-3.022158,-1.841595,0.05824284429962834
1650.0,31.0,-4.089307059532016,-5.045595,-7.988336,-2.455505540176477
1651.0,2.0,1.0559369793051738,-1.257665,-2.424106,2.543080937362139
1651.0,5.0,1.228035349927687,6.352932,6.436606,2.715179307984652
1651.0,6.0,1.8048063385292474,-8.277859,-5.797351,3.2919502965862124
1651.0,12.0,1.3582785444624772,4.054999,1.833154,2.845422502519442
1651.0,25.0,-3.9064468831403127,-2.575145,-1.993904,-2.4193029250833478
1651.0,29.0,-1.5389301388209669,-1.224059,-1.770599,-0.051786180764001655
1651.0,31.0,-3.3588274649485266,-4.372895,-7.881666,-1.8716835068915614
1652.0,2.0,0.7270963889424671,2.836032,-2.448227,2.505958772612652
1652.0,5.0,0.9272039388322666,9.534715,6.346986,2.7060663225024517
1652.0,6.0,1.313475214725793,-7.033023,-5.770702,3.092337598395978
1652.0,12.0,1.4604121338369476,6.782766,1.768052,3.2392745175071327
1652.0,24.0,6.576442943048722,4.302916,9.008622,8.355305326718907
1652.0,25.0,-4.224144058509566,1.924502,-2.017432,-2.445281674839381
1652.0,29.0,-1.437982875655056,-0.850378,-1.779239,0.34087950801512923
1652.0,31.0,-3.2632670479694337,-4.369261,-7.814195,-1.4844046642992486
1653.0,2.0,0.8038453207443812,-5.29665,-2.480073,1.8941367454148936
1653.0,5.0,0.9816699045127582,5.144421,6.288459,2.071961329183271
1653.0,6.0,1.7429942365044262,-8.75949,-5.75432,2.833285661174939
1653.0,12.0,1.4756308778050453,3.32911,1.703197,2.565922302475558
1653.0,24.0,6.551553513591294,22.586533,8.936271,7.641844938261807
1653.0,25.0,-4.2872923392693805,-6.13675,-2.062963,-3.197000914598868
1653.0,29.0,-1.6152593860139666,-3.064843,-1.816048,-0.5249679613434541
1653.0,31.0,-3.7111255942125134,-5.63203,-7.788443,-2.620834169542001
1654.0,2.0,0.5651585724452071,-0.768032,-2.488896,2.283991144443512
1654.0,5.0,0.6802887434778562,5.428076,6.231976,2.3991213154761613
1654.0,6.0,2.02499055199093,-4.811071,-5.735972,3.7438231239892352
1654.0,12.0,1.621251415221085,3.575851,1.671288,3.34008398721939
1654.0,19.0,5.884953863165693,23.455398,-1.68746,7.6037864351639985
1654.0,24.0,6.886972036375255,-10.879889,8.880157,8.60580460837356
1654.0,25.0,-4.394855168066633,-1.180255,-2.066233,-2.676022596068328
1654.0,29.0,-1.4497724369935434,-2.621606,-1.811126,0.26906013500476167
1654.0,31.0,-3.5096323116942965,-3.86306,-7.739061,-1.7907997396959914
1655.0,2.0,0.697750619377719,-4.289061,-2.413772,2.8724647740492166
1655.0,5.0,0.6068820863145232,3.164818,6.212794,2.781596240986021
1655.0,6.0,0.8272053824499972,-9.571307,-5.651901,3.001919537121495
1655.0,12.0,1.520247462720227,-2.993276,1.71485,3.6949616173917246
1655.0,24.0,6.7184076791777905,-5.369635,8.811955,8.893121833849289
1655.0,25.0,-4.638788710647319,-6.695615,-1.999793,-2.464074555975821
1655.0,29.0,-1.7735614729832152,-1.177351,-1.772773,0.40115268168828244
1655.0,31.0,-4.4652555037785735,-7.582819,-7.666755,-2.290541349107076
1656.0,2.0,0.609188385671037,-7.369541,-2.397027,1.9767242694051919
1656.0,5.0,0.6187866534533777,2.734347,6.068701,1.9863225371875326
1656.0,6.0,1.2113135450407242,-10.311896,-5.560821,2.578849428774879
1656.0,12.0,1.5481498444719133,-0.098209,1.651732,2.915685728206068
1656.0,19.0,5.715679851684582,6.608802,-1.633074,7.083215735418737
1656.0,24.0,6.8111758186543625,14.04822,8.634837,8.178711702388517
1656.0,25.0,-4.79087494664967,-7.008025,-1.983812,-3.4233390629155154
1656.0,29.0,-1.6793754244807584,-3.441495,-1.749141,-0.31183954074660347
1656.0,31.0,-1.7276671032965867,-2.023144,-7.515964,-0.36013121956243177
1657.0,2.0,0.7682262742283017,-0.813699,-2.152145,1.9407378178282575
1657.0,5.0,1.0948411755092993,5.42206,5.799835,2.267352719109255
1657.0,6.0,1.497296708756303,-6.291271,-5.18635,2.6698082523562587
1657.0,12.0,1.5167881617024932,1.994687,1.682737,2.689299705302449
1657.0,19.0,4.664593854861476,-0.729818,-1.519309,5.837105398461432
1657.0,24.0,6.493593842403699,13.222671,8.179137,7.666105386003656
1657.0,25.0,-4.501726775221689,-2.667414,-1.764947,-3.3292152316217334
1657.0,29.0,-1.730088146245746,3.485342,-1.590664,-0.5575766026457902
1657.0,31.0,-3.661695603595165,-9.136661,-7.079698,-2.489184059995209
1658.0,2.0,0.9386948491400204,-2.210241,-1.915873,2.1933881380825615
1658.0,5.0,1.172303430166858,6.759847,5.428303,2.426996719109399
1658.0,6.0,1.8969215284804353,-2.103664,-4.783601,3.1516148174229763
1658.0,12.0,1.4959502017298343,2.286078,1.666061,2.7506434906723753
1658.0,19.0,4.443101049073826,-1.553457,-1.423741,5.697794338016367
1658.0,24.0,6.357319588121005,15.399996,7.632586,7.612012877063545
1658.0,25.0,-4.572158782884252,0.333287,-1.535252,-3.3174654939417105
1658.0,29.0,-1.7641919031589124,-1.279569,-1.39953,-0.5094986142163713
1658.0,31.0,-4.765303652429638,-9.190619,-6.543216,-3.5106103634870967
1659.0,2.0,0.5385800313427698,0.185439,-1.675908,2.160666638065333
1659.0,5.0,0.34210742284318396,5.632158,4.883403,1.9641940295657472
1659.0,6.0,1.454156208408092,-4.793132,-4.226474,3.076242815130655
1659.0,12.0,1.4900036714993705,3.100526,1.508676,3.1120902782219337
1659.0,19.0,4.826851517139577,7.411872,-1.215543,6.44893812386214
1659.0,24.0,6.759147565261886,31.254592,6.794541,8.381234171984449
1659.0,25.0,-4.707815284599458,-0.66554,-1.372935,-3.0857286778768946
1659.0,29.0,-1.7220421478495895,1.826309,-1.282753,-0.09995554112702631
1659.0,31.0,-4.3814582746752535,-8.991603,-5.866184,-2.7593716679526903
1660.0,2.0,0.38665297035873003,-1.223566,-1.705679,2.083324271271569
1660.0,5.0,0.22270529052653565,2.804207,3.979478,1.9193765914393743
1660.0,6.0,-0.8732411292542848,-4.905542,-3.954597,0.8234301716585539
1660.0,12.0,1.0519529889536265,4.422075,1.142623,2.7486242898664655
1660.0,19.0,4.3493891429246645,13.317005,-1.390815,6.046060443837503
1660.0,24.0,5.911641273894418,18.975245,6.000165,7.608312574807257
1660.0,25.0,-4.073031327891012,-0.706164,-1.209571,-2.3763600269781735
1660.0,29.0,-1.758774237617284,4.221725,-0.938428,-0.06210293670444522
1660.0,31.0,-3.1129952103475533,-4.651187,-4.940285,-1.4163239094347146
1661.0,2.0,-0.8248161726996805,1.07009,-1.741306,2.3155329338998953
1661.0,5.0,-1.5049715662458016,5.564782,2.987336,1.6353775403537743
1661.0,6.0,-2.2768656051001455,-4.671307,-3.756561,0.8634835014994304
1661.0,12.0,0.7903970937970044,4.721727,0.818151,3.9307462003965803
1661.0,19.0,3.800726801853413,33.42303,-1.734415,6.941075908452989
1661.0,24.0,5.839664710959244,5.175132,5.269272,8.98001381755882
1661.0,25.0,-3.395737644043452,4.899344,-0.921855,-0.255388537443876
1661.0,29.0,-1.6852896182261135,10.403408,-0.409764,1.4550594883734624
1661.0,31.0,-2.532838286721757,-6.359971,-3.880368,0.607510819877819
1662.0,2.0,-2.55011756170791,0.422664,-1.843064,0.6435488043805417
1662.0,5.0,-3.8356648530132564,4.099206,2.171556,-0.6419984869248045
1662.0,6.0,-4.762078987110897,-1.141313,-3.713639,-1.568412621022445
1662.0,12.0,-0.28323746935055993,3.505407,0.54155,2.910428896737892
1662.0,24.0,4.792649057994943,-7.855564,4.782787,7.986315424083395
1662.0,25.0,-1.9455332132137775,-4.954716,-0.692278,1.2481331528746744
1662.0,29.0,-1.4017760916070987,0.968242,0.065055,1.7918902744813532
1662.0,31.0,0.4250653165577525,-1.002221,-3.03773,3.6187316826462044
1663.0,2.0,-4.269403241757726,1.285116,-1.948375,-1.1052910829966778
1663.0,5.0,-5.2055716202323445,4.45717,1.30746,-2.041459461471296
1663.0,6.0,-4.654581769174624,-3.967407,-3.738987,-1.4904696104135753
1663.0,12.0,-2.116302823574141,2.243489,0.309962,1.0478093351869076
1663.0,19.0,0.48855050181843396,8.431098,-2.639264,3.6526626605794825
1663.0,24.0,0.739206020225124,3.864735,4.3705,3.9033181789861726
1663.0,25.0,-2.5066604899777536,3.629704,-0.363492,0.657451668783295
1663.0,29.0,-0.5797350299132997,-6.621554,0.683573,2.584377128847749
1663.0,31.0,-0.8539999768557607,-0.64932,-2.10891,2.310112181905288
1664.0,2.0,-4.605923729829828,7.309,-2.31157,-0.4619433041805401
1664.0,5.0,-5.77948352477034,2.462458,0.000855,-1.6355030991210517
1664.0,6.0,-4.637831451331374,-4.567955,-3.781578,-0.49385102568208605
1664.0,12.0,-1.7743479313605754,3.243656,-0.342014,2.369632494288713
1664.0,19.0,-2.7118767072842056,6.785252,-3.201913,1.4321037183650827
1664.0,24.0,0.09196090812871915,-26.208012,3.592744,4.235941333778007
1664.0,25.0,-2.1418025848973308,3.895393,-0.26788,2.0021778407519575
1664.0,29.0,-0.6083962798956648,1.919335,1.211723,3.5355841457536235
1664.0,31.0,-0.8048582731053733,1.594047,-0.942958,3.339122152543915
1665.0,2.0,-6.656232472731191,-2.803845,-2.701464,-1.2175153432001782
1665.0,5.0,-6.753986873563576,3.404288,-1.291747,-1.3152697440325634
1665.0,6.0,-6.1318459678412225,-3.324788,-3.851104,-0.6931288383102094
1665.0,12.0,-1.5393033709397472,3.861046,-1.01061,3.899413758591266
1665.0,19.0,-3.1011560331040258,-7.390384,-3.766277,2.3375610964269873
1665.0,24.0,-2.091069682185485,5.717022,2.838432,3.347647447345528
1665.0,25.0,-2.5844908937700275,4.064445,-0.20324,2.8542262357609856
1665.0,29.0,-0.9589680751310254,-0.262925,1.714823,4.479749054399988
1665.0,31.0,-0.948387682700849,-1.477413,0.187242,4.490329446830164
1666.0,2.0,-8.209847592339123,2.600368,-3.116335,-7.4839997026807
1666.0,5.0,-6.753170369319542,1.029265,-2.872903,-6.02732247966112
1666.0,6.0,-6.5084323979607905,-2.526584,-3.715693,-5.782584508302367
1666.0,12.0,-0.37232058637712484,3.976985,-1.917745,0.353527303281298
1666.0,19.0,-1.8055231576591066,-10.144833,-4.188141,-1.0796752680006838
1666.0,24.0,-1.7744488242203538,10.513292,1.649186,-1.048600934561931
1666.0,25.0,-1.5629216279727185,1.498036,-0.253893,-0.8370737383142957
1666.0,29.0,2.695680643556978,0.058734,2.112006,3.4215285332154006
1666.0,31.0,7.806746392808716,1.831951,1.538676,8.532594282467139
1667.0,2.0,-9.444402864456062,5.067761,-3.128067,-3.607688446051518
1667.0,5.0,-8.479173714641197,-0.060828,-4.09789,-2.6424592962366527
1667.0,6.0,-7.395874479936973,-1.664597,-3.236672,-1.5591600615324284
1667.0,12.0,-1.3916590515539111,4.670585,-2.466587,4.445055366850633
1667.0,24.0,-0.6376683066256312,0.867007,0.435799,5.199046111778913
1667.0,25.0,-3.5549789561652467,0.261359,-0.106243,2.281735462239298
1667.0,29.0,-0.75538207408405,2.741917,2.464128,5.0813323443204945
1667.0,31.0,1.3181862140795655,6.845317,2.774253,7.15490063248411
1668.0,2.0,-9.680213178027888,-0.899268,-3.15651,-2.4238488260630504
1668.0,5.0,-9.035911184874067,-4.27003,-4.750828,-1.7795468329092294
1668.0,6.0,-7.717510164700654,0.924122,-2.701985,-0.46114581273581656
1668.0,12.0,-2.776274364476418,-3.677662,-3.022264,4.4800899874884195
1668.0,19.0,-3.451708825188318,27.745964,-3.889846,3.804655526776519
1668.0,24.0,-1.9508764821965494,-4.65213,-0.627394,5.305487869768288
1668.0,25.0,-4.546651044500323,-1.733874,-0.392272,2.709713307464514
1668.0,29.0,-1.7384581526796894,-2.534431,2.17048,5.517906199285148
1668.0,31.0,-0.3074320193717579,2.872801,3.274421,6.948932332593079
1669.0,2.0,-9.239757087799774,-4.325952,-2.975514,-6.2914787542951585
1669.0,5.0,-7.408468386155133,-9.518237,-4.861847,-4.460190052650518
1669.0,6.0,-7.716179893084746,-9.35577,-1.862869,-4.767901559580131
1669.0,12.0,-0.842971044509568,-6.101427,-3.455114,2.1053072889950473
1669.0,24.0,3.0916403381881796,3.272478,-1.731378,6.039918671692795
1669.0,25.0,-3.2073897542076235,-5.822862,-0.929276,-0.2591114207030083
1669.0,29.0,2.781006049217991,-3.858357,1.329401,5.729284382722606
1669.0,31.0,6.208770839779431,2.501239,3.224684,9.157049173284047
1670.0,2.0,-5.281511998447002,-3.919753,-2.299852,-2.545136506747826
1670.0,5.0,-5.069861661396809,-7.626304,-4.716637,-2.3334861696976334
1670.0,6.0,-3.1791613849326827,-15.968454,-1.434866,-0.44278589323350737
1670.0,12.0,-1.8786443465015696,-9.19109,-2.783609,0.8577311451976057
1670.0,24.0,-1.4814800921321813,9.790632,-1.752612,1.254895399566994
1670.0,25.0,-2.3001421286635693,-7.743505,-0.161603,0.4362333630356061
1670.0,29.0,-0.7134854659187706,-5.567257,1.899377,2.0228900257804048
1670.0,31.0,2.4783219119546587,5.093994,3.645085,5.214697403653834
1671.0,2.0,-7.870741350079706,-4.167866,-0.920795,-0.6285482423857456
1671.0,5.0,-5.597336306717897,-5.507667,-4.077366,1.644856800976064
1671.0,6.0,-16.073867842889822,0.373617,-0.489186,-8.831674735195861
1671.0,12.0,-4.540992896082473,-3.696124,-1.433198,2.7012002116114875
1671.0,24.0,-2.9259214170166885,-8.883608,-1.754127,4.316271690677272
1671.0,25.0,-5.761388298824155,-2.083702,1.122145,1.4808048088698058
1671.0,29.0,-1.3351545159822162,0.223827,2.636092,5.9070385917117445
1671.0,31.0,0.6278730335170968,16.46005,4.056598,7.8700661412110575
1672.0,2.0,-5.651417406645047,-5.224456,0.184525,2.6050932447912043
1672.0,5.0,-6.010255695785604,-3.03741,-3.244023,2.246254955650647
1672.0,6.0,-14.646916684851297,1.712525,0.493459,-6.390406033415045
1672.0,12.0,-5.503726925535115,-2.01782,-0.499534,2.7527837259011365
1672.0,24.0,-3.5775974912624307,1.09529,-1.940279,4.6789131601738205
1672.0,25.0,-5.820422689869211,-3.827166,1.705051,2.43608796156704
1672.0,29.0,-10.686845113403939,-3.280366,2.581491,-2.4303344619676874
1672.0,31.0,-1.7369293316707948,2.616468,3.893496,6.519581319765456
1673.0,2.0,-5.960480916103588,-1.202611,0.624303,2.8351727006937715
1673.0,5.0,-7.341983342927874,-7.214235,-3.158587,1.453670273869486
1673.0,6.0,-14.644726470539805,2.909925,2.69562,-5.849072853742445
1673.0,12.0,-7.115234912497931,-3.660288,-1.646872,1.680418704299429
1673.0,19.0,-7.9937361274546195,2.268382,1.240262,0.8019174893427401
1673.0,24.0,-3.2734787220239268,-7.911146,-4.705148,5.522174894773433
1673.0,25.0,-5.9836432586538155,-0.452259,0.00346,2.812010358143544
1673.0,29.0,-9.698029313106519,-0.794833,-0.042107,-0.9023756963091589
1673.0,31.0,-1.7840334280521377,13.219561,3.26577,7.011620188745222
1674.0,2.0,-6.469002062188052,1.862115,1.153024,0.7986535786716162
1674.0,5.0,-5.177163145226946,-3.215708,-2.854209,2.0904924956327218
1674.0,6.0,-15.720603125026527,-0.231977,3.268592,-8.45294748416686
1674.0,12.0,-7.521867280985095,-0.497627,-1.296615,-0.2542116401254271
1674.0,19.0,-10.09829733515506,1.389438,1.734617,-2.830641694295392
1674.0,24.0,-1.5780125127626032,-10.951792,-4.981524,5.689643128097065
1674.0,25.0,-6.5631703433233035,2.565271,0.218811,0.7044852975363645
1674.0,29.0,-7.3468606471584685,0.365266,-0.142198,-0.07920500629880056
1674.0,31.0,-1.9869982067677898,23.753297,3.252137,5.280657434091879
1675.0,2.0,-6.936659607193464,0.38435,1.34021,0.9745335686631735
1675.0,5.0,-5.692629181794743,-6.494933,-3.04993,2.2185639940618946
1675.0,6.0,-15.960934810444323,4.837192,3.466836,-8.049741634587686
1675.0,12.0,-6.737238562982362,-5.488757,-1.204364,1.173954612874276
1675.0,19.0,-8.066757147049035,10.983516,1.691032,-0.1555639711923975
1675.0,24.0,-2.218672205500254,-4.536749,-5.202283,5.692520970356384
1675.0,25.0,-6.7385762807535645,-0.49011,0.477631,1.172616895103073
1675.0,29.0,-6.73686013714319,-3.882943,0.108247,1.1743330387134474
1675.0,31.0,-1.7627079449215168,2.017607,3.615068,6.148485230935121
1676.0,2.0,-7.156020365515121,-6.284936,0.961988,0.916584946318495
1676.0,5.0,-6.281199580177731,-13.139882,-3.937309,1.7914057316558853
1676.0,6.0,-14.982310817673307,0.078656,3.313791,-6.909705505839691
1676.0,12.0,-7.429244879980526,-9.160171,-1.745135,0.6433604318530897
1676.0,24.0,-3.7515772785621513,-13.238139,-5.656718,4.321028033271465
1676.0,25.0,-7.118086513804794,-3.692317,0.419571,0.9545187980288219
1676.0,29.0,-6.777767552913714,-5.054402,0.3936,1.2948377589199023
1676.0,31.0,-2.484605720683361,121.381548,4.309192,5.587999591150255
1677.0,2.0,-6.4373801239915,-6.005837,0.858167,5.540760547064445
1677.0,5.0,-5.542130418637601,-13.025382,-3.967414,6.436010252418344
1677.0,6.0,-15.515796610795617,-4.861363,3.144705,-3.537655939739672
1677.0,12.0,-5.88525506670138,-12.168563,-1.76558,6.0928856043545645
1677.0,24.0,-1.7303493364528864,-8.368989,-5.509463,10.247791334603058
1677.0,25.0,-6.494743073894739,-7.661588,0.423423,5.483397597161206
1677.0,29.0,-10.049560060559639,-6.409354,0.474493,1.9285806104963061
1677.0,31.0,-0.6514227299476492,87.480002,4.302564,11.326717941108296
1678.0,2.0,-6.0598342661232465,8.385661,0.82407,5.214214541682686
1678.0,5.0,-5.967937423358597,0.129349,-3.523234,5.306111384447336
1678.0,6.0,-15.099408657949398,-3.918113,3.001261,-3.8253598501434656
1678.0,12.0,-6.485522176311861,4.684312,-1.648637,4.788526631494072
1678.0,24.0,-0.6348493215632001,19.949903,-5.142393,10.639199486242733
1678.0,25.0,-6.102762387897277,4.871293,0.258768,5.171286419908656
1678.0,29.0,-10.84166084496762,3.196713,0.221635,0.4323879628383125
1678.0,31.0,-1.4017452559195238,23.630488,3.794625,9.872303551886409
1679.0,2.0,-6.580719152595712,13.481713,0.807934,-1.5989960524920415
1679.0,5.0,-3.3661520143717625,0.230995,-2.837893,1.6155710857319083
1679.0,6.0,-14.861145944040853,2.813844,2.957899,-9.879422843937181
1679.0,12.0,-7.839417630833518,5.954236,-1.559349,-2.857694530729847
1679.0,19.0,-9.255506536199304,2.640395,1.656395,-4.273783436095633
1679.0,24.0,-0.8885953622407969,-1.214744,-4.801185,4.093127737862874
1679.0,25.0,-6.834567322894889,5.73596,-0.126158,-1.8528442227912185
1679.0,29.0,-7.456210180340181,2.720571,-0.372393,-2.4744870802365098
1679.0,31.0,-2.3013478893843295,16.615527,2.96954,2.6803752107193413
1680.0,2.0,-8.08882499353297,0.717716,0.175432,-4.612630963138452
1680.0,5.0,-4.3037196826996835,-2.011985,-1.993723,-0.8275256523051651
1680.0,6.0,-6.986991959937707,2.755847,2.322894,-3.5107979295431884
1680.0,12.0,-7.173060941725029,-1.322341,-1.882541,-3.6968669113305106
1680.0,19.0,-5.1790312404855126,6.401309,1.983366,-1.702837210090994
1680.0,24.0,-4.9711863156242355,-5.592344,-4.026933,-1.494992285229717
1680.0,25.0,-10.145864025327807,0.790704,-1.151536,-6.6696699949332885
1680.0,29.0,-5.705051530798014,-5.815689,-1.440773,-2.228857500403495
1680.0,31.0,-5.083946638673277,46.118943,1.503943,-1.6077526082787585
1681.0,2.0,-7.6296539317877805,-5.25613,-0.644753,-2.016211090577521
1681.0,5.0,-7.767256646407498,-5.357341,-1.87325,-2.153813805197238
1681.0,6.0,-5.1054065431356515,0.244518,1.678242,0.5080362980746083
1681.0,12.0,-8.332747078784942,-6.317187,-2.560473,-2.7193042375746828
1681.0,19.0,-3.769992606741586,17.591311,2.004105,1.8434502344686736
1681.0,24.0,-7.22506153079668,-7.648552,-3.692777,-1.61161868958642
1681.0,25.0,-7.8015385321219455,-5.059201,-2.115483,-2.1880956909116858
1681.0,29.0,-6.928605567230147,-6.542213,-2.211369,-1.3151627260198877
1681.0,31.0,-6.306086201552315,2.406211,0.692569,-0.6926433603420552
1682.0,2.0,-0.16385390274040557,-5.680507,-0.857315,1.437573789169547
1682.0,5.0,0.7372817968727148,-0.818401,-1.624675,2.3387094887826674
1682.0,6.0,0.5484360841521996,-7.55051,1.560047,2.149863776062152
1682.0,12.0,-4.580491950115354,-11.860825,-2.75164,-2.979064258205401
1682.0,24.0,-6.8886169000415824,-5.965567,-3.582661,-5.28718920813163
1682.0,25.0,-4.794723907062837,-8.986049,-2.549263,-3.193296215152884
1682.0,29.0,-3.809042590993597,-14.257043,-2.687071,-2.2076148990836444
1682.0,31.0,-8.369861277422139,2.173103,0.196248,-6.768433585512186
1683.0,2.0,-0.33353785162695715,-2.553007,-1.033829,-0.46287385981947793
1683.0,5.0,1.9519105928019833,-6.749545,-1.550518,1.8225745846094625
1683.0,6.0,2.6812493356851395,-1.464218,1.46549,2.5519133274926187
1683.0,12.0,-5.0858192346944175,-4.169962,-2.92864,-5.215155242886938
1683.0,19.0,5.878938627865901,29.400559,2.342027,5.7496026196733805
1683.0,24.0,-5.4504988243129215,-0.879205,-3.55254,-5.579834832505442
1683.0,25.0,-4.895743037755136,-4.854884,-2.836284,-5.025079045947657
1683.0,29.0,-1.925666819330086,-6.734136,-2.966383,-2.055002827522607
1683.0,31.0,-7.895017792961294,-4.711837,-0.058383,-8.024353801153815
1684.0,2.0,-0.14531388342034823,-3.292473,-0.996906,1.214877546349685
1684.0,5.0,3.079111452542543,-0.830364,-1.508124,4.439302882312576
1684.0,6.0,-0.5482273823777657,-6.093226,1.671801,0.8119640473922676
1684.0,12.0,-4.765034340877847,-6.22474,-3.039306,-3.4048429111078136
1684.0,19.0,5.30994151681524,66.808649,2.646861,6.670132946585273
1684.0,24.0,-7.3958793157793945,-10.736438,-3.799319,-6.035687886009361
1684.0,25.0,-5.303008792918117,-7.521535,-3.025497,-3.942817363148084
1684.0,29.0,-4.4372897747524895,-8.709439,-3.252619,-3.0770983449824563
1684.0,31.0,-7.013152290031716,6.655912,-0.165162,-5.6529608602616825
1685.0,2.0,2.4623556744329678,-4.743677,-0.92082,5.781186920586787
1685.0,5.0,2.206251261226094,-8.065158,-1.602685,5.5250825073799135
1685.0,6.0,-1.4627015036376148,-6.573666,2.022664,1.8561297425162047
1685.0,12.0,-3.1850155699539027,-7.541989,-3.22685,0.13381567619991674
1685.0,19.0,5.713365482872494,34.968576,3.03409,9.032196729026314
1685.0,24.0,-9.252907017535566,-9.101277,-4.280241,-5.934075771381747
1685.0,25.0,-5.165316463986551,-7.603918,-3.222898,-1.8464852178327318
1685.0,29.0,-5.298984235684854,-4.885708,-3.559267,-1.9801529895310344
1685.0,31.0,-5.069175756647505,28.013933,-0.129523,-1.7503445104936857
1686.0,2.0,0.769168509524258,0.034158,-0.976436,1.0322586567758398
1686.0,5.0,1.8862031134749042,2.522791,-1.651976,2.149293260726486
1686.0,6.0,1.5750307943416253,-3.447707,2.104522,1.8381209415932072
1686.0,12.0,-4.181276759494666,-2.68635,-3.383587,-3.918186612243084
1686.0,19.0,7.7137856622034615,19.029026,3.188456,7.976875809455043
1686.0,24.0,-7.896830776102589,-4.517568,-4.460359,-7.633740628851007
1686.0,25.0,-4.663075861757875,0.113824,-3.399897,-4.399985714506293
1686.0,29.0,2.0844469246594723,-8.849696,-3.75509,2.347537071911054
1686.0,31.0,-7.563948795286764,9.727216,-0.176369,-7.300858648035183
1687.0,2.0,1.1890816277672815,-6.927605,-0.994599,2.9978388119695722
1687.0,5.0,1.5185768777678472,-7.672027,-1.743859,3.327334061970138
1687.0,6.0,-1.1321633373428313,-3.121385,2.074091,0.6765938468594594
1687.0,12.0,-4.17718084844512,-8.088597,-3.396898,-2.3684236642428296
1687.0,19.0,5.161510202717485,17.373559,3.098135,6.970267386919776
1687.0,24.0,-9.075121715949054,-4.941167,-4.469678,-7.266364531746763
1687.0,25.0,-4.887273799754407,-6.560595,-3.348263,-3.0785166155521164
1687.0,29.0,-1.6524847687189785,-6.100309,-3.660321,0.15627241548331217
1687.0,31.0,-6.526971978158855,5.222635,-0.073575,-4.718214793956564
1688.0,2.0,-2.259406165756313,-4.874025,-0.916786,-2.816231513805612
1688.0,5.0,-2.3428959565711978,-5.786811,-1.869859,-2.899721304620497
1688.0,6.0,-0.4385499977819265,2.117329,1.973461,-0.9953753458312257
1688.0,12.0,-5.887707851721196,-7.827539,-3.213327,-6.444533199770495
1688.0,19.0,-1.1575783643367332,-1.167897,2.767436,-1.7144037123860323
1688.0,24.0,-1.429977554072551,0.325809,-4.319454,-1.98680290212185
1688.0,25.0,-4.65739873344172,-7.667325,-3.0047,-5.21422408149102
1688.0,29.0,-5.272153823912839,-8.001762,-3.229457,-5.828979171962138
1688.0,31.0,-2.1372261413086093,-3.663072,0.218247,-2.6940514893579084
1689.0,2.0,-2.793684494337111,-8.510437,0.122108,-0.8405260117063502
1689.0,5.0,-3.0820261277931538,1.276167,-1.456094,-1.128867645162393
1689.0,6.0,-1.1793025023057222,6.552118,2.025988,0.7738559803250387
1689.0,12.0,-5.8367918983464495,-10.975423,-1.661233,-3.8836334157156887
1689.0,19.0,-5.570119568863668,32.02344,1.960181,-3.6169610862329074
1689.0,24.0,-2.463766352242444,-14.514748,-3.414362,-0.5106078696116829
1689.0,25.0,-5.409984045637499,-9.814516,-1.237689,-3.456825563006738
1689.0,29.0,-7.7215486657094115,-11.101949,-1.579067,-5.768390183078651
1689.0,31.0,-2.1706352402527958,-12.978064,0.92946,-0.2174767576220349
1690.0,2.0,-5.091712463738158,-0.370038,0.647674,-2.38995959379863
1690.0,5.0,-7.42378928384527,-1.772674,-1.183514,-4.722036413905742
1690.0,6.0,-4.58240585606587,10.129046,2.408293,-1.880652986126342
1690.0,12.0,-5.892000038510163,-3.311622,-1.162617,-3.190247168570635
1690.0,19.0,-4.925968906566672,-1.722801,2.142517,-2.2242160366271433
1690.0,24.0,-3.5810524910335637,-0.080397,-3.436362,-0.8792996210940354
1690.0,25.0,-12.301092928710524,-3.050619,-0.790376,-9.599340058770995
1690.0,29.0,-5.179422641093622,-1.529996,-1.35767,-2.477669771154094
1690.0,31.0,-3.91922788794866,-4.717994,1.042243,-1.2174750180091318
1691.0,2.0,-6.8143778008697655,4.607752,-0.780986,-3.659856581803047
1691.0,5.0,-2.9659999956463876,2.314054,-3.767163,0.18852122342033084
1691.0,6.0,-12.486188391070796,2.817765,1.862411,-9.331667172004078
1691.0,12.0,-7.863258403948698,2.98451,-3.144769,-4.708737184881979
1691.0,19.0,-4.7517080298715975,4.553951,1.11897,-1.597186810804879
1691.0,24.0,-3.439665924964914,-2.880309,-4.867332,-0.28514470589819574
1691.0,25.0,-8.54263103185702,6.073268,-1.500808,-5.388109812790302
1691.0,29.0,-5.754385813884644,2.554137,-1.038342,-2.5998645948179258
1691.0,31.0,-4.726973475593589,-0.11711,2.719645,-1.5724522565268702
1692.0,2.0,-8.002282553850357,1.08456,-1.064706,-2.464805076748135
1692.0,5.0,-6.318752062197015,-3.637914,-4.020678,-0.7812745850947929
1692.0,6.0,-13.591895488685768,13.1537,1.568135,-8.054418011583547
1692.0,12.0,-7.8916739861474285,-1.368698,-3.355257,-2.354196509045207
1692.0,19.0,-6.340702849499673,3.078714,0.810861,-0.803225372397451
1692.0,24.0,-4.278428188916232,-1.983309,-4.775475,1.2590492881859898
1692.0,25.0,-7.1528475421293765,-0.128862,-1.580492,-1.6153700650271547
1692.0,29.0,-7.041416775191388,-3.975486,-0.923104,-1.5039392980891666
1692.0,31.0,-3.756354935809833,4.216135,2.828303,1.7811225412923886
1693.0,2.0,-7.214197936168677,-2.004124,-1.04126,3.8995489202037277
1693.0,5.0,-4.992876978163547,-5.184498,-4.119368,6.1208698782088575
1693.0,6.0,-15.639397430033128,-1.268506,1.450985,-4.525650573660723
1693.0,12.0,-5.017160563186964,-5.056587,-3.23627,6.096586293185441
1693.0,19.0,-10.431832128724304,-0.308036,0.535055,0.6819147276481008
1693.0,24.0,-2.669319998891079,1.532437,-4.632716,8.444426857481325
1693.0,25.0,-6.370450374536775,-0.323482,-1.342346,4.74329648183563
1693.0,29.0,-9.72617725251208,-2.615367,-0.601957,1.3875696038603245
1693.0,31.0,0.21217628585038906,13.716836,3.031014,11.325923142222795
1694.0,2.0,-8.574901086281956,1.47066,-1.246282,-5.340012645731184
1694.0,5.0,-7.232262725652157,-1.968657,-4.326529,-3.9973742851013845
1694.0,6.0,-11.970832248043617,-1.715625,1.020533,-8.735943807492845
1694.0,12.0,-4.509633021944718,0.300357,-3.211514,-1.274744581393945
1694.0,19.0,-4.911622920283959,2.282963,-0.039169,-1.6767344797331858
1694.0,24.0,2.109010112692471,0.27621,-4.266527,5.343898553243244
1694.0,25.0,-4.232755001781457,0.946916,-1.135319,-0.9978665612306838
1694.0,29.0,-0.7891019427422652,0.021242,-0.156581,2.4457864978085078
1694.0,31.0,2.328205515202864,7.746489,3.243197,5.5630939557536365
1695.0,2.0,-9.534700466862297,-2.107939,-1.78673,-6.429171031445225
1695.0,5.0,-8.192791439578453,-3.638283,-4.742121,-5.087262004161381
1695.0,6.0,-7.302771708725886,9.326804,0.450252,-4.197242273308815
1695.0,12.0,-1.934356574753802,1.549846,-3.595338,1.1711728606632694
1695.0,19.0,-3.8246620743261515,-0.201228,-0.593689,-0.71913263890908
1695.0,24.0,-0.17197330672613198,-0.510867,-4.048833,2.9335561286909395
1695.0,25.0,-4.099325176274658,-3.826215,-1.314162,-0.9937957408575868
1695.0,29.0,-0.4070651832135237,-2.23201,0.016177,2.698464252203548
1695.0,31.0,2.8933232632572086,21.072407,3.374314,5.9988526986742805
1696.0,2.0,-8.811016106870301,-1.20518,-2.040253,-8.240530312554021
1696.0,5.0,-6.71523767495899,-5.494128,-4.575744,-6.14475188064271
1696.0,6.0,-9.777671180435805,-1.233504,0.093727,-9.207185386119525
1696.0,12.0,-0.424589044622925,0.122787,-3.659333,0.14589674969335542
1696.0,19.0,-9.580629588217064,-0.888632,-0.738451,-9.010143793900784
1696.0,24.0,7.397925539007872,3.308461,-3.664865,7.968411333324152
1696.0,25.0,-2.1423602708292075,-2.161526,-1.506809,-1.571874476512927
1696.0,29.0,6.0993729544206055,-1.804236,-0.09571,6.6698587487368854
1696.0,31.0,10.72491109493673,13.641891,3.042341,11.29539688925301
1697.0,2.0,-9.667555483463955,2.487955,-2.116505,-4.149505758900921
1697.0,5.0,-9.092126026363431,-2.437416,-4.461733,-3.574076301800397
1697.0,6.0,-7.529591002123014,-6.741389,-0.102844,-2.0115412775599797
1697.0,12.0,-2.6642469442505705,2.04447,-3.597621,2.8538027803124635
1697.0,19.0,-3.713727391010779,6.161174,-0.874765,1.8043223335522551
1697.0,24.0,-2.5463529966473883,-3.989603,-3.394567,2.9716967279156457
1697.0,25.0,-4.409306736283,4.523155,-1.499728,1.1087429882800341
1697.0,29.0,-1.7541337870923357,0.148968,-0.048744,3.7639159374706983
1697.0,31.0,-0.29533992564506484,8.032084,2.907978,5.222709798917969
1698.0,2.0,-9.475324337800227,-8.612049,-1.999481,-4.86992298222769
1698.0,5.0,-8.169287026112826,-8.821316,-4.653558,-3.563885670540289
1698.0,6.0,-8.316638260341072,-1.996343,0.118367,-3.711236904768535
1698.0,12.0,-2.872552261640171,-4.485251,-3.629956,1.7328490939323662
1698.0,19.0,-3.8267145122966038,-5.378348,-0.80161,0.7786868432759335
1698.0,24.0,0.7144116668382061,-0.625619,-3.701378,5.319813022410743
1698.0,25.0,-4.157035699661165,-6.497623,-1.410604,0.44836565591137223
1698.0,29.0,-0.5194858317488507,-0.683437,0.019733,4.085915523823687
1698.0,31.0,2.959082683162693,42.982444,3.171839,7.56448403873523
1699.0,2.0,-8.7241000611522,-2.906599,-1.74306,-7.19342630735661
1699.0,5.0,-6.536062790778183,-9.705103,-4.867813,-5.005389036982592
1699.0,6.0,-13.18873839540762,-5.567211,0.676369,-11.65806464161203
1699.0,12.0,-3.731779205526574,-2.56963,-3.73615,-2.201105451730984
1699.0,19.0,-5.673721927714983,2.085123,-0.384583,-4.143048173919393
1699.0,24.0,5.808487834706309,-2.349741,-4.389918,7.339161588501899
1699.0,25.0,-3.33849151517751,-0.887453,-1.418996,-1.8078177613819197
1699.0,29.0,1.8806581709687658,0.024375,-0.133584,3.411331924764356
1699.0,31.0,7.9728508119614965,66.038681,3.466516,9.503524565757086
1700.0,2.0,-11.047353971365485,-4.08842,-1.326149,-4.607362382676036
1700.0,5.0,-10.260270942216213,-6.232205,-4.666987,-3.8202793535267636
1700.0,6.0,-9.767120319515248,0.002184,1.443844,-3.327128730825799
1700.0,12.0,-11.627104720040432,-3.940646,-3.727317,-5.187113131350983
1700.0,19.0,-7.664173542104449,-8.987905,0.462321,-1.224181953415
1700.0,24.0,-7.9577643366667274,-4.497052,-5.07502,-1.5177727479772782
1700.0,25.0,-9.810402915466215,-0.656409,-1.591079,-3.3704113267767655
1700.0,29.0,-7.808223491040777,-0.537957,-0.668614,-1.3682319023513276
1700.0,31.0,-6.646689931820736,75.032106,3.350508,-0.2066983431312872
1701.0,2.0,-10.034724702829616,-12.888735,-1.858448,-3.6673949257297256
1701.0,5.0,-9.732541759446843,-10.229702,-4.556586,-3.3652119823469526
1701.0,6.0,-8.619354003656781,0.388622,1.45484,-2.252024226556891
1701.0,12.0,-9.976786666538022,-7.47025,-4.516688,-3.609456889438132
1701.0,19.0,-6.725983188377759,-0.691387,1.159728,-0.358653411277869
1701.0,24.0,-6.889611660337085,-10.973641,-5.450936,-0.5222818832371949
1701.0,25.0,-9.623496723240885,-10.047992,-2.73101,-3.256166946140995
1701.0,29.0,-7.1425580976111025,-6.686949,-1.870755,-0.7752283205112125
1701.0,31.0,-6.279135853684219,65.65716,2.574767,0.08819392341567145
1702.0,2.0,-6.359173010552692,2.092957,-2.68754,4.573882551690962
1702.0,5.0,-5.044007555959269,-13.549975,-4.558878,5.889048006284384
1702.0,6.0,-15.348416067529866,2.540181,0.540909,-4.415360505286213
1702.0,12.0,-5.417641154957476,-9.596041,-4.995859,5.515414407286178
1702.0,24.0,-1.9171714912457518,-17.211444,-4.787199,9.015884070997902
1702.0,25.0,-6.278394320220062,-11.678695,-3.329989,4.654661242023592
1702.0,29.0,-10.323038821992224,-9.807583,-2.1288,0.6100167402514298
1702.0,31.0,-0.20553442451003345,58.28742,2.027579,10.727521137733621
1703.0,2.0,-2.718666960024853,2.697874,-2.778309,-0.040241806036535266
1703.0,5.0,-2.6714990438471657,-3.343397,-4.416598,0.006926110141152186
1703.0,6.0,-4.284252373947765,-5.323799,0.441398,-1.6058272199594468
1703.0,12.0,-4.963293227412766,-3.011322,-5.032319,-2.284868073424448
1703.0,24.0,-3.2194397215624524,-2.792914,-4.653321,-0.5410145675741345
1703.0,25.0,-6.521623933410397,1.659474,-3.480256,-3.843198779422079
1703.0,29.0,-4.913348279856309,-0.267851,-2.289148,-2.234923125867991
1703.0,31.0,-9.056840521046395,26.021686,1.794374,-6.378415367058077
1704.0,2.0,-8.772864776357814,-2.842007,-2.723561,1.1981696421724468
1704.0,5.0,-11.260397802120451,0.524069,-4.331226,-1.2893633835901905
1704.0,6.0,-9.648268009799677,5.442104,0.489983,0.32276640873058327
1704.0,12.0,-11.029756198795134,-5.254558,-4.981553,-1.0587217802648734
1704.0,24.0,-6.5765302078519206,-16.22269,-4.64299,3.39450421067834
1704.0,25.0,-10.388722752544693,-0.633371,-3.478024,-0.41768833401443217
1704.0,29.0,-10.400405282340678,-8.346082,-2.332378,-0.42937086381041745
1704.0,31.0,-7.546565859594593,16.331499,1.73219,2.4244685589356676
1705.0,2.0,-3.164355591895201,-13.99847,-2.769719,0.7109589466112709
1705.0,5.0,-5.4266952149127405,-6.585433,-4.396237,-1.5513806764062688
1705.0,6.0,-3.3201213926801634,0.502396,0.457067,0.5551931458263084
1705.0,12.0,-6.121137127371277,-13.319118,-5.031634,-2.2458225888648053
1705.0,24.0,-4.41158437909725,-3.011784,-4.658711,-0.5362698405907782
1705.0,25.0,-6.311643418637985,-3.627974,-3.495459,-2.436328880131513
1705.0,29.0,-5.38168518383975,-13.679535,-2.315596,-1.506370645333278
1705.0,31.0,-6.618135199252473,40.12749,1.770336,-2.742820660746001
1706.0,2.0,-10.640401527363473,2.14835,-2.721397,-0.010206074157466105
1706.0,5.0,-12.327411752780943,-0.835896,-4.384152,-1.6972162995749365
1706.0,6.0,-10.877830537967059,-0.523694,0.488458,-0.24763508476105223
1706.0,12.0,-12.37995788491438,-7.95382,-4.985047,-1.7497624317083726
1706.0,24.0,-8.792835386055984,-20.343669,-4.660415,1.8373600671500228
1706.0,25.0,-11.601445730483052,2.341768,-3.443529,-0.9712502772770453
1706.0,29.0,-11.230661476875081,-11.178076,-2.277725,-0.6004660236690746
1706.0,31.0,-9.435562703539922,68.693695,1.797309,1.1946327496660842
1707.0,2.0,-10.428498305629946,-7.562495,-2.683059,-3.1754881933038943
1707.0,5.0,-10.135239216250906,-8.669177,-4.371083,-2.882229103924854
1707.0,6.0,-8.87547151238938,-3.06781,0.511899,-1.6224614000633286
1707.0,12.0,-9.993208530732163,-14.990129,-4.946625,-2.740198418406112
1707.0,24.0,-8.08027193902063,-15.159292,-4.658054,-0.8272618266945786
1707.0,25.0,-11.758483584310461,-10.083356,-3.402906,-4.50547347198441
1707.0,29.0,-7.996656840843846,-14.101596,-2.248654,-0.7436467285177946
1707.0,31.0,-7.802742125291335,33.311661,1.815014,-0.5497320129652836
1708.0,2.0,-2.7750255244291724,2.250459,-2.642676,-1.6102199128599701
1708.0,5.0,-4.596915128962696,-7.445834,-4.330156,-3.4321095173934935
1708.0,6.0,-1.1607386457683329,5.538151,0.527595,0.004066965800869404
1708.0,12.0,-6.45830218529461,-10.030929,-4.895369,-5.293496573725408
1708.0,24.0,-3.4319500459377723,-21.574596,-4.631156,-2.26714443436857
1708.0,25.0,-5.700709975580099,-3.919542,-3.365448,-4.5359043640108965
1708.0,29.0,-4.510276632103004,-8.858534,-2.228895,-3.3454710205338016
1708.0,31.0,-4.224994339769091,41.978634,1.805308,-3.0601887281998885
1709.0,2.0,-2.013926992014479,4.46701,-2.598155,-0.8671459924939082
1709.0,5.0,-4.249599678892936,-0.68376,-4.317845,-3.1028186793723656
1709.0,6.0,0.3677465392256627,3.282603,0.550953,1.5145275387462336
1709.0,12.0,-4.9385043502006525,-7.319672,-4.847779,-3.7917233506800816
1709.0,24.0,-3.286406841051082,-23.830981,-4.624333,-2.139625841530511
1709.0,25.0,-5.09541010753426,-10.771942,-3.311933,-3.948629108013689
1709.0,29.0,-3.913750184428144,-10.568573,-2.186385,-2.7669691849075733
1710.0,2.0,-0.17606343081434606,1.378557,-2.550827,1.3486775600873044
1710.0,5.0,-3.3709701828770533,-1.955661,-4.307089,-1.8462291919754028
1710.0,6.0,0.6578265706532775,5.034912,0.576766,2.182567561554928
1710.0,12.0,-1.8952176676161967,-4.905782,-4.798248,-0.3704766767145462
1710.0,24.0,0.9476852849249742,7.907692,-4.619559,2.4724262758266247
1710.0,25.0,-4.218525673538732,-10.700717,-3.254743,-2.6937846826370815
1710.0,29.0,-1.5968179215679354,-7.970616,-2.140551,-0.07207693066628496
1711.0,2.0,-5.48604398894038,-5.68743,-2.508754,-2.0372454675929803
1711.0,5.0,-3.039048771322827,0.264182,-4.300118,0.40974975002457237
1711.0,6.0,-7.802324626454107,2.26682,0.600035,-4.353526105106708
1711.0,12.0,-5.884869028805529,-1.095438,-4.754899,-2.4360705074581293
1711.0,24.0,-2.5187237725198033,14.146962,-4.616839,0.9300747488275962
1711.0,25.0,-8.809083811957368,-9.831183,-3.202897,-5.360285290609969
1711.0,29.0,-5.654042739188232,-4.203331,-2.097959,-2.2052442178408325
1712.0,2.0,-12.215540769373868,-16.305649,-2.457454,-2.7892739333689196
1712.0,5.0,-12.152208273519282,-6.48549,-4.287232,-2.725941437514333
1712.0,6.0,-11.329379233794173,2.829114,0.627631,-1.903112397789224
1712.0,12.0,-13.438131772998348,-9.002676,-4.7007,-4.011864936993399
1712.0,24.0,-10.230360798976772,-8.2959,-4.610716,-0.8040939629718231
1712.0,25.0,-12.254582381059256,-11.383776,-3.141069,-2.8283155450543074
1712.0,29.0,-11.066438789360593,-10.869399,-2.048752,-1.6401719533556438
1712.0,31.0,-9.910689361838166,131.059586,1.922864,-0.4844225258332173
1713.0,2.0,-13.24653342950173,-4.654172,-2.421074,-1.2020773417902664
1713.0,5.0,-13.522827849428698,-10.479196,-4.272206,-1.4783717617172343
1713.0,6.0,-12.689951257389165,2.324106,0.640081,-0.6454951696777016
1713.0,12.0,-13.483744023927747,-11.776253,-4.655884,-1.4392879362162834
1713.0,24.0,-11.076421299937653,-10.802876,-4.593554,0.96803478777381
1713.0,25.0,-12.44479633076158,-10.163268,-3.092741,-0.40034024305011684
1713.0,29.0,-12.436356802236462,-9.927054,-2.008226,-0.39190071452499886
1713.0,31.0,-10.725148690289199,70.391326,1.941332,1.3193073974222642
1714.0,2.0,-10.402653332361997,-20.441869,-2.409543,2.432561942025359
1714.0,5.0,-12.6943933941745,-13.753313,-4.254582,0.14082188021285447
1714.0,6.0,-11.862214365003325,0.497521,0.628158,0.9730009093840302
1714.0,12.0,-10.398835762160783,-17.768748,-4.627499,2.436379512226573
1714.0,24.0,-10.045047153167541,-19.125971,-4.559598,2.790168121219814
1714.0,25.0,-11.127558519034821,-13.038424,-3.067324,1.7076567553525344
1714.0,29.0,-10.766835582678256,-15.085687,-1.982621,2.068379691709099
1714.0,31.0,-9.735165954880413,86.550861,1.938732,3.100049319506942
1715.0,2.0,-9.363660068497037,-23.354253,-2.403786,2.344658291802798
1715.0,5.0,-11.468958365843362,-11.6615,-4.236541,0.23935999445647305
1715.0,6.0,-11.255019742206144,-4.321808,0.610494,0.4532986180936902
1715.0,12.0,-9.2225601174211,-15.126661,-4.602879,2.4857582428787346
1715.0,24.0,-8.024157651865313,6.771161,-4.521711,3.684160708434522
1715.0,25.0,-9.499071762219518,-7.283059,-3.047021,2.209246598080316
1715.0,29.0,-9.727023184024388,-12.152927,-1.960192,1.981295176275447
1715.0,31.0,-7.474366059585601,80.199253,1.931509,4.2339523007142335
1716.0,2.0,-7.505889687206043,-28.042795,-2.399939,2.4408852781893167
1716.0,5.0,-10.706177723802814,-10.775177,-4.217321,-0.7594027584074539
1716.0,6.0,-9.82765114590943,-15.373048,0.589874,0.11912381948592987
1716.0,12.0,-7.823234601023318,-19.705219,-4.578489,2.123540364372042
1716.0,24.0,-7.006486390924894,1.893991,-4.480579,2.9402885744704657
1716.0,25.0,-8.15033746685899,-15.331353,-3.027778,1.7964374985363705
1716.0,29.0,-7.585874636529728,-16.949236,-1.938117,2.3609003288656316
1716.0,31.0,-6.11038404124828,82.526592,1.922025,3.8363909241470795
1717.0,2.0,-7.860918375402493,-13.381987,-2.4021,2.685037740974339
1717.0,5.0,-10.775332169361118,-2.550888,-4.196013,-0.22937605298428565
1717.0,6.0,-9.937340776976907,-0.152976,0.562545,0.6086153393999254
1717.0,12.0,-8.02977237809035,-4.672992,-4.557193,2.5161837382864825
1717.0,24.0,-6.351400915221706,2.61881,-4.43359,4.194555201155126
1717.0,25.0,-8.251639500444433,-4.680496,-3.013958,2.2943166159323987
1717.0,29.0,-7.924056334400769,-3.864758,-1.919716,2.6218997819760634
1718.0,2.0,-13.713536579951992,-22.710881,-2.411814,-0.5309864365145032
1718.0,5.0,-14.233033597268436,-21.933528,-4.173057,-1.0504834538309478
1718.0,6.0,-12.981126571557699,-26.902388,0.527535,0.20142357187978988
1718.0,12.0,-12.917850148583979,-32.284741,-4.540532,0.26469999485351003
1718.0,19.0,-10.580479764611322,-10.791071,0.627785,2.6020703788261663
1718.0,24.0,-11.917225148867487,-13.10305,-4.380727,1.2653249945700011
1718.0,25.0,-12.696734595950257,-27.342176,-3.007268,0.4858155474872312
1718.0,29.0,-13.215502736439603,-27.319174,-1.906224,-0.03295259300211484
1718.0,31.0,-11.333509985131657,102.385063,1.88285,1.8490401583058311
1719.0,2.0,-12.374075512631693,-32.952044,-2.409349,0.758993049656036
1719.0,5.0,-13.977449239770372,-24.573339,-4.125063,-0.8443806774826434
1719.0,6.0,-13.30527936133528,-26.629558,0.505214,-0.17221079904755143
1719.0,12.0,-11.966274876552703,-29.992328,-4.51317,1.1667936857350263
1719.0,19.0,-10.863645113931508,-24.773353,0.624181,2.2694234483562212
1719.0,24.0,-11.87690062076896,-24.877858,-4.325798,1.2561679415187683
1719.0,25.0,-12.804654711554523,-29.369716,-3.005446,0.32841385073320595
1719.0,29.0,-12.853334220929753,-27.693055,-1.91074,0.27973434135797604
1719.0,31.0,-11.493235689125632,102.671626,1.837802,1.6398328731620975
1720.0,2.0,-12.215273522614172,-24.106094,-2.562402,-1.0148243442341514
1720.0,5.0,-12.621066857982894,-20.416915,-4.114216,-1.4206176796028736
1720.0,6.0,-12.292984784265766,-23.43583,0.342771,-1.092535605885745
1720.0,12.0,-10.878142442834271,-20.932597,-4.605281,0.32230673554574985
1720.0,19.0,-10.068192617412736,-18.73133,0.555952,1.132256560967285
1720.0,24.0,-10.628450704568934,-6.413344,-4.206019,0.571998473811087
1720.0,25.0,-12.09976293200116,-21.63307,-3.130378,-0.89931375362114
1720.0,29.0,-10.900203743198295,-22.716609,-1.979173,0.30024543518172564
1720.0,31.0,-10.32745594032869,75.847885,1.719118,0.8729932380513308
1721.0,2.0,-11.128142860185907,-34.322703,-2.643784,-2.5510124894094766
1721.0,5.0,-11.141746939691044,-15.28046,-4.163105,-2.564616568914614
1721.0,6.0,-10.7231435861383,-15.303421,0.254413,-2.1460132153618705
1721.0,12.0,-11.15299366789691,-12.123687,-4.659699,-2.5758632971204793
1721.0,19.0,-8.210759323909624,-12.548717,0.478285,0.36637104686680644
1721.0,24.0,-9.184949934052543,-8.167821,-4.162802,-0.607819563276113
1721.0,25.0,-11.85895804280638,-14.117078,-3.163328,-3.2818276720299497
1721.0,29.0,-9.862786720866854,-12.499744,-1.962431,-1.2856563500904237
1721.0,31.0,-8.426131574479568,71.571841,1.722584,0.15099879629686264
1722.0,2.0,-5.509526425187941,-18.25963,-2.509752,-4.512847934524427
1722.0,5.0,-5.029085203841262,-11.177805,-4.144203,-4.032406713177748
1722.0,6.0,-5.058843730259574,-6.039929,0.362531,-4.06216523959606
1722.0,12.0,-3.147794550751019,-12.163026,-4.548598,-2.1511160600875048
1722.0,19.0,-3.2625136173213956,-20.772248,0.505232,-2.2658351266578807
1722.0,24.0,0.0828894705839538,-20.469966,-4.205804,1.0795679612474685
1722.0,25.0,-1.1640119497369317,-10.357966,-3.032909,-0.167333459073417
1722.0,29.0,0.2924631783684548,-11.044089,-1.875859,1.2891416690319695
1722.0,31.0,8.040237520280707,69.550838,1.807188,9.036916010944221
1723.0,2.0,-11.143995000312477,-18.159116,-2.458493,-1.1270017889526436
1723.0,5.0,-11.785384796387127,-8.350067,-4.11551,-1.7683915850272935
1723.0,6.0,-11.739985591441425,-10.005063,0.395468,-1.7229923800815907
1723.0,12.0,-9.602547166311103,-6.631538,-4.496916,0.41444604504873084
1723.0,19.0,-8.766202724916825,-8.918512,0.517579,1.2507904864430088
1723.0,24.0,-9.491483954832692,-12.97454,-4.200647,0.5255092565271422
1723.0,25.0,-10.83915721456696,-7.593577,-2.986392,-0.822164003207126
1723.0,29.0,-9.391155042741605,-4.229126,-1.849522,0.6258381686182286
1723.0,31.0,-8.700662084477209,73.750049,1.817167,1.3163311268826252
1724.0,2.0,-7.339127528505911,-39.978807,-2.427397,-5.934764719109911
1724.0,5.0,-6.37039546106975,-8.584421,-4.121961,-4.96603265167375
1724.0,6.0,-11.085527056216367,-11.273949,0.418781,-9.681164246820368
1724.0,12.0,-1.444025509781957,-17.069966,-4.471611,-0.03966270038595665
1724.0,19.0,-5.779529027619654,-15.333784,0.513409,-4.375166218223654
1724.0,24.0,5.947804221772916,-11.759987,-4.212335,7.352167031168916
1724.0,25.0,-2.0162061322225306,-8.518524,-2.948645,-0.6118433228265303
1724.0,29.0,2.630366975055206,-7.017158,-1.816956,4.034729784451207
1724.0,31.0,10.314889696353319,41.582423,1.85007,11.719252505749319
1725.0,2.0,-10.898143654162002,-1.628583,-2.398232,-0.4267680150441002
1725.0,5.0,-12.002887958108142,-6.257712,-4.135318,-1.5315123189902398
1725.0,6.0,-11.727971121333715,-4.240967,0.445962,-1.256595482215813
1725.0,12.0,-9.543219337230177,-13.564434,-4.453269,0.928156301887725
1725.0,19.0,-9.111605284453116,-8.010656,0.512525,1.3597703546647857
1725.0,24.0,-9.3900667373595,-0.401348,-4.233975,1.0813089017584012
1725.0,25.0,-10.965270614691468,-1.1752,-2.915246,-0.493894975573566
1725.0,29.0,-9.542461713590209,-0.575171,-1.788019,0.9289139255276933
1726.0,2.0,-4.275691536901057,-21.035481,-2.356952,-4.24657645635669
1726.0,5.0,-1.583047631890497,-7.126685,-4.132713,-1.5539325513461304
1726.0,6.0,-1.0205994730129424,-11.136035,0.481304,-0.991484392468576
1726.0,12.0,0.4666156164721196,-23.195944,-4.421722,0.495730697016486
1726.0,19.0,4.2956844548940545,-4.10069,0.521591,4.324799535438421
1726.0,24.0,1.2332583170969231,-19.765125,-4.251138,1.2623733976412896
1726.0,25.0,-0.4923107288915274,-6.64183,-2.876348,-0.463195648347161
1726.0,29.0,-0.029085359807531574,-7.778747,-1.761784,2.972073683484011e-05
1726.0,31.0,1.7794380678658914,74.229643,1.915449,1.808553148410258
1727.0,2.0,-1.3164834692213105,-0.209898,-2.314532,-2.2786533053370737
1727.0,5.0,-1.1323213072644553,-2.861471,-4.130488,-2.0944911433802185
1727.0,6.0,-0.39548016888377724,-0.262927,0.515633,-1.3576500049995404
1727.0,12.0,0.17403410509710504,-10.638906,-4.387703,-0.788135731018658
1727.0,19.0,4.548089240417571,-7.576416,0.527526,3.585919404301808
1727.0,24.0,2.1017270541136543,-7.809751,-4.266197,1.1395572179978912
1727.0,25.0,0.6402127240548019,1.088903,-2.833782,-0.3219571120609611
1727.0,29.0,1.0927001141725308,-0.788301,-1.731283,0.13053027805676776
1728.0,2.0,-4.8680995871919945,-0.236994,-2.272019,-5.149491717309449
1728.0,5.0,-1.2508867974279636,-0.870121,-4.128358,-1.532278927545419
1728.0,6.0,-0.4665612441898075,8.981794,0.550366,-0.7479533743072627
1728.0,12.0,0.4417697307269748,-2.775932,-4.353913,0.16037760060951955
1728.0,19.0,3.2364989114317346,-19.563585,0.533901,2.9551067813142793
1728.0,24.0,-0.22016470656282383,17.220278,-4.281826,-0.5015568366802791
1728.0,25.0,-1.545106973147984,8.919958,-2.791448,-1.8264991032654394
1728.0,29.0,-0.5039226044060499,3.058744,-1.701126,-0.7853147345235051
1729.0,2.0,-1.4380466443996394,1.062371,-2.244141,-3.5725295220097175
1729.0,5.0,-0.31385581716488176,-0.001305,-4.12581,-2.44833869477496
1729.0,6.0,1.1107548987742648,8.186988,0.571225,-1.0237279788358133
1729.0,12.0,0.028347586938402003,-1.456916,-4.330295,-2.106135290671676
1729.0,19.0,4.5444539525036625,-21.757261,0.535885,2.4099710748935843
1729.0,24.0,3.4551059672576674,-14.528661,-4.288672,1.3206230896475892
1729.0,25.0,1.1546341390296249,7.253691,-2.762508,-0.9798487385804533
1729.0,29.0,1.6545681605814737,4.373178,-1.679509,-0.47991471702860444
1730.0,2.0,-6.11728816404522,-4.680622,-2.226143,5.137056584024002
1730.0,5.0,-5.092007603639207,0.119131,-4.122746,6.1623371444300155
1730.0,6.0,-14.175528116163798,1.87958,0.58284,-2.9211833680945762
1730.0,12.0,-3.4376502200572965,-7.82626,-4.313613,7.816694528011926
1730.0,19.0,-9.332180569882349,-20.763614,0.535259,1.9221641781868737
1730.0,24.0,-3.1868317157576467,-0.197369,-4.289655,8.067513032311576
1730.0,25.0,-5.397787369142015,7.492051,-2.742885,5.856557378927207
1730.0,29.0,-7.009078379143906,1.678548,-1.664065,4.245266368925316
1730.0,31.0,1.3426607462326912,97.825392,2.007704,12.597005494301914
1731.0,2.0,-4.806700457825896,3.591235,-2.212166,6.349131804833778
1731.0,5.0,-6.065693572890592,-9.169522,-4.119436,5.0901386897690815
1731.0,6.0,-10.947991390569115,-7.485309,0.590486,0.2078408720905589
1731.0,12.0,-4.1026076077271645,-5.939552,-4.299579,7.053224654932509
1731.0,24.0,-4.413934961615034,-0.884005,-4.287948,6.74189730104464
1731.0,25.0,-5.422216691550725,1.009794,-2.726835,5.733615571108949
1731.0,29.0,-9.048744820766796,-3.773315,-1.650845,2.1070874418928778
1731.0,31.0,-0.8238413084478626,87.421199,2.015932,10.331990954211811
1732.0,2.0,-10.792022823114483,2.092106,-2.210265,-2.7565659877535094
1732.0,5.0,-10.626570868089576,-11.448013,-4.115803,-2.591114032728603
1732.0,6.0,-10.164981951074285,-6.489406,0.586939,-2.129525115713312
1732.0,12.0,-10.40386323333507,-9.671148,-4.294134,-2.3684063979740966
1732.0,24.0,-8.832961284880339,-5.282645,-4.279341,-0.7975044495193657
1732.0,25.0,-11.670272155535603,0.317229,-2.722114,-3.6348153201746296
1732.0,29.0,-9.341895332394742,-4.567752,-1.645061,-1.3064384970337688
1732.0,31.0,-7.771722184877287,82.219864,2.014705,0.26373465048368594
1733.0,2.0,-11.838371755472846,-3.738712,-2.212818,-2.8180991529061323
1733.0,5.0,-11.703071880847109,-11.485335,-4.112193,-2.6827992782803953
1733.0,6.0,-11.335908896018742,-7.405485,0.579218,-2.3156362934520285
1733.0,12.0,-11.462772642153784,-12.674255,-4.291833,-2.4425000395870704
1733.0,19.0,-8.469900363566655,-14.544547,0.521492,0.5503722390000583
1733.0,24.0,-9.764006219993004,-31.057813,-4.268185,-0.7437336174262903
1733.0,25.0,-12.929518429957987,-5.043418,-2.721433,-3.909245827391274
1733.0,29.0,-10.749179335746827,-8.457666,-1.64182,-1.7289067331801142
1733.0,31.0,-9.501709184557411,98.445151,2.010187,-0.48143658199069783
1734.0,2.0,-2.065745243410874,-6.706283,-2.215395,-2.910126063562304
1734.0,5.0,-0.3569428482185506,-11.405064,-4.108349,-1.2013236683699808
1734.0,6.0,0.520790390238278,-6.633397,0.57108,-0.32359042991315223
1734.0,12.0,-0.07294555336222519,-18.293861,-4.289185,-0.9173263735136554
1734.0,24.0,1.696710427323616,-8.647303,-4.256353,0.8523296071721858
1734.0,25.0,0.5526531581005933,-5.207284,-2.720446,-0.2917276620508369
1734.0,29.0,1.0368178863982438,-9.469517,-1.638192,0.19243706624681356
1734.0,31.0,-0.7376476233904032,98.881329,2.005564,-1.5820284435418335
1735.0,2.0,-0.22669169775812215,25.490836,-2.218038,-2.0742020576087
1735.0,5.0,-0.6336135217453727,1.340604,-4.104431,-2.4811238815959507
1735.0,6.0,-0.4803877084246464,2.651041,0.56257,-2.3278980682752244
1735.0,12.0,-2.7987174923411304,-0.772485,-4.286312,-4.646227852191709
1735.0,24.0,1.8899688375399872,14.519929,-4.244012,0.042458477689409246
1735.0,25.0,1.0176823191288324,7.888448,-2.719198,-0.8298280407217455
1735.0,29.0,1.9939090245094917,4.03668,-1.634186,0.1463986646589137
1736.0,2.0,-1.7098355305397241,13.640191,-2.236608,-3.936668292684717
1736.0,5.0,-1.7509686642266358,4.810843,-4.098671,-3.9778014263716286
1736.0,6.0,-0.46239569487859455,3.602519,0.538853,-2.6892284570235874
1736.0,12.0,-5.163590194930711,0.219723,-4.294191,-7.390422957075703
1736.0,24.0,3.123919541980534,11.093719,-4.221294,0.8970867798355413
1736.0,25.0,-0.35376120801620825,8.080174,-2.733185,-2.580593970161201
1736.0,29.0,0.6181869911685389,1.726828,-1.640609,-1.608645770976454
1737.0,2.0,0.1772250815094667,14.25362,-2.262251,-1.8888643960492382
1737.0,5.0,-0.9170704107911289,2.4164,-4.090109,-2.983159888349834
1737.0,6.0,-0.5304968840611242,5.041362,0.507588,-2.596586361619829
1737.0,12.0,-0.04360224608133478,-0.773299,-4.305916,-2.1096917236400397
1737.0,19.0,4.377662253694485,-10.026522,0.482629,2.31157277613578
1737.0,24.0,3.6993018079665596,8.478785,-4.191969,1.6332123304078547
1737.0,25.0,0.0954777469272301,7.486152,-2.754153,-1.9706117306314748
1737.0,29.0,1.7962946590145972,-1.89022,-1.652252,-0.2697948185441077
1737.0,31.0,4.763872142178016,147.303173,1.955576,2.6977826646193113
1738.0,2.0,1.8996092441937797,17.090431,-2.258857,-1.298865369227908
1738.0,5.0,0.5764672063604941,3.129198,-4.082404,-2.6220074070611936
1738.0,6.0,1.2273527278903016,6.65593,0.502709,-1.9711218855313861
1738.0,12.0,-0.5782043586531849,2.219153,-4.29659,-3.7766789720748726
1738.0,24.0,2.732634313584674,6.974745,-4.178583,-0.4658402998370139
1738.0,25.0,1.8367923060052984,15.392823,-2.747219,-1.3616823074163893
1738.0,29.0,2.8221405916292417,4.548766,-1.645086,-0.376334021792446
1739.0,2.0,0.6747960300267248,11.105229,-2.204537,-1.726868737871535
1739.0,5.0,-0.362237396931544,5.780742,-4.079083,-2.763902164829804
1739.0,6.0,0.36324508511918907,6.649686,0.545886,-2.038419682779071
1739.0,12.0,-1.2972092230220982,-1.865966,-4.252234,-3.698873990920358
1739.0,19.0,2.552953914524176,-14.611475,0.483215,0.15128914662591608
1739.0,24.0,1.737116816632411,9.565697,-4.196966,-0.664547951265849
1739.0,25.0,0.9332641127353263,17.421334,-2.69177,-1.4684006551629336
1739.0,29.0,1.7039594215765268,4.588111,-1.605046,-0.6977053463217331
1739.0,31.0,3.352865862466727,-21.064535,1.991428,0.951201094568467
1740.0,2.0,0.8061342555531397,60.572636,-2.148827,-1.1107702618322723
1740.0,5.0,-0.36158745601862563,3.902227,-4.073917,-2.2784919734040376
1740.0,6.0,0.21135615871250835,6.074862,0.589466,-1.7055483586729037
1740.0,12.0,-0.9197300690910861,-5.728975,-4.205935,-2.836634586476498
1740.0,19.0,2.481053773688174,-21.994351,0.490208,0.5641492563027621
1740.0,24.0,1.6556203012985042,14.617037,-4.214109,-0.2612842160869078
1740.0,25.0,0.9592750915615813,12.216243,-2.635078,-0.9576294258238307
1740.0,29.0,1.7043032093753254,1.043187,-1.564479,-0.2126013080100866
1740.0,31.0,2.0232477891351373,-13.04826,2.03022,0.10634327174972524
