121.0,2.0,-13.641940083296257,-3.308673,-0.249902,-2.4648658754971837
121.0,5.0,-16.413330158850204,-8.32445,-5.137482,-5.236255951051131
121.0,6.0,-16.33928281716414,-8.899894,-1.373527,-5.1622086093650665
121.0,12.0,-11.331549880472691,-3.712128,1.446088,-0.15447567267361784
121.0,19.0,-18.77150444599335,-8.294229,-4.628035,-7.594430238194278
121.0,24.0,-10.2684930457295,4.191727,0.84137,0.9085811620695736
121.0,25.0,-6.2122438736538195,-0.930181,4.833276,4.964830334145254
121.0,29.0,-2.9346564688649255,16.219181,6.281032,8.242417738934147
122.0,2.0,-13.233519602955237,-1.105494,0.873696,-1.7919401433741413
122.0,5.0,-18.637199286164577,-11.409722,-4.368546,-7.195619826583481
122.0,6.0,-15.11557231057464,-2.873357,-0.197348,-3.6739928509935442
122.0,12.0,-10.488211465050957,-1.785445,2.317759,0.9533679945301383
122.0,19.0,-19.058899539518677,-5.066373,-3.484966,-7.617320079937581
122.0,24.0,-11.028878478100026,1.106369,0.681426,0.4127009814810698
122.0,25.0,-4.917850021689039,1.468605,5.153059,6.523729437892057
122.0,29.0,-2.540870936030921,12.792377,5.817489,8.900708523550175
123.0,2.0,-13.11905661594326,-8.678623,1.534098,-0.7239899822146949
123.0,5.0,-18.576392373801383,-16.790818,-4.570434,-6.181325740072818
123.0,6.0,-14.988597445871779,-2.634886,0.849703,-2.5935308121432143
123.0,12.0,-9.890898299605363,-6.453012,2.776794,2.504168334123202
123.0,19.0,-18.84768254594292,-2.185424,-2.599495,-6.452615912214355
123.0,24.0,-11.019033171141261,-8.687568,-0.112971,1.3760334625873032
123.0,25.0,-5.435705948415252,-1.147155,5.574005,6.959360685313313
123.0,29.0,-3.0317780893265542,17.220752,5.561517,9.36328854440201
124.0,2.0,-12.522983974578604,-5.858819,0.530958,-0.5303836069307124
124.0,5.0,-20.292674999113892,-7.514775,-5.956891,-8.300074631466
124.0,6.0,-13.485008528804356,-10.972099,0.504039,-1.4924081611564635
124.0,12.0,-10.009606655217619,1.249698,1.766661,1.9829937124302734
124.0,19.0,-18.345527380982155,-1.824011,-2.883218,-6.352927013334263
124.0,24.0,-12.273251882916151,-1.818252,-1.239936,-0.28065151526825893
124.0,25.0,-4.660121958924508,2.296252,5.270712,7.332478408723384
124.0,29.0,-2.31182051128725,45.009092,5.479233,9.680779856360642
125.0,2.0,-11.7545965708323,7.864365,0.441032,0.9093512691906245
125.0,5.0,-19.600975600877746,1.18221,-6.07209,-6.937027760854821
125.0,6.0,-12.480685627572644,2.470071,0.683596,0.18326221245028051
125.0,12.0,-9.071163807817419,8.71252,1.560245,3.592784032205506
125.0,19.0,-17.31046850528292,0.833193,-2.57334,-4.646520665259995
125.0,24.0,-13.549847457840938,-1.63048,-1.67788,-0.8858996178180139
125.0,25.0,-4.358603487489859,11.581243,5.06241,8.305344352533066
125.0,29.0,-3.0344492761148674,-11.844796,5.129756,9.629498563908058
126.0,2.0,-11.275618266956947,5.292166,0.404083,0.4995367746130235
126.0,5.0,-20.45791620555813,-3.799285,-5.876597,-8.682761163988161
126.0,6.0,-10.930868700893715,-8.748792,1.112206,0.8442863406762555
126.0,12.0,-9.15510691135677,5.028385,1.233642,2.620048130213201
126.0,19.0,-15.903467679035584,-0.285575,-1.759911,-4.128312637465614
126.0,24.0,-13.653657999585816,9.660903,-2.379707,-1.8785029580158454
126.0,25.0,-4.184935234244383,7.559015,4.489586,7.590219807325587
126.0,29.0,-3.8567535334444667,8.732656,4.20732,7.918401508125504
127.0,2.0,-10.610427564779139,5.772555,0.382423,1.216014879144831
127.0,5.0,-21.125537408684256,-6.171503,-5.33707,-9.299094964760286
127.0,6.0,-9.368822964827247,-2.118934,1.586119,2.4576194790967225
127.0,12.0,-8.835573751292555,5.369021,0.833314,2.9908686926314143
127.0,19.0,-14.52098149635149,-1.323656,-0.708331,-2.694539052427521
127.0,24.0,-14.22269120925913,-1.096461,-3.064632,-2.3962487653351605
127.0,25.0,-3.8263661964431144,10.874044,3.629132,8.000076247480855
127.0,29.0,-4.612911889986625,6.535665,2.935699,7.213530553937344
128.0,2.0,-19.539833542196504,1.825501,0.836292,-3.4804494512549056
128.0,5.0,-25.525712584385474,-6.817464,-4.153185,-9.466328493443875
128.0,12.0,-17.903393136887875,-2.416167,1.122704,-1.844009045946276
128.0,19.0,-21.276004611977214,6.924808,-0.139489,-5.216620521035615
128.0,24.0,-15.300912768126267,3.266645,-2.59575,0.7584713228153319
128.0,25.0,-12.499873671834127,0.102351,3.242384,3.559510419107472
128.0,29.0,-9.470369104484757,-3.779662,2.330725,6.589014986456842
129.0,2.0,-12.971695038145073,-6.491138,1.33642,1.7883011546907497
129.0,5.0,-23.825479852483543,-9.241544,-2.809898,-9.06548365964772
129.0,6.0,-11.232882235842311,-4.78024,1.910045,3.527113956993512
129.0,12.0,-11.372670368354207,-7.224187,1.541821,3.387325824481616
129.0,19.0,-16.404229999263535,-2.318705,0.192236,-1.644233806427712
129.0,24.0,-15.401215455582934,8.886694,-1.749017,-0.6412192627471107
129.0,25.0,-6.509447299343317,-1.601778,2.950871,8.250548893492507
129.0,29.0,-8.360361308967066,-1.926508,1.948426,6.399634883868757
130.0,2.0,-14.984726010701277,-11.707212,1.148137,-0.6954367838075584
130.0,5.0,-20.563449554675124,-11.772687,-2.218261,-6.274160327781406
130.0,6.0,-14.164913918310226,-3.722031,1.551554,0.12437530858349177
130.0,12.0,-14.169896231739989,-8.535967,1.330988,0.11939299515372959
130.0,19.0,-16.17321108809301,0.799347,0.127839,-1.8839218611992905
130.0,24.0,-15.180313423324414,-5.219244,-1.321051,-0.8910241964306955
130.0,25.0,-10.888627868044793,-2.928269,2.451241,3.400661358848925
130.0,29.0,-10.712077480332633,-5.864001,1.642023,3.577211746561085
131.0,2.0,-8.11480956528613,-10.090385,1.113533,3.0281574950851233
131.0,5.0,-18.163662234390937,-9.386418,-1.31871,-7.020695174019684
131.0,6.0,-5.002740843557571,7.519328,1.268257,6.140226216813683
131.0,12.0,-7.625592141181909,-7.526144,1.24357,3.5173749191893444
131.0,19.0,-8.061518544409841,-4.382232,0.192628,3.0814485159614122
131.0,24.0,-15.553452244071353,-7.605777,-0.737182,-4.4104851837001
131.0,25.0,-5.166896443824366,-3.238325,1.903626,5.976070616546887
131.0,29.0,-8.909201453591999,-3.762518,1.228058,2.2337656067792544
132.0,2.0,-10.995457428407269,5.166887,0.998366,3.1065804130263572
132.0,5.0,-19.354800343885348,-4.900979,-0.727346,-5.252762502451722
132.0,6.0,-10.444555402603854,7.426831,1.013874,3.6574824388297724
132.0,12.0,-9.764537798914564,4.310318,1.08596,4.337500042519062
132.0,19.0,-13.10272912699664,5.503447,0.219707,0.9993087144369852
132.0,24.0,-16.57337366278509,3.208714,-0.373394,-2.471335821351465
132.0,25.0,-7.588286243227263,1.167337,1.443047,6.513751598206363
132.0,29.0,-10.333094082180267,5.819074,0.892366,3.768943759253359
133.0,2.0,-4.939258691066093,-8.007612,1.004943,0.010514793770911801
133.0,5.0,-3.5474089512226916,-8.188504,-0.527706,1.4023645336143131
133.0,6.0,-5.237834181017095,13.051542,0.979171,-0.2880606961800902
133.0,12.0,-5.111377890875015,-2.036402,1.072535,-0.16160440603800996
133.0,19.0,-3.464714439222244,-8.71595,0.264213,1.4850590456147605
133.0,24.0,-4.28113351760691,-9.203454,-0.269247,0.6686399672300949
133.0,25.0,-6.548890150442543,0.887843,1.322597,-1.5991166656055382
133.0,29.0,-4.835024012967957,31.534646,0.782355,0.1147494718690476
134.0,2.0,-8.648931422004862,-7.346022,1.004364,1.513288278375132
134.0,5.0,-9.37394109361601,-2.97839,-0.551235,0.7882786067639849
134.0,6.0,-10.539799217467008,2.342024,0.997282,-0.377579517087014
134.0,12.0,-9.343075815897324,-3.258334,1.066622,0.8191438844826706
134.0,19.0,-8.934565691882723,3.244722,0.280653,1.2276540084972716
134.0,24.0,-10.065568312601291,-4.001044,-0.30416,0.09665138777870297
134.0,25.0,-10.179292601314517,-6.964679,1.325543,-0.017072900934522295
134.0,29.0,-6.903282724864082,2.61751,0.773583,3.2589369755159128
135.0,2.0,-10.014650766414826,-8.460561,0.98392,3.313161040551675
135.0,5.0,-11.607916520298998,-9.0661,-0.798565,1.7198952866675032
135.0,6.0,-12.071800500255728,3.655205,1.073626,1.2560113067107732
135.0,12.0,-10.584862141389964,-5.966301,1.046446,2.7429496655765373
135.0,19.0,-11.320525238713921,-3.295456,0.289733,2.00728656825258
135.0,24.0,-13.095856227408403,-5.019273,-0.504817,0.23195557955809853
135.0,25.0,-11.593487191088935,-2.841137,1.426236,1.7343246158775667
135.0,29.0,-9.128272683943145,-5.559884,0.834423,4.1995391230233565
136.0,2.0,-10.617712313661054,-3.212107,1.050839,0.35951444416741474
136.0,5.0,-18.079474046344032,1.412137,-1.177657,-7.102247288515564
136.0,6.0,-6.424094074410072,0.092347,1.295114,4.553132683418396
136.0,12.0,-10.514183589411184,-5.0799,1.104873,0.46304316841728443
136.0,19.0,-8.568281996239735,-4.528713,0.370537,2.4089447615887334
136.0,24.0,-15.990203926064366,-10.913007,-0.842418,-5.0129771682358975
136.0,25.0,-8.10890507909149,0.769655,1.661211,2.8683216787369776
136.0,29.0,-11.027324618344572,-0.008925,0.944434,-0.050097860516103765
137.0,2.0,-5.406074780321567,1.769807,1.630738,2.3985260183920936
137.0,5.0,-12.761902276595428,0.440458,-0.957831,-4.957301477881768
137.0,6.0,-2.044392670868933,-1.442,1.909479,5.760208127844727
137.0,12.0,-7.191134014058737,-0.271007,1.587673,0.6134667846549231
137.0,19.0,-2.7505840039670213,-1.721788,0.878009,5.054016794746639
137.0,24.0,-13.192991346882623,-5.31034,-0.973771,-5.388390548168963
137.0,25.0,-7.592191181722197,7.16987,1.963281,0.21240961699146332
137.0,29.0,-9.707286708388171,2.757947,0.852029,-1.9026859096745108
138.0,2.0,-1.0571267873319998,-6.680677,1.688603,2.8979904325271884
138.0,5.0,-2.4867911978820842,-1.020717,-0.152469,1.468326021977104
138.0,6.0,-0.5735362525588129,0.114339,2.081493,3.3815809673003754
138.0,12.0,-2.7816584659159638,-2.506201,1.413702,1.1734587539432244
138.0,19.0,0.4069445384465461,-2.641138,1.517927,4.362061758305734
138.0,24.0,-6.188213110363482,-5.992849,-1.008814,-2.233095890504294
138.0,25.0,-4.151258623151297,14.034345,1.274279,-0.19614140329210894
138.0,29.0,-5.670116929159081,-4.353629,-0.028957,-1.7149997092998932
139.0,2.0,-0.7493463511141788,2.49591,0.836191,4.566729910169456
139.0,5.0,-0.919889203322347,-2.620045,-0.291027,4.396187057961288
139.0,6.0,-0.3063849557047035,-4.850412,2.003211,5.009691305578931
139.0,12.0,-1.9789558767035613,-7.06519,0.221205,3.337120384580073
139.0,19.0,1.0655344851954602,-4.633542,2.166246,6.381610746479095
139.0,24.0,-6.371465943328554,-0.965614,-2.102737,-1.0553896820449191
139.0,25.0,-5.820907936946404,-19.604579,0.002178,-0.5048316756627695
139.0,29.0,-7.582122790668728,10.973453,-1.365385,-2.2660465293850933
140.0,2.0,-1.4349971256371745,3.197708,0.436855,4.821350720811715
140.0,5.0,-2.540655157050261,1.111532,-0.791159,3.7156926893986286
140.0,6.0,-1.3266248503742961,-1.801432,2.06526,4.929722996074593
140.0,12.0,-2.695032260129378,-2.19288,-0.300932,3.5613155863195116
140.0,19.0,-0.19015669205256291,1.033307,2.394242,6.066191154396327
140.0,24.0,-7.126833977895074,1.180171,-2.860387,-0.8704861314461843
140.0,25.0,-6.110410212684094,10.720199,-0.326763,0.1459376337647953
140.0,29.0,-7.923301671267551,-6.244204,-1.761174,-1.6669538248186617
141.0,2.0,-2.374489548500562,5.379987,0.82111,3.3623770398953114
141.0,5.0,-4.321416403267816,3.147455,-0.180526,1.4154501851280576
141.0,6.0,-1.7968888268888206,2.209696,2.556516,3.939977761507053
141.0,12.0,-3.9366799586817676,1.86172,-0.122636,1.8001866297141058
141.0,19.0,-0.9190754683792736,6.97264,3.109437,4.8177911200166
141.0,24.0,-8.178194330181604,-3.867524,-2.989748,-2.441327741785731
141.0,25.0,-6.124790482382125,1.838238,-0.568563,-0.38792389398625193
141.0,29.0,-7.966145028558462,-1.128909,-2.368998,-2.229278440162589
142.0,2.0,0.9961090315085109,12.322744,1.229011,1.671658504956584
142.0,5.0,0.8432791447516149,7.157489,-0.179999,1.518828618199688
142.0,6.0,1.6135583654310937,-0.082945,3.055954,2.2891078388791666
142.0,12.0,-0.45467396818054795,4.845789,0.212231,0.22087550526752509
142.0,19.0,3.2179967563490752,1.075172,3.490303,3.893546229797148
142.0,24.0,-3.557256186587831,3.881413,-3.221266,-2.8817067131397582
142.0,25.0,-2.205598634398358,18.521202,-0.288177,-1.530049160950285
142.0,29.0,-3.2524567055444162,-4.071642,-2.403433,-2.5769072320963433
143.0,2.0,-2.312567391489006,14.58112,2.526953,3.0472148469517633
143.0,5.0,-3.841594897537246,4.79065,0.266832,1.5181873409035234
143.0,6.0,-1.5346945411719108,-1.693594,3.552897,3.8250876972688586
143.0,12.0,-3.497475309316912,5.309377,1.775364,1.8623069291238572
143.0,19.0,-0.9122049478200581,-19.597115,3.221514,4.447577290620711
143.0,24.0,-7.827401541680438,-3.952055,-2.116899,-2.467619303239669
143.0,25.0,-5.608380827440871,18.634278,1.149146,-0.24859858900010146
143.0,29.0,-7.265523769149341,11.448314,-1.17639,-1.9057415307085712
144.0,2.0,-2.581731048771762,1.29135,3.821306,2.3516967670154285
144.0,5.0,-4.596168307888918,4.986245,0.558973,0.3372595078982723
144.0,6.0,-1.1880389671550757,2.71428,4.521782,3.745388848632115
144.0,12.0,-4.1530137070404844,-1.656425,3.110808,0.7804141087467062
144.0,19.0,-1.286777510461821,1.416837,3.616007,3.6466503053253696
144.0,24.0,-7.714629026709155,-5.284631,-1.806167,-2.7812012109219646
144.0,25.0,-5.893115363961123,1.50734,2.315326,-0.9596875481739326
144.0,29.0,-7.230551435428813,-5.1104,-0.56686,-2.2971236196416225
145.0,2.0,-0.624722262182373,4.034391,3.403072,2.2917495922591424
145.0,5.0,-1.3195365800391334,0.0842,-0.681762,1.596935274402382
145.0,6.0,0.014709203947211758,0.946949,4.799007,2.9311810583887272
145.0,12.0,-1.7227187431298567,2.820029,2.596114,1.1937531113116586
145.0,19.0,1.680049206587534,12.249515,3.807384,4.5965210610290494
145.0,24.0,-3.9671330934177655,-4.481775,-3.084236,-1.0506612389762502
145.0,25.0,-3.862336723144254,7.688174,2.369045,-0.9458648687027384
145.0,29.0,-5.173742797279016,1.226525,-0.680411,-2.2572709428375006
146.0,2.0,-1.2771296225711861,-0.600126,0.935724,4.63546468972433
146.0,5.0,-1.7914603207829867,-8.630561,-2.62444,4.121133991512529
146.0,6.0,-1.6096148353810689,4.778365,3.724294,4.302979476914447
146.0,12.0,-2.492122001110613,-6.554483,-0.08295,3.420472311184903
146.0,19.0,-1.0906299827771972,-1.162178,3.532645,4.821964329518319
146.0,24.0,-6.9296761607188655,-5.168336,-5.19409,-1.0170818484233495
146.0,25.0,-5.64013278102141,-3.626509,0.61696,0.27246153127410633
146.0,29.0,-7.112169153178029,-7.826113,-1.8344,-1.199574840882513
147.0,2.0,-3.976380103268853,-8.553365,0.04791,0.9486006772004361
147.0,5.0,-7.2385131601499415,-6.006723,-2.820065,-2.3135323796806526
147.0,6.0,-1.6446478644661813,2.36774,3.284881,3.2803329160031076
147.0,12.0,-6.152735583405735,-7.069842,-1.122815,-1.2277548029364462
147.0,19.0,-1.4432884461331126,7.591924,3.618046,3.4816923343361763
147.0,24.0,-9.041861066979985,-12.068458,-5.76772,-4.116880286510696
147.0,25.0,-7.12200169798318,-9.014731,-0.373696,-2.197020917513891
147.0,29.0,-8.00041322690183,-7.168439,-2.613506,-3.0754324464325418
148.0,2.0,-4.393615864656366,-6.940611,0.709401,1.5748068689164638
148.0,5.0,-8.077767183416778,-12.036586,-2.164334,-2.109344449843949
148.0,6.0,-1.9524900152824634,-1.285925,3.900381,4.015932718290366
148.0,12.0,-6.78446341942941,-5.703762,-0.610122,-0.8160406858565805
148.0,19.0,-2.1902465918564316,-8.086942,4.277471,3.778176141716398
148.0,24.0,-10.564843149548048,-5.745115,-5.700896,-4.596420415975219
148.0,25.0,-7.799994143112369,3.142199,-0.282838,-1.8315714095395395
148.0,29.0,-8.759620323938083,1.478236,-2.94276,-2.791197590365254
149.0,2.0,-4.33427508881939,-10.256187,1.221887,0.9532235220221725
149.0,5.0,-7.985774883712421,-11.492862,-1.906464,-2.6982762728708583
149.0,6.0,-1.9873573064841459,-2.931427,4.117341,3.3001413043574166
149.0,12.0,-6.575311810990296,-7.418727,-0.021501,-1.287813200148734
149.0,19.0,-2.02622709115541,-9.454077,4.246804,3.2612715196861526
149.0,24.0,-9.897084739788959,-9.942115,-5.282837,-4.609586128947396
149.0,25.0,-7.213855087886123,12.521075,0.2023,-1.9263564770445605
149.0,29.0,-8.327940675276656,-0.274764,-2.56312,-3.0404420644350934
150.0,2.0,-4.245766036235959,1.709487,1.416134,1.9953370470187162
150.0,5.0,-7.622014741921027,3.670981,-1.558098,-1.380911658666352
150.0,6.0,-2.638772367593405,1.503318,4.168503,3.60233071566127
150.0,12.0,-6.219695429663946,-3.391404,0.166486,0.021407653590729048
150.0,19.0,-2.545502458975162,6.292257,4.3193,3.695600624279513
150.0,24.0,-10.049094070171774,-11.835661,-5.024569,-3.8079909869170994
150.0,25.0,-7.317166639281589,-2.937571,0.211053,-1.0760635560269138
150.0,29.0,-8.603292046166969,0.474309,-2.592535,-2.3621889629122936
151.0,2.0,-4.258157824092341,6.008055,1.308622,0.9889812306414019
151.0,5.0,-7.792111641789167,-0.113564,-1.404761,-2.5449725870554243
151.0,6.0,-1.8914395884895479,1.382674,3.876224,3.355699466244195
151.0,12.0,-6.521638097830048,3.935785,0.132694,-1.2744990430963057
151.0,19.0,-1.8816057292276582,5.933231,4.047673,3.3655333255060844
151.0,24.0,-9.97876664913187,-6.904702,-4.675366,-4.731627594398128
151.0,25.0,-7.227375441570792,21.033428,0.146463,-1.9802363868370492
151.0,29.0,-8.27366554136439,8.795012,-2.4649,-3.0265264866306465
152.0,2.0,-3.4305354891808433,0.195606,1.276598,3.6687711282906728
152.0,5.0,-5.901037891984731,-3.183318,-1.583814,1.198268725486785
152.0,6.0,-3.0166770783567363,1.881977,3.546972,4.08262953911478
152.0,12.0,-5.228988205990881,-0.617442,0.298826,1.8703184114806346
152.0,19.0,-2.1609012257093365,11.477346,3.466346,4.9384053917621795
152.0,24.0,-9.416769177432585,-5.0696,-4.228542,-2.3174625599610685
152.0,25.0,-7.130051073466215,-1.418871,0.506666,-0.030744455994699216
152.0,29.0,-8.144799380954552,-2.81603,-1.842815,-1.0454927634830362
153.0,2.0,-0.6531266402290462,-4.200545,2.419376,5.182048026477692
153.0,5.0,-2.4217465033680057,-0.802196,-0.990747,3.4134281633387324
153.0,6.0,-0.33772049336714727,3.462475,3.829252,5.497454173339591
153.0,12.0,-2.0590306866933084,4.571033,1.718691,3.7761439800134298
153.0,19.0,-0.15195442320958386,10.181637,3.091321,5.683220243497154
153.0,24.0,-7.56777869131376,0.822834,-2.970173,-1.7326040246070216
153.0,25.0,-5.139610903145216,-2.367523,1.742692,0.6955637635615224
153.0,29.0,-7.068011845245035,-4.284946,-0.69282,-1.232837178538297
154.0,2.0,-0.9344811146333135,13.872898,4.762948,3.7592646549518918
154.0,5.0,-0.9512426486569999,8.283931,1.801215,3.7425031209282054
154.0,6.0,-0.29889596750551306,6.522676,4.970155,4.394849802079692
154.0,12.0,-2.2392773814916076,9.889057,4.006837,2.4544683880935976
154.0,19.0,1.2859155563061933,10.144192,4.044206,5.979661325891398
154.0,24.0,-6.027581360305352,-3.038825,-0.973212,-1.3338355907201471
154.0,25.0,-5.921974731352116,4.109416,2.554858,-1.228228961766911
154.0,29.0,-8.050240789671586,3.924528,-0.626731,-3.3564950200863803
155.0,2.0,-0.807049013946732,5.531051,3.576635,3.871917433345131
155.0,5.0,-0.531391041156927,1.478509,2.06607,4.147575406134936
155.0,6.0,-0.2348424450782708,9.509873,4.314301,4.444124002213592
155.0,12.0,-2.1320414959013307,9.600255,2.548501,2.5469249513905323
155.0,19.0,1.6374178119319032,4.445751,4.331202,6.316384259223766
155.0,24.0,-5.664137878339333,13.748874,-1.521043,-0.98517143104747
155.0,25.0,-5.809879458396929,11.297165,0.867378,-1.1309130111050658
155.0,29.0,-8.042596989660748,-2.223479,-2.027514,-3.3636305423688846
156.0,2.0,-1.4448145405453605,-9.174131,2.909404,4.5042312264932844
156.0,5.0,-3.2021967400870306,-2.834271,1.971039,2.7468490269516144
156.0,6.0,-1.4968585746979102,-2.979882,3.67513,4.452187192340735
156.0,12.0,-2.80347779752573,-8.595636,1.92424,3.145567969512915
156.0,19.0,-0.2262397672249562,17.505016,3.938034,5.722805999813689
156.0,24.0,-7.408636253567026,-11.259837,-1.444883,-1.4595904865283806
156.0,25.0,-5.786981144975809,-8.002634,0.336765,0.1620646220628359
156.0,29.0,-7.776229017511917,-12.40112,-2.169818,-1.8271832504732721
157.0,2.0,-1.9451499473042588,18.859544,2.97411,3.725739858451914
157.0,5.0,-3.5093947524988875,17.587435,2.167194,2.161495053257285
157.0,6.0,-1.7820227124591597,22.289696,3.754961,3.888867093297013
157.0,12.0,-3.1932175783298424,19.401997,1.937048,2.4776722274263303
157.0,19.0,-0.5538426201924472,-3.145206,4.103622,5.117047185563726
157.0,24.0,-7.481656498815037,7.963118,-1.44372,-1.8107666930588646
157.0,25.0,-5.809343242926192,10.439646,0.2244,-0.13845343717001946
157.0,29.0,-7.682299066938692,4.142254,-2.350139,-2.0114092611825196
158.0,2.0,-1.3729326162928244,-4.303542,3.297424,4.658752546372431
158.0,5.0,-2.4214895180862204,-5.878165,2.338149,3.6101956445790346
158.0,6.0,-1.2575856685134728,6.963086,3.833207,4.774099494151782
158.0,12.0,-2.5903606369157472,-3.606905,2.339411,3.4413245257495078
158.0,19.0,0.16528782001412423,-1.224729,3.996691,6.196972982679379
158.0,24.0,-7.117247906976433,-18.171483,-1.085234,-1.0855627443111784
158.0,25.0,-6.134899687660352,3.914646,0.5737,-0.10321452499509665
158.0,29.0,-8.248997448037843,-3.881726,-2.024653,-2.2173122853725875
159.0,2.0,-1.456748134080244,-17.019779,3.961056,4.4204074509606635
159.0,5.0,-2.7708224340615297,5.2958,2.694655,3.1063331509793777
159.0,6.0,-1.4751925744260506,-16.756905,3.954248,4.401963010614857
159.0,12.0,-2.7009678607797962,-8.488431,3.185777,3.176187724261111
159.0,19.0,0.03500142445879095,2.906303,3.718073,5.9121570094996985
159.0,24.0,-7.546387028321701,-12.561327,-0.284502,-1.6692314432807933
159.0,25.0,-6.090567656633203,-2.476153,1.318875,-0.21341207159229558
159.0,29.0,-8.162422641831036,-6.288839,-1.299136,-2.2852670567901283
160.0,2.0,-0.928623973979268,2.381785,4.125072,3.8339271342839103
160.0,5.0,-0.9328012797721251,5.148634,2.898002,3.829749828491053
160.0,6.0,-0.4338304245208785,17.295681,3.743666,4.3287206837423
160.0,12.0,-2.1913030328252114,6.848969,3.502089,2.5712480754379667
160.0,19.0,1.304205606000579,-5.089261,3.332601,6.066756714263757
160.0,24.0,-5.728735866224138,10.295904,0.321726,-0.9661847579609599
160.0,25.0,-5.830423103483738,-2.598847,1.610536,-1.0678719952205595
160.0,29.0,-7.985765700098068,4.110718,-0.840725,-3.22321459183489
161.0,2.0,-0.9639077400162793,-3.664947,3.749538,3.9415435888246435
161.0,5.0,-1.074684195644414,-2.54976,2.561585,3.8307671331965087
161.0,6.0,-0.48933284609414607,-3.981549,3.445068,4.416118482746777
161.0,12.0,-2.2148628324486213,-12.033001,3.17524,2.6905884963923015
161.0,19.0,1.1548483846146054,17.6786,3.056829,6.060299713455528
161.0,24.0,-5.7558768631365345,-26.077099,0.209309,-0.8504255342956117
161.0,25.0,-5.7844042204134025,0.269718,1.487471,-0.8789528915724798
161.0,29.0,-7.974152773347993,-21.844388,-0.766166,-3.06870144450707
162.0,2.0,-1.5043839783001873,7.253516,3.309597,4.782780416203749
162.0,5.0,-2.5262568981278877,5.653481,2.007325,3.7609074963760483
162.0,6.0,-1.3273272870129178,-0.016065,3.601905,4.959837107491018
162.0,12.0,-2.621565708830393,3.660788,2.549786,3.665598685673543
162.0,19.0,-0.015102709557363814,19.275724,3.444574,6.272061684946572
162.0,24.0,-7.340862767516416,-1.432914,-0.766983,-1.0536983730124803
162.0,25.0,-6.009738143361514,2.674873,1.051387,0.2774262511424217
162.0,29.0,-8.217750690120505,-4.290272,-1.339632,-1.9305862956165694
163.0,2.0,-1.1838004134284823,-3.013366,3.291873,4.821315147340929
163.0,5.0,-1.5782227333456103,2.395592,1.825115,4.426892827423801
163.0,6.0,-0.5593661087375922,0.96771,3.594371,5.445749452031819
163.0,12.0,-2.509902433197536,-3.365732,2.564348,3.4952131275718754
163.0,19.0,1.162831693348342,9.064125,3.35312,7.167947254117753
163.0,24.0,-7.390767745278102,-12.180954,-0.8172,-1.3856521845086904
163.0,25.0,-6.653409564916753,-4.522986,1.173197,-0.648294004147342
163.0,29.0,-9.225754458500118,-4.221977,-1.198228,-3.2206388977307068
164.0,2.0,-1.0004046534718052,22.687269,4.11903,5.111191463709696
164.0,5.0,-0.6606591073331823,0.282322,3.197971,5.450937009848319
164.0,6.0,0.7831223388151684,7.307199,3.946977,6.89471845599667
164.0,12.0,-2.156343721659815,5.162377,3.32302,3.9552523955216863
164.0,19.0,2.009579491992511,1.669831,3.81777,8.121175609174013
164.0,24.0,-7.471458283247702,7.42496,0.045122,-1.3598621660662005
164.0,25.0,-7.563718954986876,-3.636595,1.194895,-1.4521228378053745
164.0,29.0,-10.877966496367263,0.829191,-1.439314,-4.766370379185761
165.0,2.0,1.8904839426834164,8.924529,4.159352,7.067338159471085
165.0,5.0,1.4107001549986151,2.002226,4.122645,6.5875543717862834
165.0,6.0,4.067365196467072,5.852891,3.569913,9.24421941325474
165.0,12.0,-0.6619838793207392,0.565621,3.40144,4.514870337466929
165.0,19.0,3.250136860040409,-1.656198,3.678249,8.426991076828077
165.0,24.0,-6.424456574124556,-7.329194,0.892979,-1.2476023573368877
165.0,25.0,-7.220493720484218,-5.985173,0.838867,-2.04363950369655
165.0,29.0,-11.876459122309038,-3.672264,-1.588669,-6.69960490552137
166.0,2.0,2.5491888341618987,0.557265,3.753413,6.2676333676831035
166.0,5.0,5.8781002028485485,2.597144,4.833678,9.596544736369754
166.0,6.0,4.142123573527662,4.842369,2.945445,7.860568107048866
166.0,12.0,0.1443716941063674,4.226378,2.995698,3.8628162276275724
166.0,24.0,-4.4417720249545365,-2.232475,1.474417,-0.7233274914333316
166.0,25.0,-6.489670081949574,-1.720167,0.098353,-2.7712255484283688
166.0,29.0,-12.116469934893262,-0.423681,-1.986014,-8.398025401372056
167.0,2.0,1.9507641633783477,1.414751,3.051995,5.234809739127027
167.0,5.0,8.189858184681471,3.031539,5.190958,11.47390376043015
167.0,6.0,2.4919084756747214,1.455835,2.111596,5.775954051423401
167.0,12.0,-1.0019014646771858,1.796566,2.336933,2.282144111071494
167.0,19.0,4.840137088389246,12.390179,3.056365,8.124182664137926
167.0,24.0,-2.5085423313879183,14.465472,1.909634,0.7755032443607615
167.0,25.0,-8.669445176865931,2.379902,-0.689736,-5.385399601117252
167.0,29.0,-12.748735278185661,-5.093592,-2.286647,-9.464689702436981
168.0,2.0,0.8538283696324188,-0.18079,2.76415,3.900262563933364
168.0,5.0,9.096893374454035,2.629526,6.170184,12.14332756875498
168.0,6.0,0.9822745016553281,-1.710991,1.605717,4.028708695956273
168.0,12.0,-1.9962798423025339,-0.20579,1.988954,1.0501543519984113
168.0,19.0,4.211346131131055,12.897723,3.070072,7.257780325432
168.0,24.0,-0.98161719770388,0.954776,2.520441,2.0648169965970653
168.0,25.0,-10.187241680771749,4.985172,-1.540781,-7.140807486470804
168.0,29.0,-12.995378540827089,-3.197132,-2.891132,-9.948944346526144
169.0,2.0,0.1288481369504878,5.780803,2.520335,4.159550989797182
169.0,5.0,9.046007296996184,8.072971,6.608991,13.076710149842878
169.0,6.0,0.18737463612783578,3.584597,1.140916,4.21807748897453
169.0,12.0,-2.6886376244646293,6.219897,1.792983,1.342065228382065
169.0,19.0,3.8441579393232836,0.582787,2.816503,7.874860792169978
169.0,24.0,-1.0026246838982322,7.031615,3.016743,3.028078168948462
169.0,25.0,-10.669451071773514,-0.935488,-1.919676,-6.638748218926819
169.0,29.0,-13.289942376602868,4.299991,-2.998254,-9.259239523756174
170.0,2.0,-0.44247124080847755,8.714035,2.555242,3.369263950562965
170.0,5.0,9.258776669784934,4.857537,6.967885,13.070511861156376
170.0,6.0,-1.0800359115253748,5.307848,1.035772,2.7316992798460675
170.0,12.0,-3.2469450704819,5.777535,1.83133,0.5647901208895423
170.0,19.0,3.1977444013422245,-4.066163,2.80872,7.009479592713667
170.0,24.0,-0.38669187417657025,9.757134,3.307169,3.425043317194872
170.0,25.0,-11.002095557193837,2.193818,-2.057871,-7.190360365822395
170.0,29.0,-12.808015406870062,16.107885,-3.085836,-8.99628021549862
171.0,2.0,-0.11155965001175361,9.798701,2.708851,3.7235776700973293
171.0,5.0,8.834507631728066,13.577897,7.354641,12.66964495183715
171.0,6.0,-0.932658078707764,2.469291,1.083334,2.902479241401319
171.0,12.0,-3.0429132689161307,8.278976,1.957352,0.7922240511929521
171.0,19.0,2.925902360527548,-2.665588,2.937923,6.761039680636631
171.0,24.0,-0.6917746087936295,12.79504,3.523229,3.1433627113154534
171.0,25.0,-10.493155829572741,2.865403,-2.14244,-6.658018509463658
171.0,29.0,-12.533666901267013,-1.050991,-3.219378,-8.698529581157931
172.0,2.0,-0.22231926480955455,8.760342,2.499289,3.537408050748323
172.0,5.0,9.197118794721849,8.825665,7.429911,12.956846110279727
172.0,6.0,-0.8275857236938721,4.213862,1.017605,2.9321415918640055
172.0,12.0,-3.1268242497271577,5.354879,1.668565,0.6329030658307198
172.0,19.0,3.1180088524649916,6.429227,3.083573,6.877736168022869
172.0,24.0,-0.4763522233927012,6.780645,3.353546,3.2833750921651763
172.0,25.0,-10.635882528611095,0.798026,-2.503829,-6.8761552130532175
172.0,29.0,-12.552299904711331,0.919841,-3.571955,-8.792572589153455
173.0,2.0,-0.4782229511150221,8.844661,2.271604,3.5482648962458576
173.0,5.0,9.37205242752047,11.916206,7.425679,13.39854027488135
173.0,6.0,-1.1146042398045584,3.608819,0.888267,2.9118836075563213
173.0,12.0,-3.183381901192014,4.446514,1.403431,0.8431059461688655
173.0,19.0,2.917446661667884,7.90405,3.10488,6.943934509028764
173.0,24.0,-0.20964949567063684,-4.671226,3.244598,3.816838351690243
173.0,25.0,-10.874868331146315,0.41404,-2.780039,-6.848380483785435
173.0,29.0,-12.688080508958093,9.078153,-3.786777,-8.661592661597213
174.0,2.0,-0.7751517103105289,5.56548,2.442121,2.87058241099364
174.0,5.0,9.422768126302525,4.027187,7.719275,13.068502247606695
174.0,6.0,-1.5273029518390224,5.475817,0.893069,2.1184311694651465
174.0,12.0,-3.431010724116378,2.594234,1.596781,0.21472339718779088
174.0,19.0,2.676170387934963,6.328594,3.100517,6.321904509239133
174.0,24.0,0.1067431986966082,4.291592,3.533759,3.7524773200007773
174.0,25.0,-11.222514422557792,-3.312684,-2.725824,-7.576780301253622
174.0,29.0,-12.641945183506312,9.083947,-3.738259,-8.996211062202143
175.0,2.0,-0.3379820484090096,-0.171228,2.920103,3.3252692422396817
175.0,5.0,9.187041834638345,6.733871,8.386062,12.850293125287036
175.0,6.0,-1.2279836997372566,-0.774971,0.998048,2.4352675909114345
175.0,12.0,-3.1788801993004863,-1.34346,2.117604,0.4843710913482049
175.0,19.0,2.7813142547569774,24.601869,3.147541,6.444565545405668
175.0,24.0,-0.15005476796403194,11.609415,4.164894,3.5131965226846593
175.0,25.0,-10.804132541398557,-7.938533,-2.527474,-7.140881250749866
175.0,29.0,-12.466051042638503,-14.795893,-3.608375,-8.802799751989811
176.0,2.0,-1.4192185935820083,8.566119,3.014665,4.601188636973591
176.0,5.0,7.940478464373787,9.713792,8.739687,13.960885694929386
176.0,6.0,-2.805045998919221,7.136832,0.987987,3.215361231636378
176.0,12.0,-4.394161145049531,5.355908,2.194719,1.626246085506068
176.0,19.0,1.8574055587046816,8.870848,3.227462,7.877812789260281
176.0,24.0,-2.170981789783543,4.923904,4.384841,3.8494254407720563
176.0,25.0,-12.187466645986655,-0.73688,-2.637891,-6.167059415431056
177.0,2.0,-1.5544848307063601,5.409029,2.797112,3.7910859836297472
177.0,5.0,8.214530196179584,6.431645,8.819997,13.560101010515691
177.0,6.0,-2.5277760973767016,9.144047,0.921387,2.8177947169594058
177.0,12.0,-4.44576259520264,5.605825,1.893929,0.8998082191334671
177.0,19.0,1.8059309354067885,-5.732869,3.382621,7.151501749742896
177.0,24.0,-1.6242211657514556,-4.017325,4.206999,3.721349648584652
177.0,25.0,-12.286819201017618,-0.265302,-3.016048,-6.941248386681511
178.0,2.0,-0.5722027928724326,6.106132,2.646632,2.952054606237866
178.0,5.0,9.471975182814269,10.295701,9.099721,12.996232581924568
178.0,6.0,-1.2886993569961334,2.722568,0.785847,2.235558042114165
178.0,12.0,-3.1626538520698246,4.110343,1.690677,0.3616035470404739
178.0,19.0,2.7653939111882924,10.93297,3.469498,6.289651310298591
178.0,24.0,0.2638371517405814,-9.052072,4.273651,3.78809455085088
178.0,25.0,-11.005377208609756,-0.05871,-3.3813,-7.481119809499457
178.0,29.0,-12.66941330802687,8.348503,-4.415727,-9.145155908916571
179.0,2.0,-1.673803213319352,8.90766,2.689862,4.019962909217107
179.0,5.0,8.63510609095101,13.255239,9.68944,14.32887221348747
179.0,6.0,-2.6960056949387123,-1.170906,0.725003,2.997760427597747
179.0,12.0,-4.3068858742008,5.085097,1.672801,1.3868802483356593
179.0,19.0,1.7497012538933774,9.996858,3.647085,7.443467376429837
179.0,24.0,-1.3554070401020528,10.097921,4.552648,4.3383590824344065
179.0,25.0,-12.538992943597068,-1.699899,-3.724759,-6.845226821060608
180.0,2.0,-0.6274298220635909,2.591191,3.030054,2.9824062418157853
180.0,5.0,9.453989927814337,9.274961,10.554408,13.063825991693713
180.0,6.0,-1.4390441188239578,1.340839,0.81348,2.1707919450554183
180.0,12.0,-3.1950340513948503,-1.787445,1.959947,0.41480201248452575
180.0,19.0,2.710980603233409,3.271376,3.911485,6.320816667112785
180.0,24.0,0.33727982683192514,4.870623,5.060136,3.9471158907113013
180.0,25.0,-11.019783838179901,-6.341922,-3.90437,-7.409947774300525
180.0,29.0,-12.60152572029393,-6.863031,-5.040128,-8.991689656414554
181.0,2.0,-1.6144075222629723,8.321506,3.403321,4.4521125001636515
181.0,5.0,8.130545384022868,14.52916,11.408424,14.197065406449493
181.0,6.0,-3.2516843874442074,9.970395,0.935313,2.8148356349824164
181.0,12.0,-4.295814371076278,3.862255,2.280525,1.7707056513503456
181.0,19.0,1.5815677841201072,0.707885,4.189698,7.648087806546731
181.0,24.0,-1.5754287473601876,9.99727,5.557723,4.491091275066436
181.0,25.0,-12.380647499988058,-3.183971,-4.046206,-6.314127477561434
182.0,2.0,-0.6930211859528291,3.236061,3.261409,3.0509414799377077
182.0,5.0,9.405447805989912,13.598072,11.955477,13.149410471880449
182.0,6.0,-1.4951003829281788,-2.654065,0.772647,2.248862282962358
182.0,12.0,-3.2561539853091173,0.088271,2.052726,0.48780868058141946
182.0,19.0,2.8044932012637434,11.714803,4.368891,6.54845586715428
182.0,24.0,0.2582856366682805,-1.556627,5.735252,4.002248302558817
182.0,25.0,-11.089033020227822,-3.969227,-4.586376,-7.345070354337285
182.0,29.0,-12.662563148798109,-9.355458,-5.791383,-8.918600482907571
183.0,2.0,-0.565758239887865,12.154992,3.22274,3.1392527695160695
183.0,5.0,9.398295072614975,13.718481,12.324874,13.103306082018909
183.0,6.0,-1.4405492189453186,5.722317,0.70461,2.2644617904586157
183.0,12.0,-3.095376722775246,5.632751,1.961935,0.6096342866286886
183.0,19.0,2.5609569552811706,8.2022,4.499195,6.265967964685105
183.0,24.0,0.41377198583911123,10.527254,5.867596,4.118782995243046
183.0,25.0,-10.852821684280126,0.737219,-4.887523,-7.147810674876192
183.0,29.0,-12.466326167995318,-4.513757,-6.084228,-8.761315158591383
184.0,2.0,-0.5361533224111589,1.821994,3.439489,3.1701560339033374
184.0,5.0,9.387374701889252,15.422296,12.489793,13.093684058203749
184.0,6.0,-1.4738432389699687,0.933348,0.852739,2.2324661173445275
184.0,12.0,-3.090008160583098,-1.752712,2.17285,0.6163011957313982
184.0,19.0,2.5396825918976234,-4.136142,4.605825,6.24599194821212
184.0,24.0,0.5243218266013353,-4.291743,5.964743,4.230631182915832
184.0,25.0,-10.886971104778523,-6.316148,-4.769632,-7.1806617484640265
184.0,29.0,-12.479313907334522,-0.263422,-6.062169,-8.773004551020026
185.0,2.0,-0.27310830138654485,5.991661,3.42225,3.800976858619573
185.0,5.0,8.711270643581717,13.771688,12.321107,12.785355803587834
185.0,6.0,-1.3869124021416903,0.688106,0.857911,2.6871727578644276
185.0,12.0,-2.8905026776653537,5.38709,2.180364,1.1835824823407641
185.0,19.0,1.962878376254948,5.499352,4.541896,6.036963536261066
185.0,24.0,0.12828733708147844,19.283684,5.898559,4.202372497087596
185.0,25.0,-10.39103287671422,-4.533855,-4.667029,-6.3169477167081025
185.0,29.0,-12.235585898724947,-6.23794,-5.952321,-8.161500738718829
186.0,2.0,-0.2819436941192973,0.27997,3.079235,3.437878223738695
186.0,5.0,8.771066459748113,12.123112,11.828815,12.490888377606105
186.0,6.0,-1.3556214740852575,-0.524214,0.76788,2.364200443772735
186.0,12.0,-2.906081402117045,-4.012723,1.819911,0.8137405157409474
186.0,19.0,2.5187103033460616,-9.38283,4.478938,6.2385322212040535
186.0,24.0,-0.07130084645882218,4.695165,5.467747,3.6485210713991703
186.0,25.0,-10.249637914898676,-8.640288,-4.784343,-6.529815997040684
186.0,29.0,-12.26083431388221,-11.42138,-6.010108,-8.541012396024218
187.0,2.0,-1.610211976225819,4.704884,2.574149,4.458533861956437
187.0,5.0,7.729166847227099,10.27428,11.398869,13.797912685409354
187.0,6.0,-3.026773217305077,1.403163,0.500762,3.041972620877179
187.0,12.0,-4.35094630167307,2.713934,1.303149,1.7177995365091858
187.0,19.0,1.3111964409316892,21.018588,4.332288,7.379942279113945
187.0,24.0,-1.8428512405536974,3.09344,5.109681,4.2258945976285585
187.0,25.0,-12.218204839818466,-3.915541,-5.080909,-6.14945900163621
188.0,2.0,-1.8120634252949914,4.72369,2.140525,3.3801200072861732
188.0,5.0,8.468512368908183,10.47846,11.160053,13.660695801489346
188.0,6.0,-2.965532846160378,1.122464,0.243767,2.226650586420787
188.0,12.0,-4.3490142871990445,0.750567,0.849219,0.8431691453821202
188.0,19.0,1.5771314182575393,7.388199,4.232859,6.769314850838704
188.0,24.0,-0.9298400653668218,3.036698,4.873833,4.262343367214343
188.0,25.0,-12.488378550784686,-2.842953,-5.415958,-7.296195118203522
189.0,2.0,-1.8817592205456863,1.348025,1.757557,4.639619259096808
189.0,5.0,7.510665030232152,13.952955,10.96461,14.032043509874647
189.0,6.0,-3.7866450523634123,-0.867574,-0.229651,2.7347334272790818
189.0,12.0,-4.445869784039117,-0.242151,0.580411,2.075508695603377
189.0,19.0,0.30290996307341345,5.868114,3.766458,6.824288442715908
189.0,24.0,-1.1858904652410898,-0.300446,5.063964,5.335488014401404
189.0,25.0,-12.359291817994961,-5.903461,-5.518934,-5.837913338352467
190.0,2.0,-0.6355572925311269,-0.591468,1.596507,3.4224532851573812
190.0,5.0,9.05373134803203,11.227662,10.812094,13.111741925720539
190.0,6.0,-1.7341455977384648,-2.49598,-0.677663,2.3238649799500433
190.0,12.0,-2.908589748802445,-1.816482,0.618913,1.149420828886063
190.0,19.0,1.8196080152999414,2.97555,3.142379,5.8776185929884495
190.0,24.0,1.0196739765057092,0.184429,5.528932,5.077684554194217
190.0,25.0,-10.789034080006447,-5.280188,-5.298063,-6.731023502317939
190.0,29.0,-12.288524574669506,-7.329385,-5.576377,-8.230513996980998
191.0,2.0,-0.6599326975680767,3.547659,1.544374,3.406943073851447
191.0,5.0,9.213483968231097,7.346595,10.904259,13.28035973965062
191.0,6.0,-1.740543185320334,1.033509,-0.7246,2.3263325860991895
191.0,12.0,-2.7723170368189747,1.344342,0.551559,1.2945587346005487
191.0,19.0,1.91285700429113,3.765664,3.170994,5.979732775710653
191.0,24.0,1.2407056186038465,9.967191,5.552285,5.30758139002337
191.0,25.0,-10.865982643744282,-4.406226,-5.419398,-6.799106872324758
191.0,29.0,-12.404778849411079,-3.953868,-5.681266,-8.337903077991555
192.0,2.0,-0.7760319174562166,3.644805,1.294426,3.4808326781925816
192.0,5.0,9.247165228018073,9.440377,10.980693,13.50402982366687
192.0,6.0,-1.8978579555950574,-2.898813,-0.917878,2.3590066400537406
192.0,12.0,-2.8096961297859497,0.060295,0.273695,1.4471684658628483
192.0,19.0,1.8534287730609194,1.894774,3.158079,6.110293368709717
192.0,24.0,1.3257932426903496,12.407557,5.533855,5.582657838339148
192.0,25.0,-10.989427001566558,-3.678151,-5.744379,-6.73256240591776
192.0,29.0,-12.374483721530904,-2.917678,-5.908715,-8.117619125882106
193.0,2.0,-0.694282077657106,3.795528,1.177278,3.3156026356214445
193.0,5.0,9.259828933058497,11.003152,10.963169,13.269713646337047
193.0,6.0,-1.7142107511177338,0.599444,-1.028616,2.2956739621608167
193.0,12.0,-2.683497304475628,0.542415,0.166319,1.3263874088029226
193.0,19.0,1.810099917289489,-0.348068,3.092414,5.819984630568039
193.0,24.0,1.4648112048551356,7.611527,5.547131,5.474695918133686
193.0,25.0,-10.91447425307612,-2.298742,-5.836559,-6.90458953979757
193.0,29.0,-12.416259944988974,-3.432027,-5.936059,-8.406375231710424
194.0,2.0,-0.8717476626892654,2.279539,1.131356,3.369188273548267
194.0,5.0,9.308409536298168,13.669619,10.942377,13.5493454725357
194.0,6.0,-1.935662466888843,-0.431335,-1.080499,2.3052734693486894
194.0,12.0,-2.7607537940104807,0.782008,0.133137,1.4801821422270516
194.0,19.0,1.8302806126438904,4.553641,3.046604,6.071216548881423
194.0,24.0,1.563313244911602,13.729656,5.563769,5.804249181149134
194.0,25.0,-10.995031765433248,-4.976856,-5.853449,-6.754095829195716
194.0,29.0,-12.470958307112893,-8.664792,-5.921095,-8.23002237087536
195.0,2.0,-0.9667251123472732,5.211645,1.051525,3.6053111406822973
195.0,5.0,9.150034029618313,10.953055,10.977691,13.722070282647884
195.0,6.0,-1.9015356090820141,-1.936977,-1.203863,2.6705006439475563
195.0,12.0,-2.8057800037833323,3.883088,0.077833,1.7662562492462381
195.0,19.0,1.6710242465716325,5.688099,2.952375,6.243060499601203
195.0,25.0,-10.93651714473799,-1.113537,-5.913279,-6.36448089170842
195.0,29.0,-12.764127436296727,-4.159339,-5.906036,-8.192091183267156
196.0,2.0,-1.1980177657401647,4.799305,1.018415,3.7003429711749716
196.0,5.0,8.68506010045521,10.686268,11.036147,13.583420837370348
196.0,6.0,-2.415453977528708,-0.92301,-1.296232,2.4829067593864282
196.0,12.0,-3.059772767346134,1.752978,0.070467,1.8385879695690024
196.0,19.0,1.1162736760234377,5.118947,2.872793,6.014634412938574
196.0,25.0,-10.854727469505281,-2.423597,-5.937414,-5.956366732590145
196.0,29.0,-12.480535839633406,-5.550537,-5.87368,-7.58217510271827
197.0,2.0,-1.162960358117057,-5.530341,0.94908,3.4958262310245054
197.0,5.0,9.024694749189269,6.98808,11.052519,13.683481338330832
197.0,6.0,-2.2712546747239504,-9.394096,-1.378371,2.387531914417612
197.0,12.0,-2.9932742867783904,-7.980433,0.011923,1.665512302363172
197.0,19.0,1.2013355224816777,-0.365387,2.822737,5.86012211162324
197.0,25.0,-10.970170585628845,-10.431402,-5.998591,-6.311383996487282
197.0,29.0,-12.592193618659545,-6.488399,-5.887529,-7.933407029517983
198.0,2.0,-1.1504733698683083,2.54379,0.810352,3.379681568890768
198.0,5.0,9.137547047963729,10.195264,11.033094,13.667701986722804
198.0,6.0,-2.1721795847663294,-2.618258,-1.470315,2.357975353992747
198.0,12.0,-2.983916675703052,-0.304468,-0.137345,1.5462382630560243
198.0,19.0,1.2868228868501248,4.644627,2.807109,5.816977825609201
198.0,25.0,-11.012667185069446,-10.258033,-6.14186,-6.48251224631037
198.0,29.0,-12.665867458609158,-3.823835,-5.983234,-8.135712519850081
199.0,2.0,-1.3171493491972592,6.460651,0.743962,3.2114542196809124
199.0,5.0,9.246116294552559,9.428181,10.991298,13.77471986343073
199.0,6.0,-2.390844352031978,0.74312,-1.419205,2.1377592168461934
199.0,12.0,-3.2093127027790813,0.739426,-0.253347,1.3192908660990903
199.0,19.0,1.2519761697986196,5.379496,2.932139,5.780579738676791
199.0,25.0,-11.133596824445094,-5.911825,-6.263009,-6.604993255566923
199.0,29.0,-12.683707168953207,-0.336426,-6.150812,-8.155103600075035
200.0,2.0,-1.0957485347075826,2.641106,0.698101,3.4687676019085485
200.0,5.0,9.067639830155104,9.956317,10.909311,13.632155966771235
200.0,6.0,-2.1325001748869115,-0.661104,-1.373731,2.4320159617292196
200.0,12.0,-3.0032833416777085,0.631693,-0.327979,1.5612327949384226
200.0,19.0,1.5789047611629279,0.462779,3.006317,6.143420897779059
200.0,25.0,-10.774343487316088,-2.908011,-6.312517,-6.209827350699957
200.0,29.0,-12.55074990816471,-1.957494,-6.235467,-7.986233771548578
201.0,2.0,-1.031116249442534,-0.453378,0.682402,3.265425968966886
201.0,5.0,9.342791445118925,10.751477,10.852955,13.639333663528344
201.0,6.0,-1.9274442554128681,-6.793892,-1.306551,2.369097962996552
201.0,12.0,-2.9587607148040607,-4.436244,-0.374755,1.3377815036053593
201.0,19.0,2.1492625116828865,2.250505,3.098316,6.4458047300923065
201.0,25.0,-10.812717757827246,-8.145728,-6.348918,-6.516175539417826
201.0,29.0,-12.699538767481066,-6.892157,-6.321122,-8.402996549071645
202.0,2.0,-1.0303658636568445,5.990359,0.692865,3.3248463213971196
202.0,5.0,9.227935157257692,9.027797,10.850191,13.583147342311655
202.0,6.0,-1.985832748009658,0.718748,-1.281145,2.369379437044306
202.0,12.0,-2.938503543955599,3.072117,-0.370126,1.416708641098365
202.0,19.0,1.9367308653432325,8.456946,3.127482,6.2919430503971965
202.0,25.0,-10.775713494094566,-4.429546,-6.348231,-6.420501309040602
202.0,29.0,-12.590030177553814,-5.666115,-6.339629,-8.234817992499849
203.0,2.0,-0.8848071943612191,1.225509,0.685161,3.9041895314305535
203.0,5.0,9.46565331399703,9.386551,10.862425,14.254650039788803
203.0,6.0,-2.413985398633746,-5.096723,-1.257112,2.3750113271580267
203.0,12.0,-3.0439711954301965,-0.677361,-0.394655,1.745025530361576
203.0,19.0,0.6653173810231382,4.728645,3.180616,5.454314106814911
203.0,25.0,-11.124727896224284,-5.959227,-6.389377,-6.335731170432512
203.0,29.0,-11.834581027137075,-6.632243,-6.40314,-7.045584301345302
204.0,2.0,-0.8881009740564424,-2.063751,0.681823,3.8117129940077064
204.0,5.0,9.831938663257015,9.147758,10.90612,14.531752631321163
204.0,6.0,-2.280489904502587,-5.572762,-1.279031,2.419324063561562
204.0,12.0,-3.0055752860767186,-3.569187,-0.393502,1.69423868198743
204.0,19.0,0.8150376501853146,5.155461,3.174178,5.514851618249463
204.0,25.0,-11.322960028262662,-8.669286,-6.409627,-6.623146060198513
204.0,29.0,-11.967667205751633,-10.168749,-6.413789,-7.2678532376874845
205.0,2.0,-0.9295684153610414,7.24535,0.715071,3.911691629065124
205.0,5.0,9.573886560334476,14.607911,10.950292,14.41514660476064
205.0,6.0,-2.473969355963934,3.027519,-1.25658,2.367290688462231
205.0,12.0,-3.0659646781038203,6.408316,-0.362463,1.7752953663223447
205.0,19.0,0.5972301633099483,6.875296,3.20126,5.4384902077361135
205.0,25.0,-11.236531661368348,0.611228,-6.404675,-6.395271616942183
205.0,29.0,-11.899071250077245,-6.482591,-6.426954,-7.05781120565108
206.0,2.0,-0.81280475071683,-0.822535,0.743258,3.960564681137982
206.0,5.0,9.622826795647846,10.464992,10.965436,14.396196227502658
206.0,6.0,-2.3584674329542716,-7.537891,-1.240721,2.4149019989005405
206.0,12.0,-2.9899395329642733,-1.01582,-0.329696,1.7834298988905388
206.0,19.0,0.6300622850845236,3.273677,3.207429,5.403431716939336
206.0,25.0,-11.191474229475128,-4.763354,-6.379861,-6.418104797620316
206.0,29.0,-11.951388062446295,-7.788048,-6.413265,-7.178018630591483
207.0,2.0,-0.8295947399836338,3.325746,0.760575,4.146341939779547
207.0,5.0,9.478652420982703,11.053328,10.917916,14.454589100745885
207.0,6.0,-2.4584022765021265,0.474906,-1.226187,2.5175344032610543
207.0,12.0,-3.0396530834981608,1.920486,-0.300263,1.93628359626502
207.0,19.0,0.5018291719366087,4.767797,3.188639,5.47776585169979
207.0,25.0,-11.14551773740235,-4.503435,-6.322893,-6.16958105763917
207.0,29.0,-11.92065092196389,-5.809203,-6.361935,-6.9447142422007095
208.0,2.0,-0.7561861529525286,-2.182287,0.784232,4.259558513502565
208.0,5.0,9.496298025286803,8.65839,10.846741,14.512042691741897
208.0,6.0,-2.407911980527482,-4.447204,-1.193512,2.6078326859276117
208.0,12.0,-2.996440334896247,-1.254549,-0.266866,2.0193043315588466
208.0,19.0,0.488909617279936,1.557041,3.179282,5.50465428373503
208.0,25.0,-11.131116109531993,-4.415499,-6.251504,-6.115371443076899
208.0,29.0,-11.976845210536721,-6.691253,-6.306443,-6.961100544081628
209.0,2.0,-0.7482068712027453,-1.640533,0.715265,4.285498311370361
209.0,5.0,9.418854486923973,9.357899,10.756861,14.452559669497079
209.0,6.0,-2.3061270952602255,-4.776185,-1.219555,2.7275780873128808
209.0,12.0,-3.033587779376984,-1.132084,-0.335235,2.000117403196122
209.0,19.0,0.6234966632242366,1.897217,3.159853,5.657201845797343
209.0,25.0,-11.099468935353762,-8.316131,-6.274853,-6.065763752780656
209.0,29.0,-11.98020140976715,-6.091323,-6.313909,-6.946496227194043
210.0,2.0,-1.1384178630446318,-0.443746,0.987267,3.582955552316907
210.0,5.0,9.757916242602066,5.508559,10.683529,14.479289657963605
210.0,6.0,-2.681711786784029,-3.885701,-0.884975,2.0396616285775098
210.0,12.0,-3.3422698891458507,2.564399,-0.098758,1.379103526215688
210.0,19.0,0.5326909567957071,5.968412,3.376018,5.254064372157246
210.0,25.0,-11.3488992152444,-7.804173,-6.028873,-6.627525799882861
210.0,29.0,-11.78962259332175,-7.631387,-6.271599,-7.068249177960212
211.0,2.0,-1.1327618447167884,-3.254359,0.993221,2.9041312565844306
211.0,5.0,9.246467626598774,10.668729,10.787801,13.283360727899993
211.0,6.0,-2.876687588770542,-3.402315,-0.969242,1.160205512530677
211.0,12.0,-3.2962335114176637,-4.374104,-0.061036,0.7406595898835553
211.0,19.0,0.142114675612384,-1.082626,3.295058,4.179007776913603
211.0,25.0,-11.027008900848957,-7.497304,-6.029001,-6.990115799547738
211.0,29.0,-11.673810133334047,-8.411894,-6.220182,-7.636917032032828
212.0,2.0,-1.0267297479921647,-2.084016,0.590809,3.9263495218747435
212.0,5.0,9.28594871574308,9.660999,11.0169,14.239027985609988
212.0,6.0,-2.6734853267284944,-5.787586,-1.512982,2.279593943138414
212.0,12.0,-3.2287179198000993,-6.19254,-0.400832,1.724361350066809
212.0,19.0,0.3211204858672997,2.591498,2.966606,5.274199755734208
212.0,25.0,-11.132659009989954,-7.553269,-6.443152,-6.179579740123046
212.0,29.0,-11.853222752208119,-9.304722,-6.313659,-6.90014348234121
213.0,2.0,-0.989885542238807,-2.896454,0.564072,4.050152645108847
213.0,5.0,9.216285742053797,5.248219,11.065283,14.25632392940145
213.0,6.0,-2.6468619259318107,-5.914894,-1.556103,2.393176261415843
213.0,12.0,-3.201300505560942,-3.792401,-0.423478,1.838737681786712
213.0,19.0,0.27556587899518614,2.904752,2.952786,5.31560406634284
213.0,25.0,-11.079711967259243,-9.399346,-6.489339,-6.039673779911589
213.0,29.0,-11.884180208361977,-6.877161,-6.33857,-6.844142021014323
214.0,2.0,-1.0439106848372663,-4.379644,0.581891,3.9315507193563963
214.0,5.0,9.33672256540291,8.706066,11.066727,14.312183969596573
214.0,6.0,-2.6784877026622427,-6.415234,-1.554858,2.29697370153142
214.0,12.0,-3.2448727912560584,-5.361648,-0.395349,1.7305886129376042
214.0,19.0,0.3035645948775415,1.423951,2.93899,5.279025999071204
214.0,25.0,-11.151311914905238,-8.883173,-6.459145,-6.175850510711575
214.0,29.0,-11.871045384008609,-8.597835,-6.308886,-6.895583979814946
215.0,2.0,-0.8957923265498852,-1.315503,0.559634,4.108556607377145
215.0,5.0,9.439098959604634,7.513154,11.093499,14.443447893531664
215.0,6.0,-2.5555991621661898,-5.069843,-1.607442,2.4487497717608404
215.0,12.0,-3.1278518792885017,-3.024809,-0.401924,1.8764970546385284
215.0,19.0,0.303087085305929,2.155136,2.894246,5.307436019232959
215.0,25.0,-11.135715443919638,-8.067362,-6.472611,-6.131366509992608
215.0,29.0,-11.95927312626541,-6.030384,-6.291252,-6.95492419233838
216.0,2.0,-0.8856549469502976,3.861715,0.520873,3.363995332963838
216.0,5.0,9.486231673306767,12.367118,11.13772,13.735881953220902
216.0,6.0,-2.5306168350614726,-3.953869,-1.63205,1.7190334448526627
216.0,12.0,-3.1207432616198907,-1.020714,-0.451805,1.1289070182942447
216.0,19.0,0.3024552830726267,5.138421,2.919249,4.552105562986762
216.0,25.0,-11.078115082004881,-7.267866,-6.551564,-6.828464802090746
216.0,29.0,-11.886781441817659,-3.444844,-6.364179,-7.637131161903524
217.0,2.0,-0.9232825742722693,3.270308,0.500031,3.1419047557197697
217.0,5.0,9.34740537067977,10.262326,11.20433,13.412592700671809
217.0,6.0,-2.579002512400475,-3.541634,-1.669357,1.486184817591564
217.0,12.0,-3.1660110579927636,3.587988,-0.472271,0.8991762719992753
217.0,19.0,0.2279994181448498,10.128781,2.91856,4.293186748136889
217.0,25.0,-10.999717817263404,-5.299021,-6.606876,-6.934530487271365
217.0,29.0,-11.808965871688947,-1.988762,-6.403571,-7.7437785416969085
218.0,2.0,-1.1758605390884238,0.075774,0.490249,3.535300835005428
218.0,5.0,9.209535410970163,9.725184,11.240163,13.920696785064015
218.0,6.0,-2.8477899562634397,-1.211597,-1.678756,1.863371417830412
218.0,12.0,-3.362940309771194,0.495305,-0.485811,1.3482210643226575
218.0,19.0,0.14869143255878903,3.834707,2.93409,4.859852806652641
218.0,25.0,-11.118207137434517,-6.202858,-6.642235,-6.4070457633406654
218.0,29.0,-11.77903347375746,-6.624335,-6.439107,-7.067872099663608
219.0,2.0,-1.074608950083534,-5.093255,0.459005,3.5422592567115823
219.0,5.0,9.368954316451024,10.954601,11.218087,13.98582252324614
219.0,6.0,-2.7380311946333515,-7.957302,-1.68579,1.8788370121617648
219.0,12.0,-3.2882054150682283,-4.307943,-0.521533,1.328662791726888
219.0,19.0,0.1794759561244409,1.640357,2.9435,4.796344162919557
219.0,25.0,-11.13324402858498,-11.06581,-6.670577,-6.516375821789863
219.0,29.0,-11.819874986831477,-8.625375,-6.466819,-7.203006780036361
220.0,2.0,-1.0439603351272098,0.459786,0.465966,3.630761428666439
220.0,5.0,9.341091576146209,10.434749,11.2621,14.015813339939857
220.0,6.0,-2.750911634196801,-5.684446,-1.65003,1.9238101295968475
220.0,12.0,-3.2499197803684496,-2.622748,-0.536692,1.424801983425199
220.0,19.0,0.10870572435358639,2.74982,3.017647,4.783427488147235
220.0,25.0,-11.095353388289045,-9.651867,-6.721517,-6.420631624495396
220.0,29.0,-11.84955170120836,-4.344728,-6.549885,-7.174829937414712
221.0,2.0,-1.0398959990088592,-7.792804,0.52199,2.985569777712298
221.0,5.0,9.47984704646114,7.096815,11.392408,13.505312823182297
221.0,6.0,-2.659393538583699,-8.524674,-1.654279,1.3660722381374582
221.0,12.0,-3.2578660696860804,-7.860589,-0.473125,0.7675997070350769
221.0,19.0,0.21599719435756615,-2.520063,3.026685,4.2414629710787235
221.0,25.0,-11.077738347468115,-13.516776,-6.723005,-7.052272570746958
221.0,29.0,-11.793968603593102,-6.453706,-6.555064,-7.768502826871945
222.0,2.0,-1.0265819380729253,2.549377,0.65013,3.9969861689430743
222.0,5.0,9.38687859506734,13.528586,11.563572,14.410446702083341
222.0,6.0,-2.6636095157820883,-0.544177,-1.603216,2.3599585912339114
222.0,12.0,-3.2666903413879758,-2.579484,-0.340604,1.756877765628024
222.0,19.0,0.22553798916829038,4.801439,3.072754,5.24910609618429
222.0,25.0,-11.135849549223819,-9.145684,-6.679391,-6.112281442207819
222.0,29.0,-11.918019577669579,-7.726724,-6.549714,-6.894451470653579
223.0,2.0,-1.0234084945187325,0.908912,0.74301,3.7451565109185863
223.0,5.0,9.454772443833278,14.164719,11.687048,14.223337449270597
223.0,6.0,-2.6802528027694246,-3.666434,-1.547064,2.088312202667894
223.0,12.0,-3.2593289055733763,2.130581,-0.254242,1.5092360998639425
223.0,19.0,0.1938266866442201,4.8577,3.136222,4.962391692081539
223.0,25.0,-11.156813544980952,-4.615516,-6.662762,-6.388248539543634
223.0,29.0,-11.909724190962796,-8.452032,-6.575649,-7.141159185525478
224.0,2.0,-1.1326509697503022,0.858624,0.790952,3.5134752533608564
224.0,5.0,9.270573888150208,11.138655,11.764554,13.916700111261367
224.0,6.0,-2.778498767946423,-6.663963,-1.552724,1.8676274551647358
224.0,12.0,-3.3361717656727725,-2.092066,-0.191734,1.3099544574383861
224.0,19.0,0.09403033364493119,2.603752,3.122669,4.74015655675609
224.0,25.0,-11.061154560036014,-5.004008,-6.635036,-6.4150283369248555
224.0,29.0,-11.816936755409808,-5.356177,-6.546617,-7.170810532298649
225.0,2.0,-0.8976663735803846,1.681213,0.82549,3.89107583901077
225.0,5.0,9.074493326414522,8.838545,11.792691,13.863235539005677
225.0,6.0,-2.563462208818888,-3.08803,-1.558727,2.2252800037722666
225.0,12.0,-3.1888899127065597,0.23974,-0.139594,1.5998522998845948
225.0,19.0,0.15855567150162997,5.081396,3.095303,4.947297884092785
225.0,25.0,-10.884591195479302,-5.984704,-6.590984,-6.095848982888148
225.0,29.0,-11.921304553884358,-4.946121,-6.49806,-7.1325623412932035
226.0,2.0,-1.0949852756119283,5.060227,0.821801,3.5220957056333875
226.0,5.0,8.752072493596799,8.137993,11.800615,13.369153474842115
226.0,6.0,-2.7600414915056994,-0.297319,-1.530577,1.8570394897396163
226.0,12.0,-3.3275670418015024,1.80931,-0.159421,1.2895139394438133
226.0,19.0,-0.09992426870010018,12.452482,3.148693,4.517156712545216
226.0,25.0,-10.804858798522977,-4.684646,-6.625178,-6.187777817277661
226.0,29.0,-11.796753815591252,-5.496121,-6.556769,-7.179672834345936
227.0,2.0,-1.1291698796865761,-4.359662,0.759721,3.8814440229180915
227.0,5.0,8.911168019163327,8.184886,11.825518,13.921781921767995
227.0,6.0,-2.816200730146975,-3.747489,-1.604071,2.1944131724576925
227.0,12.0,-3.3453657729986146,-3.411151,-0.212968,1.665248129606053
227.0,19.0,0.007955697251248561,1.892475,3.109941,5.018569599855916
227.0,25.0,-10.912176439386563,-8.615105,-6.687727,-5.901562536781896
227.0,29.0,-11.839788357736058,-8.144897,-6.578686,-6.82917445513139
228.0,2.0,-1.113647924968987,-0.620568,0.793947,3.514076854172952
228.0,5.0,8.999158967613734,9.065803,11.92752,13.626883746755674
228.0,6.0,-2.760308866148038,-3.849524,-1.585112,1.8674159129939012
228.0,12.0,-3.3452515378936054,-3.610293,-0.189024,1.2824732412483337
228.0,19.0,-0.02221833632170178,2.212848,3.161942,4.6055064428202375
228.0,25.0,-10.92655451439576,-7.498306,-6.723416,-6.29882973525382
228.0,29.0,-11.80746326565687,-5.479153,-6.635973,-7.17973848651493
229.0,2.0,-1.0300324185418681,0.075773,0.822102,3.7388960779285174
229.0,5.0,9.24923595998519,6.378484,12.014178,14.018164456455576
229.0,6.0,-2.713294633910956,-3.010204,-1.552426,2.0556338625594295
229.0,12.0,-3.2871338609602954,0.312279,-0.178802,1.4817946355100902
229.0,19.0,0.11701560799966504,7.614858,3.23326,4.885944104470051
229.0,25.0,-11.01641041352759,-5.991253,-6.7689,-6.247481917057204
229.0,29.0,-11.887911393375317,-7.168562,-6.712619,-7.118982896904932
230.0,2.0,-1.0656930192269778,7.26935,0.817384,3.3971835832852966
230.0,5.0,9.27424075492572,10.850688,12.132209,13.737117357437995
230.0,6.0,-2.7423558399998047,-1.881053,-1.569301,1.7205207625124697
230.0,12.0,-3.307674050372194,4.423654,-0.19586,1.1552025521400804
230.0,19.0,0.07874888154888005,7.241096,3.276534,4.5416254840611545
230.0,25.0,-11.000450308217236,-1.404832,-6.853952,-6.537573705704961
230.0,29.0,-11.844326303952174,-1.517057,-6.800111,-7.3814497014399
231.0,2.0,-0.9119102570139789,1.659768,0.875464,3.9000577945003503
231.0,5.0,9.252223011349447,9.799354,12.29336,14.064191062863776
231.0,6.0,-2.615172183764696,-0.906974,-1.531979,2.196795867749633
231.0,12.0,-3.230144587078646,1.120704,-0.157618,1.5818234644356832
231.0,19.0,0.22330131988011448,3.359659,3.365584,5.035269371394444
231.0,25.0,-10.945877215461971,-4.340924,-6.910675,-6.133909163947642
231.0,29.0,-11.921633260883082,-5.096661,-6.894643,-7.109665209368753
232.0,2.0,-1.0167445784961133,4.279784,0.891049,3.969414674669081
232.0,5.0,9.298182402593403,12.924875,12.412144,14.284341655758597
232.0,6.0,-2.670046352159728,-0.603723,-1.500152,2.316112901005466
232.0,12.0,-3.30716717049832,-1.443174,-0.171546,1.6789920826668743
232.0,19.0,0.287467104069166,6.563352,3.46549,5.2736263572343605
232.0,25.0,-11.032885169744054,-7.77457,-7.002273,-6.046725916578859
232.0,29.0,-11.921314171929135,-6.939347,-7.021972,-6.93515491876394
233.0,2.0,-0.9961042352380148,0.315565,0.91378,4.112818309528666
233.0,5.0,9.382204779814348,10.1987,12.426742,14.49112732458103
233.0,6.0,-2.6392752779475925,-0.907985,-1.495143,2.469647266819088
233.0,12.0,-3.300485686968827,-1.53619,-0.140353,1.8084368577978536
233.0,19.0,0.3563730021897412,4.865999,3.459917,5.465295546956422
233.0,25.0,-11.074109250172553,-8.89909,-6.97687,-5.9651867054058725
233.0,29.0,-11.94942615745122,-7.53123,-7.000769,-6.84050361268454
234.0,2.0,-0.7278926142323502,3.033045,0.953364,4.026133447008461
234.0,5.0,9.564593138834377,12.673429,12.451215,14.318619200075188
234.0,6.0,-2.5414370230190517,0.779863,-1.460689,2.2125890382217595
234.0,12.0,-3.046348328587237,-3.702005,-0.102292,1.7076777326535741
234.0,19.0,0.5428896057731237,4.317599,3.489082,5.296915667013935
234.0,24.0,1.4869854840227879,0.293169,6.298576,6.241011545263599
234.0,25.0,-10.867937573542719,-8.680868,-6.955037,-6.113911512301907
234.0,29.0,-11.607727319078805,-5.792582,-7.003497,-6.853701257837994
235.0,2.0,-0.6474337260817676,-3.956286,1.059589,4.252546464475567
235.0,5.0,9.633244296977596,5.171324,12.577528,14.53322448753493
235.0,6.0,-2.4205257389345842,-6.270682,-1.389919,2.4794544516227504
235.0,12.0,-2.99725906335872,-4.51124,-0.004299,1.9027211271986144
235.0,19.0,0.7123734509222811,2.87602,3.563855,5.612353641479616
235.0,24.0,1.3719491323986661,29.497447,6.358848,6.271929322956001
235.0,25.0,-10.903107347697249,-13.335012,-6.929537,-6.0031271571399145
235.0,29.0,-11.713389900466101,-8.850922,-7.030089,-6.8134097099087665
236.0,2.0,-0.6642931384638625,2.59836,1.097067,4.200101305803046
236.0,5.0,9.723743430384484,10.381328,12.643157,14.588137874651393
236.0,6.0,-2.3788484310595175,-0.06773,-1.393291,2.485546013207391
236.0,12.0,-2.970856792365765,-2.004111,0.043998,1.8935376519011435
236.0,19.0,0.7807645550441488,4.26757,3.55804,5.645158999311057
236.0,24.0,1.3518537233045578,7.006051,6.430898,6.216248167571466
236.0,25.0,-10.995209177774171,-4.101238,-6.911937,-6.130814733507263
236.0,29.0,-11.826561776851626,-7.19228,-7.013577,-6.962167332584718
237.0,2.0,-0.8043486796804312,6.274402,1.141514,4.009017806563297
237.0,5.0,9.667046835459807,9.967464,12.68207,14.480413321703535
237.0,6.0,-2.5721978733050923,2.723471,-1.373278,2.241168612938636
237.0,12.0,-3.0905565315730867,2.98814,0.094678,1.7228099546706415
237.0,19.0,0.59932048022298,6.777675,3.567519,5.412686966466708
237.0,24.0,1.5122032792547149,-7.925724,6.469313,6.325569765498443
237.0,25.0,-10.99432140419856,-7.616805,-6.880926,-6.180954917954832
237.0,29.0,-11.673345795753024,-0.891817,-6.997239,-6.859979309509296
238.0,2.0,-1.2408224657260423,1.525302,1.197978,3.660880342498915
238.0,5.0,9.488129439410942,10.058995,12.743091,14.3898322476359
238.0,6.0,-2.835155434954485,-4.384067,-1.337927,2.066547373270472
238.0,12.0,-3.064120171767613,0.087085,0.150599,1.8375826364573444
238.0,19.0,1.0764804912683141,3.006809,3.601041,5.9781832994932715
238.0,24.0,0.9970798790178098,16.044734,6.504297,5.898782687242767
238.0,25.0,-11.654813492349627,-10.000148,-6.859562,-6.753110684124669
238.0,29.0,-12.6658905934282,-4.2039,-7.002428,-7.764187785203243
239.0,2.0,-1.353642677481182,-4.828455,1.211746,3.8867968728030187
239.0,5.0,9.274927797423636,7.028337,12.789036,14.515367347707837
239.0,6.0,-2.562762627049425,-7.052156,-1.314453,2.6776769232347757
239.0,12.0,-3.1834938624221567,-3.819465,0.152404,2.056945687862044
239.0,19.0,1.14145785257824,3.661712,3.650341,6.381897402862441
239.0,25.0,-11.785398311109345,-11.554011,-6.889676,-6.5449587608251445
239.0,29.0,-13.229244048238208,-9.332178,-7.055025,-7.988804497954007
240.0,2.0,-1.4854759378775162,5.931816,1.232215,3.788959056646653
240.0,5.0,9.124170757555087,16.517801,12.848246,14.398605752079256
240.0,6.0,-2.91641566214043,4.305539,-1.310445,2.3580193323837393
240.0,12.0,-3.3262698211556363,2.185764,0.17257,1.9481651733685328
240.0,19.0,0.9165555915587252,6.905198,3.669613,6.190990586082894
240.0,25.0,-11.77716165163794,-3.435425,-6.902341,-6.5027266571137705
240.0,29.0,-13.077506439104061,-8.669392,-7.076164,-7.803071444579892
241.0,2.0,-1.3429846260864577,0.110675,1.242023,4.088280136062813
241.0,5.0,8.942568962919077,12.921564,12.907087,14.373833725068348
241.0,6.0,-2.8448933080271415,-3.28965,-1.315935,2.586371454122129
241.0,12.0,-3.2098094907064167,-1.813156,0.182252,2.2214552714428537
241.0,19.0,0.8564739292265519,3.154518,3.684426,6.287738691375822
241.0,25.0,-11.705256380259737,-6.463179,-6.925029,-6.2739916181104665
241.0,29.0,-13.090261311082253,-8.30062,-7.101842,-7.658996548932983
242.0,2.0,-1.3680078289465314,-5.514294,1.206925,3.9520772641684916
242.0,5.0,9.066929165364945,11.810288,12.930616,14.387014258479969
242.0,6.0,-2.8216008760398212,-10.036881,-1.320629,2.4984842170752017
242.0,12.0,-3.244989415099108,-7.748928,0.131219,2.075095678015915
242.0,19.0,0.9093897927850766,-0.973576,3.726154,6.2294748859001
242.0,25.0,-11.731958946785081,-11.665836,-6.99775,-6.411873853670058
242.0,29.0,-13.102317189773899,-8.287451,-7.181076,-7.782232096658876
243.0,2.0,-1.3258038999131543,-1.135991,1.148595,4.08540068642152
243.0,5.0,8.999065910152474,11.049612,12.928712,14.410270496487149
243.0,6.0,-2.79007885043604,-5.26626,-1.377433,2.6211257358986346
243.0,12.0,-3.2092468108474024,-3.07863,0.079378,2.2019577754872723
243.0,19.0,0.8994255955338354,5.22042,3.695554,6.31063018186851
243.0,25.0,-11.700247497045337,-8.532201,-7.04654,-6.289042910710663
243.0,29.0,-13.114426971455982,-10.383379,-7.198617,-7.7032223851213075
244.0,2.0,-1.3696164402860243,-2.008205,1.125955,3.9547942750258755
244.0,5.0,9.120198133817643,7.880676,12.949221,14.444608849129544
244.0,6.0,-2.7782287608291574,-4.512337,-1.377658,2.5461819544827424
244.0,12.0,-3.243514497268029,-4.931265,0.044978,2.0808962180438706
244.0,19.0,1.0601957490571747,0.794668,3.730251,6.3846064643690745
244.0,25.0,-11.741901669740901,-10.636198,-7.099235,-6.4174909544290015
244.0,29.0,-13.145034400245764,-4.466341,-7.259002,-7.820623684933865
245.0,2.0,-1.4233800394004543,2.07427,1.112339,3.8830430538806286
245.0,5.0,9.031144582608864,12.912016,12.989335,14.337567675889947
245.0,6.0,-2.933808511331451,-4.491955,-1.395771,2.372614581949632
245.0,12.0,-3.3156743123466,1.211809,0.030372,1.9907487809344828
245.0,19.0,0.936081410886432,6.979943,3.738525,6.242504504167515
245.0,25.0,-11.725529238173493,-8.258112,-7.136789,-6.41910614489241
245.0,29.0,-13.072539237431856,-9.257392,-7.291753,-7.766116144150773
246.0,2.0,-1.365631743507259,-1.583517,1.070566,3.98225572171527
246.0,5.0,9.05393352169322,9.250115,13.007527,14.40182098691575
246.0,6.0,-2.8103767174051963,-3.451324,-1.422755,2.5375107478173327
246.0,12.0,-3.2577585107815556,-3.120184,-0.017135,2.0901289544409734
246.0,19.0,0.9083700881145463,4.011766,3.749097,6.2562575533370754
246.0,25.0,-11.730147766650452,-7.835519,-7.198032,-6.382260301427923
246.0,29.0,-13.124584123464132,-8.762211,-7.343477,-7.776696658241603
247.0,2.0,-1.3568050961256892,0.88628,1.050453,4.018308245315563
247.0,5.0,9.06077103495549,9.167065,13.010274,14.435884376396743
247.0,6.0,-2.811127521264086,-5.832294,-1.405035,2.563985820177166
247.0,12.0,-3.258875646126943,-3.776825,-0.054482,2.116237695314309
247.0,19.0,0.9253538223750376,4.784607,3.799815,6.30046716381629
247.0,25.0,-11.704670765976354,-7.588306,-7.24752,-6.3295574245351025
247.0,29.0,-13.107258013357182,-7.231198,-7.411701,-7.73214467191593
248.0,2.0,-1.3556011540280446,0.940993,1.068126,3.789612680265698
248.0,5.0,9.142499897416734,15.317526,13.051687,14.287713731710475
248.0,6.0,-2.7869019372698176,-1.611016,-1.379617,2.358311897023925
248.0,12.0,-3.2448565006177192,-0.87709,-0.046999,1.9003573336760233
248.0,19.0,0.7549543563647355,1.068393,3.84588,5.900168190658478
248.0,25.0,-11.720764046468664,-8.185059,-7.268924,-6.575550212174922
248.0,29.0,-13.105439068274947,-6.766728,-7.456051,-7.9602252339812045
249.0,2.0,-1.3371219521056892,2.513484,1.081135,3.8126685017376625
249.0,5.0,9.116423777499875,9.169485,13.106987,14.266214231343227
249.0,6.0,-2.6833286345430665,-2.141805,-1.357661,2.466461819300285
249.0,12.0,-3.183136617602264,-2.147734,-0.04708,1.9666538362410875
249.0,19.0,1.126955577369766,4.309072,3.898701,6.276746031213118
249.0,25.0,-11.586177823892415,-9.266777,-7.306351,-6.436387370049063
249.0,29.0,-13.008378893593598,-4.298344,-7.516003,-7.858588439750246
250.0,2.0,-1.401307676639128,0.209929,1.069754,3.830015559578386
250.0,5.0,9.057662049427952,10.179434,13.115267,14.288985285645467
250.0,6.0,-2.8569701368886014,-2.357566,-1.365339,2.3743530993289124
250.0,12.0,-3.30388762119982,-1.320842,-0.05825,1.9274356150176937
250.0,19.0,0.9245006666393313,4.252962,3.903893,6.155823902856845
250.0,25.0,-11.66924502490775,-8.765005,-7.323778,-6.437921788690237
250.0,29.0,-12.931553358324681,-7.086436,-7.532726,-7.700230122107167
251.0,2.0,-1.262984331851837,3.214938,0.974377,3.9561678614586118
251.0,5.0,9.005707125887415,7.447011,13.0698,14.224859319197865
251.0,6.0,-2.718258605397815,-1.993264,-1.414106,2.5008935879126337
251.0,12.0,-3.0613505142816955,-1.225206,-0.161659,2.1578016790287533
251.0,19.0,1.0566450555040907,8.364314,3.899292,6.2757972488145395
251.0,25.0,-11.485625318153067,-4.734018,-7.408849,-6.266473124842618
251.0,29.0,-12.962318273978573,-8.380385,-7.593338,-7.743166080668124
252.0,2.0,-1.1765503226178042,1.753611,0.777752,4.500736432678252
252.0,5.0,7.93043975582036,8.844846,12.943646,13.607726511116416
252.0,6.0,-2.910186977097336,-2.793801,-1.508127,2.7670997781987205
252.0,12.0,-3.124902450356689,-4.714741,-0.375757,2.5523843049393675
252.0,19.0,0.532867779798745,5.925611,3.880967,6.2101545350948015
252.0,25.0,-11.110063829360632,-8.725676,-7.566619,-5.4327770740645756
252.0,29.0,-12.715378386900674,-8.355267,-7.699465,-7.038091631604618
253.0,2.0,-1.2125850038753176,1.422941,0.288826,4.1112789997846955
253.0,5.0,8.643774599616295,9.802994,12.530189,13.967638603276308
253.0,6.0,-2.747954770830991,-4.518386,-1.540274,2.575909232829022
253.0,12.0,-3.0469358965417728,-0.499836,-1.007187,2.2769281071182403
253.0,19.0,0.6946285407699272,6.14618,4.095384,6.01849254442994
253.0,25.0,-11.291492615823719,-10.307322,-8.053927,-5.967628612163706
253.0,29.0,-12.82534687692783,-5.578844,-8.192781,-7.5014828732678165
254.0,2.0,-1.3487293157586047,1.094142,0.055066,3.805821317450432
254.0,5.0,9.17568970760865,8.87975,12.341297,14.330240340817685
254.0,6.0,-2.7201724942032595,-6.499799,-1.69575,2.4343781390057773
254.0,12.0,-3.193629495460453,-2.591131,-1.23088,1.9609211377485836
254.0,19.0,1.0504468727484042,3.085332,3.983687,6.204997505957441
254.0,25.0,-11.562949023198657,-11.783922,-8.17475,-6.40839838998962
254.0,29.0,-12.94375835603057,-3.798053,-8.215258,-7.789207722821533
255.0,2.0,-1.2346261187311285,1.557447,0.276715,3.908677173734164
255.0,5.0,9.159338747738058,10.769659,12.651563,14.30264204020335
255.0,6.0,-2.539767216304008,-0.180444,-1.724852,2.6035360761612845
255.0,12.0,-3.028904508194828,0.302769,-0.938357,2.1143987842704646
255.0,19.0,1.2270342546311213,5.597484,3.8867,6.370337547096414
255.0,25.0,-11.493767768548421,-6.355622,-8.010462,-6.350464476083129
255.0,29.0,-12.979063512203103,-7.950058,-8.032485,-7.835760219737811
256.0,2.0,-1.2689236755510667,4.272941,0.263708,3.837962545531642
256.0,5.0,9.121576625464437,13.331753,12.684845,14.228462846547146
256.0,6.0,-2.60388456087247,-2.706723,-1.741576,2.5030016602102387
256.0,12.0,-3.0549151503446543,-0.555579,-0.951516,2.0519710707380545
256.0,19.0,1.1949797193862457,7.339214,3.892927,6.3018659404689545
256.0,25.0,-11.49845345243161,-7.891179,-8.042858,-6.391567231348901
256.0,29.0,-12.968956849979557,-8.147458,-8.060304,-7.8620706288968485
257.0,2.0,-1.1419929046022093,4.838553,0.237117,3.5857573742591953
257.0,5.0,9.412555987179479,15.74919,12.671481,14.140306266040884
257.0,6.0,-2.657147559792409,0.740305,-1.730868,2.0706027190689955
257.0,12.0,-2.890014937446404,3.590489,-0.991742,1.8377353414150006
257.0,19.0,1.2389823585192632,4.282007,3.930396,5.966732637380668
257.0,24.0,1.3612951262160466,14.180667,5.838332,6.089045405077451
257.0,25.0,-11.471967784071786,-3.461438,-8.085144,-6.744217505210382
257.0,29.0,-12.572434307549527,-6.536555,-8.115249,-7.844684028688122
258.0,2.0,-1.1123705857235322,8.209274,0.173488,3.6627234042303254
258.0,5.0,9.406273367623719,11.983073,12.675699,14.181367357577576
258.0,6.0,-2.6395012918111593,1.047195,-1.77028,2.1355926981426983
258.0,12.0,-2.8687872051236303,2.132459,-1.062283,1.9063067848302273
258.0,19.0,1.3940481625733812,5.869025,3.935797,6.169142152527239
258.0,24.0,1.323695353302103,1.253399,5.817546,6.098789343255961
258.0,25.0,-11.390966332683748,-7.873372,-8.162741,-6.61587234272989
258.0,29.0,-12.540707456405178,0.641987,-8.175801,-7.76561346645132
259.0,2.0,-1.3187329862980306,3.346652,0.058324,3.6650568529715084
259.0,5.0,9.142694234713197,17.349418,12.700806,14.126484073982736
259.0,6.0,-2.6446139916100107,-0.864459,-1.89035,2.3391758476595284
259.0,12.0,-3.102663783969541,-0.12015,-1.168187,1.881126055299998
259.0,19.0,0.9439752385035324,4.377347,3.87753,5.9277650777730715
259.0,25.0,-11.493052244910881,-2.832814,-8.277422,-6.509262405641342
259.0,29.0,-12.902994636970977,-10.524043,-8.223727,-7.919204797701438
260.0,2.0,-1.2071481731072113,1.705751,-0.034697,3.893393278431896
260.0,5.0,9.0465179230473,12.682672,12.719455,14.147059374586409
260.0,6.0,-2.5334191037669473,-6.116639,-1.967959,2.56712234777216
260.0,12.0,-2.9640151631929736,-1.581844,-1.263696,2.1365262883461336
260.0,19.0,1.1223175432677408,4.948462,3.860253,6.222858994806848
260.0,25.0,-11.348928132517553,-6.831346,-8.384744,-6.248386680978446
260.0,29.0,-12.891296666443948,-8.218406,-8.291686,-7.7907552149048405
261.0,2.0,-1.26863196686418,0.712704,-0.151644,3.7535684692195472
261.0,5.0,8.924186252839355,9.234799,12.673596,13.946386688923083
261.0,6.0,-2.6598981793188434,-3.504426,-2.077219,2.3623022567648837
261.0,12.0,-3.021454607643344,-2.702274,-1.365342,2.000745828440383
261.0,19.0,0.8275674144801756,7.986702,3.782198,5.849767850563903
261.0,25.0,-11.358416273885362,-5.599069,-8.455918,-6.336215837801635
261.0,29.0,-12.817137197812569,-9.278583,-8.296825,-7.794936761728842
262.0,2.0,-1.2790813723675765,3.892825,-0.125744,3.6804385007577416
262.0,5.0,9.218956541928941,14.365435,12.663036,14.17847641505426
262.0,6.0,-2.571267107339481,-2.03789,-2.039421,2.388252765785837
262.0,12.0,-3.0888032397167313,3.332395,-1.34306,1.8707166334085867
262.0,19.0,1.4060890241093276,5.075582,3.811301,6.365608897234646
262.0,25.0,-11.371513199474258,-3.742689,-8.432916,-6.41199332634894
262.0,29.0,-12.866752747795148,-7.568876,-8.299142,-7.90723287466983
263.0,2.0,-1.2541368148161478,0.337093,0.062031,3.665316206121217
263.0,5.0,9.258199907510523,11.812252,12.76916,14.177652928447888
263.0,6.0,-2.472907291720741,-2.50905,-1.888347,2.4465457292166235
263.0,12.0,-2.984164426320577,-4.000673,-1.164331,1.9352885946167877
263.0,19.0,1.5015899320103845,5.017913,3.919825,6.421042952947749
263.0,25.0,-11.398557515618919,-10.060656,-8.318244,-6.479104494681554
263.0,29.0,-12.933123157346794,-8.571578,-8.28224,-8.013670136409429
264.0,2.0,-1.5273416534766433,8.00925,0.161115,3.296658365066678
264.0,5.0,9.283214945425694,16.257719,12.831716,14.107214963969016
264.0,6.0,-2.857674933732837,1.644314,-1.858654,1.9663250848104843
264.0,12.0,-3.337466787795494,6.159,-1.041704,1.4865332307478272
264.0,19.0,0.9857705216852962,10.191674,3.902906,5.809770540228618
264.0,25.0,-11.532554685934459,-3.615914,-8.219609,-6.708554667391137
264.0,29.0,-12.792374892924085,-7.821887,-8.200283,-7.968374874380764
265.0,2.0,-1.2357358721864875,0.79977,0.030966,3.7374762811908866
265.0,5.0,9.050177960551595,10.059202,12.704702,14.023390113928969
265.0,6.0,-2.550626271611673,-5.370617,-1.978866,2.422585881765701
265.0,12.0,-2.9305361358840045,-2.214231,-1.142152,2.0426760174933696
265.0,19.0,1.2993811799741177,3.090561,3.776747,6.272593333351492
265.0,25.0,-11.25770394109829,-6.697076,-8.240623,-6.284491787720916
265.0,29.0,-12.807330814885509,-6.418182,-8.140465,-7.834118661508135
266.0,2.0,-1.1850862010071825,1.104973,0.028293,3.5884695412804515
266.0,5.0,9.176054550161687,11.176724,12.642461,13.949610292449321
266.0,6.0,-2.321171433774082,-2.767108,-1.946471,2.452384308513552
266.0,12.0,-2.8267972005226314,-1.044766,-1.150103,1.9467585417650026
266.0,19.0,1.6498260175869435,5.086201,3.797765,6.4233817598745775
266.0,25.0,-11.25710565274534,-9.291535,-8.221758,-6.483549910457706
266.0,29.0,-12.880923643258646,-7.206878,-8.141486,-8.107367900971012
267.0,2.0,-1.2557742108893342,1.889032,0.235454,3.5661015050461673
267.0,5.0,9.091796476747868,16.454831,12.741709,13.91367219268337
267.0,6.0,-2.483924438143255,-5.476692,-1.772916,2.3379512777922464
267.0,12.0,-2.976362641912448,-2.400676,-0.953866,1.8455130740230534
267.0,19.0,1.3630617450330416,3.580643,3.918397,6.184937460968543
267.0,25.0,-11.232539424453636,-7.854554,-8.087164,-6.410663708518134
267.0,29.0,-12.776086055085068,-8.673817,-8.117681,-7.954210339149567
268.0,2.0,-1.1378647453236619,4.494751,0.2683,3.6848772903744313
268.0,5.0,8.883715233708058,12.588231,12.735131,13.706457269406151
268.0,6.0,-2.32569521120788,-0.126344,-1.772243,2.497046824490213
268.0,12.0,-2.8030041693151793,3.148074,-0.901139,2.019737866382914
268.0,19.0,1.5778255354832424,4.801411,3.884489,6.400567571181336
268.0,25.0,-11.020839779791846,-5.517016,-8.023886,-6.198097744093753
268.0,29.0,-12.743343387850807,-4.347918,-8.051878,-7.920601352152714
269.0,2.0,-0.9652830665931377,1.284126,0.359608,3.4795313996525694
269.0,5.0,9.189686578671585,8.97468,12.717278,13.634501044917293
269.0,6.0,-2.279304106350261,-2.963251,-1.70798,2.165510359895446
269.0,12.0,-2.6449457029471075,-2.256966,-0.795004,1.7998687632985995
269.0,19.0,1.9004244678022246,5.097646,3.885734,6.345238934047932
269.0,24.0,1.500486946179321,7.418435,5.998088,5.945301412425028
269.0,25.0,-10.968136801493912,-9.68877,-7.904734,-6.5233223352482055
269.0,29.0,-12.362182764119632,-6.231055,-7.967301,-7.917368297873925
270.0,2.0,-1.2050746123115612,-0.775681,0.389734,3.4991694663286452
270.0,5.0,9.005464895810489,8.754487,12.632159,13.709708974450695
270.0,6.0,-2.4234705597868116,-2.84938,-1.674854,2.280773518853395
270.0,12.0,-2.9296609136170386,-2.395335,-0.750462,1.7745831650231678
270.0,19.0,1.6796678914345922,4.252607,3.862632,6.383911970074799
270.0,25.0,-11.055235498844297,-8.041403,-7.812022,-6.350991420204091
270.0,29.0,-12.703007668861217,-7.627788,-7.887798,-7.99876359022101
271.0,2.0,-1.2206356803236105,-3.814888,0.381897,3.4784208339153233
271.0,5.0,9.180851376964771,9.089409,12.508237,13.879907891203704
271.0,6.0,-2.3766273188638642,-4.305633,-1.698348,2.3224291953750695
271.0,12.0,-2.9210228110641427,-4.781715,-0.723708,1.778033703174791
271.0,19.0,1.5611924518771074,3.829056,3.767548,6.260248966116041
271.0,25.0,-11.108064864825542,-13.215877,-7.706485,-6.409008350586608
271.0,29.0,-12.746059924244413,-8.857292,-7.755157,-8.04700341000548
272.0,2.0,-1.4306626270610003,1.795356,0.356473,3.233262622501866
272.0,5.0,9.365739814600701,9.198013,12.349441,14.029665064163567
272.0,6.0,-2.609427033201519,-1.499992,-1.737002,2.054498216361347
272.0,12.0,-3.189356499120322,0.206191,-0.708416,1.4745687504425442
272.0,19.0,1.5668913078953404,6.145726,3.647251,6.230816557458207
272.0,25.0,-11.288854367257494,-7.561312,-7.591157,-6.624929117694628
272.0,29.0,-12.773046340410064,-6.397437,-7.600323,-8.109121090847196
273.0,2.0,-0.9976366418111048,3.213116,0.468993,3.195709366299095
273.0,5.0,9.458008073310172,13.326108,12.253611,13.651354081420372
273.0,6.0,-2.087758695808076,-3.801293,-1.670901,2.1055873123021236
273.0,12.0,-2.5774029815295973,-3.618717,-0.557825,1.6159430265806023
273.0,19.0,2.102233433598193,-0.011223,3.587629,6.295579441708393
273.0,24.0,1.6993497358662513,-1.019026,5.991926,5.892695743976451
273.0,25.0,-11.022075082422555,-3.440002,-7.375894,-6.828729074312355
273.0,29.0,-12.459984288927682,-2.747511,-7.409469,-8.266638280817482
274.0,2.0,-1.0856100738407504,-1.099519,0.475397,3.0588717309053504
274.0,5.0,9.644635604897042,8.98461,12.135643,13.789117409643143
274.0,6.0,-2.1941971073267004,-5.153446,-1.668677,1.9502846974194004
274.0,12.0,-2.7458354877762323,-1.26726,-0.525533,1.3986463169698684
274.0,19.0,2.266338901631271,4.726795,3.521788,6.410820706377372
274.0,24.0,1.7105777798470623,9.572185,5.972732,5.855059584593163
274.0,25.0,-11.102623029330823,-7.085895,-7.272303,-6.958141224584723
274.0,29.0,-12.553438075637542,-10.036923,-7.296138,-8.40895627089144
275.0,2.0,-0.9799042743455059,1.677274,0.492172,3.123401785978438
275.0,5.0,9.55412152420643,13.401955,12.019989,13.657427584530375
275.0,6.0,-1.9882326538726476,-0.58334,-1.652728,2.1150734064512964
275.0,12.0,-2.574331845195851,-0.619981,-0.485979,1.528974215128093
275.0,19.0,2.3425726939900997,4.826834,3.468333,6.445878754314044
275.0,24.0,1.7126320406181987,2.302635,5.946087,5.815938100942143
275.0,25.0,-10.953091995419513,-5.393086,-7.164283,-6.849785935095569
275.0,29.0,-12.575183422013916,-8.609917,-7.187172,-8.471877361689973
276.0,2.0,-1.1794350713313397,2.505765,0.525161,3.3965594623976676
276.0,5.0,9.44396445440356,12.342229,11.91753,14.019958988132567
276.0,6.0,-2.123665299086407,1.707725,-1.62503,2.4523292346426
276.0,12.0,-2.790782972689338,-0.780121,-0.431282,1.7852115610396693
276.0,19.0,1.974878513554592,5.301007,3.424256,6.550873047283599
276.0,25.0,-11.064338376302317,-7.692456,-7.048592,-6.488343842573309
276.0,29.0,-12.861243712487525,-7.225199,-7.078232,-8.285249178758518
277.0,2.0,-1.065206875355738,1.042421,0.480587,3.4104890821172873
277.0,5.0,9.356584335605964,11.188529,11.800532,13.83228029307899
277.0,6.0,-1.9494524427259279,-2.792518,-1.662492,2.5262435147470974
277.0,12.0,-2.6595368241653787,-1.230702,-0.452939,1.8161591333076466
277.0,19.0,2.044172576659662,3.385662,3.347599,6.519868534132687
277.0,25.0,-10.856878213176847,-8.339521,-7.000211,-6.381182255703822
277.0,29.0,-12.79569824369238,-6.227921,-6.998287,-8.320002286219355
278.0,2.0,-1.1852590205101317,2.921312,0.436016,3.2109759334782213
278.0,5.0,9.431427927730033,10.058169,11.672095,13.827662881718386
278.0,6.0,-2.1276927658091997,-1.598274,-1.691308,2.268542188179153
278.0,12.0,-2.777808739508905,1.003641,-0.47747,1.618426214479448
278.0,19.0,2.0797732651145973,6.725838,3.278234,6.47600821910295
278.0,25.0,-10.952409565663906,-7.367883,-6.950236,-6.556174611675553
278.0,29.0,-12.808923385662082,-6.615381,-6.921796,-8.412688431673729
279.0,2.0,-1.1081755104183593,4.621103,0.40878,3.2730399982500913
279.0,5.0,9.347614270226634,15.642959,11.519752,13.728829778895085
279.0,6.0,-2.035149343589966,0.862853,-1.680236,2.3460661650784846
279.0,12.0,-2.6959138907639097,4.777656,-0.494451,1.6853016179045408
279.0,19.0,2.1324935771720597,3.990266,3.240996,6.51370908584051
279.0,25.0,-10.859740127395755,-3.860928,-6.885478,-6.478524618727304
279.0,29.0,-12.738886702255936,-5.355217,-6.854595,-8.357671193587485
280.0,2.0,-1.168225546364134,3.351293,0.408726,3.1216393473627146
280.0,5.0,9.390105670581637,13.180324,11.390824,13.679970564308485
280.0,6.0,-2.1086467536885554,-2.067919,-1.6654,2.1812181400382933
280.0,12.0,-2.792127402015373,-1.088054,-0.477259,1.4977374917114759
280.0,19.0,2.176865625871561,3.541756,3.19524,6.46673051959841
280.0,25.0,-10.811456727240047,-6.284802,-6.795353,-6.521591833513199
280.0,29.0,-12.726351642151759,-5.198839,-6.763441,-8.43648674842491
281.0,2.0,-1.2001151251603766,4.037041,0.368005,3.089531501246099
281.0,5.0,9.3734777125838,11.573699,11.269588,13.663124338990276
281.0,6.0,-2.1565613205259817,-2.149114,-1.713588,2.1330853058804937
281.0,12.0,-2.804235990187263,0.332248,-0.486546,1.4854106362192123
281.0,19.0,2.1080979267619933,6.174639,3.09553,6.397744553168469
281.0,25.0,-10.797320267708411,-6.674928,-6.728064,-6.507673641301936
281.0,29.0,-12.680182551447366,-5.977905,-6.655597,-8.39053592504089
282.0,2.0,-1.2459191669355567,0.757423,0.393672,2.9484793691837394
282.0,5.0,9.468504873214313,9.856684,11.170977,13.662903409333609
282.0,6.0,-2.1722802103890118,-4.339912,-1.678075,2.0221183257302844
282.0,12.0,-2.8261024761869944,-1.131605,-0.448163,1.3682960599323017
282.0,19.0,2.2777347624184525,4.478374,3.072963,6.472133298537749
282.0,25.0,-10.89437607668553,-8.911959,-6.634844,-6.699977540566234
282.0,29.0,-12.746806808560985,-6.508902,-6.576068,-8.552408272441689
283.0,2.0,-1.1344746970941593,4.178464,0.40151,3.0197414819551263
283.0,5.0,9.427894119941975,15.136214,11.086261,13.58211029899126
283.0,6.0,-2.045481411770072,-4.329347,-1.638904,2.1087347672792136
283.0,12.0,-2.7325963792180605,3.153711,-0.440953,1.421619799831225
283.0,19.0,2.3659084334990776,3.978652,3.0815,6.520124612548363
283.0,25.0,-10.780755760810294,-4.912471,-6.586419,-6.626539581761008
283.0,29.0,-12.703305445204993,-5.543513,-6.547995,-8.549089266155708
284.0,2.0,-1.1580774141027348,3.69234,0.392816,2.9936343154330416
284.0,5.0,9.417776492718641,8.405348,11.155186,13.569488222254417
284.0,6.0,-2.080745705508681,-1.68291,-1.66275,2.0709660240270953
284.0,12.0,-2.7626106919759232,0.782779,-0.450039,1.3891010375598531
284.0,19.0,2.2887594345068054,3.827335,3.091671,6.440471164042582
284.0,25.0,-10.76976157079941,-2.51834,-6.63325,-6.618049841263634
284.0,29.0,-12.66198281803434,-3.694261,-6.588317,-8.510271088498564
285.0,2.0,-1.1263237593630455,1.738529,0.401406,2.966280012148192
285.0,5.0,9.374174060767388,9.748865,11.227285,13.466777832278625
285.0,6.0,-2.034346707821615,-3.1464,-1.65543,2.0582570636896227
285.0,12.0,-2.7687524258319334,-2.172665,-0.451494,1.3238513456793042
285.0,19.0,2.3076866025080323,2.591198,3.135149,6.40029037401927
285.0,25.0,-10.622664235334565,-3.990953,-6.67913,-6.530060463823327
285.0,29.0,-12.59391480921381,-5.362246,-6.648385,-8.501311037702573
286.0,2.0,-0.9651635848099672,-1.094572,0.4187,2.661932633212647
286.0,5.0,9.548531344332174,6.456979,11.257091,13.175627562354787
286.0,6.0,-1.9098295296701844,-2.777366,-1.643536,1.7172666883524297
286.0,12.0,-2.5884709659670335,-1.53632,-0.435053,1.0386252520555805
286.0,19.0,2.6857377717527537,4.952545,3.154012,6.312833989775368
286.0,24.0,1.9683002578273152,-1.16652,5.680307,5.595396475849929
286.0,25.0,-10.539206571837175,-10.434059,-6.680774,-6.912110353814561
286.0,29.0,-12.252379666091537,-4.720445,-6.6617,-8.625283448068924
287.0,2.0,-1.266759254860001,0.314991,0.483444,2.728521371136357
287.0,5.0,9.494565300481682,11.882092,11.24624,13.48984592647804
287.0,6.0,-2.1816486141158267,-2.932383,-1.622649,1.8136320118805314
287.0,12.0,-2.893474985535497,-5.35595,-0.345733,1.101805640460861
287.0,19.0,2.371845014268567,3.486227,3.117331,6.367125640264925
287.0,25.0,-10.754099474059121,-8.339914,-6.576268,-6.758818848062763
287.0,29.0,-12.596861430447781,-8.654965,-6.564301,-8.601580804451423
288.0,2.0,-0.9367078943617236,1.127922,0.497848,2.774825982649947
288.0,5.0,9.473626256200083,9.353702,11.115293,13.185160133211753
288.0,6.0,-1.9704915624943586,-5.763177,-1.615238,1.741042314517312
288.0,12.0,-2.5143467345273915,-1.729674,-0.302708,1.197187142484279
288.0,19.0,2.5239185730566467,4.230397,3.044235,6.235452450068317
288.0,24.0,1.9982499837821726,7.014436,5.713289,5.709783860793843
288.0,25.0,-10.476466395293562,-3.648307,-6.453458,-6.764932518281891
288.0,29.0,-12.14397334859339,-7.262962,-6.432573,-8.43243947158172
289.0,2.0,-0.9086981780356994,-2.492822,0.371365,3.805313421782939
289.0,5.0,9.704221425270086,8.619664,10.820376,14.418233025088725
289.0,6.0,-2.34178517263516,-7.583888,-1.642434,2.3722264271834783
289.0,12.0,-2.7545636541480594,-5.635606,-0.421445,1.9594479456705791
289.0,19.0,0.9730735155375142,0.188965,2.968137,5.687085115356153
289.0,25.0,-11.008406663169273,-8.711732,-6.416704,-6.294395063350635
289.0,29.0,-11.811643031730865,-5.434233,-6.363226,-7.097631431912227
290.0,2.0,-0.8247356875707564,4.393434,0.289869,3.8754879245269525
290.0,5.0,9.67497914896182,15.072755,10.64452,14.375202761059528
290.0,6.0,-2.2535329408870535,-0.081375,-1.639739,2.4466906712106553
290.0,12.0,-2.685477534438446,-0.91776,-0.511069,2.0147460776592627
290.0,19.0,1.002546436632091,2.937466,2.958916,5.7027700487298
290.0,25.0,-10.990493767509937,-7.113261,-6.420702,-6.2902701554122284
290.0,29.0,-11.89379957587557,-4.416363,-6.363188,-7.193575963777862
291.0,2.0,-1.0393491963326635,2.288332,0.338904,3.469086460121612
291.0,5.0,9.664713504628576,7.710143,10.684167,14.17314916108285
291.0,6.0,-2.4924686076328335,-2.81593,-1.606891,2.015967048821442
291.0,12.0,-2.917056377925982,1.9701,-0.460977,1.5913792785282932
291.0,19.0,0.9132074178436199,7.580359,2.984201,5.421643074297895
291.0,25.0,-11.034758365362922,-6.781931,-6.393034,-6.526322708908647
291.0,29.0,-11.727273510502894,-6.688066,-6.359027,-7.218837854048618
292.0,2.0,-0.9441077257961484,0.480962,0.339845,3.8165076390015846
292.0,5.0,9.560444056328018,10.314097,10.760778,14.321059421125751
292.0,6.0,-2.421774896504356,-2.219579,-1.646303,2.3388404682933768
292.0,12.0,-2.7934981628913995,-4.74485,-0.448161,1.9671172019063334
292.0,19.0,0.8676167917578014,3.604303,2.964585,5.628232156555534
292.0,25.0,-10.988312717871555,-6.137187,-6.415955,-6.227697353073822
292.0,29.0,-11.799628707630385,-7.921271,-6.363654,-7.039013342832652
293.0,2.0,-0.958879980952963,-1.861692,0.377116,3.7344075205670695
293.0,5.0,9.635021472397838,9.203277,10.813191,14.32830897391787
293.0,6.0,-2.4096780035156993,-0.320041,-1.628418,2.283609498004333
293.0,12.0,-2.809742211936494,-3.966753,-0.409338,1.8835452895835383
293.0,19.0,0.8885202678194694,1.812575,2.985185,5.581807769339502
293.0,25.0,-11.020554879894151,-3.650168,-6.405831,-6.327267378374119
293.0,29.0,-11.824822652639735,-8.545892,-6.369239,-7.131535151119703
294.0,2.0,-0.9575704260484913,3.106289,0.325805,3.8033893030741748
294.0,5.0,9.575031288775268,8.509068,10.702156,14.335991017897934
294.0,6.0,-2.4426425948425923,-3.630598,-1.650865,2.3183171342800737
294.0,12.0,-2.8234204981630056,-2.190116,-0.451179,1.9375392309596604
294.0,19.0,0.8600072406980449,5.957697,2.941792,5.620966969820711
294.0,25.0,-10.999628451189661,-8.151702,-6.387007,-6.238668722066995
294.0,29.0,-11.814781628731627,-4.992547,-6.330935,-7.053821899608961
295.0,2.0,-0.9387262803697115,-0.036426,0.340911,3.7920573740603123
295.0,5.0,9.684662649054367,6.135097,10.610707,14.41544630348439
295.0,6.0,-2.416892543154341,-3.68057,-1.633925,2.313891111275683
295.0,12.0,-2.7996608982480886,-3.471186,-0.419728,1.931122756181935
295.0,19.0,0.8820463174107801,3.811852,2.904374,5.612829971840804
295.0,25.0,-11.051706050917065,-7.024036,-6.302123,-6.320922396487042
295.0,29.0,-11.867120634059573,-5.613814,-6.248135,-7.136336979629549
296.0,2.0,-0.8362310708251012,-0.549907,0.341865,4.011421439548344
296.0,5.0,9.648373866023055,12.061688,10.5239,14.4960263763965
296.0,6.0,-2.3394768655867306,-6.217779,-1.605308,2.5081756447867143
296.0,12.0,-2.7474779273001175,1.116499,-0.416878,2.1001745830733274
296.0,19.0,0.8771075138126613,2.36119,2.901919,5.724760024186106
296.0,25.0,-10.977594232050956,-4.65108,-6.255303,-6.129941721677511
296.0,29.0,-11.88449091615453,-7.928397,-6.214344,-7.036838405781085
297.0,2.0,-1.0035222899640281,-0.38105,0.360172,3.7557776412127337
297.0,5.0,9.61129034051375,7.276141,10.420465,14.370590271690514
297.0,6.0,-2.4945731404376748,-1.199718,-1.564162,2.264726790739087
297.0,12.0,-2.882610612115747,4.234781,-0.39239,1.8766893190610148
297.0,19.0,0.8037696719600395,4.421551,2.892613,5.563069603136801
297.0,25.0,-10.994139435071006,-3.578694,-6.17618,-6.234839503894244
297.0,29.0,-11.780593234181971,-6.685014,-6.153054,-7.021293303005209
298.0,2.0,-0.9751810474174852,0.825203,0.256662,3.8248599539877413
298.0,5.0,9.604067183484299,6.899333,10.304924,14.404108184889525
298.0,6.0,-2.491492828314498,-5.03526,-1.655864,2.3085481730907285
298.0,12.0,-2.87122069161169,-1.866252,-0.472193,1.9288203097935366
298.0,19.0,0.7662810047304242,5.348962,2.79041,5.566322006135651
298.0,25.0,-11.007641779389768,-8.553303,-6.185376,-6.207600777984542
298.0,29.0,-11.81160019041848,-5.703218,-6.099016,-7.011559189013253
299.0,2.0,-0.9000213789581856,1.966388,0.24427,3.784066878832027
299.0,5.0,9.657526156413217,8.710482,10.268398,14.34161441420343
299.0,6.0,-2.425025569506455,-2.244335,-1.652869,2.2590626882837572
299.0,12.0,-2.821250584897899,-0.628524,-0.483589,1.8628376728923133
299.0,19.0,0.7680558532986151,4.943899,2.788645,5.452144111088828
299.0,25.0,-10.987615018067332,-5.693533,-6.179163,-6.30352676027712
299.0,29.0,-11.861757077144292,-5.627893,-6.094586,-7.177668819354079
300.0,2.0,-0.8658260954042439,0.238094,0.256396,3.7740690137265966
300.0,5.0,9.54306650488286,9.770327,10.248114,14.182961614013701
300.0,6.0,-2.4125944719209302,-0.238619,-1.607247,2.2273006372099102
300.0,12.0,-2.8246707489366303,0.678901,-0.485458,1.8152243601942102
300.0,19.0,0.7386582533850409,4.716393,2.838004,5.3785533625158815
300.0,25.0,-10.916394285711743,-7.561933,-6.179487,-6.276499176580902
300.0,29.0,-11.83716233500345,-6.964965,-6.12607,-7.19726722587261
301.0,2.0,-0.8374438419115001,2.893888,0.243942,3.9374251682441637
301.0,5.0,9.384980099952156,7.787549,10.196451,14.15984911010782
301.0,6.0,-2.392252361833526,-0.764156,-1.60258,2.382616648322138
301.0,12.0,-2.841054923165382,-0.51778,-0.495307,1.9338140869902816
301.0,19.0,0.7023611620553617,3.75874,2.830614,5.4772301722110255
301.0,25.0,-10.851639911823206,-4.399227,-6.163033,-6.076770901667542
301.0,29.0,-11.8447153165871,-3.426077,-6.110887,-7.069846306431437
302.0,2.0,-0.9816781143848284,-1.084056,0.193292,3.4082830222714646
302.0,5.0,9.620194712980858,5.919648,10.091719,14.010155849637151
302.0,6.0,-2.464555682642012,-4.609189,-1.599141,1.9254054540142809
302.0,12.0,-2.9072712188428698,-5.649344,-0.552289,1.4826899178134232
302.0,19.0,0.758700670297121,4.361706,2.83043,5.148661806953414
302.0,25.0,-10.96385555748952,-6.958143,-6.170309,-6.573894420833227
302.0,29.0,-11.783709789654003,-6.40902,-6.117828,-7.39374865299771
303.0,2.0,-0.9548940561144336,1.732543,0.178319,3.5303522578721953
303.0,5.0,9.655196438059653,4.489931,10.039784,14.140442752046281
303.0,6.0,-2.4879888086437454,-3.205752,-1.646497,1.9972575053428834
303.0,12.0,-2.8931273150638743,-1.950919,-0.536315,1.5921189989227544
303.0,19.0,0.7256894692118329,6.748782,2.74391,5.210935783198462
303.0,25.0,-11.002560911036587,-7.349735,-6.11374,-6.517314597049959
303.0,29.0,-11.829657878721665,-3.556681,-6.025034,-7.3444115647350365
304.0,2.0,-1.0641217877086335,3.9733,0.255391,3.4894361973074632
304.0,5.0,9.703877320159219,8.033249,10.040055,14.257435305175315
304.0,6.0,-2.581157821539785,-2.029548,-1.658361,1.972400163476312
304.0,12.0,-2.9725726302995286,1.071638,-0.412176,1.5809853547165682
304.0,19.0,0.6957544344125067,6.988508,2.649482,5.249312419428604
304.0,25.0,-11.062731686194887,-4.950829,-5.968716,-6.50917370117879
304.0,29.0,-11.800343210323879,-4.228153,-5.86273,-7.246785225307782
305.0,2.0,-0.9690450031134522,3.471219,0.304081,3.7223004387361325
305.0,5.0,9.495869912943167,8.092542,10.003858,14.187215354792752
305.0,6.0,-2.5997518420188026,-2.347613,-1.654911,2.091593599830782
305.0,12.0,-2.944907291400997,-1.102209,-0.332809,1.7464381504485877
305.0,19.0,0.567705003823085,4.033818,2.587439,5.25905044567267
305.0,25.0,-10.932595338262038,-2.696597,-5.857447,-6.241249896412453
305.0,29.0,-11.782072150864174,-3.84973,-5.745106,-7.090726709014589
306.0,2.0,-0.872084520931865,-2.844715,0.257466,3.901456573832519
306.0,5.0,9.544188770452013,10.607864,9.88469,14.317729865216396
306.0,6.0,-2.4831425025455696,-7.823165,-1.676801,2.290398592218814
306.0,12.0,-2.872438732347674,-6.796162,-0.366978,1.9011023624167098
306.0,19.0,0.6051885517298315,2.059995,2.535582,5.378729646494215
306.0,25.0,-10.903231347213499,-10.626501,-5.824998,-6.129690252449115
306.0,29.0,-11.856462481497529,-8.202834,-5.691666,-7.082921386733145
307.0,2.0,-1.0376032861075268,5.319368,0.327556,3.832792832766251
307.0,5.0,9.569103826246714,9.573358,9.830603,14.439499945120492
307.0,6.0,-2.600191277451274,-0.046502,-1.629952,2.270204841422504
307.0,12.0,-3.0068149751793016,0.4779,-0.277338,1.8635811436944762
307.0,19.0,0.6451186176767106,6.574916,2.510245,5.515514736550489
307.0,25.0,-11.00416492252987,-3.62629,-5.699734,-6.133768803656093
307.0,29.0,-11.809313700898429,-5.083128,-5.586517,-6.938917582024651
308.0,2.0,-1.1022190649963628,-3.485014,0.381902,3.733528479262727
308.0,5.0,9.496939893875,7.132951,9.758286,14.33268743813409
308.0,6.0,-2.6949851185645635,-3.242624,-1.593373,2.1407624256945263
308.0,12.0,-3.055117664182613,-6.003013,-0.202245,1.7806298800764768
308.0,19.0,0.5583422969875648,-0.008011,2.474563,5.394089841246655
308.0,25.0,-10.984807300914339,-8.068797,-5.578795,-6.149059756655249
308.0,29.0,-11.76026027642873,-5.874919,-5.478328,-6.92451273216964
309.0,2.0,-1.0221420941647157,-2.191037,0.337161,3.9469624946099557
309.0,5.0,9.536626403820296,9.367559,9.626927,14.505730992594968
309.0,6.0,-2.6104506984039197,-6.179127,-1.612948,2.3586538903707517
309.0,12.0,-2.9989810703955793,-3.355669,-0.232965,1.9701235183790922
309.0,19.0,0.5970710208988875,2.243419,2.417707,5.566175609673559
309.0,25.0,-10.984442846009186,-9.201653,-5.535674,-6.015338257234514
309.0,29.0,-11.816525851015546,-6.923202,-5.414153,-6.847421262240875
310.0,2.0,-0.8903610474168496,1.430241,0.341226,4.031180666138617
310.0,5.0,9.661994784734189,11.1831,9.533494,14.583536498289655
310.0,6.0,-2.47243671158944,-2.928917,-1.598933,2.4491050019660268
310.0,12.0,-2.895160583782963,-1.43898,-0.216535,2.0263811297725036
310.0,19.0,0.7384331476202214,2.759817,2.385386,5.659974861175688
310.0,25.0,-10.983620977114485,-4.288045,-5.466211,-6.062079263559019
310.0,29.0,-11.93062677813276,-6.376218,-5.345536,-7.0090850645772935
311.0,2.0,-0.8855585443284452,4.898553,0.396011,4.058072116748265
311.0,5.0,9.56610189476004,7.750615,9.472888,14.50973255583675
311.0,6.0,-2.484843434775989,-2.232557,-1.548225,2.4587872263007213
311.0,12.0,-2.908685097766033,-0.020516,-0.150976,2.0349455633106777
311.0,19.0,0.6877386417149153,3.865284,2.377745,5.631369302791626
311.0,25.0,-10.90841679770137,-3.262134,-5.365739,-5.96478613662466
311.0,29.0,-11.888230683893143,-1.820129,-5.26923,-6.944600022816433
312.0,2.0,-1.0388969457597463,1.266805,0.446267,3.854875598302111
312.0,5.0,9.608794701036876,6.473621,9.467259,14.502567245098733
312.0,6.0,-2.612859619602162,-1.453925,-1.513828,2.2809129244596953
312.0,12.0,-3.014098719817764,-2.77306,-0.092332,1.8796738242440933
312.0,19.0,0.6266937484105525,3.727517,2.379248,5.52046629247241
312.0,25.0,-11.00771402420587,-3.822916,-5.30199,-6.113941480144012
312.0,29.0,-11.844440719350807,-5.404949,-5.224702,-6.95066817528895
313.0,2.0,-0.9386577510330519,2.205544,0.559768,3.9491145115851154
313.0,5.0,9.89990457936729,13.509259,9.594495,14.787676841985457
313.0,6.0,-2.2159078298857686,-6.565541,-1.42534,2.6718644327323986
313.0,12.0,-2.8907361413482686,0.786777,0.007127,1.9970361212698986
313.0,19.0,1.1097160358189946,4.389674,2.475064,5.997488298437162
313.0,25.0,-11.198853820081533,-6.177653,-5.278161,-6.311081557463366
313.0,29.0,-12.252330932918456,-7.442769,-5.265744,-7.364558670300289
314.0,2.0,-0.9828576652126683,-5.060606,1.179315,3.181802820563922
314.0,5.0,10.060423823227376,5.031985,10.067437,14.225084309003966
314.0,6.0,-2.361631810408239,-9.349395,-0.90887,1.8030286753683509
314.0,12.0,-2.9146090988598803,-5.951373,0.558847,1.2500513869167098
314.0,19.0,1.1264538728309441,-3.148539,2.924195,5.291114358607534
314.0,24.0,1.3389830189900476,18.016044,5.297919,5.503643504766638
314.0,25.0,-10.840428479880632,-11.560427,-5.011365,-6.675767994104042
314.0,29.0,-11.475494591885216,-3.460021,-5.343776,-7.310834106108626
315.0,2.0,-1.1346874913951224,-3.274369,1.975051,2.5288076055969473
315.0,5.0,9.90914831077313,3.059927,10.487833,13.572643407765199
315.0,6.0,-2.5723739657775724,-4.533402,-0.172551,1.0911211312144973
315.0,12.0,-3.080619092815117,-8.754758,1.257165,0.5828760041769527
315.0,19.0,0.7584519589155628,0.790729,3.512274,4.421947055907633
315.0,25.0,-11.023638788873134,-9.90434,-4.585779,-7.360143691881064
315.0,29.0,-11.786885438191298,-4.964781,-5.391986,-8.12339034119923
316.0,2.0,-1.7646740110020565,13.619301,2.292111,2.0865120131097634
316.0,5.0,9.87168175670525,15.127156,10.62964,13.72286778081707
316.0,6.0,-3.083698860048711,4.619185,0.131591,0.7674871640631089
316.0,12.0,-3.8695852257868912,6.206683,1.535027,-0.018399201675071364
316.0,19.0,0.6567111374405793,12.300226,3.749902,4.507897161552399
316.0,25.0,-11.426006540235692,1.598438,-4.404235,-7.5748205161238715
316.0,29.0,-11.360374197286284,6.414299,-5.405197,-7.509188173174463
317.0,2.0,-1.1837575143202903,4.126857,2.074865,2.7942679713580323
317.0,5.0,9.536189008088765,12.60532,10.820769,13.514214493767088
317.0,6.0,-2.7278260194284307,-0.284813,-0.068376,1.2501994662498919
317.0,12.0,-3.1640637151019777,3.814014,1.294589,0.8139617705763449
317.0,19.0,0.48049756024664336,6.371448,3.760361,4.458523045924966
317.0,25.0,-10.905875831301161,0.376091,-4.756885,-6.927850345622838
317.0,29.0,-11.62832315362641,-7.702872,-5.66678,-7.650297667948086
318.0,2.0,-0.9728880067457341,4.939925,2.034746,3.291689999024582
318.0,5.0,9.499477096236642,11.4692,10.887954,13.764055102006958
318.0,6.0,-2.5606042952314834,-2.065139,-0.089624,1.7039737105388326
318.0,12.0,-2.998578852730427,2.719469,1.237742,1.265999153039889
318.0,19.0,0.5671702492575265,3.772168,3.805223,4.8317482550278426
318.0,25.0,-10.808188488568517,-1.429567,-4.85866,-6.543610482798201
318.0,29.0,-11.761063282290122,-2.227615,-5.768328,-7.496485276519806
319.0,2.0,-1.0705345739242738,2.923202,2.020203,3.09426964956367
319.0,5.0,9.272056298418386,8.490741,10.994522,13.436860521906329
319.0,6.0,-2.7061343628838284,2.051942,-0.105902,1.4586698606041155
319.0,12.0,-3.06213222264518,-0.591177,1.209594,1.1026720008427637
319.0,19.0,0.302836360674119,2.510551,3.853917,4.467640584162063
319.0,25.0,-10.736232042168096,-6.454307,-4.950918,-6.571427818680152
319.0,29.0,-11.68607667660042,-4.097993,-5.86502,-7.521272453112476
320.0,2.0,-1.0913548639885677,-2.168909,1.940154,3.062281959774599
320.0,5.0,9.193233604571228,6.988827,11.072037,13.346870428334395
320.0,6.0,-2.761381586096813,-5.86756,-0.187054,1.3922552376663537
320.0,12.0,-3.0719953126393253,-4.858306,1.125692,1.0816415111238413
320.0,19.0,0.2657548730023799,-0.116826,3.850709,4.419391696765547
320.0,25.0,-10.667336139361026,-12.288941,-5.078752,-6.51369931559786
320.0,29.0,-11.6573136741811,-3.082116,-5.956043,-7.503676850417934
321.0,2.0,-0.7507191917901751,1.888344,1.805664,2.863611932998944
321.0,5.0,9.473335910153759,13.46886,11.044298,13.087667034942879
321.0,6.0,-2.6291063997595936,-4.265141,-0.219271,0.9852247250295254
321.0,12.0,-2.7406304998095106,-0.618627,0.950358,0.8737006249796084
321.0,19.0,0.5351003195366201,4.598165,3.920796,4.149431444325739
321.0,24.0,2.331729064003791,4.930879,5.262308,5.946060188792909
321.0,25.0,-10.4174457716551,-7.653736,-5.261085,-6.80311464686598
321.0,29.0,-11.278618369546146,-3.897583,-6.132167,-7.664287244757027
322.0,2.0,-1.1138431518197498,1.260511,1.690203,3.268580887027734
322.0,5.0,9.36712117428443,12.383051,10.870196,13.749545213131913
322.0,6.0,-2.741813645540975,-3.970784,-0.204203,1.6406103933065088
322.0,12.0,-3.096598328889536,0.099551,0.801145,1.285825709957948
322.0,19.0,0.39058769897426326,2.876639,3.965368,4.773011737821747
322.0,25.0,-10.799495218023486,-7.927612,-5.337186,-6.417071179176002
322.0,29.0,-11.70294959060477,-4.1955,-6.216654,-7.320525551757287
323.0,2.0,-1.098573181043454,1.441947,1.717059,3.6487603677044973
323.0,5.0,9.67315632510299,12.248722,10.824419,14.420489873850942
323.0,6.0,-2.662904406867229,-5.312762,-0.191506,2.0844291418807224
323.0,12.0,-3.065243208430278,-2.012795,0.844108,1.6820903403176732
323.0,19.0,0.6734290994672446,4.097031,3.934228,5.420762648215196
323.0,25.0,-11.016780745610117,-6.873233,-5.26405,-6.269447196862165
323.0,29.0,-11.8751213083123,-7.00909,-6.145666,-7.127787759564349
324.0,2.0,-1.1369308180462854,2.273883,1.887063,2.9902084193477245
324.0,5.0,9.589062653632572,17.132382,10.895234,13.716201891026582
324.0,6.0,-2.7242641562154857,-0.561445,-0.117349,1.4028750811785242
324.0,12.0,-3.0902190781399526,0.373519,1.046006,1.0369201592540573
324.0,19.0,0.4786589661095587,0.731083,3.920027,4.605798203503569
324.0,25.0,-10.938679050638585,-5.576562,-5.085597,-6.8115398132445755
324.0,29.0,-11.777277056394228,-8.037918,-6.007793,-7.650137819000218
325.0,2.0,-0.7503935405399186,-3.286005,2.132748,3.8374776280140077
325.0,5.0,9.598051566019674,8.556124,11.006921,14.1859227345736
325.0,6.0,-2.539720365525514,-6.381024,-0.017848,2.0481508030284123
325.0,12.0,-2.717701384103444,-0.388209,1.339578,1.870169784450482
325.0,19.0,0.855692980768154,1.296948,3.892156,5.44356414932208
325.0,24.0,1.7896185757414393,6.496615,5.373151,6.3774897442953655
325.0,25.0,-10.587110572672056,-7.170062,-4.829135,-5.99923940411813
325.0,29.0,-11.462202706796626,-6.816342,-5.804716,-6.8743315382427
326.0,2.0,-0.6612548284741308,1.970377,2.110756,4.444619615681339
326.0,5.0,7.990706054696658,8.632402,10.86298,13.096580498852127
326.0,6.0,-2.290535699334325,-5.557529,-0.012301,2.815338744821145
326.0,12.0,-2.8052406335412154,-2.046443,1.330187,2.3006338106142543
326.0,19.0,0.6577953464740957,4.703309,3.844697,5.7636697906295655
326.0,24.0,0.3312499262436529,-7.781675,5.303142,5.437124370399123
326.0,25.0,-9.849841806168318,-3.405423,-4.758404,-4.743967362012848
326.0,29.0,-11.467942966231416,-4.946595,-5.726196,-6.362068522075946
327.0,2.0,-1.5132807746520731,7.353555,1.779656,2.7792453434901043
327.0,5.0,8.236105653172523,12.369295,10.249508,12.5286317713147
327.0,12.0,-3.2892766635738893,9.539282,0.65683,1.0032494545682882
327.0,19.0,0.2639394155736551,10.76235,4.615599,4.556465533715833
327.0,24.0,0.7143188967357127,0.970424,3.931115,5.00684501487789
327.0,25.0,-10.360972982469358,-5.725611,-5.27956,-6.06844686432718
327.0,29.0,-10.893769320210868,-5.208333,-6.579677,-6.601243202068691
328.0,2.0,-1.655712463999774,5.307366,1.507732,2.5417870426720945
328.0,5.0,10.328345093193748,6.912307,9.820385,14.525844599865618
328.0,6.0,-3.525954454814392,5.612437,0.306391,0.6715450518574766
328.0,12.0,-3.259701435878023,3.437908,0.426278,0.9377980707938454
328.0,19.0,0.021696333933291068,9.886164,4.375799,4.21919584060516
328.0,24.0,2.455871989137437,-0.241405,3.754049,6.6533714958093055
328.0,25.0,-11.33332469291097,0.832153,-5.265542,-7.135825186239102
328.0,29.0,-11.417356482265367,-7.669739,-6.426613,-7.2198569755934985
329.0,2.0,-0.941006852629883,2.019646,1.515162,3.481582043736437
329.0,5.0,9.691813872078143,5.205423,9.744334,14.114402768444464
329.0,6.0,-2.8070168346995175,-2.458049,-0.629078,1.6155720616668026
329.0,12.0,-2.8137760525630497,2.60929,0.989039,1.6088128438032703
329.0,19.0,0.6210204620581433,2.217122,2.863192,5.0436093584244635
329.0,24.0,2.0921115045636594,-10.720118,5.241327,6.514700400929979
329.0,25.0,-10.690702110423425,0.552047,-4.390822,-6.268113214057105
329.0,29.0,-11.379471146148878,-1.024847,-4.870179,-6.956882249782558
330.0,2.0,-0.8774251204497104,2.730723,1.252048,4.112508881217774
330.0,5.0,8.138988281048077,12.787599,9.51916,13.12892228271556
330.0,6.0,-2.705015145831286,-4.400532,-0.726805,2.2849188558361986
330.0,12.0,-2.891615169047415,-2.64136,0.691924,2.0983188326200697
330.0,19.0,0.35837534079259104,1.675802,2.850849,5.348309342460076
330.0,24.0,0.9081966011993802,23.994355,4.995908,5.898130602866865
330.0,25.0,-9.97062277310094,-4.77279,-4.587678,-4.980688771433456
330.0,29.0,-11.380949550607852,-5.968005,-5.007652,-6.391015548940367
331.0,2.0,-0.7667859845939572,0.368347,0.980353,3.718447718357961
331.0,5.0,9.225152460018244,9.526791,9.35996,13.710386162970162
331.0,6.0,-2.5927776063730263,-2.248666,-0.783738,1.8924560965788917
331.0,12.0,-2.7175743636275964,-3.507388,0.347422,1.7676593393243216
331.0,19.0,0.6362501518494622,3.477864,2.947293,5.12148385480138
331.0,24.0,1.9577117363590348,-6.959182,4.68902,6.442945439310953
331.0,25.0,-10.34493142923415,-8.115952,-4.885703,-5.859697726282231
331.0,29.0,-11.368213497829622,-4.985449,-5.284421,-6.882979794877704
332.0,2.0,-0.7743527644758706,1.129548,0.78506,3.090041582854954
332.0,5.0,9.807326938389677,4.897898,9.27315,13.671721285720501
332.0,6.0,-2.5585838853486873,-0.51413,-0.854648,1.3058104619821371
332.0,12.0,-2.6571492519147224,-1.867191,0.112944,1.207245095416102
332.0,19.0,0.9184630001054178,0.994015,2.985177,4.782857347436242
332.0,24.0,2.3044380044024892,16.241527,4.522971,6.168832351733314
332.0,25.0,-10.637510687642841,-4.374136,-5.09529,-6.773116340312017
332.0,29.0,-11.473446792463164,-3.999249,-5.460817,-7.60905244513234
333.0,2.0,-1.0943987456298823,2.859864,0.852613,3.2375394556447956
333.0,5.0,8.741767428305922,10.783252,9.368434,13.0737056295806
333.0,6.0,-2.739329985240908,-0.505125,-0.871017,1.5926082160337698
333.0,12.0,-3.115155376337156,2.209273,0.209504,1.216782824937522
333.0,19.0,0.17437863708439483,0.373056,2.945334,4.506316838359073
333.0,25.0,-10.410276491590913,-1.12528,-5.036215,-6.0783382903162355
333.0,29.0,-11.610617892838883,-3.437486,-5.393788,-7.278679691564205
334.0,2.0,-0.9912509298035604,-3.722585,0.718347,3.060484460647822
334.0,5.0,9.170120044255945,3.491566,9.306719,13.221855434707328
334.0,6.0,-2.6087861270056383,-7.869482,-0.891408,1.442949263445744
334.0,12.0,-3.028576155870183,-9.816892,0.032989,1.023159234581199
334.0,19.0,0.4756903485999632,4.364916,3.014966,4.5274257390513455
334.0,25.0,-10.488950190432385,-6.710262,-5.202614,-6.437214799981003
334.0,29.0,-11.657257386907652,-7.164644,-5.558031,-7.60552199645627
335.0,2.0,-1.5380225418549411,5.886737,0.540022,3.5345500052665226
335.0,5.0,8.782034282511152,13.534446,9.201102,13.854606829632615
335.0,6.0,-3.335094658515827,-1.727227,-0.922047,1.7374778886056368
335.0,12.0,-3.1988576525714687,3.892501,-0.196204,1.873714894549995
335.0,19.0,0.7589600742821164,5.383787,3.088525,5.83153262140358
335.0,25.0,-11.474903536369053,-1.43619,-5.402826,-6.40233098924759
335.0,29.0,-12.819554438095317,-4.468308,-5.749422,-7.746981890973853
336.0,2.0,-1.4219773146866421,2.760678,0.438635,3.674598280864701
336.0,5.0,8.920828107527287,9.058123,9.092276,14.01740370307863
336.0,6.0,-2.978282621162714,-2.273609,-0.942859,2.118292974388629
336.0,12.0,-3.055696844670029,-0.83623,-0.315565,2.0408787508813138
336.0,19.0,1.0497796659243956,5.422135,3.098564,6.146355261475739
336.0,25.0,-11.422346647994518,-4.699712,-5.475345,-6.325771052443175
336.0,29.0,-12.96389066610846,-5.42917,-5.809439,-7.867315070557117
337.0,2.0,-1.474160318823448,5.120636,0.247403,3.654915401671512
337.0,5.0,8.98793073617703,9.59616,8.862615,14.11700645667199
337.0,6.0,-3.034212192104951,-0.327538,-0.985373,2.0948635283900088
337.0,12.0,-3.1069263961444293,-1.359671,-0.536699,2.0221493243505306
337.0,19.0,1.0753457785130625,4.781091,3.098063,6.204421499008022
337.0,25.0,-11.44949763472507,-0.497032,-5.591856,-6.32042191423011
337.0,29.0,-12.963529151804503,-5.194549,-5.895589,-7.834453431309543
338.0,2.0,-1.548535980272164,1.634164,0.257125,3.353451075189464
338.0,5.0,9.196424005705387,6.623097,8.754449,14.098411061167015
338.0,6.0,-2.8705788318466388,0.24909,-0.903446,2.0314082236149895
338.0,12.0,-3.1986246658045405,-1.445813,-0.54934,1.7033623896570877
338.0,19.0,1.2214388031364898,3.197383,3.157819,6.123425858598118
338.0,25.0,-11.488758395704165,-3.173129,-5.560043,-6.586771340242537
338.0,29.0,-12.99530741912259,-4.630246,-5.910141,-8.093320363660961
339.0,2.0,-1.6520614780449234,6.765984,0.368755,3.037711709952787
339.0,5.0,9.456464139081316,11.383566,8.784284,14.146237327079026
339.0,6.0,-2.6039792632034127,0.970974,-0.758104,2.085793924794298
339.0,12.0,-3.2833796684576506,-0.163901,-0.469112,1.4063935195400599
339.0,19.0,1.5389520501332763,4.90543,3.290742,6.228725238130987
339.0,25.0,-11.625069416475188,-0.929337,-5.512421,-6.935296228477478
339.0,29.0,-13.228472427290544,-4.050405,-5.95703,-8.538699239292834
340.0,2.0,-1.4849136184219116,8.658649,0.481014,3.294918218324197
340.0,5.0,9.301521623623554,12.845858,8.894442,14.081353460369662
340.0,6.0,-2.579098991544659,3.181102,-0.656988,2.2007328452014496
340.0,12.0,-3.1895757398978803,4.833658,-0.375807,1.5902560968482282
340.0,19.0,1.6339543223143895,6.683005,3.398139,6.413786159060498
340.0,25.0,-11.453936135914187,-1.570208,-5.487944,-6.674104299168079
340.0,29.0,-13.089771700856666,-2.57508,-6.004726,-8.309939864110557
341.0,2.0,-1.3057309897238412,5.744246,0.522775,3.5844569665400003
341.0,5.0,9.080177124614307,9.832336,9.002745,13.97036508087815
341.0,6.0,-2.5194929245745534,2.026951,-0.612851,2.370695031689288
341.0,12.0,-3.0636452956083495,3.536191,-0.354742,1.826542660655492
341.0,19.0,1.6822711045161265,6.887073,3.48605,6.572459060779968
341.0,25.0,-11.25740370568422,-2.094538,-5.53567,-6.367215749420379
341.0,29.0,-12.99317158328763,-4.72383,-6.092946,-8.10298362702379
342.0,2.0,-1.2931306510090659,2.765712,0.515576,3.3102010625404414
342.0,5.0,9.244058036707376,10.226856,9.049809,13.847389750256884
342.0,6.0,-2.2919674843006366,-1.331746,-0.556284,2.3113642292488707
342.0,12.0,-3.085806692537273,-0.189565,-0.403887,1.5175250210122342
342.0,19.0,1.792772847251932,7.799586,3.608716,6.396104560801439
342.0,25.0,-11.312461996001819,-10.326119,-5.631785,-6.709130282452311
342.0,29.0,-13.083452772570714,-3.33494,-6.237744,-8.480121059021208
343.0,2.0,-0.8691539888941594,7.638297,0.561818,3.21359038399895
343.0,5.0,9.538623302979875,9.117518,9.080546,13.621367675872985
343.0,6.0,-2.0255524590496874,-2.903797,-0.433129,2.057191913843422
343.0,12.0,-2.709376617795784,0.714292,-0.408832,1.3733677550973251
343.0,19.0,2.3411415933973556,11.643479,3.772968,6.423885966290465
343.0,24.0,0.9211781258227364,6.169548,3.520516,5.003922498715846
343.0,25.0,-11.13123429755023,-0.851706,-5.679512,-7.0484899246571215
343.0,29.0,-12.753006782169445,-2.037244,-6.372825,-8.670262409276337
344.0,2.0,-0.9575092679017506,2.652617,0.726769,2.7529027967360786
344.0,5.0,9.614008902746939,8.32318,9.199397,13.324420967384768
344.0,6.0,-1.9916490646269942,-1.884762,-0.267199,1.718763000010835
344.0,12.0,-2.9521038330947302,0.823062,-0.275503,0.7583082315430989
344.0,19.0,2.4800954124964365,4.217984,3.933743,6.190507477134266
344.0,24.0,0.804333130679625,3.808527,3.503403,4.514745195317454
344.0,25.0,-11.076009500593937,-0.093179,-5.625681,-7.365597435956108
344.0,29.0,-12.64905303634571,-3.20162,-6.431673,-8.938640971707882
345.0,2.0,-0.6734362672853101,5.88426,0.92934,3.2542588652388673
345.0,5.0,9.542189858084717,12.997134,9.345873,13.469884990608893
345.0,6.0,-1.70308710285755,1.587346,-0.023625,2.2246080296666273
345.0,12.0,-2.6331080902376556,2.91042,-0.135261,1.2945870422865218
345.0,19.0,2.7975024655473897,6.939049,4.193525,6.725197598071567
345.0,24.0,0.5519099687030858,5.737364,3.418665,4.479605101227263
345.0,25.0,-10.952260565395099,3.1109,-5.594458,-7.024565432870921
345.0,29.0,-12.74870822712448,-9.811815,-6.567046,-8.821013094600303
346.0,2.0,-0.5654509176113872,7.11008,1.009463,3.315159164954527
346.0,5.0,9.645643447484197,10.27129,9.409978,13.526253530050111
346.0,6.0,-1.3444502890457288,-1.294175,0.138707,2.536159793520185
346.0,12.0,-2.456661157655412,1.586922,-0.117697,1.4239489249105022
346.0,19.0,3.1744655121448,5.050148,4.403499,7.055075594710714
346.0,24.0,0.5649846811922082,11.510667,3.281849,4.445594763758122
346.0,25.0,-11.025955927824254,-6.510125,-5.642714,-7.1453458452583405
346.0,29.0,-13.028723303541994,-1.388308,-6.730122,-9.14811322097608
347.0,2.0,-0.21377685760932075,7.18565,1.168724,3.431048736853575
347.0,5.0,9.495991356063415,16.054664,9.505801,13.140816950526311
347.0,6.0,-1.009064616508926,-1.27082,0.270339,2.6357609779539697
347.0,12.0,-2.2227284850187035,3.726652,0.030698,1.4220971094441923
347.0,19.0,3.3706769938801657,7.211293,4.503572,7.015502588343061
347.0,24.0,0.2749280081678104,14.492387,3.306449,3.9197536026307063
347.0,25.0,-10.745751090839722,0.652806,-5.551394,-7.100925496376826
347.0,29.0,-12.80474798257172,-7.393776,-6.724916,-9.159922388108825
348.0,2.0,0.007249113312930322,2.414003,1.294993,3.9051753915841845
348.0,5.0,9.36809381077463,9.215759,9.58253,13.266020089045885
348.0,6.0,-0.7691496982813649,-0.786205,0.405126,3.1287765799898892
348.0,12.0,-1.9251226894854279,-1.320505,0.131071,1.9728035887858262
348.0,19.0,3.4579810412341945,6.773166,4.631118,7.355907319505448
348.0,24.0,0.1176280938283466,2.22913,3.277729,4.015554372099601
348.0,25.0,-10.646800369426138,-5.510062,-5.505401,-6.748874091154884
348.0,29.0,-12.837433671005703,-6.9995,-6.769388,-8.939507392734448
349.0,2.0,0.09622610369086437,-1.136224,1.350743,3.6932407761538952
349.0,5.0,9.57144769857507,6.363175,9.643684,13.168462371038101
349.0,6.0,-0.328492699182359,-2.294129,0.500735,3.268521973280672
349.0,12.0,-1.8772551786963305,-5.342857,0.151162,1.7197594937667002
349.0,19.0,4.0735819796423325,-3.162778,4.759501,7.670596652105363
349.0,24.0,0.002777793832479669,11.112998,3.214241,3.5997924662955105
349.0,25.0,-10.654985079135658,-10.560922,-5.536398,-7.057970406672627
349.0,29.0,-12.944973795679116,-7.020083,-6.870276,-9.347959123216086
350.0,2.0,0.18717214474873234,7.687643,1.437248,3.720652989652328
350.0,5.0,9.50399667037965,14.12174,9.664416,13.037477515283245
350.0,6.0,-0.2722654009104578,2.538308,0.604519,3.261215443993138
350.0,12.0,-1.8250649700727841,4.235157,0.219135,1.7084158748308114
350.0,19.0,3.9142203670440345,8.479926,4.847463,7.44770121194763
350.0,24.0,-0.009407466396871844,8.697297,3.169224,3.5240733785067238
350.0,25.0,-10.603616736476527,2.634742,-5.489629,-7.0701358915729315
350.0,29.0,-12.782416368370818,-7.208765,-6.890326,-9.248935523467223
351.0,2.0,0.3845538656761417,4.868799,1.396036,3.8095122236224963
351.0,5.0,9.454640428846979,11.598478,9.547497,12.879598786793334
351.0,6.0,0.09127914929596226,-0.777156,0.666012,3.516237507242317
351.0,12.0,-1.7139763836344084,-0.461776,0.143005,1.710981974311946
351.0,19.0,4.221276726290821,-0.610061,4.921278,7.646235084237175
351.0,24.0,-0.30547700892803775,7.641624,2.990398,3.119481349018317
351.0,25.0,-10.385705489699612,-4.380572,-5.52244,-6.960747131753258
351.0,29.0,-12.728597035644285,-1.894357,-6.960038,-9.30363867769793
352.0,2.0,0.4310956424229663,6.424425,1.435267,3.7409394763680286
352.0,5.0,9.4651955356615,11.880594,9.45945,12.775039369606564
352.0,6.0,0.22374843912144093,2.701038,0.777715,3.5335922730665033
352.0,12.0,-1.7071831399895459,2.884655,0.153372,1.6026606939555164
352.0,19.0,4.443091945290248,9.749713,5.008864,7.75293577923531
352.0,24.0,-0.4157801395088213,6.016881,2.844865,2.894063694436241
352.0,25.0,-10.189528974672774,-9.715614,-5.480766,-6.8796851407277115
352.0,29.0,-12.726418832413234,-5.779114,-6.983941,-9.416574998468171
353.0,2.0,0.669777311194223,4.528789,1.418435,3.8747806613622062
353.0,5.0,9.467819081688175,7.271937,9.322676,12.672822431856158
353.0,6.0,0.6023090265555301,1.790712,0.819578,3.8073123767235133
353.0,12.0,-1.4110202900015825,0.990855,0.128149,1.7939830601664006
353.0,19.0,4.588360855581706,6.536084,5.016467,7.793364205749689
353.0,24.0,-0.41077726318026386,6.210589,2.725104,2.7942260869877193
353.0,25.0,-10.096520662913838,-9.821351,-5.439006,-6.891517312745854
353.0,29.0,-12.737466771190677,-4.869527,-6.959312,-9.532463421022694
354.0,2.0,0.8301524718178727,2.453611,1.368867,3.872758762334268
354.0,5.0,9.730231118194887,7.666263,9.131658,12.772837408711283
354.0,6.0,0.8985416790980273,2.723045,0.870852,3.9411479696144225
354.0,12.0,-1.2571906556545729,0.981897,0.05727,1.7854156348618222
354.0,19.0,4.993126838026961,5.66877,5.041598,8.035733128543356
354.0,24.0,-0.39187398130954343,8.30905,2.534364,2.6507323092068518
354.0,25.0,-10.212754770530418,-3.681475,-5.420516,-7.170148480014023
354.0,29.0,-12.82540956000636,-9.269876,-6.962383,-9.782803269489964
355.0,2.0,0.9202210643284275,2.077204,1.411688,3.942955042432312
355.0,5.0,9.634742190582921,8.3733,9.037733,12.657476168686806
355.0,6.0,1.0890564511904586,-0.47121,0.948001,4.111790429294343
355.0,12.0,-1.1539526276751113,-1.222118,0.093726,1.868781350428773
355.0,19.0,5.208444394129216,5.373987,5.068177,8.2311783722331
355.0,24.0,-0.6490387549932485,3.855896,2.44726,2.373695223110636
355.0,25.0,-10.021530810046817,13.296664,-5.338461,-6.998796831942933
355.0,29.0,-12.758420349371923,-7.18391,-6.919837,-9.735686371268038
356.0,2.0,0.8871537459767421,0.710003,1.419256,3.657527093657766
356.0,5.0,9.895793407142385,9.185772,9.012289,12.666166754823408
356.0,6.0,1.145238415475216,-0.17826,0.965884,3.9156117631562397
356.0,12.0,-1.2621896096281393,-4.134118,0.100581,1.5081837380528844
356.0,19.0,5.49423248745859,6.960883,5.075311,8.264605835139614
356.0,24.0,-0.49030898006179335,3.092737,2.423757,2.2800643676192305
356.0,25.0,-10.08814682500587,-5.870726,-5.319699,-7.317773477324846
356.0,29.0,-12.949269345774777,-10.450162,-6.911123,-10.178895998093754
357.0,2.0,0.9122919569079401,6.210358,1.528109,3.664455136141008
357.0,5.0,9.915599928560589,4.449953,9.127626,12.667763107793657
357.0,6.0,1.144812906330725,3.022582,1.016758,3.896976085563793
357.0,12.0,-1.18447969358769,1.903509,0.217,1.5676834856453778
357.0,19.0,5.396354604795856,7.380558,5.110323,8.148517784028924
357.0,24.0,-0.38164776838040126,8.501655,2.514406,2.3705154108526667
357.0,25.0,-10.156861625598365,-11.645529,-5.261605,-7.404698446365297
357.0,29.0,-12.899705616111442,-5.329659,-6.89034,-10.147542436878375
358.0,2.0,0.910109464285595,-1.66164,1.582871,3.745891818360108
358.0,5.0,9.885259957024152,5.246921,9.26442,12.721042311098664
358.0,6.0,1.1213527848799432,-1.372643,1.022166,3.957135138954456
358.0,12.0,-1.1246254305124124,-5.454879,0.275408,1.7111569235621005
358.0,19.0,5.379629743611953,1.42535,5.140405,8.215412097686466
358.0,24.0,-0.272711073173702,0.586804,2.61085,2.563071280900811
358.0,25.0,-10.121458179357528,-5.272075,-5.275097,-7.285675825283016
358.0,29.0,-12.907254425096566,-6.871108,-6.918436,-10.071472071022054
359.0,2.0,0.9199698626302711,-0.910326,1.592265,3.93236676468217
359.0,5.0,9.81518148825877,0.153781,9.34805,12.827578390310668
359.0,6.0,1.1682995807955612,-2.735298,1.027945,4.18069648284746
359.0,12.0,-1.1365194991255514,-3.939125,0.274384,1.8758774029263474
359.0,19.0,5.52602642927403,6.634512,5.187189,8.53842333132593
359.0,24.0,-0.29872846311566736,9.313558,2.634297,2.7136684389362316
359.0,25.0,-9.96855199203406,-12.95636,-5.326881,-6.956155089982161
359.0,29.0,-13.10544233814013,-8.335484,-6.984638,-10.09304543608823
360.0,2.0,0.8986392074157424,4.344453,1.62766,3.9188912618171416
360.0,5.0,9.803156975369138,4.812799,9.464649,12.823409029770538
360.0,6.0,1.1189436759449345,1.678679,1.053966,4.139195730346334
360.0,12.0,-1.13596317545095,-0.060353,0.295234,1.884288878950449
360.0,19.0,5.5104986611767,8.258726,5.25781,8.5307507155781
360.0,24.0,-0.22851650133036394,6.385301,2.667546,2.7917355530710353
360.0,25.0,-9.952425236649809,-6.417224,-5.376215,-6.93217318224841
360.0,29.0,-13.099744790600685,-7.140185,-7.063446,-10.079492736199285
361.0,2.0,0.8092640903983587,5.463632,1.713296,3.7550421169997987
361.0,5.0,9.70126864568456,7.860666,9.480241,12.647046672286
361.0,6.0,0.9972358612226458,2.576753,1.135279,3.943013887824086
361.0,12.0,-1.3030177272443204,3.013016,0.375525,1.6427602993571195
361.0,19.0,5.36298622293407,3.331985,5.308518,8.30876424953551
361.0,24.0,-0.3251734423150793,7.997965,2.655701,2.620604584286361
361.0,25.0,-9.903860124634145,-3.535862,-5.307668,-6.958082098032705
361.0,29.0,-12.862107214021718,-3.540425,-7.044972,-9.916329187420278
362.0,2.0,0.7569339955541822,-2.451944,1.836071,3.6519331452541293
362.0,5.0,9.670071825882646,4.870579,9.434863,12.565070975582593
362.0,6.0,0.9610556509814207,-4.090095,1.241128,3.8560548006813677
362.0,12.0,-1.4238423339921011,-5.961871,0.506959,1.4711568157078458
362.0,19.0,5.466992666530406,5.513962,5.326509,8.361991816230354
362.0,24.0,-0.3761919918568256,1.841088,2.639681,2.5188071578431215
362.0,25.0,-9.745987065931375,-8.812093,-5.148487,-6.850987916231428
362.0,29.0,-12.883100306863211,-7.465541,-6.941066,-9.988101157163264
363.0,2.0,0.7838523847011442,3.105256,1.8505,3.7743867302125302
363.0,5.0,9.581661317272951,5.103961,9.360755,12.572195662784338
363.0,6.0,0.9413677063841001,-2.411774,1.237671,3.931902051895486
363.0,12.0,-1.3555121139343722,-0.617462,0.544289,1.6350222315770138
363.0,19.0,5.357507649022082,11.695225,5.266381,8.348041994533467
363.0,24.0,-0.3550991987890121,-1.796876,2.647885,2.635435146722374
363.0,25.0,-9.671149007899038,-3.764649,-5.061765,-6.680614662387652
363.0,29.0,-12.806470808077401,-4.580237,-6.842368,-9.815936462566015
364.0,2.0,0.7231532949595277,0.876622,1.856511,3.506752715228961
364.0,5.0,9.592379714848636,2.802551,9.277108,12.375979135118069
364.0,6.0,0.8810446864709628,-2.203092,1.256806,3.664644106740396
364.0,12.0,-1.465501519840628,-3.458169,0.557411,1.3180979004288051
364.0,19.0,5.278137157511508,4.24592,5.244733,8.061736577780941
364.0,24.0,-0.3255551942923961,6.517467,2.606671,2.458044225977037
364.0,25.0,-9.673122670142464,-9.696311,-5.00187,-6.88952324987303
364.0,29.0,-12.760243288677598,-4.03323,-6.786499,-9.976643868408164
365.0,2.0,0.6967317798691316,1.33875,1.78736,3.4637825354963994
365.0,5.0,9.663861773878073,10.347145,9.238754,12.430912529505342
365.0,6.0,0.8760659168122328,0.724805,1.20182,3.6431166724395005
365.0,12.0,-1.4528547069163276,-2.752759,0.493793,1.31419604871094
365.0,19.0,5.464562145802206,4.171889,5.207745,8.231612901429473
365.0,24.0,-0.2766500600026004,4.518135,2.594774,2.4904006956246674
365.0,25.0,-9.685385157003653,0.420323,-5.044045,-6.918334401376385
365.0,29.0,-12.787741308017878,-11.942511,-6.795226,-10.020690552390612
366.0,2.0,0.7341162081077827,0.746081,1.763934,3.488305822163756
366.0,5.0,9.6717373325203,10.906981,9.247099,12.425926946576272
366.0,6.0,0.9347327534460427,-1.849737,1.190181,3.688922367502016
366.0,12.0,-1.396043518385822,-0.138108,0.46593,1.3581460956701514
366.0,19.0,5.569564313865823,10.952378,5.218529,8.323753927921796
366.0,24.0,-0.2486560260074696,4.735118,2.585094,2.505533588048504
366.0,25.0,-9.608138636907304,-12.160041,-5.079905,-6.853949022851331
366.0,29.0,-12.818115943125145,-8.97442,-6.82824,-10.063926329069172
367.0,2.0,0.7885245494244763,0.765848,1.756603,3.5165401991578227
367.0,5.0,9.610474200882294,8.171271,9.277336,12.338489850615641
367.0,6.0,0.9953039227032344,-2.602018,1.214481,3.723319572436581
367.0,12.0,-1.3223556091160535,-3.877786,0.437771,1.4056600406172928
367.0,19.0,5.479690775128415,2.222526,5.2815,8.207706424861762
367.0,24.0,-0.2499746915515263,7.388865,2.544487,2.47804095818182
367.0,25.0,-9.547508160888498,-2.285122,-5.135592,-6.819492511155151
367.0,29.0,-12.743352265501779,-7.752747,-6.907239,-10.015336615768433
368.0,2.0,0.7928572256712146,0.274486,1.733339,3.5015719063704864
368.0,5.0,9.677168711898183,5.543569,9.335218,12.385883392597455
368.0,6.0,1.0263986493921387,-3.279755,1.199816,3.7351133300914103
368.0,12.0,-1.3198556755263864,-3.008068,0.403997,1.3888590051728853
368.0,19.0,5.659816767436823,11.263859,5.314887,8.368531448136094
368.0,24.0,-0.18774458142426476,3.390689,2.551418,2.520970099275007
368.0,25.0,-9.577460043059288,-12.590354,-5.206741,-6.868745362360016
368.0,29.0,-12.818850100400873,-7.708301,-6.979445,-10.110135419701601
369.0,2.0,0.7712935477518731,0.072716,1.736298,3.357920994810117
369.0,5.0,9.684738738400917,9.121523,9.387837,12.271366185459161
369.0,6.0,1.0033656593300728,-2.131992,1.216655,3.5899931063883166
369.0,12.0,-1.3547973301731195,-3.344504,0.392018,1.2318301168851242
369.0,19.0,5.587574076404491,8.593989,5.368293,8.174201523462735
369.0,24.0,-0.10075040158768733,6.61811,2.541557,2.4858770454705565
369.0,25.0,-9.543542860543418,-13.236027,-5.255279,-6.9569154134851745
369.0,29.0,-12.827815594504592,-9.628564,-7.047407,-10.241188147446348
370.0,2.0,0.6961706695285653,1.301605,1.757041,3.076334878374711
370.0,5.0,9.67564591755999,8.351394,9.467855,12.055810126406136
370.0,6.0,0.9435573777946641,-2.269232,1.222836,3.3237215866408096
370.0,12.0,-1.519239593923679,-0.764067,0.408503,0.8609246149224665
370.0,19.0,5.51683469868847,8.827571,5.402383,7.896998907534615
370.0,24.0,-0.09160867003050044,5.051035,2.578589,2.288555538815645
370.0,25.0,-9.553141903375705,0.564148,-5.284676,-7.17297769452956
370.0,29.0,-12.747380397554158,-5.396096,-7.089726,-10.367216188708014
371.0,2.0,0.7850542650176803,4.693781,1.849409,3.2346889113247252
371.0,5.0,9.571744088267186,8.139489,9.573471,12.021378734574231
371.0,6.0,0.9831047479893112,2.759989,1.281093,3.432739394296356
371.0,12.0,-1.3764064208654494,3.069005,0.497848,1.0732282254415955
371.0,19.0,5.444313238975961,-9.491714,5.460175,7.893947885283006
371.0,24.0,-0.10561125148216288,4.494686,2.633138,2.344023394824882
371.0,25.0,-9.399640477512595,1.027641,-5.25376,-6.95000583120555
371.0,29.0,-12.646641603946634,-3.322921,-7.102635,-10.197006957639589
372.0,2.0,0.8304621895585739,-0.826299,1.84771,3.339726233402842
372.0,5.0,9.62105557031478,9.126385,9.607317,12.130319614159049
372.0,6.0,1.0594678585143456,-1.697367,1.286021,3.5687319023586137
372.0,12.0,-1.3274268264017604,-2.612295,0.48888,1.1818372174425078
372.0,19.0,5.662612383799881,8.829953,5.48924,8.171876427644149
372.0,24.0,-0.0640506429399822,4.359446,2.631762,2.445213400904286
372.0,25.0,-9.39695584412119,-3.411522,-5.28562,-6.8876918002769205
372.0,29.0,-12.753864431389964,-10.868781,-7.143795,-10.244600387545695
373.0,2.0,0.7234773139852838,2.172294,1.754868,3.1114657441134272
373.0,5.0,9.666578456039185,11.617854,9.563661,12.054566886167327
373.0,6.0,0.9708443958874654,1.50016,1.285758,3.358832826015609
373.0,12.0,-1.4654900483980793,0.512216,0.358827,0.922498381730064
373.0,19.0,5.567681806654842,-0.860352,5.558731,7.955670236782986
373.0,24.0,0.0047297102579334505,0.411758,2.500277,2.392718140386077
373.0,25.0,-9.466448695337027,-3.173769,-5.412406,-7.078460265208884
373.0,29.0,-12.709982090812149,-6.478702,-7.278418,-10.321993660684006
374.0,2.0,0.7673586887195477,4.573128,1.68822,3.113373589073781
374.0,5.0,9.701343086084098,12.272786,9.555226,12.047357986438332
374.0,6.0,1.0128707146106315,0.531685,1.266254,3.3588856149648647
374.0,12.0,-1.3989382039653675,1.832023,0.273576,0.9470766963888657
374.0,19.0,5.64255326267568,18.216958,5.591381,7.988568163029913
374.0,24.0,0.06204533580228755,4.368063,2.44232,2.408060236156521
374.0,25.0,-9.412872529938737,-4.915319,-5.503993,-7.066857629584503
374.0,29.0,-12.709483291622748,-5.759612,-7.365118,-10.363468391268515
375.0,2.0,0.8423037655037654,1.859788,1.686073,3.2293658265368137
375.0,5.0,9.454828061738304,6.253258,9.570092,11.841890122771353
375.0,6.0,1.0757001725851065,0.738217,1.275522,3.4627622336181547
375.0,12.0,-1.3117065620588928,-2.602901,0.264423,1.0753554989741554
375.0,19.0,5.352763287697936,-15.499222,5.617157,7.739825348730984
375.0,24.0,-0.14883552951326184,6.829633,2.42906,2.2382265315197865
375.0,25.0,-9.198660251562409,-10.814719,-5.525802,-6.81159819052936
375.0,29.0,-12.441401679107331,-5.546853,-7.397009,-10.054339618074284
376.0,2.0,0.8959529723776772,7.779737,1.575636,3.2284374706018157
376.0,5.0,9.671234802119667,11.818635,9.48709,12.003719300343805
376.0,6.0,1.1728522694728838,4.20403,1.314573,3.505336767697022
376.0,12.0,-1.2564527793553228,2.490249,0.091287,1.0760317188688155
376.0,19.0,5.774675944757744,13.444497,5.743942,8.107160442981883
376.0,24.0,0.02716650928584119,1.450947,2.202612,2.3596510075099797
376.0,25.0,-9.217150138332103,-10.159769,-5.687141,-6.884665640107965
376.0,29.0,-12.64350406759132,-4.390993,-7.591386,-10.311019569367181
377.0,2.0,0.8265888036046823,9.603798,1.407307,3.2331128319776608
377.0,5.0,9.709548224701368,13.306536,9.431087,12.116072253074346
377.0,6.0,1.0211444401911622,5.413841,1.282843,3.4276684685641405
377.0,12.0,-1.2744722006689573,4.087214,-0.131585,1.132051827704021
377.0,19.0,5.674720608290904,8.03163,5.833244,8.081244636663882
377.0,24.0,0.17254558862426517,-1.008056,2.019063,2.5790696169972436
377.0,25.0,-9.257424276584802,-1.827935,-5.909209,-6.850900248211824
377.0,29.0,-12.62581042011243,-2.357806,-7.807031,-10.219286391739452
378.0,2.0,0.9183947595970475,2.372017,1.335133,3.4236312395479214
378.0,5.0,9.716159220543124,9.523127,9.478585,12.221395700493998
378.0,6.0,1.1242183874804006,-2.140323,1.20259,3.6294548674312743
378.0,12.0,-1.1748580259959738,-1.606516,-0.198563,1.3303784539549
378.0,19.0,5.727911526140184,7.939007,5.807587,8.233148006091056
378.0,24.0,0.26463529317598755,3.662305,2.063961,2.7698717731268614
378.0,25.0,-9.1531493278145,-5.485979,-6.001047,-6.647912847863626
378.0,29.0,-12.665571073031415,-5.666598,-7.85849,-10.160334593080542
379.0,2.0,0.8023580922752024,4.707816,1.355508,3.2442920636869923
379.0,5.0,9.79163218153125,11.830137,9.550236,12.233566152943041
379.0,6.0,0.9752429389728191,2.662275,1.227509,3.417176910384609
379.0,12.0,-1.2791601547624127,-0.201016,-0.192096,1.162773816649377
379.0,19.0,5.78283960045103,2.497462,5.866789,8.22477357186282
379.0,24.0,0.31921267947353804,2.709879,2.068867,2.761146650885328
379.0,25.0,-9.309793422963494,-6.430595,-6.04081,-6.867859451551705
379.0,29.0,-12.78424588915586,-7.185349,-7.923549,-10.34231191774407
380.0,2.0,0.7929050241538612,8.576095,1.337801,3.0293507389544527
380.0,5.0,9.76283230836947,11.962552,9.592834,11.999278023170062
380.0,6.0,0.977424070662943,1.896356,1.253854,3.2138697854635345
380.0,12.0,-1.3649179330600765,4.22577,-0.238886,0.8715277817405149
380.0,19.0,5.6966846533826425,8.245537,5.950354,7.9331303681832335
380.0,24.0,0.35329277948933047,8.383628,2.014524,2.589738494289922
380.0,25.0,-9.291431483207395,-3.948995,-6.125974,-7.054985768406803
380.0,29.0,-12.669643642021018,-1.594036,-8.036305,-10.433197927220426
381.0,2.0,0.7128660765360147,4.027069,1.360021,2.9344644805640883
381.0,5.0,9.61246059092761,7.78936,9.648561,11.834058994955683
381.0,6.0,0.903528817934557,1.075283,1.305177,3.1251272219626305
381.0,12.0,-1.1313095697800026,2.332608,-0.242532,1.0902888342480708
381.0,24.0,1.1225467199026777,4.513021,1.976059,3.344145123930751
381.0,25.0,-8.44643299432129,-2.890338,-6.173105,-6.2248345902932165
381.0,29.0,-12.688521589474345,-2.739994,-8.125232,-10.466923185446271
382.0,2.0,0.7220205274853705,4.482737,1.339005,2.7360087572784666
382.0,5.0,9.647880089110597,11.916472,9.667322,11.661868318903693
382.0,6.0,0.9055281556193336,1.646912,1.278,2.9195163854124297
382.0,12.0,-1.137494229467774,0.978463,-0.259268,0.8764940003253221
382.0,24.0,1.160021335970451,4.619943,1.997118,3.174009565763547
382.0,25.0,-8.379578442868008,-7.489526,-6.199381,-6.365590213074912
382.0,29.0,-12.648983912169678,-6.089109,-8.138655,-10.634995682376582
383.0,2.0,0.8251029549802505,4.699281,1.487189,3.038919778768366
383.0,5.0,9.790044109231625,14.179826,9.692188,12.003860933019741
383.0,6.0,1.0202490590668258,-0.40117,1.376212,3.2340658828549413
383.0,12.0,-1.3377486976026454,-0.981029,-0.096823,0.8760681261854701
383.0,19.0,5.856016387763682,22.680099,6.049409,8.069833211551797
383.0,24.0,0.4206989438451235,0.833994,2.042484,2.634515767633239
383.0,25.0,-9.195345343855868,-2.407313,-6.043259,-6.981528520067752
383.0,29.0,-12.676597467143772,-6.93003,-8.037546,-10.462780643355657
384.0,2.0,0.7491166444426262,4.146239,1.624416,2.7388811618994673
384.0,5.0,9.537795160270948,4.688863,9.712776,11.527559677727789
384.0,6.0,0.9115283486584705,0.71786,1.432666,2.9012928661153117
384.0,12.0,-1.1270985560563336,-2.831571,0.074275,0.8626659614005074
384.0,24.0,1.1257500892299017,1.415892,2.1389,3.1155146066867427
384.0,25.0,-8.258463879350616,-5.937694,-5.866789,-6.268699361893775
384.0,29.0,-12.529345393382057,-3.437906,-7.887411,-10.539580875925216
385.0,2.0,0.7720518273760096,4.160171,1.60873,3.3399780153902965
385.0,5.0,9.504406100563562,12.687902,9.608401,12.072332288577849
385.0,6.0,0.5139000983888663,2.158621,1.431676,3.081826286403153
385.0,12.0,-1.834912313882552,-0.621397,0.0695,0.7330138741317347
385.0,19.0,5.0183620154751925,6.667647,5.969039,7.586288203489479
385.0,24.0,-0.35321320933348865,1.352977,2.0962,2.214712978680798
385.0,25.0,-9.353392055552558,-5.183799,-5.811771,-6.785465867538271
385.0,29.0,-11.952313799538619,-7.078124,-7.821995,-9.384387611524332
386.0,2.0,1.0695990743907275,1.892737,1.465793,3.684574440862188
386.0,5.0,9.399519762151273,7.815348,9.421129,12.014495128622734
386.0,6.0,0.761633475414106,1.954566,1.40947,3.3766088418855666
386.0,12.0,-1.5185069224041143,1.329087,-0.100539,1.0964684440673462
386.0,19.0,5.1356394613532155,1.611913,5.974665,7.750614827824676
386.0,24.0,-0.3687381993223148,6.172147,1.900401,2.246237167149146
386.0,25.0,-9.167833758394513,-1.541525,-5.897173,-6.552858391923053
386.0,29.0,-12.012587687029404,-9.947197,-7.887805,-9.397612320557943
387.0,2.0,0.9538559808926167,3.13015,1.294874,3.5369493268343413
387.0,5.0,9.439982384865454,6.135636,9.2352,12.023075730807179
387.0,6.0,0.6775042903624761,0.169514,1.379876,3.2605976363042006
387.0,12.0,-1.6674833514601053,-2.261044,-0.30846,0.9156099944816192
387.0,19.0,4.973913310298034,5.309784,5.997612,7.557006656239759
387.0,24.0,-0.36243595799818273,-2.741268,1.679939,2.220657387943542
387.0,25.0,-9.220802704347555,0.046933,-6.026226,-6.63770935840583
387.0,29.0,-12.009396751805344,-1.050982,-7.995699,-9.426303405863619
388.0,2.0,0.9075158643169868,2.583756,1.185697,3.3353606091806283
388.0,5.0,9.472366694488041,6.174462,9.175056,11.900211439351683
388.0,6.0,0.6270706902943183,2.550653,1.310716,3.0549154351579597
388.0,12.0,-1.6904067030762935,0.141533,-0.420435,0.7374380417873478
388.0,19.0,5.1273081325762275,-13.967019,5.966659,7.555152877439869
388.0,24.0,-0.20201661046848962,4.449769,1.633423,2.225828134395152
388.0,25.0,-9.218764081376372,-4.7519,-6.10972,-6.790919336512731
388.0,29.0,-11.98877572164255,-5.3245,-8.037934,-9.56093097677891
389.0,2.0,0.9452903217523126,5.461471,1.151917,3.772346673082249
389.0,5.0,9.64524817528313,7.877474,9.169454,12.472304526613067
389.0,6.0,0.7637814712114323,2.408862,1.256816,3.5908378225413684
389.0,12.0,-1.6480524556021372,1.087812,-0.43691,1.1790038957277988
389.0,19.0,4.986458986906492,10.165288,5.914118,7.813515338236428
389.0,24.0,-0.44751648013335477,6.015252,1.674596,2.3795398711965814
389.0,25.0,-9.453969224728604,-3.500889,-6.11651,-6.626912873398668
389.0,29.0,-12.232135307154532,-8.65528,-8.011502,-9.405078955824596
390.0,2.0,1.0172873445076664,6.862051,1.207598,3.7515263138810395
390.0,5.0,9.595926888004493,14.046579,9.159623,12.330165857377867
390.0,6.0,0.7747126427843049,5.064137,1.285243,3.508951612157678
390.0,12.0,-1.565598420679767,3.783517,-0.366917,1.168640548693606
390.0,19.0,5.006419606998434,5.660718,5.897928,7.740658576371807
390.0,24.0,-0.34283854492645116,5.371861,1.701134,2.391400424446922
390.0,25.0,-9.33990931894431,-1.981146,-6.034996,-6.605670349570937
390.0,29.0,-12.173030054769233,-8.744691,-7.943012,-9.43879108539586
391.0,2.0,0.3827510348855431,0.968749,1.21721,3.462107977459451
391.0,5.0,9.10870070521811,4.280978,9.150194,12.188057647792018
391.0,6.0,-0.02968370273649701,1.667111,1.304081,3.049673239837411
391.0,12.0,-2.0801365756526895,1.561284,-0.360386,0.9992203669212185
391.0,19.0,4.098025754949565,5.941247,5.913301,7.177382697523473
391.0,24.0,-0.5174007157086492,-0.366403,1.682496,2.561956226865259
391.0,25.0,-9.357623960338191,-3.559854,-6.026045,-6.278267017764284
391.0,29.0,-11.828487685068755,-4.065158,-7.946214,-8.749130742494847
392.0,2.0,1.288442181558616,-6.500608,1.155988,4.417232725953893
392.0,5.0,9.525393455541447,-0.128657,9.136084,12.654183999936723
392.0,6.0,1.0392197642505296,-6.93579,1.307332,4.1680103086458065
392.0,12.0,-1.2644113993282877,-10.640841,-0.450114,1.864379145066989
392.0,19.0,4.843172131254846,6.461566,5.972955,7.971962675650123
392.0,24.0,-0.5264835040772607,-3.684781,1.594562,2.602307040318016
392.0,25.0,-9.209062075243223,-13.28321,-6.1239,-6.080271530847946
392.0,29.0,-12.208986158991248,-8.929201,-8.053607,-9.080195614595972
393.0,2.0,1.2454115552362461,8.782361,1.072318,4.221197290112748
393.0,5.0,9.420234653140012,10.67405,9.092636,12.396020388016513
393.0,6.0,0.8663005940091367,0.922194,1.315635,3.842086328885639
393.0,12.0,-1.241557387025642,4.085919,-0.571904,1.73422834785086
393.0,19.0,4.704294514977207,20.134018,6.046737,7.680080249853709
393.0,24.0,-0.3886745554215728,2.922496,1.462207,2.5871111794549293
393.0,25.0,-9.180672941783882,1.29308,-6.242933,-6.20488720690738
393.0,29.0,-12.153209772147543,-3.499991,-8.184857,-9.177424037271042
394.0,2.0,0.9423820657270409,-1.990119,0.993077,3.5778039909304713
394.0,5.0,9.555941813142713,6.545551,9.078981,12.191363738346144
394.0,6.0,0.6496121057383445,-4.087112,1.252618,3.285034030941775
394.0,12.0,-1.62025015098948,-5.734803,-0.649881,1.0151717742139503
394.0,19.0,4.974052935400667,11.920171,6.021209,7.609474860604097
394.0,24.0,-0.2191687120902862,4.037967,1.456401,2.4162532131131442
394.0,25.0,-9.318690032023271,-10.096998,-6.315202,-6.683268106819841
394.0,29.0,-12.14028061751148,-7.716378,-8.222218,-9.504858692308051
395.0,2.0,1.0818923846301667,6.047591,1.012736,4.035389105308079
395.0,5.0,9.551027822406459,11.861104,9.148246,12.504524543084372
395.0,6.0,0.7335194708619833,2.571637,1.217762,3.687016191539896
395.0,12.0,-1.411153162881888,2.644036,-0.608998,1.5423435577960243
395.0,19.0,4.813948493288425,12.702601,5.986443,7.7674452139663375
395.0,24.0,-0.30991275437720145,6.566456,1.55518,2.643583966300711
395.0,25.0,-9.333324403295231,-8.306039,-6.302466,-6.379827682617319
395.0,29.0,-12.216596877049758,-7.990565,-8.192434,-9.263100156371845
396.0,2.0,0.906197772838098,3.757086,1.18645,3.33655582476552
396.0,5.0,9.554134992435458,11.761942,9.310457,11.98449304436288
396.0,6.0,0.6528576463507249,-0.742084,1.303985,3.083215698278147
396.0,12.0,-1.6674722536127602,3.017813,-0.422627,0.7628857983146617
396.0,19.0,5.108545516184686,7.97964,6.037758,7.538903568112108
396.0,24.0,-0.08225290652740835,3.696808,1.685169,2.3481051454000137
396.0,25.0,-9.276585605555946,-5.42891,-6.196506,-6.846227553628523
396.0,29.0,-12.103489436955996,-1.201592,-8.147132,-9.673131385028574
397.0,2.0,1.052207878250047,7.187099,1.424846,3.5606571664367808
397.0,5.0,9.692744822192703,9.868137,9.508229,12.201194110379436
397.0,6.0,0.879662715641471,3.783441,1.421668,3.388112003828205
397.0,12.0,-1.4660020622425058,0.4093,-0.163229,1.042447225944228
397.0,19.0,5.333385636868948,3.306713,6.092996,7.841834925055681
397.0,24.0,-0.12729173828448925,1.82358,1.858234,2.3811575499022446
397.0,25.0,-9.35790194356649,-5.752914,-6.031836,-6.849452655379757
397.0,29.0,-12.341890971229255,-4.425217,-8.061693,-9.83344168304252
398.0,2.0,0.9223723572389949,4.980435,1.509112,3.4202133821687624
398.0,5.0,9.605894033957963,9.819892,9.589543,12.10373505888773
398.0,6.0,0.7003245533592776,2.057575,1.471731,3.198165578289045
398.0,12.0,-1.6201194303131778,1.756867,-0.077103,0.8777215946165895
398.0,19.0,5.177524678909285,23.869935,6.132683,7.675365703839052
398.0,24.0,-0.23787635305493293,10.312087,1.909215,2.2599646718748345
398.0,25.0,-9.32087874637774,-14.941085,-5.988849,-6.823037721447973
398.0,29.0,-12.190486253678268,-11.293601,-8.054998,-9.6926452287485
399.0,2.0,0.9475100162500788,6.455268,1.45227,3.7102663803257903
399.0,5.0,9.473541911398904,12.518424,9.576826,12.236298275474615
399.0,6.0,0.6037824003598028,1.621205,1.454349,3.3665387644355143
399.0,12.0,-1.5892912789617313,2.897364,-0.14834,1.17346508511398
399.0,19.0,4.801302173176928,-1.059443,6.1565,7.564058537252639
399.0,24.0,-0.3378425987518724,6.126789,1.860332,2.424913765323839
399.0,25.0,-9.269022430308043,-4.160969,-6.062187,-6.506266066232332
399.0,29.0,-12.117967203807625,-1.076573,-8.122964,-9.355210839731914
400.0,2.0,1.1375974977772776,1.642842,1.444116,3.7767670553460797
400.0,5.0,9.695117890214625,7.667772,9.563529,12.334287447783428
400.0,6.0,0.915357758627409,1.198243,1.447779,3.554527316196211
400.0,12.0,-1.3884323018402878,-3.187946,-0.152891,1.2507372557285144
400.0,19.0,5.2242866290214085,-4.397744,6.147892,7.863456186590211
400.0,24.0,-0.2186179436911725,5.584734,1.857922,2.4205516138776297
400.0,25.0,-9.33448301716889,-11.874648,-6.059245,-6.695313459600088
400.0,29.0,-12.354036210292195,-7.469469,-8.116048,-9.714866652723392
401.0,2.0,0.9969231482920139,4.206497,1.42045,4.155256537053002
401.0,5.0,9.394951753148058,8.385268,9.488668,12.553285141909047
401.0,6.0,0.6258734930536612,-1.113828,1.429161,3.784206881814649
401.0,12.0,-1.4890442358155482,0.204309,-0.164183,1.6692891529454394
401.0,19.0,4.438723342321401,9.27699,6.101695,7.597056731082389
401.0,24.0,-0.43480580674307057,1.985602,1.839748,2.7235275820179172
401.0,25.0,-9.217946053345894,-1.095653,-6.025823,-6.059612664584907
401.0,29.0,-12.127759998920363,-4.609043,-8.064262,-8.969426610159374
402.0,2.0,1.1136531979165243,7.717725,1.324409,3.838816609161749
402.0,5.0,9.503451058779445,14.62056,9.386153,12.22861447002467
402.0,6.0,0.780390281791309,3.864464,1.41404,3.505553693036534
402.0,12.0,-1.3687993075257348,5.956298,-0.281784,1.35636410371949
402.0,19.0,4.9148429829966185,10.226605,6.118358,7.640006394241843
402.0,24.0,-0.23557189225430275,12.22857,1.71463,2.489591518990922
402.0,25.0,-9.187044638283332,0.967755,-6.10104,-6.461881227038107
402.0,29.0,-12.159448325633617,-10.10915,-8.129112,-9.434284914388392
403.0,2.0,1.115375689657765,3.209144,1.231988,3.7390527996729617
403.0,5.0,9.546079756657424,6.629397,9.304264,12.169756866672621
403.0,6.0,0.7898759610562943,2.655911,1.39936,3.413553071071491
403.0,12.0,-1.3474534965172582,-0.833876,-0.397416,1.2762236134979386
403.0,19.0,5.110059621245148,-6.62151,6.143579,7.733736731260345
403.0,24.0,-0.17387944274628808,11.479023,1.598493,2.449797667268909
403.0,25.0,-9.211110914827046,-3.287269,-6.186161,-6.587433804811849
403.0,29.0,-12.195235300946855,-12.6009,-8.206311,-9.571558190931658
404.0,2.0,1.1295141685022223,4.75143,1.175543,3.6285751487696905
404.0,5.0,9.597835052314757,4.441776,9.230712,12.096896032582226
404.0,6.0,0.9104457597453378,-0.562393,1.384738,3.409506740012806
404.0,12.0,-1.3299869135707327,-1.361908,-0.460477,1.1690740666967354
404.0,19.0,5.29802597869278,23.818224,6.137327,7.797086958960248
404.0,24.0,-0.11000119060330082,6.258065,1.53138,2.3890597896641674
404.0,25.0,-9.197698605509967,-2.464357,-6.214746,-6.698637625242498
404.0,29.0,-12.260348655532006,-6.450855,-8.223534,-9.761287675264537
405.0,2.0,0.8700943713226089,9.63191,1.137109,3.3493211889168477
405.0,5.0,9.23826095093955,8.410465,9.192853,11.717487768533788
405.0,6.0,0.6044256844760233,4.103115,1.385641,3.083652502070262
405.0,12.0,-1.449069484876488,3.508994,-0.511146,1.0301573327177507
405.0,24.0,0.29742511087296186,9.211691,1.471634,2.7766519284672007
405.0,25.0,-8.521033820457228,7.285171,-6.252653,-6.04180700286299
405.0,29.0,-12.237975745598996,-4.787497,-8.26328,-9.758748928004758
406.0,2.0,1.256806078727566,1.520259,1.063359,4.558615668118571
406.0,5.0,9.23074877325984,10.334245,9.183173,12.532558362650846
406.0,6.0,0.9070025396461155,1.144175,1.358318,4.2088121290371205
406.0,12.0,-1.1525380337400914,-2.220468,-0.60244,2.1492715556509134
406.0,19.0,4.424715796860028,1.303674,6.184146,7.726525386251033
406.0,24.0,-0.6217424512097437,3.283873,1.417369,2.6800671381812613
406.0,25.0,-9.07192761923385,-11.25512,-6.349476,-5.770118029842846
406.0,29.0,-12.188801237411772,-6.447534,-8.350131,-8.886991648020768
407.0,2.0,1.3253621827660167,1.515769,0.979865,4.417912449830181
407.0,5.0,9.415333691685538,7.787579,9.08543,12.507883958749701
407.0,6.0,1.0346611293573904,0.62544,1.4016,4.127211396421555
407.0,12.0,-1.0994900065750715,-2.588304,-0.736531,1.9930602604890932
407.0,19.0,4.7661993439291335,5.842401,6.282065,7.858749610993298
407.0,24.0,-0.36603118143583935,8.516947,1.216953,2.7265190856283255
407.0,25.0,-9.079956580321324,-6.964194,-6.457453,-5.98740631325716
407.0,29.0,-12.256978178506479,-10.666253,-8.487605,-9.164427911442314
408.0,2.0,1.186847605547566,-2.50375,0.914147,4.401135259003194
408.0,5.0,9.455177575415105,4.786767,8.963751,12.669465228870733
408.0,6.0,0.8074902493858697,-2.627897,1.491712,4.021777902841498
408.0,12.0,-1.187051635205151,-3.400447,-0.867996,2.027236018250477
408.0,19.0,4.511464963931505,12.186199,6.42186,7.725752617387133
408.0,24.0,-0.2854177123653231,-3.485614,0.959518,2.928869941090305
408.0,25.0,-9.175256765189156,-13.572646,-6.556812,-5.960969111733528
408.0,29.0,-12.233154353019343,-7.462726,-8.643968,-9.018866699563715
409.0,2.0,1.007571766177965,2.695182,0.664855,3.9712738782284376
409.0,5.0,9.504342880909714,11.316839,8.864452,12.468044992960188
409.0,6.0,0.6158290253529958,1.285772,1.350628,3.5795311374034684
409.0,12.0,-1.3826208494323549,-2.580324,-1.141895,1.5810812626181177
409.0,19.0,4.556630785485406,0.260958,6.397792,7.520332897535878
409.0,24.0,-0.1722538303064579,9.901789,0.83565,2.7914482817440147
409.0,25.0,-9.245015453590574,-8.623187,-6.793814,-6.281313341540101
409.0,29.0,-12.193035348027792,-10.651028,-8.801405,-9.229333235977318
410.0,2.0,1.039525618878967,5.159144,0.378895,3.533087541459513
410.0,5.0,9.77802482908487,13.088841,8.788961,12.271586751665417
410.0,6.0,0.8992181790808073,0.698625,1.130489,3.3927801016613532
410.0,12.0,-1.4039181676223533,5.071919,-1.427781,1.0896437549581925
410.0,19.0,5.301838414311486,2.502123,6.300474,7.7954003368920315
410.0,24.0,0.07100400228163373,6.225349,0.795571,2.5645659248621797
410.0,25.0,-9.331472074231819,1.941639,-7.04452,-6.837910151651273
410.0,29.0,-12.42706151261287,-3.081898,-8.924696,-9.933499590032323
411.0,2.0,1.1202246797262916,-0.141505,0.480235,3.8214350553177585
411.0,5.0,9.79819121030578,10.499528,8.901429,12.499401585897248
411.0,6.0,1.0006828256218299,0.192598,1.140982,3.701893201213297
411.0,12.0,-1.318512920303652,-2.259408,-1.297436,1.3826974552878148
411.0,19.0,5.200405244070089,4.919235,6.278589,7.901615619661556
411.0,24.0,-0.04036596495845146,-1.865577,0.939379,2.6608444106330156
411.0,25.0,-9.330606081230652,-6.077498,-6.960957,-6.629395705639185
411.0,29.0,-12.514044277472625,-8.349714,-8.851547,-9.812833901881158
412.0,2.0,1.135334013798655,6.634043,0.544774,3.9401112581799844
412.0,5.0,9.65861629614654,5.58608,9.031674,12.46339354052787
412.0,6.0,0.9095377440529128,2.404443,1.129891,3.7143149884342423
412.0,12.0,-1.2992824856978702,0.961044,-1.212159,1.5054947586834593
412.0,19.0,4.966654177912694,5.567367,6.27001,7.7714314222940235
412.0,24.0,-0.1210047423630104,7.386293,1.073699,2.683772502018319
412.0,25.0,-9.221880054636918,-0.160685,-6.936645,-6.417102810255589
412.0,29.0,-12.331073279603453,-3.746354,-8.829448,-9.526296035222124
413.0,2.0,1.2307368282392899,-1.057304,0.440995,3.746391750829786
413.0,5.0,9.417291656107151,8.59446,9.076951,11.932946578697647
413.0,6.0,1.103430061702082,-1.689387,1.137839,3.619084984292578
413.0,12.0,-0.9734180502418274,-4.274296,-1.377577,1.5422368723486688
413.0,24.0,0.6342235892291183,4.904438,0.937548,3.1498785118196144
413.0,25.0,-8.424805185121942,-8.27353,-7.159069,-5.909150262531446
413.0,29.0,-12.490566182465004,-10.078978,-9.077401,-9.974911259874508
414.0,2.0,1.335863280491341,4.395392,0.475864,3.7334010702231706
414.0,5.0,9.425254204232528,11.993046,9.174129,11.822791993964358
414.0,6.0,1.2822451154351633,1.33178,1.162261,3.679782905166993
414.0,12.0,-0.8630371357678143,4.82899,-1.352662,1.5345006539640154
414.0,24.0,0.600469215535285,9.023408,0.968698,2.9980070052671146
414.0,25.0,-8.37103772308366,0.789658,-7.192395,-5.97349993335183
414.0,29.0,-12.5548320133961,-5.435895,-9.137302,-10.15729422366427
415.0,2.0,1.2872053643403234,4.485149,0.564403,3.6473484561799436
415.0,5.0,9.450819591710122,11.954858,9.29787,11.810962683549743
415.0,6.0,1.260374371181908,3.187075,1.201103,3.620517463021528
415.0,12.0,-0.9083548275680365,1.978066,-1.259753,1.4517882642715838
415.0,24.0,0.6387573320688825,4.19728,1.053313,2.998900423908503
415.0,25.0,-8.40142877096441,-10.951524,-7.164426,-6.0412856791247895
415.0,29.0,-12.588846720866249,-8.008884,-9.142828,-10.22870362902663
416.0,2.0,1.2958855828521232,7.441311,0.70061,3.773940283597586
416.0,5.0,9.616960871539769,11.056085,9.405801,12.09501557228523
416.0,6.0,1.172917583392902,4.091647,1.275041,3.6509722841383647
416.0,12.0,-1.0927724974016613,3.176906,-1.113681,1.3852822033438015
416.0,19.0,5.303031723545501,20.161382,6.552795,7.781086424290963
416.0,24.0,0.07846944271653367,2.533691,1.140437,2.5565241434619965
416.0,25.0,-9.038130019538427,-1.694324,-7.071306,-6.560075318792964
416.0,29.0,-12.347980265943177,-6.290928,-9.099861,-9.869925565197715
417.0,2.0,1.2776899274414966,3.462887,1.113224,3.7056468631786745
417.0,5.0,9.74880077332127,10.352264,9.568977,12.176757709058448
417.0,6.0,1.2716061194535557,-1.326745,1.574919,3.6995630551907337
417.0,12.0,-1.1367836099312418,-2.581931,-0.694886,1.2911733258059361
417.0,19.0,5.526647852116461,15.625593,6.697813,7.954604787853638
417.0,24.0,0.09568732623628573,2.029701,1.241627,2.523644261973464
417.0,25.0,-9.102912621857191,-9.830667,-6.7325,-6.674955686120013
417.0,29.0,-12.512039535088672,-5.414876,-8.942376,-10.084082599351493
418.0,2.0,1.294470240406036,2.429883,1.914007,4.11182627739651
418.0,5.0,9.559305335946668,9.080405,10.136085,12.376661372937143
418.0,6.0,1.1961553489612484,3.076714,2.028217,4.013511385951722
418.0,12.0,-1.058869429630886,-1.498954,0.154832,1.758486607359588
418.0,19.0,5.0945287667387875,1.485767,6.917594,7.9118848037292615
418.0,24.0,-0.15265428116014335,1.046857,1.701604,2.6647017558303308
418.0,25.0,-9.021088319163129,-1.226175,-6.154937,-6.203732282172655
418.0,29.0,-12.35924187453321,-8.06204,-8.658133,-9.541885837542736
419.0,2.0,-0.9396471224163526,-10.025484,5.403968,0.10430890563753714
419.0,5.0,-0.08849841278538328,-6.829944,12.670316,0.9554576152685065
419.0,6.0,-1.1557820839825652,-14.114299,3.636135,-0.11182605592867545
419.0,12.0,-1.0230820440249202,-13.109002,4.060599,0.02087398402896956
419.0,19.0,0.7393312170925935,75.546181,7.333252,1.7832872451464832
419.0,24.0,-1.0234982434682447,-10.738356,4.302005,0.020457784585645067
419.0,25.0,-1.8216558161178193,-19.099342,-3.368096,-0.7776997880639296
419.0,29.0,-1.7879136291733877,-17.695238,-6.89687,-0.7439576011194979
420.0,2.0,1.323807095164665,-10.753657,18.680042,5.708392063769624
420.0,5.0,4.703423440396327,-6.353891,20.645626,9.088008409001286
420.0,6.0,1.8728621607299667,-11.733694,7.966199,6.257447129334926
420.0,12.0,-0.7522208611294713,-12.170664,20.220084,3.632364107475488
420.0,19.0,3.4681659726928378,42.222094,5.188166,7.852750941297797
420.0,24.0,-3.9745239923124567,-1.831637,16.63152,0.4100609762925025
420.0,25.0,-7.446478562525393,-23.044475,10.064245,-3.061893593920434
420.0,29.0,-11.174161262836757,-22.108179,4.102533,-6.789576294231797
421.0,2.0,-3.9955747972667064,7.513739,13.625176,0.21476044736264566
421.0,5.0,-0.7196055829911635,12.469393,18.846316,3.4907296616381887
421.0,6.0,-4.512210680600798,4.528793,9.270378,-0.3018754359714464
421.0,12.0,-3.868900361213978,3.212897,12.140525,0.3414348834153742
421.0,19.0,-0.9439736058434313,7.933544,11.311797,3.266361638785921
421.0,24.0,-3.526330897247136,8.248568,7.532577,0.6840043473822162
421.0,25.0,-7.0187819774046085,-10.847694,1.431659,-2.8084467327752565
421.0,29.0,-5.679914842689546,3.459504,-5.833437,-1.4695795980601938
422.0,2.0,-1.7699897337366997,3.732517,4.866663,4.056795553695635
422.0,5.0,3.39003388104161,5.626158,12.201857,9.216819168473945
422.0,6.0,-3.004324877288064,-2.735527,3.264023,2.822460410144271
422.0,12.0,-3.109797141620845,-1.107137,3.55131,2.7169881458114897
422.0,19.0,0.16266658959426727,9.962754,7.033572,5.989451877026602
422.0,24.0,-4.568228783077218,10.784954,4.082051,1.2585565043551172
422.0,25.0,-9.282430113405137,1.903581,-3.622326,-3.4556448259728025
422.0,29.0,-10.505722731637887,-7.246491,-6.901237,-4.678937444205552
423.0,2.0,-2.8587256665534664,4.880494,4.727233,-0.03431046210619426
423.0,5.0,-0.46317104701017453,6.552133,11.619727,2.3612441574370977
423.0,6.0,-3.7755967147852276,-0.558617,3.13039,-0.9511815103379555
423.0,12.0,-2.922680298062505,0.919174,3.509945,-0.09826509361523295
423.0,19.0,-0.24377810726702187,8.680931,6.639856,2.5806370971802504
423.0,24.0,-2.8985966616617382,8.337833,3.973188,-0.07418145721446612
423.0,25.0,-5.8035581779249705,9.794432,-3.304029,-2.9791429734776984
423.0,29.0,-4.908901100612771,-8.452932,-6.43217,-2.0844858961654986
424.0,2.0,-0.5648339427386456,-50.86597,4.448837,5.3053691733949115
424.0,5.0,3.5558945229965673,-43.829107,11.146724,9.426097639130123
424.0,6.0,-2.3034495209907977,-37.444978,2.94007,3.5667535951427594
424.0,12.0,-2.226208357356062,-53.150274,3.277334,3.6439947587774952
424.0,19.0,0.5979443988807719,95.296121,6.358783,6.468147515014329
424.0,24.0,-4.04074098287843,-55.569284,3.799828,1.8294621332551273
424.0,25.0,-8.760741535549384,-68.786322,-3.263663,-2.890538419415827
424.0,29.0,-10.927404664900916,-54.793479,-6.232693,-5.057201548767359
425.0,2.0,-0.5493303579404129,-9.249384,4.349739,2.9397620871922863
425.0,5.0,8.614003307472283,-1.469407,11.038251,12.103095752604982
425.0,6.0,-0.09150334765111101,-8.401088,2.868807,3.397589097481588
425.0,12.0,-2.0977174863029173,-14.762641,3.188954,1.3913749588297817
425.0,19.0,4.296366124415976,127.806895,6.28733,7.785458569548675
425.0,24.0,0.38001522652605046,-2.065689,3.758325,3.8691076716587496
425.0,25.0,-10.164240552150737,-13.027919,-3.290784,-6.675148107018038
425.0,29.0,-14.101192715368985,-22.577915,-6.209564,-10.612100270236287
426.0,2.0,0.8234787172663215,6.90067,4.297651,3.2802224345707485
426.0,5.0,9.874429376168207,10.24385,10.918478,12.331173093472634
426.0,6.0,1.0105222213485465,2.956956,2.812251,3.4672659386529734
426.0,12.0,-1.3953661333937628,0.78661,3.164009,1.061377583910664
426.0,19.0,5.6382367774820095,20.421386,6.185112,8.094980494786437
426.0,24.0,0.5600587618025629,6.27729,3.751892,3.01680247910699
426.0,25.0,-9.36376601845629,-4.511446,-3.23962,-6.907022301151864
426.0,29.0,-13.004570024094647,-7.607831,-6.111138,-10.54782630679022
427.0,2.0,0.023429572957934464,1.875291,4.377718,2.720765685462731
427.0,5.0,9.20138769206904,2.502523,10.897805,11.898723804573837
427.0,6.0,0.2604733094732071,2.194148,2.782202,2.957809421978004
427.0,12.0,-1.6813802324850773,-0.398765,3.306896,1.0159558800197193
427.0,24.0,1.36011881551973,0.10927,3.899132,4.0574549280245265
427.0,25.0,-9.196279018262905,-2.345281,-3.055116,-6.498942905758108
427.0,29.0,-13.639851144724654,-4.049071,-5.894692,-10.942515032219857
428.0,2.0,0.7791441134573088,6.119518,4.593592,3.1196562460357695
428.0,5.0,9.863214360024516,11.717961,10.948536,12.203726492602977
428.0,6.0,1.0080138595276793,1.745377,2.907053,3.34852599210614
428.0,12.0,-1.4440009686194424,2.832385,3.551135,0.8965111639590182
428.0,19.0,5.686657346721305,9.207163,6.053226,8.027169479299765
428.0,24.0,0.4459686710195311,7.743704,3.993684,2.7864808035979918
428.0,25.0,-9.349202460526998,-5.755351,-2.821903,-7.008690327948537
428.0,29.0,-13.016854547416589,-5.782739,-5.730392,-10.676342414838128
429.0,2.0,0.9989568230544669,5.043016,4.634223,3.3712972289586847
429.0,5.0,9.883256093039826,9.180404,10.960372,12.255596498944044
429.0,6.0,1.2772838852192443,1.93853,2.948923,3.649624291123462
429.0,12.0,-1.2792806167077728,-0.495207,3.587446,1.0930597891964449
429.0,19.0,5.808541434323883,4.11453,6.085057,8.1808818402281
429.0,24.0,0.2810011483128053,4.252631,3.982897,2.653341554217023
429.0,25.0,-9.205720873346054,9.43499,-2.794291,-6.833380467441836
429.0,29.0,-12.99616560814956,-7.984309,-5.730146,-10.623825202245342
430.0,2.0,0.9849255248575409,5.481792,4.548093,3.579718970151429
430.0,5.0,9.346911339685777,8.462458,10.95989,11.941704784979665
430.0,6.0,0.869363052866479,3.387903,2.876117,3.464156498160367
430.0,12.0,-1.2241857563018845,3.0582,3.503439,1.3706076889920036
430.0,19.0,4.762637032585794,12.262023,6.058704,7.357430477879682
430.0,24.0,0.1209765469377525,-0.08342,3.986811,2.7157699922316407
430.0,25.0,-8.904737411256866,-5.590923,-2.879702,-6.309943965962978
430.0,29.0,-12.151893323498358,-3.781818,-5.776845,-9.55709987820447
431.0,2.0,1.1203095798320435,-1.583108,4.437365,3.382837910999195
431.0,5.0,9.789830899072703,7.021229,10.940038,12.052359230239855
431.0,6.0,1.1827338877865374,-0.861539,2.850693,3.445262218953689
431.0,12.0,-1.1478187010909755,-3.31581,3.357283,1.114709630076176
431.0,19.0,5.444386060988001,9.054464,6.120288,7.706914392155152
431.0,24.0,0.38819253861815983,-0.252177,3.878726,2.6507208697853115
431.0,25.0,-8.943012736276804,-2.617065,-3.035041,-6.680484405109652
431.0,29.0,-12.367235896819352,-9.989807,-5.926941,-10.1047075656522
432.0,2.0,1.042119901920655,2.83832,4.296562,3.332093995736414
432.0,5.0,9.771540475755351,6.844932,10.903845,12.061514569571111
432.0,6.0,1.0408218074635025,0.107171,2.813049,3.3307959012792616
432.0,12.0,-1.1761532170251137,-1.506395,3.175651,1.1138208767906455
432.0,19.0,5.281881719073483,2.613862,6.183955,7.5718558128892415
432.0,24.0,0.4967783696279716,1.849732,3.747122,2.786752463443731
432.0,25.0,-8.98975216493073,-4.544883,-3.220133,-6.69977807111497
432.0,29.0,-12.334813530295177,-3.908388,-6.099761,-10.044839436479418
433.0,2.0,0.8007507007391553,1.792495,4.150118,2.9024271900552874
433.0,5.0,9.685050761381074,7.076204,10.906812,11.786727250697206
433.0,6.0,0.9640239398476823,-1.666336,2.756141,3.0657004291638144
433.0,12.0,-1.2256118297514824,-1.881171,2.99124,0.8760646595646495
433.0,24.0,1.1977300508239308,5.714206,3.648415,3.2994065401400627
433.0,25.0,-8.53510257714464,-0.437443,-3.428167,-6.433426087828508
433.0,29.0,-12.85599787967074,-4.923857,-6.287958,-10.754321390354608
434.0,2.0,1.0155190206995544,8.343101,4.114135,3.1523008408827087
434.0,5.0,9.339573026097236,12.011687,10.952323,11.47635484628039
434.0,6.0,1.0829057090313334,1.213082,2.765469,3.2196875292144878
434.0,12.0,-1.0351784891955162,3.793938,2.926989,1.101603330987638
434.0,24.0,0.8461145217893263,10.184396,3.598175,2.9828963419724808
434.0,25.0,-8.135642500059028,2.05454,-3.532458,-5.9988606798758735
434.0,29.0,-12.299721250493313,-2.6717,-6.410716,-10.162939430310159
435.0,2.0,1.0895630748572875,1.581755,4.159055,3.0750357754636806
435.0,5.0,9.94795185724599,11.304527,10.992333,11.933424557852383
435.0,6.0,1.3654392190666416,-1.670509,2.858878,3.3509119196730346
435.0,12.0,-1.224373164308589,-5.321404,2.934977,0.7610995362978041
435.0,19.0,5.9494944536922985,-17.384599,6.446301,7.9349671542986915
435.0,24.0,0.5610624255843283,-2.817298,3.517894,2.5465351261907214
435.0,25.0,-8.937441705646693,-4.996528,-3.563957,-6.9519690050403
435.0,29.0,-12.66302847921406,-3.010076,-6.508627,-10.677555778607665
436.0,2.0,1.2578534561581263,4.924956,4.195373,3.3528878842569076
436.0,5.0,9.927308822157563,10.197551,10.971361,12.022343250256345
436.0,6.0,1.6684927807877603,1.265648,2.920708,3.7635272088865417
436.0,12.0,-1.1103172684230405,0.171614,2.95771,0.9847171596757409
436.0,19.0,6.115086790935048,3.803538,6.495222,8.21012121903383
436.0,24.0,0.29030803582721176,5.005628,3.461874,2.3853424639259933
436.0,25.0,-8.77488100292801,-7.816594,-3.536487,-6.679846574829229
436.0,29.0,-12.6843155161206,-4.320719,-6.518511,-10.589281088021819
437.0,2.0,1.194373833826444,8.272281,4.125795,3.483282618380536
437.0,5.0,9.927625550562954,13.754131,10.882655,12.216534335117046
437.0,6.0,1.4888233783000446,7.174601,2.872885,3.7777321628541367
437.0,12.0,-1.1110696985855926,2.40906,2.896589,1.1778390859684995
437.0,19.0,5.752471421900672,4.014247,6.441666,8.041380206454765
437.0,24.0,0.48793806014660646,2.973072,3.426422,2.7768468447006986
437.0,25.0,-8.770487387675269,-4.560668,-3.547614,-6.481578603121177
437.0,29.0,-12.479303321472607,-6.857461,-6.494536,-10.190394536918514
438.0,2.0,1.0440036362179006,1.913039,4.021257,3.299676317510629
438.0,5.0,9.50176620581839,9.218601,10.825888,11.757438887111118
438.0,6.0,1.1680853922451364,-0.512874,2.78538,3.423758073537865
438.0,12.0,-1.2169777226721967,-2.09582,2.801937,1.0386949586205318
438.0,19.0,5.196438608902758,3.309704,6.379376,7.452111290195487
438.0,24.0,0.24459575549762735,6.925042,3.41653,2.500268436790356
438.0,25.0,-8.6634028350438,-6.279482,-3.609804,-6.407730153751072
438.0,29.0,-12.146699194242233,-7.718616,-6.502511,-9.891026512949505
439.0,2.0,1.034191795508944,-1.451864,3.812245,2.935831557640397
439.0,5.0,9.815036257459724,8.689075,10.782261,11.716676019591176
439.0,6.0,1.216820257068714,-1.87607,2.635767,3.118460019200167
439.0,12.0,-1.2675114535847953,-4.858036,2.585559,0.6341283085466576
439.0,19.0,5.622049640773091,-0.263189,6.33292,7.5236894029045445
439.0,24.0,0.5421774361829329,7.639009,3.373199,2.443817198314386
439.0,25.0,-8.766796271524589,-16.462598,-3.811349,-6.865156509393136
439.0,29.0,-12.274334085171521,-10.709467,-6.62108,-10.372694323040069
440.0,2.0,1.0385566239531032,7.098872,3.441345,2.962982724461539
440.0,5.0,9.962150097537714,13.693783,10.655342,11.88657619804615
440.0,6.0,1.263201671376705,1.561065,2.409684,3.1876277718851407
440.0,12.0,-1.2502724895850346,4.534793,2.183867,0.6741536109234012
440.0,19.0,5.759149672545623,17.788604,6.283595,7.683575773054058
440.0,24.0,0.7004063817770668,7.844619,3.22148,2.6248324822855027
440.0,25.0,-8.818088503997116,1.434774,-4.167299,-6.89366240348868
440.0,29.0,-12.407728355252026,-6.032756,-6.849384,-10.48330225474359
441.0,2.0,1.0704363211959826,4.73451,3.22253,3.118377379145976
441.0,5.0,9.86497013499729,12.191116,10.532026,11.912911192947282
441.0,6.0,1.2786096991816551,4.399279,2.288626,3.3265507571316486
441.0,12.0,-1.17595835969386,3.205516,1.947349,0.8719826982561334
441.0,19.0,5.7578518403366425,4.971563,6.246842,7.8057928982866365
441.0,24.0,0.5161908446547202,9.502354,3.10089,2.564131902604714
441.0,25.0,-8.733293961856026,-10.851962,-4.35061,-6.685352903906033
441.0,29.0,-12.337357956753465,-10.574232,-6.960067,-10.289416898803472
442.0,2.0,1.1278554541840098,2.525085,3.289467,3.248076599577194
442.0,5.0,9.909337382675512,6.973501,10.400503,12.029558528068696
442.0,6.0,1.4158212944254718,-3.089323,2.273725,3.536042439818656
442.0,12.0,-1.0996699743961509,-5.828494,2.077598,1.0205511709970332
442.0,19.0,5.934944363925796,5.007135,6.082847,8.05516550931898
442.0,24.0,0.49410718961917766,4.701951,3.179809,2.614328335012362
442.0,25.0,-8.68525556215596,-11.079527,-4.118057,-6.565034416762776
442.0,29.0,-12.396804529324791,-6.637653,-6.69295,-10.276583383931607
443.0,2.0,1.140262027108573,3.071724,3.221174,3.2519296303630654
443.0,5.0,9.830745942033932,6.990248,10.200072,11.942413545288424
443.0,6.0,1.4325158231716726,-0.590754,2.262835,3.544183426426165
443.0,12.0,-1.1109925859748033,-0.795022,2.01243,1.000675017279689
443.0,19.0,5.901560039497284,6.23883,6.022773,8.013227642751776
443.0,24.0,0.4211215009602193,4.27304,3.06029,2.5327891042147117
443.0,25.0,-8.599417487261922,-0.428796,-4.074588,-6.48774988400743
443.0,29.0,-12.322240948396654,-5.332411,-6.624755,-10.210573345142162
444.0,2.0,1.0779506167251975,5.703714,3.05857,3.1081212231695563
444.0,5.0,9.960993486041017,13.095955,10.052219,11.991164092485377
444.0,6.0,1.4087822441828575,0.109455,2.247382,3.4389528506272162
444.0,12.0,-1.1903192220827545,3.244031,1.800768,0.8398513843616042
444.0,19.0,6.039408940186945,10.149166,6.08033,8.069579546631303
444.0,24.0,0.5699437106628212,6.641149,2.838707,2.60011431710718
444.0,25.0,-8.70149728863803,-3.294828,-4.233163,-6.671326682193672
444.0,29.0,-12.351713282989536,-6.772862,-6.773792,-10.321542676545178
445.0,2.0,1.1163843597200902,6.633446,2.821652,3.0599847160558618
445.0,5.0,9.890989028979249,10.767428,9.834481,11.83458938531502
445.0,6.0,1.4495888569336115,3.352478,2.15583,3.393189213269383
445.0,12.0,-1.1326493195740417,5.5068,1.532931,0.8109510367617299
445.0,19.0,5.9489360433354,7.147148,6.054734,7.8925363996711715
445.0,24.0,0.5518614828617697,9.721306,2.624953,2.4954618391975414
445.0,25.0,-8.59085560462101,-15.849132,-4.402722,-6.647255248285239
445.0,29.0,-12.233352003661976,-4.374025,-6.880502,-10.289751647326204
446.0,2.0,1.1363427452280135,5.081445,2.622819,2.9419882681942076
446.0,5.0,9.967202225065884,8.858293,9.622741,11.772847748032078
446.0,6.0,1.505315549906162,4.133395,2.043292,3.310961072872356
446.0,12.0,-1.1143802346446687,4.313183,1.333825,0.6912652883215253
446.0,19.0,6.109359343279641,6.005246,5.961302,7.915004866245835
446.0,24.0,0.598253874593368,10.649574,2.495423,2.403899397559562
446.0,25.0,-8.581961641521872,-1.058214,-4.491498,-6.776316118555678
446.0,29.0,-12.270204746099157,-9.71999,-6.888021,-10.464559223132962
447.0,2.0,1.1376509988057286,5.267777,2.490811,3.0224001605538695
447.0,5.0,9.8785263298951,9.783196,9.456792,11.763275491643242
447.0,6.0,1.4988887342246802,1.543402,1.964127,3.383637895972821
447.0,12.0,-1.11730259311246,2.411888,1.20847,0.7674465686356808
447.0,19.0,6.0481873417788306,11.532766,5.87829,7.932936503526971
447.0,24.0,0.5137824992797454,3.529521,2.410546,2.3985316610278864
447.0,25.0,-8.488827032719302,2.120979,-4.526823,-6.60407787097116
447.0,29.0,-12.166807720244709,-6.873617,-6.863302,-10.282058558496567
448.0,2.0,0.6235713589926276,1.393242,2.447171,3.6912075168356573
448.0,5.0,8.032961012507261,8.011161,9.286526,11.10059717035029
448.0,6.0,0.8726041119382523,1.841957,1.927505,3.940240269781282
448.0,12.0,-1.4269442290007,-0.950353,1.190939,1.6406919288423296
448.0,19.0,4.32009683374025,4.824627,5.770033,7.387732991583279
448.0,24.0,-1.231429242760668,-15.172263,2.371307,1.8362069150823617
448.0,25.0,-8.244613661213751,1.047614,-4.440699,-5.176977503370722
448.0,29.0,-11.722589276899784,-5.302389,-6.735377,-8.654953119056755
449.0,2.0,0.6527204642721819,3.504616,1.779074,3.246827385499756
449.0,5.0,8.567605755421223,9.693288,8.700153,11.161712676648797
449.0,6.0,0.6828352221079291,1.921311,1.804128,3.276942143335503
449.0,12.0,-1.5621641020708523,0.381101,0.347404,1.0319428191567215
449.0,19.0,4.637876155514271,2.233597,5.922323,7.2319830767418445
449.0,24.0,-0.6426315672695316,-0.992286,1.560617,1.9514753539580423
449.0,25.0,-8.295432030972155,-2.668293,-5.06193,-5.70132510974458
449.0,29.0,-11.77797715647313,-4.314547,-7.273352,-9.183870235245555
450.0,2.0,1.0309142966115976,3.290358,1.376363,2.738521208125988
450.0,5.0,9.856817606137293,6.887597,8.370256,11.564424517651684
450.0,6.0,1.2702286507179652,0.876175,1.398296,2.9778355622323556
450.0,12.0,-1.2508462280823958,0.522928,0.033912,0.4567606834319946
450.0,19.0,5.80100390037978,2.275178,5.510264,7.508610811894171
450.0,24.0,0.6927469772470579,4.687766,1.60524,2.4003538887614484
450.0,25.0,-8.494244306417842,-2.57896,-5.162844,-6.786637394903452
450.0,29.0,-12.165102858751906,-3.965749,-7.098008,-10.457495947237515
451.0,2.0,1.095522593038706,4.109736,1.504166,2.765984445232725
451.0,5.0,9.909840788382564,3.988815,8.415978,11.580302640576583
451.0,6.0,1.4324451265500109,-0.031058,1.109742,3.1029069787440298
451.0,12.0,-1.174414679126448,-1.609476,0.393078,0.49604717306757085
451.0,19.0,6.061533983076886,11.49588,4.957322,7.731995835270905
451.0,24.0,0.6685747919114008,2.510196,2.241246,2.33903664410542
451.0,25.0,-8.444338185753162,1.555973,-4.717758,-6.773876333559143
451.0,29.0,-12.233691152882153,-3.12458,-6.445193,-10.563229300688135
452.0,2.0,0.9011310669372355,3.798689,1.377706,2.58196397579046
452.0,5.0,9.601226761787785,8.876831,8.395719,11.28205967064101
452.0,6.0,1.176591482219906,1.559788,1.073532,2.8574243910731303
452.0,12.0,-1.0517561566363351,-2.202032,0.229355,0.6290767522168892
452.0,24.0,1.272719166946234,6.720506,2.131201,2.9535520757994584
452.0,25.0,-7.826661255899048,-8.878992,-4.892083,-6.145828347045824
452.0,29.0,-12.249915619135427,-9.868698,-6.608057,-10.569082710282203
453.0,2.0,1.1030457546130563,2.755094,1.332877,2.601189970616747
453.0,5.0,10.075013447613237,6.604753,8.462743,11.573157663616929
453.0,6.0,1.49452957703451,-0.905476,1.04516,2.992673793038201
453.0,12.0,-1.1546064249766914,-2.040287,0.171055,0.34353779102699944
453.0,19.0,6.230487345412273,4.140822,5.057386,7.728631561415964
453.0,24.0,0.8459101987499115,6.66657,2.135631,2.3440544147536024
453.0,25.0,-8.465639892465953,4.684376,-4.995797,-6.967495676462262
453.0,29.0,-12.237693186177482,-7.487548,-6.707804,-10.739548970173791
454.0,2.0,1.0834720465926146,6.409935,1.441984,2.64539767076192
454.0,5.0,10.097918907284683,10.643044,8.621705,11.659844531453988
454.0,6.0,1.4687946482236622,2.606276,1.124387,3.0307202723929674
454.0,12.0,-1.154124542880588,-0.182825,0.266496,0.40780108128871717
454.0,19.0,6.198856647484072,-1.258208,5.161285,7.760782271653377
454.0,24.0,0.9813397804035019,4.057341,2.190412,2.543265404572807
454.0,25.0,-8.472045575073633,-10.500348,-4.992662,-6.910119950904328
454.0,29.0,-12.242360889147305,-5.620392,-6.769258,-10.680435264978
455.0,2.0,1.0876550145186332,7.002599,1.527269,2.580000024386674
455.0,5.0,9.677343266163302,8.699909,8.766203,11.169688276031343
455.0,6.0,1.6547470219401799,0.646048,1.20684,3.1470920318082207
455.0,12.0,-0.8993581452128715,-0.468683,0.326344,0.5929868646551694
455.0,24.0,1.168475000279023,3.546385,2.205735,2.660820010147064
455.0,25.0,-7.644855003962625,-15.649535,-5.023308,-6.152509994094584
455.0,29.0,-12.311283224274474,0.716675,-6.867635,-10.818938214406433
456.0,2.0,0.9610394871477944,8.633536,1.490917,2.5419884498316083
456.0,5.0,9.696844053185849,10.002847,8.848533,11.277793015869662
456.0,6.0,1.3328354634396176,6.599193,1.190745,2.9137844261234314
456.0,12.0,-0.9510438943239424,2.093472,0.271366,0.6299050683598714
456.0,24.0,1.373833308605744,-5.155854,2.205431,2.9547822712895577
456.0,25.0,-7.7057018884364625,-4.269138,-5.134424,-6.124752925752649
456.0,29.0,-12.234321599377596,-3.562883,-6.984421,-10.653372636693781
457.0,2.0,0.9437508406236369,2.770219,1.427898,2.4876600080895113
457.0,5.0,9.611948327389443,8.109212,8.915105,11.155857494855319
457.0,6.0,1.313374351822703,-0.286844,1.178464,2.8572835192885773
457.0,12.0,-0.9609498416037586,-1.3341,0.176335,0.5829593258621156
457.0,24.0,1.3132404193339697,5.057917,2.160828,2.857149586799844
457.0,25.0,-7.664243417672918,-10.357297,-5.283929,-6.120334250207044
457.0,29.0,-12.15907074066761,-4.522878,-7.143281,-10.615161573201735
458.0,2.0,1.0684125209135402,-1.786342,1.332743,2.581551090914447
458.0,5.0,9.500079488381198,5.521775,8.953541,11.013218058382105
458.0,6.0,1.5593052778942589,-2.244834,1.17542,3.0724438478951654
458.0,12.0,-0.8517187722100773,-5.818805,0.031529,0.6614197977908293
458.0,24.0,1.080095511280799,7.044335,2.053229,2.5932340812817056
458.0,25.0,-7.495600818017082,-3.235851,-5.476871,-5.9824622480161755
458.0,29.0,-12.080460034073454,-12.229898,-7.351947,-10.567321464072547
459.0,2.0,1.1214765904813095,3.758517,1.441499,2.5231332550801913
459.0,5.0,10.16129926830186,5.926343,9.042732,11.562955932900742
459.0,6.0,1.6218042844518648,2.582406,1.274754,3.0234609490507465
459.0,12.0,-1.0814237552086352,0.706054,0.124446,0.3202329093902465
459.0,19.0,6.435492945049574,17.562528,5.638047,7.837149609648455
459.0,24.0,1.0167662738230483,3.574967,2.058452,2.41842293842193
459.0,25.0,-8.245813626346465,-10.392903,-5.43895,-6.844156961747583
459.0,29.0,-12.231086125919484,-6.499617,-7.383152,-10.829429461320602
460.0,2.0,0.9563828229812729,3.200856,1.666049,2.3719276756746384
460.0,5.0,9.848358728421465,10.111947,9.118436,11.26390358111483
460.0,6.0,1.3699640993318987,2.238409,1.380105,2.785508952025264
460.0,12.0,-0.9528839841865012,1.720213,0.389545,0.46266086850686416
460.0,24.0,1.5813314151183597,2.265418,2.200048,2.996876267811725
460.0,25.0,-7.735409892215492,-2.55615,-5.191902,-6.319865039522127
460.0,29.0,-12.359566036521038,-6.625571,-7.193812,-10.944021183827672
461.0,2.0,1.0256679784066032,1.965431,1.795982,2.4401787735580847
461.0,5.0,9.88098056584337,7.728544,9.117759,11.295491360994852
461.0,6.0,1.4886472444832952,-1.79045,1.433415,2.9031580396347767
461.0,12.0,-0.885516603368859,-1.017729,0.55451,0.5289941917826225
461.0,24.0,1.5707955073681665,2.09353,2.283455,2.985306302519648
461.0,25.0,-7.693507495830123,-4.817701,-5.007893,-6.278996700678642
461.0,29.0,-12.400810603592271,-1.529439,-7.032386,-10.98629980844079
462.0,2.0,1.1771082136079283,7.130166,1.805714,2.435451804918787
462.0,5.0,10.198620405594491,9.869705,9.040804,11.456963996905351
462.0,6.0,1.694371837489041,0.368162,1.436095,2.9527154287999
462.0,12.0,-0.962681646775681,0.808942,0.580028,0.2956619445351779
462.0,19.0,6.599132672092218,12.455994,5.523181,7.857476263403077
462.0,24.0,1.047351218722719,5.692851,2.27354,2.305694810033578
462.0,25.0,-8.153773421484784,-3.803849,-4.933428,-6.895429830173925
462.0,29.0,-12.16362390191893,-3.342932,-6.949361,-10.90528031060807
463.0,2.0,0.9486021158390442,6.500956,1.914223,2.3349722797762036
463.0,5.0,9.917729563730946,10.320428,9.075836,11.304099727668106
463.0,6.0,1.4007382702907512,2.471049,1.475691,2.7871084342279104
463.0,12.0,-0.9594971380534619,3.042796,0.716,0.42687302588369735
463.0,24.0,1.6359033672388543,4.438984,2.359807,3.0222735311760136
463.0,25.0,-7.732345253731375,-9.087678,-4.80215,-6.345975089794216
463.0,29.0,-12.42490954032313,-2.150004,-6.838641,-11.03853937638597
464.0,2.0,1.0811467141478524,2.233086,1.882584,2.287376687721564
464.0,5.0,10.153405992077483,5.495358,9.022278,11.359635965651194
464.0,6.0,1.5363429297686961,0.107318,1.423021,2.742572903342408
464.0,12.0,-1.1086481583989203,-4.435448,0.709258,0.09758181517479159
464.0,19.0,6.355949287715773,-0.453489,5.416211,7.562179261289485
464.0,24.0,1.1202941041283552,4.927398,2.39027,2.326524077702067
464.0,25.0,-8.130921801233479,-9.169458,-4.769631,-6.924691827659767
464.0,29.0,-12.023800433690754,-7.743119,-6.767486,-10.817570460117043
465.0,2.0,1.0804913011030548,3.587377,1.659379,2.431941158655823
465.0,5.0,9.775346601682505,8.491996,8.81995,11.126796459235273
465.0,6.0,1.6008120840162805,2.226879,1.315449,2.9522619415690485
465.0,12.0,-0.8484326396398193,2.00757,0.468565,0.5030172179129487
465.0,24.0,1.490933990978454,8.323187,2.22458,2.842383848531222
465.0,25.0,-7.510545729554413,-6.18771,-4.913985,-6.159095872001645
465.0,29.0,-12.159985610537852,-7.857758,-6.837521,-10.808535752985083
466.0,2.0,1.1765527874882409,7.237898,1.562782,2.5126417656149815
466.0,5.0,10.255276623196739,9.45185,8.707579,11.59136560132348
466.0,6.0,1.6506828112301921,5.483326,1.283569,2.9867717893569328
466.0,12.0,-0.9890636857670342,4.393257,0.359966,0.34702529235970647
466.0,19.0,6.564073559370346,-0.631436,5.345523,7.900162537497087
466.0,24.0,1.2153472105678365,1.806321,2.123901,2.551436188694577
466.0,25.0,-8.148407065569641,-2.184856,-4.969919,-6.8123180874429
466.0,29.0,-12.18516284742108,-3.349942,-6.868668,-10.849073869294338
467.0,2.0,1.224648791236052,4.252231,1.468698,2.488158342010099
467.0,5.0,10.184892106513223,5.41503,8.589592,11.44840165728727
467.0,6.0,1.7281183469503496,1.521072,1.247392,2.9916278977243964
467.0,12.0,-0.9673840261925727,0.404033,0.258461,0.2961255245814741
467.0,19.0,6.603970026764473,4.04456,5.318244,7.86747957753852
467.0,24.0,1.1367703559342583,11.514439,2.031925,2.400279906708305
467.0,25.0,-8.03500518903515,-4.339612,-5.013435,-6.771495638261103
467.0,29.0,-12.044148946871884,-7.313126,-6.883325,-10.780639396097836
468.0,2.0,1.1067226698321457,3.34566,1.378819,2.418710557199632
468.0,5.0,9.967122355915535,7.233259,8.459327,11.279110243283021
468.0,6.0,1.5949181841429008,1.176877,1.213094,2.906906071510387
468.0,12.0,-0.8153678395200156,-0.066867,0.16381,0.4966200478474708
468.0,24.0,1.6844186116830544,5.078727,1.939365,2.996406499050541
468.0,25.0,-7.5797021147136965,-0.628622,-5.041944,-6.26771422734621
468.0,29.0,-12.381272362196233,-6.894419,-6.882039,-11.069284474828747
469.0,2.0,1.1387404121788958,5.124899,1.379462,2.1338860273519673
469.0,5.0,10.323419045014493,12.483707,8.429209,11.318564660187565
469.0,6.0,1.6020492147814798,3.223226,1.198284,2.5971948299545513
469.0,12.0,-1.0686331335343775,2.385248,0.179438,-0.07348751836130596
469.0,19.0,6.439748942864968,19.207791,5.242668,7.43489455803804
469.0,24.0,1.3451877810735438,3.226221,1.95708,2.3403333962466153
469.0,25.0,-8.163563953661509,-4.227346,-5.00375,-7.168418338488437
469.0,29.0,-12.053241680553365,-7.7291,-6.830607,-11.058096065380294
470.0,2.0,1.106341706092957,1.524394,1.402711,2.4119048267665155
470.0,5.0,9.951613716203916,5.859278,8.495857,11.257176836877473
470.0,6.0,1.5993057246830107,-0.091904,1.210731,2.904868845356569
470.0,12.0,-0.8206118381363751,1.538164,0.199196,0.48495128253718345
470.0,24.0,1.6927454878824486,11.033068,1.984518,2.998308608556007
470.0,25.0,-7.53035377910592,-2.799479,-5.022943,-6.224790658432362
470.0,29.0,-12.297792866615392,-6.509873,-6.866039,-10.992229745941835
471.0,2.0,1.046743898134701,3.236914,1.347932,2.2410758929526677
471.0,5.0,9.771457659153723,6.931866,8.565371,10.96578965397169
471.0,6.0,1.5407022405374953,0.739854,1.203667,2.735034235355462
471.0,12.0,-0.8551198493208948,0.56644,0.113097,0.3392121454970719
471.0,24.0,1.5909450671989038,4.709649,1.943364,2.7852770620168705
471.0,25.0,-7.379188312243166,0.683545,-5.164821,-6.184856317425199
471.0,29.0,-11.973554526605692,-4.674308,-7.020308,-10.779222531787726
472.0,2.0,1.5278854115488203,-3.61177,1.188437,3.321245501730828
472.0,5.0,9.294532381367155,4.743887,8.602772,11.087892471549162
472.0,6.0,1.3381803478817016,-3.756188,1.10892,3.1315404380637095
472.0,12.0,-0.7686268361232279,-7.157797,-0.073114,1.0247332540587801
472.0,24.0,0.9587350874642498,0.182717,1.899036,2.752095177646258
472.0,25.0,-7.473834916706834,-6.943612,-5.3899,-5.680474826524826
472.0,29.0,-11.472127738763866,-7.482158,-7.20533,-9.678767648581859
473.0,2.0,1.4005957318891804,7.432086,1.343977,2.984088746232179
473.0,5.0,9.47686613660777,9.035973,8.831991,11.060359150950768
473.0,6.0,1.3053670506915962,3.122155,1.267107,2.888860065034595
473.0,12.0,-0.9874963020632476,2.741808,0.03532,0.595996712279751
473.0,24.0,0.9715996175057898,3.918012,1.905342,2.5550926318487885
473.0,25.0,-7.716595294554419,6.027289,-5.427106,-6.13310228021142
473.0,29.0,-11.5734012042408,-4.293661,-7.366059,-9.989908189897802
474.0,2.0,1.5910219481542827,2.457557,1.733056,3.2453303269951443
474.0,5.0,9.337364307362106,10.076486,9.285014,10.991672686202968
474.0,6.0,1.5761676344313047,-2.204199,1.577417,3.2304760132721664
474.0,12.0,-0.8135350962483773,-1.48912,0.372217,0.8407732825924844
474.0,24.0,0.8878014650427523,1.074337,2.02549,2.542109843883614
474.0,25.0,-7.439909392097451,-5.895229,-5.355419,-5.7856010132565885
474.0,29.0,-11.620319128546212,-0.869914,-7.526217,-9.966010749705351
475.0,2.0,1.6529095124489892,7.470312,1.867149,3.4948049014372455
475.0,5.0,9.513951073340262,8.564001,9.571313,11.355846462328518
475.0,6.0,1.5638890686453122,1.122405,1.734753,3.4057844576335685
475.0,12.0,-0.9062330850930512,1.708113,0.441196,0.9356623038952051
475.0,19.0,5.4326779426915355,11.386657,6.237687,7.274573331679791
475.0,24.0,0.5405780650969064,9.830698,2.019702,2.382473454085163
475.0,25.0,-7.794336528434328,-1.012155,-5.472744,-5.952441139446071
475.0,29.0,-11.44178208394267,-3.695817,-7.777021,-9.599886694954414
476.0,2.0,1.5093238365709984,2.023735,1.8356,3.1685523567915164
476.0,5.0,9.553933687245982,7.822651,9.840351,11.2131622074665
476.0,6.0,1.4496513853712765,-0.203736,1.76464,3.1088799055917944
476.0,12.0,-1.0840183411232687,-1.772066,0.340488,0.5752101790972493
476.0,19.0,5.543641019804167,3.597482,6.469422,7.202869540024685
476.0,24.0,0.44948675501808644,1.348605,1.999444,2.1087152752386045
476.0,25.0,-7.9124002632433035,-7.47275,-5.756956,-6.2531717430227856
476.0,29.0,-11.435312126484794,-3.0929,-8.124188,-9.776083606264276
477.0,2.0,1.3280283203465997,5.066461,1.781531,3.1291581402769526
477.0,5.0,9.195616687788501,8.97571,10.179283,10.996746507718854
477.0,6.0,1.159148367334506,3.631752,1.692875,2.960278187264859
477.0,12.0,-1.0136671655356908,1.294161,0.257644,0.7874626543946621
477.0,24.0,0.7868618046480885,-7.485932,2.129236,2.5879916245784416
477.0,25.0,-7.563377148147997,5.757811,-6.043928,-5.762247328217644
477.0,29.0,-11.463140783923981,0.088402,-8.416778,-9.662010963993628
478.0,2.0,0.8643466855889902,-1.458063,1.804612,2.778604860385543
478.0,5.0,9.587168673218873,10.506046,10.570984,11.501426848015425
478.0,6.0,1.3465252112720885,-1.420811,1.656851,3.260783386068641
478.0,12.0,-1.2351705348940678,-4.613745,0.262107,0.6790876399024848
478.0,24.0,0.23348849642875258,2.216631,2.314502,2.1477466712253053
478.0,25.0,-8.508923296279832,-8.671997,-6.265962,-6.594665121483279
478.0,29.0,-12.75692742077897,-11.398163,-8.667451,-10.842669245982417
479.0,2.0,1.0476893036521533,5.544519,1.852523,3.1987416796738763
479.0,5.0,9.562294904176362,17.034102,10.884256,11.713347280198086
479.0,6.0,1.434991331475743,1.485202,1.642882,3.586043707497466
479.0,12.0,-0.9854379406123909,0.309532,0.301515,1.1656144354093323
479.0,24.0,0.2597647193793965,2.614906,2.477149,2.4108170954011197
479.0,25.0,-8.449236520708995,-1.959034,-6.404216,-6.298184144687272
479.0,29.0,-12.7346718413018,-9.199191,-8.83577,-10.583619465280076
480.0,2.0,1.0611397645696314,4.008828,1.918571,3.6124882605500472
480.0,5.0,9.80717966287101,6.965372,11.093227,12.358528158851424
480.0,6.0,1.315290973971969,2.554347,1.656631,3.8666394699523847
480.0,12.0,-1.11871935814861,1.487164,0.365883,1.432629137831806
480.0,19.0,5.90106950331722,11.081694,6.930532,8.452417999297635
480.0,24.0,-0.44007330395803035,4.997949,2.593098,2.1112751920223856
480.0,25.0,-9.320503535921207,-10.951585,-6.456007,-6.769155039940791
480.0,29.0,-12.680392200706546,-7.043824,-8.920052,-10.12904370472613
481.0,2.0,1.0990657043336869,-0.601965,1.954571,3.5832739863190266
481.0,5.0,9.808744440144432,8.782104,11.166938,12.292952722129773
481.0,6.0,1.3790521569684886,-1.509386,1.68255,3.8632604389538283
481.0,12.0,-1.1090222638766773,-1.935095,0.396335,1.3751860181086624
481.0,19.0,5.9721189141732545,13.75655,6.977321,8.456327196158593
481.0,24.0,-0.5236030903456231,4.218626,2.617496,1.9606051916397167
481.0,25.0,-9.311050269351542,-4.1891,-6.469406,-6.826841987366202
481.0,29.0,-12.685860852097155,-11.240121,-8.958912,-10.201652570111815
482.0,2.0,1.1322599743555024,3.881349,1.928029,3.84790116385627
482.0,5.0,9.822817045364522,10.305944,11.197372,12.538458234865288
482.0,6.0,1.3788847567601854,2.033546,1.668023,4.094525946260953
482.0,12.0,-1.0256451812056708,-3.145302,0.363131,1.6899960082950969
482.0,19.0,5.922780631490183,7.534628,6.999769,8.638421820990951
482.0,24.0,-0.4787857861220043,-4.475633,2.615179,2.2368554033787635
482.0,25.0,-9.354162253521489,-3.225546,-6.52487,-6.638521064020721
482.0,29.0,-12.7804094367337,-7.619077,-9.013332,-10.064768247232934
483.0,2.0,0.980735644943702,4.459372,1.898311,3.465933127786019
483.0,5.0,9.890437677510599,8.468827,11.173243,12.375635160352916
483.0,6.0,1.278681686878742,1.393601,1.645049,3.7638791697210587
483.0,12.0,-1.217635494452507,1.31021,0.337699,1.2675619883898097
483.0,19.0,5.971884574481279,8.803347,6.981326,8.457082057323596
483.0,24.0,-0.39933505238972355,3.597732,2.608613,2.0858624304525932
483.0,25.0,-9.41489739163662,-0.395474,-6.537269,-6.929699908794303
483.0,29.0,-12.800686569022057,-5.092902,-9.011625,-10.31548908617974
484.0,2.0,0.8797187953984976,9.788687,1.856647,3.5013891694917705
484.0,5.0,9.869338919975759,17.641684,11.087178,12.49100929406903
484.0,6.0,1.130384904454666,5.256731,1.594477,3.752055278547939
484.0,12.0,-1.288904706644014,1.151894,0.319395,1.3327656674492587
484.0,19.0,5.781099494095182,9.483245,6.896794,8.402769868188454
484.0,24.0,-0.3737043301000239,-0.953777,2.615112,2.247966043993249
484.0,25.0,-9.459901267247178,-0.637989,-6.499614,-6.838230893153905
484.0,29.0,-12.767872349161118,-7.367844,-8.933647,-10.146201975067846
485.0,2.0,0.8425687664038984,7.913721,1.888637,3.458334086854495
485.0,5.0,9.807657952681799,13.079054,11.051011,12.423423273132396
485.0,6.0,1.053389609783543,0.505484,1.639748,3.6691549302341393
485.0,12.0,-1.3441899181874897,3.609654,0.347118,1.2715754022631067
485.0,19.0,5.736583174658219,15.46745,6.915517,8.352348495108815
485.0,24.0,-0.41702632175108356,6.959202,2.576205,2.198738998699513
485.0,25.0,-9.440659490554545,-1.319625,-6.454236,-6.824894170103948
485.0,29.0,-12.667795977019159,-6.804344,-8.912035,-10.052030656568562
486.0,2.0,1.0066539476547662,3.526947,1.97316,3.4638969631789713
486.0,5.0,9.81920062570553,9.121336,11.075913,12.276443641229736
486.0,6.0,1.2153192620079354,0.713486,1.682087,3.6725622775321405
486.0,12.0,-1.1645708555301333,-1.572145,0.447252,1.2926721599940718
486.0,19.0,5.976100984453175,14.789901,6.911133,8.43334399997738
486.0,24.0,-0.3201029718141727,8.56935,2.624445,2.1371400437100325
486.0,25.0,-9.371869425189411,-11.777357,-6.359465,-6.914626409665206
486.0,29.0,-12.699030296012,-10.606323,-8.841525,-10.241787280487795
487.0,2.0,0.9189703925815084,6.701994,2.009325,3.5491065183654404
487.0,5.0,9.776587612622953,13.482815,11.045236,12.406723738406885
487.0,6.0,1.0921710998085503,4.589538,1.695859,3.7223072255924823
487.0,12.0,-1.270966611504826,0.457527,0.499493,1.359169514279106
487.0,19.0,5.708092129106313,4.985396,6.879588,8.338228254890245
487.0,24.0,-0.4293629365816899,1.925864,2.642201,2.200773189202242
487.0,25.0,-9.393840260960008,1.365593,-6.282965,-6.763704135176076
487.0,29.0,-12.635667240547372,-7.835758,-8.767502,-10.00553111476344
488.0,2.0,1.0291777310887964,2.929405,1.999958,3.784614671243663
488.0,5.0,9.792117403629979,10.18575,10.973288,12.547554343784846
488.0,6.0,1.1868331566308434,0.631074,1.687509,3.94227009678571
488.0,12.0,-1.119455719953721,-0.942854,0.502234,1.6359812202011454
488.0,19.0,5.765343137412328,11.496932,6.83619,8.520780077567196
488.0,24.0,-0.5025974879230662,-4.387388,2.626461,2.2528394522318003
488.0,25.0,-9.401070711324698,0.838751,-6.236272,-6.645633771169831
488.0,29.0,-12.684267756015007,-7.322923,-8.707581,-9.928830815860142
489.0,2.0,0.8768478540524737,4.480426,2.010226,3.6282349674531034
489.0,5.0,9.722277704087551,13.559328,10.935795,12.473664817488181
489.0,6.0,0.976609071963498,2.35239,1.711277,3.7279961853641277
489.0,12.0,-1.265489604754027,-1.561959,0.510392,1.4858975086466026
489.0,19.0,5.628047912567799,10.010489,6.842556,8.379435025968428
489.0,24.0,-0.4280979706282394,-0.58062,2.59346,2.3232891427723903
489.0,25.0,-9.422672521652231,-4.713113,-6.209306,-6.6712854082516015
489.0,29.0,-12.622966796457568,-9.725342,-8.691925,-9.87157968305694
490.0,2.0,0.9991323022383697,0.660813,2.005241,3.7096663501758593
490.0,5.0,9.849779060746316,10.757796,10.907808,12.560313108683806
490.0,6.0,1.1724067283947344,-1.253296,1.706035,3.882940776332224
490.0,12.0,-1.1308760504264166,-2.840874,0.511863,1.579657997511073
490.0,19.0,5.808812493158085,5.377361,6.824503,8.519346541095574
490.0,24.0,-0.3776288993963989,2.406196,2.589378,2.3329051485410908
490.0,25.0,-9.43980647620119,-5.50468,-6.190806,-6.7292724282637
490.0,29.0,-12.761828208767302,-8.224122,-8.667989,-10.051294160829812
491.0,2.0,1.0492043506135964,6.752081,2.027996,3.904530644712586
491.0,5.0,9.753086199761258,9.809598,10.904877,12.608412493860246
491.0,6.0,1.1190793282751752,2.675634,1.710163,3.9744056223741646
491.0,12.0,-1.042395073387314,2.461581,0.545979,1.8129312207116755
491.0,19.0,5.64329113848046,10.448351,6.807207,8.498617432579449
491.0,24.0,-0.44594570204668316,3.01636,2.612157,2.4093805920523064
491.0,25.0,-9.407364903433482,-3.029912,-6.150429,-6.552038609334493
491.0,29.0,-12.652446503187354,-5.512641,-8.628928,-9.797120209088366
492.0,2.0,0.934568290115135,-3.608665,2.079531,3.5832202231431727
492.0,5.0,9.931209390083547,8.662234,10.946457,12.579861323111585
492.0,6.0,1.2238706598270461,-4.405793,1.739436,3.8725225928550837
492.0,12.0,-1.2314295638185557,-6.624967,0.602158,1.4172223692094819
492.0,19.0,5.954500752911151,7.56947,6.825265,8.603152685939188
492.0,24.0,-0.41188878012082164,-7.070557,2.642955,2.236763152907216
492.0,25.0,-9.485364608474226,-9.263142,-6.11496,-6.836712675446188
492.0,29.0,-12.893450736872094,-7.568587,-8.614951,-10.244798803844056
493.0,2.0,-1.2587609456122477,13.149969,2.233827,2.6025074866848468
493.0,5.0,8.73940293699608,19.416888,11.039106,12.600671369293176
493.0,6.0,-0.842985000207282,7.866644,1.945917,3.0182834320898126
493.0,12.0,-3.5928552465027765,7.43501,0.698707,0.26841318579431794
493.0,19.0,4.92325744025465,19.614828,7.044648,8.784525872551745
493.0,24.0,-1.7954475055520502,11.499099,2.536555,2.0658209267450443
493.0,25.0,-11.412235738105428,-1.333843,-6.093206,-7.550967305808333
494.0,2.0,-1.3313300579310363,7.350036,2.350835,2.0039585159614957
494.0,5.0,10.795401821555009,39.718092,11.074062,14.130690395447541
494.0,6.0,-0.8129006522742551,65.050731,2.097508,2.522387921618277
494.0,19.0,3.3025360864562194,28.961315,7.183389,6.637824660348752
494.0,29.0,-12.598785633527374,-28.796955,-8.779732,-9.263497059634842
495.0,2.0,2.8661891853009047,31.896486,2.32674,2.8401693536641845
495.0,12.0,0.27690705606342536,49.773161,0.774065,0.2508872244267052
495.0,24.0,2.6953494881553013,28.950887,2.477087,2.669329656518581
495.0,25.0,-6.35273159575167,34.520315,-6.024798,-6.37875142738839
495.0,29.0,-10.645514635960575,33.829235,-8.732102,-10.671534467597295
495.0,31.0,-13.018083643688533,5.708549,-11.138324,-13.044103475325253
496.0,2.0,0.8867259381018843,7.532419,2.230281,2.9920016917410077
496.0,5.0,9.716151571455006,11.302184,11.004787,11.82142732509413
496.0,6.0,1.1155171614767685,3.899106,1.999847,3.220792915115892
496.0,12.0,-1.0335916871760231,4.342248,0.671304,1.0716840664631002
496.0,24.0,0.6815563669104384,1.809499,2.440604,2.786832120549562
496.0,25.0,-8.534037196497218,4.005728,-6.116733,-6.428761442858095
496.0,29.0,-12.736858705932654,-4.232147,-8.791512,-10.631582952293531
497.0,2.0,0.946663202727028,7.676334,2.141479,3.154652245948169
497.0,5.0,9.597688903212877,13.641895,11.023521,11.805677946434017
497.0,6.0,1.1385785067681544,1.114516,1.958252,3.3465675499892953
497.0,12.0,-0.9953489634655687,4.983785,0.562495,1.2126400797555723
497.0,24.0,0.5028572576155418,12.748765,2.398938,2.7108463008366828
497.0,25.0,-8.494397171039957,-4.655689,-6.249614,-6.286408127818816
497.0,29.0,-12.69405398371073,-3.871104,-8.91035,-10.486064940489587
498.0,2.0,0.8609111065752176,0.703548,2.173023,3.4313662773732645
498.0,5.0,9.944929881391163,7.867786,11.078201,12.51538505218921
498.0,6.0,1.109973497199964,2.013186,1.997577,3.6804286679980107
498.0,12.0,-1.2741315876672674,-0.32516,0.580794,1.2963235831307793
498.0,19.0,5.952948021662494,7.545321,7.213809,8.523403192460542
498.0,24.0,-0.3205757736088889,-0.497336,2.391508,2.249879397189158
498.0,25.0,-9.487621510881583,-3.578163,-6.26828,-6.917166340083536
498.0,29.0,-12.828093465211298,-9.002945,-8.961516,-10.257638294413251
499.0,2.0,0.966400670745524,3.946699,2.216851,3.522753996662322
499.0,5.0,9.919961694616145,14.084634,11.125163,12.476315020532942
499.0,6.0,1.1963664378533165,3.246332,2.05281,3.752719763770114
499.0,12.0,-1.1855335534371756,2.209152,0.608951,1.370819772479622
499.0,19.0,5.978501004596063,4.750536,7.283214,8.53485433051286
499.0,24.0,-0.3375242164151874,7.979068,2.372552,2.2188291095016104
499.0,25.0,-9.401059691619011,-9.262865,-6.27349,-6.844706365702214
499.0,29.0,-12.76828907862535,-9.97028,-9.007568,-10.211935752708552
500.0,2.0,1.0709932219908156,6.306926,2.226021,3.660432525496056
500.0,5.0,9.948522367659969,11.869876,11.15407,12.53796167116521
500.0,6.0,1.317764756695067,2.666967,2.075462,3.9072040602003075
500.0,12.0,-1.033300072822251,3.258781,0.607162,1.5561392306829895
500.0,19.0,6.09532675369593,10.944005,7.326653,8.68476605720117
500.0,24.0,-0.3330392141494639,-0.161902,2.356547,2.2564000893557767
500.0,25.0,-9.397179823544318,-1.611636,-6.297555,-6.8077405200390775
500.0,29.0,-12.846231606274523,-4.369809,-9.051652,-10.256792302769282
501.0,2.0,1.176190344494806,6.99517,2.073438,4.0125342870444465
501.0,5.0,9.410320789958527,12.687545,11.10752,12.246664732508169
501.0,6.0,1.276577091096967,2.812215,1.99784,4.112921033646607
501.0,12.0,-0.8789614921581831,4.70781,0.433011,1.9573824503914574
501.0,19.0,5.621362044196421,15.713065,7.33468,8.457705986746062
501.0,24.0,-0.7891447760987093,7.172959,2.274433,2.0471991664509313
501.0,25.0,-9.151986226440231,5.344124,-6.462313,-6.315642283890591
501.0,29.0,-12.496420620246525,-9.243932,-9.17577,-9.660076677696885
502.0,2.0,1.0903954557409223,1.137099,1.670269,3.6456586045530166
502.0,5.0,9.720010592871915,6.601971,10.907261,12.27527374168401
502.0,6.0,1.205527791354542,0.302386,1.849606,3.760790940166636
502.0,12.0,-1.0019639602707633,-3.380135,-0.054735,1.553299188541331
502.0,19.0,5.788594659779929,8.513298,7.39903,8.343857808592023
502.0,24.0,-0.3357596852001087,0.562978,1.946315,2.2195034636119857
502.0,25.0,-9.25813904876257,4.644821,-6.892674,-6.7028758999504765
502.0,29.0,-12.55761270409605,-9.354001,-9.523887,-10.002349555283956
503.0,2.0,0.8862159692392905,-0.17015,1.350885,3.423665822087915
503.0,5.0,10.013701690283945,8.562386,10.772687,12.551151543132569
503.0,6.0,1.1359731333514622,-0.881935,1.717966,3.6734229862000864
503.0,12.0,-1.16948889317272,0.560887,-0.435311,1.3679609596759041
503.0,19.0,6.049686287283808,10.421456,7.441771,8.587136140132433
503.0,24.0,-0.1289346870898217,2.943732,1.715409,2.4085151657588026
503.0,25.0,-9.514877169381935,-4.613796,-7.238907,-6.97742731653331
503.0,29.0,-12.93033013298311,-9.32395,-9.798982,-10.392880280134486
504.0,2.0,0.9502788519169937,9.067238,1.349536,3.4732569043435904
504.0,5.0,9.98293092311167,11.92894,10.821189,12.505908975538267
504.0,6.0,1.167302379237868,2.53795,1.695817,3.6902804316644646
504.0,12.0,-1.1206045603335042,7.473737,-0.428334,1.4023734920930924
504.0,19.0,6.018513739682526,12.402632,7.437212,8.541491792109124
504.0,24.0,-0.12589743337941706,5.864177,1.762283,2.3970806190471796
504.0,25.0,-9.439694905123,1.774686,-7.256695,-6.916716852696403
504.0,29.0,-12.837865943621114,-2.310829,-9.810246,-10.314887891194518
505.0,2.0,0.7963808753514242,8.555752,1.329814,3.0322328599228885
505.0,5.0,9.978248619667358,15.385429,10.845925,12.214100604238823
505.0,6.0,0.9814394012532456,4.956096,1.677272,3.21729138582471
505.0,12.0,-1.3188332107204497,5.19272,-0.448017,0.9170187738510145
505.0,19.0,5.967866396465799,14.318163,7.443371,8.203718381037262
505.0,24.0,0.1320350859947642,3.847915,1.774049,2.3678870705662285
505.0,25.0,-9.42203480455586,-11.132657,-7.292355,-7.186182819984396
505.0,29.0,-12.7010331149558,-5.198777,-9.840523,-10.465181130384336
506.0,2.0,0.9334984593472812,4.980184,1.37627,3.158313933949679
506.0,5.0,9.692917777190676,8.464766,10.920844,11.917733251793074
506.0,6.0,1.118941705364449,4.080293,1.706631,3.343757179966847
506.0,12.0,-0.9479158023562616,2.528872,-0.403879,1.2768996722461363
506.0,24.0,0.7206399137414622,5.598543,1.80677,2.94545538834386
506.0,25.0,-8.46578789223132,2.946374,-7.291036,-6.240972417628923
506.0,29.0,-12.67733349583063,-8.371626,-9.866121,-10.452518021228233
507.0,2.0,0.8623553914965018,5.316767,1.623918,3.2267664029841585
507.0,5.0,10.038187263117054,10.413777,11.133161,12.40259827460471
507.0,6.0,1.1247703917250762,1.443018,1.891304,3.489181403212733
507.0,12.0,-1.218372968228282,-1.982196,-0.169612,1.1460380432593746
507.0,19.0,6.0587248571082455,15.380735,7.644616,8.423135868595903
507.0,24.0,0.030848433950540044,4.610843,1.883905,2.395259445438197
507.0,25.0,-9.445420398326506,1.793822,-7.174457,-7.08100938683885
507.0,29.0,-12.863316483775794,-10.207503,-9.879041,-10.498905472288136
508.0,2.0,0.8479729845000391,-0.349825,1.747211,3.151105824491543
508.0,5.0,9.98539903026796,9.35798,11.250992,12.288531870259463
508.0,6.0,1.0364945445183098,0.55371,1.960516,3.3396273845098134
508.0,12.0,-1.2467238719385287,-4.038668,-0.039722,1.056408968052975
508.0,19.0,5.959895060370401,6.98408,7.695696,8.263027900361905
508.0,24.0,0.06882744325260493,3.55008,1.961972,2.3719602832441087
508.0,25.0,-9.36501380986595,2.283489,-7.104534,-7.061880969874446
508.0,29.0,-12.676298213425284,-15.348919,-9.860657,-10.37316537343378
509.0,2.0,0.9418361834095589,0.300601,1.741768,3.216003492683911
509.0,5.0,10.053024299580253,8.522905,11.284128,12.327191608854605
509.0,6.0,1.209802226123319,-1.826652,1.920844,3.483969535397671
509.0,12.0,-1.1342320972387876,-4.315812,-0.02609,1.1399352120355646
509.0,19.0,6.160899724129108,16.558108,7.659258,8.43506703340346
509.0,24.0,0.0989035661419101,2.881354,2.027515,2.3730708754162624
509.0,25.0,-9.373038108538715,-14.178518,-7.102292,-7.098870799264363
509.0,29.0,-12.82683874892893,-8.849204,-9.838363,-10.552671439654578
510.0,2.0,0.9658722175430227,3.925444,1.98347,3.127370603442439
510.0,5.0,10.040321558009833,15.939502,11.543353,12.20181994390925
510.0,6.0,1.2454338150826016,2.662668,2.005507,3.406932200982018
510.0,12.0,-1.1182288790381616,0.518547,0.254073,1.0432695068612547
510.0,19.0,6.254375078950945,10.753364,7.694993,8.41587346485036
510.0,24.0,0.1711724911493241,-3.093204,2.267413,2.3326708770487405
510.0,25.0,-9.335267260089886,-6.821872,-6.942308,-7.173768874190469
510.0,29.0,-12.802181107109934,-8.078753,-9.747545,-10.640682721210517
511.0,2.0,0.9056377580519229,8.134117,2.088894,2.82484464296404
511.0,5.0,9.93049615335605,15.729088,11.732063,11.849703038268167
511.0,6.0,1.2621333312669458,5.040247,2.032963,3.1813402161790627
511.0,12.0,-0.9300929043393183,5.929337,0.373384,0.9891139805727985
511.0,24.0,0.9241436113965901,5.707477,2.406844,2.843350496308707
511.0,25.0,-8.548311414986667,11.170742,-6.919981,-6.62910453007455
511.0,29.0,-12.859996771968229,-8.840433,-9.760815,-10.940789887056113
512.0,2.0,1.0414449933244478,6.643523,2.073709,3.267217774469793
512.0,5.0,10.000955770648645,17.15077,11.811286,12.22672855179399
512.0,6.0,1.3209396992126292,2.591235,2.002755,3.546712480357974
512.0,12.0,-1.0685018775336346,0.251723,0.360741,1.1572709036117104
512.0,19.0,6.181920496063328,18.972361,7.75403,8.407693277208672
512.0,24.0,0.09004327193189787,5.24959,2.45666,2.315816053077243
512.0,25.0,-9.19712405103482,-16.56925,-6.977913,-6.971351269889475
512.0,29.0,-12.678885485047827,-9.938684,-9.813021,-10.453112703902482
513.0,2.0,1.035142584417521,3.436964,2.041383,3.069431574625618
513.0,5.0,9.863172455588762,8.234723,11.843523,11.897461445796859
513.0,6.0,1.3568970830504394,4.793447,1.986541,3.3911860732585364
513.0,12.0,-0.7849024719198604,-0.869091,0.319944,1.2493865182882367
513.0,24.0,0.8959806469196908,0.911955,2.450602,2.930269637127788
513.0,25.0,-8.424232309790918,-11.712179,-7.043394,-6.389943319582821
513.0,29.0,-12.690372889129149,-11.370509,-9.877415,-10.656083898921052
514.0,2.0,1.147928726709881,5.660636,2.001772,3.3455215790549877
514.0,5.0,9.93455997895659,13.629913,11.829537,12.132152831301697
514.0,6.0,1.424834284870026,1.029696,1.99874,3.6224271372151327
514.0,12.0,-0.8954013264747617,2.529521,0.256894,1.3021915258703451
514.0,19.0,6.060678462810022,15.206841,7.833217,8.258271315155127
514.0,24.0,0.1281356246847859,3.561091,2.378517,2.3257284770298927
514.0,25.0,-9.134342261616533,-2.775819,-7.112391,-6.936749409271426
514.0,29.0,-12.565231953615722,-5.587372,-9.958709,-10.367639101270615
515.0,2.0,1.1777124145773374,4.605681,1.838797,3.436067384024236
515.0,5.0,10.098871285368025,10.884983,11.743039,12.357226254814924
515.0,6.0,1.5003662535416042,2.403472,1.930161,3.7587212229885028
515.0,12.0,-0.862555767590342,0.871855,0.066896,1.3957992018565566
515.0,19.0,6.221258813751638,3.568449,7.843289,8.479613783198538
515.0,24.0,0.27760292188577196,0.657807,2.259485,2.5359578913326706
515.0,25.0,-9.180670927811825,-2.377129,-7.273901,-6.922315958364926
515.0,29.0,-12.708694245393659,-5.538541,-10.081066,-10.45033927594676
516.0,2.0,1.1084671511840618,3.481448,1.741462,3.220759954967283
516.0,5.0,10.139942846558602,8.569153,11.689424,12.252235650341824
516.0,6.0,1.4207945881058688,1.028246,1.879221,3.53308739188909
516.0,12.0,-0.9255422706569406,-1.807958,-0.039395,1.1867505331262809
516.0,19.0,6.21465862997696,9.265189,7.833061,8.326951433760183
516.0,24.0,0.4045983596965125,8.995765,2.204251,2.516891163479734
516.0,25.0,-9.204568953864024,-7.757911,-7.359395,-7.092276150080803
516.0,29.0,-12.719370621414194,-9.417822,-10.136747,-10.607077817630973
517.0,2.0,0.8553120624895801,3.171442,1.794642,2.759411362520874
517.0,5.0,9.910796734488388,12.482963,11.733826,11.81489603451968
517.0,6.0,1.18484302143482,0.202524,1.872118,3.0889423214661136
517.0,12.0,-0.938579322083129,0.475375,0.041328,0.9655199779481646
517.0,24.0,1.1756833083672547,5.024505,2.295504,3.0797826083985482
517.0,25.0,-8.4697317183939,-1.231069,-7.29043,-6.565632418362607
517.0,29.0,-12.772594077329453,-7.323962,-10.065056,-10.86849477729816
518.0,2.0,1.1292848536580227,1.06404,1.94054,3.28594676352677
518.0,5.0,10.024235128622427,11.315941,11.829133,12.180897038491175
518.0,6.0,1.4564152589141957,-3.278889,1.907003,3.613077168782943
518.0,12.0,-0.8696591850939016,-5.682036,0.229375,1.2870027247748457
518.0,19.0,6.14121534027188,11.145524,7.756316,8.297877250140626
518.0,24.0,0.24826041596063841,6.438469,2.45074,2.4049223258293857
518.0,25.0,-9.135912344165027,-5.812883,-7.132488,-6.979250434296279
518.0,29.0,-12.419638515433505,-11.223299,-9.929888,-10.262976605564758
519.0,2.0,1.1347134712300342,-0.505014,1.751429,3.1219774217667933
519.0,5.0,10.096184029831386,7.100522,11.710083,12.083447980368145
519.0,6.0,1.5067970863433766,-1.403223,1.820445,3.4940610368801357
519.0,12.0,-0.8816123796036203,-2.933982,0.015188,1.105651570933139
519.0,19.0,6.27984941652587,16.922842,7.746316,8.26711336706263
519.0,24.0,0.29929063419270363,5.131166,2.318954,2.286554584729463
519.0,25.0,-9.10645229435665,3.006328,-7.300063,-7.119188343819891
519.0,29.0,-12.445407220865826,-12.13063,-10.044263,-10.458143270329067
520.0,2.0,0.9877024068495358,3.793996,1.488063,2.815143312020158
520.0,5.0,9.936517952856258,9.987989,11.592703,11.76395885802688
520.0,6.0,1.3722525359810716,2.168612,1.712427,3.1996934411516937
520.0,12.0,-0.7991431935364856,-1.57863,-0.297862,1.0282977116341367
520.0,24.0,1.2398318741419319,8.540005,2.127561,3.067272779312554
520.0,25.0,-8.334211889699512,1.185045,-7.581658,-6.50677098452889
520.0,29.0,-12.672556473615579,-12.240551,-10.266631,-10.845115568444957
521.0,2.0,1.0558302871908927,3.905886,1.494872,2.948513373920914
521.0,5.0,10.258334439360507,12.289246,11.627223,12.151017526090527
521.0,6.0,1.4388379090993908,1.283727,1.711762,3.331520995829412
521.0,12.0,-0.9653582628002219,-0.534105,-0.289518,0.9273248239297994
521.0,19.0,6.446314943377074,4.769385,7.791994,8.338998030107096
521.0,24.0,0.5466851742154509,5.077702,2.147321,2.4393682609454723
521.0,25.0,-9.054354487453615,-5.736368,-7.593319,-7.161671400723594
521.0,29.0,-12.613097881910704,-8.696548,-10.283696,-10.720414795180684
522.0,2.0,1.1125679262518826,9.359998,1.498998,3.0263078089659174
522.0,5.0,10.179215161568349,14.542705,11.675374,12.092955044282384
522.0,6.0,1.4980745663752026,3.400157,1.720483,3.4118144490892375
522.0,12.0,-0.8870747587247064,3.087817,-0.292679,1.0266651239893285
522.0,19.0,6.410180791971018,13.299693,7.829984,8.323920674685052
522.0,24.0,0.4916153901242327,7.866927,2.152283,2.4053552728382677
522.0,25.0,-8.911970777461974,-2.545283,-7.62833,-6.998230894747939
522.0,29.0,-12.468723779914223,-7.881988,-10.332764,-10.554983897200188
523.0,2.0,0.957487900624331,-3.806634,1.456714,2.861028669579916
523.0,5.0,10.314432681587883,9.297265,11.726605,12.217973450543468
523.0,6.0,1.362984700807556,-2.011459,1.658524,3.266525469763141
523.0,12.0,-1.0079034864717569,-6.204446,-0.322857,0.8956372824838281
523.0,19.0,6.513625800127374,10.752773,7.806671,8.417166569082958
523.0,24.0,0.6745994178122404,-3.927189,2.2113,2.5781401867678255
523.0,25.0,-9.065328429020852,-8.607385,-7.68499,-7.161787660065267
523.0,29.0,-12.768603809352983,-11.723799,-10.36134,-10.865063040397398
524.0,2.0,0.9560543321359586,7.997119,1.543179,2.7568485949140173
524.0,5.0,10.308914807595771,14.224848,11.851518,12.10970907037383
524.0,6.0,1.3228924544296286,4.368258,1.62497,3.123686717207687
524.0,12.0,-1.033739628883188,3.431801,-0.186047,0.7670546338948707
524.0,19.0,6.3711477559682494,13.663334,7.739116,8.171942018746307
524.0,24.0,0.7522410388967716,5.640626,2.40721,2.5530353016748304
524.0,25.0,-9.003308105377767,6.462417,-7.593537,-7.202513842599709
524.0,29.0,-12.543514737159594,-9.039517,-10.257521,-10.742720474381535
525.0,2.0,1.0458188369663493,5.610468,1.739,2.9496995626785445
525.0,5.0,10.339054974879243,13.167484,11.998769,12.242935700591438
525.0,6.0,1.444042557068407,0.508196,1.748956,3.3479232827806022
525.0,12.0,-0.9091770223910062,0.648695,0.01621,0.9947037033211891
525.0,19.0,6.541876132886517,11.977561,7.818898,8.445756858598713
525.0,24.0,0.7419857871468086,5.125919,2.497536,2.645866512859004
525.0,25.0,-8.926955123854347,-7.281618,-7.465121,-7.0230743981421515
525.0,29.0,-12.635988161782564,-6.649532,-10.214345,-10.732107436070368
526.0,2.0,1.1085546830819029,4.495579,1.73929,2.8467423776836416
526.0,5.0,10.335598098686814,15.73324,12.084985,12.073785793288554
526.0,6.0,1.5503241402750447,0.91609,1.75451,3.2885118348767834
526.0,12.0,-0.846034013801159,4.247952,0.004481,0.8921536808005798
526.0,19.0,6.663202803315498,8.213688,7.87764,8.401390497917237
526.0,24.0,0.6768655635998168,7.833589,2.512399,2.4150532582015556
526.0,25.0,-8.824910975221263,-5.505267,-7.532525,-7.086723280619524
526.0,29.0,-12.503292998660354,-7.49114,-10.299784,-10.765105304058615
527.0,2.0,1.108497647056697,6.899532,1.744946,2.8693287584902114
527.0,5.0,10.322399809120574,15.074327,12.138775,12.083230920554088
527.0,6.0,1.5671899772778772,2.153321,1.785121,3.3280210887113917
527.0,12.0,-0.8807541042505634,0.545077,-0.010347,0.880077007182951
527.0,19.0,6.684993159501929,12.442414,7.951466,8.445824270935443
527.0,24.0,0.7148798541945619,7.480925,2.486059,2.4757109656280765
527.0,25.0,-8.784075241018092,-1.597617,-7.588458,-7.023244129584578
527.0,29.0,-12.547858530821648,-10.905688,-10.385324,-10.787027419388133
528.0,2.0,2.0503524470856167,4.376098,1.898446,2.1163033543210457
528.0,5.0,12.052084935799831,11.207621,12.23571,12.11803584303526
528.0,6.0,2.203314174511517,1.435205,1.903372,2.269265081746946
528.0,12.0,-0.21695332671235878,-0.589963,0.138206,-0.15100241947692977
528.0,24.0,2.9481178090693705,8.005156,2.51891,3.0140687163047994
528.0,25.0,-6.80003386445807,-7.611535,-7.492274,-6.734082957222641
528.0,29.0,-11.425313878997061,-9.4113,-10.367866,-11.359362971761632
528.0,31.0,-13.167627027321709,-11.708382,-12.774672,-13.10167612008628
529.0,2.0,0.9197812944669471,2.590541,1.994592,2.447475684758535
529.0,5.0,10.067460738008087,11.346202,12.356865,11.595155128299675
529.0,6.0,1.420031627551115,2.368467,1.940111,2.9477260178427027
529.0,12.0,-0.8604077670586677,-2.753316,0.247286,0.6672866232329201
529.0,24.0,1.4309732682105478,-0.505768,2.614551,2.9586676585021356
529.0,25.0,-8.085370539262962,-13.968799,-7.443289,-6.557676148971375
529.0,29.0,-12.48650544311384,-10.558659,-10.352555,-10.958811052822252
530.0,2.0,0.8581851834633295,3.231816,2.06331,2.56789596154075
530.0,5.0,10.387016965816844,10.209114,12.448967,12.096727743894265
530.0,6.0,1.3374333993227312,3.345225,1.983163,3.0471441774001518
530.0,12.0,-1.0987099807680787,-1.97529,0.314943,0.6110007973093419
530.0,19.0,6.672472396012988,0.537311,8.117693,8.382183174090407
530.0,24.0,0.8459014855212751,-2.133422,2.658033,2.5556122635986958
530.0,25.0,-8.924862792690806,-22.387399,-7.426882,-7.215152014613386
530.0,29.0,-12.732014808106015,-6.2015,-10.372864,-11.022304030028595
531.0,2.0,1.0221246876247116,8.11833,2.205126,2.5156696879059846
531.0,5.0,10.449604876324042,12.950528,12.565089,11.943149876605315
531.0,6.0,1.4949222018520976,6.200325,2.016292,2.9884672021333705
531.0,12.0,-0.9147758063067403,6.639034,0.495684,0.5787691939745326
531.0,19.0,6.717206614936546,8.9787,8.092912,8.21075161521782
531.0,24.0,0.9358058762071629,9.516687,2.815775,2.429350876488436
531.0,25.0,-8.713968373542686,-6.700466,-7.289616,-7.220423373261413
531.0,29.0,-12.431322362577303,-9.163271,-10.261133,-10.93777736229603
532.0,2.0,1.01571346543495,-1.552473,2.301126,2.5919749132300494
532.0,5.0,10.46283560708743,11.296594,12.662685,12.039097054882529
532.0,6.0,1.5073331189261223,-2.151159,2.021159,3.0835945667212217
532.0,12.0,-0.9224343232125626,-2.315104,0.627173,0.6538271245825368
532.0,19.0,6.758348526756013,13.406018,8.060004,8.334609974551112
532.0,24.0,0.9690754351955188,5.164263,2.955591,2.545336882990618
532.0,25.0,-8.693551929664816,-15.382555,-7.194589,-7.117290481869716
532.0,29.0,-12.459811518353375,-12.405101,-10.174962,-10.883550070558275
533.0,2.0,2.344193524714842,2.544219,2.327341,3.105427616906517
533.0,5.0,12.112939480171876,9.819677,12.74037,12.874173572363551
533.0,6.0,2.5340691280262364,1.490957,2.027236,3.2953032202179116
533.0,12.0,-0.05520056314927857,-0.245153,0.655442,0.7060335290423966
533.0,19.0,7.6786302233275245,10.046614,8.088445,8.4398643155192
533.0,24.0,2.3275728935147946,10.056533,3.000182,3.0888069857064697
533.0,25.0,-7.001915180993831,-11.756439,-7.209757,-6.240681088802155
533.0,29.0,-11.994546517943393,-6.892546,-10.20459,-11.233312425751718
533.0,31.0,-13.332285547534104,-77.343381,-13.064984,-12.57105145534243
534.0,2.0,1.1092378975000745,3.876474,2.344135,2.5857066902969477
534.0,5.0,10.525576090372278,7.900215,12.799202,12.002044883169152
534.0,6.0,1.6668148642083551,0.889407,2.017866,3.1432836570052283
534.0,12.0,-0.8259375306210811,-2.764957,0.681406,0.650531262175792
534.0,19.0,6.756174737456472,12.012085,8.0916,8.232643530253345
534.0,24.0,1.06343498029654,2.307664,3.052511,2.539903773093413
534.0,25.0,-8.670157409522849,-12.956078,-7.213724,-7.193688616725976
534.0,29.0,-12.266348322409778,-8.210701,-10.210885,-10.789879529612904
535.0,2.0,1.1600163183277896,1.144845,2.345194,2.5680298677325517
535.0,5.0,10.617361702325375,8.404603,12.841492,12.025375251730138
535.0,6.0,1.769514073312096,-0.744852,2.047366,3.177527622716858
535.0,12.0,-0.7768148922630208,-1.60348,0.661951,0.6311986571417413
535.0,19.0,6.889285183727968,7.54949,8.161836,8.297298733132731
535.0,24.0,1.1031045114369702,6.049885,3.019141,2.5111180608417323
535.0,25.0,-8.612469829455248,3.706549,-7.268045,-7.204456280050486
535.0,29.0,-12.27405485003607,-7.796587,-10.292998,-10.866041300631307
536.0,2.0,1.1747568908562327,2.201111,2.326882,2.5631310836701227
536.0,5.0,10.651189688837375,11.708189,12.83232,12.039563881651265
536.0,6.0,1.8006892160898396,2.047577,2.046664,3.1890634089037295
536.0,12.0,-0.702749786036387,-3.887497,0.638325,0.6856244067775029
536.0,19.0,7.032356831144566,7.173332,8.175219,8.420731023958457
536.0,24.0,1.16174897204412,-2.588155,2.995945,2.55012316485801
536.0,25.0,-8.522473527841987,-2.433184,-7.291301,-7.134099335028097
536.0,29.0,-12.261102800411042,-11.226086,-10.318211,-10.872728607597152
537.0,2.0,1.2207715242559338,3.45123,2.3169,2.5039046711019166
537.0,5.0,10.603993489433444,10.391309,12.751331,11.887126636279426
537.0,6.0,1.889188174934577,2.401252,2.099311,3.1723213217805597
537.0,12.0,-0.6883350210177418,0.896523,0.603476,0.594798125828241
537.0,19.0,6.777652193669279,8.286212,8.222126,8.060785340515261
537.0,24.0,1.1170013102317284,0.942395,2.880263,2.4001344570777112
537.0,25.0,-8.463833108823588,24.885107,-7.293786,-7.180699961977605
537.0,29.0,-12.089381789124888,-7.814661,-10.346941,-10.806248642278906
538.0,2.0,0.9673360268925596,-3.899656,2.20343,2.6218052183573004
538.0,5.0,10.50259038631895,8.665853,12.506462,12.157059577783691
538.0,6.0,1.524840108689565,-2.272793,2.09335,3.179309300154306
538.0,12.0,-0.5863033568228567,-6.870458,0.469245,1.068165834641884
538.0,24.0,0.8076915219721749,5.892018,2.684664,2.4621607134369157
538.0,29.0,-12.610699577468225,-15.64854,-10.332318,-10.956230386003483
539.0,2.0,0.9361587222371631,1.79491,2.045672,2.226659328210757
539.0,5.0,10.475011607677185,13.796407,12.282113,11.76551221365078
539.0,6.0,1.5255379750959692,1.007598,1.969485,2.816038581069563
539.0,12.0,-0.7463779883654161,-3.087691,0.338086,0.5441226176081776
539.0,24.0,2.0528909232812413,-4.081897,2.625293,3.343391529254835
539.0,25.0,-7.941982374632626,22.295564,-7.305736,-6.651481768659032
539.0,29.0,-12.57045980936015,-11.197131,-10.23493,-11.279959203386557
540.0,2.0,1.500457868715385,9.588253,2.080317,3.702460212179819
540.0,5.0,10.820348393212424,13.876098,12.307398,13.022350736676858
540.0,6.0,1.5323186233222028,4.595444,1.979274,3.734320966786637
540.0,12.0,-0.7127194148385928,3.650391,0.383321,1.4892829286258413
540.0,19.0,5.8844303037138905,10.752593,8.024367,8.086432647178324
540.0,24.0,-0.17550073508447117,5.426166,2.661168,2.026501608379963
540.0,29.0,-12.263151668881795,-6.817917,-10.207483,-10.061149325417361
541.0,2.0,1.572257328864163,1.983074,2.281479,3.5116755005875575
541.0,5.0,10.713213661751878,7.606061,12.399595,12.652631833475272
541.0,6.0,1.5775033403673975,-0.60698,2.006767,3.516921512090792
541.0,12.0,-0.6291702152223727,-2.971219,0.660053,1.3102479565010219
541.0,19.0,6.039378482711558,10.763077,7.916801,7.9787966544349525
541.0,24.0,0.01656490324735571,-0.766069,2.896109,1.9559830749707503
541.0,29.0,-12.169217886406193,-5.896,-9.953252,-10.229799714682798
542.0,2.0,1.612023131127878,6.209883,2.567994,3.428640099648179
542.0,5.0,9.973052389552567,12.029742,12.536284,11.789669358072867
542.0,6.0,1.6293781619583063,3.972156,2.096333,3.4459951304786074
542.0,12.0,-0.5940870575473057,-1.42098,1.021649,1.2225299109729955
542.0,19.0,6.2335435568484785,16.731451,7.844726,8.05016052536878
542.0,24.0,0.6856539221337375,0.932777,3.151641,2.5022708906540387
542.0,25.0,-7.697715503065761,-24.829927,-6.674558,-5.88109853454546
542.0,29.0,-11.818846870570626,-10.052966,-9.674947,-10.002229902050324
543.0,2.0,1.3563048498086623,1.969205,3.031042,3.520259607916204
543.0,5.0,10.222117257670513,10.21336,12.821006,12.386072015778055
543.0,6.0,1.4674114197984194,2.505038,2.327598,3.631366177905961
543.0,12.0,-0.6424764005561762,-1.2247,1.543598,1.5214783575513655
543.0,24.0,0.3502329166099444,-0.943888,3.443185,2.514187674717486
543.0,29.0,-12.533444858644682,-9.808831,-9.417939,-10.36949010053714
544.0,2.0,1.4273412837062702,0.481515,3.238077,3.6195902233218558
544.0,5.0,10.601734954774434,7.122323,12.935327,12.79398389439002
544.0,6.0,1.2528330512543198,-1.894017,2.325846,3.4450819908699053
544.0,12.0,-0.6722440408378231,-3.101214,1.844573,1.5200048987777626
544.0,19.0,5.500147685361631,16.685069,7.752475,7.692396624977216
544.0,24.0,0.1068958722756389,5.732379,3.737138,2.2991448118912245
544.0,29.0,-12.05660043836542,-8.97024,-9.126472,-9.864351498749834
545.0,2.0,1.261327337857372,5.693506,3.04425,3.326525165822275
545.0,5.0,10.7033354791304,13.773763,12.850482,12.768533307095304
545.0,6.0,1.0347336246665684,-0.039179,2.057162,3.0999314526314716
545.0,12.0,-0.8075692076774433,0.994906,1.730897,1.25762862028746
545.0,19.0,5.362809713719197,18.195593,7.483274,7.4280075416841
545.0,24.0,0.48841700216706296,3.009736,3.897583,2.5536148301319663
545.0,29.0,-12.054012750103619,-7.078194,-8.995334,-9.988814922138715
546.0,2.0,1.6121761094508225,2.258003,3.127128,3.881195618127461
546.0,5.0,9.644215493149991,11.129219,12.897341,11.91323500182663
546.0,6.0,1.4195747269779355,0.602837,2.026405,3.6885942356545742
546.0,12.0,-0.4964779523266475,1.027267,1.871224,1.7725415563499913
546.0,19.0,5.5711228777688335,16.517453,7.379115,7.840142386445472
546.0,24.0,0.9492028174823613,0.139092,4.063625,3.218222326159
546.0,25.0,-7.976420099510691,-3.715552,-5.878556,-5.707400590834053
546.0,29.0,-11.709116373687586,-8.012594,-8.832461,-9.440096865010947
547.0,2.0,1.6404876236436214,5.355438,3.043881,3.723686573327708
547.0,5.0,9.616264096631078,10.809245,12.56186,11.699463046315163
547.0,6.0,1.5490803421723882,4.656342,2.285666,3.6322792918564746
547.0,12.0,-0.5047210653935316,0.576557,1.629953,1.578477884290555
547.0,19.0,5.952470890218478,2.466013,7.676128,8.035669839902564
547.0,24.0,0.6905644685621145,-0.029801,3.462371,2.773763418246201
547.0,25.0,-8.02310893584772,-8.948201,-6.006904,-5.9399099861636335
547.0,29.0,-11.725306848508458,-9.869591,-9.095126,-9.64210789882437
548.0,2.0,1.4212111696381058,-0.855511,2.660494,3.758627896917356
548.0,5.0,9.667482151215825,8.734144,12.191425,12.004898878495077
548.0,6.0,1.4097108270637735,-0.461612,2.386694,3.747127554343024
548.0,12.0,-0.5712981367114393,-2.821726,1.03824,1.7661185905678112
548.0,24.0,0.0025602843890552007,0.915871,2.725118,2.3399770116683056
548.0,29.0,-12.124196377786845,-9.409127,-9.645552,-9.786779650507594
549.0,2.0,1.5280350136297418,0.763973,2.500296,3.1445760493269406
549.0,5.0,9.945830780762467,9.759632,12.078429,11.562371816459667
549.0,6.0,1.7820230138445243,4.778444,2.35399,3.398564049541723
549.0,12.0,-0.7153680600288032,-1.345302,0.83319,0.9011729756683956
549.0,19.0,6.594991541760671,5.141707,8.059611,8.21153257745787
549.0,24.0,0.7257123674818596,2.793795,2.547162,2.3422534031790585
549.0,25.0,-7.745241683809124,-8.301777,-6.671942,-6.128700648111925
549.0,29.0,-11.978736642081216,-12.228828,-9.795576,-10.362195606384017
550.0,2.0,1.2091763189605267,5.965234,2.496937,3.025273668889273
550.0,5.0,10.720307171684617,11.967352,12.297944,12.536404521613363
550.0,6.0,1.405595257622827,3.366335,2.189401,3.2216926075515735
550.0,12.0,-0.9683691041874624,2.549765,0.904825,0.8477282457412841
550.0,19.0,6.144200692574819,14.154648,7.933735,7.960298042503566
550.0,24.0,0.11229085630613767,7.787903,2.861483,1.9283882062348843
550.0,29.0,-12.375387496036693,-10.091912,-9.740758,-10.559290146107946
551.0,2.0,1.5787582604611492,2.125908,2.662919,3.324309952396983
551.0,5.0,10.159417875680852,14.501374,12.438368,11.904969567616686
551.0,6.0,1.6872548839862187,0.141307,2.165436,3.4328065759220525
551.0,12.0,-0.6399022392880155,0.307056,1.154604,1.1056494526478184
551.0,19.0,6.359125215592967,17.002116,7.809388,8.104676907528802
551.0,24.0,0.9751828056149091,-1.624253,3.145484,2.720734497550743
551.0,25.0,-7.822371878257511,-4.120185,-6.478061,-6.076820186321677
551.0,29.0,-12.049214790810783,-8.894528,-9.515398,-10.30366309887495
552.0,2.0,1.6166009357737643,2.744585,2.703585,3.5004695393540217
552.0,5.0,10.08788033573383,11.953016,12.403304,11.971748939314088
552.0,6.0,1.854347770432299,0.612971,2.112778,3.7382163740125565
552.0,12.0,-0.606623789469901,-1.420356,1.254858,1.2772448141103565
552.0,19.0,6.567114231545966,4.429117,7.666951,8.450982835126222
552.0,24.0,0.7220660341843884,0.284653,3.271832,2.605934637764646
552.0,25.0,-8.019280462587458,-25.13075,-6.330357,-6.135411859007201
552.0,29.0,-12.187692817457112,-8.676633,-9.3245,-10.303824213876855
553.0,2.0,1.6814155809891158,8.568625,2.657756,3.5817324766390346
553.0,5.0,9.69793012374169,15.31448,12.305015,11.598247019391609
553.0,6.0,1.9038786566972261,4.559756,2.101303,3.804195552347145
553.0,12.0,-0.40494980204672537,5.877748,1.20716,1.4953670936031935
553.0,24.0,1.3571156096115482,9.284175,3.20788,3.257432505261467
553.0,25.0,-7.274318045128883,4.608943,-6.326605,-5.374001149478964
553.0,29.0,-12.079807248507782,-8.294544,-9.3049,-10.179490352857863
554.0,2.0,1.705394319666552,-4.349179,2.57566,3.320890493898337
554.0,5.0,10.089850516254899,7.241663,12.238909,11.705346690486683
554.0,6.0,1.9680122989001,-1.244207,2.109492,3.583508473131885
554.0,12.0,-0.5836099930052036,-6.182755,1.088758,1.0318861812265814
554.0,19.0,6.646655218573555,-0.731603,7.699553,8.26215139280534
554.0,24.0,0.9719571243232917,3.347592,3.075633,2.5874532985550767
554.0,25.0,-7.722027023648745,-2.092957,-6.429183,-6.10653084941696
554.0,29.0,-12.068086712222447,-13.024923,-9.41352,-10.452590537990663
555.0,2.0,1.591435961726372,0.556253,2.505813,3.27854737496527
555.0,5.0,10.165943528733242,3.231284,12.14783,11.85305494197214
555.0,6.0,1.837373374073306,3.347178,2.136998,3.524484787312204
555.0,12.0,-0.6387656752350789,-4.033504,0.979873,1.0483457380038192
555.0,19.0,6.60729364800844,22.820367,7.762119,8.294405061247339
555.0,24.0,1.072447963579389,-1.474348,2.92173,2.759559376818287
555.0,25.0,-7.965192645351627,19.249019,-6.508726,-6.278081232112729
555.0,29.0,-12.20039190080838,-13.041442,-9.506874,-10.513280487569482
556.0,2.0,1.6344278436193287,3.41225,2.452733,3.22059199192849
556.0,5.0,10.141115901948355,13.066631,12.098801,11.727280050257516
556.0,6.0,1.888661417297607,-1.313901,2.132067,3.4748255656067686
556.0,12.0,-0.6105902261953632,1.672586,0.911118,0.9755739221137983
556.0,19.0,6.655545538077766,16.190366,7.781277,8.241709686386928
556.0,24.0,1.0410208821286693,7.816237,2.851181,2.627185030437831
556.0,25.0,-7.842608797811503,2.222016,-6.560631,-6.256444649502342
556.0,29.0,-12.128627140682786,-7.626687,-9.555429,-10.542462992373625
557.0,2.0,1.6142355669142985,-0.553182,2.379512,3.1873370219919765
557.0,5.0,10.179225704823391,7.118713,12.07849,11.75232715990107
557.0,6.0,1.8979235674176058,1.064059,2.118344,3.471025022495284
557.0,12.0,-0.6154473747926633,-4.847388,0.813957,0.9576540802850148
557.0,19.0,6.711101434842907,-10.947555,7.823734,8.284202889920586
557.0,24.0,1.0375909964606294,4.647743,2.776781,2.6106924515383074
557.0,25.0,-7.8287778243345665,-7.842034,-6.661975,-6.255676369256888
557.0,29.0,-12.19800826032316,-12.55912,-9.654045,-10.624906805245482
558.0,2.0,1.6103135018335912,3.082201,2.275141,3.167421294952069
558.0,5.0,10.187288677874065,11.157048,12.063176,11.744396470992543
558.0,6.0,1.8766645484760334,0.808584,2.072327,3.433772341594511
558.0,12.0,-0.6128649274361547,0.994132,0.689218,0.9442428656823231
558.0,19.0,6.692727653215651,10.259007,7.850458,8.249835446334128
558.0,24.0,1.084821492724469,8.592718,2.715777,2.641929285842947
558.0,25.0,-7.954257453950722,-17.163107,-6.793578,-6.397149660832244
558.0,29.0,-12.141057802152352,-8.839439,-9.765441,-10.583950009033874
559.0,2.0,1.572296571043175,0.906786,2.150428,3.2526033040013225
559.0,5.0,10.151187973430835,8.780737,11.992557,11.831494706388982
559.0,6.0,1.7756082222596925,-0.742089,1.97505,3.45591495521784
559.0,12.0,-0.6178919600827736,-2.544928,0.572188,1.062414772875374
559.0,19.0,6.514606532658751,-1.019317,7.786248,8.194913265616897
559.0,24.0,1.1189929680802138,3.271707,2.696046,2.799299701038361
559.0,25.0,-7.9651907689485055,4.071234,-6.874195,-6.284884035990358
559.0,29.0,-12.086216013277275,-8.64295,-9.785397,-10.405909280319127
560.0,2.0,1.5128599515574308,2.475673,2.128097,3.350275289617592
560.0,5.0,9.86583088266393,12.131299,11.947142,11.703246220724091
560.0,6.0,1.712645096190438,2.324499,1.898439,3.5500604342505993
560.0,12.0,-0.4762919380485463,2.081353,0.593563,1.361123400011615
560.0,24.0,1.5902610931261645,8.756921,2.778563,3.4276764311863257
560.0,25.0,-7.497369947074703,41.278799,-6.80961,-5.659954609014542
560.0,29.0,-12.195896765062953,-11.071322,-9.666809,-10.358481427002792
561.0,2.0,1.313486939002991,-1.83538,2.264566,2.9975591860377593
561.0,5.0,9.73390167163213,6.783035,11.849961,11.417973918666899
561.0,6.0,1.462414609390394,-3.132182,1.925348,3.1464868564251622
561.0,12.0,-0.680381814309528,-5.254637,0.796358,1.0036904327252403
561.0,24.0,1.3489545725939562,8.040169,2.882717,3.0330268196287244
561.0,25.0,-7.619071747010019,-8.190486,-6.516357,-5.934999499975251
561.0,29.0,-11.9940023729888,-10.061367,-9.363756,-10.309930125954033
562.0,2.0,1.152922480525711,7.271268,2.31861,3.066172767209453
562.0,5.0,10.400313624765527,14.856734,11.658545,12.313563911449268
562.0,6.0,1.1356951928552963,4.490867,1.943333,3.0489454795390385
562.0,12.0,-0.9363330877674257,3.759097,0.891778,0.9769171989163165
562.0,19.0,5.481899379856034,4.969244,7.376723,7.395149666539776
562.0,24.0,0.23409777519182728,4.144674,2.873016,2.1473480618755696
562.0,29.0,-12.018550083260322,-8.422014,-9.118008,-10.105299796576581
563.0,2.0,1.2622955538164566,4.680778,2.168411,3.310290390090329
563.0,5.0,9.265622335452829,13.377387,11.581435,11.313617171726701
563.0,6.0,1.3271055479106062,0.890279,1.808187,3.3751003841844787
563.0,12.0,-0.6395622369414681,3.805005,0.760504,1.4084325993324045
563.0,24.0,1.068417588222137,15.333667,2.879626,3.1164124244960094
563.0,25.0,-7.345175897722495,11.397955,-6.379194,-5.297181061448622
563.0,29.0,-11.765805597280727,-8.028039,-9.121051,-9.717810761006854
564.0,2.0,1.290049733098943,-0.286853,2.152996,3.3598657512160868
564.0,5.0,9.269679764374978,8.295278,11.555121,11.339495782492122
564.0,6.0,1.3980613680125815,-1.820605,1.75524,3.467877386129725
564.0,12.0,-0.5780194539080316,-3.678266,0.775331,1.4917965642091122
564.0,24.0,0.9743871196369377,6.098512,2.938252,3.0442031377540815
564.0,25.0,-7.4667343641811845,-2.697597,-6.33779,-5.396918346064041
564.0,29.0,-11.811033574019874,-8.864123,-9.043604,-9.741217555902729
565.0,2.0,1.2171315913459182,-5.164855,2.262645,3.5492942394466755
565.0,5.0,9.580191076215067,7.195819,11.588381,11.912353724315825
565.0,6.0,1.3061416438276634,-3.208629,1.788732,3.6383042919284208
565.0,12.0,-0.6580763686787591,-6.34861,0.917947,1.6740862794219984
565.0,24.0,0.06402996800499128,4.007954,3.032212,2.3961926161057487
565.0,29.0,-12.128409157576693,-11.627488,-8.918521,-9.796246509475935
566.0,2.0,1.2306479685423524,2.016535,2.322865,3.528580326493068
566.0,5.0,9.530939054121683,10.218082,11.577779,11.828871412072399
566.0,6.0,1.3708882768133765,-0.318751,1.813141,3.668820634764092
566.0,12.0,-0.65647886828992,-0.904338,0.996956,1.6414534896607957
566.0,24.0,-0.03202859638056499,8.952516,3.067156,2.2659037615701507
566.0,29.0,-12.11898719095216,-8.686438,-8.833317,-9.821054833001444
567.0,2.0,0.973126488416291,1.636474,2.331531,3.2893874816112936
567.0,5.0,9.386077494128187,10.058858,11.537126,11.702338487323189
567.0,6.0,1.065433260468768,2.839453,1.826044,3.3816942536637704
567.0,12.0,-0.8690517722849364,1.129437,1.008991,1.4472092209100662
567.0,24.0,-0.13537722652564554,0.77004,3.047907,2.180883766669357
567.0,29.0,-12.045411179686987,-9.471435,-8.800612,-9.729150186491985
568.0,2.0,1.2724457601650778,1.731044,2.326822,3.2131776064326543
568.0,5.0,10.129099223314546,8.170498,11.499383,12.069831069582122
568.0,6.0,1.5047625231547332,-0.981743,1.79737,3.4454943694223097
568.0,12.0,-0.618641354039971,-0.910099,1.026273,1.3220904922276056
568.0,24.0,0.5488088996734025,8.818819,3.078454,2.489540745940979
568.0,29.0,-12.38565819364614,-7.069915,-8.730683,-10.444926347378564
569.0,2.0,1.360399986394249,6.960069,2.378465,2.8651959643050606
569.0,5.0,10.146318798705206,12.10124,11.497472,11.651114776616017
569.0,6.0,1.624355119365708,2.503351,1.84638,3.1291510972765195
569.0,12.0,-0.7285171848738071,4.175453,1.07605,0.7762787930370044
569.0,19.0,6.115648340385264,13.095892,7.079113,7.620444318296076
569.0,24.0,1.0884707662334563,6.972104,3.065936,2.593266744144268
569.0,25.0,-7.78985663573208,-15.357307,-5.966206,-6.285060657821268
569.0,29.0,-11.819186896717946,-5.014882,-8.708003,-10.314390918807135
570.0,2.0,1.2419204217342994,0.985649,2.39947,3.0882929410898994
570.0,5.0,10.5858400174136,9.154079,11.497479,12.4322125367692
570.0,6.0,1.5722766771350178,-2.165748,1.902681,3.418649196490618
570.0,12.0,-0.8353872544788096,-4.357615,1.074899,1.0109852648767905
570.0,19.0,5.947326952196087,11.942261,7.146389,7.793699471551687
570.0,24.0,0.008684944742197831,9.351383,3.004068,1.855057464097798
570.0,29.0,-12.135462160504813,-10.800867,-8.756403,-10.289089641149214
571.0,2.0,1.447381957018206,4.520031,2.328978,2.823774161897923
571.0,5.0,10.329373384872206,11.078682,11.497299,11.705765589751923
571.0,6.0,1.8758573211950393,0.307771,1.889092,3.252249526074756
571.0,12.0,-0.6389650931725265,-0.109193,0.979241,0.7374271117071903
571.0,19.0,6.474960308558658,18.897656,7.197876,7.851352513438375
571.0,24.0,1.0669539704691848,9.253452,2.938382,2.4433461753489016
571.0,25.0,-7.878036017806838,-2.722608,-6.08958,-6.501643812927121
571.0,29.0,-11.919615531026922,-9.86144,-8.868222,-10.543223326147206
572.0,2.0,1.1581572937872435,4.272968,2.274933,2.9120185448210822
572.0,5.0,10.89134681469886,10.142926,11.524481,12.6452080657327
572.0,6.0,1.5135286493481974,1.965156,1.834961,3.267389900382036
572.0,12.0,-0.884767470504297,-1.752999,0.930293,0.8690937805295417
572.0,19.0,6.2062257003997,5.311909,7.185285,7.960086951433539
572.0,24.0,0.4010074616026048,4.870464,2.964594,2.1548687126364436
572.0,29.0,-12.367451588305306,-9.291693,-8.909991,-10.613590337271468
573.0,2.0,1.1147873193260374,9.005427,2.343801,2.791640977649334
573.0,5.0,10.806586332519876,14.703924,11.591524,12.483439990843173
573.0,6.0,1.515883120269363,3.907229,1.817108,3.1927367785926597
573.0,12.0,-0.8571738883762859,6.922227,1.039373,0.8196797699470108
573.0,19.0,6.026441849232156,19.891326,7.12704,7.703295507555453
573.0,24.0,0.34735264079093564,8.079974,3.097411,2.0242062991142324
573.0,29.0,-12.204513030876702,-7.91658,-8.811841,-10.527659372553405
574.0,2.0,1.3678603544665178,2.349784,2.416065,2.71283376713255
574.0,5.0,10.275166996527107,12.616329,11.607642,11.620140409193139
574.0,6.0,1.824660946955352,2.978739,1.857689,3.1696343596213845
574.0,12.0,-0.6855123295458184,0.809105,1.123313,0.659461083120214
574.0,19.0,6.420847394531221,6.466072,7.126945,7.765820807197254
574.0,24.0,1.232319092139532,5.192862,3.128632,2.5772925048055644
574.0,25.0,-7.77200606798315,25.158822,-5.982652,-6.4270326553171175
574.0,29.0,-11.893515266982075,-11.91576,-8.753094,-10.548541854316042
575.0,2.0,1.2060380978137424,-2.637481,2.527491,2.7389391234121154
575.0,5.0,10.84411116687064,6.51211,11.607691,12.377012192469014
575.0,6.0,1.718715447922909,0.158201,1.985682,3.251616473521282
575.0,12.0,-0.7844260563953319,-3.370089,1.213861,0.7484749692030411
575.0,19.0,6.272636677346832,1.989475,7.213777,7.805537702945205
575.0,24.0,0.3124923861429928,-0.22906,3.066217,1.845393411741366
575.0,29.0,-12.243325045528907,-9.434403,-8.742727,-10.710424019930535
576.0,2.0,1.4696561828844041,-1.609631,2.633045,2.6105419569531207
576.0,5.0,10.509882524636074,7.151377,11.733313,11.65076829870479
576.0,6.0,2.0504459664092156,1.515551,2.023471,3.191331740477932
576.0,12.0,-0.5303913743985965,-1.238057,1.336855,0.6104943996701201
576.0,19.0,6.723504925505983,19.127689,7.238589,7.8643906995747
576.0,24.0,1.3482637948247636,2.427354,3.172101,2.48914956889348
576.0,25.0,-7.950025493660559,-5.411743,-5.834509,-6.809139719591842
576.0,29.0,-12.00671815202754,-12.205317,-8.714833,-10.865832377958824
577.0,2.0,2.939391757129812,0.157695,2.760146,3.352700179982964
577.0,5.0,12.28641906004624,9.992031,11.856172,12.699727482899393
577.0,6.0,2.9590232818487383,0.312543,2.08894,3.3723317047018906
577.0,12.0,0.3902988623896916,-1.105074,1.475489,0.8036072852428439
577.0,19.0,7.595150356888914,11.84533,7.282962,8.008458779742067
577.0,24.0,2.8308844434736846,2.206133,3.260325,3.244192866326837
577.0,25.0,-6.413405798039499,-9.155,-5.755974,-6.000097375186347
577.0,29.0,-11.648998554536618,-7.885932,-8.687025,-11.235690131683466
577.0,31.0,-12.536447543058005,-57.423976,-11.777157,-12.123139120204852
578.0,2.0,1.2837976909856614,-2.387079,2.811816,2.7668130373328195
578.0,5.0,10.793063773959984,2.825755,11.906064,12.276079120307141
578.0,6.0,1.9176799682801917,-3.959477,2.132849,3.4006953146273498
578.0,12.0,-0.6582259778309228,-6.784547,1.522396,0.8247893685162352
578.0,19.0,6.431605191265534,13.784998,7.328485,7.914620537612692
578.0,24.0,0.21413765074248114,4.710261,3.269326,1.6971529970896393
578.0,29.0,-12.214687070050521,-10.055775,-8.702685,-10.731671723703364
579.0,2.0,1.2320752055321442,2.200203,2.857208,2.5597271129340546
579.0,5.0,10.971699550850504,9.945724,11.941354,12.299351458252413
579.0,6.0,1.8825377190478676,1.564262,2.205211,3.210189626449778
579.0,12.0,-0.7230294723095892,-2.649499,1.543858,0.6046224350923212
579.0,19.0,6.521750447087373,10.827384,7.416264,7.849402354489284
579.0,24.0,0.44005531151605026,3.643125,3.221649,1.7677072189179608
579.0,29.0,-12.307494116539319,-11.843361,-8.761671,-10.97984220913741
580.0,2.0,1.3287959936740252,4.392994,2.86314,2.7079463870598826
580.0,5.0,10.860620122234636,14.94264,11.924468,12.239770515620492
580.0,6.0,2.0430755394219657,2.873252,2.269232,3.422225932807823
580.0,12.0,-0.6438884724361299,3.563992,1.517095,0.7352619209497274
580.0,19.0,6.614510734246176,13.80288,7.501123,7.993661127632033
580.0,24.0,0.24424690688459794,2.131899,3.124221,1.6233973002704554
580.0,29.0,-12.237560444014063,-9.197878,-8.835436,-10.858410050628205
581.0,2.0,1.4079435302321643,1.043747,2.913249,2.6587729301398415
581.0,5.0,10.91044938332621,9.891433,11.926436,12.161278783233886
581.0,6.0,2.2008971480673933,0.096309,2.363902,3.4517265479750705
581.0,12.0,-0.6158034813501106,-1.118896,1.535621,0.6350259185575665
581.0,19.0,6.725905812024654,12.12824,7.59957,7.976735211932331
581.0,24.0,0.27243518104892217,8.146852,3.038341,1.5232645809565994
581.0,29.0,-12.267778216672435,-11.003967,-8.890509,-11.016948816764756
582.0,2.0,1.4880960968449282,0.993176,3.023065,2.6078616219910398
582.0,5.0,10.825354296794243,10.411651,11.993322,11.945119821940356
582.0,6.0,2.4159580117619974,-1.883775,2.460445,3.535723536908109
582.0,12.0,-0.5831410802178906,-3.342673,1.635421,0.536624444928221
582.0,19.0,6.779133953649879,11.543233,7.677591,7.8988994787959905
582.0,24.0,0.17021447380141275,-3.683046,3.040969,1.2899799989475245
582.0,29.0,-12.228764961145801,-6.747547,-8.893756,-11.108999435999689
583.0,2.0,1.4772684307933854,0.168439,3.080602,2.8335553702114984
583.0,5.0,10.299778728505386,7.964003,12.027177,11.6560656679235
583.0,6.0,2.502985509002551,-0.553242,2.562944,3.859272448420664
583.0,12.0,-0.4491810209730148,-3.288947,1.656535,0.9071059184450981
583.0,24.0,0.09830974365613876,-6.769474,2.960328,1.4545966830742518
583.0,29.0,-12.395652590156663,-5.853467,-8.975605,-11.03936565073855
584.0,2.0,1.926191753840631,2.004158,3.215628,2.6449663412715188
584.0,5.0,10.31923620069052,12.218551,12.058148,11.038010788121408
584.0,6.0,3.1720093652613066,2.664922,2.768066,3.8907839526921943
584.0,12.0,-0.3266307006760353,2.835432,1.730842,0.39214388675485246
584.0,19.0,7.6395206298494855,3.403739,7.999624,8.358295217280373
584.0,24.0,0.5989952227970637,6.501319,2.813123,1.3177698102279516
584.0,25.0,-7.5255106584097105,-18.974865,-5.692845,-6.806736070978823
584.0,29.0,-11.982932743548826,-8.774958,-9.068886,-11.264158156117938
585.0,2.0,2.040511574294758,-6.402429,3.370383,2.8511604779032957
585.0,5.0,10.385966959709057,2.020464,12.091645,11.196615863317595
585.0,6.0,3.357669955085439,-8.478966,2.942075,4.1683188586939774
585.0,12.0,-0.22571857975024578,-11.932427,1.853925,0.584930323858292
585.0,19.0,8.222997927272996,59.985891,8.133099,9.033646830881533
585.0,24.0,0.43126769318470337,-8.925127,2.740254,1.2419165967932413
585.0,25.0,-7.559329103988593,-18.762836,-5.596505,-6.748680200380055
585.0,29.0,-12.172936131668767,-17.227481,-9.078334,-11.362287228060229
586.0,2.0,3.7428178252610937,7.427936,3.449949,3.023905567704581
586.0,5.0,12.091875240918187,15.83618,12.117482,11.372962983361674
586.0,6.0,4.763738353605021,5.096173,3.0167,4.044826096048508
586.0,12.0,0.9664018994037588,3.115922,1.926447,0.2474896418472462
586.0,24.0,2.238689535921921,5.440953,2.728848,1.5197772783654084
586.0,25.0,-5.476293802058643,-3.050483,-5.53908,-6.195206059615155
586.0,29.0,-11.423092946478707,-4.495175,-9.067574,-12.14200520403522
586.0,31.0,-11.402386924220991,-34.607378,-11.727027,-12.121299181777504
587.0,2.0,3.390488576350325,1.83844,3.608811,2.331745516129774
587.0,5.0,12.009575625187308,9.761861,12.083263,10.950832564966756
587.0,6.0,4.530852040954735,-2.348902,3.24711,3.472108980734184
587.0,12.0,0.5614847645077069,-2.388197,2.028271,-0.4972582957128441
587.0,24.0,2.2432753897056434,8.574848,2.553882,1.1845323294850925
587.0,25.0,-5.809324211043684,-10.556112,-5.436225,-6.868067271264235
587.0,29.0,-11.377053561783503,-9.098898,-9.096719,-12.435796622004055
587.0,31.0,-11.316132958329021,-3.8342,-11.611089,-12.374876018549571
588.0,2.0,2.0683383493454928,-5.060903,3.750479,2.8543549844621143
588.0,5.0,9.750475822797293,2.158917,12.100392,10.536492457913916
588.0,6.0,3.3753824778665216,-4.122239,3.388243,4.161399112983143
588.0,12.0,-0.21011771124169176,-9.374185,2.153869,0.5758989238749298
588.0,24.0,0.14834759939973885,38.422294,2.512148,0.9343642345163604
588.0,25.0,-6.7394303198064565,-16.823859,-5.32143,-5.953413684689835
588.0,29.0,-11.981645298789548,-22.324994,-9.064667,-11.195628663672927
589.0,2.0,2.0312520943221966,6.372467,3.887434,2.443633080081347
589.0,5.0,9.889348104377158,11.998935,12.145137,10.301729090136309
589.0,6.0,3.609432298326904,2.036847,3.510759,4.021813284086054
589.0,12.0,-0.2507403019544895,-0.330583,2.28078,0.161640683804661
589.0,24.0,0.08081510816012372,1.24595,2.501221,0.4931960939192742
589.0,25.0,-6.670438280230228,-6.463724,-5.218667,-6.258057294471078
589.0,29.0,-12.011630277494918,-7.250014,-9.037136,-11.599249291735767
590.0,2.0,2.1894802514430545,6.53632,3.98942,2.718288898011841
590.0,5.0,9.834110280556422,13.875491,12.128248,10.362918927125207
590.0,6.0,3.8207043085733403,5.176088,3.62458,4.349512955142127
590.0,12.0,-0.07518935088815504,2.632738,2.367422,0.45361929568063164
590.0,24.0,-0.09189193761247261,8.844673,2.444181,0.43691670895631407
590.0,25.0,-6.552739824850169,-1.576888,-5.124939,-6.023931178281383
590.0,29.0,-12.022323915982795,-17.164768,-9.006846,-11.493515269414008
591.0,2.0,2.3302874941460683,4.623977,3.983273,3.1241339121669878
591.0,5.0,9.684872653844714,13.649462,12.007546,10.478719071865633
591.0,6.0,4.000637438159743,3.110916,3.705489,4.794483856180663
591.0,12.0,0.10284696639742197,2.97929,2.323379,0.8966933844183415
591.0,24.0,-0.22526162460313437,0.794274,2.277244,0.5685847934177851
591.0,25.0,-6.412353623586273,-3.493698,-5.118072,-5.618507205565353
591.0,29.0,-11.970084220512533,-8.174959,-9.036564,-11.176237802491613
592.0,2.0,1.790978805716903,4.33562,3.734503,2.7792452852169633
592.0,5.0,8.122287906791165,8.118337,11.732604,9.110554386291225
592.0,6.0,3.6912553191885062,3.70177,3.656912,4.679521798688567
592.0,12.0,-0.22499504192840203,2.896951,2.01187,0.7632714375716584
592.0,24.0,-1.813994509654389,0.837322,1.972707,-0.8257280301543286
592.0,25.0,-6.043503277760901,-3.477605,-5.314075,-5.05523679826084
592.0,29.0,-11.25985915295203,-3.640257,-9.184504,-10.27159267345197
593.0,2.0,1.5683675478641854,-10.428584,3.586462,3.136984407462811
593.0,5.0,9.183713637541187,-1.134508,10.992864,10.752330497139813
593.0,6.0,3.2759203986116665,-0.634357,4.437543,4.844537258210292
593.0,12.0,-1.0827218585081972,-9.823639,1.387025,0.4858950010904284
593.0,19.0,8.571700382710473,18.330097,9.611719,10.140317242309099
593.0,25.0,-8.465804336021717,-9.806584,-5.737005,-6.897187476423092
593.0,29.0,-12.816028064597395,-15.763906,-10.022766,-11.24741120499877
594.0,2.0,2.356063336188031,11.067413,3.72761,4.001376451768393
594.0,5.0,9.927932977183108,12.102196,10.748688,11.573246092763469
594.0,6.0,3.9786884116859174,5.107009,4.547451,5.624001527266279
594.0,12.0,-0.07747509263137087,7.750236,1.56041,1.5678380229489912
594.0,19.0,8.816710675799248,25.644231,9.498262,10.462023791379611
594.0,24.0,-1.5280600273414695,3.810492,0.29687,0.11725308823889247
594.0,25.0,-8.379692617381405,-5.972486,-5.401823,-6.734379501801043
594.0,29.0,-12.968858852504612,-6.168248,-9.708113,-11.323545736924249
595.0,2.0,2.593200415177235,6.058444,3.615,4.353043564636882
595.0,5.0,9.782992692982965,9.985222,10.633608,11.542835842442612
595.0,6.0,4.3338406791194,6.357335,4.201574,6.093683828579047
595.0,12.0,0.3319297305902146,6.03898,1.621289,2.091772880049861
595.0,19.0,9.52035084017289,8.842828,9.008941,11.280193989632536
595.0,24.0,-1.714337232656348,-0.195487,0.673579,0.04550591680329852
595.0,25.0,-7.964491421410766,-4.503105,-5.203517,-6.204648271951119
595.0,29.0,-12.934458857055832,-5.101253,-9.276296,-11.174615707596185
596.0,2.0,2.9351656328558438,2.609985,3.567458,3.2113425548525236
596.0,5.0,11.133535692113863,10.382786,10.544174,11.409712614110543
596.0,6.0,4.719538221763291,3.378381,4.271905,4.995715143759972
596.0,12.0,0.1371467596778605,0.555081,1.517272,0.4133236816745404
596.0,19.0,10.104945936037735,5.036057,9.11581,10.381122858034415
596.0,24.0,-0.5138629569571372,1.161671,0.480255,-0.23768603496045732
596.0,25.0,-6.8673943399901995,-9.55349,-5.284881,-6.591217417993519
596.0,29.0,-12.109634796116094,-8.549676,-9.395878,-11.833457874119414
596.0,31.0,-11.758053727046944,-17.845977,-10.065988,-11.481876805050264
597.0,2.0,2.688340423140649,-0.051587,3.522786,4.45430238589722
597.0,5.0,9.708625027509784,5.820121,10.428157,11.474586990266356
597.0,6.0,4.533018474693197,1.077284,4.324373,6.298980437449768
597.0,12.0,0.3628955185275008,-2.280661,1.43168,2.128857481284072
597.0,19.0,9.603939458983772,9.478859,9.176541,11.369901421740344
597.0,24.0,-1.8471315477396795,0.812519,0.311653,-0.08116958498310822
597.0,25.0,-8.010696700747724,-7.43836,-5.325319,-6.244734737991153
597.0,29.0,-13.023776453285233,-10.29862,-9.458202,-11.257814490528663
598.0,2.0,2.827840799308891,4.217772,3.49551,4.53221124313401
598.0,5.0,9.618503016282173,6.019678,10.331669,11.322873460107292
598.0,6.0,4.803136337650451,3.789286,4.381115,6.50750678147557
598.0,12.0,0.5210611659231209,2.723865,1.367378,2.22543160974824
598.0,19.0,9.804287074888027,8.548652,9.237472,11.508657518713147
598.0,24.0,-1.9717599651957656,5.402017,0.16307,-0.26738952137064675
598.0,25.0,-7.84658640581353,-6.162565,-5.352986,-6.142215961988411
598.0,29.0,-12.985250839472892,-7.911539,-9.511797,-11.280880395647774
599.0,2.0,2.8826898151218474,5.320155,3.504999,4.448883640986744
599.0,5.0,9.643791479175128,14.075815,10.251555,11.209985305040025
599.0,6.0,4.916844785187067,4.494199,4.475475,6.483038611051963
599.0,12.0,0.5374363179183222,1.629992,1.333071,2.103630143783219
599.0,19.0,9.889328051353488,8.654593,9.328906,11.455521877218384
599.0,24.0,-2.027857581614338,-7.145149,0.004982,-0.4616637557494414
599.0,25.0,-7.7260601593571545,-5.299885,-5.361084,-6.159866333492258
599.0,29.0,-12.836380623920183,-7.548616,-9.569339,-11.270186798055287
600.0,2.0,2.8976266971266087,0.706289,3.534831,4.526816955615404
600.0,5.0,9.670834190345197,13.297726,10.212826,11.300024448833991
600.0,6.0,4.889954512036239,1.125352,4.568059,6.519144770525034
600.0,12.0,0.4920183912169608,-2.454935,1.325841,2.121208649705756
600.0,19.0,9.804128157003339,12.575107,9.420785,11.433318415492135
600.0,24.0,-2.030871816519717,-8.824332,-0.114085,-0.40168155803092187
600.0,25.0,-7.855792932640651,-11.307102,-5.361777,-6.226602674151856
600.0,29.0,-12.974452806193542,-12.360258,-9.622706,-11.345262547704746
601.0,2.0,2.9473027070164672,5.041349,3.575853,4.352456901027731
601.0,5.0,9.659718162570563,11.46134,10.192589,11.064872356581827
601.0,6.0,5.020695489062301,5.433047,4.626504,6.425849683073564
601.0,12.0,0.5238849905612416,4.270123,1.354741,1.9290391845725052
601.0,19.0,9.749525954713452,6.514831,9.458828,11.154680148724715
601.0,24.0,-2.0165224548440905,-8.629387,-0.160459,-0.611368260832827
601.0,25.0,-7.761498281063704,-5.58127,-5.325144,-6.356344087052441
601.0,29.0,-12.823767873259696,-5.254111,-9.618023,-11.418613679248432
602.0,2.0,3.0049324840919214,-0.177341,3.651399,4.428323615029895
602.0,5.0,9.702091762437632,18.522058,10.177609,11.125482893375606
602.0,6.0,5.118765369490333,2.541794,4.711007,6.542156500428307
602.0,12.0,0.5914328055262964,0.22785,1.418768,2.0148239364642704
602.0,19.0,10.015823062108083,11.042721,9.50523,11.439214193046057
602.0,24.0,-2.111307144442308,-3.675129,-0.203874,-0.6879160135043341
602.0,25.0,-7.800640293744329,-5.536509,-5.254196,-6.377249162806355
602.0,29.0,-12.989598192399699,-10.902272,-9.593436,-11.566207061461725
603.0,2.0,3.8410738975613197,8.474768,3.730294,5.838952432606414
603.0,5.0,9.637619272773263,11.204105,10.15045,11.635497807818357
603.0,6.0,5.413208516998859,8.118351,4.814072,7.411087052043953
603.0,12.0,1.241011065584015,5.827235,1.477541,3.2388896006291095
603.0,19.0,9.214590999047717,9.481436,9.570015,11.212469534092811
603.0,24.0,-3.2807783021822274,-8.00651,-0.27576,-1.282899767137133
603.0,25.0,-7.391361091875541,-1.894078,-5.185107,-5.393482556830446
603.0,29.0,-12.645248129998864,-5.669021,-9.580606,-10.64736959495377
604.0,2.0,3.855347129049052,8.80038,3.845174,5.647902908452805
604.0,5.0,9.815881164814394,-16.425906,10.137915,11.608436944218147
604.0,6.0,5.539606411708818,7.732145,4.947851,7.3321621911125705
604.0,12.0,1.212447066116682,5.521557,1.569663,3.0050028455204343
604.0,19.0,9.250941914820771,7.225526,9.654328,11.043497694224524
604.0,24.0,-3.3213872108006908,2.749774,-0.347771,-1.5288314313969384
604.0,25.0,-7.344731339473223,0.53069,-5.090228,-5.552175560069471
604.0,29.0,-12.634979591271149,-4.513279,-9.560777,-10.842423811867397
605.0,2.0,3.873833250356301,8.563609,4.070829,5.56510041268772
605.0,5.0,9.622282149064977,1.044034,10.226622,11.313549311396397
605.0,6.0,5.610492765653871,4.266391,5.147986,7.30175992798529
605.0,12.0,1.2287894668637191,7.384437,1.775954,2.9200566291951384
605.0,19.0,9.271165454900446,11.318715,9.787544,10.962432617231865
605.0,24.0,-3.3781256502485775,3.547513,-0.360561,-1.6868584879171582
605.0,25.0,-7.279210238001565,-3.051126,-4.931837,-5.587943075670146
605.0,29.0,-12.578853475159859,-5.602908,-9.525791,-10.88758631282844
606.0,2.0,3.9016370773948257,6.60497,4.104108,5.915084682401979
606.0,5.0,9.433414974563691,5.111572,10.277538,11.446862579570844
606.0,6.0,5.739837661524721,2.825956,5.193379,7.753285266531874
606.0,12.0,1.3248362595805272,2.161913,1.79331,3.3382838645876802
606.0,19.0,9.57035568099459,8.861975,9.854371,11.583803286001743
606.0,24.0,-3.6364130036001763,2.503092,-0.377085,-1.6229653985930232
606.0,25.0,-7.139411820882828,-5.089626,-4.949808,-5.125964215875675
606.0,29.0,-12.51992641989172,-7.959711,-9.579132,-10.506478814884566
607.0,2.0,3.8791236990449507,13.31003,4.062077,5.848776423980952
607.0,5.0,9.362212699711296,9.822915,10.191676,11.331865424647297
607.0,6.0,5.723595050460169,9.116033,5.239602,7.69324777539617
607.0,12.0,1.263102117644201,8.292964,1.71171,3.232754842580202
607.0,19.0,9.496825827422882,11.807739,9.919983,11.466478552358883
607.0,24.0,-3.6683083869508293,-8.282707,-0.524617,-1.6986556620148283
607.0,25.0,-7.22023630912082,3.064512,-5.002562,-5.250583584184819
607.0,29.0,-12.543395145515143,-2.722619,-9.653665,-10.573742420579142
608.0,2.0,4.46606658127099,4.859035,4.106661,5.6590788552387945
608.0,5.0,10.57964453370512,9.189174,10.099724,11.772656807672924
608.0,6.0,6.123629453241576,7.384574,5.357806,7.31664172720938
608.0,12.0,1.3243834842314808,2.92402,1.716198,2.517395758199285
608.0,19.0,9.885925535395446,10.074736,10.005629,11.07893780936325
608.0,24.0,-2.833584785433315,-1.191924,-0.680385,-1.6405725114655105
608.0,25.0,-6.285589640598081,-5.710303,-4.960985,-5.092577366630277
608.0,29.0,-12.088268727937246,-8.564906,-9.671258,-10.895256453969441
608.0,31.0,-10.194119737872699,-34.713269,-9.352836,-9.001107463904894
609.0,2.0,3.884475267946038,3.849567,4.158439,5.709932974725105
609.0,5.0,9.183011964784386,9.925163,10.05472,11.008469671563454
609.0,6.0,5.9056091523267815,4.589846,5.458116,7.731066859105849
609.0,12.0,1.246157758874177,0.502898,1.73751,3.0716154656532444
609.0,19.0,9.58347750742378,12.500369,10.083313,11.408935214202847
609.0,24.0,-3.755133828542437,-3.419501,-0.786479,-1.9296761217633698
609.0,25.0,-7.190840013284901,-6.469023,-4.924945,-5.3653823065058335
609.0,29.0,-12.563452714592922,-10.738916,-9.689346,-10.737995007813854
610.0,2.0,3.8870628221880095,6.413059,4.196904,5.6410000736302175
610.0,5.0,9.078011828096905,9.405853,10.020153,10.831949079539113
610.0,6.0,5.940805920764649,7.682325,5.547727,7.694743172206857
610.0,12.0,1.2618532437936079,9.197329,1.744255,3.015790495235816
610.0,19.0,9.55295354205299,15.195332,10.163978,11.306890793495198
610.0,24.0,-3.823932896168172,10.975215,-0.889361,-2.0699956447259638
610.0,25.0,-7.1544331840456765,-0.9337,-4.910788,-5.4004959326034685
610.0,29.0,-12.456578137438903,-6.45238,-9.725273,-10.702640885996695
611.0,2.0,3.8701708238768657,3.23154,4.201229,5.471653101504145
611.0,5.0,9.065159482612897,9.35968,9.962799,10.666641760240177
611.0,6.0,5.996768306623598,3.735541,5.60097,7.598250584250878
611.0,12.0,1.2037469458869632,-1.00538,1.724803,2.8052292235142433
611.0,19.0,9.49036575889922,-0.734989,10.209667,11.0918480365265
611.0,24.0,-3.8472381171676515,0.828185,-0.983114,-2.2457558395403714
611.0,25.0,-7.144787784803007,-8.016789,-4.908013,-5.5433055071757265
611.0,29.0,-12.396640672136527,-10.98646,-9.748512,-10.795158394509247
612.0,2.0,3.858507675930777,4.495827,4.238446,5.356825418113628
612.0,5.0,8.991712932911174,4.059535,9.911271,10.490030675094024
612.0,6.0,6.084695268373109,5.666871,5.672041,7.583013010555959
612.0,12.0,1.1885432443628527,1.050286,1.743082,2.686860986545703
612.0,19.0,9.58732297168388,33.065492,10.252878,11.08564071386673
612.0,24.0,-3.899125583558118,-3.384696,-1.062862,-2.4008078413752676
612.0,25.0,-7.135006685114612,-9.473759,-4.866783,-5.6366889429317615
612.0,29.0,-12.411972330412736,-11.57235,-9.742537,-10.913654588229885
613.0,2.0,4.403058095011402,5.042969,4.266346,5.1085436497836305
613.0,5.0,10.250182656524712,9.141853,9.866131,10.955668211296942
613.0,6.0,6.426115062315596,4.107983,5.730478,7.131600617087824
613.0,12.0,1.1611909547799781,2.386121,1.754501,1.8666765095522067
613.0,19.0,10.053105875212454,42.838012,10.289637,10.758591429984683
613.0,24.0,-3.12250695329767,-1.935573,-1.132479,-2.4170213985254416
613.0,25.0,-6.319211404463955,-6.008257,-4.835511,-5.613725849691726
613.0,29.0,-12.058802076372054,-10.371095,-9.740171,-11.353316521599826
613.0,31.0,-9.947700954977122,-7.341649,-9.035035,-9.242215400204895
614.0,2.0,4.58454947107696,2.255006,4.322713,5.296204956559904
614.0,5.0,10.219785472869317,5.443686,9.827219,10.931440958352262
614.0,6.0,6.513878873858274,4.272446,5.820898,7.225534359341218
614.0,12.0,1.2485943743619439,1.926595,1.788036,1.9602498598448883
614.0,19.0,10.078185955246372,28.052643,10.350684,10.789841440729317
614.0,24.0,-3.234691454698458,6.985381,-1.215818,-2.5230359692155138
614.0,25.0,-6.391464463475915,-5.301218,-4.786883,-5.679808977992971
614.0,29.0,-12.14488989352054,-9.138846,-9.739479,-11.433234408037595
614.0,31.0,-10.00411363252083,-4.991783,-8.96513,-9.292458147037886
615.0,2.0,4.648096498385599,-2.409065,4.408046,5.452515685256652
615.0,5.0,10.026955142427212,10.564725,9.846109,10.831374329298265
615.0,6.0,6.688595986936118,2.465688,5.901851,7.493015173807171
615.0,12.0,1.3781922356617455,-3.422611,1.864871,2.1826114225327986
615.0,19.0,10.322491242988416,-6.284432,10.400993,11.12691042985947
615.0,24.0,-3.4399636618628486,-0.040902,-1.232997,-2.6355444749917956
615.0,25.0,-6.242261634075784,-14.001168,-4.720293,-5.437842447204731
615.0,29.0,-12.07490171948233,-12.667914,-9.720949,-11.270482532611277
615.0,31.0,-9.818360549607673,-26.21126,-8.93796,-9.01394136273662
616.0,2.0,4.569579188918081,5.636422,4.570695,5.343837662904311
616.0,5.0,9.958262921461284,10.013228,9.898971,10.732521395447513
616.0,6.0,6.727124722641249,5.817435,6.02111,7.501383196627478
616.0,12.0,1.3109158519780708,0.985302,2.030534,2.0851743259643003
616.0,19.0,10.408181548200204,20.360647,10.451662,11.182440022186434
616.0,24.0,-3.656413917075339,23.089172,-1.206229,-2.8821554430891094
616.0,25.0,-6.3073730962317525,-8.741058,-4.574848,-5.533114622245523
616.0,29.0,-12.100357792456448,-13.178247,-9.646278,-11.326099318470218
616.0,31.0,-9.86528462537308,-24.282362,-8.899088,-9.09102615138685
617.0,2.0,4.253351188566133,-0.444995,4.755904,4.841994607151404
617.0,5.0,9.925974183302259,7.250788,9.94555,10.51461760188753
617.0,6.0,6.614417783042719,2.08826,6.178193,7.203061201627991
617.0,12.0,0.9798920331083537,-3.591342,2.207102,1.568535451693625
617.0,19.0,10.180891829996211,13.050278,10.534453,10.769535248581482
617.0,24.0,-3.6966301680108957,49.601274,-1.213128,-3.107986749425624
617.0,25.0,-6.515306757223272,-9.813425,-4.418688,-5.926663338638001
617.0,29.0,-12.168844553065325,-13.524152,-9.582348,-11.580201134480054
617.0,31.0,-9.970873821743366,-12.286174,-8.842879,-9.382230403158095
618.0,2.0,3.9542011277718587,11.547266,4.853909,5.224253179382853
618.0,5.0,9.740241908373298,10.539305,9.937724,11.010293959984292
618.0,6.0,5.896299707959856,6.198418,6.310149,7.1663517595708495
618.0,12.0,0.7635793173178617,6.966488,2.273796,2.033631368928855
618.0,19.0,10.138419321231876,8.261704,10.635566,11.40847137284287
618.0,25.0,-7.305944060707767,-2.336717,-4.356076,-6.035892009096774
618.0,29.0,-12.752473010555141,-4.851737,-9.595528,-11.482420958944147
618.0,31.0,-10.879746919702546,-2.326891,-8.784635,-9.609694868091552
619.0,2.0,4.054665336019995,10.959636,4.929239,4.494903415697434
619.0,5.0,10.024273317515217,7.139183,9.907745,10.464511397192656
619.0,6.0,5.958610890834973,11.973776,6.440661,6.398848970512412
619.0,12.0,1.0783464558169884,10.064336,2.309542,1.518584535494427
619.0,25.0,-6.486799861460763,-0.848244,-4.316551,-6.046561781783324
619.0,29.0,-11.568362049054153,-4.07249,-9.629516,-11.128123969376714
619.0,31.0,-10.608963324754184,7.272325,-8.717648,-10.168725245076745
620.0,2.0,3.46713963350677,4.42772,4.985315,6.558696861655809
620.0,5.0,7.957288769061198,10.354012,9.863702,11.048845997210236
620.0,6.0,5.64321829979519,7.223059,6.566311,8.73477552794423
620.0,12.0,1.3241411614934506,0.686078,2.320761,4.41569838964249
620.0,25.0,-7.23878429289847,-4.316957,-4.29684,-4.147227064749431
620.0,29.0,-13.064097798727587,-11.984086,-9.679752,-9.972540570578548
621.0,2.0,3.786474476345099,9.252422,5.061668,5.766800429305878
621.0,5.0,8.181070761860981,7.48573,9.836434,10.16139671482176
621.0,6.0,6.603842964973917,11.60365,6.680365,8.584168917934697
621.0,12.0,1.4052878261010973,5.400244,2.368007,3.3856137790618765
621.0,24.0,-4.7893262761634015,-4.760821,-1.657848,-2.809000323202622
621.0,25.0,-6.033925095973259,-1.801111,-4.242542,-4.053599143012479
621.0,29.0,-12.391174583014758,-8.586139,-9.688441,-10.410848630053978
622.0,2.0,3.7934920222354207,9.568007,5.164795,5.794409601651443
622.0,5.0,8.089107590066794,12.390019,9.868292,10.090025169482816
622.0,6.0,6.616118675416906,8.348614,6.770389,8.617036254832929
622.0,12.0,1.4186654219786279,7.195682,2.46438,3.41958300139465
622.0,24.0,-4.722627391160822,3.70209,-1.664304,-2.7217098117448
622.0,25.0,-5.909118043869732,-5.571339,-4.161808,-3.90820046445371
622.0,29.0,-12.242872184948014,-8.584266,-9.661838,-10.241954605531992
623.0,2.0,3.7539544852952407,5.653535,5.221277,5.9018001182186985
623.0,5.0,8.084171184690339,5.697568,9.924158,10.232016817613797
623.0,6.0,6.553147606414152,9.222055,6.830125,8.70099323933761
623.0,12.0,1.3749784663555484,2.04673,2.506873,3.5228240992790063
623.0,24.0,-4.870835616021346,0.68946,-1.673926,-2.7229899830978885
623.0,25.0,-6.119013131165075,-2.748787,-4.154898,-3.971167498241617
623.0,29.0,-12.380599034079692,-9.360901,-9.697838,-10.232753401156234
624.0,2.0,3.772840356988186,7.49225,5.290323,5.844031224315409
624.0,5.0,8.117248714424463,5.295844,9.916936,10.188439581751686
624.0,6.0,6.622838563641733,7.474734,6.948058,8.694029430968957
624.0,12.0,1.396754910145014,2.629891,2.538395,3.467945777472237
624.0,24.0,-4.813594469257265,8.294606,-1.776966,-2.742403601930042
624.0,25.0,-5.965799232455123,-5.511533,-4.132047,-3.8946083651279
624.0,29.0,-12.367085921567785,-8.453104,-9.744391,-10.295895054240562
625.0,2.0,3.8091416409508936,8.243838,5.310436,5.847862649107841
625.0,5.0,8.142571202294212,11.388646,9.896621,10.18129221045116
625.0,6.0,6.676091121684064,5.518487,7.01114,8.714812129841011
625.0,12.0,1.4262591367278752,1.830483,2.532033,3.464980144884823
625.0,24.0,-4.878348744370664,10.50639,-1.85721,-2.839627736213716
625.0,25.0,-5.887798366930822,-3.030061,-4.13746,-3.849077358773874
625.0,29.0,-12.379591450423087,-10.248812,-9.786153,-10.340870442266139
626.0,2.0,4.1326941358194595,6.719428,5.271028,4.696873635673711
626.0,5.0,9.428902250775389,7.228268,9.927106,9.99308175062964
626.0,6.0,7.020326828201226,8.472672,6.973468,7.584506328055477
626.0,12.0,0.9495038651069877,5.067062,2.493972,1.5136833649612393
626.0,19.0,11.011590313892498,11.583335,11.23869,11.57576981374675
626.0,24.0,-4.387748503669795,16.427785,-1.837944,-3.8235690038155434
626.0,25.0,-6.056317044309935,0.233584,-4.195289,-5.492137544455684
626.0,29.0,-12.05870714915148,-7.231696,-9.828791,-11.494527649297229
626.0,31.0,-9.817350440440824,7.375583,-8.580333,-9.253170940586573
627.0,2.0,4.0577677293009415,8.788314,5.290817,4.61909261428328
627.0,5.0,9.395929300143356,9.29864,9.961628,9.957254185125695
627.0,6.0,6.988310608879834,8.396137,6.989493,7.549635493862173
627.0,12.0,0.8292761921480637,0.780561,2.510942,1.390601077130403
627.0,19.0,10.950591670404911,-10.065682,11.263937,11.51191655538725
627.0,24.0,-4.375486799810054,4.054489,-1.829521,-3.814161914827715
627.0,25.0,-6.176162943315899,-4.88662,-4.19871,-5.61483805833356
627.0,29.0,-12.184931626020422,-11.956831,-9.846794,-11.623606741038083
627.0,31.0,-9.901603617269332,37.285647,-8.607851,-9.340278732286993
628.0,2.0,4.073103407864035,15.53802,5.279369,4.616222309723654
628.0,5.0,9.457867601864264,4.63459,9.959631,10.000986503723883
628.0,6.0,6.876391045243355,10.00009,6.997141,7.419509947102974
628.0,12.0,0.7789589819007262,8.343878,2.489955,1.322077883760346
628.0,19.0,10.76345421207867,29.633125,11.286816,11.30657311393829
628.0,24.0,-4.4163495984567644,11.128529,-1.856142,-3.873230696597145
628.0,25.0,-6.499081226064549,0.122797,-4.223754,-5.955962324204929
628.0,29.0,-12.255313510772764,-2.867679,-9.878138,-11.712194608913144
628.0,31.0,-9.882776894831919,5.104031,-8.615522,-9.339657992972299
629.0,2.0,3.8762486266543523,12.129823,5.263086,3.8989952434754094
629.0,5.0,9.998086319766053,9.624249,9.968432,10.02083293658711
629.0,6.0,6.3037485589964115,10.175171,6.99325,6.326495175817469
629.0,12.0,1.0376299827198565,7.845696,2.467808,1.0603765995409136
629.0,25.0,-6.365911989815344,-1.412896,-4.254901,-6.343165372994287
629.0,29.0,-11.371897921632103,-5.905963,-9.910303,-11.349151304811045
629.0,31.0,-10.364460626684824,-11.987962,-8.637047,-10.341714009863766
630.0,2.0,3.250466460727205,7.957652,5.280996,5.237273193259503
630.0,5.0,8.16554797837934,11.698961,9.965937,10.152354710911638
630.0,6.0,5.75887549053925,6.920916,7.033233,7.745682223071547
630.0,12.0,0.7138364187668945,3.267334,2.470747,2.700643151299192
630.0,19.0,10.225916991641089,40.432186,11.345847,12.212723724173387
630.0,25.0,-8.153803282809422,-2.435988,-4.256347,-6.1669965502771245
630.0,29.0,-13.023277352185046,-10.205313,-9.936095,-11.036470619652748
631.0,2.0,4.11061342250136,7.921958,5.291039,4.699633733499555
631.0,5.0,9.43224653931608,8.868611,9.974358,10.021266850314277
631.0,6.0,6.960658688307862,8.123653,7.054634,7.549678999306057
631.0,12.0,0.8832306741006589,2.17507,2.472385,1.4722509850988539
631.0,19.0,11.073466349928768,6.009765,11.374214,11.662486660926962
631.0,24.0,-4.387715569559683,-10.657824,-1.928346,-3.798695258561488
631.0,25.0,-6.33509451431748,-5.023025,-4.262998,-5.746074203319285
631.0,29.0,-12.216854781132275,-10.863478,-9.957542,-11.62783447013408
631.0,31.0,-9.925700720995799,22.042798,-8.63409,-9.336680409997605
632.0,2.0,3.933970894224263,4.571447,5.341632,3.9183228624512103
632.0,5.0,10.03965465068892,8.131465,10.022799,10.024006618915868
632.0,6.0,6.358950172003412,7.500083,7.082516,6.343302140230358
632.0,12.0,1.1088876007644837,1.960932,2.526896,1.093239568991431
632.0,25.0,-6.1846101858483165,-3.693604,-4.232075,-6.20025821762137
632.0,29.0,-11.30119343679732,-10.217815,-9.948142,-11.316841468570372
632.0,31.0,-10.195612609618202,15.086221,-8.656683,-10.211260641391254
633.0,2.0,3.679026469857812,2.285583,5.35541,5.226233740319412
633.0,5.0,8.353328789877038,7.31057,10.069658,9.900536060338638
633.0,6.0,6.639150226934455,5.227083,7.068932,8.186357497396056
633.0,12.0,0.913415338380921,-3.196425,2.552243,2.460622608842521
633.0,19.0,10.709619731441816,14.97915,11.387084,12.256827001903416
633.0,24.0,-4.936026266778543,2.791125,-1.845973,-3.3888189963169433
633.0,25.0,-7.37856031178208,-10.539946,-4.228278,-5.83135304132048
633.0,29.0,-12.781571853220049,-14.655028,-9.942297,-11.234364582758449
634.0,2.0,3.6991872444997367,5.494127,5.366903,5.273319699214033
634.0,5.0,8.344034782003506,11.057873,10.080998,9.918167236717803
634.0,6.0,6.666465055086513,6.678687,7.089482,8.24059750980081
634.0,12.0,0.9495447700784431,6.728418,2.556312,2.52367722479274
634.0,19.0,10.829286568785726,20.451626,11.414349,12.403419023500023
634.0,24.0,-5.104279637504568,28.109808,-1.86116,-3.5301471827902713
634.0,25.0,-7.377045693294543,-4.646219,-4.23367,-5.802913238580246
634.0,29.0,-12.754532400022926,-8.387871,-9.962273,-11.18039994530863
635.0,2.0,3.2335468969309247,8.930481,5.39053,5.930994380905787
635.0,5.0,8.159316630246169,10.177379,10.084659,10.856764114221031
635.0,6.0,5.671143774294881,9.569833,7.121295,8.368591258269744
635.0,12.0,1.152670787263152,6.043791,2.572371,3.8501182712380144
635.0,25.0,-7.040284776063586,-4.505788,-4.221894,-4.342837292088723
635.0,29.0,-13.033727169376698,-8.683527,-9.969941,-10.336279685401836
636.0,2.0,3.720632196982065,9.67429,5.37706,5.898675124060636
636.0,5.0,8.203923340330993,12.095827,10.106194,10.381966267409565
636.0,6.0,6.5673027851784225,7.056426,7.097189,8.745345712256995
636.0,12.0,1.357311841282458,4.768373,2.565946,3.53535476836103
636.0,24.0,-4.777287701934088,19.822325,-1.853927,-2.5992447748555163
636.0,25.0,-6.0387480109800205,-3.129589,-4.238848,-3.8607050839014487
636.0,29.0,-12.600867830107116,-9.125376,-9.97659,-10.422824903028545
637.0,2.0,3.7187557228976353,10.922976,5.368429,5.806470786588067
637.0,5.0,8.26597206525386,7.626271,10.115984,10.353687128944292
637.0,6.0,6.556888876659323,9.28893,7.068702,8.644603940349754
637.0,12.0,1.3669312637620532,4.282628,2.570844,3.454646327452485
637.0,24.0,-4.424404059027992,0.013456,-1.81688,-2.3366889953375605
637.0,25.0,-5.956530486009934,-1.540025,-4.234455,-3.8688154223195026
637.0,29.0,-12.529971894552823,-7.493488,-9.956655,-10.44225683086239
638.0,2.0,3.7128605062157534,7.568958,5.357992,5.821256874634528
638.0,5.0,8.304393367949027,5.157904,10.14912,10.412789736367802
638.0,6.0,6.548522209038674,9.00104,7.025272,8.65691857745745
638.0,12.0,1.3555637811738368,2.718521,2.580055,3.4639601495926122
638.0,24.0,-4.368736832029535,1.1071,-1.752129,-2.26034046361076
638.0,25.0,-6.018971257175971,-6.096565,-4.236772,-3.9105748887571954
638.0,29.0,-12.612915311796273,-9.262918,-9.937755,-10.504518943377498
639.0,2.0,3.940373118165598,9.681743,5.431329,4.147948604122843
639.0,5.0,9.715581256120197,12.307662,10.157493,9.923156742077442
639.0,6.0,6.903400635724506,10.957309,7.07977,7.110976121681751
639.0,12.0,0.8312898518947537,7.185119,2.656294,1.0388653378519985
639.0,19.0,11.32140517927055,14.638908,11.380245,11.528980665227795
639.0,24.0,-3.7379417139267277,2.168058,-1.745927,-3.5303662279694827
639.0,25.0,-6.063127586010536,-2.50073,-4.15975,-5.855552100053291
639.0,29.0,-11.91435663150378,-10.094503,-9.890786,-11.706781145546536
639.0,31.0,-10.07424763097692,11.984083,-8.743847,-9.866672145019676
640.0,2.0,4.016986851634509,-6.272006,5.519313,4.551170297714181
640.0,5.0,9.532340694844452,6.758003,10.152387,10.066524140924125
640.0,6.0,6.882391857504667,-1.199317,7.152566,7.41657530358434
640.0,12.0,0.8070885120822185,-7.991694,2.744437,1.341271958161891
640.0,19.0,11.38254572505658,11.192017,11.400891,11.916729171136254
640.0,24.0,-4.02208372314433,-2.88291,-1.754358,-3.487900277064657
640.0,25.0,-6.3956276465088795,-13.734574,-4.063213,-5.861444200429207
640.0,29.0,-12.269639157883306,-16.719582,-9.832509,-11.735455711803633
640.0,31.0,-10.199577427179646,28.862027,-8.685568,-9.665393981099973
641.0,2.0,3.9496331445839337,12.988985,5.628907,4.316317561286142
641.0,5.0,9.59217104147545,12.231569,10.18823,9.958855458177657
641.0,6.0,6.914941120411335,12.912924,7.213253,7.281625537113543
641.0,12.0,0.7832575526457396,14.727226,2.868602,1.1499419693479476
641.0,19.0,11.354105934095028,55.372776,11.404496,11.720790350797236
641.0,24.0,-3.7979453049170147,7.876994,-1.706159,-3.4312608882148066
641.0,25.0,-6.224430915085706,2.096028,-3.946741,-5.857746498383498
641.0,29.0,-12.1251666688129,-4.61249,-9.751049,-11.758482252110692
641.0,31.0,-10.135256177850557,-3.646377,-8.655588,-9.76857176114835
642.0,2.0,4.019041505233246,9.905679,5.710827,4.46261024768485
642.0,5.0,9.620585296713312,5.666488,10.272897,10.064154039164915
642.0,6.0,6.873980881479751,8.557439,7.213679,7.317549623931355
642.0,12.0,0.8083714204551596,3.68138,2.984147,1.2519401629067637
642.0,19.0,11.366381260231217,19.718703,11.371225,11.80995000268282
642.0,24.0,-3.799125474366565,7.209114,-1.583573,-3.3555567319149606
642.0,25.0,-6.333808396439125,-4.448909,-3.860693,-5.890239653987521
642.0,29.0,-12.188399048432414,-10.023618,-9.671712,-11.74483030598081
642.0,31.0,-10.188348383876278,35.236436,-8.691029,-9.744779641424675
643.0,2.0,3.9115310198972724,9.436206,5.73869,4.26417569468606
643.0,5.0,9.698590246814813,8.340631,10.277163,10.0512349216036
643.0,6.0,6.85648712410755,6.261015,7.199366,7.209131798896337
643.0,12.0,0.7683851032653156,5.078333,3.03578,1.1210297780541025
643.0,19.0,11.475675456591025,35.940259,11.323396,11.828320131379812
643.0,24.0,-3.677608399688869,-0.12549,-1.525826,-3.3249637249000816
643.0,25.0,-6.207558255486603,-4.841032,-3.799439,-5.854913580697816
643.0,29.0,-12.120093719738366,-8.043324,-9.599687,-11.76744904494958
643.0,31.0,-10.263139147676194,8.660493,-8.6727,-9.910494472887407
644.0,2.0,3.4369855235127234,3.995465,5.665447,3.932414409077208
644.0,5.0,9.786308391734797,10.530914,10.153104,10.281737277299282
644.0,6.0,6.083923837598851,5.091394,7.183257,6.5793527231633355
644.0,12.0,0.48600720768480243,4.428707,2.949158,0.9814360932492873
644.0,19.0,11.77838241371695,26.076786,11.301265,12.273811299281434
644.0,25.0,-6.806488012920016,-4.013229,-3.824452,-6.311059127355531
644.0,29.0,-12.285733183648983,-9.084781,-9.601481,-11.790304298084498
644.0,31.0,-10.739561236689566,54.363674,-8.583502,-10.244132351125081
645.0,2.0,3.92910998401079,8.067291,5.536117,4.090030589629099
645.0,5.0,9.798747596054364,9.772123,9.994153,9.959668201672672
645.0,6.0,6.888536948583428,8.994915,7.125018,7.049457554201737
645.0,12.0,0.8017503214498757,4.180927,2.808136,0.9626709270681849
645.0,19.0,11.508188936209557,15.454996,11.250633,11.669109541827865
645.0,24.0,-3.630074444175577,-4.757438,-1.733607,-3.4691538385572676
645.0,25.0,-6.133642130839408,-3.735944,-3.886334,-5.972721525221099
645.0,29.0,-11.959108009565114,-10.697874,-9.612527,-11.798187403946805
645.0,31.0,-10.267624916442491,65.016705,-8.489049,-10.106704310824183
646.0,2.0,3.608141158170509,6.49155,5.444196,4.94396003875857
646.0,5.0,8.53382455287871,6.20386,9.895099,9.86964343346677
646.0,6.0,6.545798380007928,5.530916,7.063652,7.881617260595989
646.0,12.0,0.840012864703552,3.006056,2.719373,2.175831745291613
646.0,19.0,10.878395320858738,19.45627,11.191849,12.214214201446799
646.0,24.0,-4.455128839965146,20.772521,-1.776292,-3.1193099593770848
646.0,25.0,-7.346365660645198,-5.401696,-3.921965,-6.010546780057137
646.0,29.0,-12.572420491874789,-7.668063,-9.601504,-11.236601611286728
647.0,2.0,3.7231957592403973,7.785732,5.391477,5.628840782029808
647.0,5.0,8.493565629536759,13.953814,9.794735,10.39921065232617
647.0,6.0,6.582343037476492,6.497567,7.073346,8.487988060265902
647.0,12.0,1.4051407173831603,5.247009,2.644784,3.3107857401725713
647.0,24.0,-3.9679820747032473,5.946334,-1.883401,-2.062337051913836
647.0,25.0,-5.938129267146561,-1.618115,-3.951201,-4.03248424435715
647.0,29.0,-12.453408664827673,-8.78341,-9.626014,-10.547763642038262
648.0,2.0,3.662461093559667,-1.683024,5.334064,4.817033138482008
648.0,5.0,8.633808523195361,3.023962,9.79595,9.788380568117702
648.0,6.0,6.64148105221913,3.904097,7.020022,7.796053097141471
648.0,12.0,0.9348445736752734,-5.732285,2.592701,2.089416618597615
648.0,19.0,10.941880968487688,-2.84599,11.179638,12.096453013410029
648.0,24.0,-4.22619477301957,14.657813,-1.869145,-3.0716227280972284
648.0,25.0,-7.2831733864385395,-13.768585,-4.005602,-6.128601341516198
648.0,29.0,-12.506723906432127,-14.997207,-9.652173,-11.352151861509785
649.0,2.0,3.6691439667035044,4.955197,5.260285,4.879215950673547
649.0,5.0,8.647234600437388,7.590291,9.786649,9.85730658440743
649.0,6.0,6.6328570182036435,5.800098,6.949595,7.842929002173686
649.0,12.0,0.9549024568023182,-0.326175,2.527864,2.164974440772361
649.0,19.0,10.957604001317126,12.182666,11.14067,12.167675985287168
649.0,24.0,-4.046881727328034,16.69925,-1.85076,-2.8368097433579917
649.0,25.0,-7.272657224427804,-9.839638,-4.066102,-6.062585240457762
649.0,29.0,-12.50062704942322,-12.891012,-9.673229,-11.290555065453178
650.0,2.0,3.9953120542564764,0.347625,5.208857,4.246330149321091
650.0,5.0,9.81716013665556,4.426422,9.752674,10.068178231720173
650.0,6.0,6.944794841126841,3.680705,6.892918,7.195812936191456
650.0,12.0,0.8886829364179903,2.429136,2.490564,1.1397010314826053
650.0,19.0,11.697809727646698,25.300997,11.085776,11.948827822711312
650.0,24.0,-3.125315946799272,10.976129,-1.833484,-2.874297851734657
650.0,25.0,-6.07571536807306,-7.303642,-4.080878,-5.824697273008445
650.0,29.0,-12.038014081103086,-8.574662,-9.651189,-11.786995986038471
650.0,31.0,-10.411419434934034,47.095917,-8.418413,-10.16040133986942
651.0,2.0,3.7885644526192,5.321566,5.161784,5.758600399891899
651.0,5.0,8.655694968815911,6.017879,9.664467,10.62573091608861
651.0,6.0,6.601264728010148,5.530902,6.86743,8.571300675282846
651.0,12.0,1.4905949641099339,2.72205,2.445526,3.4606309113826326
651.0,24.0,-3.522535038292836,8.190843,-1.874874,-1.5524990910201373
651.0,25.0,-5.987900495693289,-7.211715,-4.076711,-4.01786454842059
651.0,29.0,-12.63719342386287,-7.567075,-9.620927,-10.667157476590171
652.0,2.0,3.752727710361655,8.186501,5.19647,5.707721009043817
652.0,5.0,8.658836293332087,10.997338,9.66127,10.613829592014248
652.0,6.0,6.592680198584765,6.217311,6.878384,8.547673497266928
652.0,12.0,1.4655735396812215,3.871224,2.492109,3.420566838363383
652.0,24.0,-3.386723919242183,21.636517,-1.850665,-1.4317306205600215
652.0,25.0,-6.018824472085204,-5.09017,-4.020927,-4.063831173403043
652.0,29.0,-12.652909150223374,-10.500009,-9.568778,-10.697915851541213
653.0,2.0,3.77168027680254,4.51602,5.23709,5.697780313290334
653.0,5.0,8.661606548784475,10.678975,9.675174,10.587706585272269
653.0,6.0,6.628558818513437,4.253752,6.883563,8.554658855001232
653.0,12.0,1.474745206583635,2.63552,2.549591,3.400845243071429
653.0,24.0,-3.4401068666723607,14.232471,-1.805463,-1.5140068301845666
653.0,25.0,-5.995129724198537,-5.052942,-3.96166,-4.069029687710743
653.0,29.0,-12.62741407787842,-9.451011,-9.511692,-10.701314041390626
654.0,2.0,3.7910094177351286,3.429715,5.299496,5.699349978742012
654.0,5.0,8.694288223954349,9.672462,9.681092,10.602628784961231
654.0,6.0,6.6379834607585275,8.207841,6.909877,8.546324021765411
654.0,12.0,1.488890152766004,3.052883,2.627334,3.3972307137728865
654.0,24.0,-3.3596974548525576,-0.753769,-1.769218,-1.451356893845675
654.0,25.0,-5.987688231486039,-4.251603,-3.876663,-4.079347670479156
654.0,29.0,-12.6225453695435,-10.585131,-9.439088,-10.714204808536618
655.0,2.0,3.7985640152948856,5.992367,5.367471,5.66471272970492
655.0,5.0,8.779068182854653,11.814522,9.715838,10.645216897264687
655.0,6.0,6.6384454934667865,5.970371,6.927542,8.50459420787682
655.0,12.0,1.487654212721087,3.788367,2.716081,3.353802927131121
655.0,24.0,-3.532869789466168,-26.950219,-1.704691,-1.6667210750561336
655.0,25.0,-6.0505957325437665,-6.413065,-3.794768,-4.184447018133732
655.0,29.0,-12.596308956591281,-8.31671,-9.368278,-10.730160242181247
656.0,2.0,4.181666885345695,6.027919,5.46231,5.572594953585755
656.0,5.0,8.205594033360507,11.443858,9.773869,9.596522101600566
656.0,6.0,6.62960219589578,4.792526,6.952811,8.02053026413584
656.0,12.0,1.7962869501980618,2.853204,2.838221,3.1872150184381214
656.0,24.0,-4.339997718737552,-19.057089,-1.613067,-2.949069650497492
656.0,25.0,-4.999757113949525,-4.859976,-3.688432,-3.6088290457094656
656.0,29.0,-11.045993794380378,-7.975971,-9.279245,-9.655065726140318
657.0,2.0,4.634916286637661,-3.184979,5.491006,4.635320752769134
657.0,5.0,9.478058516638892,5.78143,9.745271,9.478462982770367
657.0,6.0,6.848121469287936,4.001684,6.953588,6.84852593541941
657.0,12.0,1.4683358860826408,-0.494906,2.884798,1.4687403522141145
657.0,24.0,-4.004736964683773,-9.617429,-1.587258,-4.0043324985523
657.0,25.0,-4.953610653451986,-8.132679,-3.615443,-4.953206187320513
657.0,29.0,-10.561116577030598,-16.6329,-9.199687,-10.560712110899123
657.0,31.0,-8.534427264626945,136.929526,-8.210527,-8.53402279849547
658.0,2.0,4.63195785879543,-5.943409,5.469711,4.663699578523783
658.0,5.0,9.589402082117598,-1.441793,9.613684,9.621143801845951
658.0,6.0,6.866266154013626,-0.696699,6.960727,6.898007873741979
658.0,12.0,1.5145452297846376,-5.580176,2.862134,1.5462869495129907
658.0,24.0,-3.6722957058752774,3.11435,-1.660666,-3.6405539861469243
658.0,25.0,-4.857443192070335,-14.115621,-3.563117,-4.825701472341982
658.0,29.0,-10.555497313060645,-18.170419,-9.132473,-10.523755593332291
658.0,31.0,-8.66491900898521,124.816008,-8.078229,-8.633177289256857
659.0,2.0,4.550644791141969,1.408517,5.432333,4.320592264821915
659.0,5.0,9.476698326754795,7.833779,9.44904,9.24664580043474
659.0,6.0,6.80535932324793,4.271895,6.954636,6.575306796927876
659.0,12.0,1.5640192083780615,-1.021191,2.82686,1.3339666820580074
659.0,24.0,-3.763453461242837,1.154296,-1.741928,-3.993505987562891
659.0,25.0,-4.606091182992194,-7.276794,-3.503514,-4.836143709312248
659.0,29.0,-10.077228674071181,-12.102066,-9.04542,-10.307281200391236
659.0,31.0,-8.31277082241308,11.931778,-7.918039,-8.542823348733135
660.0,2.0,4.930295314589519,-4.760429,5.402753,5.2400789886890164
660.0,5.0,9.63898861794018,-1.66242,9.314362,9.948772292039678
660.0,6.0,7.12628278110122,-2.394322,6.938344,7.436066455200717
660.0,12.0,1.6383022936470528,-5.297138,2.806809,1.9480859677465505
660.0,19.0,10.183515377673213,3.585934,10.705246,10.493299051772711
660.0,24.0,-3.9117562098172174,2.02928,-1.789409,-3.60197253571772
660.0,25.0,-5.409441071838787,-16.010048,-3.442434,-5.099657397739289
660.0,29.0,-11.144387978842149,-19.872773,-8.954533,-10.834604304742651
660.0,31.0,-8.494524763105877,116.958539,-7.78424,-8.18474108900638
661.0,2.0,4.466108264218213,-1.420605,5.383196,5.897428208951517
661.0,5.0,9.575294406908494,6.307842,9.288692,11.006614351641797
661.0,6.0,6.292098795096099,-0.407383,6.913809,7.723418739829404
661.0,12.0,1.4429621686248986,-3.716474,2.796246,2.8742821133582024
661.0,19.0,10.480026127925083,0.581353,10.672479,11.911346072658386
661.0,25.0,-6.879587819609328,-15.349335,-3.435419,-5.448267874876024
661.0,29.0,-12.479325126776354,-17.041878,-8.929698,-11.04800518204305
661.0,31.0,-10.204681266002847,73.019245,-7.765407,-8.773361321269544
662.0,2.0,4.914291973808912,3.427481,5.382503,5.149471317262494
662.0,5.0,9.705507435074354,6.556797,9.275697,9.940686778527937
662.0,6.0,7.132428909387324,4.940324,6.87598,7.367608252840906
662.0,12.0,1.6339108250839276,4.108596,2.821389,1.8690901685375096
662.0,19.0,10.189968917213458,-15.164418,10.607153,10.42514826066704
662.0,24.0,-3.7588949458610417,-8.251617,-1.726667,-3.5237156024074596
662.0,25.0,-5.388015790542755,-6.692423,-3.39142,-5.152836447089173
662.0,29.0,-11.146829489812479,-10.365259,-8.859636,-10.911650146358896
662.0,31.0,-8.593009675623525,46.678334,-7.744407,-8.357830332169943
663.0,2.0,4.747798758638425,-1.775684,5.336681,4.993570769607599
663.0,5.0,9.692343070142284,4.061183,9.265411,9.938115081111457
663.0,6.0,7.041438771403562,-0.938474,6.793653,7.2872107823727355
663.0,12.0,1.6281961049682563,-4.48303,2.806509,1.8739681159374295
663.0,19.0,10.131441591524794,21.533232,10.520504,10.377213602493967
663.0,24.0,-3.927755504668437,22.717972,-1.655663,-3.681983493699264
663.0,25.0,-5.347412951927553,-14.832763,-3.389883,-5.101640940958379
663.0,29.0,-11.065305818092297,-15.996833,-8.808199,-10.819533807123124
663.0,31.0,-8.630360765440829,52.376733,-7.752378,-8.384588754471656
664.0,2.0,4.958533675316005,-7.483927,5.213582,4.643861856700195
664.0,5.0,9.93969445219073,-4.907332,9.137402,9.62502263357492
664.0,6.0,7.328869436365308,-4.18027,6.704955,7.014197617749497
664.0,12.0,1.7901448639279574,-8.889267,2.690654,1.4754730453121465
664.0,24.0,-3.6924320850951338,-6.600096,-1.70097,-4.007103903710945
664.0,25.0,-4.714110813458814,-16.396214,-3.435911,-5.028782632074625
664.0,29.0,-10.482984503373713,-18.405597,-8.787844,-10.797656321989523
664.0,31.0,-8.427217512716966,102.760521,-7.683445,-8.741889331332777
665.0,2.0,3.7840631132879032,7.647479,5.155234,6.643366826799429
665.0,5.0,8.14006949932915,9.421107,9.067097,10.999373212840675
665.0,6.0,5.917365442175783,5.691649,6.686395,8.776669155687308
665.0,12.0,1.6413023693879794,2.066845,2.622091,4.500606082899505
665.0,25.0,-6.913675256509209,-7.467038,-3.471822,-4.054371542997683
665.0,29.0,-12.876152432621614,-9.424521,-8.805975,-10.016848719110088
666.0,2.0,3.745026240619395,12.301384,5.117032,5.937026852128921
666.0,5.0,8.247213011496349,12.12301,8.98507,10.439213623005875
666.0,6.0,5.979016059071918,9.931002,6.683193,8.171016670581444
666.0,12.0,1.2737032306683087,8.772285,2.575275,3.4657038421778346
666.0,19.0,9.933413409952063,13.540514,10.410669,12.125414021461589
666.0,25.0,-7.809852544177066,-0.087812,-3.476985,-5.6178519326675405
666.0,29.0,-12.754644828272728,-6.184883,-8.799302,-10.562644216763202
667.0,2.0,4.058921541812042,1.662919,5.107197,5.124080825837828
667.0,5.0,8.503834061760053,2.667856,8.941727,9.568993345785838
667.0,6.0,6.850366179054805,5.78995,6.673111,7.9155254630805905
667.0,12.0,1.3004340091049373,-0.421718,2.571863,2.365593293130723
667.0,19.0,10.048973270783863,25.666701,10.380018,11.114132554809649
667.0,24.0,-4.692916380900184,-12.366837,-1.834222,-3.627757096874398
667.0,25.0,-6.605748564711997,-5.067594,-3.452891,-5.540589280686212
667.0,29.0,-11.886120633609131,-8.638193,-8.762736,-10.820961349583346
668.0,2.0,4.069615829064857,-0.072109,5.104801,5.115327934834149
668.0,5.0,8.459930151717751,9.089137,8.942323,9.505642257487043
668.0,6.0,6.891630413087557,4.242492,6.650062,7.937342518856849
668.0,12.0,1.2987990311040356,1.321608,2.583647,2.3445111368733276
668.0,19.0,10.118050238884635,22.501576,10.347367,11.163762344653927
668.0,24.0,-4.709842744408241,21.140919,-1.80074,-3.664130638638949
668.0,25.0,-6.539897643802183,-9.922253,-3.435518,-5.494185538032891
668.0,29.0,-11.83019582607425,-12.71882,-8.731265,-10.784483720304959
669.0,2.0,4.119989076684226,5.43889,5.06118,5.223237532487988
669.0,5.0,8.479435686401077,9.627019,8.954748,9.582684142204839
669.0,6.0,6.9572275826105745,6.706127,6.587396,8.060476038414336
669.0,12.0,1.373185313915048,3.957587,2.557337,2.4764337697188097
669.0,19.0,10.192949527172885,33.915995,10.302362,11.296197982976647
669.0,24.0,-4.6960336952673325,-12.418211,-1.751637,-3.592785239463571
669.0,25.0,-6.439539868149222,-1.614388,-3.464712,-5.33629141234546
669.0,29.0,-11.819171611630463,-7.494569,-8.726861,-10.715923155826701
670.0,2.0,4.103211699330479,7.339337,5.042595,5.2364998577471775
670.0,5.0,8.529828077991944,3.313033,9.015954,9.663116236408642
670.0,6.0,6.956899102362582,8.047031,6.558328,8.090187260779281
670.0,12.0,1.355975125553047,1.136752,2.542622,2.4892632839697457
670.0,19.0,10.386115417244053,16.373639,10.312538,11.519403575660752
670.0,24.0,-4.705611510144423,3.437726,-1.711525,-3.572323351727724
670.0,25.0,-6.516725349913409,-5.369493,-3.515234,-5.38343719149671
670.0,29.0,-11.96014245485334,-9.243966,-8.771249,-10.826854296436641
671.0,2.0,4.046934622301273,4.711839,5.327626,5.248409787634677
671.0,5.0,8.480246764396764,8.023215,9.153415,9.681721929730168
671.0,6.0,6.954998021238246,5.816149,6.670212,8.156473186571649
671.0,12.0,1.2548017948374284,3.011145,2.888978,2.4562769601708325
671.0,19.0,10.47491172161327,21.129041,10.275211,11.676386886946673
671.0,24.0,-4.8825819533358965,-11.098015,-1.504043,-3.6811067880024924
671.0,25.0,-6.70348139576373,-2.314839,-3.202966,-5.502006230430326
671.0,29.0,-12.175978765417334,-7.481811,-8.527359,-10.97450360008393
672.0,2.0,4.078747364180545,7.761233,5.665118,5.7202557212194325
672.0,5.0,8.391933431314854,6.093687,9.266209,10.033441788353741
672.0,6.0,6.916636867149919,7.845265,6.759556,8.558145224188806
672.0,12.0,1.695452389471967,6.881216,3.331432,3.3369607465108544
672.0,24.0,-4.380839175168297,17.435172,-1.20451,-2.7393308181294094
672.0,25.0,-5.171418291299028,-0.87454,-2.757086,-3.5299099342601403
672.0,29.0,-11.806059860904716,-5.218599,-8.126277,-10.164551503865829
673.0,2.0,4.042293965883276,0.939792,5.746271,5.741558054486447
673.0,5.0,8.417553997133735,4.891093,9.355596,10.116818085736906
673.0,6.0,6.919088827637527,3.005677,6.744148,8.618352916240697
673.0,12.0,1.6475805096031726,-0.657023,3.456007,3.346844598206343
673.0,24.0,-4.689341146202806,14.582709,-1.05738,-2.9900770575996356
673.0,25.0,-5.378196460744797,-9.954725,-2.660447,-3.6789323721416265
673.0,29.0,-11.989716444596418,-9.53032,-8.02769,-10.290452355993247
674.0,2.0,4.89923989029328,5.721685,5.855816,4.630301286823617
674.0,5.0,9.969591113510926,4.791714,9.395778,9.700652510041262
674.0,6.0,7.510911765830266,2.606215,6.793103,7.241973162360603
674.0,12.0,1.6885856123527914,1.851653,3.587081,1.419647008883128
674.0,24.0,-3.8707578541457783,42.164042,-0.990822,-4.139696457615441
674.0,25.0,-4.86709314169186,-6.321421,-2.535918,-5.136031745161523
674.0,29.0,-10.795232155731815,-9.234374,-7.931471,-11.06417075920148
674.0,31.0,-8.740080445601913,12.729329,-7.508672,-9.009019049071577
675.0,2.0,4.040111130255415,8.606269,5.984513,5.140483604827919
675.0,5.0,8.529927500587432,10.004866,9.463822,9.630299975159936
675.0,6.0,7.005698101766516,7.228746,6.874347,8.10607057633902
675.0,12.0,1.2510934396197744,3.297386,3.723722,2.3514659141922785
675.0,19.0,10.559291765551574,20.473185,10.102475,11.659664240124078
675.0,24.0,-4.880300972549931,-7.698014,-0.944209,-3.7799284979774272
675.0,25.0,-6.763231487554639,-4.340048,-2.426841,-5.662859012982135
675.0,29.0,-12.19851726482134,-9.36364,-7.87433,-11.098144790248837
676.0,2.0,4.028316426492009,10.794991,6.0263,5.1680774278839285
676.0,5.0,8.537100368112851,8.936776,9.530208,9.67686136950477
676.0,6.0,6.996536661518239,9.721112,6.898367,8.13629766291016
676.0,12.0,1.2610252498261474,8.511557,3.765888,2.400786251218067
676.0,19.0,10.529514040707731,5.087043,10.136281,11.66927504209965
676.0,24.0,-4.8612772121592736,-4.16245,-0.913282,-3.721516210767354
676.0,25.0,-6.750997880593974,-3.073832,-2.420768,-5.611236879202054
676.0,29.0,-12.14578540548604,-4.72122,-7.891489,-11.00602440409412
677.0,2.0,3.5242836620692692,6.16028,6.05685,5.284952122632042
677.0,5.0,8.345777626422258,6.504621,9.633485,10.10644608698503
677.0,6.0,6.021518173723952,9.915551,6.891718,7.782186634286725
677.0,12.0,1.0652375823757447,4.209424,3.8072,2.8259060429385174
677.0,19.0,10.576584025919322,9.028628,10.155652,12.337252486482095
677.0,25.0,-7.81643629175288,-4.723125,-2.433565,-6.055767831190107
677.0,29.0,-12.82065594383366,-8.924749,-7.915246,-11.059987483270888
678.0,2.0,3.5174719149278,8.136816,6.065323,6.024299607139602
678.0,5.0,8.287323045172569,3.940512,9.672122,10.79415073738437
678.0,6.0,5.898441237188991,10.43926,6.878252,8.405268929400794
678.0,12.0,1.4605219550190283,3.468855,3.825782,3.9673496472308303
678.0,25.0,-6.82740185096696,-2.410741,-2.43283,-4.320574158755158
678.0,29.0,-12.780856149122759,-7.267778,-7.912209,-10.274028456910957
679.0,2.0,3.4769419440633564,1.520078,6.045842,6.038519841087724
679.0,5.0,8.383402632849926,8.792588,9.69374,10.944980529874293
679.0,6.0,5.846188860098075,3.319263,6.870938,8.407766757122442
679.0,12.0,1.4196512728457567,-0.520667,3.79984,3.981229169870124
679.0,25.0,-6.839485801555929,-7.428075,-2.475877,-4.277907904531562
679.0,29.0,-12.798852273634154,-10.228274,-7.956643,-10.237274376609786
680.0,2.0,4.335801883741461,3.521012,5.979148,4.561940294745982
680.0,5.0,10.306473681336666,7.718995,9.756043,10.532612092341187
680.0,6.0,6.459292163914483,4.311977,6.829432,6.685430574919005
680.0,12.0,1.4447061648814854,2.874666,3.720614,1.6708445758860067
680.0,25.0,-5.990120351504465,-12.12232,-2.602337,-5.763981940499944
680.0,29.0,-11.478238537847663,-9.800198,-8.074024,-11.25210012684314
680.0,31.0,-9.953448605010102,-4.083822,-7.831227,-9.72731019400558
681.0,2.0,4.453811684199719,4.414128,5.999593,4.791288489837615
681.0,5.0,10.274240075909942,11.259126,9.913947,10.611716881547839
681.0,6.0,6.5282311807877855,6.31796,6.830654,6.865707986425681
681.0,12.0,1.562968912442674,1.803933,3.736548,1.9004457180805698
681.0,25.0,-5.9493171547963835,-7.95434,-2.680328,-5.611840349158488
681.0,29.0,-11.557530294161966,-9.191598,-8.178427,-11.22005348852407
681.0,31.0,-9.875364590525763,-24.416924,-7.995576,-9.537887784887866
682.0,2.0,4.1953972736055745,8.16925,6.013657,4.182520702787556
682.0,5.0,10.480228814654486,8.374138,10.037157,10.467352243836467
682.0,6.0,6.308429804993921,7.436301,6.858752,6.295553234175903
682.0,12.0,1.2549237845927141,2.335537,3.728962,1.2420472137746958
682.0,25.0,-6.047372342480464,-6.495075,-2.769368,-6.060248913298482
682.0,29.0,-11.374049472908117,-10.332093,-8.305772,-11.386926043726136
682.0,31.0,-10.051935829263796,-1.380047,-8.130259,-10.064812400081815
683.0,2.0,4.088155706328926,1.274989,6.011475,4.014328581187321
683.0,5.0,10.54075030999442,5.95664,10.151052,10.466923184852815
683.0,6.0,6.281753134103667,6.939108,6.86092,6.207926008962062
683.0,12.0,1.2392933126386216,-1.542429,3.7144,1.165466187497017
683.0,25.0,-5.947827893567964,-5.961577,-2.857023,-6.021655018709568
683.0,29.0,-11.307136418966595,-11.738611,-8.415123,-11.3809635441082
683.0,31.0,-10.041544237463446,-7.276937,-8.261892,-10.115371362605051
684.0,2.0,4.4094840561089175,2.59904,6.019007,3.9319753963865356
684.0,5.0,10.585460523457366,4.058465,10.28258,10.107951863734984
684.0,6.0,6.933489897283656,4.816401,6.826347,6.455981237561274
684.0,12.0,1.4017743283096697,1.595775,3.736483,0.9242656685872876
684.0,24.0,-2.854343471016417,-9.675213,-0.601393,-3.331852130738799
684.0,25.0,-5.176147890674028,-5.747649,-2.905967,-5.65365655039641
684.0,29.0,-10.91847394834921,-10.679097,-8.46444,-11.395982608071591
684.0,31.0,-9.494109706787105,60.010647,-8.3994,-9.971618366509487
685.0,2.0,4.1002271963456645,1.117883,5.756673,3.8501361567690515
685.0,5.0,10.129358344488828,5.996117,10.111924,9.879267304912215
685.0,6.0,6.487114786770575,0.257999,6.666976,6.2370237471939625
685.0,12.0,1.3193291765696484,-3.213504,3.459607,1.0692381369930355
685.0,24.0,-3.0097311293612283,-13.234652,-0.715188,-3.2598221689378413
685.0,25.0,-4.934030095243375,-11.233761,-3.107723,-5.184121134819987
685.0,29.0,-10.52317634271563,-14.636356,-8.560376,-10.773267382292243
685.0,31.0,-9.260325278361382,70.819116,-8.374954,-9.510416317937995
686.0,2.0,4.310701621824773,2.469117,5.074712,3.9323261596062915
686.0,5.0,10.649990139406924,4.281896,9.571929,10.271614677188442
686.0,6.0,6.729890367363787,5.224457,6.307914,6.351514905145305
686.0,12.0,1.3758049808342339,2.220303,2.711794,0.9974295186157524
686.0,24.0,-2.383365938618243,-3.966643,-1.124245,-2.7617414008367245
686.0,25.0,-5.108906362267514,-5.752534,-3.615302,-5.487281824485995
686.0,29.0,-10.860728189799733,-9.763994,-8.81049,-11.239103652018215
686.0,31.0,-9.54315786975483,31.486279,-8.212345,-9.921533331973313
687.0,2.0,4.216895027538506,-1.035784,4.79087,3.9342238205791573
687.0,5.0,10.668648972185153,11.029385,9.571661,10.385977765225805
687.0,6.0,6.481018115687044,1.272096,6.110168,6.198346908727696
687.0,12.0,1.3163437838956904,-2.396426,2.410931,1.033672576936342
687.0,24.0,-2.188715133961816,-12.430305,-1.155736,-2.4713863409211645
687.0,25.0,-5.114669167549331,-9.715207,-3.944691,-5.397340374508679
687.0,29.0,-10.843590384463274,-14.947515,-9.040761,-11.126261591422622
687.0,31.0,-9.514347571037582,46.122064,-8.391512,-9.79701877799693
688.0,2.0,4.2510202453719055,-6.113321,4.771994,4.0113913880235454
688.0,5.0,10.712657573085353,6.67349,9.903354,10.473028715736994
688.0,6.0,6.542774133695439,-6.4649,5.919735,6.303145276347079
688.0,12.0,1.353402776946039,-4.535856,2.474622,1.113773919597679
688.0,24.0,-2.052051983323808,-5.158068,-0.786306,-2.291680840672168
688.0,25.0,-5.095327394510021,-14.399417,-4.042914,-5.334956251858381
688.0,29.0,-10.888144768767974,-14.352724,-9.076938,-11.127773626116333
688.0,31.0,-9.545330887043642,59.847258,-8.748276,-9.784959744392001
689.0,2.0,4.25136642266727,4.486172,4.467842,4.039004637320004
689.0,5.0,10.748929192594703,7.045834,9.845717,10.536567407247437
689.0,6.0,6.600621635264123,1.887358,5.772736,6.3882598499168575
689.0,12.0,1.3897004791322578,-2.801824,2.116003,1.177338693784992
689.0,24.0,-1.7857438776000922,-8.206075,-0.937787,-1.9981056629473581
689.0,25.0,-5.106138289714801,-11.252155,-4.414251,-5.318500075062067
689.0,29.0,-10.973584375034354,-13.135696,-9.373668,-11.18594616038162
689.0,31.0,-9.662901562929694,9.258274,-8.887265,-9.87526334827696
690.0,2.0,4.305393433968,-0.655119,4.421569,4.50618774918463
690.0,5.0,10.88997199485213,8.324299,10.010235,11.09076631006876
690.0,6.0,6.57669362410284,-2.411693,5.652371,6.777487939319469
690.0,12.0,1.2600118886106602,-1.581453,2.109179,1.4608062038272895
690.0,19.0,11.134117707552686,5.895047,10.136183,11.334912022769316
690.0,24.0,-1.8936783303124436,-3.790218,-0.758068,-1.6928840150958142
690.0,25.0,-6.063271967468247,-7.959472,-4.505146,-5.862477652251618
690.0,29.0,-12.042271422423466,-16.273735,-9.421182,-11.841477107206837
690.0,31.0,-10.378231183258114,76.417866,-9.08766,-10.177436868041484
691.0,2.0,4.10869160670753,4.175014,4.139177,4.390731684606385
691.0,5.0,11.053023947334005,8.781926,9.842866,11.33506402523286
691.0,6.0,6.220904849798732,7.301476,5.456661,6.5029449276975875
691.0,12.0,1.1501281159734695,1.713545,1.825108,1.4321681938723247
691.0,19.0,11.002305650438696,13.582132,10.024119,11.284345728337552
691.0,24.0,-1.7166054942509303,-6.543807,-0.837155,-1.4345654163520751
691.0,25.0,-6.017129084243908,-5.483057,-4.712348,-5.735089006345053
691.0,29.0,-11.916296904646417,-8.287866,-9.501813,-11.634256826747562
691.0,31.0,-10.3170106761771,-32.189142,-9.076134,-10.034970598278244
692.0,2.0,4.1599332748829845,-2.183497,4.002702,4.426149688011318
692.0,5.0,11.118335948332007,9.422372,9.775464,11.38455236146034
692.0,6.0,6.234589533966926,0.531635,5.301476,6.50080594709526
692.0,12.0,1.192261886039339,-4.215113,1.726141,1.458478299167672
692.0,19.0,10.972428854078332,3.485815,9.884083,11.238645267206666
692.0,24.0,-1.6304784413442501,6.34931,-0.776102,-1.3642620282159172
692.0,25.0,-5.953014410126916,-11.8555,-4.765677,-5.686797996998583
692.0,29.0,-11.880539442161686,-14.050471,-9.458055,-11.614323029033352
692.0,31.0,-10.276982071854976,-17.703596,-9.074739,-10.010765658726642
693.0,2.0,4.284419444847091,-0.387042,4.061809,4.5615279166523655
693.0,5.0,11.306443257954184,14.725126,9.796321,11.583551729759458
693.0,6.0,6.220793906687204,3.135191,5.182493,6.497902378492478
693.0,12.0,1.268466120861551,-4.477516,1.891262,1.545574592666825
693.0,19.0,10.883108063969,2.714113,9.651448,11.160216535774275
693.0,24.0,-1.4455251764886636,-6.272359,-0.511713,-1.1684167046833898
693.0,25.0,-5.97165408143093,-12.02825,-4.562612,-5.6945456096256555
693.0,29.0,-11.890175854617384,-12.888356,-9.17806,-11.61306738281211
693.0,31.0,-10.296534010986237,-20.265127,-9.031228,-10.019425539180963
694.0,2.0,4.316296297371074,5.416841,4.108753,4.627414307658658
694.0,5.0,11.356840345402485,7.846007,9.858852,11.667958355690068
694.0,6.0,6.20494851683538,3.532201,5.104254,6.516066527122963
694.0,12.0,1.3296879824919516,3.941135,2.007954,1.640805992779535
694.0,19.0,10.90032284853885,6.132407,9.519154,11.211440858826434
694.0,24.0,-1.361016092950078,4.589226,-0.31438,-1.0498980826624946
694.0,25.0,-5.910560573274424,-4.866444,-4.449491,-5.59944256298684
694.0,29.0,-11.857470466504527,-6.333807,-9.022351,-11.546352456216944
694.0,31.0,-10.312764439021183,-21.608506,-9.052075,-10.0016464287336
695.0,2.0,4.334024517542241,7.366939,4.168377,4.769921171462446
695.0,5.0,11.47997818974881,16.870986,9.959012,11.915874843669014
695.0,6.0,6.210788923657619,6.515213,5.00934,6.6466855775778235
695.0,12.0,1.3923840276212358,3.83944,2.151129,1.8282806815414405
695.0,19.0,11.120250107153188,12.208029,9.370135,11.556146761073393
695.0,24.0,-1.0655546810337766,-1.720195,-0.065066,-0.629658027113572
695.0,25.0,-5.969805434077602,-1.248232,-4.32523,-5.533908780157398
695.0,29.0,-11.985099705856094,-6.511411,-8.8503,-11.549203051935889
695.0,31.0,-10.619558138917444,-17.889749,-9.102881,-10.18366148499724
696.0,2.0,4.341063743921591,9.465066,4.157417,4.86963623704788
696.0,5.0,11.322002873121408,-19.869943,9.998441,11.850575366247696
696.0,6.0,6.160136382169951,6.552521,4.818882,6.688708875296239
696.0,12.0,1.5148621681109944,7.310999,2.254889,2.0434346612372827
696.0,19.0,11.174422861635176,10.706104,9.10944,11.702995354761464
696.0,24.0,-1.2139458550262,3.697388,0.232435,-0.6853733618999116
696.0,25.0,-5.628471663133177,-1.058731,-4.196081,-5.099899170006889
696.0,29.0,-11.772354003245812,-5.759601,-8.608697,-11.243781510119524
696.0,31.0,-10.379059967325512,-14.197031,-9.120397,-9.850487474199223
697.0,2.0,4.287234504849006,6.247796,4.170967,4.779976158060735
697.0,5.0,11.446102475283064,28.514208,10.030662,11.938844128494793
697.0,6.0,6.051096944532609,4.481978,4.732726,6.543838597744338
697.0,12.0,1.4617821246103988,0.801555,2.329207,1.954523777822128
697.0,19.0,11.173800620015058,8.653617,8.98132,11.666542273226787
697.0,24.0,-0.9864886212202989,-8.289991,0.393463,-0.49374696800856976
697.0,25.0,-5.687574580830916,-3.360641,-4.113875,-5.194832927619188
697.0,29.0,-11.796377953702471,-5.250016,-8.476923,-11.303636300490743
697.0,31.0,-10.489021501879472,-6.946067,-9.130569,-9.996279848667744
698.0,2.0,4.040842026409896,6.135514,4.095726,4.304115764014568
698.0,5.0,11.65646691298955,5.033484,10.001939,11.919740650594223
698.0,6.0,5.8823988742857996,4.50094,4.600481,6.145672611890472
698.0,12.0,1.1882976194335964,1.447396,2.304693,1.451571357038269
698.0,19.0,11.267830435940153,9.706074,8.836904,11.531104173544826
698.0,24.0,-0.6694500752761688,5.70453,0.503055,-0.40617633767149636
698.0,25.0,-5.878845097127011,-3.893546,-4.105486,-5.615571359522339
698.0,29.0,-11.785133052482124,-8.674036,-8.387351,-11.521859314877451
698.0,31.0,-10.765817597949008,-22.328533,-9.130563,-10.502543860344336
699.0,2.0,4.293912350226069,11.642386,4.06569,4.527703120470074
699.0,5.0,11.716952400923153,12.809028,9.988925,11.950743171167158
699.0,6.0,5.985828328470596,8.457554,4.501592,6.219619098714601
699.0,12.0,1.449661176183871,8.175473,2.325581,1.6834519464278754
699.0,19.0,11.329692899482836,11.139981,8.707124,11.56348366972684
699.0,24.0,-0.48535657435798296,-6.49118,0.618994,-0.25156580411397844
699.0,25.0,-5.878264641685141,3.41814,-4.057519,-5.644473871441137
699.0,29.0,-11.920937121079735,-1.052027,-8.277985,-11.68714635083573
699.0,31.0,-10.765868590875595,-8.854193,-9.120113,-10.53207782063159
700.0,2.0,4.322563048915753,7.253538,4.092192,4.55225707203558
700.0,5.0,11.82760653820772,4.67311,10.105322,12.057300561327546
700.0,6.0,5.888199023982526,3.235905,4.383177,6.117893047102353
700.0,12.0,1.4865261731991346,5.509447,2.432717,1.7162201963189614
700.0,19.0,11.395834488084347,15.741236,8.565304,11.625528511204173
700.0,24.0,-0.14455605000100846,-2.117169,0.86991,0.08513797311881832
700.0,25.0,-5.952756566817972,-4.972729,-3.982897,-5.723062543698145
700.0,29.0,-12.03191719475746,-6.503566,-8.146899,-11.802223171637634
700.0,31.0,-10.989872882473236,-13.177881,-9.210046,-10.76017885935341
701.0,2.0,4.657862635392704,4.948964,4.125311,4.8346884293770325
701.0,5.0,11.749008975077407,10.538747,10.246654,11.925834769061735
701.0,6.0,6.222333353794901,2.497602,4.276142,6.399159147779229
701.0,12.0,1.8607976603074716,3.569766,2.540328,2.0376234542917997
701.0,19.0,11.484683961037668,9.955937,8.449101,11.661509755021996
701.0,24.0,-0.13963135459867726,5.2925,1.1179,0.03719443938565081
701.0,25.0,-5.845930517500357,-7.774876,-3.924839,-5.669104723516029
701.0,29.0,-12.167990991167764,-6.054037,-8.04343,-11.991165197183436
701.0,31.0,-10.920417727362391,-18.455962,-9.325421,-10.743591933378063
702.0,2.0,4.75633068093452,7.156818,4.252552,5.0265466023562535
702.0,5.0,11.797594209002263,9.941845,10.380855,12.067810130423997
702.0,6.0,6.2029107726295285,6.163808,4.293545,6.473126694051262
702.0,12.0,1.9543605287714785,5.387554,2.710622,2.2245764501932124
702.0,19.0,11.374855091332542,6.216675,8.425228,11.645071012754276
702.0,24.0,0.009188289384374104,1.904401,1.28138,0.279404210806108
702.0,25.0,-5.90619633986048,-6.727694,-3.806394,-5.635980418438746
702.0,29.0,-12.265401698856351,-3.611941,-7.948734,-11.995185777434617
702.0,31.0,-11.128343324883266,-10.714342,-9.384002,-10.858127403461532
703.0,2.0,4.764000909859084,5.681621,4.346265,4.926145812240185
703.0,5.0,11.782489337031967,15.143253,10.495268,11.944634239413068
703.0,6.0,6.263319843425557,1.762585,4.331547,6.425464745806658
703.0,12.0,2.0037704670339984,4.329771,2.818789,2.1659153694150994
703.0,19.0,11.463537640070541,10.014316,8.456125,11.625682542451642
703.0,24.0,0.0538263918037466,4.309175,1.366638,0.21597129418484762
703.0,25.0,-5.857995278451203,-2.486716,-3.753388,-5.695850376070102
703.0,29.0,-12.246642798707237,-5.423735,-7.932234,-12.084497896326136
703.0,31.0,-11.05341070686186,-16.40718,-9.449638,-10.891265804480758
704.0,2.0,4.747553526903217,5.157274,4.388032,4.913372930068539
704.0,5.0,11.766152480225335,16.454478,10.606243,11.931971883390657
704.0,6.0,6.209038916570687,5.923285,4.335101,6.37485831973601
704.0,12.0,1.997355741017385,3.864577,2.871036,2.1631751441827074
704.0,19.0,11.353183746153617,5.589219,8.484899,11.519003149318939
704.0,24.0,0.14649618093557748,2.269694,1.442689,0.3123155841008999
704.0,25.0,-5.982531727897905,0.073872,-3.760017,-5.816712324732583
704.0,29.0,-12.38324228536967,-5.821185,-7.957728,-12.217422882204348
704.0,31.0,-11.225009249043454,-15.502803,-9.544678,-11.059189845878132
705.0,2.0,4.737277918684598,6.878327,4.43246,4.936099898263958
705.0,5.0,11.89462812618724,11.470636,10.779998,12.0934501057666
705.0,6.0,6.161052506694218,7.89633,4.308061,6.359874486273577
705.0,12.0,1.9932313395934882,9.212781,2.941444,2.192053319172848
705.0,19.0,11.449228267314334,9.76954,8.500529,11.648050246893694
705.0,24.0,0.2910041269170226,6.962398,1.587682,0.4898261064963826
705.0,25.0,-5.855262855785825,-4.039667,-3.778886,-5.6564408762064655
705.0,29.0,-12.187092924933202,-4.410482,-7.986839,-11.988270945353841
705.0,31.0,-11.213168712607079,-14.247234,-9.70338,-11.014346733027718
706.0,2.0,4.640128503820144,6.573477,4.481755,4.928185833609111
706.0,5.0,11.939177683392238,10.165697,10.954847,12.227235013181204
706.0,6.0,5.994051056770916,5.885538,4.274365,6.282108386559883
706.0,12.0,1.8988079346931332,2.832297,3.023497,2.1868652644821003
706.0,19.0,11.45952205888217,13.77663,8.5015,11.747579388671138
706.0,24.0,0.4101789770842136,2.197456,1.749284,0.6982363068731806
706.0,25.0,-6.05165653362985,-1.069904,-3.783471,-5.763599203840883
706.0,29.0,-12.32157533870611,-9.395775,-7.997268,-12.033518008917142
706.0,31.0,-11.53457234769939,-14.411317,-9.858281,-11.246515017910422
707.0,2.0,4.2477694290418695,7.185342,4.697367,4.451381083728169
707.0,5.0,11.960346735836863,6.751946,11.112471,12.163958390523161
707.0,6.0,5.559881105994086,8.258177,4.345147,5.763492760680386
707.0,12.0,1.4945842805924814,6.567731,3.291057,1.6981959352787803
707.0,19.0,11.25341715539797,12.499375,8.483565,11.45702881008427
707.0,24.0,0.5317483124375978,-3.824732,1.941289,0.7353599671238967
707.0,25.0,-6.4122579131844555,-10.068814,-3.57098,-6.208646258498156
707.0,29.0,-12.45029938625927,-2.087358,-7.838645,-12.24668773157297
707.0,31.0,-11.76030376536412,-11.635301,-9.885449,-11.55669211067782
708.0,2.0,4.437035051496504,9.421769,4.898459,4.578584610511874
708.0,5.0,12.026226866655907,7.256854,11.268702,12.167776425671278
708.0,6.0,5.726407530167405,8.58511,4.394505,5.8679570891827755
708.0,12.0,1.757790906783712,7.89329,3.5507,1.8993404657990824
708.0,19.0,11.216800983522848,16.432625,8.446464,11.358350542538219
708.0,24.0,0.681112281852326,-0.846948,2.149044,0.8226618408676963
708.0,25.0,-6.305190703511894,-15.65005,-3.363806,-6.163641144496523
708.0,29.0,-12.419800570795887,0.611884,-7.672917,-12.278251011780517
708.0,31.0,-11.808748463191039,-17.446526,-9.917985,-11.667198904175669
709.0,2.0,4.355845347007492,4.533055,4.955746,4.449853758473367
709.0,5.0,12.082876596000013,13.15711,11.350321,12.176885007465888
709.0,6.0,5.634090715360762,3.442635,4.389739,5.7280991268266375
709.0,12.0,1.6973126409415293,4.386711,3.634704,1.7913210524074046
709.0,19.0,11.205242886681193,12.871099,8.42909,11.299251298147068
709.0,24.0,0.8118604212266928,3.309306,2.24837,0.905868832692568
709.0,25.0,-6.33915169809264,-11.23413,-3.31298,-6.245143286626765
709.0,29.0,-12.41408693086737,-6.422785,-7.629389,-12.320078519401495
709.0,31.0,-11.816845386013574,-19.901772,-9.965783,-11.722836974547699
710.0,2.0,4.1991199947145885,2.435857,5.012358,4.488774439793325
710.0,5.0,12.519631602656817,17.305909,11.466117,12.809286047735553
710.0,6.0,5.334257949106839,4.176604,4.369842,5.6239123941855755
710.0,12.0,1.7009497895371375,2.384298,3.724463,1.9906042346158732
710.0,19.0,10.75910499981013,8.599645,8.409129,11.048759444888866
710.0,24.0,0.40298653229107095,2.639176,2.380284,0.6926409773698067
710.0,29.0,-12.699963309066002,-8.348841,-7.594254,-12.410308863987266
710.0,31.0,-11.875565118140523,-17.834354,-10.050128,-11.585910673061788
711.0,2.0,4.335246594790057,5.992329,4.989492,4.574992936046729
711.0,5.0,12.667130327249659,18.972924,11.588879,12.906876668506332
711.0,6.0,5.471899321830441,4.725369,4.285964,5.711645663087113
711.0,12.0,1.8652427258866258,4.13201,3.73492,2.104989067143298
711.0,19.0,10.908139450927996,11.73939,8.375702,11.147885792184667
711.0,24.0,0.5604096056526106,-8.964556,2.519477,0.8001559469092826
711.0,29.0,-12.549026521763583,-1.616637,-7.616847,-12.30928018050691
711.0,31.0,-12.044317511611117,-15.018711,-10.191386,-11.804571170354446
712.0,2.0,3.9782783663695347,5.732341,4.98114,4.3493672239284855
712.0,5.0,12.200301372181755,12.338911,11.731339,12.571390229740706
712.0,6.0,5.1118465779309945,2.852196,4.215329,5.482935435489945
712.0,12.0,1.3952615636017942,-2.223571,3.757072,1.7663504211607446
712.0,19.0,10.967922269895942,4.903166,8.359593,11.339011127454892
712.0,24.0,1.0485980130850985,1.707276,2.660855,1.4196868706440489
712.0,25.0,-6.719299226176431,5.60998,-3.375635,-6.3482103686174804
712.0,29.0,-12.585502777466262,-1.628782,-7.650213,-12.214413919907312
712.0,31.0,-12.606182621198492,-13.95302,-10.34645,-12.235093763639542
713.0,2.0,3.3691981833963482,9.151552,5.045757,3.4814214249439988
713.0,5.0,12.478349759966655,13.830662,11.942444,12.590573001514304
713.0,6.0,4.544878330933727,2.961778,4.173583,4.657101572481378
713.0,12.0,0.8117301141688341,8.498294,3.864823,0.9239533557164846
713.0,19.0,11.625200681218992,11.292433,8.353922,11.737423922766641
713.0,25.0,-6.828065544523652,-3.505016,-3.370637,-6.715842302976002
713.0,29.0,-12.533644218240534,-2.662326,-7.651462,-12.421420976692882
713.0,31.0,-12.983547659056741,-14.34811,-10.529005,-12.87132441750909
714.0,2.0,3.174527721853196,3.27276,5.006716,3.292072211437268
714.0,5.0,12.524495833812692,7.213177,11.978063,12.642040323396763
714.0,6.0,4.336036180882686,-0.694518,4.075216,4.453580670466757
714.0,12.0,0.627421240271122,0.825731,3.868191,0.7449657298551936
714.0,19.0,11.448940256489676,15.063234,8.26319,11.566484746073748
714.0,25.0,-6.917422848966877,-5.693242,-3.373963,-6.799878359382806
714.0,29.0,-12.520902405576713,-2.446099,-7.603863,-12.403357915992641
714.0,31.0,-13.111684383563018,-14.783468,-10.580523,-12.994139893978947
715.0,2.0,3.926420469467663,6.92632,4.909863,5.067647061219443
715.0,5.0,11.9900362148615,11.764294,11.982551,13.131262806613279
715.0,6.0,4.445584495665216,1.763845,3.935978,5.586811087416995
715.0,12.0,1.059977464764315,4.351002,3.813442,2.2012040565160946
715.0,19.0,9.764421993901626,9.96136,8.150074,10.905648585653406
715.0,25.0,-6.717268999267966,6.656131,-3.421616,-5.576042407516186
715.0,29.0,-12.300104176788276,-3.925297,-7.574581,-11.158877585036496
715.0,31.0,-13.147040395780925,-15.257629,-10.633312,-12.005813804029145
716.0,2.0,4.559356803207349,1.396877,4.873497,5.447994933250465
716.0,5.0,11.868325261656866,10.588257,12.100386,12.756963391699982
716.0,6.0,5.084092764081755,-2.50509,3.858881,5.972730894124872
716.0,12.0,1.8046539532053787,0.371464,3.799915,2.6932920832484952
716.0,19.0,9.439519778436246,6.255669,8.138309,10.328157908479362
716.0,24.0,1.0155441133121323,9.386742,3.197095,1.9041822433552489
716.0,25.0,-5.903389773919807,1.617919,-3.499292,-5.014751643876691
716.0,29.0,-11.843619480380262,-4.308984,-7.62912,-10.954981350337146
716.0,31.0,-11.515729332853187,-25.045877,-10.780657,-10.627091202810071
717.0,2.0,2.848847939966963,1.0963,4.758766,4.286473545700092
717.0,5.0,10.26519600670094,4.326124,12.078622,11.702821612434068
717.0,6.0,3.8971258565730764,0.933599,3.799651,5.334751462306206
717.0,12.0,0.5824757578806768,-1.115469,3.668671,2.020101363613806
717.0,19.0,8.731437028879293,0.319251,8.152308,10.169062634612423
717.0,24.0,-0.17031976589436326,3.121133,3.147068,1.267305839838766
717.0,25.0,-7.35573684200627,6.299659,-3.634814,-5.918111236273141
717.0,29.0,-12.004932302840048,-3.625368,-7.735282,-10.567306697106918
718.0,2.0,2.6259995262235902,5.997443,4.766968,4.037796909848518
718.0,5.0,11.08726430160318,12.070872,12.114327,12.499061685228108
718.0,6.0,3.5725791250226617,3.179021,3.810872,4.984376508647589
718.0,12.0,0.33793014080782224,0.187408,3.672568,1.7497275244327497
718.0,19.0,8.38559108263924,11.079113,8.183224,9.797388466264167
718.0,24.0,-0.7035716232553081,5.282353,3.149672,0.7082257603696193
718.0,29.0,-12.115341854609719,-9.98419,-7.768946,-10.703544470984792
719.0,2.0,2.624387793279757,1.722427,4.786767,4.083155201189744
719.0,5.0,11.004549551936655,5.657528,12.14764,12.463316959846642
719.0,6.0,3.5122545066422277,-2.00335,3.834965,4.971021914552214
719.0,12.0,0.3556359091257154,-1.700055,3.685866,1.8144033170357021
719.0,19.0,8.35070310623491,4.695494,8.22078,9.809470514144897
719.0,24.0,-0.7581877326757712,-2.074739,3.145246,0.7005796752342154
719.0,29.0,-12.038125616842807,-3.228319,-7.79846,-10.57935820893282
720.0,2.0,2.0252000432883053,3.460051,4.785232,3.586760523865842
720.0,5.0,10.840294912406524,8.440205,12.160001,12.40185539298406
720.0,6.0,2.8152416128945674,-2.734837,3.858611,4.376802093472104
720.0,12.0,-0.06466561986657571,1.540416,3.669032,1.4968948607109613
720.0,19.0,8.373169450717057,6.89437,8.26719,9.934729931294594
720.0,29.0,-12.469176338968174,-3.505448,-7.849075,-10.907615858390637
721.0,2.0,2.6867894344345125,10.082012,4.746687,4.1572432624207645
721.0,5.0,11.021962122300385,12.187969,12.072827,12.492415950286638
721.0,6.0,3.576170960573979,4.993631,3.827506,5.046624788560231
721.0,12.0,0.4465990886010526,6.036734,3.640451,1.9170529165873047
721.0,19.0,8.479327125418473,10.657817,8.20774,9.949780953404726
721.0,24.0,-0.7882938175501356,4.778067,3.088446,0.6821600104361164
721.0,29.0,-12.10214161755116,-5.06876,-7.795151,-10.631687789564907
722.0,2.0,1.962101026304393,5.850971,4.777333,3.505196108919592
722.0,5.0,10.821419664187463,7.599194,12.032353,12.364514746802662
722.0,6.0,2.7179163248322,1.941343,3.820874,4.261011407447399
722.0,12.0,-0.10874263956498809,0.818508,3.696516,1.4343524430502113
722.0,19.0,8.276147182895736,10.966182,8.142723,9.819242265510935
722.0,29.0,-12.436990735479972,-5.338459,-7.6896,-10.893895652864773
723.0,2.0,1.7763674774085167,0.346723,4.71383,3.3309850707564586
723.0,5.0,10.567377694661321,8.469929,12.048922,12.121995288009263
723.0,6.0,2.5095115132173325,-2.006908,3.762078,4.064129106565274
723.0,12.0,-0.29352759959965014,-2.776942,3.639142,1.2610899937482918
723.0,19.0,7.944582425985177,7.224618,8.12743,9.49920001933312
723.0,29.0,-12.219494051411058,-7.991802,-7.733376,-10.664876458063116
724.0,2.0,2.567936463140473,2.053825,4.568755,3.9095041004977276
724.0,5.0,10.951781053411933,8.099958,11.959058,12.293348690769188
724.0,6.0,3.457796500614368,1.881826,3.706295,4.799364137971622
724.0,12.0,0.33854179863923306,0.497368,3.46569,1.6801094359964877
724.0,19.0,8.305507511887674,6.522457,8.137722,9.647075149244928
724.0,24.0,-0.736339506340559,0.64472,3.035014,0.6052281310166955
724.0,29.0,-12.021630237412255,-6.926164,-7.84158,-10.680062600055
725.0,2.0,2.7221224672890623,-0.137245,4.514341,4.0492540956076395
725.0,5.0,10.354878661921568,6.872799,11.877977,11.682010290240145
725.0,6.0,3.748617253302959,-0.178974,3.722217,5.075748881621536
725.0,12.0,0.47841640336016933,-2.881969,3.381942,1.8055480316787467
725.0,19.0,8.815001977122877,6.224244,8.171195,10.142133605441455
725.0,24.0,-0.048441913925397206,7.475299,2.922432,1.2786897143931801
725.0,25.0,-7.422962518763563,11.448176,-3.847054,-6.095830890444986
725.0,29.0,-11.982610514664659,-10.670203,-7.89686,-10.655478886346081
726.0,2.0,1.8957303379728812,2.838037,4.607573,3.3691402566591266
726.0,5.0,10.92279649745148,7.905416,11.878749,12.396206416137726
726.0,6.0,2.725310486423405,0.52078,3.75942,4.1987204051096505
726.0,12.0,-0.1721231142204972,0.09304,3.500547,1.3012868044657484
726.0,19.0,8.461995533480774,6.663312,8.134207,9.93540545216702
726.0,29.0,-12.525357416078652,-5.702657,-7.777571,-11.051947497392407
727.0,2.0,2.6556384292418276,6.949042,4.737715,4.036299318189246
727.0,5.0,11.22479097348715,12.85298,11.945273,12.605451862434567
727.0,6.0,3.6634889810276845,4.224249,3.833503,5.044149869975103
727.0,12.0,0.44033244038031316,6.528526,3.645324,1.8209933293277318
727.0,19.0,8.657097767720886,11.988856,8.155433,10.037758656668306
727.0,24.0,-0.5625512354402923,1.314079,3.033752,0.8181096535071263
727.0,29.0,-12.47147033274452,-5.874196,-7.704659,-11.090809443797102
728.0,2.0,2.552088881985857,5.519237,4.941462,3.6509223565986737
728.0,5.0,10.474635733617005,9.178735,12.09472,11.57346920822982
728.0,6.0,3.6178590891526134,2.995606,3.943052,4.71669256376543
728.0,12.0,0.2618662460703901,6.448294,3.871242,1.3606997206832068
728.0,19.0,8.723833886365565,14.506942,8.205084,9.822667360978382
728.0,24.0,0.27301038974369163,-0.342543,3.147384,1.3718438643565083
728.0,25.0,-7.494575147519057,-20.865131,-3.42801,-6.39574167290624
728.0,29.0,-12.027868168885348,-2.021764,-7.621398,-10.92903469427253
729.0,2.0,2.177733572637104,5.441707,4.748587,3.7868204210238403
729.0,5.0,9.886846740283117,10.179932,11.966905,11.495933588669853
729.0,6.0,2.9589714797243785,2.315403,3.826293,4.568058328111115
729.0,12.0,0.23857947663387147,5.612641,3.668347,1.847666325020608
729.0,24.0,-0.9226746622671432,-3.751935,3.064731,0.6864121861195932
729.0,29.0,-11.806565235188176,-0.432333,-7.691419,-10.19747838680144
730.0,2.0,4.299721044632265,3.115794,4.34539,4.259118878081541
730.0,5.0,12.333727604459513,10.06069,11.66665,12.293125437908788
730.0,6.0,4.8430543220884905,0.248919,3.369225,4.802452155537766
730.0,12.0,1.5914283873328499,-0.160487,3.383594,1.5508262207821257
730.0,19.0,9.424148940314534,42.329721,7.675942,9.383546773763811
730.0,24.0,2.178619820278401,5.330791,3.216443,2.138017653727677
730.0,25.0,-5.7274179740643145,-11.22768,-3.663349,-5.768020140615039
730.0,29.0,-11.492429270997606,-1.562661,-7.475964,-11.533031437548331
730.0,31.0,-11.63827063796704,-24.931453,-10.596793,-11.678872804517763
731.0,2.0,1.7224868190860656,2.684227,4.170444,3.4678570600543814
731.0,5.0,10.256800727519906,12.113519,11.592767,12.002170968488223
731.0,6.0,2.576127768729725,-0.276231,2.972156,4.321498009698041
731.0,12.0,-0.13487511181791334,1.923832,3.38575,1.6104951291504026
731.0,29.0,-12.528367926896218,-6.344719,-7.12279,-10.782997685927903
732.0,2.0,1.991880944687903,6.443449,4.280646,3.4515145537889884
732.0,5.0,10.24104631637308,12.583206,11.636639,11.700679925474166
732.0,6.0,2.93530698731424,3.707669,2.995917,4.394940596415325
732.0,12.0,-0.08731479537499454,4.868943,3.535165,1.3723188137260909
732.0,19.0,8.767442071844183,6.167035,7.14705,10.22707568094527
732.0,25.0,-7.987895290433312,7.247671,-3.407279,-6.528261681332227
732.0,29.0,-12.2615641462088,-5.766866,-6.988937,-10.801930537107715
733.0,2.0,2.739915226650334,5.227686,4.326363,3.949181180332065
733.0,5.0,10.569558135236255,14.737162,11.732736,11.778824088917986
733.0,6.0,3.7868929243093716,1.822204,3.019284,4.996158877991103
733.0,12.0,0.5165724526570584,4.606916,3.582902,1.7258384063387897
733.0,19.0,8.991241666071835,13.426908,7.194078,10.200507619753566
733.0,24.0,0.2048682321388976,7.162703,3.762512,1.4141341858206289
733.0,25.0,-7.443840616178313,2.755857,-3.413427,-6.234574662496581
733.0,29.0,-12.091217019329088,-9.563248,-7.024436,-10.881951065647357
734.0,2.0,3.968317494651212,6.531916,3.981499,4.70915747032055
734.0,5.0,11.444231067285987,8.628309,11.636089,12.185071042955325
734.0,6.0,4.450624853411659,3.755052,2.868927,5.1914648290809975
734.0,12.0,1.531654081836976,3.788558,3.169429,2.272494057506314
734.0,19.0,8.760462942058995,10.797165,7.259444,9.501302917728333
734.0,24.0,0.28736395797081193,12.518503,3.561175,1.02820393364015
734.0,25.0,-5.657874448508546,-10.01733,-3.82854,-4.917034472839209
734.0,29.0,-11.282558134657599,-5.071056,-7.360117,-10.54171815898826
734.0,31.0,-10.83703747136133,-12.303723,-10.746083,-10.096197495691992
735.0,2.0,3.993641006580541,9.449324,3.245927,4.1151902073478865
735.0,5.0,12.494656728910106,13.954697,11.292494,12.616205929677452
735.0,6.0,4.502552105817906,7.594334,2.681819,4.624101306585251
735.0,12.0,1.410096104955164,9.054391,2.209769,1.5316453057225088
735.0,19.0,9.027435976304412,12.776375,7.523705,9.148985177071758
735.0,24.0,0.8751773181183172,17.380577,2.882882,0.9967265188856621
735.0,29.0,-11.573565142713488,-4.00731,-8.161397,-11.452015941946144
735.0,31.0,-10.865993485997482,-24.746419,-10.891191,-10.744444285230138
736.0,2.0,2.545033675187031,5.283875,2.857984,3.5809941648973007
736.0,5.0,10.534864129872114,13.091251,11.116367,11.570824619582384
736.0,6.0,3.6773216975780185,4.066074,2.461482,4.713282187288288
736.0,12.0,0.30970898051751916,3.619165,1.783399,1.3456694702277892
736.0,19.0,9.046380145241919,13.337206,7.477741,10.082340634952189
736.0,24.0,0.028904153899699803,-8.983766,2.717877,1.0648646436099698
736.0,25.0,-7.4944968656464335,-0.058323,-5.113064,-6.458536375936164
736.0,29.0,-12.015096788501035,-7.431444,-8.398627,-10.979136298790765
737.0,2.0,2.6051338050983004,7.019858,2.980719,3.5722251796631426
737.0,5.0,10.614837320493038,13.94614,11.276511,11.58192869505788
737.0,6.0,3.788427300575999,3.726324,2.421196,4.755518675140841
737.0,12.0,0.4046917228665342,3.217212,1.983807,1.3717830974313765
737.0,19.0,9.16688823324377,9.944847,7.384774,10.133979607808612
737.0,24.0,0.04662916955381735,-6.437281,2.973367,1.0137205441186596
737.0,25.0,-7.496542681434305,3.072879,-4.96594,-6.529451306869463
737.0,29.0,-12.120579560106986,-4.383178,-8.245631,-11.153488185542145
738.0,2.0,4.471054429807353,6.589581,3.151506,4.390804948374731
738.0,5.0,12.384751856751087,11.078009,11.458268,12.304502375318465
738.0,6.0,5.198292427749171,3.891856,2.58655,5.1180429463165495
738.0,12.0,1.7378788423028784,3.000176,2.120989,1.6576293608702568
738.0,19.0,10.246964683964235,11.210145,7.574259,10.166715202531613
738.0,24.0,1.4889862167719086,5.343625,2.969647,1.408736735339287
738.0,25.0,-6.031778565330201,-1.0382,-4.93912,-6.112028046762823
738.0,29.0,-11.943172623094423,-8.241903,-8.341447,-12.023422104527045
738.0,31.0,-11.4258442160367,-10.394498,-11.135591,-11.506093697469321
739.0,2.0,4.597913450866423,9.922635,3.217212,4.310853002322192
739.0,5.0,12.416888415950819,13.489509,11.535767,12.129827967406587
739.0,6.0,5.407920629383155,5.821636,2.743478,5.120860180838925
739.0,12.0,1.905581767340605,6.491699,2.11344,1.6185213187963745
739.0,19.0,10.331162611482505,3.220612,7.797009,10.044102162938273
739.0,24.0,1.3953044509962682,3.914732,2.824525,1.1082440024520377
739.0,25.0,-5.9168602967468304,2.836805,-5.020467,-6.203920745291061
739.0,29.0,-11.840261119735514,5.324071,-8.530677,-12.127321568279744
739.0,31.0,-11.354281021196533,-14.472204,-11.20406,-11.641341469740762
740.0,2.0,4.645997442363286,8.547128,3.246495,4.49250244361626
740.0,5.0,12.32514511053273,15.444168,11.498453,12.171650111785706
740.0,6.0,5.497715149832735,5.70617,2.853302,5.344220151085709
740.0,12.0,1.9372352526979864,6.794307,2.09108,1.7837402539509606
740.0,19.0,10.475934622978212,5.529867,7.915959,10.322439624231187
740.0,24.0,1.2228954202375464,13.242667,2.6771,1.0694004214905206
740.0,25.0,-5.9744793902837054,-0.037348,-5.041371,-6.127974389030731
740.0,29.0,-11.937461068953334,-4.220732,-8.612476,-12.090956067700361
740.0,31.0,-11.175290508497488,-18.71685,-11.160544,-11.328785507244515
741.0,2.0,4.408522388727707,0.763251,3.433743,4.4017985518111935
741.0,5.0,12.224930501099704,7.814446,11.58958,12.21820666418319
741.0,6.0,5.249044064712334,4.181036,3.009814,5.24232022779582
741.0,12.0,1.6266527450247326,3.10937,2.266461,1.6199289081082189
741.0,19.0,10.396360392786427,5.816238,8.020871,10.389636555869913
741.0,24.0,1.1982883234546637,5.107021,2.680635,1.19156448653815
741.0,25.0,-6.115455898859797,-8.06415,-4.911004,-6.122179735776311
741.0,29.0,-12.006188936477894,-14.002213,-8.581397,-12.012912773394408
741.0,31.0,-10.936628611983116,9.547206,-11.149291,-10.94335244889963
742.0,2.0,4.316978127295011,8.52705,3.616781,4.313272497467065
742.0,5.0,12.186482046475488,17.126991,11.655855,12.182776416647542
742.0,6.0,5.185651300183645,8.229684,3.172974,5.1819456703557
742.0,12.0,1.524793329969314,8.443039,2.433175,1.5210877001413683
742.0,19.0,10.388647006465138,6.664822,8.125643,10.384941376637192
742.0,24.0,1.1950458897126692,6.284024,2.661535,1.1913402598847236
742.0,25.0,-6.098004573713717,4.880974,-4.776597,-6.101710203541662
742.0,29.0,-11.913499794599547,-9.810367,-8.546311,-11.917205424427493
742.0,31.0,-10.75565957417911,-10.833553,-11.11422,-10.759365204007056
743.0,2.0,4.486527717480815,4.543484,3.708545,4.455225690146233
743.0,5.0,12.195895848103028,10.652907,11.68773,12.164593820768445
743.0,6.0,5.41781311236696,4.892636,3.255478,5.386511085032378
743.0,12.0,1.7186321405554486,2.043145,2.517339,1.6873301132208665
743.0,19.0,10.578878388630898,7.092678,8.178877,10.547576361296315
743.0,24.0,1.050218321568515,9.562869,2.65072,1.018916294233933
743.0,25.0,-6.035551197506536,-4.682034,-4.708055,-6.066853224841118
743.0,29.0,-11.968165150259312,-11.822576,-8.528467,-11.999467177593894
743.0,31.0,-10.726306684235608,-15.512978,-11.095232,-10.75760871157019
744.0,2.0,4.869579885415639,9.928181,3.762012,4.774143577348324
744.0,5.0,12.222082329564001,15.500259,11.692739,12.126646021496686
744.0,6.0,5.8718051275491225,5.168275,3.321648,5.776368819481808
744.0,12.0,2.191406588347432,6.545765,2.556447,2.0959702802801172
744.0,19.0,10.832989890356483,12.954347,8.230257,10.737553582289168
744.0,24.0,0.7611505358480793,9.277891,2.612374,0.6657142277807647
744.0,25.0,-5.618293865525655,-12.689988,-4.674593,-5.713730173592969
744.0,29.0,-11.89347488362596,-7.937897,-8.533993,-11.988911191693274
744.0,31.0,-10.673895778525035,-17.207792,-11.072306,-10.76933208659235
745.0,2.0,4.821693614131049,5.706777,3.821654,4.830885441784453
745.0,5.0,12.150464539303856,15.028849,11.621035,12.159656366957261
745.0,6.0,5.8597274761699465,6.240128,3.442798,5.8689193038233505
745.0,12.0,2.166130864259233,5.942544,2.575228,2.1753226919126374
745.0,19.0,10.842399753503985,12.787785,8.314929,10.85159158115739
745.0,24.0,0.5085568688338825,5.275459,2.47309,0.5177486964872869
745.0,25.0,-5.465231048136416,-2.11425,-4.626191,-5.456039220483012
745.0,29.0,-11.789831276665586,-7.87668,-8.544474,-11.780639449012181
745.0,31.0,-10.527095265936987,-18.758821,-10.967933,-10.517903438283582
746.0,2.0,3.1266811627884623,2.181208,3.955989,4.297162675117635
746.0,5.0,10.256197826527636,8.605719,11.610515,11.426679338856808
746.0,6.0,4.699628101960009,2.416191,3.559577,5.8701096142891815
746.0,12.0,0.9652076245397064,1.037294,2.704775,2.135689136868879
746.0,19.0,9.911116783096418,3.842287,8.352172,11.08159829542559
746.0,24.0,-1.164097291753949,7.767227,2.446629,0.006384220575223587
746.0,25.0,-6.874763649273934,-8.539959,-4.481746,-5.704282136944761
746.0,29.0,-12.035571233048769,-7.327232,-8.460652,-10.865089720719595
747.0,2.0,3.29361506276208,3.868958,3.991633,4.408689986213832
747.0,5.0,10.452305545781659,11.611653,11.573058,11.567380469233411
747.0,6.0,4.9457634963086345,-0.132997,3.630725,6.060838419760387
747.0,12.0,1.058968659511005,-1.344725,2.717035,2.1740435829627573
747.0,19.0,10.218959942154994,11.362657,8.404329,11.334034865606746
747.0,24.0,-1.0204675217746875,-10.134357,2.367047,0.09460740167706483
747.0,25.0,-6.89667353503559,-10.087666,-4.454896,-5.781598611583838
747.0,29.0,-12.22560731105431,-8.879311,-8.469671,-11.110532387602557
748.0,2.0,3.3611980640784984,4.956423,4.167936,4.477779457868969
748.0,5.0,10.503529921919853,10.00883,11.620652,11.620111315710323
748.0,6.0,5.1187700354873495,6.27679,3.820916,6.23535142927782
748.0,12.0,1.163025335371648,3.174275,2.857205,2.2796067291621185
748.0,19.0,10.388136967780202,8.138173,8.546727,11.504718361570673
748.0,24.0,-1.0308446339392496,4.626956,2.291817,0.08573675985122087
748.0,25.0,-6.884468935169647,-1.714537,-4.344599,-5.767887541379176
748.0,29.0,-12.30262848362374,-8.788477,-8.472607,-11.18604708983327
749.0,2.0,3.3765753767976583,5.392945,4.208164,4.4299721311740345
749.0,5.0,10.405962679419355,11.02559,11.551815,11.459359433795733
749.0,6.0,5.22860059001047,3.025591,3.952185,6.281997344386847
749.0,12.0,1.139671519801949,3.799089,2.839509,2.1930682741783256
749.0,19.0,10.390395240008756,12.163914,8.668709,11.443791994385133
749.0,24.0,-1.1861278836169031,6.120452,2.114344,-0.13273112924052644
749.0,25.0,-6.852815818999418,-6.464092,-4.343225,-5.7994190646230415
749.0,29.0,-12.27769187629943,-9.827075,-8.53842,-11.224295121923053
750.0,2.0,3.4101434781332576,5.041833,4.231027,4.455277027295319
750.0,5.0,10.417220094486057,8.182118,11.48411,11.462353643648118
750.0,6.0,5.345509622344495,5.152477,4.05386,6.3906431715065555
750.0,12.0,1.2104421926701079,4.018453,2.814751,2.2555757418321685
750.0,19.0,10.483330611230114,10.239884,8.763335,11.528464160392176
750.0,24.0,-1.190257133877,1.958591,1.963001,-0.14512358471493947
750.0,25.0,-6.823659432372547,-3.787642,-4.346611,-5.778525883210486
750.0,29.0,-12.325167873346881,-7.083255,-8.592191,-11.280034324184822
751.0,2.0,5.01869003159477,8.631006,4.19978,4.992051809386313
751.0,5.0,11.916840654718994,8.291274,11.433881,11.890202432510536
751.0,6.0,6.486022173605037,2.991306,4.085437,6.45938395139658
751.0,12.0,2.2061029474885734,4.326377,2.752566,2.179464725280116
751.0,19.0,11.51955835569394,10.089559,8.815408,11.492920133485482
751.0,24.0,-0.03614188821829967,3.134942,1.862547,-0.06278011042675724
751.0,25.0,-5.491511938642029,-8.196883,-4.395459,-5.518150160850487
751.0,29.0,-11.989659051778162,-5.523146,-8.655569,-12.01629727398662
751.0,31.0,-10.532771882094968,-10.720988,-10.586527,-10.559410104303426
752.0,2.0,4.9415583844212465,6.851225,4.142593,4.8975256395321
752.0,5.0,11.892287773161351,13.34033,11.337505,11.848255028272206
752.0,6.0,6.444523201805151,6.486896,4.050363,6.400490456916004
752.0,12.0,2.1554987270883856,10.419714,2.698497,2.111465982199239
752.0,19.0,11.484318259706638,20.11633,8.763344,11.440285514817493
752.0,24.0,-0.16490205589759832,1.396235,1.82254,-0.20893480078674476
752.0,25.0,-5.355808271806247,-1.679379,-4.395947,-5.399841016695394
752.0,29.0,-11.788814046305648,-6.663158,-8.622887,-11.832846791194793
752.0,31.0,-10.345194045069599,-13.14825,-10.514371,-10.389226789958744
753.0,2.0,4.613990973963767,2.591174,4.240114,4.6030598891562935
753.0,5.0,11.871121725644237,12.450815,11.243133,11.860190640836763
753.0,6.0,6.222457751482279,5.095195,4.146739,6.211526666674806
753.0,12.0,1.696640267593529,7.706852,2.792152,1.6857091827860557
753.0,19.0,11.472521561176857,11.268654,8.756779,11.461590476369384
753.0,24.0,-0.14123550900198556,-3.275999,1.75994,-0.15216659380945885
753.0,25.0,-5.659600637883565,-2.199265,-4.239308,-5.670531722691038
753.0,29.0,-11.889491571502399,-4.85105,-8.50182,-11.900422656309871
753.0,31.0,-10.568187325262215,0.717935,-10.3492,-10.57911841006969
754.0,2.0,4.841583880821301,2.877171,4.343909,4.9499650618142095
754.0,5.0,11.837896790150117,11.699625,11.171198,11.946277971143026
754.0,6.0,6.488722405852304,2.197582,4.231169,6.597103586845212
754.0,12.0,1.9437394083172697,3.232401,2.901258,2.052120589310178
754.0,19.0,11.671939066799178,12.52649,8.738537,11.780320247792087
754.0,24.0,-0.3153929160136705,1.123997,1.729854,-0.2070117350207622
754.0,25.0,-5.493626310270737,-1.640373,-4.076168,-5.385245129277829
754.0,29.0,-11.917339721642692,-9.086,-8.370307,-11.808958540649783
754.0,31.0,-10.485772917604796,-8.18007,-10.202255,-10.377391736611887
755.0,2.0,4.747390931351613,-2.707009,4.588769,4.784438871922232
755.0,5.0,11.840457550229072,12.352851,11.259693,11.87750549079969
755.0,6.0,6.4121496572710095,1.516053,4.39276,6.4491975978416285
755.0,12.0,1.7952836638430885,0.650178,3.160292,1.8323316044137072
755.0,19.0,11.616274626950366,4.826971,8.790011,11.653322567520984
755.0,24.0,-0.307368900955293,-4.327006,1.791711,-0.27032096038467424
755.0,25.0,-5.600223487487135,-7.486582,-3.84354,-5.563175546916516
755.0,29.0,-11.935949856653009,-8.910895,-8.234326,-11.89890191608239
755.0,31.0,-10.537053270983453,-2.370161,-10.142989,-10.500005330412835
756.0,2.0,4.777816760647528,0.405095,4.807493,4.998394647235044
756.0,5.0,11.716777744296666,14.06676,11.41856,11.93735563088418
756.0,6.0,6.556923365427513,-4.835072,4.511945,6.777501252015028
756.0,12.0,1.7892290265017277,-2.275225,3.401963,2.009806913089243
756.0,19.0,11.736674920323969,10.635419,8.844591,11.957252806911484
756.0,24.0,-0.5397660957592,-2.501279,1.909361,-0.31918820917168456
756.0,25.0,-5.627699710318727,-9.937329,-3.669212,-5.407121823731211
756.0,29.0,-12.103888573936615,-10.021779,-8.14539,-11.8833106873491
756.0,31.0,-10.628990951552066,-19.308643,-10.176066,-10.40841306496455
757.0,2.0,4.813599529394785,8.517856,4.842053,4.966597636101223
757.0,5.0,11.723757482827505,10.874862,11.490643,11.876755589533945
757.0,6.0,6.621366583387913,6.173231,4.524115,6.774364690094352
757.0,12.0,1.823265880515211,6.97631,3.442148,1.9762639872216499
757.0,19.0,11.727260733969837,4.332824,8.871475,11.880258840676277
757.0,24.0,-0.5002991424321187,2.820741,1.952166,-0.34730103572567994
757.0,25.0,-5.60942568295001,0.050714,-3.667769,-5.456427576243572
757.0,29.0,-12.109833096954196,-4.869953,-8.162907,-11.956834990247756
757.0,31.0,-10.619745544225976,-2.125784,-10.233538,-10.466747437519537
758.0,2.0,4.943739071810808,6.107719,4.769038,5.12692434672076
758.0,5.0,11.75068111146087,8.51617,11.467925,11.933866386370822
758.0,6.0,6.773236977057178,7.662403,4.502337,6.956422251967131
758.0,12.0,1.973026254157177,5.927206,3.349401,2.1562115290671295
758.0,19.0,11.762689071860748,15.51611,8.900207,11.945874346770701
758.0,24.0,-0.44702189868025954,-2.06273,1.893838,-0.26383662377030703
758.0,25.0,-5.536913239816903,0.130858,-3.762518,-5.353727964906951
758.0,29.0,-12.123170464647936,-5.313296,-8.247492,-11.939985189737984
758.0,31.0,-10.702067022049874,-12.088559,-10.260737,-10.518881747139922
759.0,2.0,4.935886932464213,7.96776,4.695028,5.173203697685833
759.0,5.0,11.789817841527864,22.686109,11.374736,12.027134606749483
759.0,6.0,6.754833128666927,8.296877,4.460854,6.992149893888547
759.0,12.0,2.0207427679972545,4.953503,3.273668,2.2580595332188738
759.0,19.0,11.860993378079812,3.662066,8.85738,12.09831014330143
759.0,24.0,-0.4470460906271524,6.738196,1.844818,-0.2097293254055329
759.0,25.0,-5.344700533691473,-2.645014,-3.790041,-5.1073837684698535
759.0,29.0,-11.889520763438934,-8.236187,-8.239773,-11.652203998217315
759.0,31.0,-10.613031340796773,-12.652475,-10.204161,-10.375714575575154
760.0,2.0,4.6217180111100715,7.479199,4.583702,4.640532268097379
760.0,5.0,11.757005072323217,3.097817,11.245927,11.775819329310526
760.0,6.0,6.522189521274881,3.834958,4.399325,6.541003778262189
760.0,12.0,1.6569614498307939,6.062825,3.157424,1.675775706818102
760.0,19.0,11.808428354664017,10.459939,8.800724,11.827242611651325
760.0,24.0,-0.43666509011685684,-4.506945,1.772912,-0.4178508331295486
760.0,25.0,-5.418327580595714,-3.414251,-3.841267,-5.3995133236084065
760.0,29.0,-11.724148126320296,-3.461838,-8.239971,-11.705333869332987
760.0,31.0,-10.502831650338006,-11.328258,-10.132314,-10.484017393350697
761.0,2.0,4.491001743652615,6.600372,4.573176,4.44350693585754
761.0,5.0,11.81472572328561,0.247459,11.220837,11.767230915490536
761.0,6.0,6.466569441619121,6.744491,4.423694,6.419074633824046
761.0,12.0,1.556263143690443,4.989607,3.129064,1.5087683358953687
761.0,19.0,11.859355835846976,9.350442,8.835123,11.811861028051903
761.0,24.0,-0.34196174666757095,-1.167118,1.715377,-0.38945655446264527
761.0,25.0,-5.466964184153476,1.928951,-3.863813,-5.514458991948551
761.0,29.0,-11.722378493534379,-3.685525,-8.275131,-11.769873301329453
761.0,31.0,-10.655776362832908,12.699111,-10.116905,-10.703271170627982
762.0,2.0,4.562161530391961,5.261581,4.583419,4.684495139705211
762.0,5.0,11.74668703907619,15.569382,11.294229,11.86902064838944
762.0,6.0,6.538944475933922,2.259505,4.43763,6.661278085247172
762.0,12.0,1.6304791296629588,4.356208,3.131222,1.7528127389762085
762.0,19.0,11.92333358980582,8.634946,8.890656,12.04566719911907
762.0,24.0,-0.322538290994805,-3.205174,1.727208,-0.2002046816815553
762.0,25.0,-5.483195597881008,-3.626914,-3.909309,-5.360861988567758
762.0,29.0,-11.81725741838572,-6.042018,-8.343043,-11.69492380907247
762.0,31.0,-10.762266337543279,-13.249987,-10.195536,-10.63993272823003
763.0,2.0,4.542662247421943,6.224368,4.596226,4.562348395678543
763.0,5.0,11.706055687407511,16.63823,11.362392,11.725741835664111
763.0,6.0,6.398424784088833,5.744415,4.468528,6.418110932345433
763.0,12.0,1.6314210073659208,5.99495,3.126546,1.6511071556225208
763.0,19.0,11.713365262890656,10.500686,8.966743,11.733051411147256
763.0,24.0,-0.509082782863077,5.807807,1.714007,-0.489396634606477
763.0,25.0,-5.300737862447908,-0.252745,-3.962306,-5.281051714191308
763.0,29.0,-11.561505756798576,-6.852789,-8.427814,-11.541819608541976
763.0,31.0,-10.330998715266754,-27.219817,-10.269652,-10.311312567010154
764.0,2.0,4.733481377250373,5.169712,4.474808,4.784043988579023
764.0,5.0,11.625820017868135,18.149969,11.36691,11.676382629196784
764.0,6.0,6.683664729249724,4.805116,4.392762,6.734227340578373
764.0,12.0,1.8613890773242376,1.429687,2.993884,1.911951688652887
764.0,19.0,11.922848433608234,10.385302,8.978007,11.973411044936883
764.0,24.0,-0.6152488894337306,-10.327299,1.691343,-0.5646862781050813
764.0,25.0,-5.203601098704823,-6.596347,-4.114253,-5.153038487376174
764.0,29.0,-11.604824970484685,-9.422246,-8.545218,-11.554262359156036
764.0,31.0,-10.348662772131137,0.42703,-10.355494,-10.298100160802488
765.0,2.0,4.538208837595344,7.698611,4.277369,4.3765797734692615
765.0,5.0,11.756742125975467,13.537972,11.199448,11.595113061849384
765.0,6.0,6.522972378798777,10.740098,4.29033,6.361343314672693
765.0,12.0,1.6608470983524155,3.450083,2.777162,1.4992180342263324
765.0,19.0,11.937714779654868,9.859563,8.923762,11.776085715528785
765.0,24.0,-0.36655496200484194,-8.107924,1.571098,-0.5281840261309251
765.0,25.0,-5.306042090513828,-3.262783,-4.256597,-5.467671154639911
765.0,29.0,-11.596610949919318,-7.897483,-8.611358,-11.758240014045402
765.0,31.0,-10.442389417708656,-3.311361,-10.299528,-10.60401848183474
766.0,2.0,4.514525431720005,3.399778,4.126267,4.3636108445578685
766.0,5.0,11.818032884177931,9.744956,11.068031,11.667118297015795
766.0,6.0,6.522081917053649,-0.063855,4.223697,6.371167329891512
766.0,12.0,1.6390277377924276,-1.068226,2.604162,1.4881131506302907
766.0,19.0,12.018339783823379,10.241628,8.898713,11.867425196661243
766.0,24.0,-0.17818430348430792,0.223951,1.459878,-0.3290988906464447
766.0,25.0,-5.38349332924436,-6.315723,-4.373972,-5.534407916406497
766.0,29.0,-11.687902821770482,-9.956246,-8.677343,-11.838817408932618
766.0,31.0,-10.612002363371648,-10.976503,-10.255476,-10.762916950533784
767.0,2.0,4.684412761262807,0.701754,4.176098,4.525807516483976
767.0,5.0,11.849024620407912,1.776288,11.227869,11.690419375629082
767.0,6.0,6.600519050450685,2.732601,4.234702,6.441913805671854
767.0,12.0,1.7770889445650075,0.213794,2.661509,1.6184836997861773
767.0,19.0,12.096909280840775,9.786943,8.960501,11.938304036061945
767.0,24.0,-0.10415471627177031,-4.427251,1.548149,-0.2627599610506005
767.0,25.0,-5.411048592613462,-11.573994,-4.406413,-5.569653837392293
767.0,29.0,-11.828272746078937,-8.399724,-8.742963,-11.986877990857767
767.0,31.0,-10.675388885107038,-20.171819,-10.401079,-10.833994129885868
768.0,2.0,4.571792741328395,8.620138,4.198109,4.391961096768334
768.0,5.0,11.851746336858104,24.404575,11.292341,11.671914692298042
768.0,6.0,6.545040831755835,6.024903,4.250963,6.365209187195774
768.0,12.0,1.6701077952230206,3.666469,2.680741,1.4902761506629587
768.0,19.0,12.044298886059597,2.915283,9.002232,11.864467241499534
768.0,24.0,-0.05376421083986049,11.105523,1.567762,-0.23359585539992228
768.0,25.0,-5.383150911644594,-3.746547,-4.426213,-5.5629825562046555
768.0,29.0,-11.694075891467797,-8.668612,-8.784024,-11.87390753602786
768.0,31.0,-10.644494324246448,-23.366891,-10.460772,-10.82432596880651
769.0,2.0,4.871166625292104,5.399817,4.249414,4.68619487669369
769.0,5.0,11.888923953392085,19.27735,11.320926,11.703952204793671
769.0,6.0,6.78804297082457,7.165539,4.300877,6.603071222226156
769.0,12.0,2.014401881027344,3.431036,2.724936,1.8294301324289293
769.0,19.0,12.17571556097959,4.640197,9.044465,11.990743812381176
769.0,24.0,-0.04600107000761178,-0.158017,1.558687,-0.23097281860602636
769.0,25.0,-5.240332013577578,-3.155177,-4.398502,-5.425303762175992
769.0,29.0,-11.71152324936003,-7.176444,-8.789292,-11.896494997958444
769.0,31.0,-10.587856699238838,-13.164444,-10.463085,-10.772828447837252
770.0,2.0,4.851454125988384,-1.532924,4.263765,4.687537880523708
770.0,5.0,11.896396538409013,25.152618,11.274792,11.732480292944338
770.0,6.0,6.859042919134298,-5.262066,4.31367,6.695126673669622
770.0,12.0,1.9891316140049913,-3.230175,2.743401,1.8252153685403159
770.0,19.0,12.407605070989936,7.219826,9.02265,12.243688825525261
770.0,24.0,-0.12486967136016347,-12.309934,1.542504,-0.2887859168248389
770.0,25.0,-5.301465722670793,-14.325247,-4.349802,-5.4653819681354685
770.0,29.0,-11.793380553625141,-13.421852,-8.739934,-11.957296799089816
770.0,31.0,-10.641146427985754,-14.663863,-10.401604,-10.80506267345043
771.0,2.0,4.835737274908959,13.151215,4.233855,4.9602897972045925
771.0,6.0,6.727683900265127,9.978115,4.283367,6.852236422560761
771.0,12.0,2.0286518129908737,8.048915,2.729898,2.1532043352865076
771.0,19.0,12.058098510047627,12.397325,8.927995,12.18265103234326
771.0,24.0,-0.2519168353159672,-0.392766,1.516542,-0.12736431302033335
771.0,25.0,-5.269078307748346,7.144074,-4.279397,-5.144525785452712
771.0,29.0,-11.782889381301276,-1.962013,-8.629954,-11.658336859005642
771.0,31.0,-10.695811058023208,-7.435456,-10.267388,-10.571258535727575
772.0,2.0,4.803741252092728,1.404781,4.253714,4.808170257357673
772.0,6.0,6.7143382079991225,1.263875,4.253774,6.7187672132640675
772.0,12.0,1.9603345602285263,-3.904309,2.784543,1.964763565493471
772.0,19.0,12.157875742319032,6.995192,8.835012,12.162304747583976
772.0,24.0,-0.11093470488495172,-1.470996,1.573232,-0.10650569962000694
772.0,25.0,-5.303090916848978,-10.079888,-4.181095,-5.298661911584033
772.0,29.0,-11.809337746405376,-10.058053,-8.504362,-11.804908741140432
772.0,31.0,-10.807130485035847,-18.286295,-10.19324,-10.802701479770903
773.0,2.0,4.775110138161926,-0.012905,4.264496,4.607063211096204
773.0,5.0,11.908886148811112,29.01542,11.031259,11.74083922174539
773.0,6.0,6.8000225804160825,-0.333866,4.205526,6.631975653350361
773.0,12.0,1.917853999854116,0.040916,2.839237,1.749807072788394
773.0,19.0,12.34721686644871,4.094751,8.71077,12.179169939382987
773.0,24.0,0.1793066539632101,-3.749251,1.642712,0.01125972689748822
773.0,25.0,-5.399086668120362,-11.858338,-4.067787,-5.567133595186084
773.0,29.0,-11.853483539490032,-10.603492,-8.349381,-12.021530466555754
773.0,31.0,-10.875187603686152,-10.529203,-10.100015,-11.043234530751874
774.0,2.0,3.6074050816735093,2.351032,4.368372,4.102408049628995
774.0,5.0,10.603236898245362,12.798511,11.134656,11.098239866200847
774.0,6.0,5.883059293344209,3.158632,4.166279,6.378062261299695
774.0,12.0,1.300314008442423,3.77108,3.016044,1.7953169763979089
774.0,19.0,11.419953873111815,9.193344,8.6051,11.914956841067301
774.0,24.0,-0.941843164005305,-0.513648,1.856472,-0.44684019604981906
774.0,25.0,-6.687791981149274,-6.562837,-3.913556,-6.192789013193788
774.0,29.0,-12.396909661698382,-8.652138,-8.182416,-11.901906693742896
775.0,2.0,4.322976416152186,0.110052,4.414241,3.6635637699773342
775.0,5.0,12.06522573813543,11.413804,11.345059,11.405813091960578
775.0,6.0,6.409501915243268,-1.401111,4.047648,5.750089269068416
775.0,12.0,1.5521457342284846,-1.440402,3.149358,0.8927330880536327
775.0,19.0,12.357972817168985,8.88451,8.500282,11.698560170994133
775.0,24.0,0.12669323486457074,-0.160662,2.157579,-0.5327194113102811
775.0,25.0,-5.158980498047293,-7.358718,-3.866904,-5.818393144222145
775.0,29.0,-11.309366798218655,-11.337619,-8.098861,-11.968779444393506
775.0,31.0,-10.59340281136782,25.796569,-10.306751,-11.252815457542672
776.0,2.0,4.502037737780228,2.036631,4.193009,4.139696541421181
776.0,5.0,11.796342640039796,15.199648,11.490675,11.43400144368075
776.0,6.0,6.564427849090767,9.973961,4.004268,6.202086652731719
776.0,12.0,1.7000285887184043,4.59005,2.833782,1.3376873923593569
776.0,19.0,13.069641464402286,10.266365,8.749509,12.70730026804324
776.0,25.0,-5.112870507344463,2.971014,-4.33267,-5.475211703703511
776.0,29.0,-11.920389839372339,-9.856733,-8.584918,-12.282731035731386
776.0,31.0,-10.994644990335068,-11.093829,-10.640841,-11.356986186694115
777.0,2.0,5.245443523468869,11.604978,4.182873,5.1115970661240695
777.0,5.0,11.92958362733187,6.357909,11.636611,11.79573716998707
777.0,6.0,7.233064248598055,10.095673,4.114519,7.099217791253255
777.0,12.0,2.515642826344572,10.159217,2.736355,2.3817963689997725
777.0,24.0,0.6716325423432775,3.789958,1.867815,0.537786084998478
777.0,25.0,-4.576160995815626,2.880833,-4.557904,-4.710007453160426
777.0,29.0,-11.3094317298203,-2.570298,-8.907466,-11.443278187165099
777.0,31.0,-10.539511423558737,-6.644977,-10.839054,-10.673357880903538
778.0,2.0,5.86580402888766,1.895022,4.354858,5.63154586249941
778.0,5.0,11.610669109605437,14.172088,11.646637,11.376410943217188
778.0,6.0,6.842406792009078,1.7305,4.248603,6.608148625620828
778.0,12.0,2.944379966455923,-0.637996,2.909109,2.710121800067673
778.0,24.0,0.2973902975072321,-4.012692,1.862978,0.0631321311189822
778.0,25.0,-3.712198009260419,-9.651621,-4.37571,-3.946456175648669
778.0,29.0,-10.502200864889383,-9.515731,-8.796577,-10.736459031277633
778.0,31.0,-9.098712890137941,-16.505429,-10.74128,-9.33297105652619
779.0,2.0,5.777654706464587,4.178292,4.391851,6.494718126636757
779.0,5.0,11.60131791077898,21.677801,11.638718,12.31838133095115
779.0,6.0,6.7828623754676185,1.581236,4.312989,7.499925795639788
779.0,12.0,2.771092263366172,0.820705,2.924875,3.4881556835383414
779.0,19.0,10.453936242556184,4.305176,9.113566,11.170999662728354
779.0,24.0,-0.2071353266777073,-3.738887,1.803715,0.5099280934944624
779.0,25.0,-4.4313161904137335,-6.611295,-4.361599,-3.714252770241564
779.0,29.0,-11.02127871582451,-7.4389,-8.818824,-10.30421529565234
779.0,31.0,-9.4562028759575,-19.093136,-10.716181,-8.73913945578533
780.0,2.0,5.790724140279402,5.693192,4.253814,6.55221463129728
780.0,5.0,11.550979549587366,12.627894,11.528046,12.312470040605243
780.0,6.0,6.830636559539686,0.054859,4.253677,7.592127050557563
780.0,12.0,2.805393848991989,0.286623,2.765094,3.566884340009867
780.0,19.0,10.649260790636795,5.901316,9.09882,11.410751281654672
780.0,24.0,-0.3139944749871991,13.332876,1.702896,0.44749601603067857
780.0,25.0,-4.4832835972995415,-4.049706,-4.477236,-3.721793106281664
780.0,29.0,-11.099790949965795,-6.926649,-8.890147,-10.338300458947918
780.0,31.0,-9.58250260246488,-18.524952,-10.687468,-8.821012111447002
781.0,2.0,5.7209256082188675,6.778373,4.206149,6.3614908041191205
781.0,5.0,11.595612499052907,12.11996,11.594599,12.23617769495316
781.0,6.0,6.73930490250732,3.774862,4.185982,7.379870098407573
781.0,12.0,2.7839221474486058,4.672429,2.734379,3.4244873433488587
781.0,19.0,10.712973879422544,8.25979,9.083743,11.353539075322796
781.0,24.0,-0.21319529110431923,3.655143,1.772905,0.4273699047959335
781.0,25.0,-4.544463315168795,-3.435902,-4.546455,-3.9038981192685425
781.0,29.0,-11.148819112571905,-5.905199,-8.93531,-10.508253916671652
781.0,31.0,-9.673649470905922,-14.25017,-10.787627,-9.033084275005669
782.0,2.0,5.728880929761483,2.794923,4.377561,6.340508666835303
782.0,5.0,11.758586013655142,10.578695,11.783471,12.370213750728961
782.0,6.0,6.721763464135907,1.680059,4.265321,7.333391201209727
782.0,12.0,2.8158226290178003,1.814134,2.929029,3.4274503660916205
782.0,19.0,10.793504309059168,7.487138,9.143389,11.405132046132987
782.0,24.0,0.21439220363913314,3.692454,1.905182,0.8260199407129533
782.0,25.0,-4.596607260565491,-6.370866,-4.441359,-3.9849795234916705
782.0,29.0,-11.299273700009655,-7.531215,-8.901174,-10.687645962935836
782.0,31.0,-9.950153753454565,-14.28665,-10.8834,-9.338526016380744
783.0,2.0,5.724807009952399,3.898379,4.475325,5.9567903829733755
783.0,5.0,11.763529537924173,11.958344,12.01745,11.99551291094515
783.0,6.0,6.6127031530962785,0.633814,4.178012,6.844686526117256
783.0,12.0,2.894737503162845,2.406423,3.119091,3.1267208761838217
783.0,19.0,10.71576236728525,8.271003,9.047831,10.947745740306226
783.0,24.0,0.3724946512709221,8.687877,2.225028,0.6044780242918989
783.0,25.0,-4.460214874582487,-9.909055,-4.345675,-4.22823150156151
783.0,29.0,-11.227742246125983,-8.627098,-8.788513,-10.995758873105006
783.0,31.0,-9.832129139331313,-16.269296,-11.054606,-9.600145766310336
784.0,2.0,5.727315774225216,7.399977,4.564358,5.9751926627101275
784.0,5.0,11.730177801246553,12.850038,12.118196,11.978054689731465
784.0,6.0,6.569582250352951,4.346787,4.225362,6.8174591388378625
784.0,12.0,2.888466959393246,3.666782,3.216876,3.136343847878157
784.0,19.0,10.675861598431064,7.726062,9.090315,10.923738486915976
784.0,24.0,0.5628707809533678,4.26927,2.285057,0.810747669438279
784.0,25.0,-4.426393261053185,0.564239,-4.297863,-4.178516372568274
784.0,29.0,-11.235872943983136,-7.495842,-8.782551,-10.987996055498225
784.0,31.0,-9.922427666366051,-10.507532,-11.108586,-9.67455077788114
785.0,2.0,5.731007044296404,7.79253,4.350351,6.05995695293848
785.0,5.0,11.867128500285112,9.695587,12.14107,12.196078408927189
785.0,6.0,6.579214964402134,4.495676,4.011941,6.90816487304421
785.0,12.0,2.907698328246185,2.6319,3.034231,3.2366482368882608
785.0,19.0,10.751890742747953,9.498257,8.995263,11.08084065139003
785.0,24.0,0.7474459121238776,3.590789,2.375705,1.0763958207659536
785.0,25.0,-4.484453071646431,-5.524593,-4.502204,-4.155503163004355
785.0,29.0,-11.30565924332159,-6.198281,-8.879162,-10.976709334679516
785.0,31.0,-10.129636931238355,-10.699149,-11.261246,-9.800687022596279
786.0,2.0,5.509300601985896,5.851143,3.87675,5.7181791257001935
786.0,5.0,11.958124068586208,13.181818,12.02993,12.167002592300506
786.0,6.0,6.210909129283736,8.412522,3.608655,6.419787652998033
786.0,12.0,2.8639615157397778,5.463644,2.594217,3.072840039454075
786.0,19.0,10.433949079941003,11.66568,8.794097,10.6428276036553
786.0,24.0,0.8617651460984453,-1.517504,2.42065,1.0706436698127426
786.0,25.0,-4.601440021714554,8.291866,-4.90622,-4.392561498000257
786.0,29.0,-11.121518528286481,-6.290405,-9.055379,-10.912640004572184
786.0,31.0,-10.113996955442326,-14.259579,-11.428602,-9.90511843172803
787.0,2.0,5.576686807755169,5.154919,3.956951,5.71153455399213
787.0,5.0,12.032777096229875,12.694671,12.273898,12.167624842466836
787.0,6.0,6.338787855502208,1.485479,3.541241,6.4736356017391685
787.0,12.0,2.8056149367156884,2.476535,2.744222,2.9404626829526492
787.0,19.0,10.856315835075408,14.553771,8.753702,10.99116358131237
787.0,24.0,1.1859044604763076,0.692872,2.691942,1.3207522067132684
787.0,25.0,-4.900520812616759,-27.609712,-4.868238,-4.765673066379798
787.0,29.0,-11.625299578851418,-6.416219,-9.016404,-11.490451832614458
787.0,31.0,-10.670855061894823,-16.330971,-11.629418,-10.536007315657862
788.0,2.0,5.413931162538629,11.678974,4.406612,5.59257234634525
788.0,5.0,12.278277800265325,13.803325,12.694713,12.456918984071947
788.0,6.0,6.1377512261982,9.247855,3.816235,6.316392410004822
788.0,12.0,2.702453930875845,7.079166,3.213976,2.881095114682467
788.0,19.0,10.812759801719334,10.741774,8.968006,10.991400985525956
788.0,24.0,1.6606254060505607,1.264676,2.911385,1.8392665898571825
788.0,25.0,-5.094269307093749,1.480131,-4.604174,-4.915628123287128
788.0,29.0,-11.4563414248912,-2.551147,-8.964215,-11.277700241084577
788.0,31.0,-10.950079182753896,-9.80131,-11.808615,-10.771437998947274
789.0,2.0,5.234335958393342,11.434177,4.530154,5.270258034045231
789.0,5.0,12.407599093613074,13.792453,12.801617,12.443521169264962
789.0,6.0,5.774431229986742,5.401954,3.87175,5.81035330563863
789.0,12.0,2.660566187010465,7.134593,3.358422,2.696488262662353
789.0,19.0,10.412287659161192,15.048841,8.991235,10.44820973481308
789.0,24.0,1.988256957995028,5.928274,3.000751,2.024179033646916
789.0,25.0,-5.051641635804873,2.481101,-4.505082,-5.015719560152984
789.0,29.0,-11.178015455462097,-0.184636,-8.910511,-11.142093379810209
789.0,31.0,-10.85584572009032,-16.132397,-11.843545,-10.819923644438433
790.0,2.0,5.1606298785367315,1.684087,4.531953,4.8983256008310105
790.0,5.0,12.467399156586037,11.911881,12.977312,12.205094878880317
790.0,6.0,5.663221373064467,-1.200073,3.779217,5.400917095358746
790.0,12.0,2.6237590389423238,-1.587072,3.41167,2.361454761236603
790.0,19.0,10.421339281678218,9.56891,8.952162,10.159035003972498
790.0,24.0,2.2334448776379032,2.637168,3.199622,1.9711405999321823
790.0,25.0,-5.075131200716103,-3.361107,-4.537723,-5.337435478421824
790.0,29.0,-11.340920826029185,-12.227862,-8.92074,-11.603225103734907
790.0,31.0,-10.825068065232164,-12.647661,-12.023596,-11.087372342937886
791.0,2.0,5.1873339170327455,8.553911,4.484912,4.925512548825385
791.0,5.0,12.712938150829531,12.687969,13.105465,12.45111678262217
791.0,6.0,5.5497737047694065,3.970123,3.647501,5.287952336562046
791.0,12.0,2.7888183205382084,5.870261,3.420509,2.526996952330848
791.0,19.0,10.342280907748892,13.038569,8.87441,10.08045953954153
791.0,24.0,2.646076904808422,1.016292,3.388797,2.3842555366010614
791.0,25.0,-4.957421969075237,-14.426641,-4.588677,-5.219243337282597
791.0,29.0,-11.276077119066011,-1.691724,-8.920451,-11.537898487273372
791.0,31.0,-11.136890242155355,-12.306313,-12.180107,-11.398711610362716
792.0,2.0,5.068990172392252,5.238726,4.366827,5.1664039986703605
792.0,5.0,12.914045946098527,13.61183,13.207806,13.011459772376636
792.0,6.0,5.299365428226202,4.019851,3.429708,5.3967792545043105
792.0,12.0,2.7646263615070676,4.423023,3.380826,2.862040187785176
792.0,19.0,10.129213102971953,11.610325,8.721295,10.226626929250061
792.0,24.0,3.077783045938957,9.539768,3.622081,3.1751968722170654
792.0,25.0,-4.834713441549364,9.573462,-4.669727,-4.737299615271255
792.0,29.0,-11.155242141841805,-4.173776,-8.898579,-11.057828315563697
792.0,31.0,-11.877824890322346,-18.308455,-12.345864,-11.780411064044237
793.0,2.0,5.124970442383103,2.918426,4.39646,5.280421758958094
793.0,5.0,13.092151418773629,12.219361,13.380164,13.24760273534862
793.0,6.0,5.421827166961479,0.266953,3.329234,5.57727848353647
793.0,12.0,2.834730313205796,0.405582,3.482049,2.9901816297807873
793.0,19.0,10.317289540589842,13.427938,8.639235,10.472740857164833
793.0,24.0,3.243144537865252,4.886877,3.864939,3.3985958544402433
793.0,25.0,-4.931941914883824,25.117755,-4.641287,-4.776490598308833
793.0,29.0,-11.26748996430318,-1.294725,-8.840209,-11.11203864772819
793.0,31.0,-12.350372543285149,-16.633092,-12.49793,-12.194921226710157
794.0,2.0,4.64793664065489,9.100929,4.345646,4.452681272484793
794.0,5.0,13.873076223704759,14.344366,13.453397,13.677820855534662
794.0,6.0,4.828980884902593,7.81711,3.244678,4.633725516732496
794.0,12.0,2.5496371022599824,5.825913,3.458167,2.354381734089886
794.0,19.0,9.569655211068048,12.980996,8.605668,9.374399842897951
794.0,24.0,3.3960899989675712,-0.447995,3.959991,3.2008346307974747
794.0,29.0,-11.217766229273066,-3.942424,-8.871261,-11.413021597443162
794.0,31.0,-12.700227088536042,-12.159927,-12.604584,-12.895482456706139
795.0,2.0,4.548721629738114,6.883045,4.241143,4.426696966197901
795.0,5.0,13.930002906186068,13.010678,13.499387,13.807978242645856
795.0,6.0,4.55752129744949,2.679792,3.060203,4.435496633909278
795.0,12.0,2.5313209230292895,3.530408,3.421314,2.4092962594890768
795.0,19.0,9.433952830538459,11.487374,8.45646,9.311928166998246
795.0,24.0,3.752754887236816,14.196292,4.140609,3.6307302236966033
795.0,29.0,-11.076794244754623,-5.076676,-8.824665,-11.198818908294836
795.0,31.0,-12.777813806854065,-13.343106,-12.701935,-12.899838470394277
796.0,2.0,3.950690711781356,6.37599,4.140409,4.412639603168081
796.0,5.0,13.259411057308952,13.334689,13.550125,13.721359948695678
796.0,6.0,3.6668632810555493,5.889661,2.870469,4.1288121724422755
796.0,12.0,2.1766541696511874,2.991761,3.393403,2.638603061037913
796.0,19.0,9.51628895383075,10.81143,8.298085,9.978237845217476
796.0,25.0,-5.483901551611183,-10.94874,-4.790609,-5.021952660224457
796.0,29.0,-11.082640498805544,-6.744368,-8.766965,-10.620691607418818
796.0,31.0,-13.38351942803431,-16.121521,-12.800558,-12.921570536647584
797.0,2.0,3.4202507780059843,9.156648,4.014981,3.985927596978839
797.0,5.0,13.155593333205525,14.406722,13.598241,13.72127015217838
797.0,6.0,2.903697856716109,5.54904,2.704944,3.4693746756889636
797.0,12.0,1.7786493139645074,6.302828,3.312308,2.344326132937362
797.0,19.0,8.69315244484989,8.411949,8.201266,9.258829263822744
797.0,25.0,-5.697175396639625,-0.943073,-4.895655,-5.13149857766677
797.0,29.0,-10.837090126332331,-2.402665,-8.79195,-10.271413307359477
797.0,31.0,-13.500991836545927,-19.842116,-12.921279,-12.935315017573071
798.0,2.0,3.338845745307926,6.147173,4.040986,3.76691442787973
798.0,5.0,13.376192157656515,15.274486,13.739575,13.80426084022832
798.0,6.0,2.776339729689,4.832231,2.605309,3.204408412260804
798.0,12.0,1.8803931182321154,4.167204,3.410178,2.3084618008039195
798.0,19.0,8.69649681888822,6.503796,8.105818,9.124565501460022
798.0,25.0,-5.909558004367912,-3.928153,-4.852174,-5.481489321796108
798.0,29.0,-10.654063523950601,-7.750244,-8.713943,-10.225994841378796
798.0,31.0,-13.842395661771489,-13.060416,-13.040753,-13.414326979199686
799.0,2.0,3.245415588873583,2.992946,4.148243,3.9408745168885804
799.0,5.0,13.46525564416724,9.391583,13.878521,14.160714572182236
799.0,6.0,2.758556012433134,-0.797116,2.599031,3.4540149404481313
799.0,12.0,1.8063033220700575,1.291201,3.569324,2.5017622500850547
799.0,19.0,8.95647862060702,17.707644,8.069542,9.651937548622017
799.0,25.0,-6.293358587278221,-7.335401,-4.746564,-5.5978996592632235
799.0,29.0,-11.274829442783018,-7.508718,-8.623875,-10.579370514768021
799.0,31.0,-14.399135752287561,-17.321772,-13.111883,-13.703676824272565
800.0,2.0,3.0606922138429304,7.253602,4.813086,3.6033894432707454
800.0,5.0,13.620409141917305,8.551681,14.256738,14.163106371345119
800.0,6.0,2.4019760092759164,-0.539835,2.6992,2.9446732387037313
800.0,12.0,1.8398811422815458,4.412982,4.485122,2.3825783717093607
800.0,19.0,8.645380772456372,30.334612,7.764623,9.188078001884186
800.0,25.0,-6.310847919185643,-4.687713,-3.890838,-5.768150689757828
800.0,29.0,-10.860877488908853,-8.501555,-7.848234,-10.31818025948104
800.0,31.0,-14.594554303697556,-18.288795,-13.029538,-14.05185707426974
801.0,2.0,3.567971836592371,9.411188,5.140873,3.6645740881754976
801.0,5.0,13.754870208611223,17.23476,14.323533,13.85147246019435
801.0,6.0,2.544477854700708,5.067571,2.916683,2.6410801062838347
801.0,12.0,2.4793930619433437,10.008199,4.834712,2.5759953135264704
801.0,19.0,7.914222311124192,12.269126,7.803445,8.010824562707318
801.0,24.0,5.9429009561397566,-0.178114,5.657979,6.039503207722883
801.0,25.0,-5.405823536147033,-1.897069,-3.541766,-5.309221284563907
801.0,29.0,-9.426321251066577,-4.711863,-7.619882,-9.32971899948345
801.0,31.0,-13.7688546456303,-15.612235,-12.887583,-13.672252394047174
802.0,2.0,2.7492127576319882,5.985527,5.016378,2.9799939577921197
802.0,5.0,13.040927296916701,15.645235,14.12567,13.271708497076833
802.0,6.0,1.8131327549464968,1.83905,2.840969,2.0439139551066283
802.0,12.0,1.8197536976750817,3.149799,4.712987,2.050534897835213
802.0,19.0,6.891288866871702,11.423709,7.697139,7.122070067031833
802.0,24.0,5.292411154581507,-3.230011,5.573358,5.523192354741639
802.0,25.0,-5.657493305887598,-4.01794,-3.554865,-5.426712105727466
802.0,29.0,-9.54316912497812,0.776048,-7.561409,-9.312387924817987
802.0,31.0,-13.840637750189194,-17.027991,-12.744718,-13.609856550029061
803.0,2.0,2.928864152971796,-5.751284,4.995121,2.86112328202934
803.0,5.0,13.598212285204585,3.16663,14.168164,13.530471414262129
803.0,6.0,1.639890925449266,-6.665871,2.798814,1.57215005450681
803.0,12.0,2.1351237992270056,-5.417094,4.708347,2.0673829282845495
803.0,19.0,7.177922989287088,31.319201,7.680372,7.110182118344632
803.0,24.0,6.246230447641783,-13.165516,5.627451,6.178489576699327
803.0,25.0,-5.473349538070813,-9.601902,-3.581705,-5.541090409013268
803.0,29.0,-8.876262616173042,-14.525643,-7.574331,-8.944003487115499
803.0,31.0,-13.907222993324188,-29.492944,-12.801083,-13.974963864266645
804.0,2.0,3.143287178972969,1.799596,5.029357,3.053988268395194
804.0,5.0,13.922722810193674,9.413881,14.19449,13.8334238996159
804.0,6.0,1.796106381355095,-1.121153,2.814575,1.7068074707773202
804.0,12.0,2.3800711759794293,0.936242,4.750371,2.2907722654016545
804.0,19.0,7.509911139112898,21.776233,7.686183,7.4206122285351235
804.0,24.0,6.438624610661515,9.228462,5.650789,6.349325700083741
804.0,25.0,-5.467819783408974,-3.204012,-3.550284,-5.557118693986748
804.0,29.0,-8.937324470312506,-9.600185,-7.556766,-9.02662338089028
804.0,31.0,-14.149715042397059,-23.898632,-12.806511,-14.239013952974833
805.0,2.0,3.087310095699097,6.898426,5.118086,2.997502335565653
805.0,5.0,13.78538008403672,15.567614,14.238006,13.695572323903276
805.0,6.0,1.6935481976703448,2.954342,2.883021,1.6037404375369007
805.0,12.0,2.2889452833107633,6.855237,4.838655,2.199137523177319
805.0,19.0,7.334803364365382,4.789352,7.727534,7.244995604231939
805.0,24.0,6.411505334786246,2.725543,5.660211,6.321697574652802
805.0,25.0,-5.361561093108097,-1.716155,-3.481203,-5.451368853241542
805.0,29.0,-8.872944835211916,0.089314,-7.532522,-8.96275259534536
805.0,31.0,-14.025763713491724,-18.920896,-12.798892,-14.115571473625169
806.0,2.0,1.737562547972745,2.655383,5.108458,2.9788199234834316
806.0,5.0,12.504059677993958,16.041092,14.259063,13.745317053504644
806.0,6.0,0.38313674114770524,2.834118,2.854891,1.624394116658392
806.0,12.0,1.1822348977365778,1.894917,4.843846,2.4234922732472644
806.0,19.0,5.90993361702149,2.86039,7.707587,7.151190992532176
806.0,24.0,4.944790894679172,12.53393,5.69956,6.1860482701898585
806.0,25.0,-6.617075346882992,-2.609165,-3.484741,-5.375817971372306
806.0,29.0,-10.205859363696993,-5.065222,-7.525724,-8.964601988186306
806.0,31.0,-14.9894523770016,-20.736093,-12.824276,-13.748195001490913
807.0,2.0,1.6750029546224994,4.629194,5.152744,2.834579065249191
807.0,5.0,12.614043054684467,12.149024,14.333512,13.773619165311159
807.0,6.0,0.5328504213105648,-0.926723,2.860823,1.6924265319372567
807.0,12.0,1.0666270594227507,3.722892,4.904314,2.2262031700494425
807.0,19.0,6.14949162027489,7.769133,7.716695,7.309067730901582
807.0,24.0,4.953249227262442,5.690686,5.764125,6.112825337889134
807.0,25.0,-6.8003021883639,-3.617728,-3.459733,-5.640726077737208
807.0,29.0,-10.384740290643757,-5.222298,-7.516951,-9.225164180017066
807.0,31.0,-15.07418273530468,-12.167485,-12.874541,-13.914606624677988
808.0,2.0,1.695853611022267,12.041033,5.1763,2.8430826375484775
808.0,5.0,12.557291835130256,15.413258,14.390184,13.704520861656466
808.0,6.0,0.40834716747178035,10.064931,2.85612,1.5555761939979909
808.0,12.0,1.1331026520131626,11.192925,4.941734,2.280331678539373
808.0,19.0,5.98030657586371,11.242527,7.720112,7.127535602389921
808.0,24.0,5.056849282673229,3.949737,5.815965,6.20407830919944
808.0,25.0,-6.711258796077211,4.390409,-3.449956,-5.564029769551
808.0,29.0,-10.289446748483156,-1.415197,-7.515251,-9.142217721956946
808.0,31.0,-15.024113556851582,-14.333135,-12.918907,-13.876884530325372
809.0,2.0,1.6111783362859136,8.967223,5.107291,2.7096372977456284
809.0,5.0,12.594757041044822,15.967617,14.365081,13.693216002504537
809.0,6.0,0.3404679569803378,7.067967,2.805069,1.4389269184400528
809.0,12.0,1.1187259031083148,9.335748,4.875519,2.2171848645680297
809.0,19.0,5.968557885066933,8.573647,7.698427,7.0670168465266485
809.0,24.0,5.117505855900197,17.870305,5.808551,6.215964817359913
809.0,25.0,-6.54208451748169,1.062636,-3.507734,-5.443625556021976
809.0,29.0,-10.187355885852998,-7.017526,-7.544813,-9.088896924393284
809.0,31.0,-15.072388740494846,-14.184721,-12.934552,-13.973929779035132
810.0,2.0,1.8219547618158982,7.667648,5.110968,3.0777630513266114
810.0,5.0,12.645139754287127,13.955756,14.367427,13.90094804379784
810.0,6.0,0.5248310995619264,1.425901,2.840689,1.7806393890726397
810.0,12.0,1.2504922535408136,5.882775,4.859736,2.506300543051527
810.0,19.0,6.100761422894945,10.682649,7.752261,7.356569712405658
810.0,24.0,5.205291788398713,2.835151,5.758299,6.4611000779094265
810.0,25.0,-6.586935088934131,2.509039,-3.534082,-5.3311267994234175
810.0,29.0,-10.363349462428289,-1.255299,-7.59509,-9.107541172917575
810.0,31.0,-15.160031813810509,-15.834566,-12.941544,-13.904223524299795
811.0,2.0,1.9327445493276558,10.522072,5.029657,3.099426865707126
811.0,5.0,12.587546004578684,16.934433,14.311305,13.754228320958154
811.0,6.0,0.5611179355846118,5.637308,2.827758,1.7278002519640823
811.0,12.0,1.2859089470571474,12.499719,4.751607,2.452591263436618
811.0,19.0,6.104352855621436,4.999952,7.783743,7.271035172000907
811.0,24.0,5.138935818380973,6.0336,5.667986,6.305618134760444
811.0,25.0,-6.530734248648449,1.204903,-3.628629,-5.364051932268978
811.0,29.0,-10.260674897759575,2.163252,-7.679711,-9.093992581380105
811.0,31.0,-15.017835004213728,-14.460454,-12.939975,-13.851152687834258
812.0,2.0,1.860335339705121,7.659771,4.988857,2.93757806496868
812.0,5.0,12.59942684721138,16.252563,14.355051,13.676669572474939
812.0,6.0,0.5106668727748723,3.542476,2.784065,1.5879095980384315
812.0,12.0,1.2128284585915265,6.533504,4.718498,2.2900711838550856
812.0,19.0,6.166695063904433,7.074353,7.785689,7.243937789167992
812.0,24.0,5.172405468612467,27.047607,5.70233,6.249648193876027
812.0,25.0,-6.565974426018919,0.284208,-3.690613,-5.488731700755359
812.0,29.0,-10.262422087359926,-8.322656,-7.728833,-9.185179362096367
812.0,31.0,-15.013042658320586,-17.486745,-13.013335,-13.935799933057027
813.0,2.0,1.8460939273628254,9.329668,4.976579,2.936157455504894
813.0,5.0,12.696281163045366,15.518435,14.393115,13.786344691187434
813.0,6.0,0.5993012782460115,4.823821,2.76712,1.6893648063880802
813.0,12.0,1.2861807724037293,7.721559,4.711163,2.376244300545798
813.0,19.0,6.289425838598213,10.402125,7.796115,7.379489366740281
813.0,24.0,5.191903773004492,8.51331,5.726304,6.281967301146561
813.0,25.0,-6.387709442425781,0.628574,-3.721659,-5.297645914283713
813.0,29.0,-10.207577870457095,-3.664696,-7.759917,-9.117514342315026
813.0,31.0,-15.089611070616051,-14.932173,-13.062842,-13.999547542473984
814.0,2.0,1.9382927316032834,9.356359,5.07446,2.9769884525644312
814.0,5.0,12.677505290045177,15.667773,14.448565,13.716201011006325
814.0,6.0,0.5772917032379804,4.789072,2.853725,1.6159874241991283
814.0,12.0,1.310591892092905,8.737832,4.800407,2.3492876130540528
814.0,19.0,6.123165219157671,3.34533,7.863289,7.161860940118819
814.0,24.0,5.164914007208144,1.374152,5.72139,6.203609728169292
814.0,25.0,-6.3688764750236615,0.231292,-3.661417,-5.330180754062514
814.0,29.0,-10.105226321809823,-0.359276,-7.757134,-9.066530600848676
814.0,31.0,-14.95364065882394,-11.08593,-13.065316,-13.914944937862792
815.0,2.0,1.8180074483086637,10.280769,4.990235,2.906147561427613
815.0,5.0,12.611788986036007,14.625344,14.403676,13.699929099154957
815.0,6.0,0.3103241614026765,2.37588,2.778792,1.398464274521626
815.0,12.0,1.2511292719145866,2.190756,4.728454,2.339269385033536
815.0,19.0,5.927169250036944,8.352161,7.808493,7.015309363155893
815.0,24.0,5.2313659403174855,8.440794,5.727896,6.3195060534364345
815.0,25.0,-6.2794612021236835,-0.75107,-3.710406,-5.1913210890047345
815.0,29.0,-9.967246281790613,-7.679993,-7.760823,-8.879106168671663
815.0,31.0,-14.933690723532715,-7.393615,-13.065551,-13.845550610413765
816.0,2.0,1.9650914305652387,0.444355,5.10617,2.9859681842894767
816.0,5.0,12.723086091409884,12.652042,14.437982,13.743962845134122
816.0,6.0,0.6810623949551998,0.85489,2.84543,1.701939148679438
816.0,12.0,1.3718021776765843,0.150406,4.859789,2.3926789314008223
816.0,19.0,6.390994410442697,7.915801,7.813259,7.411871164166935
816.0,24.0,5.192701212418037,20.834686,5.768659,6.213577966142275
816.0,25.0,-6.307200219607618,-4.465211,-3.583027,-5.28632346588338
816.0,29.0,-10.140191944245672,-7.275578,-7.673231,-9.119315190521434
816.0,31.0,-14.98701281380831,-23.121669,-13.024659,-13.966136060084072
817.0,2.0,2.0822772135212153,7.208363,5.17731,3.1174869111165675
817.0,5.0,12.786270883517046,15.444185,14.452916,13.821480581112398
817.0,6.0,0.7936866650502504,5.170323,2.90537,1.8288963626456027
817.0,12.0,1.473731386690476,5.954016,4.929052,2.508941084285828
817.0,19.0,6.41673121980777,7.768708,7.842406,7.451940917403122
817.0,24.0,5.210477102932148,8.943509,5.762245,6.2456868005275
817.0,25.0,-6.158850011062165,2.366803,-3.517698,-5.1236403134668125
817.0,29.0,-10.065881913077414,-7.332232,-7.64352,-9.030672215482062
817.0,31.0,-14.99972049398489,-13.549405,-12.996524,-13.964510796389538
818.0,2.0,2.118690094641198,5.751127,5.142574,3.1159906922065987
818.0,5.0,12.818218153821077,16.465227,14.463584,13.815518751386477
818.0,6.0,0.85423001742057,4.299017,2.849175,1.851530614985971
818.0,12.0,1.5014833429807135,4.422586,4.915811,2.4987839405461143
818.0,19.0,6.487238699894442,8.196618,7.798811,7.484539297459842
818.0,24.0,5.200572864509637,5.551296,5.813308,6.197873462075038
818.0,25.0,-6.076404734692454,-1.099281,-3.53312,-5.079104137127053
818.0,29.0,-9.980589655969805,-5.859623,-7.631722,-8.983289058404404
818.0,31.0,-14.984400328321227,-18.162894,-13.024267,-13.987099730755826
819.0,2.0,1.4289933938491206,4.474213,5.146634,2.851618451005505
819.0,5.0,12.653660652863627,10.423157,14.527069,14.076285710020011
819.0,6.0,0.40838885426739047,2.145433,2.838249,1.8310139114237751
819.0,12.0,0.8461961681924305,2.113228,4.927576,2.268821225348815
819.0,19.0,6.318486819044961,9.476981,7.816972,7.741111876201345
819.0,25.0,-6.952529388243382,-2.965886,-3.557868,-5.529904331086997
819.0,29.0,-11.2190494239824,-4.240366,-7.663807,-9.796424366826015
819.0,31.0,-15.405527050914374,-13.057169,-13.090913,-13.98290199375799
820.0,2.0,1.3364571410154076,7.133302,5.102572,2.678155567719256
820.0,5.0,12.666965177087468,17.879809,14.549743,14.008663603791316
820.0,6.0,0.2771086084975981,2.47172,2.790398,1.6188070352014465
820.0,12.0,0.7568745085134453,4.286194,4.893886,2.0985729352172937
820.0,19.0,6.258537076261782,5.164495,7.803237,7.6002355029656306
820.0,25.0,-6.998336579857229,-1.490144,-3.606832,-5.656638153153381
820.0,29.0,-11.158151879407471,-8.18971,-7.693729,-9.816453452703623
820.0,31.0,-15.33646841655659,-12.337798,-13.141879,-13.994769989852742
821.0,2.0,2.0369521877205043,7.875006,5.169346,2.9504039776223134
821.0,5.0,12.911931946731686,14.622904,14.595425,13.825383736633494
821.0,6.0,0.664136354598411,4.792143,2.833744,1.5775881445002202
821.0,12.0,1.4393778757879128,4.19184,4.965592,2.352829665689722
821.0,19.0,6.433062454974055,13.306026,7.829732,7.3465142448758645
821.0,24.0,5.427569065803981,9.174589,5.90881,6.34102085570579
821.0,25.0,-6.136023287596683,1.676775,-3.555474,-5.222571497694874
821.0,29.0,-9.949416967347195,-3.836817,-7.674209,-9.035965177445387
821.0,31.0,-15.046505743254192,-21.635741,-13.148868,-14.133053953352384
822.0,2.0,2.1551702532567276,8.448111,5.176282,3.04568003415371
822.0,5.0,12.946506579383499,15.987402,14.613449,13.837016360280481
822.0,6.0,0.9074440198747248,3.12952,2.850869,1.7979538007717073
822.0,12.0,1.4922738224715086,5.959427,4.96604,2.382783603368491
822.0,19.0,6.706434452892334,3.730414,7.860987,7.5969442337893165
822.0,24.0,5.389917435600313,11.640404,5.895887,6.280427216497295
822.0,25.0,-6.14861370070771,-2.207819,-3.569375,-5.258103919810727
822.0,29.0,-10.05986207918928,-2.849896,-7.703524,-9.169352298292297
822.0,31.0,-15.066180713961574,-13.57965,-13.167194,-14.175670933064591
823.0,2.0,2.0842707821030446,11.978689,5.257359,2.9187318129295807
823.0,5.0,12.972650683995369,13.300749,14.693358,13.807111714821904
823.0,6.0,0.8099563055044791,9.510388,2.894379,1.6444173363310153
823.0,12.0,1.4956026357221086,5.847825,5.057047,2.3300636665486447
823.0,19.0,6.7027490747141725,10.232778,7.893539,7.537210105540709
823.0,24.0,5.465835661703904,8.636662,5.945862,6.3002966925304404
823.0,25.0,-6.118004346255819,3.144215,-3.516136,-5.283543315429283
823.0,29.0,-9.972471449229774,-2.169246,-7.687693,-9.138010418403237
823.0,31.0,-15.093661603675079,-13.708798,-13.201764,-14.259200572848542
824.0,2.0,2.2871312291720685,5.599641,5.28717,3.132523053033771
824.0,5.0,13.07529126400802,12.385851,14.735572,13.920683087869723
824.0,6.0,1.06020271664958,4.830176,2.912236,1.9055945405112826
824.0,12.0,1.6431255694975127,6.869798,5.090072,2.4885173933592153
824.0,19.0,6.8344482674047216,6.612977,7.916792,7.679840091266424
824.0,24.0,5.433659619931933,13.432135,5.965405,6.279051443793636
824.0,25.0,-5.937549937524008,-3.198315,-3.505849,-5.092158113662306
824.0,29.0,-9.841953987137591,-2.005068,-7.69611,-8.99656216327589
824.0,31.0,-15.016385649885317,-13.765326,-13.229293,-14.170993826023615
825.0,2.0,2.2510673705356945,6.977731,5.246604,3.0285446843301864
825.0,5.0,13.07050122558219,16.778809,14.739809,13.847978539376681
825.0,6.0,1.0595831036439307,0.418396,2.869744,1.8370604174384226
825.0,12.0,1.6363712791072924,4.215657,5.059395,2.4138485929017843
825.0,19.0,6.880283648531406,11.341976,7.896652,7.657760962325898
825.0,24.0,5.435983400090225,15.315594,5.986523,6.213460713884717
825.0,25.0,-5.8610966099170865,-3.508483,-3.540377,-5.0836192961225946
825.0,29.0,-9.745550322530887,-10.386021,-7.711076,-8.968073008736395
825.0,31.0,-14.873374007759265,-15.811425,-13.25744,-14.095896693964773
826.0,2.0,2.2326379491587556,4.146955,5.202846,2.905298577188476
826.0,5.0,13.099110514946128,12.763212,14.726865,13.771771142975847
826.0,6.0,1.0926607572346052,-0.695445,2.842405,1.7653213852643255
826.0,12.0,1.5860129685300581,3.058706,5.014875,2.2586735965597784
826.0,19.0,7.028250663047673,9.168128,7.892945,7.700911291077393
826.0,24.0,5.437275810366239,14.287088,5.975217,6.109936438395959
826.0,25.0,-5.974136398992651,0.128661,-3.583044,-5.301475770962931
826.0,29.0,-9.894229706412272,-8.422743,-7.740303,-9.22156907838255
826.0,31.0,-14.914668938260402,-14.520667,-13.271858,-14.24200831023068
827.0,2.0,2.216532520786947,9.941073,5.172524,2.946372856303417
827.0,5.0,13.106909377056871,17.582357,14.67204,13.83674971257334
827.0,6.0,0.9109011287822629,5.613173,2.860657,1.640741464298733
827.0,12.0,1.5822209671022742,8.377943,4.962908,2.312061302618744
827.0,19.0,6.758437113008418,11.710161,7.920654,7.488277448524888
827.0,24.0,5.517889618690311,-2.392024,5.895799,6.247729954206781
827.0,25.0,-5.8814375701297354,0.100105,-3.614854,-5.1515972346132655
827.0,29.0,-9.697199060730458,-7.048527,-7.777088,-8.967358725213987
827.0,31.0,-14.927073403080739,-13.607299,-13.237357,-14.19723306756427
828.0,2.0,2.0603887135152172,4.767591,5.103009,2.635069657852257
828.0,5.0,13.08701804333831,15.055596,14.60462,13.661698987675349
828.0,6.0,0.666349442432347,1.231483,2.771464,1.241030386769387
828.0,12.0,1.4791442089952893,3.623914,4.924338,2.0538251533323293
828.0,19.0,6.806887492766603,7.14792,7.814964,7.381568437103644
828.0,24.0,5.633322798194849,12.356623,5.934958,6.208003742531888
828.0,25.0,-5.947143647635653,-3.376818,-3.607317,-5.372462703298613
828.0,29.0,-9.711960509286804,-8.441742,-7.710144,-9.137279564949765
828.0,31.0,-14.934253109709148,-14.335051,-13.196645,-14.359572165372109
829.0,2.0,2.2053921161995715,4.283372,5.100257,2.789174074240182
829.0,5.0,13.160078112855254,15.34525,14.547132,13.743860070895865
829.0,6.0,0.9195955230876302,-0.735928,2.800511,1.5033774811282408
829.0,12.0,1.5684648617478567,2.211782,4.907026,2.152246819788467
829.0,19.0,6.920090193640892,5.700424,7.829161,7.503872151681502
829.0,24.0,5.576143358023998,13.230684,5.869683,6.159925316064609
829.0,25.0,-5.862881906175933,-5.324769,-3.596941,-5.279099948135323
829.0,29.0,-9.699247918650821,-7.136888,-7.708513,-9.11546596061021
829.0,31.0,-14.886468641889232,-15.254328,-13.138929,-14.302686683848622
830.0,2.0,2.365267128540755,6.692656,5.082507,2.8708164493617483
830.0,5.0,13.252051350253435,13.177162,14.486763,13.757600671074428
830.0,6.0,1.2266252693599036,6.865508,2.825431,1.7321745901808967
830.0,12.0,1.6831896252185619,3.312386,4.869912,2.188738946039555
830.0,19.0,7.211301504802722,9.983661,7.850778,7.716850825623715
830.0,24.0,5.475134483809861,18.5447,5.792708,5.980683804630854
830.0,25.0,-5.746276160801464,-0.52628,-3.608178,-5.2407268399804705
830.0,29.0,-9.641085104561025,-9.234649,-7.726601,-9.135535783740032
830.0,31.0,-14.6946399695931,-13.306803,-13.089299,-14.189090648772106
831.0,2.0,2.3578833206014673,5.984805,5.089683,2.876137185659151
831.0,5.0,13.27270656792538,14.250642,14.448185,13.790960432983065
831.0,6.0,1.1933369661635567,7.745897,2.880235,1.7115908312212404
831.0,12.0,1.6885016948016878,3.976637,4.849081,2.2067555598593716
831.0,19.0,7.222669972864723,4.581679,7.905969,7.740923837922407
831.0,24.0,5.587193698345389,-3.726434,5.70438,6.1054475634030725
831.0,25.0,-5.799258458241348,-7.27899,-3.617578,-5.281004593183664
831.0,29.0,-9.730315631347713,-5.102144,-7.76314,-9.212061766290029
831.0,31.0,-14.836152657307554,-11.213994,-13.050917,-14.31789879224987
832.0,2.0,2.222539537053752,9.076325,4.942034,2.6124885558917876
832.0,5.0,13.24320294983316,15.077437,14.429788,13.633151968671196
832.0,6.0,0.9181695323747804,4.289923,2.732799,1.3081185512128162
832.0,12.0,1.6098028056725742,6.048351,4.728027,1.9997518245106098
832.0,19.0,6.944771471294214,12.619772,7.820775,7.334720490132249
832.0,24.0,5.611858317563404,6.525281,5.759191,6.0018073364014395
832.0,25.0,-5.62710969515948,0.562792,-3.732795,-5.237160676321444
832.0,29.0,-9.395334278866628,-3.344018,-7.799476,-9.005385260028593
832.0,31.0,-14.507380048737295,-16.182281,-13.117652,-14.117431029899258
833.0,2.0,2.2261167011772587,7.665901,5.077318,2.6146211294034485
833.0,5.0,13.333140111604154,14.448356,14.555583,13.721644539830343
833.0,6.0,1.0203227555024892,0.870862,2.800235,1.408827183728679
833.0,12.0,1.5323397928333335,5.064225,4.882238,1.9208442210595233
833.0,19.0,7.315269780650247,10.575545,7.861843,7.703774208876437
833.0,24.0,5.687386892307779,14.146452,5.847892,6.075891320533969
833.0,25.0,-5.956991323527935,-5.144167,-3.635082,-5.568486895301745
833.0,29.0,-9.835232305174463,-4.902138,-7.758326,-9.446727876948273
833.0,31.0,-14.944783787205957,-15.496373,-13.165609,-14.556279358979767
834.0,2.0,1.3019037221579426,6.858223,5.313665,1.8272376149040412
834.0,5.0,12.970012398022732,14.101276,14.649256,13.49534629076883
834.0,6.0,0.2533569972429096,3.506357,3.008868,0.7786908899890083
834.0,12.0,0.7350410874368299,5.519727,5.09687,1.2603749801829287
834.0,19.0,6.753159361281948,9.190774,7.997285,7.278493254028046
834.0,25.0,-6.6804262946957635,-2.815406,-3.463648,-6.1550924019496644
834.0,29.0,-10.523481881392021,-5.285305,-7.714473,-9.998147988645922
834.0,31.0,-14.957938122427267,-14.880877,-13.125188,-14.432604229681168
835.0,2.0,1.2892544476421754,7.577541,5.235894,1.7724387930346053
835.0,5.0,12.996365588615394,16.482051,14.576012,13.479549934007824
835.0,6.0,0.20242851209103552,4.045811,2.967412,0.6856128574834653
835.0,12.0,0.7407745979259105,4.448294,5.0141,1.2239589433183404
835.0,19.0,6.676173328401914,10.561904,7.970586,7.159357673794344
835.0,25.0,-6.6542187117870935,-2.574723,-3.512805,-6.171034366394664
835.0,29.0,-10.348810110611915,-7.402886,-7.732561,-9.865625765219484
835.0,31.0,-14.925654255162575,-17.873594,-13.095271,-14.442469909770146
836.0,2.0,1.9786309681977086,2.774201,5.153681,2.087917454617964
836.0,5.0,13.300621993548717,10.357899,14.537505,13.409908479968973
836.0,6.0,0.4538185178067512,-1.193947,2.899949,0.5631050042270068
836.0,12.0,1.327559236930937,2.62786,4.939848,1.4368457233511926
836.0,19.0,7.028655643533671,13.35486,7.929213,7.137942129953927
836.0,24.0,5.809800173636366,-3.208042,5.776056,5.919086660056621
836.0,25.0,-5.829910131688055,-5.417365,-3.569867,-5.7206236452678
836.0,29.0,-9.482841861497807,-9.452242,-7.749977,-9.37355537507755
836.0,31.0,-14.801601374585116,-10.962638,-13.103088,-14.69231488816486
837.0,2.0,1.6886687166585554,9.892119,5.081575,1.6543645841431271
837.0,5.0,13.267679507327276,15.144279,14.456098,13.233375374811848
837.0,6.0,0.019779818901021318,7.03528,2.873989,-0.01452431361440698
837.0,12.0,1.1071762254809707,6.671039,4.855744,1.0728720929655424
837.0,19.0,6.721543824480639,7.722622,7.915703,6.68723969196521
837.0,24.0,5.981600221421062,12.361343,5.709588,5.947296088905634
837.0,25.0,-5.986532270869655,-1.745444,-3.617705,-6.020836403385084
837.0,29.0,-9.462866537223862,-2.283525,-7.774026,-9.49717066973929
837.0,31.0,-14.760784353985002,-27.813013,-13.062682,-14.79508848650043
838.0,2.0,0.12052940321518502,0.592839,5.068118,2.026220524426491
838.0,5.0,11.326557262878213,7.395239,14.397242,13.23224838408952
838.0,6.0,-1.2489166154710976,-4.419563,2.90018,0.6567745057402083
838.0,12.0,-0.1939318161978908,-0.953652,4.824006,1.7117593050134152
838.0,19.0,5.879004941356687,12.996102,7.93569,7.784696062567993
838.0,24.0,4.211367759831698,10.624109,5.636022,6.117058881043004
838.0,25.0,-8.212499547451628,-7.029165,-3.623501,-6.306808426240322
838.0,29.0,-11.641043931693549,-8.488535,-7.787227,-9.735352810482244
839.0,2.0,0.06235524550767113,7.196877,5.061662,2.070971648965986
839.0,5.0,11.331255016020032,12.276513,14.364091,13.339871419478346
839.0,6.0,-1.4172945793771055,4.253336,2.93016,0.5913218240812093
839.0,12.0,-0.22015936438208616,2.485577,4.798683,1.7884570390762287
839.0,19.0,5.564571152900159,16.278593,7.96981,7.573187556358474
839.0,24.0,4.344290555254925,6.327838,5.572333,6.352906958713239
839.0,25.0,-8.262227265160986,-5.962584,-3.638232,-6.253610861702671
839.0,29.0,-11.58431027539327,-10.664229,-7.816091,-9.575693871934956
840.0,2.0,0.07060047514584677,1.426514,5.116324,1.903766896988782
840.0,5.0,11.424779377726816,11.721063,14.415412,13.25794579956975
840.0,6.0,-1.358979616903671,-4.000884,2.941714,0.47418680493926413
840.0,12.0,-0.23537932794211003,0.440925,4.873031,1.5977870939008252
840.0,19.0,5.8005199587266,2.947786,7.962994,7.633686380569535
840.0,24.0,4.330014488805336,11.062325,5.632911,6.163180910648271
840.0,25.0,-8.214775287555172,-4.698242,-3.582605,-6.381608865712237
840.0,29.0,-11.60367604436927,-5.623189,-7.775194,-9.770509622526333
841.0,2.0,1.8956001976935504,6.867695,5.233255,1.771683142213961
841.0,5.0,13.482084088181097,14.889295,14.506066,13.358167032701507
841.0,6.0,0.31963840783356445,0.201857,3.00548,0.19572135235397503
841.0,12.0,1.2767153869879309,5.366481,5.004177,1.1527983315083414
841.0,19.0,7.123066781533683,9.888884,7.996158,6.999149726054093
841.0,24.0,6.0727759739790494,24.339674,5.69541,5.94885891849946
841.0,25.0,-5.956684108939277,-5.127924,-3.490105,-6.080601164418867
841.0,29.0,-9.527001961798492,-8.550354,-7.731695,-9.650919017278081
841.0,31.0,-14.737435062997054,-4.858832,-13.022945,-14.861352118476644
842.0,2.0,1.9535398505034811,1.507928,5.331945,1.9135223747400816
842.0,5.0,13.469463748027003,9.645874,14.597029,13.429446272263604
842.0,6.0,0.3991906423415158,-2.177479,3.057698,0.35917316657811627
842.0,12.0,1.3744917840948343,0.310287,5.115453,1.3344743083314348
842.0,19.0,6.85643869776472,7.904044,8.030571,6.8164212220013205
842.0,24.0,6.0656343571816675,10.661824,5.755027,6.025616881418268
842.0,25.0,-5.898733331153864,-2.919601,-3.42029,-5.938750806917264
842.0,29.0,-9.475195108189242,-8.443438,-7.705445,-9.515212583952641
842.0,31.0,-14.651726334843097,-10.50849,-13.057337,-14.691743810606496
843.0,2.0,1.9010731596139738,3.291015,5.500543,1.7269831523006394
843.0,5.0,13.60258429559133,9.38766,14.688588,13.428494288277996
843.0,6.0,0.5360066474568413,0.902675,3.198316,0.3619166401435069
843.0,12.0,1.4185612911995378,-1.544859,5.27315,1.2444712838862033
843.0,19.0,7.15824250169404,11.672057,8.129621,6.984152494380705
843.0,24.0,6.066127776161118,11.52313,5.75723,5.892037768847784
843.0,25.0,-5.910762010197891,-4.969185,-3.306805,-6.084852017511225
843.0,29.0,-9.552185482547475,-9.287739,-7.683371,-9.72627548986081
843.0,31.0,-14.685083894560991,-17.053656,-13.054663,-14.859173901874325
844.0,2.0,2.3710192857761943,4.550092,5.728829,2.3743873391545485
844.0,5.0,13.721047569267347,13.64567,14.783303,13.7244156226457
844.0,6.0,1.1706507225129252,2.238207,3.345022,1.1740187758912795
844.0,12.0,1.776830948241491,3.78058,5.51697,1.7801990016198452
844.0,19.0,7.347520015733429,6.231586,8.177965,7.350888069111783
844.0,24.0,6.092091494979865,7.378316,5.819196,6.095459548358219
844.0,25.0,-5.876181719648989,-1.276773,-3.091501,-5.872813666270635
844.0,29.0,-9.744274384902212,-8.511111,-7.559066,-9.740906331523858
844.0,31.0,-14.630721579681781,-12.745544,-13.007636,-14.627353526303427
845.0,2.0,2.4349964010793785,12.010526,5.971038,2.062581625989581
845.0,5.0,13.823171823767758,13.929662,14.865794,13.45075704867796
845.0,6.0,1.3593423098767818,6.247072,3.484462,0.9869275347869841
845.0,12.0,1.907975693693838,4.502062,5.787517,1.5355609186040402
845.0,24.0,7.071272735752005,11.878198,5.9046,6.698857960662207
845.0,25.0,-5.577981974789786,0.540284,-2.83494,-5.950396749879584
845.0,29.0,-9.577399927743542,-7.73712,-7.385639,-9.94981470283334
845.0,31.0,-14.397129383391759,-14.148155,-12.933315,-14.769544158481557
846.0,2.0,0.8227568096257095,3.843073,6.321562,1.2882744596193207
846.0,5.0,12.757476293121943,14.752843,14.980917,13.222993943115554
846.0,6.0,0.2804131051330073,-1.446325,3.676969,0.7459307551266184
846.0,12.0,0.4169514369042656,3.295657,6.184421,0.8824690868978767
846.0,24.0,7.57656420470255,11.860526,6.041091,8.04208185469616
846.0,25.0,-7.249657983850889,-2.518935,-2.452781,-6.784140333857278
846.0,29.0,-11.644691491543862,-8.472941,-7.116454,-11.17917384155025
846.0,31.0,-15.371895762288753,-14.114464,-12.818858,-14.906378112295142
847.0,2.0,2.0991668640202485,4.655371,6.984176,2.1816348732328814
847.0,5.0,13.705977261840182,14.677543,15.180861,13.788445271052815
847.0,6.0,1.029585462137148,3.443521,3.841185,1.112053471349781
847.0,12.0,1.5336260644884234,5.689836,7.068018,1.6160940737010563
847.0,19.0,7.255144508156007,9.433597,7.885327,7.3376125173686395
847.0,24.0,6.3836881625890864,12.843891,6.604168,6.466156171801719
847.0,25.0,-6.261240055995419,-3.451891,-1.528761,-6.178772046782786
847.0,29.0,-10.062454682863427,-7.878453,-6.280696,-9.979986673650794
847.0,31.0,-14.895102468643215,-16.424607,-12.537068,-14.812634459430582
848.0,2.0,2.5795310456523097,10.486999,7.357504,2.5976796524381047
848.0,5.0,13.805851637845544,15.961175,15.304507,13.824000244631339
848.0,6.0,1.3952361525190256,2.528322,4.195938,1.4133847593048205
848.0,12.0,1.99434322936827,6.742957,7.389646,2.012491836154065
848.0,19.0,7.356455237089411,21.601761,8.122484,7.374603843875206
848.0,24.0,6.1060977323073,6.910067,6.516252,6.124246339093095
848.0,25.0,-5.507190670479324,0.940083,-1.265784,-5.489042063693529
848.0,29.0,-9.398558680083749,-8.486128,-6.228116,-9.380410073297954
848.0,31.0,-14.477234656103153,-14.333409,-12.449988,-14.459086049317358
849.0,2.0,2.602720829050816,7.219689,7.231321,2.593964799342002
849.0,5.0,13.825603122270474,14.679893,15.37997,13.816847092561659
849.0,6.0,1.3928401501461476,4.568294,4.420063,1.3840841204373335
849.0,12.0,2.042529267467705,4.658825,7.045358,2.033773237758891
849.0,19.0,7.505986025172313,11.207477,8.647399,7.497229995463499
849.0,24.0,6.17837260838848,11.0459,6.045746,6.1696165786796655
849.0,25.0,-5.497407662120691,-3.441557,-1.76336,-5.506163691829505
849.0,29.0,-9.420064460425717,-3.998852,-6.887096,-9.42882049013453
849.0,31.0,-14.466683508345431,-16.764285,-12.691304,-14.475439538054246
850.0,2.0,2.4885859847100518,7.073793,7.138394,2.0986133051322797
850.0,5.0,13.924522540439611,13.481339,15.468681,13.534549860861839
850.0,6.0,1.3070784247140494,6.791482,4.294866,0.9171057451362774
850.0,12.0,1.9960752098576782,5.957742,6.986074,1.6061025302799061
850.0,19.0,7.980624563075305,11.524132,8.604804,7.590651883497533
850.0,24.0,6.274522125224174,6.033652,6.161111,5.884549445646402
850.0,25.0,-5.264506961024077,-0.791737,-1.874408,-5.654479640601849
850.0,29.0,-8.983490446926899,-0.791641,-6.949791,-9.37346312650467
850.0,31.0,-14.102856451729922,-16.263427,-12.840816,-14.492829131307694
851.0,2.0,2.690445923065404,7.908312,7.109368,2.5347006113966444
851.0,5.0,13.94004003052916,15.85954,15.537756,13.7842947188604
851.0,6.0,1.4604738948072153,-0.81551,4.25552,1.3047285831384556
851.0,12.0,2.1100014537308063,6.981256,6.966983,1.9542561420620466
851.0,19.0,8.030574131608356,10.371666,8.616851,7.874828819939596
851.0,24.0,6.279440998350797,28.089125,6.210005,6.123695686682037
851.0,25.0,-5.364538709323822,-3.711727,-1.936181,-5.520284020992582
851.0,29.0,-9.324948284525332,-8.16778,-7.005933,-9.480693596194092
851.0,31.0,-14.394266797377922,-15.613956,-12.934427,-14.550012109046682
852.0,2.0,2.419564263919164,11.040044,7.097715,2.066292416929223
852.0,5.0,13.877595680417814,16.54562,15.559576,13.524323833427873
852.0,6.0,0.9517755527663193,0.800146,4.231531,0.5985037057763781
852.0,12.0,1.8502305167314166,3.974086,6.966731,1.4969586697414754
852.0,19.0,7.8170630960678436,7.898419,8.605986,7.463791249077902
852.0,24.0,6.385552627306283,20.12658,6.240547,6.032280780316341
852.0,25.0,-5.56087269414304,-0.343709,-1.947362,-5.9141445411329805
852.0,29.0,-9.38330921139431,-7.049661,-7.010028,-9.736581058384251
852.0,31.0,-14.4951824569253,-12.513603,-12.962848,-14.84845430391524
853.0,2.0,2.643973255763475,9.465393,7.110267,3.2265702798466647
853.0,5.0,12.803626848164049,16.940724,15.554767,13.386223872247239
853.0,6.0,1.1187960499155354,1.953546,4.237235,1.7013930739987249
853.0,12.0,2.0303739861315844,5.201184,6.984728,2.612971010214774
853.0,19.0,6.166952028226569,6.764721,8.599791,6.749549052309758
853.0,24.0,5.623159813955714,25.104919,6.244454,6.205756838038903
853.0,25.0,-5.499783764568565,-1.995736,-1.923661,-4.917186740485375
853.0,29.0,-8.779675544419089,-7.294066,-6.989909,-8.1970785203359
853.0,31.0,-14.030652200825543,-13.45817,-12.947382,-13.448055176742354
854.0,2.0,2.9441953194382577,5.443862,7.114813,3.6279778059096417
854.0,5.0,12.970950979521836,13.438347,15.56629,13.654733465993221
854.0,6.0,1.4901591472361773,1.278009,4.213138,2.173941633707561
854.0,12.0,2.407713145283968,4.244079,7.00973,3.091495631755352
854.0,19.0,6.4656704689564926,19.136562,8.565675,7.1494529554278765
854.0,24.0,5.675284423539584,10.65475,6.290538,6.359066910010968
854.0,25.0,-5.102702883798527,-7.617693,-1.897627,-4.418920397327143
854.0,29.0,-8.717059881688586,-9.019021,-6.953449,-8.033277395217201
854.0,31.0,-14.148405277563532,-18.065334,-12.950493,-13.464622791092147
855.0,2.0,2.977152865329243,3.083351,7.183035,3.6425193354566385
855.0,5.0,13.075550742546097,16.092613,15.596365,13.740917212673493
855.0,6.0,1.499961933248544,0.77894,4.246715,2.1653284033759395
855.0,12.0,2.4693759054378486,3.077934,7.091189,3.134742375565244
855.0,19.0,6.600042556193654,8.329825,8.565895,7.265409026321049
855.0,24.0,5.74556843287813,3.531323,6.325173,6.410934903005526
855.0,25.0,-5.143289638951258,-5.636408,-1.822657,-4.477923168823863
855.0,29.0,-8.758594687934695,-9.117469,-6.901359,-8.0932282178073
855.0,31.0,-14.220824322938178,-16.624496,-12.935263,-13.555457852810783
856.0,2.0,2.8663596867658026,8.41811,7.234126,3.466557790927618
856.0,5.0,12.989556628440317,13.562407,15.593694,13.589754732602133
856.0,6.0,1.356496766296388,2.924384,4.292583,1.9566948704582035
856.0,12.0,2.320623745672468,6.578421,7.140332,2.9208218498342835
856.0,19.0,6.4573037771196615,11.002384,8.583091,7.0575018812814765
856.0,24.0,5.784001756595088,7.113662,6.311161,6.384199860756903
856.0,25.0,-5.2145692717794825,1.00379,-1.767969,-4.6143711676176675
856.0,29.0,-8.81343484226931,-3.61732,-6.871746,-8.213236738107494
856.0,31.0,-14.15083506071811,-14.117854,-12.899416,-13.550636956556295
857.0,2.0,2.9314244179401703,5.497426,7.256575,3.455938692350116
857.0,5.0,13.016803112392589,14.836156,15.566646,13.541317386802534
857.0,6.0,1.4821340156777172,0.471392,4.34852,2.006648290087663
857.0,12.0,2.355808515874931,3.844206,7.140693,2.8803227902848767
857.0,19.0,6.546257523246465,14.278237,8.630873,7.070771797656411
857.0,24.0,5.820217131763383,1.862222,6.241384,6.344731406173329
857.0,25.0,-5.213720105363469,-5.190057,-1.758569,-4.689205830953524
857.0,29.0,-8.876808096126004,-5.796889,-6.890813,-8.352293821716058
857.0,31.0,-14.102187100200094,-18.099323,-12.861658,-13.577672825790149
858.0,2.0,2.999054746643126,6.327021,7.198377,3.566528024969289
858.0,5.0,13.149065485516545,14.244586,15.542453,13.716538763842706
858.0,6.0,1.562072912649879,3.858548,4.293477,2.1295461909760416
858.0,12.0,2.4348343664559966,3.618472,7.09364,3.0023076447821593
858.0,19.0,6.665766360756806,12.063857,8.592431,7.233239639082969
858.0,24.0,5.81626198946979,2.633606,6.253171,6.383735267795952
858.0,25.0,-5.124408154887246,-3.47105,-1.793292,-4.556934876561083
858.0,29.0,-8.74626046845129,-6.866446,-6.894364,-8.178787190125128
858.0,31.0,-14.17242499918189,-15.682368,-12.868714,-13.604951720855727
859.0,2.0,3.0195972397404995,3.993108,7.172416,3.6074122293234225
859.0,5.0,13.151979004363543,13.572047,15.516002,13.739793993946467
859.0,6.0,1.5503659746073275,1.682402,4.250534,2.1381809641902505
859.0,12.0,2.467100892675729,3.792264,7.087395,3.054915882258652
859.0,19.0,6.608812573372913,14.214615,8.537821,7.196627562955836
859.0,24.0,5.9106492921505405,3.927529,6.282207,6.4984642817334635
859.0,25.0,-5.085893101362514,-0.47713,-1.778633,-4.498078111779591
859.0,29.0,-8.746663108756604,-7.192397,-6.852842,-8.15884811917368
859.0,31.0,-14.16303800790528,-17.731828,-12.849153,-13.575223018322358
860.0,2.0,2.547946779641274,2.108937,7.136162,2.968968877757634
860.0,5.0,12.97561939350262,7.1888,15.415492,13.39664149161898
860.0,6.0,0.9786820852159338,-2.436578,4.22368,1.399704183332294
860.0,12.0,1.9838414057483362,-0.997332,7.059,2.4048635038646964
860.0,19.0,6.34493035439377,5.85324,8.473867,6.76595245251013
860.0,24.0,5.926672121154657,22.606733,6.251956,6.347694219271017
860.0,25.0,-5.727991027420011,-5.47913,-1.746299,-5.306968929303651
860.0,29.0,-8.972239740720886,-4.947591,-6.789324,-8.551217642604525
860.0,31.0,-14.081745841965496,-14.325557,-12.756723,-13.660723743849136
861.0,2.0,0.26769416640911625,9.43609,7.105917,2.1885028499832364
861.0,5.0,10.604874861132696,17.140116,15.264648,12.525683544706816
861.0,6.0,-1.0411578030113464,2.054641,4.234466,0.8796508805627736
861.0,12.0,0.04094352853797456,5.771748,7.017149,1.9617522121120947
861.0,19.0,4.993400228752658,9.240296,8.431362,6.914208912326778
861.0,24.0,4.169621797347724,10.775255,6.154672,6.090430480921844
861.0,25.0,-7.6354313314707705,0.655086,-1.703675,-5.71462264789665
861.0,29.0,-10.61511197391194,-7.125437,-6.727499,-8.694303290337821
862.0,2.0,2.4634138012853946,6.323874,7.036365,2.9106808941791593
862.0,5.0,12.937201646274138,15.744317,15.036822,13.384468739167904
862.0,6.0,0.9131771198171571,1.845993,4.264534,1.360444212710922
862.0,12.0,1.8024493960510446,3.540489,6.907082,2.2497164889448094
862.0,19.0,6.372792195546777,6.930685,8.412837,6.820059288440541
862.0,24.0,5.927840887366227,5.131173,5.959188,6.375107980259992
862.0,25.0,-5.790104640417652,-4.728853,-1.697977,-5.342837547523887
862.0,29.0,-9.231722502950866,-6.395304,-6.70174,-8.784455410057102
862.0,31.0,-13.982442032218199,-13.567111,-12.412222,-13.535174939324435
863.0,2.0,2.8641041479421707,10.377018,6.940612,3.272624006224246
863.0,5.0,13.20688354274862,15.167478,14.87026,13.615403401030695
863.0,6.0,1.3637673774089087,6.941639,4.207542,1.772287235690984
863.0,12.0,2.2722767605428427,7.854681,6.812572,2.680796618824918
863.0,19.0,6.6737263781646075,15.805561,8.323965,7.082246236446682
863.0,24.0,6.036863878990135,9.039206,5.887938,6.445383737272211
863.0,25.0,-5.254839057793785,0.502441,-1.700101,-4.84631919951171
863.0,29.0,-8.871962070458924,-6.030289,-6.645949,-8.463442212176849
863.0,31.0,-14.16725458983624,-17.280274,-12.286507,-13.758734731554165
864.0,2.0,3.01122700477472,7.666737,6.909415,3.4975098166768834
864.0,5.0,13.279755378014274,15.78961,14.819561,13.766038189916436
864.0,6.0,1.5365668999371387,1.439102,4.159824,2.022849711839302
864.0,12.0,2.4384072432289177,6.262094,6.802902,2.924690055131081
864.0,19.0,6.747837167862018,10.863172,8.25263,7.2341199797641815
864.0,24.0,6.026244502600066,16.095665,5.911051,6.512527314502229
864.0,25.0,-5.102046283033863,-2.348384,-1.673587,-4.615763471131699
864.0,29.0,-8.758920178206948,-3.287571,-6.585187,-8.272637366304785
864.0,31.0,-14.173890230536234,-18.42576,-12.242351,-13.68760741863407
865.0,2.0,2.962656100876795,3.498459,6.916364,3.326019346209206
865.0,5.0,13.293823876560374,16.189829,14.828431,13.657187121892786
865.0,6.0,1.4884707453724886,1.417018,4.15499,1.8518339907048995
865.0,12.0,2.4000762411324006,3.696,6.818587,2.7634394864648115
865.0,19.0,6.611336731739667,5.225858,8.244179,6.974699977072078
865.0,24.0,6.251369382646957,8.991189,5.92904,6.614732627979368
865.0,25.0,-5.1078324665766,-3.544977,-1.659821,-4.744469221244189
865.0,29.0,-8.666653308115341,-6.098636,-6.571743,-8.303290062782931
865.0,31.0,-14.114784707192142,-17.636459,-12.244812,-13.751421461859731
866.0,2.0,3.0365696758753096,2.523371,6.880079,3.364107684734096
866.0,5.0,13.335856816789294,18.334262,14.822782,13.66339482564808
866.0,6.0,1.623630134586933,-1.035177,4.142886,1.9511681434457193
866.0,12.0,2.431218798669443,3.973928,6.774514,2.758756807528229
866.0,19.0,6.85322123923537,7.401579,8.260661,7.180759248094156
866.0,24.0,6.204392020794635,-2.964011,5.904752,6.531930029653421
866.0,25.0,-5.1455280976311135,-2.480397,-1.708604,-4.817990088772327
866.0,29.0,-8.789467985296774,-11.391235,-6.616925,-8.461929976437988
866.0,31.0,-14.153452682040902,-16.33526,-12.264983,-13.825914673182115
867.0,2.0,2.983471744060985,8.990186,6.905623,3.3345682373095054
867.0,5.0,13.326822541963741,15.570325,14.819444,13.677919035212263
867.0,6.0,1.5660207678943134,4.298172,4.224581,1.9171172611428338
867.0,12.0,2.4076401813127637,4.98348,6.760467,2.758736674561284
867.0,19.0,6.862095775236183,13.822446,8.3594,7.213192268484703
867.0,24.0,6.077712579243366,-7.563837,5.805634,6.4288090724918865
867.0,25.0,-5.150668948985207,-0.948214,-1.735188,-4.799572455736687
867.0,29.0,-8.809672249440467,-3.906313,-6.691568,-8.458575756191948
867.0,31.0,-14.16047089103489,-14.848774,-12.258001,-13.809374397786371
868.0,2.0,3.0800807035546924,5.316373,6.904391,3.4280528463226876
868.0,5.0,13.386425876687621,13.247208,14.838716,13.734398019455616
868.0,6.0,1.7059147662991334,0.693252,4.259795,2.0538869090671286
868.0,12.0,2.4490357232585485,3.085328,6.736026,2.7970078660265436
868.0,19.0,7.05752676462488,5.941073,8.427794,7.405498907392875
868.0,24.0,6.063443019555286,28.251055,5.75526,6.411415162323281
868.0,25.0,-5.1363111847409035,-4.742584,-1.782357,-4.788339041972908
868.0,29.0,-8.881176914509146,-6.410857,-6.76563,-8.53320477174115
868.0,31.0,-14.14888324320099,-14.774807,-12.288601,-13.800911100432995
869.0,2.0,3.0595103043977376,6.80923,6.837102,3.3802112536979942
869.0,5.0,13.4522743109015,13.794689,14.862628,13.772975260201756
869.0,6.0,1.6429690280662248,4.877979,4.185172,1.9636699773664814
869.0,12.0,2.4286999550994315,7.851557,6.685656,2.749400904399688
869.0,19.0,7.016299487219459,13.685894,8.397756,7.337000436519715
869.0,24.0,6.176027321362735,-4.175256,5.802035,6.496728270662992
869.0,25.0,-5.11884936175228,2.397634,-1.848982,-4.798148412452023
869.0,29.0,-8.794474056489374,-7.993634,-6.799668,-8.473773107189118
869.0,31.0,-14.174864824864489,-13.400989,-12.354195,-13.854163875564232
870.0,2.0,2.8811928941850677,3.660523,6.821924,3.1445058105783987
870.0,5.0,13.324554969639035,16.854839,14.891002,13.587867886032367
870.0,6.0,1.418745956443657,2.327162,4.13134,1.682058872836988
870.0,12.0,2.2534602064494056,4.939928,6.699946,2.5167731228427366
870.0,19.0,6.932553339035379,4.178441,8.348366,7.19586625542871
870.0,24.0,6.161391399373488,2.857686,5.877055,6.424704315766819
870.0,25.0,-5.316168365289015,-4.672443,-1.842576,-5.052855448895684
870.0,29.0,-9.005231148194634,-8.137695,-6.770007,-8.741918231801304
870.0,31.0,-14.130563435336711,-13.942755,-12.38619,-13.86725051894338
871.0,2.0,3.0673127508118707,8.892024,6.811265,3.3920252203548573
871.0,5.0,13.39768203562947,13.838501,14.874029,13.722394505172456
871.0,6.0,1.657227566374738,6.774789,4.1409,1.9819400359177246
871.0,12.0,2.415120884829461,8.553773,6.680668,2.739833354372448
871.0,19.0,7.131400075142856,10.103981,8.364835,7.456112544685842
871.0,24.0,6.1091748630372775,10.691805,5.844816,6.433887332580264
871.0,25.0,-5.183644773034062,-1.892789,-1.857004,-4.858932303491075
871.0,29.0,-9.0180396527995,-2.297246,-6.789506,-8.693327183256514
871.0,31.0,-14.15036280367529,-14.713978,-12.377039,-13.825650334132302
872.0,2.0,2.935348870174935,6.503497,6.842731,3.1864361419997915
872.0,5.0,13.356922427044754,15.154769,14.825482,13.60800969886961
872.0,6.0,1.5082511388961803,3.279227,4.208309,1.7593384107210368
872.0,12.0,2.287767975174501,8.071422,6.687737,2.5388552469993573
872.0,19.0,7.0097184341833785,7.486014,8.407768,7.2608057060082345
872.0,24.0,6.12992411501791,4.030588,5.760799,6.381011386842767
872.0,25.0,-5.279895615500602,-1.337472,-1.827244,-5.028808343675745
872.0,29.0,-9.016801759780419,-4.904882,-6.789683,-8.765714487955563
872.0,31.0,-14.079432991865492,-12.923632,-12.309827,-13.828345720040636
873.0,2.0,2.715516338217336,5.687071,6.832617,3.0005532354544107
873.0,5.0,13.251842259897288,10.364991,14.740914,13.536879157134361
873.0,6.0,1.1234871525314745,0.729104,4.185111,1.4085240497685492
873.0,12.0,2.0559463385276375,5.284976,6.695227,2.3409832357647122
873.0,19.0,6.79125467742706,10.961541,8.33181,7.076291574664134
873.0,24.0,6.198585570840897,6.332733,5.759368,6.4836224680779715
873.0,25.0,-5.460960465710818,-4.643591,-1.761723,-5.175923568473744
873.0,29.0,-9.010074429773551,-4.358469,-6.696073,-8.725037532536476
873.0,31.0,-14.079523053526016,-13.567904,-12.214795,-13.79448615628894
874.0,2.0,2.6369653049127884,6.689465,6.783749,2.961799331450164
874.0,5.0,13.248480103338752,12.931311,14.682162,13.573314129876128
874.0,6.0,1.1268060566371432,2.458964,4.167734,1.4516400831745186
874.0,12.0,1.9631087941220509,6.018885,6.638582,2.2879428206594263
874.0,19.0,6.839897079012255,5.978051,8.320933,7.164731105549631
874.0,24.0,6.1921159291563574,2.425043,5.712859,6.5169499556937325
874.0,25.0,-5.7015764268522835,-3.249983,-1.79148,-5.3767424003149085
874.0,29.0,-9.418823990765182,-1.50305,-6.709322,-9.093989964227806
874.0,31.0,-13.959884529242176,-14.619468,-12.183307,-13.6350505027048
875.0,2.0,0.3522589850562453,9.779351,6.781146,2.0660658265743264
875.0,5.0,10.826540917754542,15.487123,14.71441,12.540347759272624
875.0,6.0,-0.9821442212230399,7.762565,4.174236,0.731662620295041
875.0,12.0,0.1321363655604023,7.912675,6.630796,1.8459432070784834
875.0,19.0,5.243084928002871,6.087675,8.354214,6.956891769520952
875.0,24.0,4.397960613752446,13.821753,5.709589,6.111767455270527
875.0,25.0,-7.593030006152548,-0.694687,-1.822684,-5.8792231646344675
875.0,29.0,-10.669927795201845,-6.708452,-6.753011,-8.956120953683765
876.0,2.0,0.3861171321134619,0.992531,6.673537,2.0737539981758193
876.0,5.0,10.922427187936815,9.669045,14.697025,12.610064053999173
876.0,6.0,-0.952532842304935,-2.972852,4.026868,0.7351040237574223
876.0,12.0,0.19508127814200804,2.71127,6.571106,1.8827181442043655
876.0,19.0,5.309262247108209,5.978452,8.228503,6.996899113170566
876.0,24.0,4.524613302783699,18.55897,5.811217,6.212250168846056
876.0,25.0,-7.608989443000898,-7.218941,-1.86467,-5.921352576938541
876.0,29.0,-10.708733035740147,-6.458399,-6.714008,-9.02109616967779
877.0,2.0,0.31946550236183124,3.184821,6.596383,2.032954561562815
877.0,5.0,10.847450331830121,10.694476,14.743108,12.560939391031106
877.0,6.0,-1.0891672237433987,-0.257119,3.895292,0.624321835457585
877.0,12.0,0.10154496806970037,2.077085,6.543414,1.8150340272706842
877.0,19.0,5.154723899466786,5.499081,8.134174,6.86821295866777
877.0,24.0,4.478184225877959,22.279984,5.942321,6.191673285078942
877.0,25.0,-7.605971444183479,-0.688794,-1.910119,-5.892482384982495
877.0,29.0,-10.616362083300276,-10.27778,-6.698391,-8.902873024099293
878.0,2.0,2.470885035811693,4.581819,6.456176,2.6578520055774226
878.0,5.0,13.205036880982917,13.214588,14.690768,13.392003850748646
878.0,6.0,0.8361241243261882,0.589212,3.784227,1.0230910940919178
878.0,12.0,1.9185265962420237,1.463349,6.411662,2.105493566007753
878.0,19.0,6.603844774570463,7.339782,8.077389,6.790811744336192
878.0,24.0,6.349536860936474,2.325737,5.940024,6.536503830702204
878.0,25.0,-5.657840073043611,-0.650488,-2.022771,-5.4708731032778815
878.0,29.0,-9.07191436693251,-8.534201,-6.747114,-8.884947397166782
878.0,31.0,-13.936687162389799,-13.492305,-12.374966,-13.74972019262407
879.0,2.0,2.4686033558991163,2.812051,6.290795,2.7077671104576124
879.0,5.0,13.178024665241846,13.682002,14.578167,13.417188419800343
879.0,6.0,0.8213104743277543,-1.683821,3.693797,1.0604742288862505
879.0,12.0,1.948186164803218,2.715331,6.231026,2.187349919361714
879.0,19.0,6.396346974891229,3.334032,8.042092,6.6355107294497255
879.0,24.0,6.458990350207668,13.70844,5.858754,6.698154104766164
879.0,25.0,-5.5671788597504035,-3.129878,-2.159614,-5.328015105191907
879.0,29.0,-8.973536116698732,-6.224273,-6.822012,-8.734372362140235
879.0,31.0,-13.91149246516853,-13.868862,-12.362307,-13.672328710610035
880.0,2.0,2.5071561947775374,4.774519,6.063907,2.189524088465973
880.0,5.0,13.528109170478752,12.098941,14.454105,13.210477064167186
880.0,6.0,0.9310745845231682,-1.753645,3.469662,0.6134424782116036
880.0,12.0,2.1675546773708003,4.093383,6.048677,1.8499225710592357
880.0,19.0,6.476079025362818,2.415228,7.856968,6.158446919051253
880.0,24.0,6.749952197433374,11.434985,5.912131,6.4323200911218095
880.0,25.0,-4.991667159118581,-3.339417,-2.273122,-5.309299265430146
880.0,29.0,-8.066614580001183,-1.852992,-6.796551,-8.384246686312746
880.0,31.0,-13.526748858426666,-10.167645,-12.356681,-13.844380964738232
881.0,2.0,3.4442933176473387,0.933521,5.355498,3.142663998673487
881.0,5.0,14.297521598740792,15.139132,14.33241,13.99589227976694
881.0,6.0,2.1161527729352683,-5.433375,2.550759,1.8145234539614163
881.0,12.0,2.9561797160302055,-4.286115,5.608929,2.6545503970563535
881.0,19.0,6.558876435680243,-0.634228,7.09984,6.257247116706391
881.0,24.0,6.610473850615868,35.466328,6.500865,6.308844531642016
881.0,25.0,-3.450471913149457,15.57394,-2.607553,-3.7521012321233087
881.0,29.0,-6.572354570816032,0.446392,-6.616762,-6.8739838897898835
881.0,31.0,-13.390667771250857,-18.970931,-12.594711,-13.69229709022471
882.0,2.0,3.005456120065043,4.98316,5.044177,2.6247018489540945
882.0,5.0,13.83371027005021,15.121431,14.307061,13.452955998939261
882.0,6.0,1.858900163595985,3.510664,2.223023,1.4781458924850366
882.0,12.0,2.308578854634521,2.967048,5.363968,1.9278245835235728
882.0,24.0,7.007330550593175,-8.174223,6.650366,6.626576279482227
882.0,29.0,-9.209587503417312,-7.565617,-6.681562,-9.59034177452826
882.0,31.0,-13.952004322576876,-12.685722,-12.749389,-14.332758593687824
883.0,2.0,3.282997932641798,6.996011,5.018401,2.9497122152758704
883.0,5.0,13.890823563052274,14.200631,14.379445,13.557537845686348
883.0,6.0,1.9592457327439599,2.696722,2.610162,1.6259600153780323
883.0,12.0,2.587008204495554,3.368916,5.060226,2.253722487129626
883.0,19.0,7.5506811884933995,7.734603,7.573911,7.217395471127472
883.0,24.0,6.5514144283868765,-4.414863,6.042704,6.218128711020949
883.0,25.0,-4.791533697564714,-1.407334,-3.315756,-5.124819414930641
883.0,29.0,-8.351850172522786,-4.302154,-7.399273,-8.685135889888713
883.0,31.0,-13.487785213485584,-11.973618,-12.945553,-13.821070930851512
884.0,2.0,3.2092180372792907,4.833855,5.0923,3.1479420264132454
884.0,5.0,13.869524801171627,13.828204,14.338663,13.808248790305582
884.0,6.0,1.868861444302497,1.93862,2.728457,1.8075854334364516
884.0,12.0,2.5446536672684754,2.502102,5.096447,2.48337765640243
884.0,19.0,7.699003788484483,7.252475,7.656121,7.637727777618438
884.0,24.0,6.498451716575478,14.085139,5.930322,6.437175705709433
884.0,25.0,-5.153919680131767,-5.316364,-3.26242,-5.215195690997812
884.0,29.0,-9.037080655891641,-8.101611,-7.404277,-9.098356666757686
884.0,31.0,-14.109179760337424,-14.073899,-12.863925,-14.17045577120347
885.0,2.0,2.920058019978528,12.693589,5.045922,2.7688241035921735
885.0,5.0,13.700239778288026,19.581821,14.308454,13.549005861901671
885.0,6.0,1.5325032427887644,6.128709,2.685418,1.3812693264024096
885.0,12.0,2.3656666866739906,8.056948,5.059592,2.214432770287636
885.0,19.0,7.360077754860626,8.417289,7.620463,7.208843838474271
885.0,24.0,6.5399834379002355,9.739861,5.935831,6.388749521513881
885.0,25.0,-5.2442647907114255,4.151311,-3.283016,-5.39549870709778
885.0,29.0,-9.000930802876294,-5.331221,-7.398795,-9.152164719262649
885.0,31.0,-13.987580359108476,-16.926819,-12.857548,-14.13881427549483
886.0,2.0,2.876491776985345,5.791397,5.0211,2.699116862007684
886.0,5.0,13.722174169970891,14.736991,14.293247,13.54479925499323
886.0,6.0,1.4958189535076514,1.554348,2.652934,1.3184440385299903
886.0,12.0,2.252043963738335,3.889222,5.047427,2.074669048760674
886.0,19.0,7.529056931205382,8.038165,7.587816,7.351682016227721
886.0,24.0,6.522894656974768,17.296725,5.953926,6.345519741997107
886.0,25.0,-5.549668179121018,0.891345,-3.284472,-5.727043094098679
886.0,29.0,-9.220526589245695,-11.053794,-7.381854,-9.397901504223356
886.0,31.0,-13.932585326656675,-15.388109,-12.852786,-14.109960241634337
887.0,2.0,3.0225765301425174,13.186555,5.052811,2.824048579290289
887.0,5.0,13.840696658096643,18.541334,14.307918,13.642168707244416
887.0,6.0,1.6948224468388755,7.41484,2.673561,1.496294495986647
887.0,12.0,2.4010977060559116,10.049793,5.083199,2.202569755203683
887.0,19.0,7.502263611964237,10.658376,7.596638,7.303735661112008
887.0,24.0,6.628288522250881,8.853005,5.962581,6.429760571398653
887.0,25.0,-5.208152863978052,0.163405,-3.253635,-5.40668081483028
887.0,29.0,-8.987568032395123,-8.192638,-7.365894,-9.186095983247352
887.0,31.0,-13.966871677965962,-9.857512,-12.847364,-14.16539962881819
888.0,2.0,2.886995827267456,8.012871,5.060991,2.671094520065909
888.0,5.0,13.792878030627838,14.027421,14.290515,13.576976723426291
888.0,6.0,1.4354792421016311,4.646338,2.67929,1.2195779349000841
888.0,12.0,2.313959180749248,6.892239,5.095139,2.098057873547701
888.0,19.0,7.429415053199425,13.110379,7.587372,7.2135137459978775
888.0,24.0,6.699970371009202,-4.550401,5.957909,6.484069063807654
888.0,25.0,-5.303288945248538,-0.873147,-3.229461,-5.519190252450086
888.0,29.0,-9.039511923705202,-9.490363,-7.343019,-9.255413230906749
888.0,31.0,-14.013784303177703,-6.417456,-12.821312,-14.22968561037925
889.0,2.0,2.790115787612952,3.780172,5.066763,2.607465076150513
889.0,5.0,13.72465263437299,14.391891,14.265207,13.54200192291055
889.0,6.0,1.371809218798962,-0.464667,2.690773,1.189158507336523
889.0,12.0,2.201609773526143,5.828148,5.099911,2.018959062063704
889.0,19.0,7.336290499096374,5.458946,7.584694,7.153639787633935
889.0,24.0,6.694839852984385,8.175735,5.939141,6.512189141521946
889.0,25.0,-5.502750917519966,-0.451087,-3.209777,-5.6854016289824045
889.0,29.0,-9.100575560705519,-6.885964,-7.326599,-9.283226272167958
889.0,31.0,-13.88471848029346,-10.863821,-12.789556,-14.067369191755898
890.0,2.0,2.9373661980226258,11.634396,4.867144,2.668161947190529
890.0,5.0,13.877793831266196,16.774828,14.192005,13.6085895804341
890.0,6.0,1.5600194193607084,5.642046,2.520579,1.2908151685286118
890.0,12.0,2.314253985868464,9.010502,4.919716,2.0450497350363674
890.0,19.0,7.6768456292110745,12.44068,7.485869,7.407641378378978
890.0,24.0,6.64659038880277,2.589004,5.956049,6.3773861379706736
890.0,25.0,-5.554098660291084,4.519939,-3.360787,-5.82330291112318
890.0,29.0,-9.2676254590596,-5.905115,-7.379053,-9.536829709891697
890.0,31.0,-13.886395278108003,-14.014932,-12.832826,-14.1555995289401
891.0,2.0,3.127629311336751,11.422226,4.825928,2.866497465195684
891.0,5.0,13.92981886245456,15.640707,14.211885,13.668687016313493
891.0,6.0,1.7760743739954759,9.342809,2.431312,1.514942527854409
891.0,12.0,2.4673609769794167,11.318714,4.919625,2.20622913083835
891.0,19.0,7.818907019818895,10.743516,7.403879,7.557775173677829
891.0,24.0,6.654108382009066,21.717906,6.054689,6.392976535868
891.0,25.0,-5.3451581035166456,3.501929,-3.362198,-5.606289949657713
891.0,29.0,-9.221662663647356,-6.965193,-7.336919,-9.482794509788423
891.0,31.0,-13.873406361380262,-15.143469,-12.868785,-14.134538207521329
892.0,2.0,3.2327908652903945,8.728451,4.883988,2.936832793347537
892.0,5.0,14.049684518021543,16.626846,14.205062,13.753726446078685
892.0,6.0,1.945668223214848,6.058427,2.436838,1.6497101512719903
892.0,12.0,2.6230864275200965,5.438903,5.006763,2.327128355577239
892.0,19.0,7.783823418688966,4.536723,7.348721,7.4878653467461085
892.0,24.0,6.729861211141016,12.178931,6.109807,6.433903139198159
892.0,25.0,-5.0623157050786265,-3.611355,-3.252978,-5.358273777021484
892.0,29.0,-9.004453621840062,-5.608294,-7.227334,-9.30041169378292
892.0,31.0,-13.908735577341746,-14.874793,-12.81269,-14.204693649284604
893.0,2.0,3.4373553396002605,4.090706,4.899509,2.966503522306317
893.0,5.0,14.258384289291097,17.184786,14.171406,13.787532471997153
893.0,6.0,2.186223675429038,0.2723,2.443353,1.7153718581350947
893.0,12.0,2.8030851178026523,2.017224,5.030127,2.332233300508709
893.0,19.0,8.134926989054179,9.380653,7.323081,7.664075171760236
893.0,24.0,6.755403970785582,6.406973,6.107154,6.284552153491639
893.0,25.0,-4.944021435771838,-0.425453,-3.204632,-5.414873253065782
893.0,29.0,-8.909970579715385,-7.404303,-7.176893,-9.380822397009329
893.0,31.0,-13.722165206924915,-19.267054,-12.761879,-14.193017024218857
894.0,2.0,3.3368882708549816,4.594075,4.843525,3.0043234535059535
894.0,5.0,14.156836983944054,12.756541,14.074504,13.824272166595026
894.0,6.0,2.0341544837621504,5.089927,2.420647,1.7015896664131223
894.0,12.0,2.7423575745001374,5.768392,4.968276,2.4097927571511093
894.0,19.0,7.90249214507227,3.928252,7.2882,7.569927327723242
894.0,24.0,6.799249335071448,12.075141,6.049774,6.4666845177224195
894.0,25.0,-4.92740371073534,-3.5952,-3.216114,-5.259968528084368
894.0,29.0,-8.880251577592055,-3.21927,-7.161408,-9.212816394941083
894.0,31.0,-13.861905316977115,-13.499489,-12.691737,-14.194470134326142
895.0,2.0,3.310421031710265,3.153818,4.791925,3.059070822215
895.0,5.0,14.075025472640405,10.946308,14.0542,13.823675263145141
895.0,6.0,1.9592854046591501,2.945342,2.371855,1.707935195163885
895.0,12.0,2.7479954776342312,3.332464,4.926937,2.496645268138966
895.0,19.0,7.791370639006738,8.371803,7.255159,7.540020429511473
895.0,24.0,6.8282020350121,21.787077,6.061518,6.576851825516835
895.0,25.0,-4.873914621600114,-3.112761,-3.247786,-5.125264831095379
895.0,29.0,-9.011832223904813,-7.639169,-7.166041,-9.263182433400079
895.0,31.0,-13.900600527150006,-17.007981,-12.699876,-14.151950736645272
896.0,2.0,1.7970034348242185,6.289953,4.527858,2.9564479626627875
896.0,5.0,12.536783642912495,13.136277,14.064555,13.696228170751063
896.0,6.0,0.20493871140774,1.49679,2.080985,1.364383239246309
896.0,12.0,1.4545644553817176,3.287796,4.727322,2.6140089832202866
896.0,19.0,6.031299369964876,9.975201,7.088001,7.190743897803445
896.0,24.0,5.394923074137178,0.428055,6.21937,6.554367601975747
896.0,25.0,-6.068742264112841,-2.31483,-3.459681,-4.909297736274272
896.0,29.0,-10.10575790167765,-5.99998,-7.230192,-8.946313373839082
896.0,31.0,-14.930103333948733,-12.065716,-12.865228,-13.770658806110163
897.0,2.0,1.9437008500004849,4.71613,4.371025,3.08801503659207
897.0,5.0,12.61011054269913,13.024984,14.064794,13.754424729290715
897.0,6.0,0.5176244192325646,0.713796,1.8901,1.66193860582415
897.0,12.0,1.555216654193794,1.210305,4.622569,2.6995308407853793
897.0,19.0,6.308367346105096,8.374915,6.957517,7.4526815326966815
897.0,24.0,5.335431071595596,11.00574,6.339697,6.479745258187181
897.0,25.0,-6.0224466285461915,0.364712,-3.562853,-4.878132441954606
897.0,29.0,-10.099511637198878,-4.806886,-7.234635,-8.955197450607294
897.0,31.0,-14.947773992489545,-15.48346,-12.952125,-13.803459805897958
898.0,2.0,1.933159288961253,5.106652,4.393807,3.1072990924769153
898.0,5.0,12.697553043091384,16.124927,14.015362,13.871692846607047
898.0,6.0,0.7080269998744785,1.924581,1.921818,1.8821668033901409
898.0,12.0,1.574550817817424,4.033594,4.640539,2.748690621333086
898.0,19.0,6.506084803360293,11.23238,6.953672,7.680224606875956
898.0,24.0,5.499397737512736,3.831993,6.301293,6.673537541028399
898.0,25.0,-6.1235342423924335,-4.921744,-3.514482,-4.949394438876771
898.0,29.0,-10.244389581421514,-13.618235,-7.195278,-9.07024977790585
898.0,31.0,-15.111262868117146,-13.677451,-12.883073,-13.937123064601483
899.0,2.0,1.8820500664917912,10.202372,4.428308,2.9253133843552734
899.0,5.0,12.677582234104063,17.31847,14.01694,13.720845551967546
899.0,6.0,0.39016898692009583,4.91636,1.962111,1.4334323047835782
899.0,12.0,1.4531404787721618,10.322902,4.667819,2.496403796635644
899.0,19.0,6.419922878022825,8.385729,6.98203,7.463186195886307
899.0,24.0,5.515772409059086,5.239612,6.278547,6.559035726922568
899.0,25.0,-6.119354065254653,-0.756716,-3.488355,-5.07609074739117
899.0,29.0,-10.159176819291776,-3.951177,-7.192787,-9.115913501428293
899.0,31.0,-15.00928641894894,-12.598171,-12.86491,-13.966023101085458
900.0,2.0,1.6634718899575702,4.920906,4.268014,2.5817046301595075
900.0,5.0,12.647272831571348,11.540873,13.898448,13.565505571773285
900.0,6.0,0.010081429981232293,2.100844,1.870847,0.9283141701831695
900.0,12.0,1.245218484867146,4.079055,4.495759,2.163451225069083
900.0,19.0,6.240905505240524,10.636325,6.936778,7.1591382454424615
900.0,24.0,5.6147514656396185,6.364034,6.203795,6.532984205841556
900.0,25.0,-6.219543635652124,-0.97014,-3.611568,-5.301310895450186
900.0,29.0,-10.109898430391263,-5.381623,-7.251892,-9.191665690189327
900.0,31.0,-14.973367534126378,-16.316779,-12.842037,-14.055134793924442
901.0,2.0,1.7308246335294353,7.319981,4.294487,2.6309943002622376
901.0,5.0,12.73170437542465,13.6408,13.866972,13.631874042157452
901.0,6.0,0.21835123814704527,-0.314469,1.901764,1.1185209048798477
901.0,12.0,1.3307024682214408,6.985229,4.518896,2.230872134954243
901.0,19.0,6.469621292323883,10.250937,6.938789,7.369790959056686
901.0,24.0,5.567228629239226,-3.192292,6.176326,6.467398295972028
901.0,25.0,-6.168251365810334,-1.341263,-3.568186,-5.268081699077531
901.0,29.0,-10.10756371875739,-1.58752,-7.220399,-9.207394052024588
901.0,31.0,-14.992220877085446,-14.058544,-12.790364,-14.092051210352643
902.0,2.0,1.8666021139292326,10.1262,4.359626,2.7984487417202915
902.0,5.0,12.769888420114214,15.592265,13.859326,13.701735047905272
902.0,6.0,0.37049509118686685,3.096337,1.959068,1.3023417189779258
902.0,12.0,1.443158298375245,6.66744,4.58139,2.3750049261663038
902.0,19.0,6.4756667459024495,9.117967,6.955813,7.407513373693508
902.0,24.0,5.587648063839608,-2.689646,6.15871,6.519494691630667
902.0,25.0,-6.079567731108605,1.383184,-3.495422,-5.147721103317545
902.0,29.0,-10.081946384116979,-1.263827,-7.177081,-9.15009975632592
902.0,31.0,-14.990973593117696,-13.579994,-12.739659,-14.059126965326637
903.0,2.0,1.9683962745060146,8.286406,4.313071,2.898578355461721
903.0,5.0,12.80660231090213,14.563343,13.7856,13.736784391857837
903.0,6.0,0.49839243980712833,3.667129,1.932449,1.4285745207628349
903.0,12.0,1.5507979675582853,5.839045,4.535233,2.4809800485139917
903.0,19.0,6.5691606377821055,6.479457,6.919191,7.499342718737812
903.0,24.0,5.6002025819574515,-0.953019,6.125341,6.530384662913158
903.0,25.0,-5.998991893263125,2.343909,-3.502037,-5.068809812307419
903.0,29.0,-10.046192982414,-4.363907,-7.158389,-9.116010901458294
903.0,31.0,-14.987734959860093,-9.729698,-12.687434,-14.057552878904387
904.0,2.0,1.8480606641227295,2.762853,4.310531,2.68954586674177
904.0,5.0,12.829615790064304,11.905652,13.733318,13.671100992683344
904.0,6.0,0.325107018261792,0.259501,1.91722,1.1665922208808328
904.0,12.0,1.4301868144247702,3.130818,4.546926,2.271672017043811
904.0,19.0,6.529728031169433,5.100851,6.867335,7.371213233788474
904.0,24.0,5.633001463959963,-9.887505,6.130349,6.474486666579004
904.0,25.0,-6.058773338203314,-0.175903,-3.453163,-5.217288135584273
904.0,29.0,-10.021911327219893,-4.923211,-7.092069,-9.180426124600853
904.0,31.0,-14.971157231117287,-10.080079,-12.625252,-14.129672028498247
905.0,2.0,1.9424638187083971,4.356756,4.34127,2.8316136414792883
905.0,5.0,12.854586134256003,10.496376,13.666598,13.743735957026894
905.0,6.0,0.42010868780407573,1.579847,1.936839,1.309258510574967
905.0,12.0,1.5699226227550094,3.256937,4.585899,2.4590724455259005
905.0,19.0,6.548132992110834,7.994643,6.82579,7.437282814881725
905.0,24.0,5.675318448385359,6.954224,6.114134,6.56446827115625
905.0,25.0,-5.9476936111641665,-2.329883,-3.366393,-5.058543788393275
905.0,29.0,-9.949598829167908,-5.062823,-7.0029,-9.060449006397016
905.0,31.0,-14.971856525266562,-11.016833,-12.526547,-14.08270670249567
906.0,2.0,1.9704307573687565,2.597797,4.33804,2.739324157600536
906.0,5.0,12.880907980214023,13.731054,13.60168,13.649801380445801
906.0,6.0,0.47408783944008703,-0.69138,1.927991,1.2429812396718667
906.0,12.0,1.6037368643386882,0.576378,4.59275,2.3726302645704678
906.0,19.0,6.6509356346981585,5.349857,6.776767,7.419829034929938
906.0,24.0,5.738824954135491,9.445422,6.104501,6.50771835436727
906.0,25.0,-5.900297412777929,-4.081033,-3.316201,-5.13140401254615
906.0,29.0,-9.88953667218217,-7.790085,-6.936426,-9.120643271950389
906.0,31.0,-14.87658333166988,-15.195148,-12.451907,-14.107689931438099
907.0,2.0,2.0497744126681683,3.028267,4.375072,2.846083150998079
907.0,5.0,12.954398884425315,12.970015,13.580356,13.750707622755225
907.0,6.0,0.6570168709189107,1.35946,1.966544,1.4533256092488216
907.0,12.0,1.668384416058152,3.036333,4.626024,2.464693154388063
907.0,19.0,6.734893496451884,6.823574,6.785698,7.531202234781794
907.0,24.0,5.732133757451309,11.761624,6.080046,6.52844249578122
907.0,25.0,-5.872349858478283,1.910817,-3.267817,-5.076041120148372
907.0,29.0,-9.908913308659594,-5.741172,-6.905622,-9.112604570329683
907.0,31.0,-14.893177633546431,-15.569355,-12.404734,-14.09686889521652
908.0,2.0,2.0796826719873307,3.509199,4.455029,2.739664959440515
908.0,5.0,12.96693052161733,13.800094,13.593483,13.626912809070514
908.0,6.0,0.8193087456799616,1.40029,2.081534,1.479291033133146
908.0,12.0,1.6210158042238074,4.859258,4.670304,2.2809980916769916
908.0,19.0,7.026825887314205,9.646877,6.889123,7.686808174767389
908.0,24.0,5.6517400341220485,12.34923,5.995888,6.311722321575233
908.0,25.0,-5.934780259062667,-1.70012,-3.238111,-5.274797971609483
908.0,29.0,-10.056838796178205,-9.660123,-6.94231,-9.39685650872502
908.0,31.0,-14.831234452694856,-15.089532,-12.379291,-14.171252165241672
909.0,2.0,1.904925221280367,3.76724,4.665481,2.465942959562713
909.0,5.0,13.000808505178595,11.991884,13.590492,13.561826243460942
909.0,6.0,0.41222944183232524,1.509401,2.319208,0.9732471801146713
909.0,12.0,1.4892027192465092,2.241908,4.829053,2.050220457528855
909.0,19.0,6.85716600185736,5.960167,7.036121,7.418183740139706
909.0,24.0,5.80800730826985,18.758495,5.862612,6.369025046552196
909.0,25.0,-5.980800604667327,-3.133148,-3.074498,-5.419782866384981
909.0,29.0,-9.930853256954968,-11.01034,-6.90416,-9.369835518672623
909.0,31.0,-14.87648650433778,-10.017411,-12.253878,-14.315468766055435
910.0,2.0,1.892762819038615,6.725289,4.827231,2.5372722280820734
910.0,5.0,13.056332166197047,10.467948,13.569193,13.700841575240505
910.0,6.0,0.2691042748940732,-1.052682,2.496,0.9136136839375316
910.0,12.0,1.4880603796918601,2.895506,4.956503,2.1325697887353186
910.0,19.0,6.604580864602799,7.702702,7.128554,7.249090273646257
910.0,24.0,5.862304342604692,15.649839,5.763365,6.506813751648151
910.0,25.0,-5.928228228854045,-0.675352,-2.929285,-5.283718819810586
910.0,29.0,-9.776926368773209,-3.602676,-6.848399,-9.13241695972975
910.0,31.0,-14.929789792287687,-9.716832,-12.134008,-14.28528038324423
911.0,2.0,1.8551671400551042,6.635253,4.843222,2.398825082049489
911.0,5.0,13.025160016967764,13.659651,13.604663,13.568817958962148
911.0,6.0,0.1323862579275089,1.141519,2.51703,0.6760441999218937
911.0,12.0,1.4275262322869429,4.321981,4.967032,1.9711841742813276
911.0,19.0,6.574515933723039,5.522338,7.167068,7.118173875717424
911.0,24.0,5.934000009631914,10.070916,5.760047,6.477657951626298
911.0,25.0,-5.945660840801885,2.910747,-2.942476,-5.402002898807501
911.0,29.0,-9.776924353457096,-5.806273,-6.882057,-9.233266411462711
911.0,31.0,-14.902426533590289,-12.795369,-12.16592,-14.358768591595904
912.0,2.0,1.7992547864212547,5.603848,4.766544,2.340548635886327
912.0,5.0,13.020724852621582,11.945968,13.635679,13.562018702086654
912.0,6.0,0.020807902355709618,0.018494,2.460316,0.5621017518207817
912.0,12.0,1.4070043119619804,4.166213,4.890629,1.9482981614270525
912.0,19.0,6.496339243249744,6.934197,7.179432,7.037633092714816
912.0,24.0,5.917818442270526,10.17031,5.772184,6.459112291735598
912.0,25.0,-5.880274937532335,-1.319271,-3.048797,-5.338981088067263
912.0,29.0,-9.72443939188753,-7.368106,-6.969119,-9.183145542422459
912.0,31.0,-14.842973410961626,-5.979023,-12.252833,-14.301679561496554
913.0,2.0,1.6546293351649917,-1.860613,4.654513,2.287661768884035
913.0,5.0,12.861662439009349,5.563373,13.656074,13.494694872728392
913.0,6.0,-0.3551951032424966,-5.981898,2.368373,0.2778373304765468
913.0,12.0,1.3072789872594264,-3.329201,4.78534,1.9403114209784698
913.0,19.0,6.150419679112781,16.915217,7.16776,6.783452112831824
913.0,24.0,5.957730791476411,13.209143,5.796129,6.590763225195454
913.0,25.0,-5.826992169629878,-11.028062,-3.179025,-5.193959735910834
913.0,29.0,-9.694022213246832,-13.692089,-7.059844,-9.06098977952779
913.0,31.0,-14.754218407506267,-15.053654,-12.34912,-14.121185973787224
914.0,2.0,1.9021520589999161,-2.48071,4.546969,2.3098235204536333
914.0,5.0,13.140117643037557,9.269392,13.678141,13.547789104491274
914.0,6.0,0.25379676201842905,-9.644735,2.291968,0.6614682234721462
914.0,12.0,1.472931375487704,-3.759702,4.676151,1.8806028369414212
914.0,19.0,6.75604803175194,22.085533,7.176491,7.163719493205656
914.0,24.0,5.982203797172517,15.948677,5.801611,6.389875258626233
914.0,25.0,-5.888642351124948,-9.989368,-3.317199,-5.48097088967123
914.0,29.0,-9.756914118965481,-16.062445,-7.167665,-9.349242657511764
914.0,31.0,-14.80444242922694,-18.414938,-12.447354,-14.396770967773223
915.0,2.0,2.087370093129792,4.635435,4.513325,2.6441116809041496
915.0,5.0,13.224391524193392,12.168768,13.712055,13.78113311196775
915.0,6.0,0.5693999438218861,5.577628,2.274539,1.126141531596244
915.0,12.0,1.6923173349675773,2.903955,4.637984,2.249058922741935
915.0,19.0,6.534799151478301,41.871763,7.20649,7.091540739252658
915.0,24.0,6.069082947733151,-5.160491,5.802054,6.625824535507509
915.0,25.0,-5.816476402716201,-2.698687,-3.38393,-5.259734814941843
915.0,29.0,-9.756835821931183,-12.72964,-7.235681,-9.200094234156825
915.0,31.0,-14.88899161180104,-14.300164,-12.510563,-14.332250024026683
916.0,2.0,2.224241459856625,6.822394,4.396839,2.766759433497848
916.0,5.0,13.22574627813279,16.307289,13.680742,13.768264251774013
916.0,6.0,0.5966396736964831,1.28497,2.231253,1.139157647337706
916.0,12.0,1.8078225455302013,6.638082,4.495049,2.350340519171424
916.0,19.0,6.854191917035561,14.267587,7.243122,7.396709890676784
916.0,24.0,5.873857367537279,-2.549936,5.729696,6.416375341178502
916.0,25.0,-5.485696684766645,-4.522172,-3.533758,-4.943178711125422
916.0,29.0,-9.529259749125638,-8.610446,-7.364121,-8.986741775484415
916.0,31.0,-14.712774048363126,-14.373659,-12.563116,-14.170256074721904
917.0,2.0,2.0387128679747635,3.914327,4.257348,2.5502516249929235
917.0,5.0,13.28632734429338,11.991078,13.638612,13.79786610131154
917.0,6.0,0.45222633794419564,-2.66345,2.203716,0.9637650949623556
917.0,12.0,1.6439349690434133,2.814625,4.306923,2.1554737260615733
917.0,19.0,6.617135751478533,25.057929,7.321554,7.128674508496693
917.0,24.0,5.9754238186534305,3.976307,5.603955,6.4869625756715905
917.0,25.0,-5.707536895177117,-7.537184,-3.73408,-5.195998138158957
917.0,29.0,-9.616701259329751,-10.342228,-7.551669,-9.105162502311591
917.0,31.0,-14.783528343794112,-15.242126,-12.626835,-14.271989586775952
918.0,2.0,2.2573602268554227,3.658882,4.230402,2.7467058740983434
918.0,5.0,13.356478421128392,8.770514,13.641591,13.845824068371313
918.0,6.0,0.7769966423897764,1.365847,2.189781,1.2663422896326972
918.0,12.0,1.81030838596776,1.95256,4.277973,2.2996540332106807
918.0,19.0,6.811567019456585,11.135083,7.331025,7.300912666699506
918.0,24.0,5.984853245002005,27.085458,5.596931,6.474198892244925
918.0,25.0,-5.612183293973498,-3.915423,-3.770314,-5.122837646730577
918.0,29.0,-9.627415651815236,-6.249634,-7.584316,-9.138070004572315
918.0,31.0,-14.723298292852796,-14.029528,-12.649616,-14.233952645609875
919.0,2.0,2.2766571943288634,9.282888,4.163444,2.51141738935556
919.0,5.0,13.360382036859617,14.180846,13.573606,13.595142231886314
919.0,6.0,1.0040010520769886,5.611136,2.158786,1.2387612471036853
919.0,12.0,1.8592891301962773,6.064567,4.203362,2.094049325222974
919.0,19.0,6.965379829622015,10.33886,7.312423,7.200140024648712
919.0,24.0,6.033836968844343,9.468735,5.549504,6.26859716387104
919.0,25.0,-5.298921673006842,-1.593787,-3.814834,-5.064161477980146
919.0,29.0,-9.113200829716957,-2.155569,-7.603388,-8.87844063469026
919.0,31.0,-14.263373147596184,-13.159806,-12.620645,-14.028612952569487
920.0,2.0,2.0471447705871135,11.073663,4.14086,2.347674821981273
920.0,5.0,13.393807917707683,21.502676,13.548669,13.694337969101841
920.0,6.0,0.4578132859199816,0.951139,2.113965,0.7583433373141409
920.0,12.0,1.7155111162581127,5.096001,4.203539,2.016041167652272
920.0,19.0,6.860234786332135,7.891139,7.252435,7.160764837726294
920.0,24.0,6.133655356184504,-1.446491,5.586473,6.4341854075786635
920.0,25.0,-5.625003154290616,0.747663,-3.793531,-5.324473102896457
920.0,29.0,-9.581543890396524,-10.575148,-7.554322,-9.281013839002366
920.0,31.0,-14.726324113761924,-12.62497,-12.599898,-14.425794062367764
921.0,2.0,1.8717523410125034,2.23562,4.127056,2.0194959388154277
921.0,5.0,13.417056383143013,10.737259,13.505613,13.564799980945937
921.0,6.0,0.15269241714399928,2.80997,2.077056,0.3004360149469235
921.0,12.0,1.5242515757682966,2.08546,4.212417,1.6719951735712208
921.0,19.0,6.909828315333787,8.454678,7.184384,7.0575719131367105
921.0,24.0,6.2546789108754925,10.564994,5.6153,6.402422508678416
921.0,25.0,-5.850544171632284,-6.451498,-3.751045,-5.702800573829359
921.0,29.0,-9.695432118779095,-8.102049,-7.484289,-9.547688520976171
921.0,31.0,-14.750229531383587,-16.492812,-12.552664,-14.602485933580663
922.0,2.0,-0.02430078977320982,3.283844,4.171916,1.972057846340057
922.0,5.0,11.482856124652155,14.396532,13.47842,13.479214760765423
922.0,6.0,-1.6335984726968906,3.168131,2.12764,0.3627601634163762
922.0,12.0,-0.044277097785087816,3.517485,4.249323,1.952081538328179
922.0,19.0,5.737151576399087,-0.815371,7.200038,7.733510212512353
922.0,24.0,4.705758408154165,0.388648,5.578981,6.702117044267432
922.0,25.0,-8.126604661971923,-1.761939,-3.695921,-6.130246025858656
922.0,29.0,-11.693593185675956,-6.316017,-7.451767,-9.69723454956269
923.0,2.0,1.7723265488402902,8.091374,4.19999,1.8193854420934255
923.0,5.0,13.471066729178174,11.731824,13.462654,13.51812562243131
923.0,6.0,-0.018621182671294645,2.512125,2.150285,0.028437710581840636
923.0,12.0,1.3938284926684457,5.698984,4.279459,1.440887385921581
923.0,19.0,6.98082843966156,8.157167,7.197032,7.027887332914696
923.0,24.0,6.303602655117522,11.548158,5.570775,6.350661548370657
923.0,25.0,-5.865478426651394,2.457454,-3.652687,-5.8184195333982585
923.0,29.0,-9.642214384113238,-6.989181,-7.418407,-9.595155490860103
923.0,31.0,-14.722013490273424,-4.336011,-12.458014,-14.674954597020289
924.0,2.0,1.5298883278586732,9.460735,4.194126,1.4022754606480419
924.0,5.0,13.462393211405402,15.621166,13.451256,13.33478034419477
924.0,6.0,-0.3422186449162786,7.412817,2.129983,-0.46983151212691
924.0,12.0,1.1924344152845734,5.882534,4.287489,1.064821548073942
924.0,19.0,6.8729695048083785,3.287105,7.165777,6.745356637597747
924.0,24.0,6.4450884100136125,-4.003772,5.592617,6.317475542802981
924.0,25.0,-5.901874434437633,0.208494,-3.633641,-6.029487301648264
924.0,29.0,-9.547028972238644,-3.267336,-7.387531,-9.674641839449276
924.0,31.0,-14.74236498802208,-12.89439,-12.44456,-14.869977855232712
925.0,2.0,1.7785833871753214,6.034545,4.209433,1.737717226630079
925.0,5.0,13.542765846623595,12.627214,13.469157,13.501899686078353
925.0,6.0,-0.09114075794290433,0.956042,2.106408,-0.1320069184881466
925.0,12.0,1.4417667036468806,5.716786,4.32856,1.4009005431016384
925.0,19.0,6.9594521121271615,4.183188,7.1253,6.918585951581919
925.0,24.0,6.4533056102859,17.010731,5.652281,6.412439449740658
925.0,25.0,-5.769167936742515,-0.938092,-3.592455,-5.810034097287757
925.0,29.0,-9.538301494681901,-7.423268,-7.337226,-9.579167655227144
925.0,31.0,-14.702231818867801,-3.318317,-12.445897,-14.743097979413044
926.0,2.0,1.896949357561291,5.687312,4.184284,1.8226029806276163
926.0,5.0,13.610501658178196,14.898124,13.444754,13.536155281244522
926.0,6.0,0.05320915782713065,1.868575,2.102342,-0.021137219106544092
926.0,12.0,1.5097529866299322,3.468809,4.296763,1.4354066096962574
926.0,19.0,7.080168822060982,4.766435,7.13135,7.005822445127308
926.0,24.0,6.448855466028019,9.658527,5.62344,6.374509089094344
926.0,25.0,-5.634513400718126,-2.069473,-3.615988,-5.708859777651801
926.0,29.0,-9.455884493369298,-5.790889,-7.35706,-9.530230870302972
926.0,31.0,-14.670230024584692,-17.954001,-12.438033,-14.744576401518366
927.0,2.0,1.913759098506815,0.052592,4.167828,1.7801829807388505
927.0,5.0,13.616755956287427,10.940471,13.409913,13.483179838519463
927.0,6.0,0.16276199914172806,-0.121259,2.110491,0.029185881373763656
927.0,12.0,1.4808462030176122,1.279869,4.270185,1.3472700852496478
927.0,19.0,7.172842236429325,3.334701,7.140783,7.039266118661361
927.0,24.0,6.381481099801157,-6.215011,5.582095,6.247904982033193
927.0,25.0,-5.558566521651245,-5.502813,-3.628057,-5.69214263941921
927.0,29.0,-9.387517976729459,-8.194649,-7.369726,-9.521094094497423
927.0,31.0,-14.67901041649566,-5.223175,-12.413697,-14.812586534263623
928.0,2.0,2.261323267555162,6.961507,4.142846,2.2441048677573248
928.0,5.0,13.729904982598203,15.971912,13.362387,13.712686582800366
928.0,6.0,0.6111259693420895,2.019726,2.139968,0.5939075695442523
928.0,12.0,1.7924965647323008,5.921676,4.216528,1.7752781649344636
928.0,19.0,7.333930893484779,12.970341,7.184328,7.316712493686942
928.0,24.0,6.370286431396208,-0.139627,5.494281,6.3530680315983705
928.0,25.0,-5.542162051566877,-0.27267,-3.667968,-5.5593804513647145
928.0,29.0,-9.546063508985062,-6.338028,-7.420579,-9.5632819087829
928.0,31.0,-14.602324863008421,-17.39959,-12.387387,-14.619543262806259
929.0,2.0,2.5073257977557146,4.493968,4.069734,2.533952587137949
929.0,5.0,13.72715375899958,15.29447,13.320004,13.753780548381814
929.0,6.0,0.9902070103007626,1.069105,2.141907,1.0168337996829973
929.0,12.0,2.0303116406848654,2.985223,4.108621,2.0569384300671
929.0,19.0,7.707933739515283,5.172473,7.23881,7.734560528897518
929.0,24.0,6.332450868328819,9.985741,5.397224,6.359077657711054
929.0,25.0,-5.307836096507763,-4.372219,-3.774002,-5.281209307125528
929.0,29.0,-9.453125458076396,-4.679996,-7.52601,-9.426498668694162
929.0,31.0,-14.526227785838742,-17.042571,-12.40163,-14.499600996456508
930.0,2.0,2.4270090299710505,5.068093,3.932498,2.3332701279137122
930.0,5.0,13.754266919622966,13.871525,13.327112,13.660528017565628
930.0,6.0,0.9212429972237207,-0.256969,1.950507,0.8275040951663825
930.0,12.0,2.00869988229364,6.418071,4.034603,1.9149609802363017
930.0,19.0,7.597893423543146,0.90217,7.091811,7.504154521485808
930.0,24.0,6.414667322683543,15.379892,5.543722,6.320928420626204
930.0,25.0,-5.199694891326193,-2.695599,-3.844907,-5.293433793383532
930.0,29.0,-9.240468889486003,-4.294556,-7.498792,-9.334207791543342
930.0,31.0,-14.329479119592675,-9.797655,-12.480061,-14.423218021650012
931.0,2.0,2.5044663326140952,8.7783,3.872716,2.5949242329203717
931.0,5.0,13.795016119034509,15.052459,13.354952,13.885474019340785
931.0,6.0,0.9663724525208383,3.124054,1.815621,1.0568303528271148
931.0,12.0,2.063143754880004,7.249088,4.038213,2.1536016551862804
931.0,19.0,7.682245270270073,7.42335,6.963914,7.772703170576349
931.0,24.0,6.5050587962814586,6.858929,5.695386,6.595516696587735
931.0,25.0,-5.387043905242151,4.741017,-3.841441,-5.296586004935874
931.0,29.0,-9.557587268973078,-4.976242,-7.428977,-9.467129368666802
931.0,31.0,-14.637284865190685,-10.877808,-12.529778,-14.546826964884408
932.0,2.0,2.224971698613019,7.671396,4.023247,2.137919349851134
932.0,5.0,13.785875379949937,14.666207,13.448748,13.698823031188052
932.0,6.0,0.5946721578530115,3.923084,1.911712,0.5076198090911265
932.0,12.0,1.8980075961924285,9.704955,4.198563,1.8109552474305435
932.0,19.0,7.603079046402189,12.338705,7.013639,7.516026697640304
932.0,24.0,6.604649129614452,3.418693,5.743956,6.517596780852567
932.0,25.0,-5.42626176239118,0.582012,-3.718417,-5.513314111153065
932.0,29.0,-9.452087795265989,-6.25613,-7.372837,-9.539140144027874
932.0,31.0,-14.601224819798205,-11.222314,-12.531978,-14.68827716856009
933.0,2.0,2.446863616411343,6.16837,4.142183,3.059338994847304
933.0,5.0,12.565092491210942,12.626847,13.537601,13.177567869646904
933.0,6.0,1.0262014705232998,1.14223,2.030367,1.638676848959261
933.0,12.0,2.1061117745183786,5.949382,4.295659,2.7185871529543397
933.0,19.0,6.2448169000126414,7.432535,7.128291,6.857292278448602
933.0,24.0,5.901272603523638,15.347621,5.720928,6.5137479819595985
933.0,25.0,-5.3739594515498625,-0.782105,-3.672641,-4.761484073113902
933.0,29.0,-9.039661948819926,-6.519375,-7.408265,-8.427186570383965
933.0,31.0,-14.06899070746419,-10.479079,-12.561322,-13.456515329028228
934.0,2.0,2.558801617711514,13.177659,4.186664,3.251124604354334
934.0,5.0,12.694349557597285,15.779463,13.61114,13.386672544240104
934.0,6.0,1.0889580931037184,7.135058,2.077224,1.7812810797465386
934.0,12.0,2.248582360482227,10.999754,4.330074,2.9409053471250473
934.0,19.0,6.32991807003303,9.170988,7.200439,7.022241056675851
934.0,24.0,5.982721616427027,9.246588,5.721504,6.675044603069848
934.0,25.0,-5.218993431594799,-2.263972,-3.684463,-4.526670444951979
934.0,29.0,-8.994512431085456,-4.080764,-7.461641,-8.302189444442636
934.0,31.0,-14.139632885705836,-7.179592,-12.619249,-13.447309899063017
935.0,2.0,2.600216380927094,5.065077,4.134051,3.3375867124093808
935.0,5.0,12.659369268549419,15.817986,13.644402,13.396739600031706
935.0,6.0,1.1431926317188,0.975063,2.014854,1.8805629632010867
935.0,12.0,2.27635723340683,8.720077,4.294419,3.0137275648891166
935.0,19.0,6.335924276001058,5.984334,7.180568,7.073294607483344
935.0,24.0,5.878270706529162,17.557884,5.770662,6.615641038011448
935.0,25.0,-5.135528852835709,-2.317629,-3.7421,-4.398158521353421
935.0,29.0,-8.96608743277352,-6.400867,-7.495818,-8.228717101291233
935.0,31.0,-14.1001252749606,-13.823571,-12.687135,-13.362754943478313
936.0,2.0,2.3623011964091383,6.294168,4.075544,3.004028921832325
936.0,5.0,12.648089683468307,14.929075,13.624296,13.289817408891494
936.0,6.0,0.8357841170583739,3.929608,1.956939,1.4775118424815608
936.0,12.0,2.090903664820398,6.730078,4.249054,2.7326313902435846
936.0,19.0,6.130703009782681,9.484631,7.140945,6.772430735205868
936.0,24.0,6.013537631496404,18.406006,5.789593,6.655265356919591
936.0,25.0,-5.150314861029818,-2.925938,-3.778049,-4.508587135606631
936.0,29.0,-8.900705625297524,-8.58534,-7.50008,-8.258977899874338
936.0,31.0,-14.107692601578565,-13.43877,-12.699633,-13.465964876155379
937.0,2.0,2.3040157967837356,2.188047,4.051941,2.942992728056615
937.0,5.0,12.63285456118716,12.766978,13.586587,13.27183149246004
937.0,6.0,0.6955499217128559,0.141836,1.952619,1.3345268529857353
937.0,12.0,2.0184617968524208,1.078616,4.220347,2.6574387281253
937.0,19.0,6.016355187894491,7.148635,7.136822,6.655332119167371
937.0,24.0,6.118085593610015,-1.869962,5.758784,6.757062524882894
937.0,25.0,-5.25468590775208,-4.133634,-3.789296,-4.615708976479201
937.0,29.0,-8.975724609595831,-7.197857,-7.504554,-8.336747678322952
937.0,31.0,-14.125696433143311,-16.606302,-12.675116,-13.486719501870432
938.0,2.0,2.506105128614678,6.149251,4.055084,3.1325766876244123
938.0,5.0,12.68754216525439,15.576522,13.558532,13.314013724264125
938.0,6.0,1.0253822340126062,3.005583,1.948932,1.6518537930223407
938.0,12.0,2.2451478846729866,3.10241,4.231334,2.871619443682721
938.0,19.0,6.235921371250266,5.501334,7.1116,6.86239293026
938.0,24.0,6.103089696764102,5.208146,5.75968,6.729561255773836
938.0,25.0,-5.132620828861902,-0.662716,-3.758154,-4.506149269852168
938.0,29.0,-8.966748077226903,-8.329466,-7.467144,-8.340276518217168
938.0,31.0,-14.144050271658896,-12.64378,-12.638786,-13.517578712649161
939.0,2.0,2.4304126409736586,7.680382,4.087096,2.9228380986571594
939.0,5.0,12.798501819969678,13.581471,13.526612,13.290927277653179
939.0,6.0,0.9606288378383566,3.846743,1.990122,1.4530542955218575
939.0,12.0,2.195722444787515,3.203653,4.255226,2.688147902471016
939.0,19.0,6.275550308324808,11.18388,7.123149,6.767975766008309
939.0,24.0,6.34021286287228,2.345719,5.721911,6.83263832055578
939.0,25.0,-5.201754778319791,-2.399845,-3.714541,-4.70932932063629
939.0,29.0,-8.96033038732048,-8.044049,-7.440412,-8.46790492963698
939.0,31.0,-14.21325999897815,-12.648705,-12.584307,-13.72083454129465
940.0,2.0,2.556283841472048,7.886467,4.181337,3.174719263346245
940.0,5.0,12.755837415812783,15.446493,13.511325,13.37427283768698
940.0,6.0,0.9713540246748263,2.103516,2.002795,1.5897894465490232
940.0,12.0,2.3321656935176014,5.85864,4.392461,2.950601115391798
940.0,19.0,6.1149952265852905,7.74942,7.035633,6.733430648459487
940.0,24.0,6.292020042813386,15.693122,5.802346,6.910455464687582
940.0,25.0,-5.034899819790186,0.160689,-3.538893,-4.416464397915989
940.0,29.0,-8.93137893600614,-5.764041,-7.264237,-8.312943514131945
940.0,31.0,-14.13525683207042,-15.325275,-12.487957,-13.516821410196222
941.0,2.0,2.5757625291294186,6.418802,3.992518,2.956525082599952
941.0,5.0,12.826217723557145,14.572642,13.590972,13.206980277027679
941.0,6.0,0.9720335246275819,4.687409,1.704063,1.3527960780981152
941.0,12.0,2.267113023778288,5.009069,4.311918,2.647875577248821
941.0,19.0,6.149346328773707,22.524694,6.821583,6.530108882244241
941.0,24.0,6.655601914506395,9.196285,6.080998,7.036364467976928
941.0,25.0,-4.9830001857742285,0.107393,-3.650713,-4.602237632303695
941.0,29.0,-8.887774825483769,-9.368532,-7.235218,-8.507012272013235
941.0,31.0,-14.05012575333689,-14.404694,-12.667735,-13.669363199866357
942.0,2.0,2.564316871808895,5.20784,3.636529,3.0160132538620448
942.0,5.0,12.779146604280081,12.255123,13.626017,13.230842986333231
942.0,6.0,1.102557140782471,0.923737,1.286999,1.5542535228356207
942.0,12.0,2.2275949363217773,3.195353,4.061743,2.679291318374927
942.0,19.0,6.4065959158293015,9.141477,6.572309,6.858292297882452
942.0,24.0,6.248633862551527,4.680997,6.343686,6.700330244604677
942.0,25.0,-5.237477532842529,-3.914209,-3.926698,-4.785781150789379
942.0,29.0,-9.048117188772318,-4.189824,-7.30429,-8.596420806719168
942.0,31.0,-14.097899967160037,-14.999558,-12.910972,-13.646203585106887
943.0,2.0,2.322610687138992,8.50455,3.612407,2.757151933179911
943.0,5.0,12.769411452331587,15.418403,13.587463,13.203952698372506
943.0,6.0,0.8070677650522801,5.59365,1.283723,1.2416090110931992
943.0,12.0,1.953928507283785,8.839911,4.03164,2.388469753324704
943.0,19.0,6.26413157829425,10.253799,6.569869,6.698672824335169
943.0,24.0,6.206707025645024,12.213112,6.310541,6.641248271685942
943.0,25.0,-5.49355179672015,-1.389024,-3.939342,-5.059010550679231
943.0,29.0,-9.080352286664489,-4.429032,-7.310701,-8.64581104062357
943.0,31.0,-14.072745283316818,-20.496843,-12.886234,-13.6382040372759
944.0,2.0,0.28042627597086855,7.05708,3.655107,2.162097815793696
944.0,5.0,10.579353636139498,13.924814,13.534922,12.461025175962325
944.0,6.0,-1.0571676420282978,-1.07929,1.318518,0.8245038977945294
944.0,12.0,0.27917472327759796,4.029557,4.077062,2.1608462631004253
944.0,19.0,5.236285919415446,7.88382,6.547646,7.117957459238273
944.0,24.0,4.432896693625893,-2.841774,6.28798,6.31456823344872
944.0,25.0,-7.281112437573232,3.553902,-3.855303,-5.399440897750405
944.0,29.0,-10.779981997945471,-5.774943,-7.234779,-8.898310458122644
945.0,2.0,0.21833683147306437,6.023908,3.693298,2.1276687690607305
945.0,5.0,10.74547900218802,11.478643,13.505883,12.654810939775686
945.0,6.0,-1.1444135649666514,3.766656,1.328367,0.7649183726210147
945.0,12.0,0.26714184150162346,2.284804,4.131928,2.1764737790892896
945.0,19.0,5.226241415511828,6.030667,6.506037,7.1355733530994945
945.0,24.0,4.652686498507999,3.062662,6.3064,6.5620184360956655
945.0,25.0,-7.358042992126012,-1.376832,-3.771503,-5.448711054538346
945.0,29.0,-10.849220929343772,-6.69271,-7.149956,-8.939888991756106
946.0,2.0,2.569122325565635,9.198242,3.652529,3.019780781702263
946.0,5.0,12.876912414842504,17.009554,13.495509,13.327570870979132
946.0,6.0,1.0768402336960428,5.627894,1.253993,1.5274986898326706
946.0,12.0,2.196462064210187,8.327663,4.124623,2.6471205203468147
946.0,19.0,6.509997183251827,3.414846,6.428454,6.960655639388455
946.0,24.0,6.216934256423363,20.531568,6.373661,6.6675927125599905
946.0,25.0,-5.304446314036619,0.842805,-3.765045,-4.853787857899992
946.0,29.0,-9.101147127495052,-4.640203,-7.103283,-8.650488671358424
946.0,31.0,-14.081249444077152,-15.586847,-12.736761,-13.630590987940524
947.0,2.0,2.6168871016160855,9.578548,3.650588,3.059514752298722
947.0,5.0,12.955238037541386,12.935762,13.475808,13.397865688224023
947.0,6.0,1.128382826795736,3.512924,1.253765,1.5710104774783726
947.0,12.0,2.3049940167819347,7.284579,4.125231,2.7476216674645713
947.0,19.0,6.4972465908190085,12.525638,6.419074,6.939874241501645
947.0,24.0,6.258914280228034,-5.939764,6.366257,6.701541930910671
947.0,25.0,-5.0754835529125115,0.655738,-3.752488,-4.632855902229875
947.0,29.0,-8.95715871852168,-4.09441,-7.088672,-8.514531067839043
947.0,31.0,-14.112239312358755,-8.135308,-12.715311,-13.669611661676118
948.0,2.0,1.6399699058789992,3.179376,3.932756,2.734178591818458
948.0,5.0,12.096550139906919,10.638337,13.636161,13.190758825846377
948.0,6.0,1.1635413046926475,1.585018,1.421974,2.257749990632106
948.0,12.0,1.1627351906187293,4.20518,4.432714,2.256943876558188
948.0,19.0,6.371628651791504,6.356517,6.483288,7.465837337730962
948.0,24.0,6.539286328370365,8.580848,6.469239,7.633495014309824
948.0,25.0,-6.754627154617482,-2.223117,-3.50073,-5.660418468678023
948.0,29.0,-11.626963467413207,-4.111225,-6.950629,-10.532754781473749
948.0,31.0,-14.88836230005232,-12.999227,-12.697798,-13.794153614112862
949.0,2.0,1.4097171127699228,2.719055,5.435997,2.1373518145769186
949.0,5.0,12.152503350658165,13.154962,14.149443,12.88013805246516
949.0,6.0,1.5141699871350935,1.130588,2.415075,2.2418046889420893
949.0,12.0,0.665926830793042,7.012859,6.005952,1.393561532600038
949.0,19.0,6.30652788258651,4.747381,6.760296,7.034162584393505
949.0,24.0,5.721121740220677,15.970762,6.756603,6.448756442027673
949.0,25.0,-5.758001628744661,-2.791577,-2.028637,-5.030366926937665
949.0,31.0,-14.251326693109576,-13.378299,-12.236206,-13.52369199130258
950.0,2.0,2.7127252327459974,6.464761,5.04619,2.172911189404182
950.0,5.0,13.466838568073184,13.529057,13.359468,12.927024524731369
950.0,6.0,1.5313047901161756,0.678385,2.26813,0.9914907467743603
950.0,12.0,2.2846747646348824,8.587445,5.550546,1.7448607212930671
950.0,24.0,7.399274533382872,24.907762,6.303037,6.859460490041057
950.0,25.0,-4.879470335074682,-0.637882,-2.061766,-5.4192843784164975
950.0,29.0,-8.460320832034856,-3.387942,-5.86766,-9.000134875376672
950.0,31.0,-13.453290230820413,-14.62835,-11.624387,-13.993104274162228
951.0,2.0,2.7791764334816733,5.087862,4.918557,3.1099115652727205
951.0,5.0,13.084757536634035,14.975261,12.784404,13.415492668425081
951.0,6.0,1.3799533852917527,1.127843,2.530136,1.7106885170828
951.0,12.0,2.3866157920996987,2.029111,5.200356,2.717350923890746
951.0,19.0,6.802282883839028,5.957526,6.640656,7.133018015630075
951.0,24.0,6.358959380725304,-0.870162,5.575024,6.689694512516351
951.0,25.0,-5.076705824449118,-5.917152,-2.156471,-4.745970692658071
951.0,29.0,-9.0544186534237,-2.484116,-6.001645,-8.723683521632651
951.0,31.0,-14.062724492894082,-16.939232,-11.137222,-13.731989361103036
952.0,2.0,2.43081710349521,10.78526,4.331709,2.7790529234413315
952.0,5.0,12.964040197998445,13.427584,12.908382,13.312276017944566
952.0,6.0,0.791278469509847,7.47715,1.933173,1.1395142894559687
952.0,12.0,2.128755524278265,6.955981,4.721954,2.4769913442243867
952.0,19.0,6.365167412192676,6.237758,6.410491,6.7134032321387975
952.0,24.0,6.401448347195974,13.251905,5.890092,6.749684167142096
952.0,25.0,-5.136849433495398,0.093615,-2.747107,-4.788613613549276
952.0,29.0,-8.94150147326995,-3.465823,-6.31717,-8.59326565332383
952.0,31.0,-14.076640677802544,-10.318005,-11.638462,-13.728404857856422
953.0,2.0,0.10125758211557467,5.786064,4.205563,2.116211419993529
953.0,5.0,10.257696982692165,13.311815,12.871117,12.272650820570119
953.0,6.0,-1.5503980289757804,0.582523,1.822126,0.46455580890217396
953.0,12.0,0.13861219423651583,2.550565,4.611528,2.1535660321144703
953.0,19.0,4.881975628577108,5.284319,6.349054,6.896929466455063
953.0,24.0,4.3261801606219485,-2.762445,5.911167,6.3411339984999024
953.0,25.0,-7.363167802224134,4.014936,-2.845107,-5.348213964346179
953.0,29.0,-10.6483910500965,-6.847716,-6.353897,-8.633437212218546
954.0,2.0,2.0964180406060233,1.44602,4.178126,2.4345542171475394
954.0,5.0,12.75468453351237,9.25271,12.813355,13.092820710053886
954.0,6.0,0.40528584087428043,0.415946,1.82906,0.7434220174157963
954.0,12.0,1.768423520204105,-0.356426,4.569715,2.106559696745621
954.0,19.0,6.118978775207894,8.903694,6.353854,6.45711495174941
954.0,24.0,6.276624579808194,2.997046,5.852253,6.61476075634971
954.0,25.0,-5.566414241526721,-5.241944,-2.860889,-5.228278064985205
954.0,29.0,-9.316488989919478,-11.406612,-6.36517,-8.978352813377962
954.0,31.0,-13.784121937565123,-7.298717,-11.634947,-13.445985761023607
955.0,2.0,0.24227130489744286,8.004715,4.162206,1.8741115131076715
955.0,5.0,10.633271664759532,14.919433,12.709163,12.26511187296976
955.0,6.0,-1.1425548743307292,5.130627,1.878747,0.48928533387949935
955.0,12.0,0.29920665231157073,4.896842,4.517447,1.9310468605217994
955.0,19.0,5.337966382118992,9.373679,6.384001,6.96980659032922
955.0,24.0,4.510478854562431,6.362814,5.725214,6.142319062772659
955.0,25.0,-7.26821815183732,-2.389296,-2.865144,-5.636377943627091
955.0,29.0,-10.753580451755635,-8.838584,-6.378775,-9.121740243545407
956.0,2.0,2.409689494539826,7.749981,4.17639,2.5293102332593156
956.0,5.0,12.996501290192127,16.633107,12.642879,13.116122028911615
956.0,6.0,0.9345961541298003,4.442853,1.890505,1.0542168928492899
956.0,12.0,2.0894195779825857,4.888621,4.535649,2.209040316702075
956.0,19.0,6.6176294029089755,3.303607,6.347308,6.737250141628465
956.0,24.0,6.3643228996744705,6.498283,5.701942,6.48394363839396
956.0,25.0,-5.455365702724314,0.599692,-2.802347,-5.3357449640048245
956.0,29.0,-9.19698073545294,-7.505306,-6.309471,-9.077359996733449
956.0,31.0,-13.90128564351885,-9.060892,-11.454338,-13.78166490479936
957.0,2.0,0.26836708160553424,5.849359,4.093949,1.8809619694599435
957.0,5.0,10.672663146836753,13.963279,12.5498,12.28525803469116
957.0,6.0,-1.10299441332665,4.225828,1.862094,0.5096004745277591
957.0,12.0,0.28605568679055604,4.359523,4.436224,1.8986505746449653
957.0,19.0,5.38945210661151,5.379068,6.333331,7.002046994465919
957.0,24.0,4.460984193061496,5.217862,5.625851,6.073579080915906
957.0,25.0,-7.261759165995339,1.168327,-2.861613,-5.64916427814093
957.0,29.0,-10.73219704370599,-8.49081,-6.340027,-9.119602155851581
958.0,2.0,2.542016035166977,6.675967,4.073863,2.6857196842308855
958.0,5.0,13.043451416738904,11.788605,12.510396,13.187155065802813
958.0,6.0,1.110293671014671,2.204809,1.863441,1.2539973200785792
958.0,12.0,2.173640113648845,2.980942,4.408613,2.317343762712753
958.0,19.0,6.752263997887813,4.540491,6.333076,6.895967646951721
958.0,24.0,6.318010335602877,5.383077,5.589515,6.461713984666785
958.0,25.0,-5.352168917969677,-1.289124,-2.871019,-5.208465268905769
958.0,29.0,-9.180684883728075,-4.066815,-6.345017,-9.036981234664166
958.0,31.0,-13.882373176836394,-9.535279,-11.38294,-13.738669527772485
959.0,2.0,2.472594494813853,4.913758,4.089785,2.4009836622252663
959.0,5.0,13.309146564109843,13.717759,12.492437,13.237535731521257
959.0,6.0,1.0565412833629928,1.773934,1.874876,0.9849304507744061
959.0,12.0,2.1673004850848008,0.790558,4.427766,2.095689652496214
959.0,19.0,6.84972449438088,6.266969,6.323875,6.778113661792293
959.0,24.0,6.579728486227537,5.514794,5.584023,6.50811765363895
959.0,25.0,-5.2227801352927985,-5.473825,-2.838064,-5.294390967881386
959.0,29.0,-8.943176659576226,-7.857146,-6.315552,-9.014787492164812
959.0,31.0,-14.065125843401043,-12.363798,-11.35082,-14.13673667598963
960.0,2.0,2.848246977656955,8.432187,4.117826,2.919387615942677
960.0,5.0,13.454137761061418,13.47396,12.54865,13.52527839934714
960.0,6.0,1.4173319529068404,1.551547,1.862577,1.4884725911925623
960.0,12.0,2.410798775122827,7.434829,4.479002,2.481939413408549
960.0,19.0,6.901065466696713,6.439953,6.311083,6.972206104982435
960.0,24.0,6.685353397244739,28.4089,5.652135,6.756494035530461
960.0,25.0,-4.983040490839857,-0.476644,-2.810374,-4.911899852554135
960.0,29.0,-8.959701358163324,-5.083024,-6.292801,-8.888560719877603
960.0,31.0,-14.035658878142968,-14.098154,-11.387731,-13.964518239857245
961.0,2.0,2.6637003595794893,3.579634,4.069066,2.536421859493969
961.0,5.0,13.293997040830591,13.535559,12.558407,13.166718540745071
961.0,6.0,1.165796035813294,0.514233,1.800669,1.0385175357277738
961.0,12.0,2.3171610975520105,1.769747,4.450036,2.1898825974664904
961.0,19.0,6.648183690326975,5.224425,6.273507,6.5209051902414545
961.0,24.0,6.8045209258647565,1.960148,5.697643,6.677242425779236
961.0,25.0,-5.041418964867526,-6.218709,-2.844993,-5.168697464953046
961.0,29.0,-8.913655506835767,-4.536299,-6.299182,-9.040934006921287
961.0,31.0,-13.939751621172904,-14.7642,-11.425281,-14.067030121258425
962.0,2.0,2.9985095540689057,-0.867773,4.047147,2.930188571482736
962.0,5.0,13.530932170041586,12.220105,12.629729,13.462611187455416
962.0,6.0,1.6308341423727226,-7.027133,1.755524,1.562513159786553
962.0,12.0,2.547592506666996,-0.215496,4.447855,2.4792715240808265
962.0,19.0,7.149292215831111,19.113096,6.271738,7.0809712332449415
962.0,24.0,6.822563094320432,15.604564,5.766429,6.754242111734262
962.0,25.0,-4.973541288532435,-11.255193,-2.88849,-5.041862271118605
962.0,29.0,-9.098694599836529,-9.773634,-6.335493,-9.1670155824227
962.0,31.0,-14.037976228188532,-15.615919,-11.514866,-14.106297210774702
963.0,2.0,3.0705824489474134,6.99535,4.031047,3.1147056381375062
963.0,5.0,13.537326386961977,15.34708,12.680108,13.581449576152071
963.0,6.0,1.7501882054000344,0.447149,1.700168,1.7943113945901272
963.0,12.0,2.6197952109481406,4.966364,4.462421,2.6639184001382334
963.0,19.0,7.552938399520671,6.339967,6.23515,7.597061588710764
963.0,24.0,6.607595658089595,7.735719,5.850699,6.651718847279688
963.0,25.0,-5.005200830399668,-0.923203,-2.896646,-4.961077641209575
963.0,29.0,-9.280627255580509,-2.868963,-6.325733,-9.236504066390417
963.0,31.0,-14.075412034259971,-14.586589,-11.572503,-14.031288845069877
964.0,2.0,2.80544972715966,13.338853,3.97479,2.7915317594162574
964.0,5.0,13.44735551600989,18.045726,12.653613,13.433437548266488
964.0,6.0,1.4435596312648915,7.997118,1.651744,1.429641663521489
964.0,12.0,2.402605326430172,11.837588,4.414127,2.3886873586867696
964.0,19.0,7.2863793704378645,7.093756,6.203923,7.2724614026944625
964.0,24.0,6.60980051762408,3.951546,5.855659,6.5958825498806775
964.0,25.0,-5.199383168656445,3.960427,-2.93346,-5.213301136399847
964.0,29.0,-9.214913330183931,-2.222422,-6.334839,-9.228831297927334
964.0,31.0,-13.999116412574514,-10.76573,-11.578201,-14.013034380317917
965.0,2.0,2.623243731656971,6.623455,3.975154,2.72814568707196
965.0,5.0,13.333667739472505,13.557136,12.689994,13.438569694887494
965.0,6.0,1.0676449875228,4.89923,1.637877,1.1725469429377888
965.0,12.0,2.263204841067229,6.505904,4.425354,2.368106796482218
965.0,19.0,6.898535711660687,6.794264,6.205554,7.0034376670756755
965.0,24.0,6.667243695622835,4.677895,5.889517,6.772145651037824
965.0,25.0,-5.161864370545406,0.861606,-2.942027,-5.0569624151304176
965.0,29.0,-9.0724301927042,-6.257482,-6.345201,-8.967528237289212
965.0,31.0,-13.961961129254208,-10.155532,-11.615965,-13.857059173839218
966.0,2.0,2.7612435636143378,3.122737,3.87643,2.8048045410581177
966.0,5.0,13.471430994915353,11.035293,12.665148,13.514991972359134
966.0,6.0,1.332612948245436,-0.870405,1.586079,1.376173925689216
966.0,12.0,2.3793411989213356,3.987074,4.314976,2.4229021763651155
966.0,19.0,7.280160986594537,8.049342,6.214737,7.323721964038317
966.0,24.0,6.643648288769067,8.290389,5.853701,6.687209266212847
966.0,25.0,-5.11007997013274,-4.738903,-3.055826,-5.066518992688961
966.0,29.0,-9.126496718500983,-4.051989,-6.432633,-9.082935741057202
966.0,31.0,-14.009843459096137,-14.333806,-11.65995,-13.966282481652357
967.0,2.0,2.730082789024193,6.974733,3.88126,2.6944634909866463
967.0,5.0,13.456630949359091,9.791313,12.722066,13.421011651321544
967.0,6.0,1.2908477012287962,3.067867,1.568684,1.2552284031912495
967.0,12.0,2.3533291088151813,6.084288,4.334726,2.3177098107776346
967.0,19.0,7.152503195320348,9.36518,6.218949,7.116883897282801
967.0,24.0,6.6630671956548415,13.496475,5.904509,6.627447897617294
967.0,25.0,-5.204123440519173,-3.32179,-3.066727,-5.2397427385567195
967.0,29.0,-9.144447987317426,-7.090328,-6.447463,-9.180067285354973
967.0,31.0,-13.925470563478966,-7.696622,-11.716654,-13.961089861516513
968.0,2.0,2.894581936436838,7.04925,3.776927,2.9176351475332942
968.0,5.0,13.487287987931788,16.185014,12.738423,13.510341199028245
968.0,6.0,1.501423867083993,3.291701,1.459912,1.5244770781804493
968.0,12.0,2.452195054535623,5.262196,4.254086,2.475248265632079
968.0,19.0,7.347108406102952,7.330467,6.171477,7.3701616171994075
968.0,24.0,6.6146950848877095,-11.332795,5.96374,6.637748295984165
968.0,25.0,-5.123991545674484,2.454968,-3.163325,-5.100938334578027
968.0,29.0,-9.198557941339589,-5.936403,-6.494357,-9.175504730243132
968.0,31.0,-13.909587423975108,-10.663214,-11.798484,-13.88653421287865
969.0,2.0,2.9628890905383205,6.056798,3.714288,2.957587613810473
969.0,5.0,13.661029921248991,11.835848,12.790662,13.655728444521143
969.0,6.0,1.5079830102738736,6.960744,1.332753,1.502681533546026
969.0,12.0,2.608530399039789,1.247927,4.248252,2.603228922311941
969.0,19.0,7.4077629021337055,8.40256,6.074024,7.402461425405858
969.0,24.0,6.814055778883425,5.382156,6.108553,6.808754302155577
969.0,25.0,-4.878819529634497,-2.706514,-3.18877,-4.884121006362345
969.0,29.0,-9.016081882373998,-7.528903,-6.464525,-9.021383359101845
969.0,31.0,-14.07010987556939,-13.762744,-11.880459,-14.075411352297237
970.0,2.0,2.7587696458382904,5.881785,3.664378,2.6577934326451027
970.0,5.0,13.650844705003111,14.164536,12.834336,13.549868491809924
970.0,6.0,1.2603800176613307,0.407562,1.245946,1.159403804468143
970.0,12.0,2.484214634284996,4.85742,4.233965,2.383238421091808
970.0,19.0,7.352745415223698,10.021309,6.020302,7.25176920203051
970.0,24.0,6.887042788617419,0.604842,6.202339,6.786066575424231
970.0,25.0,-5.016027316444252,-1.358755,-3.224252,-5.11700352963744
970.0,29.0,-9.02673000460187,-7.699978,-6.465172,-9.127706217795058
970.0,31.0,-14.098637622964187,-10.879637,-11.951845,-14.199613836157376
971.0,2.0,2.4633070448608896,8.716267,3.541441,2.299401413156496
971.0,5.0,13.556693209192803,18.117266,12.831527,13.39278757748841
971.0,6.0,0.7917408267208054,3.312622,1.146982,0.6278351950164119
971.0,12.0,2.34497788613744,7.420407,4.119103,2.1810722544330465
971.0,19.0,6.896065405882912,5.8282,5.99575,6.732159774178519
971.0,24.0,7.0255899323761,5.758944,6.220101,6.8616843006717065
971.0,25.0,-5.1102682097601,-0.676306,-3.351956,-5.274173841464494
971.0,29.0,-8.850395041083688,-4.605015,-6.546032,-9.014300672788082
971.0,31.0,-14.050812570110867,-12.985289,-12.030464,-14.214718201815261
972.0,2.0,2.554691866523701,1.554418,3.366226,2.1195281538455486
972.0,5.0,13.670200341891718,11.806816,12.853869,13.235036629213566
972.0,6.0,0.9324470157930537,-0.636607,0.945923,0.49728330311490143
972.0,12.0,2.466299838019931,4.054348,3.995325,2.031136125341779
972.0,19.0,7.059261119343185,5.79655,5.883916,6.624097406665033
972.0,24.0,7.042749286127843,8.362787,6.346294,6.607585573449691
972.0,25.0,-4.937518780159588,-3.131457,-3.493959,-5.372682492837741
972.0,29.0,-8.430694920682173,-4.697133,-6.591827,-8.865858633360325
972.0,31.0,-13.549416723487932,-14.807941,-12.157546,-13.984580436166084
973.0,2.0,2.585252368997849,3.241239,3.194296,2.175012283148284
973.0,5.0,13.699145278389626,10.459803,12.855917,13.28890519254006
973.0,6.0,0.8790199459399596,5.021799,0.750917,0.46877986009039485
973.0,12.0,2.530934925471618,3.678185,3.873095,2.120694839622053
973.0,19.0,7.09503362562243,7.803202,5.765467,6.6847935397728655
973.0,24.0,7.1735752290928625,8.580657,6.460331,6.763335143243298
973.0,25.0,-4.9057290713926465,-1.021195,-3.621812,-5.315969157242211
973.0,29.0,-8.50637901740515,-4.470188,-6.622383,-8.916619103254714
973.0,31.0,-13.628389119576035,-16.737828,-12.259881,-14.0386292054256
974.0,2.0,2.4414963853490264,2.492192,3.073236,1.9093890565127287
974.0,5.0,13.714570951967083,12.722755,12.877854,13.182463623130786
974.0,6.0,0.6726132159428281,5.992098,0.600142,0.14050588710653045
974.0,12.0,2.483242671554188,5.199747,3.796526,1.9511353427178904
974.0,19.0,6.827135922445602,5.991426,5.674288,6.295028593609304
974.0,24.0,7.333602281663636,11.993934,6.568237,6.801494952827339
974.0,25.0,-4.722931206171985,-2.623919,-3.711984,-5.255038535008283
974.0,29.0,-8.145807154813884,-6.818773,-6.641466,-8.67791448365018
974.0,31.0,-13.550535259828097,-16.871294,-12.352064,-14.082642588664395
975.0,2.0,2.388500872402843,2.260459,3.044137,1.9542932432497975
975.0,5.0,13.746947898822139,11.183194,12.884179,13.312740269669094
975.0,6.0,0.6022969012986249,-0.780855,0.521806,0.16808927214557945
975.0,12.0,2.4336991499024414,1.421306,3.809449,1.999491520749396
975.0,19.0,6.9485330617657395,2.444413,5.588793,6.514325432612694
975.0,24.0,7.424852565388703,13.592486,6.65997,6.9906449362356575
975.0,25.0,-5.002950025983943,-4.699295,-3.69118,-5.437157655136989
975.0,29.0,-8.604060929600838,-6.336922,-6.581394,-9.038268558753883
975.0,31.0,-13.780940720236481,-12.578417,-12.364202,-14.215148349389526
976.0,2.0,2.3563968456815534,5.94817,3.022902,1.8554347531223838
976.0,5.0,13.772779088516652,13.186694,12.922574,13.271816995957483
976.0,6.0,0.5519799277474114,0.694899,0.4674,0.05101783518824188
976.0,12.0,2.438150906643134,4.708241,3.816525,1.9371888140839646
976.0,19.0,6.950213395977413,6.304089,5.5519,6.449251303418244
976.0,24.0,7.502138650831178,2.437478,6.733705,7.001176558272008
976.0,25.0,-4.975278765822095,-4.467156,-3.7013,-5.4762408583812645
976.0,29.0,-8.466742486367542,-3.551632,-6.572384,-8.96770457892671
976.0,31.0,-13.698978130345033,-10.649742,-12.412776,-14.199940222904203
977.0,2.0,2.3847144849776747,5.706053,2.978361,1.9047218446797087
977.0,5.0,13.73557731578499,12.301375,12.97794,13.255584675487025
977.0,6.0,0.4877486012189233,3.107588,0.381382,0.007755960920957317
977.0,12.0,2.512358450929618,4.891567,3.809797,2.032365810631652
977.0,19.0,6.523269506738722,6.860843,5.501175,6.043276866440756
977.0,24.0,7.390568696817655,4.229659,6.836207,6.910576056519689
977.0,25.0,-4.438136034746905,1.384396,-3.735391,-4.918128675044871
977.0,29.0,-7.965963439686292,-3.543862,-6.574601,-8.445956079984258
977.0,31.0,-13.5596406166854,-13.867324,-12.493228,-14.039633256983365
978.0,2.0,2.770986820147363,3.185711,2.843695,2.54510634922241
978.0,5.0,13.830106800853502,10.757297,12.973406,13.604226329928549
978.0,6.0,0.8938856108316598,-1.726909,0.21336,0.668005139906707
978.0,12.0,2.9718782203890806,1.4488,3.725762,2.7459977494641277
978.0,19.0,6.368260051982307,6.46904,5.381345,6.142379581057353
978.0,24.0,7.259580283251245,3.526306,6.947537,7.033699812326292
978.0,25.0,-4.162820007730571,-3.797954,-3.815661,-4.388700478655524
978.0,29.0,-7.82331608530743,-3.444803,-6.569303,-8.049196556232383
978.0,31.0,-13.632479614283389,-15.076989,-12.562284,-13.858360085208341
979.0,2.0,2.587777754387976,2.245322,2.714095,2.3070782792781626
979.0,5.0,13.773105854935736,12.091901,12.964003,13.492406379825923
979.0,6.0,0.659930373918426,-3.349764,0.029693,0.3792308988086125
979.0,12.0,2.822367074371181,4.518898,3.660565,2.5416675992613675
979.0,19.0,6.207436452742256,6.574022,5.229024,5.926736977632443
979.0,24.0,7.357369463577981,13.890845,7.087012,7.076669988468167
979.0,25.0,-4.216418753784413,-3.328503,-3.867682,-4.497118228894227
979.0,29.0,-7.824559797629727,-7.081859,-6.525487,-8.105259272739541
979.0,31.0,-13.614573185509448,-15.385283,-12.617143,-13.895272660619261
980.0,2.0,2.1613832831877575,2.08947,2.714984,1.768735929372121
980.0,5.0,13.708030427886344,9.180457,12.999469,13.315383074070708
980.0,6.0,-0.009556938535858817,-3.703311,-0.020535,-0.40220429235149535
980.0,12.0,2.4361669833797857,1.606208,3.69855,2.043519629564149
980.0,19.0,5.938553327931586,6.102479,5.173592,5.545905974115949
980.0,24.0,7.489391779907041,7.130734,7.177608,7.096744426091404
980.0,25.0,-4.42152490690595,-3.170255,-3.838502,-4.814172260721587
980.0,29.0,-7.839866530416205,-6.968587,-6.477599,-8.232513884231842
980.0,31.0,-13.629855264829423,-10.259815,-12.643895,-14.02250261864506
981.0,2.0,1.8253510248298257,1.478508,2.707711,1.8317334301890202
981.0,5.0,13.543512790148267,10.585426,13.007365,13.54989519550746
981.0,6.0,-0.5798161147989164,-6.505642,-0.049531,-0.5734337094397218
981.0,12.0,2.104962301433239,-0.387421,3.710259,2.1113447067924334
981.0,19.0,5.691763364375029,5.401998,5.142466,5.698145769734223
981.0,24.0,7.737880971806423,2.463058,7.2177,7.744263377165618
981.0,25.0,-5.250111491298672,-3.305517,-3.826546,-5.243729085939478
981.0,29.0,-8.570405934150063,-5.637584,-6.453603,-8.56402352879087
981.0,31.0,-14.014358938378633,-18.220779,-12.651514,-14.007976533019438
982.0,2.0,1.8209333166487403,0.305394,2.626139,1.712771938208641
982.0,5.0,13.564899288307119,10.250271,12.957363,13.45673790986702
982.0,6.0,-0.5565293384141815,-2.844198,-0.074732,-0.6646907168542808
982.0,12.0,2.0907716799585865,2.657114,3.608562,1.9826103015184873
982.0,19.0,5.780111814114103,5.806698,5.159428,5.671950435674003
982.0,24.0,7.905506908163223,7.144221,7.152321,7.797345529723123
982.0,25.0,-5.258964896193084,-6.72843,-3.917309,-5.367126274633184
982.0,29.0,-8.609619026850808,-5.728081,-6.526855,-8.717780405290908
982.0,31.0,-14.089190609005405,-18.579515,-12.65874,-14.197351987445504
983.0,2.0,-0.23033766201009176,1.469592,2.53221,1.4103913694303216
983.0,5.0,11.135908809468097,9.204709,12.903701,12.77663784090851
983.0,6.0,-2.622684648563352,-1.410955,-0.128738,-0.9819556171229387
983.0,12.0,0.41656609865661476,1.131815,3.508385,2.057295130097028
983.0,19.0,4.873188737703614,6.08956,5.142603,6.513917769144027
983.0,24.0,6.05042887270936,8.548432,7.116739,7.691157904149773
983.0,25.0,-7.7843854454082395,-5.117282,-4.000239,-6.143656413967826
983.0,29.0,-10.585167880748608,-8.192956,-6.575885,-8.944438849308195
984.0,2.0,1.9539777290994529,3.212122,2.456603,1.7686557484073382
984.0,5.0,13.68659662181688,11.999966,12.828083,13.501274641124766
984.0,6.0,-0.41200734106774217,1.861874,-0.162095,-0.5973293217598569
984.0,12.0,2.243619189222647,7.929387,3.422255,2.0582972085305324
984.0,19.0,5.842740662743399,7.905364,5.124806,5.657418682051285
984.0,24.0,7.718332206612646,9.333018,7.062256,7.533010225920531
984.0,25.0,-5.076360910990299,-2.608129,-4.054298,-5.261682891682414
984.0,29.0,-8.327901143514637,-6.094611,-6.601762,-8.513223124206752
984.0,31.0,-13.60675117234641,-15.565979,-12.635328,-13.792073153038524
985.0,2.0,2.49635887555191,1.048034,2.476698,1.8949929384500837
985.0,5.0,14.050272737053696,12.04761,12.817712,13.44890679995187
985.0,6.0,0.5709024747464281,-4.458434,-0.117357,-0.030463462355398208
985.0,12.0,2.76460518171145,0.577896,3.424468,2.1632392446096236
985.0,19.0,6.503826363541642,3.114712,5.167521,5.902460426439816
985.0,24.0,7.60239118119161,11.289457,7.012698,7.001025244089783
985.0,25.0,-4.2646923911540275,-7.039135,-4.051516,-4.866058328255853
985.0,29.0,-7.8379533688993,-6.688497,-6.623076,-8.439319306001126
985.0,31.0,-13.611605319358274,-13.627385,-12.617134,-14.2129712564601
986.0,2.0,3.0137063393099437,4.579822,2.451936,2.4539993494129173
986.0,5.0,14.201318134054803,12.069336,12.793963,13.641611144157777
986.0,6.0,1.1232144275068006,-2.406229,-0.127774,0.5635074376097742
986.0,12.0,3.279189276979454,3.991759,3.397678,2.719482287082428
986.0,19.0,6.9827727274157425,6.088714,5.163877,6.423065737518716
986.0,24.0,7.597908478992983,3.542841,6.994982,7.038201489095957
986.0,25.0,-4.067867294489495,-4.203619,-4.068891,-4.627574284386521
986.0,29.0,-7.719131005445708,-1.668656,-6.63323,-8.278837995342734
986.0,31.0,-13.616625423171698,-13.995345,-12.608552,-14.176332413068724
987.0,2.0,2.3530555607711783,6.568004,2.40696,1.7180304233743264
987.0,5.0,14.009185577449918,14.403725,12.801231,13.374160440053066
987.0,6.0,0.2779738717156669,-0.400932,-0.163895,-0.35705126568118495
987.0,12.0,2.637852208239332,5.530141,3.357241,2.0028270708424802
987.0,19.0,6.243396353851819,9.629303,5.161033,5.608371216454967
987.0,24.0,7.676310735176595,6.866218,7.004905,7.041285597779743
987.0,25.0,-4.314164890696504,-2.603089,-4.119921,-4.949190028093356
987.0,29.0,-7.800358561958611,-7.408028,-6.670567,-8.435383699355462
987.0,31.0,-13.515627172938302,-12.901572,-12.64698,-14.150652310335154
988.0,2.0,0.35447663116781214,1.980343,2.389904,1.8017839703029352
988.0,5.0,12.009600147211465,14.303019,12.780109,13.456907486346587
988.0,6.0,-2.28916958578234,-3.422906,-0.145001,-0.8418622466472172
988.0,12.0,0.7810546120504894,2.208063,3.321523,2.2283619511856125
988.0,19.0,4.1501257420680275,6.073879,5.19621,5.5974330812031505
988.0,24.0,6.7590931148524165,0.252929,6.951297,8.20640045398754
988.0,25.0,-6.532074414392312,-2.535712,-4.153676,-5.084767075257189
988.0,29.0,-9.827239542748437,-5.340124,-6.713814,-8.379932203613315
988.0,31.0,-15.204270670927977,-21.373613,-12.642418,-13.756963331792853
989.0,2.0,0.5569190513297472,3.63754,2.546048,2.093569030626443
989.0,5.0,11.93415128101424,12.641172,12.833071,13.470801260310935
989.0,6.0,-2.1937955263270448,-0.511734,-0.035706,-0.6571455470303489
989.0,12.0,0.953640514490992,4.210899,3.48277,2.490290493787688
989.0,19.0,3.9566857563338047,9.930173,5.234849,5.493335735630501
989.0,24.0,6.607525718301984,6.214882,6.970642,8.14417569759868
989.0,25.0,-6.540921454859791,-3.444284,-4.003944,-5.004271475563095
989.0,29.0,-9.878476620296288,-5.711565,-6.629618,-8.341826640999592
989.0,31.0,-15.10635618245338,-15.641783,-12.594173,-13.569706203156684
990.0,2.0,0.5801706834361066,1.425792,2.48361,2.026283427340345
990.0,5.0,11.959512602410298,10.87392,12.81136,13.405625346314537
990.0,6.0,-2.1061045936671974,-5.595214,-0.129721,-0.6599918497629589
990.0,12.0,0.9918897608426195,4.126727,3.457347,2.438002504746858
990.0,19.0,4.176105560721593,8.301311,5.142931,5.622218304625832
990.0,24.0,6.713361118025261,5.592136,7.041412,8.159473861929499
990.0,25.0,-6.4755082802057755,-6.393906,-4.010512,-5.0293955363015375
990.0,29.0,-9.825920724261211,-4.353391,-6.584433,-8.379807980356972
990.0,31.0,-15.091560336711197,-11.208697,-12.599147,-13.645447592806958
991.0,2.0,-1.2237720354418533,2.34207,2.679361,1.623067467827433
991.0,5.0,10.295826392603152,11.537635,12.95322,13.142665895872438
991.0,6.0,-3.601353889123728,-3.421133,-0.061927,-0.7545143858544416
991.0,12.0,-0.40049841981630696,1.084149,3.704979,2.4463410834529795
991.0,19.0,3.865314665387837,4.919228,5.130955,6.712154168657124
991.0,24.0,5.686181912860824,5.546733,7.196329,8.53302141613011
991.0,25.0,-8.526363317791489,-4.54224,-3.80659,-5.679523814522202
991.0,29.0,-12.011347615989086,-6.011901,-6.43939,-9.1645081127198
992.0,2.0,0.4673200217260457,2.839551,2.722295,1.88628762130315
992.0,5.0,12.058336043389305,11.576917,13.056017,13.47730364296641
992.0,6.0,-2.1547926937560247,-0.290915,-0.068409,-0.7358250941789204
992.0,12.0,0.9389125111629734,0.242122,3.774192,2.3578801107400778
992.0,19.0,4.100164620194432,3.518557,5.140759,5.519132219771537
992.0,24.0,7.043182665659428,10.279299,7.286982,8.462150265236533
992.0,25.0,-6.517251460935438,-4.361795,-3.788001,-5.098283861358334
992.0,29.0,-9.903380761467453,-8.04447,-6.439146,-8.484413161890348
992.0,31.0,-15.281257148903281,-16.123162,-12.686488,-13.862289549326176
993.0,2.0,0.751138153377508,2.541711,2.55695,2.0975685053481645
993.0,5.0,12.14825883094445,13.833299,12.985437,13.494689182915106
993.0,6.0,-1.867230876134319,1.585962,-0.155378,-0.5208005241636626
993.0,12.0,1.1425845794853213,6.617363,3.589356,2.4890149314559777
993.0,19.0,4.284996725900998,-3.823748,5.137702,5.631427077871654
993.0,24.0,6.913927484365984,13.071406,7.219391,8.26035783633664
993.0,25.0,-6.407733256116065,0.425807,-3.960349,-5.061302904145409
993.0,29.0,-9.928121769465074,-3.233635,-6.559906,-8.581691417494417
993.0,31.0,-15.209314434987265,-15.371972,-12.72805,-13.862884083016608
994.0,2.0,0.8129349909710032,5.672272,2.523663,2.1670016244401684
994.0,5.0,12.167161656335532,14.306624,12.998053,13.521228289804696
994.0,6.0,-1.8698501348233325,-0.653301,-0.171443,-0.5157835013541674
994.0,12.0,1.2560082595677846,2.300026,3.552515,2.6100748930369497
994.0,19.0,4.302872523179811,6.20022,5.156915,5.656939156648976
994.0,24.0,6.773669859198176,9.736618,7.212936,8.12773649266734
994.0,25.0,-6.288102414429525,-1.481598,-4.012972,-4.934035780960359
994.0,29.0,-9.750376559739323,-5.657774,-6.610693,-8.396309926270158
994.0,31.0,-15.015926746651614,-18.383833,-12.767668,-13.661860113182449
995.0,2.0,0.9835835325935632,1.814849,2.462901,2.1444886335039977
995.0,5.0,12.225591563959957,11.294995,12.978452,13.386496664870393
995.0,6.0,-1.659365020168182,-1.505738,-0.214779,-0.4984599192577477
995.0,12.0,1.4120075022115257,3.253391,3.494128,2.57291260312196
995.0,19.0,4.755270846026122,6.170011,5.142901,5.916175946936557
995.0,24.0,6.783830508609539,6.057404,7.208255,7.944735609519974
995.0,25.0,-6.042439993274058,-4.643967,-4.067927,-4.881534892363623
995.0,29.0,-9.607258377503454,-4.734509,-6.643088,-8.446353276593019
995.0,31.0,-14.745503961340685,-16.062397,-12.787121,-13.584598860430251
996.0,2.0,0.9847145266402747,0.070631,2.478601,2.1741357631466403
996.0,5.0,12.21153636219833,9.106357,13.000208,13.400957598704696
996.0,6.0,-1.7486466736991284,0.632651,-0.217405,-0.559225437192763
996.0,12.0,1.486336626451692,-0.611663,3.521886,2.6757578629580574
996.0,19.0,4.515216621269128,6.427699,5.137006,5.704637857775493
996.0,24.0,6.67429010407689,9.784328,7.23723,7.863711340583256
996.0,25.0,-6.065352093524899,-4.528301,-4.048518,-4.875930857018533
996.0,29.0,-9.526004994025488,-8.900105,-6.628244,-8.336583757519122
996.0,31.0,-14.526619633667368,-16.776083,-12.797406,-13.337198397161002
997.0,2.0,0.9360616306898483,-1.797128,2.477091,1.9953788142269269
997.0,5.0,12.268105088539182,11.900255,13.017237,13.32742227207626
997.0,6.0,-1.7288387168956154,-8.10622,-0.29701,-0.6695215333585369
997.0,12.0,1.4294183407113987,-0.739743,3.577748,2.488735524248477
997.0,19.0,4.678674457953323,4.522357,5.027358,5.737991641490401
997.0,24.0,6.785369477149426,8.136778,7.364509,7.844686660686504
997.0,25.0,-6.073776362202074,-6.295458,-3.981833,-5.014459178664996
997.0,29.0,-9.403929148975292,-6.460281,-6.522647,-8.344611965438213
997.0,31.0,-14.480177261275713,-20.835527,-12.796894,-13.420860077738634
998.0,2.0,0.7779248564092621,1.956745,2.507528,1.6983456891001651
998.0,5.0,12.323709885057367,12.694605,13.07179,13.24413071774827
998.0,6.0,-1.8710871487806076,-1.919004,-0.357546,-0.9506663160897046
998.0,12.0,1.2962783826500557,2.580089,3.667591,2.2166992153409586
998.0,19.0,4.65624973697347,7.898529,4.936877,5.576670569664373
998.0,24.0,6.801859243035267,4.706554,7.509206,7.72228007572617
998.0,25.0,-6.10397966834594,-5.546171,-3.899916,-5.183558835655037
998.0,29.0,-9.242821729975486,-7.52468,-6.418832,-8.322400897284583
998.0,31.0,-14.466695837424721,-19.190244,-12.816493,-13.546275004733818
999.0,2.0,0.921551144675595,2.268783,2.484547,1.8734961794477507
999.0,5.0,12.348508591341933,10.414373,13.09416,13.300453626114088
999.0,6.0,-1.75625307591931,-3.792066,-0.360649,-0.8043080411471544
999.0,12.0,1.4269194679451802,5.013012,3.63707,2.378864502717336
999.0,19.0,4.711971055574897,6.34828,4.971374,5.663916090347053
999.0,24.0,6.694553997280974,8.886433,7.497201,7.64649903205313
999.0,25.0,-6.021419613343363,-0.862203,-3.952733,-5.0694745785712065
999.0,29.0,-9.24054602734516,-5.513175,-6.478694,-8.288600992573004
999.0,31.0,-14.377036473990477,-13.099282,-12.861737,-13.425091439218322
1000.0,2.0,1.0035316371636247,-3.427153,2.406677,1.7627010980257092
1000.0,5.0,12.43021246620468,8.441458,13.046608,13.189381927066764
1000.0,6.0,-1.582787789382384,-5.334872,-0.359029,-0.8236183285202996
1000.0,12.0,1.509784634901366,-0.995816,3.522035,2.2689540957634504
1000.0,19.0,4.927225804409217,4.604117,5.027486,5.686395265271302
1000.0,24.0,6.794819555399745,4.220598,7.395828,7.55398901626183
1000.0,25.0,-5.882846391911283,-8.139118,-4.065091,-5.123676931049198
1000.0,29.0,-9.057359195453685,-8.109817,-6.588924,-8.2981897345916
1000.0,31.0,-14.403407370631504,-13.47266,-12.876157,-13.64423790976942
1001.0,2.0,0.8761707078325792,-0.890353,2.477295,1.9570960593417968
1001.0,5.0,12.47940899612354,11.336107,13.103667,13.560334347632757
1001.0,6.0,-1.7004187756206397,-1.480306,-0.316157,-0.6194934241114223
1001.0,12.0,1.3193835751533483,3.049528,3.600139,2.4003089266625657
1001.0,19.0,4.540825974228079,5.448663,5.056028,5.621751325737296
1001.0,24.0,6.927274969898881,16.636109,7.425676,8.008200321408099
1001.0,25.0,-6.183881029750122,-6.209564,-4.012096,-5.102955678240905
1001.0,29.0,-9.625894812782201,-5.876781,-6.570479,-8.544969461272984
1001.0,31.0,-14.798772131657215,-20.355991,-12.890594,-13.717846780147998
1002.0,2.0,0.9976051352825611,1.970026,2.491938,1.9515780479170597
1002.0,5.0,12.503362051077035,11.852225,13.092789,13.457334963711533
1002.0,6.0,-1.6086516094330117,-2.951544,-0.343069,-0.6546786967985132
1002.0,12.0,1.4380964198002415,3.218013,3.644382,2.39206933243474
1002.0,19.0,4.622192272306675,10.574643,4.993436,5.576165184941173
1002.0,24.0,6.8226997826829505,3.144839,7.480241,7.776672695317449
1002.0,25.0,-6.049394114737095,-4.46105,-3.948201,-5.095421202102596
1002.0,29.0,-9.407392008856451,-4.614538,-6.490346,-8.453419096221953
1002.0,31.0,-14.509524304363154,-14.16628,-12.857405,-13.555551391728656
1003.0,2.0,1.1204935410603962,4.779035,2.397343,1.920787386067531
1003.0,5.0,12.576199152779878,13.247147,12.949363,13.376492997787013
1003.0,6.0,-1.4087487303947785,2.174451,-0.377398,-0.6084548853876437
1003.0,12.0,1.5225000502461858,6.537572,3.531965,2.3227938952533207
1003.0,19.0,4.791674325439646,5.321853,4.951955,5.591968170446782
1003.0,24.0,6.9035229403136205,2.835655,7.384982,7.703816785320756
1003.0,25.0,-5.878346400587395,-1.063144,-3.990754,-5.0780525555802605
1003.0,29.0,-9.18658679062134,-1.604274,-6.490272,-8.386292945614205
1003.0,31.0,-14.471599410503128,-13.70576,-12.766043,-13.671305565495993
1004.0,2.0,1.0012344577053272,7.695411,2.519925,1.8355019786229447
1004.0,5.0,12.52458036017814,15.158669,12.882525,13.358847881095757
1004.0,6.0,-1.6449857979182507,0.110268,-0.314627,-0.8107182770006331
1004.0,12.0,1.5117245924452059,7.297852,3.678372,2.3459921133628234
1004.0,19.0,4.6063655253114515,7.853532,4.879342,5.440633046229069
1004.0,24.0,6.8301189245604474,5.634053,7.399987,7.6643864454780655
1004.0,25.0,-5.9074083924883505,1.720704,-3.775551,-5.0731408715707325
1004.0,29.0,-9.117505514576363,-3.474513,-6.28997,-8.283237993658746
1004.0,31.0,-14.375845065445779,-12.122396,-12.595827,-13.541577544528161
1005.0,2.0,1.0681277036848948,2.839164,2.405656,1.8038225706837374
1005.0,5.0,12.561163639525672,12.890705,12.733036,13.296858506524515
1005.0,6.0,-1.5715222918821974,-0.608596,-0.416134,-0.8358274248833548
1005.0,12.0,1.6562006046753206,5.865555,3.583464,2.391895471674163
1005.0,19.0,4.637305309570606,6.904751,4.750996,5.373000176569448
1005.0,24.0,6.793324484604384,7.804262,7.384828,7.529019351603226
1005.0,25.0,-5.481570843532561,-1.025452,-3.784251,-4.745875976533718
1005.0,29.0,-8.72272699057216,-7.146188,-6.217996,-7.987032123573316
1005.0,31.0,-14.302931659912899,-9.937285,-12.496889,-13.567236792914056
1006.0,2.0,1.0803224266891212,1.80488,2.36585,1.774886814169908
1006.0,5.0,12.598579386410696,12.435145,12.572849,13.293143773891483
1006.0,6.0,-1.5439606624772102,-3.508867,-0.425096,-0.8493962749964235
1006.0,12.0,1.649538768172131,1.87755,3.536614,2.3441031556529177
1006.0,19.0,4.741433037258804,1.496817,4.680483,5.435997424739591
1006.0,24.0,6.810970632199694,10.971714,7.304268,7.50553501968048
1006.0,25.0,-5.525458708625123,-1.691597,-3.738106,-4.830894321144336
1006.0,29.0,-8.709869834165941,-6.449072,-6.136116,-8.015305446685154
1006.0,31.0,-14.282099042717352,-9.770788,-12.344062,-13.587534655236565
1007.0,2.0,0.9279265245967369,1.960641,2.206118,1.648185990639997
1007.0,5.0,12.602954529340275,13.796043,12.363262,13.323213995383535
1007.0,6.0,-1.7631502177363334,-5.159268,-0.478959,-1.0428907516930734
1007.0,12.0,1.4588978875528804,-0.068422,3.340813,2.1791573535961404
1007.0,19.0,4.530078688767491,5.040077,4.636191,5.25033815481075
1007.0,24.0,6.899259256832402,1.439112,7.147203,7.619518722875663
1007.0,25.0,-5.931920893591928,0.755406,-3.838233,-5.211661427548668
1007.0,29.0,-9.026333514888991,-7.985495,-6.17199,-8.306074048845732
1007.0,31.0,-14.358515877331339,-13.168333,-12.229028,-13.63825641128808
1008.0,2.0,0.781362121636766,1.588168,2.124857,1.6068777724664849
1008.0,5.0,12.613414558979812,12.185142,12.292378,13.43893020980953
1008.0,6.0,-1.8108539407124642,-3.165131,-0.551207,-0.9853382898827454
1008.0,12.0,1.3947109981498018,3.429825,3.273085,2.2202266489795206
1008.0,19.0,4.609002011869028,9.102805,4.567194,5.434517662698747
1008.0,24.0,7.051793310788618,9.058584,7.148361,7.877308961618336
1008.0,25.0,-6.105291900185254,-5.852192,-3.868002,-5.279776249355535
1008.0,29.0,-9.356480545801672,-5.577792,-6.15281,-8.530964894971953
1008.0,31.0,-14.602948241915795,-14.894753,-12.199697,-13.777432591086077
1009.0,2.0,-0.9431769722974811,2.628102,2.145153,2.0949912669651836
1009.0,5.0,10.74317323364058,11.506639,12.323294,13.781341472903243
1009.0,6.0,-3.469742856015107,-4.559077,-0.559637,-0.43157461675244235
1009.0,12.0,0.05521715560454321,1.128561,3.311635,3.093385394867208
1009.0,19.0,3.9046130774208017,8.365939,4.553175,6.942781316683466
1009.0,24.0,6.115312055270258,3.489241,7.194152,9.153480294532923
1009.0,25.0,-8.65456428345727,-5.439188,-3.840479,-5.616396044194606
1009.0,29.0,-11.750286242941172,-5.130333,-6.128334,-8.712118003678508
1010.0,2.0,1.021698097107338,2.087338,2.173884,1.2464637646197292
1010.0,5.0,12.835319251193695,9.592164,12.343538,13.060084918706087
1010.0,6.0,-1.3716845637197927,-2.365113,-0.501961,-1.1469188962074015
1010.0,12.0,1.511930392610779,1.073283,3.316701,1.7366960601231702
1010.0,19.0,5.01266490508538,5.886752,4.625734,5.237430572597772
1010.0,24.0,6.920148205304566,8.374167,7.143896,7.144913872816957
1010.0,25.0,-5.2063846016692565,-3.968517,-3.855492,-4.981618934156865
1010.0,29.0,-8.458946941520948,-5.316264,-6.18071,-8.234181274008556
1010.0,31.0,-14.233635147917342,-16.571954,-12.227992,-14.00886948040495
1011.0,2.0,-0.9566538569502728,0.552441,2.203185,1.539408517182748
1011.0,5.0,10.928512231270446,7.546241,12.333926,13.424574605403468
1011.0,6.0,-3.413643962265036,-2.065213,-0.415798,-0.9175815881320153
1011.0,12.0,0.09582599035753414,-0.34568,3.30334,2.591888364490555
1011.0,19.0,4.346051895970111,5.736903,4.723085,6.8421142701031314
1011.0,24.0,6.219866634371894,3.676501,7.040702,8.715929008504915
1011.0,25.0,-8.414352452535766,-9.156812,-3.877366,-5.9182900784027455
1011.0,29.0,-11.652683556677232,-5.488802,-6.249274,-9.15662118254421
1012.0,2.0,1.1347722739557167,1.834178,2.119179,1.3769748473362848
1012.0,5.0,12.853295564792264,13.193808,12.311693,13.095498138172832
1012.0,6.0,-1.2708485553816926,-4.394322,-0.485613,-1.0286459820011244
1012.0,12.0,1.6647039857973738,-0.054673,3.228415,1.906906559177942
1012.0,19.0,5.077380613564142,0.519164,4.691073,5.31958318694471
1012.0,24.0,6.920203637644264,10.209854,7.051115,7.162406211024832
1012.0,25.0,-5.103436767162864,-5.111569,-3.947941,-4.8612341937822965
1012.0,29.0,-8.445521241419698,-7.312823,-6.283279,-8.20331866803913
1012.0,31.0,-14.228756640091063,-7.068822,-12.244025,-13.986554066710495
1013.0,2.0,1.2380599346913836,-1.118036,1.992411,1.4853522442127285
1013.0,5.0,12.93970411678822,10.015111,12.272667,13.186996426309566
1013.0,6.0,-1.043348996827917,-2.836737,-0.57432,-0.7960566873065722
1013.0,12.0,1.7420966637382502,0.396909,3.102427,1.989388973259595
1013.0,19.0,5.166472014149234,2.804098,4.664509,5.413764323670579
1013.0,24.0,6.983764013128065,10.063937,7.039078,7.23105632264941
1013.0,25.0,-5.043054070574876,-4.424222,-4.0684,-4.795761761053532
1013.0,29.0,-8.485674413401703,-7.352987,-6.355579,-8.238382103880358
1013.0,31.0,-14.323809433833107,-12.838577,-12.288024,-14.076517124311762
1014.0,2.0,1.4724907600899426,3.186475,1.989811,1.748874065003431
1014.0,5.0,12.962632214672126,13.977052,12.306323,13.239015519585614
1014.0,6.0,-0.7744246463138539,-7.215842,-0.617373,-0.4980413414003656
1014.0,12.0,1.99547389605741,2.953752,3.130644,2.2718572009708984
1014.0,19.0,5.336150562475527,4.816671,4.62288,5.612533867389016
1014.0,24.0,6.961262572080613,4.791073,7.114361,7.237645876994101
1014.0,25.0,-4.866844188030812,-1.599186,-4.051205,-4.5904608831173235
1014.0,29.0,-8.438432132132638,-5.236824,-6.324095,-8.162048827219149
1014.0,31.0,-14.285504575910396,-11.73396,-12.317446,-14.009121270996907
1015.0,2.0,1.4271804101836958,3.633385,1.901184,1.7231718718221274
1015.0,5.0,12.940433111284282,11.367611,12.263664,13.236424572922713
1015.0,6.0,-0.8984774279901037,-0.650068,-0.693779,-0.6024859663516721
1015.0,12.0,1.9747989959513124,3.967718,3.053952,2.2707904575897437
1015.0,19.0,5.262681976080363,7.331155,4.572862,5.558673437718794
1015.0,24.0,7.016427232942955,5.532331,7.123378,7.312418694581386
1015.0,25.0,-4.939441983554694,-0.582492,-4.109971,-4.643450521916263
1015.0,29.0,-8.361255125239518,-5.147782,-6.338365,-8.065263663601087
1015.0,31.0,-14.263618060605639,-17.383478,-12.326436,-13.967626598967207
1016.0,2.0,1.4345872651183553,2.281732,1.969643,1.6871761223530592
1016.0,5.0,12.938020929743681,13.464639,12.265942,13.190609786978385
1016.0,6.0,-0.8923093416823421,-3.650234,-0.609915,-0.6397204844476382
1016.0,12.0,2.0019644126873466,4.877707,3.101218,2.2545532699220505
1016.0,19.0,5.248768790008101,5.6838,4.632771,5.501357647242805
1016.0,24.0,6.971943172639567,3.417948,7.069793,7.224532029874271
1016.0,25.0,-4.878550826393868,-1.752673,-4.064385,-4.625961969159164
1016.0,29.0,-8.303851848945806,-3.968908,-6.338222,-8.051262991711102
1016.0,31.0,-14.229220007770762,-16.594845,-12.290336,-13.976631150536058
1017.0,2.0,1.3312744770930651,-2.833772,2.04167,1.3955809270249562
1017.0,5.0,13.014489474312718,10.353814,12.287142,13.07879592424461
1017.0,6.0,-0.9520284941605405,-5.300015,-0.546288,-0.8877220442286494
1017.0,12.0,1.8982138335150731,-0.664702,3.167666,1.9625202834469642
1017.0,19.0,5.361819376723886,1.194341,4.66945,5.4261258266557775
1017.0,24.0,6.987812206626452,12.091456,7.057302,7.052118656558343
1017.0,25.0,-4.8441282751439045,-6.058092,-4.004894,-4.7798218252120135
1017.0,29.0,-8.364721015600638,-9.144938,-6.316787,-8.300414565668747
1017.0,31.0,-14.213194659837901,-10.868476,-12.267432,-14.14888820990601
1018.0,2.0,1.485212739705192,0.785601,2.025287,1.627544410408495
1018.0,5.0,13.086678293223109,11.559882,12.287897,13.229009963926412
1018.0,6.0,-0.8112186658733994,-0.614776,-0.56048,-0.6688869951700963
1018.0,12.0,2.0433166237664926,1.273018,3.155496,2.1856482944697957
1018.0,19.0,5.486926508597782,4.037502,4.66642,5.629258179301085
1018.0,24.0,7.13530534087634,8.959659,7.062633,7.277637011579643
1018.0,25.0,-4.885665718107129,-6.770729,-4.019756,-4.743334047403826
1018.0,29.0,-8.40370561561825,-8.186313,-6.327136,-8.261373944914947
1018.0,31.0,-14.255775829747181,-10.793634,-12.27893,-14.113444159043878
1019.0,2.0,1.4551399844772401,2.629299,1.992923,1.6138430712757028
1019.0,5.0,13.030353243788282,12.832866,12.323957,13.189056330586745
1019.0,6.0,-0.8689804790227794,-2.479494,-0.593448,-0.7102773922243167
1019.0,12.0,2.013895116557575,2.905364,3.131471,2.1725982033560376
1019.0,19.0,5.248765555236178,5.482687,4.673289,5.40746864203464
1019.0,24.0,7.115923417205396,6.239135,7.091223,7.274626504003859
1019.0,25.0,-4.877035628564404,-2.097647,-4.069943,-4.718332541765942
1019.0,29.0,-8.311357075290921,-6.273707,-6.371224,-8.152653988492458
1019.0,31.0,-14.232069719350934,-13.132295,-12.340606,-14.073366632552471
1020.0,2.0,1.554206377969515,1.450318,1.975057,2.606003501132018
1020.0,5.0,11.865850724859865,11.929045,12.335937,12.917647848022368
1020.0,6.0,-0.8504416504913356,-6.743634,-0.641332,0.20135547267116738
1020.0,12.0,2.0234646111131243,0.266035,3.140598,3.075261734275627
1020.0,19.0,4.388190663090636,3.015496,4.626805,5.439987786253139
1020.0,24.0,7.046912479949277,5.606837,7.150434,8.098709603111779
1020.0,25.0,-5.096981383779238,-2.532902,-4.061696,-4.045184260616735
1020.0,29.0,-8.666579706097002,-3.707259,-6.342201,-7.614782582934499
1020.0,31.0,-13.57145582014858,-16.061971,-12.357232,-12.519658696986077
1021.0,2.0,1.6996200303729134,1.051988,1.96001,2.683400388746368
1021.0,5.0,11.89841763713451,10.509439,12.325097,12.882197995507966
1021.0,6.0,-0.7508309926464244,-5.036445,-0.630197,0.2329493657270304
1021.0,12.0,2.150430186268875,3.079518,3.112879,3.13421054464233
1021.0,19.0,4.552265962140242,7.129901,4.654263,5.536046320513697
1021.0,24.0,6.9828596964950815,5.005664,7.114526,7.966640054868536
1021.0,25.0,-5.048099024796797,-2.875643,-4.09135,-4.064318666423342
1021.0,29.0,-8.613620079860079,-4.630921,-6.378883,-7.629839721486624
1021.0,31.0,-13.575873102439145,-15.533774,-12.361044,-12.59209274406569
1022.0,2.0,1.6577248686059738,6.064927,1.87266,2.6413155696981128
1022.0,5.0,11.884089293722138,14.720341,12.293054,12.867679994814276
1022.0,6.0,-0.7819219069395721,-2.088287,-0.675367,0.2016687941525669
1022.0,12.0,2.0973641147428834,2.867677,3.015824,3.0809548158350224
1022.0,19.0,4.501673415702016,6.186366,4.657817,5.485264116794156
1022.0,24.0,7.018199854951118,4.094239,7.080569,8.001790556043257
1022.0,25.0,-5.086177495528166,-0.210725,-4.186092,-4.102586794436027
1022.0,29.0,-8.706529655472483,-5.18893,-6.44897,-7.722938954380345
1022.0,31.0,-13.552553511352476,-13.465388,-12.389888,-12.568962810260338
1023.0,2.0,1.6273557108966106,3.243039,1.838283,2.6034783827979715
1023.0,5.0,11.937892382140413,8.953008,12.221308,12.914015054041775
1023.0,6.0,-0.8642888755657739,0.842037,-0.652105,0.11183379633558699
1023.0,12.0,2.0639215774587285,3.75615,2.951687,3.0400442493600894
1023.0,19.0,4.498605331257943,5.213637,4.686367,5.474728003159305
1023.0,24.0,7.087522575371717,10.918514,6.985349,8.063645247273078
1023.0,25.0,-5.122854807995795,-2.088914,-4.222639,-4.146732136094434
1023.0,29.0,-8.713047851266483,-3.023236,-6.486868,-7.736925179365121
1023.0,31.0,-13.562825388716048,-15.635309,-12.343831,-12.586702716814687
1024.0,2.0,1.5884172072029994,2.185088,1.86976,2.5122088382706487
1024.0,5.0,11.938471659990576,11.659052,12.185867,12.862263291058225
1024.0,6.0,-0.8822943548803411,-3.222857,-0.656665,0.04149727618730814
1024.0,12.0,2.043224732688012,0.70246,3.006177,2.9670163637556612
1024.0,19.0,4.4192545280637185,6.023849,4.625114,5.343046159131368
1024.0,24.0,7.0860059976982965,10.110634,7.015412,8.009797628765945
1024.0,25.0,-5.117732040341518,-2.558821,-4.132734,-4.193940409273869
1024.0,29.0,-8.619374384374273,-7.778338,-6.386648,-7.695582753306624
1024.0,31.0,-13.518231989731811,-17.097533,-12.272933,-12.594440358664162
1025.0,2.0,1.5293594452007309,-1.301771,1.878447,2.39357648461527
1025.0,5.0,12.004852562499044,8.569133,12.138921,12.869069601913584
1025.0,6.0,-0.8486838831639708,-5.976219,-0.599876,0.015533156250568392
1025.0,12.0,1.9270919490371385,-0.977664,2.982968,2.7913089884516777
1025.0,19.0,4.521651381461002,5.319157,4.675463,5.385868420875541
1025.0,24.0,7.151325320333894,9.323341,6.923011,8.015542359748434
1025.0,25.0,-5.150462441719262,-8.040169,-4.138855,-4.286245402304723
1025.0,29.0,-8.698982391671295,-7.327041,-6.415651,-7.834765352256756
1025.0,31.0,-13.64261805753004,-16.664947,-12.226107,-12.7784010181155
1026.0,2.0,1.6747295242063585,1.795058,1.951808,2.5453338193859896
1026.0,5.0,12.045290461641134,11.003218,12.156413,12.915894756820766
1026.0,6.0,-0.6756023947596966,-3.970408,-0.49421,0.19500190041993448
1026.0,12.0,2.083707690760784,0.613509,3.021681,2.954311985940415
1026.0,19.0,4.77965017168713,4.707412,4.77328,5.650254466866761
1026.0,24.0,7.118871166004998,13.246994,6.846027,7.989475461184629
1026.0,25.0,-5.097675226523563,-7.308011,-4.116237,-4.227070931343932
1026.0,29.0,-8.785299598518417,-6.860227,-6.453602,-7.914695303338786
1026.0,31.0,-13.691991613492686,-16.660755,-12.209229,-12.821387318313054
1027.0,2.0,1.7130840046242808,3.559176,1.895656,2.581921907721375
1027.0,5.0,12.167094282013979,12.843137,12.142862,13.035932185111072
1027.0,6.0,-0.6395807643182848,0.537258,-0.525516,0.22925713877880927
1027.0,12.0,2.093741680877435,2.09504,2.961639,2.962579583974529
1027.0,19.0,4.787227818101429,4.238228,4.776874,5.656065721198523
1027.0,24.0,7.128512630252426,5.712059,6.830405,7.99735053334952
1027.0,25.0,-5.071829362909209,-6.339464,-4.17896,-4.2029914598121145
1027.0,29.0,-8.735797966472086,-7.150362,-6.501536,-7.866960063374992
1027.0,31.0,-13.774495156668216,-9.823735,-12.235352,-12.905657253571121
1028.0,2.0,1.6481676607875881,2.723026,1.911439,2.560899995891333
1028.0,5.0,12.124897559475142,13.529048,12.160442,13.037629894578888
1028.0,6.0,-0.6587789073165987,-2.077393,-0.472486,0.25395342778714614
1028.0,12.0,2.007989047568314,2.453896,2.950254,2.920721382672059
1028.0,19.0,4.889013046631089,5.93198,4.854233,5.8017453817348335
1028.0,24.0,7.065943078817145,3.051239,6.772591,7.9786754139208895
1028.0,25.0,-5.129354883238764,-4.374372,-4.21198,-4.216622548135019
1028.0,29.0,-8.82786593343783,-5.246369,-6.569346,-7.9151335983340845
1028.0,31.0,-14.006419019666607,-16.757771,-12.256013,-13.093686684562861
1029.0,2.0,1.558540067111637,1.123347,1.872949,2.3574505012427203
1029.0,5.0,12.167908819069924,11.097341,12.156455,12.966819253201006
1029.0,6.0,-0.7712449926152695,-1.550108,-0.482787,0.02766544151581385
1029.0,12.0,1.9272682255829077,1.139389,2.901903,2.726178659713991
1029.0,19.0,4.814086814683525,6.298922,4.877609,5.612997248814608
1029.0,24.0,7.198599261133508,1.978817,6.746826,7.997509695264592
1029.0,25.0,-5.14959349675756,-5.822966,-4.269033,-4.3506830626264765
1029.0,29.0,-8.790071465115984,-5.957489,-6.624375,-7.991161030984901
1029.0,31.0,-13.982118473910287,-15.349509,-12.283149,-13.183208039779203
1030.0,2.0,1.484450082486629,1.043351,1.840304,2.3302260195512625
1030.0,5.0,12.11648179511137,11.404346,12.18545,12.962257732176004
1030.0,6.0,-0.9578832936839509,-4.316498,-0.571118,-0.11210735661931703
1030.0,12.0,1.8537657652487987,2.823727,2.916941,2.6995417023134323
1030.0,19.0,4.675591493786273,3.69327,4.79494,5.521367430850907
1030.0,24.0,7.269616278450391,9.739634,6.857987,8.115392215515024
1030.0,25.0,-5.1963128581137115,-6.922559,-4.259728,-4.350536921049078
1030.0,29.0,-8.778982565665212,-4.742119,-6.576545,-7.933206628600578
1030.0,31.0,-14.031383544523191,-12.698494,-12.321693,-13.185607607458557
1031.0,2.0,1.6754693932713725,0.509625,1.729459,2.4057199930265516
1031.0,5.0,12.243153368634454,10.250606,12.125385,12.973403968389633
1031.0,6.0,-0.7410322175784688,-2.585639,-0.642117,-0.01078161782328968
1031.0,12.0,2.065405610788808,-0.610118,2.803171,2.7956562105439873
1031.0,19.0,4.830050217471383,5.028722,4.765939,5.560300817226562
1031.0,24.0,7.215165405861985,9.665943,6.829589,7.945416005617163
1031.0,25.0,-5.093783386467696,-7.086198,-4.353909,-4.363532786712517
1031.0,29.0,-8.68820662905871,-9.159484,-6.626756,-7.957956029303531
1031.0,31.0,-13.586834219187777,-12.250921,-12.332344,-12.856583619432598
1032.0,2.0,1.6995810511380496,1.819966,1.742496,2.4452784511246946
1032.0,5.0,12.306981845458688,11.429727,12.137873,13.052679245445333
1032.0,6.0,-0.7313469582873556,0.716467,-0.63149,0.01435044169928934
1032.0,12.0,2.103813582342113,1.946168,2.817785,2.849510982328758
1032.0,19.0,4.862482317863836,5.79704,4.777542,5.608179717850481
1032.0,24.0,7.25718518332256,-1.642572,6.832307,8.002882583309205
1032.0,25.0,-5.067018844430218,-0.960258,-4.346347,-4.321321444443573
1032.0,29.0,-8.684345207650596,-2.817439,-6.629322,-7.938647807663951
1032.0,31.0,-13.569035087443549,-18.473224,-12.337879,-12.823337687456904
1033.0,2.0,1.6394403413613237,2.564464,1.79133,2.375819114375984
1033.0,5.0,12.2756691566948,13.201021,12.158225,13.01204792970946
1033.0,6.0,-0.8436691796237757,-1.341557,-0.618714,-0.10729040660911526
1033.0,12.0,2.054149392921575,0.908293,2.884985,2.7905281659362355
1033.0,19.0,4.76704223839374,6.306889,4.759573,5.503421011408401
1033.0,24.0,7.348102478919069,3.880974,6.872566,8.08448125193373
1033.0,25.0,-5.119387007582723,-2.035427,-4.279077,-4.383008234568062
1033.0,29.0,-8.66463155705494,-6.900025,-6.572892,-7.92825278404028
1033.0,31.0,-13.550520506724416,-17.206383,-12.320748,-12.814141733709755
1034.0,2.0,1.7782875749345557,4.058995,1.887917,2.2979660380685423
1034.0,5.0,12.435620949069685,11.255466,12.218239,12.955299412203672
1034.0,6.0,-0.6816672593043568,0.385385,-0.603264,-0.1619887961703702
1034.0,12.0,2.1920844424299837,2.016558,3.021836,2.7117629055639703
1034.0,19.0,4.814329177755751,5.880181,4.7201,5.3340076408897374
1034.0,24.0,7.475687638655848,9.862898,6.972784,7.995366101789834
1034.0,25.0,-5.005760158947284,-2.448974,-4.151752,-4.486081695813297
1034.0,29.0,-8.254901766136442,-6.699534,-6.463864,-7.735223303002455
1034.0,31.0,-13.600096793368259,-13.21254,-12.307145,-13.080418330234272
1035.0,2.0,1.8302150734396,0.976331,1.98514,2.2748957197906847
1035.0,5.0,12.43067676495676,11.654302,12.217102,12.875357411307844
1035.0,6.0,-0.6402846929291447,-3.595003,-0.515008,-0.19560404657806008
1035.0,12.0,2.212846838866769,0.845799,3.109358,2.6575274852178534
1035.0,19.0,4.864340590184502,3.700984,4.754103,5.309021236535586
1035.0,24.0,7.485604141720789,14.692823,6.941721,7.930284788071874
1035.0,25.0,-5.013660560829044,-4.92905,-4.054353,-4.56897991447796
1035.0,29.0,-8.334430100178047,-7.433308,-6.411463,-7.889749453826962
1035.0,31.0,-13.501551133238635,-14.638921,-12.24218,-13.05687048688755
1036.0,2.0,1.8707473650502129,1.795408,1.845233,2.32510398081197
1036.0,5.0,12.494905524211273,10.431834,12.03815,12.94926213997303
1036.0,6.0,-0.5392057954189343,-1.500702,-0.560405,-0.08484917965717742
1036.0,12.0,2.237541940110015,0.52144,2.935919,2.691898555871772
1036.0,19.0,5.105699528647871,5.063027,4.720935,5.560056144409628
1036.0,24.0,7.3972328915943235,11.034452,6.803861,7.85158950735608
1036.0,25.0,-4.905784186990078,-5.366301,-4.148008,-4.451427571228321
1036.0,29.0,-8.293486045794781,-7.81082,-6.450274,-7.839129430033024
1036.0,31.0,-13.582856194623828,-13.648371,-12.148341,-13.12849957886207
1037.0,2.0,1.7319314217000166,5.910712,1.817824,2.2318598380482486
1037.0,5.0,12.445140087576918,12.923288,12.006225,12.94506850392515
1037.0,6.0,-0.7464573259691428,1.170664,-0.561559,-0.24652890962091079
1037.0,12.0,2.1139403466032833,5.30781,2.898476,2.6138687629515154
1037.0,19.0,4.841106135329764,7.053378,4.729257,5.341034551677996
1037.0,24.0,7.449742558680085,7.313876,6.766767,7.949670975028317
1037.0,25.0,-5.017490105110667,-6.405871,-4.174484,-4.517561688762435
1037.0,29.0,-8.515033965604632,-3.859015,-6.472766,-8.0151055492564
1037.0,31.0,-13.511742939074256,-13.916583,-12.135647,-13.011814522726024
1038.0,2.0,1.4770736181943116,0.979127,1.766781,2.255173811396056
1038.0,5.0,12.345457760363699,7.617328,11.978272,13.123557953565443
1038.0,6.0,-1.0990516679715245,-1.34232,-0.62365,-0.32095147476978014
1038.0,12.0,1.8951741611237374,0.718314,2.868357,2.673274354325482
1038.0,19.0,4.6173307292625285,3.921039,4.670943,5.395430922464273
1038.0,24.0,7.511411094272052,8.528017,6.799273,8.289511287473797
1038.0,25.0,-5.199818374170342,-8.109459,-4.187176,-4.421718180968598
1038.0,29.0,-8.70565198187264,-4.960904,-6.449933,-7.927551788670895
1038.0,31.0,-13.738436353702342,-12.727167,-12.131997,-12.960336160500598
1039.0,2.0,-0.5991283932937687,-0.833381,1.751658,1.5613440934848102
1039.0,5.0,10.137084533002866,9.625114,11.938545,12.297557019781445
1039.0,6.0,-2.965796219791549,-6.611907,-0.614416,-0.8053237330129703
1039.0,12.0,0.3007391393044213,-2.041896,2.842321,2.461211626083
1039.0,19.0,3.937227650647749,2.865848,4.677433,6.097700137426328
1039.0,24.0,5.740752072938013,8.260419,6.756793,7.901224559716591
1039.0,25.0,-7.383556115558828,-7.070062,-4.19569,-5.223083628780249
1039.0,29.0,-10.53916774757555,-7.191509,-6.457681,-8.378695260796972
1040.0,2.0,-0.6142046847902166,4.286604,1.80092,1.4800976337702063
1040.0,5.0,10.120240022488854,11.983324,11.940557,12.214542341049277
1040.0,6.0,-2.977763513299467,-3.487156,-0.595037,-0.883461194739044
1040.0,12.0,0.2907673339933793,4.78799,2.905827,2.385069652553802
1040.0,19.0,3.914504081522811,5.740676,4.657675,6.008806400083234
1040.0,24.0,5.716218519749042,7.791809,6.781173,7.810520838309465
1040.0,25.0,-7.382104952593088,-5.433554,-4.12174,-5.287802634032666
1040.0,29.0,-10.498030075395457,-3.398409,-6.394034,-8.403727756835034
1041.0,2.0,-0.5912181180308532,1.663362,1.827329,1.6094592408570776
1041.0,5.0,10.121597964700653,9.619357,11.927714,12.322275323588585
1041.0,6.0,-2.972741422297029,-2.668098,-0.581181,-0.7720640634090983
1041.0,12.0,0.3214058285524509,-1.584831,2.9389,2.5220831874403817
1041.0,19.0,3.8971351295860646,3.402255,4.644229,6.097812488473995
1041.0,24.0,5.773430391661426,7.072037,6.784728,7.974107750549357
1041.0,25.0,-7.3961854340388955,-3.55117,-4.075114,-5.195508075150965
1041.0,29.0,-10.52272000152386,-7.380067,-6.352692,-8.322042642635928
1042.0,2.0,1.5259383996544669,2.479126,1.755668,2.1991390090399374
1042.0,5.0,12.494252467703808,11.460132,11.841483,13.167453077089277
1042.0,6.0,-0.9700644835554667,-3.765576,-0.606944,-0.2968638741699964
1042.0,12.0,1.9481514987291844,2.318666,2.852894,2.621352108114655
1042.0,19.0,4.774082000622247,4.93848,4.62729,5.447282610007718
1042.0,24.0,7.580039303322171,9.021644,6.720294,8.253239912707642
1042.0,25.0,-5.208988524685895,-3.121961,-4.12336,-4.535787915300425
1042.0,29.0,-8.712128273143767,-6.795229,-6.373636,-8.038927663758297
1042.0,31.0,-13.806955731963999,-11.552512,-11.987353,-13.13375512257853
1043.0,2.0,1.6842666054556368,1.923709,1.492329,2.204756236798616
1043.0,5.0,12.579281504229964,11.457956,11.64622,13.099771135572944
1043.0,6.0,-0.7766425502833593,-2.329236,-0.760741,-0.25615291894038006
1043.0,12.0,2.0907422947524417,-1.191652,2.569402,2.611231926095421
1043.0,19.0,4.905531067339137,5.836528,4.546976,5.426020698682116
1043.0,24.0,7.585278126983422,7.920702,6.61208,8.105767758326401
1043.0,25.0,-5.111003274641993,-5.376565,-4.329829,-4.590513643299014
1043.0,29.0,-8.52132993505781,-9.111373,-6.468817,-8.000840303714831
1043.0,31.0,-13.470345353340226,-15.508864,-11.956633,-12.949855721997247
1044.0,2.0,2.268040175398105,-2.953597,1.629301,2.4541742736155765
1044.0,5.0,12.446807380672047,7.255914,11.719656,12.632941478889517
1044.0,6.0,0.6005065215315469,-1.883994,-0.661948,0.7866406197490184
1044.0,12.0,2.5371635192630047,-6.017925,2.707979,2.723297617480476
1044.0,19.0,5.812738120420598,0.99784,4.601842,5.99887221863807
1044.0,24.0,7.683858074541005,5.743725,6.63166,7.869992172758477
1044.0,25.0,-4.113576155450822,-4.114713,-4.218949,-3.9274420572333506
1044.0,29.0,-6.758318470779716,-8.707553,-6.423103,-6.572184372562244
1044.0,31.0,-13.886857027195541,-11.471795,-11.945037,-13.70072292897807
1045.0,2.0,2.069967163014855,-2.324281,2.145333,2.0000696178165356
1045.0,5.0,13.64840029632942,18.092835,12.03913,13.5785027511311
1045.0,6.0,-0.3321253448781417,-7.047249,-0.263766,-0.4020228900764612
1045.0,12.0,2.3607671721492807,-2.704235,3.203583,2.290869626950961
1045.0,19.0,4.770031969215159,13.650109,4.872368,4.70013442401684
1045.0,24.0,7.761427658297075,8.144273,6.676882,7.6915301130987555
1045.0,25.0,-4.74533149872017,-4.605439,-3.861957,-4.81522904391849
1045.0,29.0,-7.86292900420282,-9.099487,-6.329897,-7.932826549401139
1045.0,31.0,-13.427875158485737,-15.18342,-11.9585,-13.497772703684056
1046.0,2.0,1.8159597968444192,1.453838,2.276595,2.0526726872841428
1046.0,5.0,12.785395428959617,13.208107,12.151507,13.02210831939934
1046.0,6.0,-0.6823293093608217,-0.969996,-0.183824,-0.44561641892109816
1046.0,12.0,2.262604634728368,2.828852,3.346133,2.4993175251680917
1046.0,19.0,4.993093910211832,7.004571,4.92854,5.229806800651556
1046.0,24.0,7.631984279151199,1.243171,6.731987,7.868697169590923
1046.0,25.0,-4.8296794200994215,-4.631046,-3.769222,-4.592966529659698
1046.0,29.0,-8.07160598652611,-5.306613,-6.301113,-7.834893096086387
1046.0,31.0,-13.471362774298992,-17.199389,-11.991869,-13.23464988385927
1047.0,2.0,1.7485278580302897,0.05271,2.14835,2.064722326815431
1047.0,5.0,12.818208488179037,9.105504,12.118419,13.134402956964179
1047.0,6.0,-0.6980903372871624,-6.961315,-0.331587,-0.3818958685020212
1047.0,12.0,2.193125030217577,-1.065541,3.260018,2.5093194990027183
1047.0,19.0,4.954659187623888,1.458315,4.816377,5.270853656409029
1047.0,24.0,7.456449084065695,7.643562,6.812029,7.772643552850836
1047.0,25.0,-4.978930530518006,-5.112984,-3.837764,-4.662736061732865
1047.0,29.0,-8.137444720150622,-4.996939,-6.290288,-7.8212502513654805
1047.0,31.0,-13.429931140456576,-10.212561,-12.028361,-13.113736671671434
1048.0,2.0,1.8958454333024966,2.020742,2.077974,2.007468560690188
1048.0,5.0,12.94590790863935,12.401628,12.059326,13.057531036027042
1048.0,6.0,-0.452209589494701,0.464735,-0.359966,-0.3405864621070097
1048.0,12.0,2.326797568589761,3.419714,3.177217,2.4384206959774524
1048.0,19.0,5.336266174675818,6.49305,4.811036,5.447889302063509
1048.0,24.0,7.646367009266237,10.916282,6.761987,7.757990136653929
1048.0,25.0,-4.689355509173323,-5.320461,-3.89944,-4.577732381785632
1048.0,29.0,-8.095342741748553,-8.195556,-6.329259,-7.9837196143608615
1048.0,31.0,-13.56496059908842,-15.647956,-12.015615,-13.45333747170073
1049.0,2.0,2.0653041807265327,5.665431,2.144261,2.194363926632877
1049.0,5.0,12.988734457959936,11.393104,12.085495,13.11779420386628
1049.0,6.0,-0.24576165760381585,2.355942,-0.287164,-0.11670191169747135
1049.0,12.0,2.495006412128153,2.317461,3.227994,2.6240661580344975
1049.0,19.0,5.42466316639536,5.432955,4.870836,5.553722912301705
1049.0,24.0,7.528075246419012,12.017515,6.730343,7.657134992325356
1049.0,25.0,-4.3092175078795565,-0.900533,-3.863267,-4.180157761973212
1049.0,29.0,-8.037736065884925,-4.642948,-6.337436,-7.90867631997858
1049.0,31.0,-13.548253886895514,-15.637865,-12.005961,-13.41919414098917
1050.0,2.0,1.9357856821850188,3.342676,2.145489,2.093709046171278
1050.0,5.0,12.89771734014399,11.878189,12.091756,13.055640704130248
1050.0,6.0,-0.49741630166968964,-5.391575,-0.296044,-0.3394929376834305
1050.0,12.0,2.371608473115473,3.935518,3.238639,2.5295318371017323
1050.0,19.0,5.238125291801013,4.91168,4.860854,5.396048655787272
1050.0,24.0,7.580846325525111,7.239883,6.748173,7.73876968951137
1050.0,25.0,-4.538119891704169,-2.763626,-3.854124,-4.38019652771791
1050.0,29.0,-8.033715341359034,-3.369973,-6.326874,-7.875791977372775
1050.0,31.0,-13.4637417689468,-13.587465,-12.009409,-13.30581840496054
1051.0,2.0,1.8162832978124381,1.034056,2.147769,1.9686508088717285
1051.0,5.0,12.9331443078116,10.899992,12.050143,13.085511818870891
1051.0,6.0,-0.5803109101303195,-6.789135,-0.287281,-0.4279433990710292
1051.0,12.0,2.251641806062783,0.43178,3.239201,2.4040093171220733
1051.0,19.0,5.242036233145421,4.467295,4.846952,5.394403744204711
1051.0,24.0,7.660774623985988,10.279037,6.724171,7.813142135045279
1051.0,25.0,-4.93472118598556,-7.045465,-3.828276,-4.78235367492627
1051.0,29.0,-8.16333831071978,-6.295953,-6.29834,-8.01097079966049
1051.0,31.0,-13.432370692486215,-15.18908,-11.961254,-13.280003181426924
1052.0,2.0,1.6424836229989692,2.555288,2.099952,2.1181960595061926
1052.0,5.0,12.822212666128856,13.235933,11.968594,13.297925102636079
1052.0,6.0,-0.8338578672419513,-1.593981,-0.271491,-0.35814543073472793
1052.0,12.0,2.0423361838428358,3.699531,3.159495,2.518048620350059
1052.0,19.0,5.017186941818124,3.811842,4.87183,5.4928993783253475
1052.0,24.0,7.737732222846206,4.371546,6.622974,8.21344465935343
1052.0,25.0,-5.196036144656229,-4.238037,-3.876678,-4.720323708149005
1052.0,29.0,-8.666441937171902,-3.861827,-6.341875,-8.190729500664679
1052.0,31.0,-13.66580648283813,-12.949126,-11.914409,-13.190094046330907
1053.0,2.0,-0.4496899013648533,2.033112,2.104659,1.5319598015167837
1053.0,5.0,10.444661290678907,12.096481,11.975936,12.426310993560543
1053.0,6.0,-2.809965592617674,-5.429378,-0.256399,-0.8283158897360372
1053.0,12.0,0.39352277944879155,0.431305,3.158293,2.3751724823304285
1053.0,19.0,4.258866952878699,4.383226,4.895847,6.240516655760336
1053.0,24.0,5.828048395657688,7.997591,6.608126,7.809698098539325
1053.0,25.0,-7.402057347408204,-6.221385,-3.885771,-5.420407644526566
1053.0,29.0,-10.487342188622353,-6.39965,-6.362826,-8.505692485740717
1054.0,2.0,1.7702196179402918,-0.110856,2.117724,2.004933558547127
1054.0,5.0,12.916611310822292,8.206829,12.017029,13.151325251429126
1054.0,6.0,-0.7309559782416796,-3.944133,-0.257357,-0.49624203763484453
1054.0,12.0,2.1881892403415932,-1.512952,3.180604,2.4229031809484285
1054.0,19.0,5.103917811494399,6.693382,4.907432,5.338631752101234
1054.0,24.0,7.768490065610894,-1.587333,6.637961,8.003204006217729
1054.0,25.0,-5.034452992136052,-4.1282,-3.885878,-4.799739051529217
1054.0,29.0,-8.346690476531466,-5.980916,-6.373146,-8.111976535924631
1054.0,31.0,-13.34926773596818,-15.050435,-11.958108,-13.114553795361346
1055.0,2.0,2.0781078227135774,-5.333165,2.124853,1.8596019887275168
1055.0,5.0,13.256494804401688,6.871657,12.066839,13.037988970415627
1055.0,6.0,-0.20665804220558226,-10.017367,-0.28076,-0.42516387619164286
1055.0,12.0,2.4706903391875272,-5.076672,3.209781,2.2521845052014666
1055.0,19.0,5.508465201810783,9.283493,4.896132,5.289959367824723
1055.0,24.0,7.688578920842768,1.965976,6.69879,7.470073086856708
1055.0,25.0,-4.346900902548728,-11.416668,-3.880522,-4.565406736534788
1055.0,29.0,-7.966320815216446,-8.568841,-6.367986,-8.184826649202506
1055.0,31.0,-13.499091372366138,-13.647954,-12.002653,-13.717597206352199
1056.0,2.0,2.0451701993770985,1.744957,2.158548,1.8779653561075014
1056.0,5.0,13.207786377470786,9.949347,12.142569,13.040581534201188
1056.0,6.0,-0.21760268541600614,-2.511873,-0.278678,-0.3848075286856033
1056.0,12.0,2.449522572422108,2.095504,3.260645,2.2823177291525107
1056.0,19.0,5.61296615833003,7.698247,4.912346,5.445761315060433
1056.0,24.0,7.825904748892374,6.385077,6.757353,7.658699905622777
1056.0,25.0,-4.584780476334507,-3.376758,-3.868242,-4.751985319604104
1056.0,29.0,-8.051271097055624,-6.264813,-6.374331,-8.21847594032522
1056.0,31.0,-13.446584353154591,-13.369673,-12.060264,-13.61378919642419
1057.0,2.0,2.107047411939952,1.830536,2.143592,1.8961003978017081
1057.0,5.0,13.357370492384714,10.708815,12.19377,13.14642347824647
1057.0,6.0,-0.06835267626700958,-2.547137,-0.265964,-0.2792996904052535
1057.0,12.0,2.498885664150925,0.695791,3.230598,2.287938650012681
1057.0,19.0,5.778274090813111,7.585432,4.981078,5.567327076674868
1057.0,24.0,7.640407405028501,4.417636,6.739951,7.429460390890258
1057.0,25.0,-4.367021057872757,-2.905969,-3.941562,-4.577968072011
1057.0,29.0,-8.007294623563965,-7.790798,-6.469531,-8.218241637702208
1057.0,31.0,-13.523160097632418,-15.358462,-12.136886,-13.734107111770662
1058.0,2.0,1.7717276318612196,3.440968,2.119487,1.8953049912428732
1058.0,5.0,13.238289892953,10.736988,12.274713,13.361867252334655
1058.0,6.0,-0.5515608424574064,-3.42602,-0.30264,-0.42798348307575285
1058.0,12.0,2.212483674580924,3.189038,3.22144,2.3360610339625776
1058.0,19.0,5.39871493194225,5.330377,5.001952,5.522292291323903
1058.0,24.0,7.8254294920666565,4.3574,6.798454,7.94900685144831
1058.0,25.0,-5.017766037023352,-4.077998,-4.002628,-4.894188677641699
1058.0,29.0,-8.56153355136501,-5.730406,-6.532637,-8.437956191983355
1058.0,31.0,-13.588303911472055,0.606444,-12.242409,-13.4647265520904
1059.0,2.0,1.8845429809419354,2.477855,2.108959,1.742884988218121
1059.0,5.0,13.26731891764493,10.42079,12.293359,13.125660924921116
1059.0,6.0,-0.4867819315965437,1.209787,-0.371179,-0.6284399243203581
1059.0,12.0,2.3453692787137577,2.475997,3.256709,2.203711285989943
1059.0,19.0,5.5374073417614325,4.023153,4.920133,5.395749349037618
1059.0,24.0,7.7526308608548575,3.208012,6.899366,7.610972868131043
1059.0,25.0,-4.760671263524087,-4.715877,-3.964041,-4.902329256247902
1059.0,29.0,-8.052689314938405,-4.490409,-6.463349,-8.19434730766222
1059.0,31.0,-13.42116521309129,-10.087032,-12.254,-13.562823205815105
1060.0,2.0,2.286385191672111,0.821767,2.088227,2.096555459903999
1060.0,5.0,13.413791173798302,10.941063,12.290139,13.22396144203019
1060.0,6.0,0.2064518526762703,-0.420893,-0.409795,0.016622120908157956
1060.0,12.0,2.7271195833549298,0.641123,3.255535,2.5372898515868174
1060.0,19.0,5.7822053983110715,4.759014,4.881576,5.592375666542959
1060.0,24.0,7.723403221295542,3.779886,6.936372,7.53357348952743
1060.0,25.0,-4.1871099137373164,-3.667899,-3.959899,-4.376939645505429
1060.0,29.0,-7.9239742742050785,-7.281916,-6.440631,-8.11380400597319
1060.0,31.0,-13.525509461250051,-11.797407,-12.258035,-13.715339193018163
1061.0,2.0,2.1964138390495407,2.798978,2.081038,2.001398921788182
1061.0,5.0,13.42442277569063,11.578492,12.38959,13.229407858429271
1061.0,6.0,0.06784121929759912,0.767214,-0.436826,-0.12717369796375977
1061.0,12.0,2.6517847301631425,1.125813,3.264955,2.4567698129017836
1061.0,19.0,5.7503822640382145,4.346289,4.911114,5.555367346776856
1061.0,24.0,7.699577987362437,6.824015,7.004235,7.504563070101078
1061.0,25.0,-4.21304278829548,-4.7127,-4.011228,-4.408057705556839
1061.0,29.0,-7.882573862217707,-4.359289,-6.502654,-8.077588779479065
1061.0,31.0,-13.501351877865265,-16.419656,-12.372332,-13.696366795126623
1062.0,2.0,-0.4602116850252066,0.262333,2.070687,1.4051374550623832
1062.0,5.0,10.799401682982774,11.106557,12.46938,12.664750823070364
1062.0,6.0,-2.8527608417315626,-2.782718,-0.447418,-0.987411701643973
1062.0,12.0,0.507729856497951,-1.208614,3.258206,2.373078996585541
1062.0,19.0,4.404466776165539,4.243212,4.957038,6.269815916253129
1062.0,24.0,6.269071028418513,4.994436,7.03705,8.134420168506104
1062.0,25.0,-7.507907638836801,-9.010128,-4.071707,-5.642558498749211
1062.0,29.0,-10.478293082491264,-7.288501,-6.578582,-8.612943942403675
1063.0,2.0,-0.405380811996234,-2.997396,2.093899,1.357134416347554
1063.0,5.0,10.958206508658645,8.220107,12.569146,12.720721737002432
1063.0,6.0,-2.782560599302534,-4.646848,-0.466367,-1.020045370958746
1063.0,12.0,0.5318250504666223,-2.8023,3.308039,2.2943402788104104
1063.0,19.0,4.51291195140404,5.727839,4.967094,6.275427179747828
1063.0,24.0,6.375713394278594,1.161664,7.124807,8.138228622622382
1063.0,25.0,-7.510906424160237,-6.765681,-4.074063,-5.748391195816449
1063.0,29.0,-10.5084372824437,-9.577884,-6.594371,-8.74592205409991
1064.0,2.0,-0.39175819081732854,3.884921,2.146897,1.3123201505126936
1064.0,5.0,10.98403801830363,12.91474,12.659344,12.688116359633653
1064.0,6.0,-2.7751164183532717,-2.519417,-0.42238,-1.0710380770232497
1064.0,12.0,0.5566821743406613,3.554765,3.358254,2.2607605156706834
1064.0,19.0,4.59102543083187,5.1584,5.036744,6.295103772161892
1064.0,24.0,6.343166571426382,6.518555,7.144482,8.047244912756405
1064.0,25.0,-7.506869456373239,-6.623272,-4.077069,-5.802791115043217
1064.0,29.0,-10.50858909244262,-3.967445,-6.641471,-8.804510751112598
1065.0,2.0,2.1566362922455298,2.276764,2.240117,1.616636251786391
1065.0,5.0,13.674485943940896,15.267451,12.780407,13.134485903481757
1065.0,6.0,-0.021201172000963386,-4.398177,-0.351864,-0.5612012124601021
1065.0,12.0,2.63372719431866,4.36762,3.450028,2.0937271538595215
1065.0,19.0,5.738329348755108,3.23322,5.12416,5.198329308295969
1065.0,24.0,8.035869477110793,6.700708,7.17631,7.495869436651654
1065.0,25.0,-4.268477594259946,-3.475495,-4.051799,-4.808477634719084
1065.0,29.0,-7.90374126037318,-5.135277,-6.679598,-8.443741300832318
1065.0,31.0,-13.47255672933172,-11.002973,-12.704336,-14.012556769790859
1066.0,2.0,2.059229315577694,2.88067,2.289807,1.4976547380802394
1066.0,5.0,13.686760770847423,11.860487,12.864214,13.125186193349968
1066.0,6.0,-0.22208871306439193,-1.951151,-0.28794,-0.7836632905618465
1066.0,12.0,2.5773910950918193,0.761989,3.481107,2.0158165175943648
1066.0,19.0,5.780026079640339,7.962299,5.22408,5.218451502142885
1066.0,24.0,8.206531052119223,10.234802,7.159824,7.644956474621768
1066.0,25.0,-4.587727154040826,-3.174135,-4.076707,-5.149301731538281
1066.0,29.0,-8.006995934697136,-7.277347,-6.758324,-8.56857051219459
1066.0,31.0,-13.447877643014735,-17.335432,-12.774296,-14.00945222051219
1067.0,2.0,2.4044187341680914,6.374978,2.282703,1.970995132142165
1067.0,5.0,13.72575874801307,14.257374,12.885549,13.292335145987142
1067.0,6.0,0.2978510357238945,-0.197735,-0.288678,-0.13557256630203185
1067.0,12.0,2.834189857645515,4.487265,3.473278,2.4007662556195886
1067.0,19.0,5.775715654215385,9.84487,5.245061,5.342292052189459
1067.0,24.0,7.937321678959076,12.163397,7.161493,7.50389807693315
1067.0,25.0,-4.122811075073893,-2.648274,-4.101419,-4.55623467709982
1067.0,29.0,-7.790039223233893,-6.699502,-6.790283,-8.22346282525982
1067.0,31.0,-13.436398368229712,-17.682778,-12.805219,-13.86982197025564
1068.0,2.0,2.02233392423235,0.507627,2.318517,1.5949288910807784
1068.0,5.0,13.693626036638458,9.557321,12.847652,13.266221003486887
1068.0,6.0,-0.28338405538214506,-5.71512,-0.29554,-0.7107890885337166
1068.0,12.0,2.5105997816832293,-0.28135,3.535799,2.0831947485316578
1068.0,19.0,5.906822501078027,4.408635,5.173834,5.479417467926456
1068.0,24.0,7.878044014791985,7.712132,7.197945,7.450638981640413
1068.0,25.0,-4.37330821629928,-5.760455,-3.999184,-4.800713249450851
1068.0,29.0,-7.8886562482721585,-6.99479,-6.675576,-8.31606128142373
1068.0,31.0,-13.407674937983922,-12.670762,-12.726031,-13.835079971135492
1069.0,2.0,2.3426986414704,4.383174,2.335647,1.8334714971397585
1069.0,5.0,13.799662032345978,11.882815,12.781356,13.290434888015337
1069.0,6.0,0.30870774783587585,0.024389,-0.292209,-0.20051939649476547
1069.0,12.0,2.801796077333818,2.528357,3.563098,2.2925689330031767
1069.0,19.0,6.237020850789931,6.351323,5.120244,5.727793706459289
1069.0,24.0,7.863276692840757,7.03718,7.189561,7.354049548510115
1069.0,25.0,-4.0942883077579415,-3.325276,-3.923244,-4.603515452088583
1069.0,29.0,-7.8605879194752175,-4.662888,-6.587308,-8.36981506380586
1069.0,31.0,-13.43811190279255,-17.081435,-12.633893,-13.94733904712319
1070.0,2.0,2.7539622682268865,4.821179,2.304282,2.364050882083476
1070.0,5.0,13.889885578989617,12.013866,12.726793,13.499974192846206
1070.0,6.0,0.6534733189300165,1.166564,-0.288987,0.2635619327866058
1070.0,12.0,3.2082526522643358,1.272817,3.516741,2.818341266120925
1070.0,19.0,6.432044716421404,5.519502,5.125258,6.042133330277993
1070.0,24.0,7.867368121024312,5.466187,7.134171,7.477456734880901
1070.0,25.0,-3.966364278285308,-2.24966,-3.946487,-4.356275664428718
1070.0,29.0,-7.800607826388123,-4.191861,-6.60382,-8.190519212531534
1070.0,31.0,-13.468155741143532,-14.733277,-12.599989,-13.858067127286942
1071.0,2.0,2.5084855547917346,0.258862,2.271497,1.9850808879040085
1071.0,5.0,13.950683909360446,9.595213,12.642525,13.42727924247272
1071.0,6.0,0.4999841505056669,-3.292685,-0.293752,-0.02342051638205922
1071.0,12.0,2.9425797757035568,-1.106381,3.47435,2.4191751088158306
1071.0,19.0,6.224147166605484,4.847349,5.100735,5.700742499717759
1071.0,24.0,7.951898086536304,9.816,7.079556,7.428493419648579
1071.0,25.0,-4.0433833634438985,-3.490014,-3.944377,-4.566788030331624
1071.0,29.0,-7.809268994372913,-5.644137,-6.58375,-8.332673661260639
1071.0,31.0,-13.441832700790528,-18.310463,-12.530552,-13.965237367678254
1072.0,2.0,2.2370165656993573,4.207827,2.306936,1.6252897152496413
1072.0,5.0,13.879117429770195,12.179922,12.56668,13.26739057932048
1072.0,6.0,0.09026037200885717,-5.245757,-0.266041,-0.5214664784408588
1072.0,12.0,2.726880131216717,2.293783,3.511994,2.115153280767001
1072.0,19.0,6.109963892269126,7.062497,5.059307,5.49823704181941
1072.0,24.0,8.024345191306455,5.740874,7.049883,7.412618340856739
1072.0,25.0,-4.1737103724645985,-3.760833,-3.852101,-4.7854372229143145
1072.0,29.0,-7.86489887940366,-4.243707,-6.489126,-8.476625729853376
1072.0,31.0,-13.364004900659305,-13.44391,-12.417456,-13.97573175110902
1073.0,2.0,0.5915486261956929,1.009436,2.400976,2.041735133824966
1073.0,5.0,11.732210053737107,10.829315,12.525013,13.18239656136638
1073.0,6.0,-2.050701249224254,-6.560881,-0.202322,-0.600514741594981
1073.0,12.0,1.2564694921688977,1.501768,3.612179,2.7066559997981705
1073.0,19.0,4.562093991453258,6.753803,5.032833,6.0122804990825305
1073.0,24.0,6.779667031825283,9.657742,7.038202,8.229853539454556
1073.0,25.0,-6.207013562116369,-6.21967,-3.708682,-4.756827054487097
1073.0,29.0,-9.95106492229918,-5.61216,-6.36748,-8.500878414669907
1073.0,31.0,-14.998992347148661,-15.702533,-12.3005,-13.548805839519389
1074.0,2.0,0.6229056164686478,4.785253,2.495474,2.060741144347026
1074.0,5.0,11.719382519024256,10.219982,12.464812,13.157218046902635
1074.0,6.0,-2.124274562427299,-1.19663,-0.133018,-0.6864390345489211
1074.0,12.0,1.3355626844375728,2.268595,3.709263,2.773398212315951
1074.0,19.0,4.533984461155046,7.078727,5.002785,5.971819989033424
1074.0,24.0,6.738065513131635,4.561957,7.012163,8.175901041010013
1074.0,25.0,-6.191321356986875,-1.965522,-3.557547,-4.753485829108497
1074.0,29.0,-9.86461161653597,-5.643778,-6.236806,-8.426776088657594
1074.0,31.0,-14.891008361782822,-11.130308,-12.163126,-13.453172833904443
1075.0,2.0,0.45215406690701865,1.472697,2.610103,1.8533714904829597
1075.0,5.0,11.704984496694513,11.850731,12.436669,13.106201920270454
1075.0,6.0,-2.228006918989303,-5.646216,-0.050407,-0.8267894954133621
1075.0,12.0,1.2082690894637942,2.786195,3.826852,2.609486513039735
1075.0,19.0,4.410279713532216,5.897155,4.992097,5.811497137108157
1075.0,24.0,6.84758031162245,4.821726,6.997622,8.24879773519839
1075.0,25.0,-6.221050571547539,-3.561548,-3.403465,-4.819833147971599
1075.0,29.0,-9.855935745400194,-2.270627,-6.116694,-8.454718321824252
1075.0,31.0,-14.959787270782344,-19.221353,-12.048287,-13.558569847206403
1076.0,2.0,0.2089668164763897,5.192762,2.714328,1.5563491700417642
1076.0,5.0,11.735323696396916,13.00818,12.428488,13.08270604996229
1076.0,6.0,-2.47267550830872,-4.559387,0.011393,-1.1252931547433456
1076.0,12.0,1.0249452818091003,0.714629,3.943278,2.372327635374475
1076.0,19.0,4.205303204279539,4.775498,4.972873,5.552685557844914
1076.0,24.0,6.878782770851531,5.381972,7.010597,8.226165124416905
1076.0,25.0,-6.274216048115018,0.487338,-3.261471,-4.926833694549643
1076.0,29.0,-9.714489560669856,-5.822538,-6.00252,-8.367107207104482
1076.0,31.0,-14.914630952726332,-13.74972,-11.96019,-13.567248599160958
1077.0,2.0,0.31833231938776396,-1.487332,2.512273,1.5660857797837635
1077.0,5.0,11.7991395235085,11.127765,12.259098,13.0468929839045
1077.0,6.0,-2.3206405122109626,-1.70094,-0.091689,-1.072887051814963
1077.0,12.0,1.065300604408332,1.322764,3.715632,2.313054064804332
1077.0,19.0,4.35047860798566,4.995742,4.922364,5.59823206838166
1077.0,24.0,6.998503920195845,5.687561,6.899749,8.246257380591844
1077.0,25.0,-6.230758743953184,-5.634096,-3.422266,-4.983005283557184
1077.0,29.0,-9.707552908982159,-7.688987,-6.08169,-8.459799448586159
1077.0,31.0,-14.838324323808974,-16.948244,-11.919393,-13.590570863412974
1078.0,2.0,-1.3699977940589863,4.682085,2.501259,1.2133483734225914
1078.0,5.0,10.040847062394505,14.521585,12.27677,12.624193229876083
1078.0,6.0,-3.7345916905062513,-2.824019,-0.094204,-1.1512455230246736
1078.0,12.0,-0.1767299039799931,-0.814826,3.70308,2.4066162635015846
1078.0,19.0,3.987868865230758,3.298447,4.942381,6.5712150327123355
1078.0,24.0,5.601250620958791,7.097899,6.898706,8.18459678844037
1078.0,25.0,-8.068912701311488,-6.400958,-3.450161,-5.48556653382991
1078.0,29.0,-11.80214900791699,-4.763877,-6.115146,-9.218802840435412
1079.0,2.0,-1.3949447822065277,1.325415,2.442449,1.2383177907580905
1079.0,5.0,10.013575675714536,9.308307,12.267933,12.646838248679154
1079.0,6.0,-3.812244401855348,-2.929301,-0.129545,-1.1789818288907297
1079.0,12.0,-0.1744758783834427,0.056286,3.641955,2.4587866945811756
1079.0,19.0,3.885070545980806,7.15906,4.945729,6.518333118945424
1079.0,24.0,5.570039356211985,3.012312,6.888783,8.203301929176604
1079.0,25.0,-8.104209611489285,-3.796554,-3.517259,-5.470947038524667
1079.0,29.0,-11.757136447292567,-8.550498,-6.166532,-9.123873874327948
1080.0,2.0,-1.4457840999696723,2.779869,2.371707,1.1942625319443936
1080.0,5.0,10.007726062812175,13.394216,12.241628,12.64777269472624
1080.0,6.0,-3.838197511685988,-0.905233,-0.183283,-1.198150879771922
1080.0,12.0,-0.18228270381312506,3.895709,3.576172,2.457763928100941
1080.0,19.0,3.8394479155114403,5.059764,4.922335,6.479494547425507
1080.0,24.0,5.58307221190474,8.297637,6.888623,8.223118843818806
1080.0,25.0,-8.082676681958498,-3.545482,-3.576566,-5.442630050044432
1080.0,29.0,-11.73467417681939,-6.502199,-6.196702,-9.094627544905324
1081.0,2.0,-1.3932778249976776,0.17938,2.404911,1.2086961752405267
1081.0,5.0,10.006988207913377,9.401373,12.266685,12.608962208151581
1081.0,6.0,-3.867240616133034,-4.455461,-0.157292,-1.2652666158948298
1081.0,12.0,-0.15304745354586935,0.628041,3.610135,2.448926546692335
1081.0,19.0,3.9182109856586864,3.641673,4.944112,6.520184985896891
1081.0,24.0,5.525998450253211,10.000376,6.892926,8.127972450491416
1081.0,25.0,-8.092413396816513,-2.950209,-3.554783,-5.490439396578308
1081.0,29.0,-11.697820200460063,-7.699317,-6.195152,-9.095846200221859
1082.0,2.0,-1.383672882665186,-1.353274,2.378747,1.3261561013516694
1082.0,5.0,10.035521707206215,9.229647,12.217997,12.74535069122307
1082.0,6.0,-3.858056751866072,-2.42178,-0.171934,-1.1482277678492165
1082.0,12.0,-0.15133715427823902,-0.702022,3.584146,2.5584918297386166
1082.0,19.0,3.8289533204013555,3.667083,4.919646,6.538782304418211
1082.0,24.0,5.509160901909506,8.121161,6.872244,8.218989885926362
1082.0,25.0,-8.105719915113553,-6.651049,-3.554405,-5.395890931096698
1082.0,29.0,-11.692894910576321,-8.301652,-6.179095,-8.983065926559465
1083.0,2.0,-1.3590645080425992,4.043932,2.375607,2.048816195014958
1083.0,5.0,10.149713816882869,16.335971,12.154233,13.557594519940427
1083.0,6.0,-3.868676269773329,-2.415598,-0.141124,-0.4607955667157717
1083.0,12.0,-0.1474152702031103,7.235346,3.560577,3.260465432854447
1083.0,19.0,3.3496355891318506,5.003732,4.931369,6.757516292189408
1083.0,24.0,5.663118696161259,13.802499,6.801151,9.070999399218817
1083.0,25.0,-8.295196597829644,-1.715244,-3.546337,-4.887315894772087
1083.0,29.0,-11.741693301958279,-4.414366,-6.17525,-8.333812598900721
1084.0,2.0,0.8652310539330478,-1.850552,2.602939,2.0311021097595305
1084.0,5.0,12.06756404326272,8.321767,12.235783,13.233435099089203
1084.0,6.0,-1.6718929116028782,-2.056995,-0.005619,-0.5060218557763956
1084.0,12.0,1.3463009122511993,-0.056059,3.80951,2.512171968077682
1084.0,19.0,4.960728762653999,2.285217,4.951766,6.126599818480482
1084.0,24.0,7.268475999734428,6.187158,6.860433,8.434347055560911
1084.0,25.0,-6.086211863081517,-7.861292,-3.306795,-4.920340807255034
1084.0,29.0,-9.886230367436857,-9.172635,-6.017331,-8.720359311610375
1084.0,31.0,-15.093205155649205,-2.879328,-11.831419,-13.927334099822723
1085.0,2.0,-1.5700694334364176,6.921716,2.74824,0.22092192277129463
1085.0,5.0,10.22916968804497,13.553668,12.209817,12.020161044252681
1085.0,6.0,-3.7983018937579063,0.805928,0.084021,-2.007310537550194
1085.0,12.0,-0.3192459552744139,4.256977,3.968229,1.4717454009332984
1085.0,19.0,3.948484078629458,6.359192,4.920544,5.73947543483717
1085.0,24.0,5.846025865663727,7.97907,6.867518,7.63701722187144
1085.0,25.0,-7.984737718912808,-2.036494,-3.103442,-6.193746362705096
1085.0,29.0,-11.59332248227123,-4.829974,-5.850241,-9.802331126063518
1086.0,2.0,0.7046927604576129,3.123317,2.979852,1.5866237091320614
1086.0,5.0,12.247284811434346,11.791885,12.319435,13.129215760108794
1086.0,6.0,-1.930866903726904,-6.514224,0.22029,-1.0489359550524555
1086.0,12.0,1.4823308841411498,0.139395,4.222735,2.364261832815598
1086.0,19.0,4.866122688531669,4.986101,4.955231,5.748053637206118
1086.0,24.0,7.048815321441707,7.343322,6.939334,7.930746270116156
1086.0,25.0,-5.940974126864442,-2.495003,-2.875375,-5.059043178189993
1086.0,29.0,-9.42336172669302,-6.110019,-5.710524,-8.541430778018572
1086.0,31.0,-14.31976861192338,-13.887418,-11.644895,-13.437837663248931
1087.0,2.0,0.6802373376869147,0.129358,2.901295,2.1048535428734265
1087.0,5.0,11.767387157627256,9.384416,12.288602,13.192003362813768
1087.0,6.0,-2.2784540464052156,-9.029827,0.253614,-0.853837841218704
1087.0,12.0,1.5171415753133335,-1.415969,4.082518,2.941757780499845
1087.0,19.0,4.045500392877559,5.516405,5.071604,5.47011659806407
1087.0,24.0,6.432512860638393,19.698038,6.796436,7.857129065824904
1087.0,25.0,-6.01303184632427,-2.391111,-3.034325,-4.588415641137758
1087.0,29.0,-9.43118225961473,-4.565537,-5.887205,-8.006566054428218
1087.0,31.0,-14.391979736324828,-16.103781,-11.691244,-12.967363531138316
1088.0,2.0,0.4884351775492036,-4.632486,2.295102,2.207487380973639
1088.0,5.0,11.9668547968654,8.450244,11.789137,13.685907000289834
1088.0,6.0,-2.728034117635377,-8.068551,0.01263,-1.008981914210942
1088.0,12.0,1.177722524224749,-7.685723,3.344606,2.896774727649184
1088.0,19.0,2.9705935320590893,-6.489494,5.028887,4.689645735483524
1088.0,24.0,6.635012929074908,21.158033,6.362625,8.354065132499343
1088.0,25.0,-6.337403321694231,-12.985908,-3.597443,-4.618351118269796
1088.0,29.0,-9.408739965842235,-11.529314,-6.239766,-7.6896877624178
1088.0,31.0,-14.527248160667417,-6.737529,-11.601179,-12.808195957242983
1089.0,2.0,-1.8993928148173849,5.740621,0.861896,1.0523398739964236
1089.0,5.0,7.074906794702265,16.674747,11.676766,10.026639483516075
1089.0,6.0,-4.791209791463847,-9.095469,-1.123404,-1.8394771026500383
1089.0,12.0,-1.329672799805147,6.522334,1.99262,1.6220598890086615
1089.0,24.0,2.81043522854033,0.046352,6.562625,5.762167917354138
1089.0,25.0,-7.168707595812767,3.221821,-5.077473,-4.216974906998958
1089.0,29.0,-9.003144776140848,-15.313311,-7.161796,-6.05141208732704
1089.0,31.0,-13.583055304327976,-10.174535,-12.467162,-10.631322615514168
1090.0,2.0,-0.3441591104321261,-1.098322,-1.666394,2.969681866214487
1090.0,5.0,11.623254939413696,28.720308,11.935058,14.93709591606031
1090.0,6.0,-3.595523713830369,-20.934188,-3.455491,-0.28168273718375625
1090.0,12.0,0.22278060035054448,-1.317476,-0.162318,3.5366215769971574
1090.0,19.0,2.21036137067464,4.958028,3.978208,5.524202347321253
1090.0,25.0,-7.073164125451721,-4.700398,-7.664974,-3.7593231488051084
1090.0,29.0,-10.17998836284511,-7.436633,-8.692648,-6.866147386198497
1090.0,31.0,-14.492323433308577,-27.121458,-14.430938,-11.178482456661964
1091.0,2.0,1.1057538850335877,0.773783,-2.257925,2.060635516727113
1091.0,5.0,12.561407907168729,14.139086,11.674557,13.516289538862253
1091.0,6.0,-1.272384314946562,-0.282176,-3.839095,-0.31750268325303654
1091.0,12.0,1.4672823523140703,0.064901,-0.77724,2.4221639840075957
1091.0,19.0,5.407201819377658,1.779917,3.851378,6.362083451071183
1091.0,24.0,7.264554344244519,10.720511,7.453301,8.219435975938044
1091.0,25.0,-5.8706114659220825,-6.576238,-8.217084,-4.915729834228557
1091.0,29.0,-9.757689446912373,-5.925174,-9.012303,-8.802807815218848
1091.0,31.0,-14.933338394485979,-20.406729,-14.564898,-13.978456762792455
1092.0,2.0,1.2353658428244545,0.678169,0.407331,1.8505940758169341
1092.0,5.0,12.455184937815785,12.1588,11.448285,13.070413170808266
1092.0,6.0,-1.0935348132141032,-6.379793,-1.325505,-0.47830658022162353
1092.0,12.0,1.7641433275523166,0.741834,1.459165,2.3793715605447963
1092.0,19.0,5.560739075628787,3.764665,4.757783,6.175967308621266
1092.0,24.0,7.208592251012841,8.859844,6.323003,7.823820484005321
1092.0,25.0,-5.6680837840511495,-9.451467,-5.571967,-5.05285555105867
1092.0,29.0,-9.370990903315754,-8.989812,-7.525978,-8.755762670323275
1092.0,31.0,-14.374292891524911,-10.519783,-12.5644,-13.75906465853243
1093.0,2.0,1.2037136457209856,1.153745,0.524256,1.6157051566404026
1093.0,5.0,12.774042622738678,7.131064,11.417652,13.186034133658096
1093.0,6.0,-0.9597425180819191,-7.655081,-1.300095,-0.5477510071625021
1093.0,12.0,1.5470561150316247,-1.078429,1.621081,1.9590476259510416
1093.0,19.0,6.039315388584828,4.892997,4.654652,6.451306899504244
1093.0,24.0,7.623562044100125,14.148453,6.39717,8.035553555019542
1093.0,25.0,-5.763954134351105,-4.902089,-5.354316,-5.351962623431689
1093.0,29.0,-9.79895058324571,-7.256578,-7.310145,-9.386959072326293
1093.0,31.0,-14.72049665160577,-16.837156,-12.427654,-14.308505140686352
1094.0,2.0,1.076065221556184,5.536975,0.624297,1.5043165982972817
1094.0,5.0,12.683972283219695,11.58357,11.428101,13.112223659960794
1094.0,6.0,-1.4599830362750845,-1.029846,-1.216,-1.0317316595339867
1094.0,12.0,1.7152543997856622,3.866917,1.714707,2.14350577652676
1094.0,19.0,5.263296156368138,8.283359,4.68595,5.691547533109237
1094.0,24.0,6.797730965634092,9.273016,6.37795,7.22598234237519
1094.0,25.0,-5.177047210280204,-3.212667,-5.255443,-4.748795833539106
1094.0,29.0,-8.699436375236203,-6.036413,-7.255694,-8.271184998495105
1094.0,31.0,-14.266450693080513,-12.486651,-12.371705,-13.838199316339415
1095.0,2.0,1.0019985720852684,0.22221,0.689233,1.4105582459671004
1095.0,5.0,12.617159911221643,10.221284,11.470039,13.025719585103475
1095.0,6.0,-1.501874592144004,-4.646916,-1.123823,-1.093314918262172
1095.0,12.0,1.702570879930331,0.239344,1.748965,2.111130553812163
1095.0,19.0,5.339282886060342,1.729984,4.786903,5.747842559942175
1095.0,24.0,7.153228120085958,8.39803,6.320404,7.56178779396779
1095.0,25.0,-5.557799101386575,-3.20182,-5.252166,-5.149239427504742
1095.0,29.0,-8.923645342719803,-4.402788,-7.310726,-8.51508566883797
1095.0,31.0,-14.229442205546716,-15.267947,-12.387472,-13.820882531664884
1096.0,2.0,1.2215249202992675,0.763761,0.684287,1.542879799739015
1096.0,5.0,12.738514610174203,13.279769,11.529438,13.05986948961395
1096.0,6.0,-1.1900409981527895,-8.719088,-1.134406,-0.8686861187130421
1096.0,12.0,1.8180071332544783,2.162223,1.75117,2.1393620126942254
1096.0,19.0,5.70764133930773,6.458421,4.814586,6.028996218747477
1096.0,24.0,7.259345590431564,4.091814,6.35278,7.580700469871311
1096.0,25.0,-5.4232431679911315,-6.558953,-5.288615,-5.101888288551384
1096.0,29.0,-8.961517455192958,-7.139341,-7.3579,-8.64016257575321
1096.0,31.0,-14.262209239981546,-16.855512,-12.458288,-13.940854360541799
1097.0,2.0,1.1761656257193103,2.963512,0.676413,1.5981442778729504
1097.0,5.0,12.681740162054941,10.140345,11.568649,13.103718814208582
1097.0,6.0,-1.319828012470028,-6.262306,-1.133846,-0.8978493603163877
1097.0,12.0,1.8417233418356256,0.913611,1.741109,2.2637019939892657
1097.0,19.0,5.4971216903249465,7.217113,4.849816,5.919100342478586
1097.0,24.0,7.182149332581007,5.709023,6.358272,7.604127984734648
1097.0,25.0,-5.499994935822621,-4.593988,-5.328323,-5.0780162836689815
1097.0,29.0,-8.966038096752657,-5.33245,-7.409804,-8.544059444599016
1097.0,31.0,-14.239180803438906,-18.062987,-12.511617,-13.817202151285265
1098.0,2.0,1.227721138871793,0.57344,0.725404,1.633071284275014
1098.0,5.0,12.730787845227313,11.542232,11.637937,13.136137990630534
1098.0,6.0,-1.2907788907917075,-3.61874,-1.120207,-0.8854287453884866
1098.0,12.0,1.9140965639702747,0.999315,1.807586,2.3194467093734956
1098.0,19.0,5.450024046690607,5.098373,4.863837,5.855374192093828
1098.0,24.0,7.180855195780915,9.261658,6.413239,7.586205341184137
1098.0,25.0,-5.373017411071878,-5.108341,-5.293979,-4.967667265668657
1098.0,29.0,-8.846464009051267,-6.844846,-7.398532,-8.441113863648047
1098.0,31.0,-14.211273466711635,-18.15131,-12.550859,-13.805923321308414
1099.0,2.0,1.0599703941388219,-0.343567,0.75445,1.4612157842694633
1099.0,5.0,12.755535425218152,10.729013,11.690491,13.156780815348794
1099.0,6.0,-1.4704462678407761,-2.428911,-1.159243,-1.0692008777101347
1099.0,12.0,1.7432983147728525,2.486315,1.881986,2.144543704903494
1099.0,19.0,5.273168776130571,5.108637,4.8072,5.6744141662612115
1099.0,24.0,7.254692761507835,7.684194,6.522128,7.655938151638477
1099.0,25.0,-5.499206065277133,-2.624358,-5.232739,-5.097960675146492
1099.0,29.0,-8.856423153280796,-7.981669,-7.329017,-8.455177763150154
1099.0,31.0,-14.244065258211089,-11.558931,-12.573562,-13.842819868080447
1100.0,2.0,1.0685249290751209,3.904817,0.792185,1.3823898850456229
1100.0,5.0,12.692205788668655,10.473473,11.751404,13.006070744639157
1100.0,6.0,-1.5332415505436714,-4.05551,-1.164542,-1.2193765945731694
1100.0,12.0,1.9297874553428676,1.817453,1.945185,2.2436524113133696
1100.0,19.0,5.159145754078833,6.81499,4.798675,5.473010710049335
1100.0,24.0,7.171772246775311,10.440161,6.591401,7.485637202745814
1100.0,25.0,-5.075919231561412,-1.391908,-5.194804,-4.762054275590909
1100.0,29.0,-8.506515807106757,-7.651979,-7.302613,-8.192650851136255
1100.0,31.0,-14.094523587018964,-16.608176,-12.607871,-13.780658631048462
1101.0,2.0,1.0738514952221223,-0.910174,0.784944,1.3712670866222074
1101.0,5.0,12.777636534616487,11.842493,11.768934,13.075052126016573
1101.0,6.0,-1.4711751764493872,-4.160368,-1.177626,-1.1737595850493021
1101.0,12.0,1.9143857297000721,-1.134752,1.946188,2.2118013211001575
1101.0,19.0,5.241469645812182,3.775155,4.798492,5.538885237212267
1101.0,24.0,7.284900190169076,7.595041,6.611021,7.582315781569162
1101.0,25.0,-5.086009068357691,-9.280996,-5.204898,-4.7885934769576055
1101.0,29.0,-8.564449097652203,-8.046312,-7.312398,-8.267033506252117
1101.0,31.0,-14.160533740683482,-16.043471,-12.631275,-13.863118149283396
1102.0,2.0,0.9886506527242299,-0.046517,0.824215,1.3767387635486923
1102.0,5.0,12.780937241108955,9.853515,11.80811,13.169025351933417
1102.0,6.0,-1.692336242510267,-5.439962,-1.154423,-1.3042481316858048
1102.0,12.0,1.832244538960663,2.12966,1.991352,2.2203326497851252
1102.0,19.0,4.9140968086500445,5.558872,4.818558,5.302184919474507
1102.0,24.0,7.278084965609782,7.670672,6.631002,7.666173076434244
1102.0,25.0,-5.318174494940917,-6.152631,-5.178335,-4.930086384116454
1102.0,29.0,-8.61942364567212,-8.152761,-7.307604,-8.231335534847657
1102.0,31.0,-14.15791326456884,-2.027858,-12.647256,-13.769825153744378
1103.0,2.0,1.0084848391710475,1.197078,0.81591,1.260557956211822
1103.0,5.0,12.877466879257481,13.6343,11.825267,13.129539996298256
1103.0,6.0,-1.5021805878501207,-4.497139,-1.180842,-1.250107470809346
1103.0,12.0,1.788226938964816,-0.28235,2.000397,2.0403000560055906
1103.0,19.0,5.280764000963702,3.903159,4.798705,5.532837118004476
1103.0,24.0,7.421899754852966,7.900861,6.669734,7.67397287189374
1103.0,25.0,-5.268753038130994,-5.659574,-5.176655,-5.016679921090219
1103.0,29.0,-8.671188761066777,-9.329279,-7.298385,-8.419115644026002
1103.0,31.0,-14.233470439650413,-8.297774,-12.667243,-13.981397322609638
1104.0,2.0,-1.047717701488434,2.262945,0.875385,1.3751586514159788
1104.0,5.0,10.981413154938057,8.249639,11.88678,13.40428950784247
1104.0,6.0,-3.6516244518021805,-4.297949,-1.140711,-1.2287480988977677
1104.0,12.0,0.36579875047186483,0.658023,2.06382,2.7886751033762778
1104.0,19.0,4.4342722686640546,7.550457,4.837555,6.857148621568467
1104.0,24.0,6.547099998780607,2.553336,6.69246,8.96997635168502
1104.0,25.0,-8.111445068442233,-3.592597,-5.143974,-5.68856871553782
1104.0,29.0,-11.533513879949268,-6.191619,-7.300784,-9.110637527044855
1105.0,2.0,-1.0881392268594032,1.049147,0.91024,1.3492347449381192
1105.0,5.0,10.929163223091361,10.166492,11.921866,13.366537194888885
1105.0,6.0,-3.7353717033797365,-2.742891,-1.110232,-1.297997731582214
1105.0,12.0,0.3639576571782309,0.177001,2.09709,2.8013316289757535
1105.0,19.0,4.355615621741449,5.961464,4.870953,6.792989593538971
1105.0,24.0,6.459368595624537,3.706584,6.695329,8.89674256742206
1105.0,25.0,-8.166230300884182,-6.494601,-5.130351,-5.72885632908666
1105.0,29.0,-11.435585412745267,-7.299364,-7.312181,-8.998211440947745
1106.0,2.0,1.4102396689919603,-1.861359,0.85394,1.5092170486507683
1106.0,5.0,13.055071783661711,7.650584,11.910631,13.154049163320519
1106.0,6.0,-0.9398766982743362,-7.626995,-1.135397,-0.8408993186155281
1106.0,12.0,2.1892160911737584,-0.564459,2.032703,2.2881934708325664
1106.0,19.0,5.63241071418719,5.461404,4.886101,5.7313880938459985
1106.0,24.0,7.416071861886489,8.101551,6.672661,7.515049241545297
1106.0,25.0,-4.800641292596109,-8.951566,-5.201661,-4.701663912937301
1106.0,29.0,-8.456957661839901,-7.812884,-7.372718,-8.357980282181092
1106.0,31.0,-14.182692796867311,-13.927691,-12.745012,-14.083715417208502
1107.0,2.0,1.308103656828835,3.197887,0.887702,1.518706012917788
1107.0,5.0,13.059556161919655,13.933856,11.92485,13.270158518008609
1107.0,6.0,-1.1298625803641915,1.416649,-1.114598,-0.9192602242752383
1107.0,12.0,2.1125221070820075,2.765967,2.07146,2.3231244631709607
1107.0,19.0,5.553528628437689,5.030505,4.89251,5.764130984526641
1107.0,24.0,7.447374569202593,10.863147,6.682051,7.657976925291546
1107.0,25.0,-4.930874850598037,-3.735708,-5.166321,-4.720272494509084
1107.0,29.0,-8.650521530876942,-5.678934,-7.352259,-8.439919174787988
1107.0,31.0,-14.237364056668381,-20.412026,-12.736295,-14.026761700579428
1108.0,2.0,1.2585280931843013,7.517755,0.944391,1.4195446732402353
1108.0,5.0,13.042092929418935,12.529405,11.950396,13.203109509474869
1108.0,6.0,-1.2158097221418709,-3.789631,-1.106545,-1.0547931420859369
1108.0,12.0,2.1622811009207075,4.388651,2.154114,2.3232976809766415
1108.0,19.0,5.27566273915699,5.348036,4.862045,5.436679319212924
1108.0,24.0,7.425541254404302,12.28852,6.738491,7.586557834460236
1108.0,25.0,-4.831664923008662,-4.390152,-5.082254,-4.670648342952728
1108.0,29.0,-8.364856620631942,-4.306641,-7.277547,-8.203840040576008
1108.0,31.0,-14.05968531911256,-9.758627,-12.715483,-13.898668739056626
1109.0,2.0,1.2752468158985932,-0.818704,1.050153,1.3571273641154917
1109.0,5.0,13.117291718052154,9.885482,12.023516,13.199172266269052
1109.0,6.0,-1.086423132970224,-3.362626,-1.113716,-1.0045425847533256
1109.0,12.0,2.0846380758480363,0.809405,2.321883,2.166518624064935
1109.0,19.0,5.325475261236993,9.233119,4.786039,5.407355809453891
1109.0,24.0,7.622784790898296,6.455992,6.885193,7.704665339115195
1109.0,25.0,-4.822674319534291,-6.351566,-4.921693,-4.740793771317392
1109.0,29.0,-8.418741804994536,-8.394943,-7.126612,-8.336861256777638
1109.0,31.0,-14.17204215201702,-16.052369,-12.699552,-14.090161603800123
1110.0,2.0,1.4740705181408815,3.07704,1.085374,1.7521649043682994
1110.0,5.0,12.968195781056874,13.202514,12.051186,13.246290167284291
1110.0,6.0,-1.0468099347004607,-1.394726,-1.147666,-0.7687155484730428
1110.0,12.0,2.3645111226974,-0.827534,2.402392,2.642605508924818
1110.0,19.0,5.153946940952074,2.16172,4.714949,5.432041327179492
1110.0,24.0,7.487070576022057,-1.542531,6.98405,7.765164962249475
1110.0,25.0,-4.73710420736949,-3.695334,-4.836945,-4.459009821142072
1110.0,29.0,-8.242864952442387,-5.719431,-7.030331,-7.96477056621497
1110.0,31.0,-14.06870224302567,-14.970602,-12.688647,-13.790607856798253
1111.0,2.0,1.5321550369252943,-0.726093,1.038943,1.8400153765541982
1111.0,5.0,12.843408939604016,9.148789,12.001965,13.15126927923292
1111.0,6.0,-0.992768057413839,-3.940682,-1.145958,-0.6849077177849351
1111.0,12.0,2.442608916868596,-3.133035,2.333789,2.7504692564975
1111.0,19.0,5.348729992642343,2.686446,4.736988,5.6565903322712465
1111.0,24.0,7.597148066323105,12.867763,6.917714,7.9050084059520085
1111.0,25.0,-4.725865073825916,-7.707699,-4.891459,-4.418004734197012
1111.0,29.0,-8.261052721412032,-8.518742,-7.078973,-7.953192381783127
1111.0,31.0,-14.168563463672964,-17.133652,-12.675321,-13.86070312404406
1112.0,2.0,0.8546011181016108,1.515767,1.106387,1.531765212855679
1112.0,5.0,11.544505284421865,10.506,12.045462,12.221669379175934
1112.0,6.0,-1.4217655105346658,-7.620789,-1.132153,-0.7446014157805976
1112.0,12.0,1.8120336790917868,-2.44053,2.428516,2.489197773845855
1112.0,19.0,3.8019736116039993,4.498197,4.715317,4.479137706358068
1112.0,24.0,7.188691200287742,7.498324,6.982516,7.86585529504181
1112.0,25.0,-4.497241689261258,-6.675584,-4.80478,-3.8200775945071896
1112.0,29.0,-7.810950189743743,-7.156639,-7.00847,-7.133786094989675
1112.0,31.0,-13.152910972592876,-14.306228,-12.666927,-12.475746877838807
1113.0,2.0,0.9804373377750161,-2.168255,0.988297,1.5531960593799932
1113.0,5.0,11.666096897456676,7.523865,11.977483,12.238855619061653
1113.0,6.0,-1.2433598077938068,-6.573866,-1.170083,-0.6706010861888299
1113.0,12.0,1.8408136236567394,-3.309166,2.280058,2.4135723452617164
1113.0,19.0,4.011022383227207,6.073731,4.740563,4.583781104832184
1113.0,24.0,7.306615401484016,7.321389,6.896039,7.879374123088993
1113.0,25.0,-4.472640674862357,-8.068445,-4.942125,-3.8998819532573803
1113.0,29.0,-7.86588903615264,-6.625508,-7.118214,-7.293130314547663
1113.0,31.0,-13.253953647402449,-28.996135,-12.687106,-12.681194925797472
1114.0,2.0,1.049246851340218,5.216228,0.928656,1.7376317164808885
1114.0,5.0,11.653643076055689,11.392539,11.931156,12.34202794119636
1114.0,6.0,-1.1151709738510753,-0.499674,-1.180179,-0.4267861087104048
1114.0,12.0,1.8779781181317663,5.958979,2.199923,2.5663629832724366
1114.0,19.0,3.9723017763065016,5.800345,4.760286,4.660686641447172
1114.0,24.0,7.205286662413983,8.020439,6.83508,7.893671527554654
1114.0,25.0,-4.46935468123391,-2.038579,-5.011646,-3.78096981609324
1114.0,29.0,-7.856374882358506,-4.946644,-7.176912,-7.167990017217836
1114.0,31.0,-13.251576402921986,-4.573855,-12.686088,-12.563191537781314
1115.0,2.0,0.9475432067498905,5.485513,0.989107,1.549469062730986
1115.0,5.0,11.673170646283056,13.195031,11.928106,12.275096502264152
1115.0,6.0,-1.3386515915747204,-2.445797,-1.117646,-0.7367257355936248
1115.0,12.0,1.833808377847971,3.268339,2.248995,2.4357342338290664
1115.0,19.0,3.995417136384853,4.974696,4.791688,4.597342992365949
1115.0,24.0,7.302996676710056,7.21281,6.802463,7.904922532691152
1115.0,25.0,-4.510314769673099,-1.705344,-4.95662,-3.9083889136920034
1115.0,29.0,-7.8591453968015985,-5.674441,-7.153592,-7.257219540820503
1115.0,31.0,-13.185246108006563,-7.29042,-12.644623,-12.583320252025468
1116.0,2.0,0.9980664203019306,2.763334,1.003559,1.6469824985649253
1116.0,5.0,11.66397623711387,10.642207,11.905783,12.312892315376864
1116.0,6.0,-1.2424752269719352,-4.065922,-1.08154,-0.5935591487089407
1116.0,12.0,1.8720621874987033,-0.038708,2.247553,2.520978265761698
1116.0,19.0,4.0197767486378995,7.275095,4.819041,4.6686928269008945
1116.0,24.0,7.287633676855385,4.219837,6.755938,7.93654975511838
1116.0,25.0,-4.504149033434825,-4.987858,-4.948936,-3.85523295517183
1116.0,29.0,-7.871212187937551,-7.84413,-7.1614,-7.222296109674556
1116.0,31.0,-13.16699797244458,-14.215733,-12.615935,-12.518081894181586
1117.0,2.0,-0.9507779940140654,0.080691,1.011839,1.504237875436416
1117.0,5.0,9.557288215778923,10.033185,11.886474,12.012304085229404
1117.0,6.0,-3.216098753623192,-2.962167,-1.067248,-0.7610828841727106
1117.0,12.0,0.3914698179040722,-1.555624,2.252526,2.8464856873545537
1117.0,19.0,3.5156153752793387,3.692811,4.821221,5.9706312447298195
1117.0,24.0,5.92210873086603,-1.512049,6.73729,8.377124600316511
1117.0,25.0,-7.10630440496912,-2.58761,-4.932787,-4.651288535518638
1117.0,29.0,-10.364070013349851,-6.282819,-7.150055,-7.90905414389937
1118.0,2.0,1.294982978102622,4.854484,1.065326,1.8541503252136686
1118.0,5.0,11.913883757932627,12.492963,11.900038,12.473051105043673
1118.0,6.0,-1.0753422932407757,-0.701019,-0.996088,-0.5161749461297291
1118.0,12.0,2.015778223166733,2.917548,2.284646,2.5749455702777797
1118.0,19.0,4.370801890873617,4.622575,4.883851,4.929969237984663
1118.0,24.0,7.551337530170192,9.077959,6.689946,8.110504877281238
1118.0,25.0,-4.412886629357269,-3.507984,-4.910826,-3.8537192822462223
1118.0,29.0,-7.99458348200993,-3.766768,-7.168771,-7.435416134898883
1118.0,31.0,-13.24542020144949,-20.645802,-12.577029,-12.686252854338443
1119.0,2.0,1.2479812884172103,6.286692,1.115559,1.813173765628178
1119.0,5.0,11.985045550537818,11.948701,11.918772,12.550238027748785
1119.0,6.0,-1.1671374088528115,-1.845329,-0.948724,-0.6019449316418439
1119.0,12.0,1.9499738057791545,3.738499,2.329042,2.515166282990122
1119.0,19.0,4.257286775333562,9.048378,4.916514,4.82247925254453
1119.0,24.0,7.479766414330588,14.468704,6.677236,8.044958891541556
1119.0,25.0,-4.540682820188734,-3.855651,-4.874281,-3.975490342977767
1119.0,29.0,-7.911809730927291,-7.737861,-7.161509,-7.346617253716324
1119.0,31.0,-13.189730465496032,-17.554501,-12.565969,-12.624537988285065
1120.0,2.0,1.1694728895024564,0.994734,1.138892,1.7019528760506895
1120.0,5.0,11.948218813241782,11.943963,11.93093,12.480698799790016
1120.0,6.0,-1.1694063544359183,-4.060005,-0.923272,-0.6369263678876853
1120.0,12.0,1.8707307593973148,2.898993,2.348571,2.4032107459455476
1120.0,19.0,4.365452077363183,4.678524,4.939838,4.897932063911416
1120.0,24.0,7.5832472597085845,3.704862,6.667863,8.115727246256817
1120.0,25.0,-4.738008100336185,-2.552003,-4.861989,-4.2055281137879525
1120.0,29.0,-8.010064692426464,-5.45229,-7.166676,-7.477584705878232
1120.0,31.0,-13.148315100505444,-14.616461,-12.565921,-12.61583511395721
1121.0,2.0,1.5144749925343595,5.695851,1.167729,1.9241789719373699
1121.0,5.0,12.104751141172972,16.941609,11.939246,12.514455120575983
1121.0,6.0,-0.7034805038052802,-7.94621,-0.848367,-0.29377652440226976
1121.0,12.0,2.013833070078946,2.783131,2.340575,2.423537049481957
1121.0,19.0,4.869079389695281,4.983843,5.031136,5.278783369098291
1121.0,24.0,7.569039489591673,8.823985,6.58753,7.978743468994684
1121.0,25.0,-4.678487817222572,-3.848088,-4.887035,-4.268783837819561
1121.0,29.0,-8.1904331672926,-7.174543,-7.234518,-7.780729187889589
1121.0,31.0,-13.214599225203639,-13.104975,-12.571183,-12.804895245800628
1122.0,2.0,1.661126046654311,6.013651,1.331644,2.105618267372887
1122.0,5.0,12.145299233839424,13.486491,11.998201,12.589791454558
1122.0,6.0,-0.6065308639689394,1.920578,-0.659861,-0.16203864325036343
1122.0,12.0,2.0007970921553166,4.904789,2.454693,2.445289312873893
1122.0,19.0,5.158049310097478,6.199473,5.185953,5.602541530816054
1122.0,24.0,7.546940700920553,5.693643,6.490846,7.991432921639129
1122.0,25.0,-4.66514615112315,-2.28279,-4.805663,-4.220653930404573
1122.0,29.0,-8.590058292222686,-6.187658,-7.261366,-8.14556607150411
1122.0,31.0,-13.241071112516368,-11.564295,-12.542672,-12.796578891797791
1123.0,2.0,1.7881453923009163,1.123241,1.380476,2.284874246003409
1123.0,5.0,12.199653029092143,11.676393,11.971204,12.696381882794636
1123.0,6.0,-0.49522820125640454,-2.750389,-0.541618,0.001500652446087991
1123.0,12.0,2.0934256163070755,1.021928,2.445603,2.590154470009568
1123.0,19.0,5.292599337265044,6.164475,5.300337,5.789328190967537
1123.0,24.0,7.437575520376786,7.883201,6.352987,7.934304374079279
1123.0,25.0,-4.484505097822894,-5.206181,-4.813452,-3.9877762441204014
1123.0,29.0,-8.587759574706924,-9.118803,-7.325509,-8.091030721004431
1123.0,31.0,-13.239825838230345,-10.580066,-12.501048,-12.743096984527853
1124.0,2.0,2.0046517949854854,-1.083339,1.349708,2.4376609969302634
1124.0,5.0,12.255138832875886,13.88594,11.910004,12.688148034820664
1124.0,6.0,-0.3357115667530862,-4.868271,-0.500458,0.09729763519169177
1124.0,12.0,2.302451602295589,0.763726,2.371871,2.735460804240367
1124.0,19.0,5.360970472186488,5.444955,5.358869,5.793979674131267
1124.0,24.0,7.402720222365539,5.395767,6.238725,7.835729424310317
1124.0,25.0,-4.274858607498539,-1.144897,-4.870785,-3.8418494055537606
1124.0,29.0,-8.348215519302338,-7.857323,-7.394086,-7.91520631735756
1124.0,31.0,-13.18365298123366,-18.52871,-12.471217,-12.750643779288882
1125.0,2.0,2.044921136570925,2.136785,1.305002,2.3800751937837528
1125.0,5.0,12.350878602561576,13.177952,11.897097,12.686032659774403
1125.0,6.0,-0.1782140534090343,-8.494161,-0.556048,0.1569400038037937
1125.0,12.0,2.3040169557043413,3.875586,2.347093,2.6391710129171693
1125.0,19.0,5.514627846681009,5.302436,5.313711,5.849781903893836
1125.0,24.0,7.4072903003006125,8.557871,6.27399,7.74244435751344
1125.0,25.0,-4.298021941179225,-3.597255,-4.888206,-3.9628678839663967
1125.0,29.0,-8.308007151125022,-4.017583,-7.383235,-7.972853093912194
1125.0,31.0,-13.24460826582021,-17.206525,-12.481517,-12.909454208607382
1126.0,2.0,1.8829970302002614,1.6029,1.380665,2.4228454406267854
1126.0,5.0,12.302262899468552,15.246042,12.046813,12.842111309895076
1126.0,6.0,-0.3399410714797054,-2.103214,-0.533196,0.19990733894681834
1126.0,12.0,2.1802991292595424,6.431326,2.447364,2.7201475396860664
1126.0,19.0,5.492936452990116,6.180887,5.364674,6.03278486341664
1126.0,24.0,7.390307449051462,8.056576,6.369623,7.930155859477986
1126.0,25.0,-4.476671909281436,-5.745811,-4.865802,-3.9368234988549125
1126.0,29.0,-8.722337875480711,-6.808509,-7.406989,-8.182489465054188
1126.0,31.0,-13.38482331257328,-12.115195,-12.591808,-12.844974902146756
1127.0,2.0,2.1841318079649783,3.630167,1.430391,2.7347118896014226
1127.0,5.0,12.50785628886069,10.71584,12.029574,13.058436370497136
1127.0,6.0,0.03940363240778744,-1.426145,-0.411614,0.589983714044232
1127.0,12.0,2.352679597907266,1.301407,2.437051,2.9032596795437104
1127.0,19.0,5.92423024866731,6.892993,5.489418,6.474810330303755
1127.0,24.0,7.308197088796614,12.210607,6.230922,7.858777170433059
1127.0,25.0,-4.307159515371805,-2.612898,-4.881897,-3.756579433735361
1127.0,29.0,-8.881511436313394,-8.042505,-7.483401,-8.330931354676949
1127.0,31.0,-13.769698729982832,-12.613732,-12.56181,-13.219118648346386
1128.0,2.0,2.145859995735359,1.841865,1.618605,2.69522953661105
1128.0,5.0,12.493907148744954,14.191974,11.911548,13.043276689620646
1128.0,6.0,0.05802474333167662,4.029702,-0.131219,0.607394284207368
1128.0,12.0,2.3081516904248893,7.739511,2.521409,2.8575212313005807
1128.0,19.0,6.088941573937682,1.901346,5.647409,6.638311114813374
1128.0,24.0,7.217641289967719,-1.064754,5.958313,7.76701083084341
1128.0,25.0,-4.384974573014472,-2.564985,-4.730338,-3.8356050321387807
1128.0,29.0,-8.940649822887572,-4.622985,-7.444952,-8.39128028201188
1128.0,31.0,-13.769179070826029,-8.426981,-12.331757,-13.219809529950338
1129.0,2.0,2.260228720486981,7.048752,1.636794,2.7309425401338405
1129.0,5.0,12.552999677060733,15.797867,11.863136,13.023713496707593
1129.0,6.0,0.3298039577701636,3.743707,0.016559,0.8005177774170235
1129.0,12.0,2.417115053309365,5.958131,2.444153,2.8878288729562245
1129.0,19.0,6.311928105588705,7.066928,5.826275,6.7826419252355645
1129.0,24.0,7.117396281346935,1.493898,5.736528,7.588110100993795
1129.0,25.0,-4.3576801091385695,1.6015,-4.812263,-3.88696628949171
1129.0,29.0,-8.937323615525294,-5.593117,-7.595334,-8.466609795878433
1129.0,31.0,-13.712425122816127,-16.727864,-12.303221,-13.241711303169266
1130.0,2.0,2.2929635523699714,3.860577,1.714442,2.5793489293509477
1130.0,5.0,12.627297906867382,9.735377,11.880642,12.913683283848357
1130.0,6.0,0.4310300784054196,3.664765,0.142134,0.7174154553863957
1130.0,12.0,2.432988974548076,1.866356,2.47297,2.7193743515290523
1130.0,19.0,6.326752279684919,10.368521,5.949433,6.613137656665895
1130.0,24.0,7.206493993951642,6.26346,5.632321,7.492879370932618
1130.0,25.0,-4.358721656593385,-5.823463,-4.802791,-4.072336279612409
1130.0,29.0,-8.918164130628929,-9.561262,-7.654906,-8.631778753647954
1130.0,31.0,-13.683051079099043,-12.695389,-12.28866,-13.396665702118067
1131.0,2.0,2.2794147793405566,3.736116,1.74236,2.543225141666956
1131.0,5.0,12.644572150417622,11.621392,11.891868,12.908382512744021
1131.0,6.0,0.49409506049264074,-0.911858,0.201935,0.7579054228190404
1131.0,12.0,2.4238989120419063,1.131423,2.47422,2.6877092743683058
1131.0,19.0,6.408814316350141,2.63478,6.020148,6.672624678676541
1131.0,24.0,7.200273108824131,9.865728,5.574915,7.464083471150531
1131.0,25.0,-4.39333254857493,-5.342412,-4.816352,-4.129522186248531
1131.0,29.0,-8.955735784173134,-6.700895,-7.703576,-8.691925421846735
1131.0,31.0,-13.670345695024372,-8.872577,-12.293727,-13.406535332697972
1132.0,2.0,2.1890612323309515,6.298962,1.729942,2.446273936746799
1132.0,5.0,12.655398590293787,13.2389,11.933579,12.912611294709635
1132.0,6.0,0.3316181925598717,1.414745,0.181754,0.5888308969757193
1132.0,12.0,2.3805280656150734,4.860921,2.472457,2.637740770030921
1132.0,19.0,6.304816930638492,6.327924,6.029907,6.56202963505434
1132.0,24.0,7.250387734414085,8.210564,5.608263,7.507600438829932
1132.0,25.0,-4.506309968064287,-0.063557,-4.84509,-4.24909726364844
1132.0,29.0,-8.95308916003813,-7.334477,-7.734293,-8.695876455622283
1132.0,31.0,-13.637187015149927,-4.763349,-12.348102,-13.37997431073408
1133.0,2.0,2.301083563551738,2.30735,1.748502,2.4298397238741547
1133.0,5.0,12.76619787365761,13.958886,11.985841,12.894954033980028
1133.0,6.0,0.5277804077646254,-1.914394,0.157,0.6565365680870422
1133.0,12.0,2.5197652115692692,1.071364,2.520989,2.648521371891686
1133.0,19.0,6.511975988015205,3.193023,6.006313,6.640732148337622
1133.0,24.0,7.360151764673232,8.103527,5.684015,7.488907924995649
1133.0,25.0,-4.460420126314218,-4.685695,-4.817428,-4.331663965991801
1133.0,29.0,-8.928624649943474,-8.805426,-7.706984,-8.799868489621058
1133.0,31.0,-13.685745211417451,-12.047123,-12.384055,-13.556989051095034
1134.0,2.0,2.388321829357827,4.697226,1.833678,2.420634221152504
1134.0,5.0,12.854683251146401,12.001918,12.061361,12.886995642941077
1134.0,6.0,0.6889460179985222,0.905102,0.22188,0.721258409793199
1134.0,12.0,2.562022457594612,1.205383,2.605252,2.5943348493892886
1134.0,19.0,6.696819390011908,6.196085,6.064734,6.7291317818065846
1134.0,24.0,7.304132930057812,7.063022,5.699781,7.336445321852489
1134.0,25.0,-4.47870948044689,-2.091657,-4.770358,-4.446397088652213
1134.0,29.0,-8.921387894584978,-7.233408,-7.710067,-8.889075502790302
1134.0,31.0,-13.74736801343584,-13.599236,-12.411497,-13.715055621641163
1135.0,2.0,2.248863929274722,6.572446,1.821716,2.3568980023793205
1135.0,5.0,12.792988669006979,11.560316,12.074022,12.901022742111577
1135.0,6.0,0.45086197578972953,2.327416,0.216644,0.5588960488943279
1135.0,12.0,2.4506024440953027,4.360153,2.593392,2.558636517199901
1135.0,19.0,6.521414964454579,7.798621,6.078587,6.629449037559178
1135.0,24.0,7.320240908030258,3.197555,5.700866,7.428274981134857
1135.0,25.0,-4.49622659109198,1.504389,-4.79411,-4.388192517987381
1135.0,29.0,-8.963118650044281,-6.361822,-7.736767,-8.855084576939683
1135.0,31.0,-13.655134069239978,-7.191772,-12.436095,-13.54709999613538
1136.0,2.0,0.1323343675126506,5.249976,1.605726,1.8960204219640424
1136.0,5.0,10.338652736741915,12.627575,11.951002,12.102338791193308
1136.0,6.0,-1.567147989067954,1.215076,0.084611,0.19653806538343765
1136.0,12.0,0.6706259123230102,6.637638,2.364729,2.434311966774402
1136.0,19.0,5.2127912221062465,8.363205,6.028097,6.976477276557638
1136.0,24.0,5.2321143804804,0.039232,5.638848,6.995800434931792
1136.0,25.0,-6.743778188688624,-1.332585,-4.985162,-4.980092134237232
1136.0,29.0,-10.434325691953768,-4.004822,-7.841661,-8.670639637502376
1137.0,2.0,2.282114741277108,7.112623,1.519796,2.40227216344857
1137.0,5.0,12.871333205818386,14.318112,11.899765,12.99149062798985
1137.0,6.0,0.40295812369651507,3.002471,0.039801,0.5231155458679774
1137.0,12.0,2.452245052223743,4.263371,2.269626,2.572402474395205
1137.0,19.0,6.58479378913822,9.04426,6.019136,6.704951211309682
1137.0,24.0,7.36076932639132,2.116721,5.602346,7.480926748562782
1137.0,25.0,-4.5247297720329795,0.250565,-5.066359,-4.4045723498615175
1137.0,29.0,-8.975424516555897,-6.73223,-7.893342,-8.855267094384434
1137.0,31.0,-13.63211482004081,-15.109917,-12.464904,-13.511957397869347
1138.0,2.0,0.15879542041814954,1.419724,1.594826,1.8770639814627232
1138.0,5.0,10.684171762644956,11.344805,11.977384,12.402440323689529
1138.0,6.0,-1.5351237859273308,-1.526335,0.103221,0.1831447751172428
1138.0,12.0,0.7298904906155802,2.372939,2.339591,2.448159051660154
1138.0,19.0,5.299902079892802,6.981056,6.087476,7.018170640937376
1138.0,24.0,5.5965640406821215,2.037181,5.610668,7.314832601726695
1138.0,25.0,-6.764182383858098,-4.476479,-5.03842,-5.0459138228135245
1138.0,29.0,-10.51143302149293,-6.412189,-7.91587,-8.793164460448356
1139.0,2.0,2.306940240710653,3.033919,1.599552,2.314156711141049
1139.0,5.0,13.034427038014286,12.923122,12.044533,13.041643508444682
1139.0,6.0,0.48513268084880046,0.702438,0.091769,0.4923491512791961
1139.0,12.0,2.4649967532226,4.140384,2.357579,2.4722132236529957
1139.0,19.0,6.7391794865315635,5.368262,6.108682,6.746395956961959
1139.0,24.0,7.588012397442312,11.428334,5.657203,7.595228867872708
1139.0,25.0,-4.503153250331278,-5.475114,-5.060385,-4.495936779900882
1139.0,29.0,-9.04025001477635,-6.124946,-7.949792,-9.033033544345955
1139.0,31.0,-13.729965222073275,-18.815503,-12.574532,-13.722748751642879
1140.0,2.0,2.4457667592390804,3.816016,1.634361,2.4438854974532735
1140.0,5.0,13.028920994230786,15.32275,12.13123,13.02703973244498
1140.0,6.0,0.5146575457978732,0.617646,0.06759,0.5127762840120663
1140.0,12.0,2.561476552779377,5.627267,2.430477,2.55959529099357
1140.0,19.0,6.703869770554532,9.77801,6.090635,6.701988508768725
1140.0,24.0,7.651303958677294,6.422406,5.760641,7.649422696891488
1140.0,25.0,-4.410016354538057,-3.074925,-5.025222,-4.411897616323865
1140.0,29.0,-8.964251406621306,-8.373567,-7.922893,-8.966132668407113
1140.0,31.0,-13.63706349234913,-11.123658,-12.635394,-13.638944754134936
1141.0,2.0,2.3363409592501547,1.915039,1.683156,2.4144053936365584
1141.0,5.0,13.028918126200125,10.42762,12.21723,13.106982560586529
1141.0,6.0,0.4213975721896278,-2.411512,0.079167,0.49946200657603146
1141.0,12.0,2.49746912249472,-0.146311,2.49854,2.5755335568811235
1141.0,19.0,6.745681351050895,6.992927,6.112374,6.823745785437299
1141.0,24.0,7.566289343727075,5.638258,5.82378,7.644353778113478
1141.0,25.0,-4.532929824549279,-8.109894,-4.999559,-4.454865390162875
1141.0,29.0,-9.034061379371318,-7.783509,-7.923634,-8.955996944984914
1141.0,31.0,-13.611344449765266,-12.892222,-12.693153,-13.533280015378862
1142.0,2.0,2.2908268540769603,2.914134,1.704701,2.272977215866314
1142.0,5.0,13.053032172276241,10.085065,12.311942,13.035182534065596
1142.0,6.0,0.3586372547397446,-2.841727,0.062211,0.3407876165290987
1142.0,12.0,2.5107636799915323,1.751428,2.546153,2.492914041780886
1142.0,19.0,6.670034121480792,7.065354,6.124753,6.652184483270146
1142.0,24.0,7.626907845032733,7.153086,5.905423,7.609058206822087
1142.0,25.0,-4.503770270034321,-2.998332,-5.002182,-4.5216199082449675
1142.0,29.0,-8.942675254699624,-4.711478,-7.941147,-8.96052489291027
1142.0,31.0,-13.610446537237634,-17.037503,-12.778162,-13.628296175448279
1143.0,2.0,-0.0006431797776677017,0.915672,1.692361,1.770004952519515
1143.0,5.0,10.739616352748923,12.215702,12.379077,12.510264485046106
1143.0,6.0,-1.8321579866002091,-1.957679,0.021993,-0.06150985430302658
1143.0,12.0,0.711865105684974,1.096386,2.559405,2.4825132379821566
1143.0,19.0,5.12074329499042,9.585333,6.119857,6.891391427287602
1143.0,24.0,5.793913277569326,3.909855,5.978251,7.564561409866508
1143.0,25.0,-6.863931017923471,-7.821448,-5.026981,-5.093282885626288
1143.0,29.0,-10.433154183626712,-8.891168,-7.963667,-8.66250605132953
1144.0,2.0,0.14107448198345096,1.282556,1.668534,1.806727930609668
1144.0,5.0,10.861406873976012,12.062261,12.418538,12.527060322602228
1144.0,6.0,-1.6769932334527793,-1.922978,0.020916,-0.011339784826562394
1144.0,12.0,0.770283859389476,1.219509,2.526695,2.435937308015693
1144.0,19.0,5.364145318882081,4.028928,6.169953,7.029798767508298
1144.0,24.0,5.67240140949757,15.167614,5.970301,7.338054858123787
1144.0,25.0,-6.824836158371981,-4.311005,-5.095221,-5.159182709745764
1144.0,29.0,-10.473221376332203,-8.859648,-8.044389,-8.807567927705986
1145.0,2.0,0.07309281801452172,5.407675,1.571278,1.7522803661322115
1145.0,5.0,10.710825632545756,13.42742,12.408331,12.390013180663445
1145.0,6.0,-1.7613286217289623,0.676464,-0.024652,-0.08214107361127265
1145.0,12.0,0.7357171105460968,2.355785,2.415132,2.4149046586637866
1145.0,19.0,5.292640639501061,6.684351,6.198157,6.97182818761875
1145.0,24.0,5.560259310931072,3.533133,5.937804,7.239446859048762
1145.0,25.0,-6.840416456540063,-4.159898,-5.224376,-5.161228908422373
1145.0,29.0,-10.418115482510926,-6.995659,-8.154351,-8.738927934393235
1146.0,2.0,2.4578312288566035,2.7686,1.530161,2.37764083606813
1146.0,5.0,13.301711262867213,12.095739,12.428731,13.22152087007874
1146.0,6.0,0.5506594329445721,0.735179,-0.016233,0.4704690401560986
1146.0,12.0,2.6259072388480105,2.389492,2.349292,2.5457168460595367
1146.0,19.0,7.0828708685759665,2.520063,6.269223,7.002680475787493
1146.0,24.0,7.694570491952532,4.660656,5.891257,7.614380099164058
1146.0,25.0,-4.544412424285316,-6.183827,-5.322517,-4.624602817073789
1146.0,29.0,-9.008691378958883,-5.371092,-8.266351,-9.088881771747356
1146.0,31.0,-13.603533961588838,-14.287652,-13.056998,-13.683724354377311
1147.0,2.0,2.6467942091815218,2.828209,1.614246,2.4525038804705295
1147.0,5.0,13.425665469129134,13.306751,12.523703,13.231375140418141
1147.0,6.0,0.880045225266655,0.161195,0.066941,0.6857548965556627
1147.0,12.0,2.762441486678121,2.701287,2.418735,2.5681511579671286
1147.0,19.0,7.324938597909004,9.347423,6.369478,7.130648269198011
1147.0,24.0,7.629976020308816,2.28458,5.884782,7.435685691597824
1147.0,25.0,-4.423807688830121,-5.667748,-5.308925,-4.618098017541113
1147.0,29.0,-8.984001753457294,-10.05073,-8.317583,-9.178292082168287
1147.0,31.0,-13.622992697593888,-11.487727,-13.113797,-13.817283026304882
1148.0,2.0,2.655154750622734,5.9189,1.734942,2.4692779519315424
1148.0,5.0,13.447610084985138,12.040672,12.575431,13.261733286293946
1148.0,6.0,0.8643502210658659,2.339543,0.208258,0.6784734223746741
1148.0,12.0,2.7754431448713435,3.3259,2.50111,2.5895663461801517
1148.0,19.0,7.429883724951439,5.955565,6.492706,7.244006926260247
1148.0,24.0,7.628551888920471,8.708282,5.812314,7.4426750902292795
1148.0,25.0,-4.474643595610334,-2.945797,-5.256646,-4.660520394301526
1148.0,29.0,-9.07246744491209,-6.694345,-8.348387,-9.258344243603283
1148.0,31.0,-13.597670259102983,-11.496132,-13.103212,-13.783547057794175
1149.0,2.0,2.53864022671603,2.739961,1.77329,2.123024395070403
1149.0,5.0,13.515412470399326,14.117671,12.541492,13.099796638753698
1149.0,6.0,0.7236844387717384,1.235796,0.293874,0.3080686071261115
1149.0,12.0,2.6693374882097167,3.363628,2.499175,2.25372165656409
1149.0,19.0,7.127916107764581,7.092089,6.563287,6.712300276118954
1149.0,24.0,7.932568774448833,7.271488,5.71074,7.516952942803206
1149.0,25.0,-4.668414861002095,-4.616271,-5.246926,-5.084030692647722
1149.0,29.0,-9.066116430459306,-10.601814,-8.375754,-9.481732262104934
1149.0,31.0,-13.455642543166613,-11.672842,-13.053753,-13.871258374812239
1150.0,2.0,2.4930328598957665,2.292302,1.789155,2.1838189887577215
1150.0,5.0,13.476974157155814,13.566092,12.509164,13.167760286017769
1150.0,6.0,0.5967748788403505,1.328594,0.305036,0.2875610077023053
1150.0,12.0,2.625946445347486,3.706925,2.517542,2.316732574209441
1150.0,19.0,7.318448299791732,10.04523,6.544087,7.009234428653687
1150.0,24.0,7.78332780070484,8.395153,5.699873,7.474113929566795
1150.0,25.0,-4.5616012840070015,-4.773379,-5.204754,-4.8708151551450465
1150.0,29.0,-9.061239508273108,-8.06335,-8.33275,-9.370453379411153
1150.0,31.0,-13.476226846573613,-24.735994,-13.004473,-13.785440717711658
1151.0,2.0,2.614861596869776,3.276959,1.748093,2.310123810882236
1151.0,5.0,13.563635309287973,11.800293,12.480583,13.258897523300433
1151.0,6.0,0.78495931088481,-2.807675,0.252315,0.48022152489726977
1151.0,12.0,2.769137917903584,3.046442,2.496333,2.464400131916044
1151.0,19.0,7.417118305784798,12.457723,6.489567,7.112380519797258
1151.0,24.0,7.799908005332881,4.783228,5.729311,7.495170219345341
1151.0,25.0,-4.44945855349962,-3.238873,-5.207758,-4.7541963394871605
1151.0,29.0,-9.008024485682927,-7.698084,-8.305102,-9.312762271670469
1151.0,31.0,-13.521880556644142,-12.739314,-12.994012,-13.826618342631683
1152.0,2.0,0.25712047332955634,5.704722,1.760978,1.7012827997635789
1152.0,5.0,11.168245009200547,15.396929,12.471982,12.612407335634568
1152.0,6.0,-1.4897958925245307,1.128518,0.235894,-0.04563356609050828
1152.0,12.0,0.8646921086912699,3.752759,2.530396,2.3088544351252924
1152.0,19.0,5.609690955064614,7.679299,6.446157,7.053853281498636
1152.0,24.0,5.88853150762006,8.236666,5.765509,7.332693834054083
1152.0,25.0,-6.841347886285498,-5.163925,-5.158716,-5.397185559851476
1152.0,29.0,-10.452883505662134,-8.656835,-8.246572,-9.008721179228111
1153.0,2.0,0.19785953619728225,7.24249,1.797909,1.6451174387422975
1153.0,5.0,11.152497957604833,14.16925,12.460683,12.599755860149848
1153.0,6.0,-1.6021138439988478,0.382358,0.270832,-0.15485594145383264
1153.0,12.0,0.843082166572925,6.159967,2.563327,2.2903400691179403
1153.0,19.0,5.524580251815093,11.184187,6.45452,6.971838154360108
1153.0,24.0,5.880378716398297,-2.205038,5.747245,7.327636618943312
1153.0,25.0,-6.850670361743117,-0.920944,-5.11483,-5.403412459198102
1153.0,29.0,-10.415557297392317,-4.050423,-8.218431,-8.968299394847302
1154.0,2.0,0.3543989035832008,4.302852,1.854089,1.8069892512845191
1154.0,5.0,11.31712475808411,14.491912,12.471502,12.76971510578543
1154.0,6.0,-1.3789069347904235,-3.602113,0.341465,0.07368341291089475
1154.0,12.0,0.9401195445844132,1.900396,2.599363,2.3927098922857315
1154.0,19.0,5.726627959140997,4.919332,6.511472,7.179218306842316
1154.0,24.0,5.988516949510873,5.945459,5.702033,7.441107297212191
1154.0,25.0,-6.8661047390684296,-0.660668,-5.085612,-5.413514391367111
1154.0,29.0,-10.502049816227656,-6.676449,-8.228225,-9.049459468526337
1155.0,2.0,2.594936462082103,0.215147,1.825431,2.135479599998388
1155.0,5.0,13.742180564977076,12.275294,12.456419,13.282723702893362
1155.0,6.0,0.6956240203494194,0.282611,0.321051,0.23616715826570467
1155.0,12.0,2.7791257999639303,0.983634,2.573356,2.3196689378802153
1155.0,19.0,7.5216180579382685,3.912015,6.50213,7.062161195854554
1155.0,24.0,8.022507651067455,1.151662,5.69973,7.56305078898374
1155.0,25.0,-4.510772572421504,-8.155864,-5.107107,-4.970229434505219
1155.0,29.0,-9.064221757320025,-7.688951,-8.238822,-9.52367861940374
1155.0,31.0,-13.466333305044122,-13.899093,-12.913916,-13.925790167127836
1156.0,2.0,2.6915669308276042,4.01777,1.832357,2.241375781295401
1156.0,5.0,13.844192990904824,12.621776,12.444812,13.39400184137262
1156.0,6.0,0.8207325374951812,0.654965,0.289192,0.37054138796297786
1156.0,12.0,2.907538486873306,4.58723,2.609664,2.4573473373411026
1156.0,19.0,7.725161733802856,6.95183,6.439343,7.274970584270653
1156.0,24.0,8.034346534459997,7.630405,5.752195,7.584155384927794
1156.0,25.0,-4.438920780053338,-6.92883,-5.051551,-4.889111929585541
1156.0,29.0,-9.019911925260649,-6.486659,-8.165192,-9.470103074792853
1156.0,31.0,-13.563737253123355,-11.522655,-12.883891,-14.013928402655559
1157.0,2.0,2.644516907992876,0.676111,1.864624,2.148089678524737
1157.0,5.0,13.869656495823714,11.665631,12.426587,13.373229266355574
1157.0,6.0,0.7473128320867007,0.202839,0.270286,0.25088560261856185
1157.0,12.0,2.8272609863352454,-1.054036,2.674869,2.3308337568671065
1157.0,19.0,7.497160952538842,1.196469,6.365218,7.000733723070702
1157.0,24.0,8.170822017025218,0.795056,5.808427,7.674394787557079
1157.0,25.0,-4.514057746274502,-11.467722,-4.956731,-5.01048497574264
1157.0,29.0,-9.040756383222005,-9.520973,-8.056131,-9.537183612690145
1157.0,31.0,-13.458689622789345,-13.506613,-12.825902,-13.955116852257484
1158.0,2.0,2.6815288536737825,4.736911,1.86148,2.079677294798218
1158.0,5.0,13.953354773766472,14.370486,12.360699,13.351503214890908
1158.0,6.0,0.7895668305625482,0.592995,0.272613,0.18771527168698376
1158.0,12.0,2.874365497941457,5.4295,2.670672,2.2725139390658926
1158.0,19.0,7.428590840037196,19.485167,6.331197,6.826739281161632
1158.0,24.0,8.27863275916797,0.836837,5.779839,7.676781200292405
1158.0,25.0,-4.5234795762314,-4.243542,-4.919447,-5.125331135106965
1158.0,29.0,-9.018802435245254,-6.468643,-8.006062,-9.620653994120818
1158.0,31.0,-13.44896094097335,-10.676608,-12.752726,-14.050812499848915
1159.0,2.0,0.8194023870463524,3.79073,1.748673,1.9354752529797623
1159.0,5.0,11.810391789284242,13.726206,12.224216,12.926464655217652
1159.0,6.0,-1.4110983707906009,2.270704,0.193861,-0.2950255048571908
1159.0,12.0,1.29458969373424,0.552769,2.559366,2.4106625596676503
1159.0,19.0,5.489890916647502,5.620012,6.244246,6.605963782580912
1159.0,24.0,6.592057046446862,4.423545,5.738348,7.708129912380272
1159.0,25.0,-5.81934196602859,-5.45611,-4.960744,-4.70326910009518
1159.0,29.0,-9.893797264972168,-10.891782,-7.980336,-8.777724399038759
1159.0,31.0,-14.610000702289405,-13.366631,-12.676651,-13.493927836355995
1160.0,2.0,0.7987285554057645,7.096161,1.734786,1.8860704689631484
1160.0,5.0,11.95540372203161,14.162488,12.13733,13.042745635588993
1160.0,6.0,-1.418654914632361,3.794196,0.21562,-0.3313130010749772
1160.0,12.0,1.3410030480718254,6.763662,2.524502,2.428344961629209
1160.0,19.0,5.674340034615136,8.498338,6.238221,6.761681948172519
1160.0,24.0,6.688554870525409,11.031998,5.662047,7.775896784082793
1160.0,25.0,-5.80433729344596,-0.48102,-4.949997,-4.716995379888576
1160.0,29.0,-9.972113032865984,-7.054648,-7.962443,-8.8847711193086
1160.0,31.0,-14.702117425209986,-12.326339,-12.595338,-13.614775511652603
1161.0,2.0,-0.8003504713377697,4.479046,1.793504,1.9676893643247615
1161.0,5.0,10.217391353303938,15.15536,12.123502,12.98543118896647
1161.0,6.0,-2.5517764256365165,2.368609,0.277695,0.21626341002601457
1161.0,12.0,0.126530055117131,6.093565,2.570404,2.894569890779662
1161.0,19.0,4.811524769795522,4.413437,6.263434,7.579564605458053
1161.0,24.0,5.068295457850209,14.262908,5.623688,7.83633529351274
1161.0,25.0,-7.614160427082365,-0.697037,-4.890944,-4.846120591419834
1161.0,29.0,-11.727829931612844,-7.756706,-7.931534,-8.959790095950313
1162.0,2.0,1.0979190564254626,4.139135,1.820362,2.192740017006183
1162.0,5.0,12.008485041683365,10.577114,12.109335,13.103306002264084
1162.0,6.0,-1.145939212642384,-1.898058,0.299826,-0.05111825206166376
1162.0,12.0,1.488596248933944,3.536169,2.597278,2.583417209514664
1162.0,19.0,5.742475738924123,10.196821,6.260897,6.837296699504844
1162.0,24.0,6.678106823534439,0.86329,5.613465,7.77292778411516
1162.0,25.0,-5.745618429677717,-5.602373,-4.851242,-4.650797469096997
1162.0,29.0,-9.953186027863167,-5.264894,-7.900528,-8.858365067282445
1162.0,31.0,-14.633010233582246,-6.710156,-12.507254,-13.538189273001525
1163.0,2.0,0.8650528316241494,4.413141,1.827306,1.7364090454029624
1163.0,5.0,12.024484447583893,12.136336,12.067772,12.895840661362705
1163.0,6.0,-1.3325014914473465,-1.355098,0.313153,-0.46114527766853364
1163.0,12.0,1.314929370248131,3.038915,2.600281,2.186285584026944
1163.0,19.0,5.739302993784809,8.295969,6.248544,6.6106592075636215
1163.0,24.0,6.775662713513539,7.993043,5.586837,7.647018927292352
1163.0,25.0,-5.7730164752095545,-6.675328,-4.822261,-4.901660261430742
1163.0,29.0,-9.870737706780693,-7.020818,-7.869908,-8.99938149300188
1163.0,31.0,-14.660030810184443,-12.919234,-12.4563,-13.788674596405631
1164.0,2.0,0.9203776626673913,7.99391,1.843858,1.8683792573706661
1164.0,5.0,11.99356868317028,15.60549,12.043799,12.941570277873554
1164.0,6.0,-1.3034535167088706,3.380319,0.299713,-0.35545192200559583
1164.0,12.0,1.4612279300735,5.494654,2.637544,2.4092295247767748
1164.0,19.0,5.758315619114847,7.108636,6.195896,6.706317213818122
1164.0,24.0,6.771660814837453,4.723539,5.616664,7.719662409540728
1164.0,25.0,-5.741799942126613,-0.094481,-4.75915,-4.793798347423338
1164.0,29.0,-9.885993895369053,-7.051596,-7.79484,-8.937992300665778
1164.0,31.0,-14.634533294488648,-11.529442,-12.408245,-13.686531699785373
1165.0,2.0,0.8449885697544567,4.439655,1.866643,1.2466769968726763
1165.0,5.0,12.321096258890389,12.915882,12.024392,12.722784686008609
1165.0,6.0,-1.357163388325616,0.174938,0.331509,-0.9554749612073965
1165.0,12.0,1.3631694533547263,4.028948,2.651083,1.7648578804729458
1165.0,24.0,7.70880004687731,9.233827,5.585768,8.11048847399553
1165.0,25.0,-5.763596744276447,-5.281909,-4.733674,-5.361908317158228
1165.0,29.0,-9.593297570341663,-8.103706,-7.782051,-9.191609143223443
1165.0,31.0,-14.180612027913424,-8.165697,-12.373793,-13.778923600795205
1166.0,2.0,1.1107482667533084,-0.14473,1.9084,2.1780250316541463
1166.0,5.0,12.015036835614668,12.262785,12.049575,13.082313600515505
1166.0,6.0,-1.1773415604331472,-2.239623,0.354159,-0.1100647955323093
1166.0,12.0,1.5351103024283272,0.883927,2.700314,2.602387067329165
1166.0,19.0,5.480894765679838,30.36142,6.216704,6.548171530580676
1166.0,24.0,6.813058458723646,10.137749,5.603504,7.880335223624483
1166.0,25.0,-5.856456109019764,-7.371694,-4.692173,-4.789179344118926
1166.0,29.0,-10.033446513449944,-9.871231,-7.758401,-8.966169748549106
1166.0,31.0,-14.593780217467964,-15.827098,-12.370364,-13.526503452567127
1167.0,2.0,0.914264759261913,3.275403,1.972672,1.9104523483812268
1167.0,5.0,12.097048432438914,16.359625,12.092739,13.093236021558228
1167.0,6.0,-1.2052370213780907,-2.065313,0.36004,-0.20904943225877703
1167.0,12.0,1.3710704871601758,3.317705,2.796076,2.3672580762794895
1167.0,19.0,5.673100694701064,29.041675,6.185748,6.669288283820377
1167.0,24.0,7.090093498391495,5.343572,5.67571,8.086281087510809
1167.0,25.0,-5.944280859254693,-1.481239,-4.602462,-4.948093270135379
1167.0,29.0,-10.221798372067536,-9.276452,-7.680928,-9.225610782948221
1167.0,31.0,-14.783882897820964,-14.007765,-12.360992,-13.78769530870165
1168.0,2.0,1.0572379904343139,3.439452,2.126549,2.017170802099416
1168.0,5.0,12.218155949638732,10.287237,12.146208,13.178088761303833
1168.0,6.0,-1.2092670068812534,1.560289,0.421702,-0.2493341952161514
1168.0,12.0,1.5818346737924767,3.601945,2.986727,2.5417674854575787
1168.0,19.0,5.786038130537357,3.006562,6.15152,6.74597094220246
1168.0,24.0,6.9634220340272845,9.828716,5.757529,7.923354845692387
1168.0,25.0,-5.718130733869313,-5.24864,-4.406399,-4.758197922204211
1168.0,29.0,-9.933993904234041,-8.703469,-7.524153,-8.97406109256894
1168.0,31.0,-14.715344753681526,-3.216113,-12.295075,-13.755411942016424
1169.0,2.0,1.2346068184550276,4.767328,2.18533,2.040416042500663
1169.0,5.0,12.258882888311613,13.823931,12.201187,13.064692112357248
1169.0,6.0,-0.9969702614631571,-0.898089,0.393151,-0.19116103741752177
1169.0,12.0,1.6715861243544676,5.339449,3.09955,2.477395348400103
1169.0,19.0,6.130438921848479,7.229038,6.080907,6.9362481458941145
1169.0,24.0,6.9783131993970855,6.961288,5.880406,7.784122423442721
1169.0,25.0,-5.626651524056705,1.136972,-4.299448,-4.82084230001107
1169.0,29.0,-9.89407233960447,-4.483703,-7.414575,-9.088263115558835
1169.0,31.0,-14.669070669255925,-14.986853,-12.293787,-13.86326144521029
1170.0,2.0,0.8613718422587543,8.501621,2.159737,1.5281857222616106
1170.0,5.0,12.288019759980207,15.30484,12.220513,12.954833639983063
1170.0,6.0,-1.3130346212611768,2.988945,0.392928,-0.6462207412583203
1170.0,12.0,1.3925819498660656,6.431607,3.063519,2.0593958298689223
1170.0,19.0,5.985294463600842,5.232636,6.12141,6.6521083436036985
1170.0,24.0,7.031823281130936,11.071605,5.862559,7.698637161133792
1170.0,25.0,-5.679066372580812,-0.564191,-4.358621,-5.0122524925779555
1170.0,29.0,-9.76909736553283,-5.876516,-7.481825,-9.102283485529973
1170.0,31.0,-14.662198077556832,-10.542608,-12.340965,-13.995384197553976
1171.0,2.0,-0.7565285262321436,7.289435,2.137979,1.8512761717182746
1171.0,5.0,10.514255758855773,13.885458,12.200212,13.122060456806192
1171.0,6.0,-2.633927818365853,4.347334,0.389434,-0.026123120415435075
1171.0,12.0,0.32603106609368726,4.315716,3.035447,2.9338357640441055
1171.0,19.0,4.984372871136398,3.428346,6.127391,7.592177569086816
1171.0,24.0,5.256669528270872,16.539027,5.839702,7.86447422622129
1171.0,25.0,-7.595660952590269,-3.966803,-4.380986,-4.987856254639851
1171.0,29.0,-11.670516648643025,-7.987713,-7.500493,-9.062711950692606
1172.0,2.0,1.3382591801105912,1.650935,2.06557,2.3139365805688903
1172.0,5.0,12.305123298851063,11.660039,12.117999,13.280800699309362
1172.0,6.0,-0.9767338164235132,-1.378779,0.375852,-0.001056415965214108
1172.0,12.0,1.7643653132791988,1.313279,2.937607,2.740042713737498
1172.0,19.0,5.753304014558116,8.654736,6.132364,6.728981415016415
1172.0,24.0,6.902646880416077,2.324411,5.759326,7.878324280874375
1172.0,25.0,-5.6926907125382415,-3.458052,-4.44855,-4.717013312079942
1172.0,29.0,-9.948876099150649,-7.941933,-7.546418,-8.97319869869235
1172.0,31.0,-14.588539212252543,-10.416774,-12.306375,-13.612861811794245
1173.0,2.0,1.3875096900475254,6.694466,2.158818,2.120252880976964
1173.0,5.0,12.377489311567468,10.127877,12.181427,13.110232502496906
1173.0,6.0,-0.8350004683750863,2.326059,0.376773,-0.10225727744564772
1173.0,12.0,1.6713847237144277,4.524325,3.081111,2.4041279146438663
1173.0,19.0,5.959871225555926,5.459433,6.075712,6.692614416485364
1173.0,24.0,6.913852213010504,12.593751,5.875214,7.646595403939942
1173.0,25.0,-5.7687616040090015,-5.193782,-4.311806,-5.036018413079563
1173.0,29.0,-10.145326081199363,-6.734322,-7.42284,-9.412582890269924
1173.0,31.0,-14.717658231319993,-12.076552,-12.291002,-13.984915040390554
1174.0,2.0,1.2479521310156416,1.440677,2.31041,1.991237180498202
1174.0,5.0,12.268114217942552,9.481119,12.312322,13.011399267425112
1174.0,6.0,-1.0536973977883441,-0.621861,0.440294,-0.3104123483057837
1174.0,12.0,1.6490374122590508,0.961307,3.267499,2.3923224617416112
1174.0,19.0,5.703306301544843,20.292786,6.096338,6.446591351027403
1174.0,24.0,6.667557801979612,3.594423,5.978683,7.4108428514621725
1174.0,25.0,-5.720858939084301,-10.747961,-4.172878,-4.97757388960174
1174.0,29.0,-9.932420696524236,-9.024699,-7.343615,-9.189135647041676
1174.0,31.0,-14.496038644314453,-10.398571,-12.318144,-13.752753594831892
1175.0,2.0,-0.6586136255765586,3.360317,2.214647,1.9870382196721348
1175.0,5.0,10.713628915090066,11.575582,12.257363,13.359280760338759
1175.0,6.0,-2.620333820693938,2.779677,0.43891,0.02531802455475507
1175.0,12.0,0.40367030323498987,0.592637,3.125481,3.049322148483683
1175.0,19.0,5.1137369630679705,4.399291,6.162573,7.759388808316664
1175.0,24.0,5.405797958358019,1.838434,5.86583,8.051449803606712
1175.0,25.0,-7.755262270850333,0.370329,-4.315461,-5.10961042560164
1175.0,29.0,-11.685236866389673,-8.953137,-7.478996,-9.03958502114098
1176.0,2.0,1.269252704537978,3.91594,2.132093,1.8648584637640813
1176.0,5.0,12.65105437519003,14.735346,12.232238,13.246660134416134
1176.0,6.0,-0.9983775541247547,-0.881174,0.422585,-0.40277179489865145
1176.0,12.0,1.643408487447597,4.534602,3.014682,2.2390142466737
1176.0,19.0,6.400361465801768,1.560741,6.210771,6.995967225027871
1176.0,24.0,7.167078517431625,0.636528,5.799457,7.762684276657728
1176.0,25.0,-5.539267634809044,-3.978089,-4.437216,-4.943661875582941
1176.0,29.0,-9.707898850530169,-4.164659,-7.592399,-9.112293091304066
1176.0,31.0,-14.683126282556302,-10.936865,-12.390876,-14.087520523330198
1177.0,2.0,-0.6285283778227396,2.494409,2.115286,2.1100977494955666
1177.0,5.0,10.771528344043048,12.907579,12.285266,13.510154471361354
1177.0,6.0,-2.728070999792627,-2.268726,0.405481,0.010555127525678998
1177.0,12.0,0.40978094733149983,3.439077,3.004689,3.148407074649806
1177.0,19.0,4.901046204455595,10.015164,6.237496,7.639672331773901
1177.0,24.0,5.49579335359787,-1.580134,5.82799,8.234419480916177
1177.0,25.0,-7.789774896922759,-8.492027,-4.484497,-5.051148769604453
1177.0,29.0,-11.670082882320655,-6.364849,-7.646836,-8.931456755002348
1178.0,2.0,-0.5864329739155983,4.981602,2.078733,1.8729220024137652
1178.0,5.0,10.924704996197528,13.179456,12.342978,13.384059972526892
1178.0,6.0,-2.5564512670102078,-1.855457,0.299258,-0.09709629068084435
1178.0,12.0,0.3855424341247796,3.232145,3.03045,2.844897410454143
1178.0,19.0,5.26980223919193,3.809815,6.151014,7.729157215521293
1178.0,24.0,5.630663500854399,10.081543,5.973303,8.090018477183762
1178.0,25.0,-7.770618477167841,-4.337725,-4.480608,-5.311263500838478
1178.0,29.0,-11.787126439067825,-5.781011,-7.605631,-9.327771462738461
1179.0,2.0,-0.5989599033318252,6.758563,2.150071,1.9383273732431237
1179.0,5.0,10.91657746166255,12.706697,12.391715,13.453864738237499
1179.0,6.0,-2.637962514129545,2.742716,0.341092,-0.10067523755459629
1179.0,12.0,0.40084202729250407,5.794877,3.110642,2.938129303867453
1179.0,19.0,5.136944162244757,6.909183,6.171473,7.674231438819706
1179.0,24.0,5.677436929095889,8.356594,5.999839,8.214724205670837
1179.0,25.0,-7.807166994966214,-3.668818,-4.417881,-5.269879718391265
1179.0,29.0,-11.761278621081269,-5.667697,-7.575177,-9.22399134450632
1180.0,2.0,-0.6107232374626471,1.575047,2.129999,2.0524271611787137
1180.0,5.0,10.917397817104462,13.411159,12.403681,13.580548215745821
1180.0,6.0,-2.6024953851951818,-3.499972,0.281083,0.06065501344617896
1180.0,12.0,0.40820118311984455,2.558509,3.127039,3.0713515817612054
1180.0,19.0,4.909112452603115,3.447052,6.109259,7.572262851244476
1180.0,24.0,5.72680903915074,8.836867,6.075679,8.3899594377921
1180.0,25.0,-7.834057448746875,-7.545622,-4.400037,-5.170907050105514
1180.0,29.0,-11.713882102800598,-6.095718,-7.532004,-9.050731704159237
1181.0,2.0,-0.7181356576432388,6.280504,2.286513,1.8223585869939258
1181.0,5.0,11.036537070674706,13.966007,12.536098,13.57703131531187
1181.0,6.0,-2.5899273077031424,2.579995,0.338422,-0.049433063065977834
1181.0,12.0,0.3296423877232585,5.529737,3.325606,2.870136632360423
1181.0,19.0,5.1319348269450735,9.539478,6.116068,7.672429071582238
1181.0,24.0,5.9454094056324776,3.377771,6.193769,8.485903650269641
1181.0,25.0,-7.878485443397271,-4.032846,-4.246085,-5.337991198760107
1181.0,29.0,-11.874334538156054,-6.94029,-7.434792,-9.33384029351889
1182.0,2.0,0.14774293570849373,5.458853,2.577932,0.27258254715401875
1182.0,5.0,11.867794003156485,16.167721,12.622469,11.99263361460201
1182.0,6.0,-1.142876490091144,-2.196253,0.549379,-1.0180368786456189
1182.0,12.0,0.8972789385916727,7.693419,3.614969,1.0221185500371979
1182.0,19.0,5.721596574202968,7.821585,6.185586,5.846436185648493
1182.0,24.0,6.142967427369911,0.223945,6.198611,6.267807038815436
1182.0,25.0,-5.752135540677675,-0.075165,-3.963187,-5.62729592923215
1182.0,31.0,-13.949508420385055,-10.914771,-12.456905,-13.82466880893953
1183.0,2.0,1.2035730659402537,1.855976,3.062883,2.411181581471612
1183.0,6.0,-0.7277106343283962,3.723397,1.069044,0.4798978812029623
1183.0,12.0,1.1837496206036349,1.379926,3.967861,2.3913581361349934
1183.0,19.0,6.058836934823213,-10.483781,6.37944,7.2664454503545715
1183.0,24.0,7.03499645063646,8.844514,5.851403,8.242604966167818
1183.0,25.0,-6.073659734184839,-0.980825,-3.482257,-4.866051218653481
1183.0,29.0,-10.391566482119217,-4.824883,-7.002596,-9.183957966587858
1183.0,31.0,-14.71544089919877,-7.046721,-11.992167,-13.507832383667411
1184.0,2.0,-0.4627121567195741,5.500707,3.216365,2.0825405785639415
1184.0,5.0,10.995507704708162,15.676587,12.249519,13.540760439991677
1184.0,6.0,-2.5464875052185043,0.694956,1.47788,-0.001234769934988833
1184.0,12.0,0.547070028583949,6.445127,3.899126,3.0923227638674646
1184.0,19.0,4.923274007244234,9.959339,6.695401,7.468526742527749
1184.0,24.0,5.595539058770004,2.284564,5.304681,8.14079179405352
1184.0,25.0,-7.859559100623959,0.281207,-3.455073,-5.314306365340443
1184.0,29.0,-11.533943202363618,-5.837791,-7.124081,-8.988690467080103
1185.0,2.0,-0.4973985674281992,3.539721,2.98898,2.0173414324576235
1185.0,5.0,11.12264857045895,12.457066,12.203441,13.637388570344772
1185.0,6.0,-2.542582621128277,-0.706993,1.315423,-0.027842621242454513
1185.0,12.0,0.5873354288651828,2.883367,3.676256,3.1020754287510055
1185.0,19.0,5.186926293501193,8.621503,6.660038,7.7016662933870155
1185.0,24.0,5.716719530428753,6.65869,5.3067,8.231459530314575
1185.0,25.0,-7.774010009588943,-7.048002,-3.688416,-5.25927000970312
1185.0,29.0,-11.635518916432394,-7.563309,-7.274981,-9.120778916546572
1186.0,2.0,-0.4164430186666507,3.783808,3.089225,2.2253949455330506
1186.0,5.0,11.21135680922122,15.244755,12.246686,13.85319477342092
1186.0,6.0,-2.464805261331259,2.514075,1.440642,0.1770327028684422
1186.0,12.0,0.5419590661557921,3.529217,3.738455,3.1837970303554934
1186.0,19.0,4.811176315317431,2.597627,6.774362,7.453014279517133
1186.0,24.0,5.800176611402209,1.726553,5.233715,8.44201457560191
1186.0,25.0,-7.949795411185925,0.074965,-3.653073,-5.307957446986224
1186.0,29.0,-11.643123842777783,-9.796303,-7.312366,-9.00128587857808
1187.0,2.0,1.6062238664343864,3.240515,3.087883,1.8786343091105815
1187.0,5.0,12.93507202535178,14.043792,12.282609,13.207482468027974
1187.0,6.0,-0.7348038260766271,1.669124,1.462678,-0.462393383400432
1187.0,12.0,1.99263521777317,5.527568,3.722783,2.265045660449365
1187.0,24.0,8.139101024822208,0.821714,5.212364,8.411511467498404
1187.0,25.0,-5.257271944408415,-7.894128,-3.700011,-4.98486150173222
1187.0,29.0,-9.389622688743927,-5.948241,-7.381717,-9.117212246067732
1187.0,31.0,-14.081229340195893,-15.006597,-11.857818,-13.808818897519698
1188.0,2.0,1.5130646278383466,5.824468,3.032638,2.102646757240441
1188.0,5.0,12.985268710161114,10.518163,12.273233,13.574850839563208
1188.0,6.0,-0.8062887053091884,2.079948,1.37662,-0.21670657590709397
1188.0,12.0,2.00836141294256,4.301059,3.704763,2.5979435423446544
1188.0,19.0,6.229679563725992,31.408127,6.755347,6.8192616931280865
1188.0,24.0,7.520612564910033,2.543162,5.284584,8.110194694312128
1188.0,25.0,-5.455271127713592,-0.438068,-3.70829,-4.865688998311498
1188.0,29.0,-9.824195664354963,-6.676821,-7.347485,-9.234613534952869
1188.0,31.0,-14.607808664162803,-5.670974,-11.872651,-14.018226534760709
1189.0,2.0,1.458883224778579,4.218374,3.058123,1.9626200971736143
1189.0,5.0,13.065084863073464,13.199055,12.292656,13.5688217354685
1189.0,6.0,-0.7841174543713293,1.747064,1.370871,-0.280380581976294
1189.0,12.0,2.0998616332071807,2.969915,3.750089,2.603598505602216
1189.0,19.0,6.478265943710521,-0.009726,6.732633,6.982002816105556
1189.0,24.0,7.558003269982739,7.658194,5.326381,8.061740142377774
1189.0,25.0,-5.318332660309477,-6.551142,-3.664531,-4.814595787914442
1189.0,29.0,-9.676280825660116,-8.366887,-7.306071,-9.17254395326508
1189.0,31.0,-14.576411637746881,-10.742084,-11.868721,-14.072674765351845
1190.0,2.0,1.6003707220380017,0.344178,3.153667,1.8746650150013564
1190.0,5.0,13.16334768303905,11.417608,12.389947,13.437641976002404
1190.0,6.0,-0.6166681279833216,-0.504815,1.446692,-0.3423738350199669
1190.0,12.0,2.169344283464505,2.270574,3.842162,2.4436385764278596
1190.0,19.0,6.737828107381534,9.530433,6.810562,7.012122400344889
1190.0,24.0,7.500556504371223,6.557665,5.342414,7.774850797334578
1190.0,25.0,-5.171020348948038,-6.871989,-3.622622,-4.896726055984683
1190.0,29.0,-9.500215218418655,-9.914089,-7.324906,-9.2259209254553
1190.0,31.0,-14.3877927710509,-10.837841,-11.914246,-14.113498478087546
1191.0,2.0,1.6152354413909649,1.932294,3.225745,2.022102239315969
1191.0,5.0,13.227562535222694,12.317737,12.48513,13.634429333147697
1191.0,6.0,-0.6194231680334613,-0.588317,1.522623,-0.21255637010845707
1191.0,12.0,2.202927718337704,-0.772897,3.898593,2.609794516262708
1191.0,19.0,6.69055955336512,1.987761,6.912466,7.097426351290125
1191.0,24.0,7.642569176576385,1.999538,5.334002,8.049435974501389
1191.0,25.0,-5.247766052567783,-6.173977,-3.624161,-4.840899254642779
1191.0,29.0,-9.653442559925612,-9.108167,-7.387977,-9.246575762000607
1191.0,31.0,-14.577341555026665,-14.375499,-11.980122,-14.170474757101662
1192.0,2.0,1.500963830990532,5.97564,3.205682,1.754521550341019
1192.0,5.0,13.296908993962523,14.369704,12.517636,13.55046671331301
1192.0,6.0,-0.7217555279731204,-1.823005,1.499573,-0.4681978086226334
1192.0,12.0,2.100715018564075,2.179503,3.887879,2.354272737914562
1192.0,19.0,6.816896890777992,4.662442,6.920336,7.070454610128479
1192.0,24.0,7.750671352716043,13.143831,5.360939,8.00422907206653
1192.0,25.0,-5.25261659329541,-8.056825,-3.657911,-4.999058873944923
1192.0,29.0,-9.600506270776126,-6.267566,-7.420811,-9.346948551425639
1192.0,31.0,-14.530210186913674,-19.532048,-12.03015,-14.276652467563187
1193.0,2.0,1.487229123437233,3.369365,3.178614,1.4810139553405186
1193.0,5.0,13.331582107742808,11.466394,12.535678,13.325366939646093
1193.0,6.0,-0.7072829147632352,-1.871802,1.441031,-0.7134980828599496
1193.0,12.0,2.039893119220343,2.628097,3.892635,2.0336779511236287
1193.0,19.0,6.917176665963344,8.76117,6.871732,6.910961497866629
1193.0,24.0,7.745572702027507,15.541882,5.429458,7.739357533930793
1193.0,25.0,-5.197576626608068,-1.85708,-3.658816,-5.203791794704783
1193.0,29.0,-9.469103825128718,-9.064809,-7.399056,-9.475318993225432
1193.0,31.0,-14.283311478606025,-11.741432,-12.058563,-14.28952664670274
1194.0,2.0,1.4590448324211929,6.567434,3.246172,1.7030065019895786
1194.0,5.0,13.322303239383336,13.253794,12.590874,13.566264908951721
1194.0,6.0,-0.702048263629326,-0.550203,1.466181,-0.4580865940609403
1194.0,12.0,2.184956980653104,3.393776,3.979331,2.42891865022149
1194.0,19.0,6.731364181466918,11.795179,6.874528,6.975325851035304
1194.0,24.0,7.751154764464823,14.607871,5.479187,7.995116434033209
1194.0,25.0,-5.2013249053018535,-0.939047,-3.590153,-4.957363235733467
1194.0,29.0,-9.638819323062531,-8.056237,-7.355671,-9.394857653494146
1194.0,31.0,-14.527400609945616,-13.017858,-12.065527,-14.28343894037723
1195.0,2.0,1.7460519943402923,5.836478,3.356374,2.0832185921201707
1195.0,5.0,13.37155613202385,14.250576,12.693276,13.708722729803728
1195.0,6.0,-0.5179560879179449,-2.507142,1.538653,-0.18078949013806656
1195.0,12.0,2.3714225371614104,4.034479,4.096206,2.7085891349412887
1195.0,19.0,6.749511177132068,6.691618,6.934868,7.086677774911946
1195.0,24.0,7.710115450385477,8.444943,5.516641,8.047282048165355
1195.0,25.0,-5.158267722057331,-3.638792,-3.520047,-4.821101124277453
1195.0,29.0,-9.600606593300109,-6.70654,-7.345127,-9.26343999552023
1195.0,31.0,-14.465598192774456,-10.020423,-12.101589,-14.128431594994577
1196.0,2.0,1.6096913450338963,2.786915,3.333548,1.805422612258103
1196.0,5.0,13.431914265307615,11.600137,12.773447,13.627645532531822
1196.0,6.0,-0.6094664354181712,-0.732418,1.510532,-0.4137351681939646
1196.0,12.0,2.316596099010516,0.524328,4.085713,2.5123273662347225
1196.0,19.0,6.891910402145185,12.449192,6.96858,7.0876416693693916
1196.0,24.0,7.725687069836032,6.596848,5.565362,7.9214183370602385
1196.0,25.0,-5.098153232285156,-10.049646,-3.585024,-4.90242196506095
1196.0,29.0,-9.5366006295759,-11.650443,-7.418806,-9.340869362351693
1196.0,31.0,-14.350067989263819,-10.350245,-12.208485,-14.154336722039613
1197.0,2.0,1.6440468285161876,5.37134,3.26465,2.392233883491276
1197.0,5.0,11.538116963411142,11.689481,12.814215,12.28630401838623
1197.0,6.0,-0.17767235049973717,0.106216,1.485112,0.5705147044753515
1197.0,12.0,2.249557520994103,2.855584,4.003001,2.997744575969192
1197.0,19.0,5.584619613544452,9.391644,7.030553,6.33280666851954
1197.0,24.0,7.131207656734942,14.488451,5.550071,7.879394711710031
1197.0,25.0,-4.40462734355374,-0.01894,-3.714822,-3.656440288578651
1197.0,29.0,-8.844057576725318,-7.837663,-7.551239,-8.095870521750228
1197.0,31.0,-13.377297183271411,-12.08611,-12.315003,-12.629110128296322
1198.0,2.0,1.7276220502168096,4.80707,3.190371,2.5214272197807985
1198.0,5.0,11.619315239865617,12.702272,12.813942,12.413120409429606
1198.0,6.0,-0.21356188675893517,1.436889,1.472651,0.5802432828050538
1198.0,12.0,2.300020408760785,4.104345,3.902071,3.093825578324774
1198.0,19.0,5.607530963668302,19.953983,7.091887,6.401336133232292
1198.0,24.0,7.112119990524143,6.102319,5.49535,7.905925160088131
1198.0,25.0,-4.223933044428278,-4.417806,-3.841386,-3.4301278748642887
1198.0,29.0,-8.85261571830628,-8.144382,-7.677101,-8.058810548742292
1198.0,31.0,-13.432228532896456,-13.779169,-12.382946,-12.638423363332468
1199.0,2.0,1.77724943637803,3.803267,3.131682,2.443196358601187
1199.0,5.0,11.698153712363832,14.106076,12.80838,12.364100634586988
1199.0,6.0,-0.12543469771930937,-3.084001,1.44269,0.5405122245038475
1199.0,12.0,2.3068114303581346,0.088439,3.837645,2.9727583525812915
1199.0,19.0,5.692949260847176,4.577721,7.106134,6.358896183070334
1199.0,24.0,7.265745760048545,8.47523,5.480831,7.931692682271702
1199.0,25.0,-4.282375182016007,-7.4068,-3.916633,-3.61642825979285
1199.0,29.0,-8.864362927360032,-9.007103,-7.740386,-8.198416005136876
1199.0,31.0,-13.473746703031528,-16.9925,-12.423843,-12.807799780808372
1200.0,2.0,1.6625797021424482,6.311604,3.102633,1.9158962313541443
1200.0,5.0,11.553748428620603,13.557361,12.792419,11.8070649578323
1200.0,6.0,-0.13418709233328674,-2.527459,1.432015,0.11912943687840938
1200.0,12.0,2.208761961152324,4.908196,3.803713,2.46207849036402
1200.0,24.0,7.835774072753313,4.18305,5.463082,8.08909060196501
1200.0,25.0,-4.029379096744804,-1.47943,-3.948478,-3.7760625675331077
1200.0,29.0,-8.41139903433157,-2.651005,-7.766088,-8.158082505119873
1200.0,31.0,-12.76024429180285,-9.721557,-12.429949,-12.506927762591154
1201.0,2.0,1.5536240751411894,1.622813,3.079559,2.048986571870229
1201.0,5.0,11.503405641294409,9.043801,12.785087,11.998768138023449
1201.0,6.0,-0.4477168377045847,-2.560302,1.395801,0.047645659024455056
1201.0,12.0,2.195436247080951,0.671274,3.797848,2.690798743809991
1201.0,24.0,7.9432426200115795,23.852633,5.492966,8.43860511674062
1201.0,25.0,-4.120822677214844,-4.279074,-3.948133,-3.625460180485804
1201.0,29.0,-8.435287166733426,-7.682947,-7.748208,-7.939924670004386
1201.0,31.0,-12.774317146744943,-11.161211,-12.432021,-12.278954650015903
1202.0,2.0,1.769715703674808,3.652235,2.975429,2.106624785293264
1202.0,5.0,11.66828767561288,13.963735,12.852711,12.005196757231337
1202.0,6.0,-0.1952247006538005,2.357389,1.244606,0.1416843809646554
1202.0,12.0,2.3187254229712906,5.175946,3.755375,2.6556345045897465
1202.0,24.0,7.929179827413669,3.168996,5.642412,8.266088909032124
1202.0,25.0,-3.9456556768815743,-3.153746,-4.032505,-3.6087465952631184
1202.0,29.0,-8.34161313104566,-8.42455,-7.778675,-8.004704049427204
1202.0,31.0,-12.80864780832867,-11.052527,-12.563561,-12.471738726710214
1203.0,2.0,1.750832089895459,4.231675,2.894628,1.9247630952129127
1203.0,5.0,11.76544102009782,13.486608,12.939882,11.939372025415274
1203.0,6.0,-0.039867060891371264,1.378909,1.128612,0.13406394442608238
1203.0,12.0,2.2846145682890784,3.993557,3.722509,2.458545573606532
1203.0,24.0,7.989914496734617,11.075191,5.768906,8.16384550205207
1203.0,25.0,-4.009185526677303,-2.839033,-4.121578,-3.8352545213598495
1203.0,29.0,-8.512568151021311,-9.290985,-7.835907,-8.338637145703856
1203.0,31.0,-12.876890058315087,-12.638403,-12.70673,-12.702959052997635
1204.0,2.0,1.7559076494622587,3.749224,2.942219,2.3144588641156902
1204.0,5.0,11.85577760343938,13.370297,12.999628,12.414328818092812
1204.0,6.0,-0.18339996572725525,-0.980788,1.152467,0.37515124892617624
1204.0,12.0,2.235494310215568,1.716931,3.780191,2.7940455248689995
1204.0,19.0,5.902830447765951,-19.692757,6.990649,6.461381662419383
1204.0,24.0,7.493500521812945,4.770857,5.802287,8.052051736466376
1204.0,25.0,-4.383833386262563,-5.357096,-4.092451,-3.825282171609132
1204.0,29.0,-8.943059746227366,-5.976462,-7.833782,-8.384508531573935
1204.0,31.0,-13.515471254923522,-17.014577,-12.738001,-12.956920040270091
1205.0,2.0,1.7115765497946347,4.578664,2.922895,1.4460502675191191
1205.0,5.0,11.736196454103293,14.202119,12.994198,11.470670171827777
1205.0,6.0,-0.07536867764042487,-3.150836,1.129151,-0.34089495991594043
1205.0,12.0,2.142696341758061,6.047495,3.770595,1.8771700594825453
1205.0,24.0,8.042494917172895,12.118964,5.817166,7.77696863489738
1205.0,25.0,-4.015296668800008,-4.169366,-4.099485,-4.280822951075523
1205.0,29.0,-8.264929155845849,-6.669915,-7.830362,-8.530455438121365
1205.0,31.0,-12.816122066163846,-1.090102,-12.742852,-13.081648348439362
1206.0,2.0,1.5642810635180364,3.19149,2.935439,1.5769656128013643
1206.0,5.0,11.778865458786443,13.129552,13.025785,11.791550008069771
1206.0,6.0,-0.21629769932488696,3.881493,1.118896,-0.2036131500415591
1206.0,12.0,2.1212614849570635,4.524139,3.80011,2.1339460342403913
1206.0,24.0,8.225692822128872,4.949182,5.85718,8.2383773714122
1206.0,25.0,-4.1697770374671075,-5.858736,-4.083443,-4.15709248818378
1206.0,29.0,-8.436617997588694,-8.671624,-7.818365,-8.423933448305366
1206.0,31.0,-12.884522256914243,-15.307757,-12.7642,-12.871837707630915
1207.0,2.0,-0.6217407423604638,6.481217,2.980351,1.855419000622053
1207.0,5.0,9.16464540284545,14.887694,13.009265,11.641805145827966
1207.0,6.0,-2.030615814535997,3.681612,1.163958,0.4465439284465198
1207.0,12.0,0.3991484226519403,9.089616,3.836958,2.876308165634457
1207.0,24.0,6.134291287969602,3.308323,5.82873,8.611451030952118
1207.0,25.0,-6.169969550844761,-2.301418,-4.031445,-3.692809807862244
1207.0,29.0,-10.387263060075615,-3.900465,-7.785137,-7.910103317093098
1208.0,2.0,1.8274365359654148,4.493081,3.000701,2.283601556674765
1208.0,5.0,11.99205884801374,11.956195,12.943633,12.44822386872309
1208.0,6.0,-0.15844891997530663,0.903946,1.184338,0.29771610073404353
1208.0,12.0,2.3066503195558514,2.933554,3.854173,2.7628153402652016
1208.0,19.0,5.950901534696427,2.576158,6.945165,6.407066555405777
1208.0,24.0,7.337692633825759,5.134569,5.795651,7.793857654535109
1208.0,25.0,-4.283610267404541,-7.367929,-3.968623,-3.8274452466951905
1208.0,29.0,-8.857193998574962,-7.37415,-7.717084,-8.40102897786561
1208.0,31.0,-13.157630960626859,-6.409613,-12.625354,-12.701465939917508
1209.0,2.0,-0.3835875933082945,3.012415,2.998161,1.7804813003288986
1209.0,5.0,9.64984120542422,12.625119,12.82019,11.813910099061413
1209.0,6.0,-2.029102527125591,1.348928,1.162374,0.13496636651160188
1209.0,12.0,0.5507638970760914,1.75262,3.867245,2.7148327907132845
1209.0,19.0,4.734410414583681,2.221391,6.835534,6.898479308220874
1209.0,24.0,5.4465325866122996,2.879639,5.783181,7.610601480249493
1209.0,25.0,-6.5897009922118785,-6.273135,-3.867781,-4.4256320985746855
1209.0,29.0,-10.433665094342054,-6.96423,-7.575563,-8.26959620070486
1210.0,2.0,1.8229773516352266,0.238386,2.961785,2.2152378698106956
1210.0,5.0,12.041660992663786,8.099046,12.637232,12.433921510839255
1210.0,6.0,-0.24150154506857835,-1.332266,1.137121,0.1507589731068909
1210.0,12.0,2.2426192983048434,-1.661346,3.830584,2.6348798164803124
1210.0,19.0,5.945958673033332,7.669226,6.718781,6.338219191208801
1210.0,24.0,7.352586378060763,7.585375,5.720858,7.744846896236232
1210.0,25.0,-4.268116616836672,-6.380985,-3.789256,-3.8758560986612034
1210.0,29.0,-8.79496518895881,-9.569217,-7.441239,-8.402704670783342
1210.0,31.0,-13.10902077966379,-12.325524,-12.28857,-12.716760261488322
1211.0,2.0,1.859827144492999,10.54582,2.82455,2.205063353190682
1211.0,5.0,12.070963496090789,16.175912,12.380535,12.416199704788472
1211.0,6.0,-0.023179055452229425,1.612918,1.062508,0.3220571532454536
1211.0,12.0,2.2535113637805066,8.287443,3.676634,2.5987475724781897
1211.0,19.0,5.978670706866727,6.118081,6.586739,6.32390691556441
1211.0,24.0,7.413041911828146,8.233006,5.606653,7.758278120525829
1211.0,25.0,-4.232281903238294,1.834589,-3.804011,-3.8870456945406113
1211.0,29.0,-8.856444380050155,-3.564242,-7.36112,-8.511208171352472
1211.0,31.0,-13.381224051142913,-11.572873,-12.097488,-13.03598784244523
1212.0,2.0,1.795573037288384,0.432224,2.868517,2.1403660377068214
1212.0,5.0,12.326416563392652,8.423011,12.143258,12.67120956381109
1212.0,6.0,-0.17209148746373792,0.331314,1.135565,0.1727015129546995
1212.0,12.0,2.2124806508932524,-1.00902,3.687683,2.55727365131169
1212.0,19.0,6.030438051401807,5.714079,6.500053,6.375231051820245
1212.0,24.0,7.6361995363899275,2.177066,5.456257,7.980992536808365
1212.0,25.0,-4.36211473698902,-3.158782,-3.638654,-4.017321736570583
1212.0,29.0,-8.98929158667815,-6.582499,-7.172586,-8.644498586259711
1212.0,31.0,-13.593237607859354,-21.559794,-11.800115,-13.248444607440916
1213.0,2.0,-0.3486473917824321,3.041942,2.814311,1.9129804573369737
1213.0,5.0,9.54186994242307,14.685744,12.131986,11.803497791542476
1213.0,6.0,-1.8023783878619009,1.553056,1.038682,0.4592494612575049
1213.0,12.0,0.5226306649689868,6.286881,3.679653,2.7842585140883926
1213.0,24.0,6.247775118790451,9.958718,5.545445,8.509402967909857
1213.0,25.0,-6.199383163745251,-2.581859,-3.632248,-3.9377553146258455
1213.0,29.0,-10.48072852229077,-7.347497,-7.117957,-8.219100673171365
1214.0,2.0,-0.4307957216506485,6.945301,2.926908,1.9741945137263066
1214.0,5.0,9.377797711017667,11.782115,12.213187,11.782787946394622
1214.0,6.0,-1.9795164505421452,-0.731503,1.112096,0.4254737848348098
1214.0,12.0,0.5009558814471705,4.937564,3.799219,2.9059461168241256
1214.0,24.0,6.1269120017576935,9.36902,5.575933,8.531902237134648
1214.0,25.0,-6.195965405633731,-5.146972,-3.544385,-3.790975170256776
1214.0,29.0,-10.361659475354317,-3.456331,-7.084712,-7.956669239977362
1215.0,2.0,1.9285340783695784,1.374868,2.956658,2.3464278426269005
1215.0,5.0,12.328145064057074,11.465533,12.260506,12.746038828314395
1215.0,6.0,-0.1924775702198086,-3.471944,1.144591,0.22541619403751356
1215.0,12.0,2.310839969662541,0.392053,3.823193,2.728733733919863
1215.0,19.0,6.021635232206901,-7.282027,6.497867,6.439528996464222
1215.0,24.0,7.707960211807046,15.294242,5.573944,8.125853976064368
1215.0,25.0,-4.330157759164859,-6.146814,-3.550177,-3.9122639949075366
1215.0,29.0,-8.988682434354928,-8.733219,-7.119679,-8.570788670097606
1215.0,31.0,-13.534569651185421,-10.614081,-11.853799,-13.1166758869281
1216.0,2.0,1.8612263429013547,4.71093,2.973807,2.2036189195182576
1216.0,5.0,12.243021805076733,11.893961,12.243387,12.585414381693635
1216.0,6.0,-0.27728967125755244,0.043036,1.164082,0.06510290535935048
1216.0,12.0,2.3036065721141687,2.595398,3.836709,2.6459991487310717
1216.0,19.0,6.044942605912053,7.857884,6.49941,6.387335182528956
1216.0,24.0,7.495932218475169,10.033614,5.55611,7.838324795092072
1216.0,25.0,-4.32008059233705,-7.209457,-3.524433,-3.9776880157201475
1216.0,29.0,-8.833975287862222,-7.117981,-7.100587,-8.491582711245318
1216.0,31.0,-13.123988575082981,-15.557345,-11.823205,-12.781595998466077
1217.0,2.0,1.8064313503627378,2.479872,2.927932,2.231318526234593
1217.0,5.0,12.249086117281845,15.72894,12.165234,12.6739732931537
1217.0,6.0,-0.3375175948705512,1.325141,1.175213,0.0873695810013041
1217.0,12.0,2.2805517436768152,5.111625,3.759987,2.7054389195486706
1217.0,19.0,5.889057642946522,4.951565,6.516413,6.313944818818378
1217.0,24.0,7.5856877851962965,8.753357,5.466694,8.010574961068151
1217.0,25.0,-4.414423352133089,-6.153385,-3.570621,-3.989536176261234
1217.0,29.0,-8.919290023675442,-9.306482,-7.136769,-8.494402847803586
1217.0,31.0,-13.337083116788977,-13.854213,-11.780208,-12.91219594091712
1218.0,2.0,-0.3512565573961749,-1.282821,2.874456,1.8615723429404998
1218.0,5.0,10.160937045770929,8.803327,12.14006,12.373765946107603
1218.0,6.0,-2.0695889576435924,-4.267355,1.177758,0.14323994269308216
1218.0,12.0,0.6352327074361249,-2.631014,3.678986,2.8480616077727996
1218.0,19.0,4.65763511854457,6.30124,6.562556,6.870464018881244
1218.0,24.0,6.087655014434865,-2.690237,5.401641,8.30048391477154
1218.0,25.0,-6.710884949153704,-9.713727,-3.657055,-4.49805604881703
1218.0,29.0,-10.46072357402267,-7.396902,-7.222699,-8.247894673685995
1219.0,2.0,-0.3109506663905225,4.749185,2.762305,1.8328059087202737
1219.0,5.0,10.231543325931552,13.774889,12.101375,12.375299901042348
1219.0,6.0,-2.0231220290030256,-0.958785,1.135928,0.12063454610777047
1219.0,12.0,0.6613853544623208,2.673242,3.541904,2.805141929573117
1219.0,19.0,4.743413423007173,13.317815,6.594694,6.887169998117969
1219.0,24.0,6.163137809103943,-1.266375,5.340705,8.30689438421474
1219.0,25.0,-6.7235743638979,-3.499586,-3.800738,-4.579817788787104
1219.0,29.0,-10.51405893652167,-6.732474,-7.342596,-8.370302361410873
1220.0,2.0,-0.3360265519575948,7.119521,2.689414,1.825146915954158
1220.0,5.0,10.194013258397886,12.946648,12.070099,12.35518672630964
1220.0,6.0,-2.038107089545079,0.822839,1.126124,0.12306637836667367
1220.0,12.0,0.6607855742047491,8.450259,3.440575,2.821959042116502
1220.0,19.0,4.715060020297025,1.698202,6.638762,6.8762334882087774
1220.0,24.0,5.98709431943787,11.820143,5.273,8.148267787349623
1220.0,25.0,-6.753178453225581,2.333938,-3.907529,-4.592004985313828
1220.0,29.0,-10.47364133506143,-1.533498,-7.441944,-8.312467867149678
1221.0,2.0,2.007485212346519,3.277431,2.658377,2.3564224009757915
1221.0,5.0,12.502858101070398,12.459988,12.118471,12.85179528969967
1221.0,6.0,-0.17280075951515272,0.283267,1.112843,0.17613642911411953
1221.0,12.0,2.4015425668534167,5.884871,3.406576,2.750479755482689
1221.0,19.0,6.285769557396365,3.992225,6.683924,6.634706746025637
1221.0,24.0,7.584387979136199,9.487504,5.280428,7.933325167765472
1221.0,25.0,-4.363007356849546,-5.205524,-3.982673,-4.0140701682202735
1221.0,29.0,-8.97488536729812,-7.198984,-7.526103,-8.625948178668848
1221.0,31.0,-13.26152352919262,-0.689543,-11.969732,-12.91258634056335
1222.0,2.0,-0.16097939252856375,4.051534,2.707458,1.7379835181133538
1222.0,5.0,10.364630313615601,12.903864,12.243884,12.26359322425752
1222.0,6.0,-1.8318153556803454,-2.231722,1.097658,0.0671475549615721
1222.0,12.0,0.7655000957632935,1.349194,3.496676,2.664463006405211
1222.0,19.0,5.261589730076731,5.996384,6.68978,7.160552640718649
1222.0,24.0,5.742848344881044,10.432211,5.397468,7.641811255522962
1222.0,25.0,-6.682318415642507,-9.809259,-3.952864,-4.783355505000589
1222.0,29.0,-10.599680707209608,-7.713175,-7.519972,-8.700717796567691
1223.0,2.0,2.0721359839078515,4.726361,2.950224,2.2501793433192763
1223.0,5.0,12.621024002940283,12.156209,12.477966,12.799067362351707
1223.0,6.0,-0.04145479365856908,2.092094,1.242867,0.1365885657528555
1223.0,12.0,2.4802418725908817,5.295458,3.762617,2.6582852320023065
1223.0,19.0,6.496749842888349,7.592821,6.804664,6.674793202299774
1223.0,24.0,7.608992808645703,11.138264,5.502759,7.787036168057128
1223.0,25.0,-4.297316137594923,-5.217079,-3.79035,-4.119272778183499
1223.0,29.0,-8.918742612213483,-7.330285,-7.481533,-8.74069925280206
1223.0,31.0,-13.195211480439538,-10.770386,-12.147161,-13.017168121028114
1224.0,2.0,-0.33426334189371165,3.418378,2.858786,1.7677285952889106
1224.0,5.0,10.021497312900419,14.666415,12.317266,12.12348925008304
1224.0,6.0,-2.174970347077222,0.293213,1.198717,-0.07297840989460003
1224.0,12.0,0.6758523740545285,4.186814,3.656504,2.7778443112371507
1224.0,19.0,4.878417391642089,6.61607,6.73216,6.980409328824711
1224.0,24.0,5.502599912641815,-3.753829,5.422313,7.604591849824437
1224.0,25.0,-6.801012093125688,-3.202409,-3.812455,-4.6990201559430655
1224.0,29.0,-10.418261810952732,-6.182493,-7.44626,-8.31626987377011
1225.0,2.0,-0.25761696207276963,5.24671,2.495517,1.9199397679450652
1225.0,5.0,9.8829885379983,15.169384,11.978367,12.060545268016135
1225.0,6.0,-1.854347019929219,-0.452386,0.983166,0.32320971008861576
1225.0,12.0,0.6892901099760723,6.74897,3.263202,2.866846839993907
1225.0,24.0,6.226180713647673,12.683161,5.268312,8.403737443665507
1225.0,25.0,-6.309063409554656,-3.165566,-4.059995,-4.131506679536821
1225.0,29.0,-10.443764504603411,-5.161194,-7.516558,-8.266207774585578
1226.0,2.0,2.0084680987769685,6.067401,2.427255,1.9818377245328778
1226.0,5.0,12.634915716052499,13.378063,11.94069,12.608285341808408
1226.0,6.0,-0.05999566615769425,2.012434,0.952375,-0.08662604040178501
1226.0,12.0,2.4056009514130885,4.336516,3.184387,2.3789705771689977
1226.0,24.0,8.613936593419414,-11.158193,5.234748,8.587306219175323
1226.0,25.0,-4.0658799430019,-6.253864,-4.132024,-4.092510317245991
1226.0,29.0,-8.824803238759356,-4.454713,-7.568443,-8.851433613003447
1226.0,31.0,-13.26423021038544,-13.156966,-11.935691,-13.290860584629531
1227.0,2.0,-0.2245351448066889,6.545467,2.449525,1.7177004277021455
1227.0,5.0,10.497875534163954,13.88151,12.019674,12.440111106672788
1227.0,6.0,-1.9659844559656117,3.27667,0.944609,-0.023748883456777392
1227.0,12.0,0.7627246639855912,6.340176,3.227644,2.7049602364944256
1227.0,19.0,4.867592939931337,15.632474,6.591647,6.809828512440172
1227.0,24.0,6.1710214334378035,1.306735,5.297563,8.113257005946638
1227.0,25.0,-6.73975316304177,-4.810322,-4.130863,-4.7975175905329355
1227.0,29.0,-10.477482450699698,-6.030533,-7.584322,-8.535246878190865
1228.0,2.0,-0.1899393948467366,5.318633,2.560181,1.7052550708738181
1228.0,5.0,10.636876993316909,14.630276,12.153923,12.532071459037464
1228.0,6.0,-1.935030835022122,0.756986,0.987233,-0.03983636930156731
1228.0,12.0,0.8061772331332085,4.788822,3.36823,2.7013716988537633
1228.0,19.0,5.202105179850836,6.064647,6.626082,7.097299645571391
1228.0,24.0,6.132203621083117,4.515628,5.391329,8.027398086803672
1228.0,25.0,-6.744503803701028,-3.276074,-4.049043,-4.849309337980474
1228.0,29.0,-10.599681288668718,-6.518442,-7.555108,-8.704486822948162
1229.0,2.0,-0.1439196056761568,5.283047,2.760051,1.7087832209051506
1229.0,5.0,10.69727074340649,14.591323,12.358098,12.549973569987797
1229.0,6.0,-1.888344290558888,1.286042,1.079089,-0.035641463977580834
1229.0,12.0,0.8455085831161203,5.217783,3.60854,2.6982114096974277
1229.0,19.0,5.280100818190486,4.272306,6.685584,7.132803644771793
1229.0,24.0,6.08371247017619,9.734732,5.523793,7.936415296757497
1229.0,25.0,-6.739886937098967,-3.819829,-3.893287,-4.887184110517659
1229.0,29.0,-10.597969206013195,-6.603618,-7.490672,-8.745266379431888
1230.0,2.0,-0.14119460195260836,0.696939,2.945166,1.7205578400891062
1230.0,5.0,10.655033311117766,10.497735,12.524462,12.51678575315948
1230.0,6.0,-1.8964081715637011,2.107865,1.154658,-0.0346557295219867
1230.0,12.0,0.8540399612251236,1.964645,3.837976,2.715792403266838
1230.0,19.0,5.258599155313744,3.330504,6.71141,7.120351597355459
1230.0,24.0,6.047477472512758,1.137667,5.652627,7.909229914554472
1230.0,25.0,-6.741835140630086,-7.660765,-3.724075,-4.880082698588372
1230.0,29.0,-10.557799564753449,-7.175997,-7.39548,-8.696047122711734
1231.0,2.0,2.0900852818806186,6.63938,2.993436,2.1776947097944994
1231.0,5.0,12.967803802809911,13.242367,12.54327,13.055413230723792
1231.0,6.0,-0.14484325605555892,-0.341441,1.113559,-0.05723382814167832
1231.0,12.0,2.4988874280719537,2.907595,3.944432,2.5864968559858346
1231.0,19.0,6.6024587346609716,7.448923,6.609329,6.690068162574852
1231.0,24.0,7.94927419805703,6.113984,5.769549,8.03688362597091
1231.0,25.0,-4.35334419494789,-0.293045,-3.599005,-4.265734767034009
1231.0,29.0,-9.054658764076787,-8.105444,-7.25364,-8.967049336162907
1231.0,31.0,-13.433961923870294,-5.974755,-12.137294,-13.346352495956413
1232.0,2.0,-0.10399658569038206,4.400931,3.075523,1.6856129270856464
1232.0,5.0,10.784282574762429,12.464996,12.478555,12.573892087538457
1232.0,6.0,-1.8701392716393324,1.624324,1.142535,-0.08052975886330405
1232.0,12.0,0.8996006288730197,0.97791,4.048186,2.689210141649048
1232.0,19.0,5.359560355437076,6.687088,6.524738,7.149169868213105
1232.0,24.0,6.059886919102315,9.768029,5.784115,7.849496431878343
1232.0,25.0,-6.775037955678764,-7.125109,-3.427855,-4.985428442902736
1232.0,29.0,-10.592524413985094,-9.986954,-7.078323,-8.802914901209066
1233.0,2.0,2.0588719919049865,5.491429,3.129263,1.984913104384166
1233.0,5.0,13.182672703016538,14.846998,12.446282,13.108713815495717
1233.0,6.0,-0.10502554668263564,-1.702026,1.171889,-0.17898443420345622
1233.0,12.0,2.4822168616293663,7.142584,4.109347,2.4082579741085457
1233.0,19.0,6.798993736837212,16.006179,6.492213,6.725034849316391
1233.0,24.0,8.291300234435367,15.08282,5.781814,8.217341346914546
1233.0,25.0,-4.47364973769738,-5.311023,-3.33249,-4.5476086252182
1233.0,29.0,-9.229591878781081,-6.738609,-6.988796,-9.303550766301901
1233.0,31.0,-13.620881061090325,-6.703274,-11.908317,-13.694839948611145
1234.0,2.0,2.0876661821270748,5.376477,3.194956,1.9961183908568227
1234.0,5.0,13.18844727756134,13.75783,12.444051,13.096899486291088
1234.0,6.0,-0.05968136820129033,-1.081613,1.109669,-0.15122915947154236
1234.0,12.0,2.5180845412853614,6.029662,4.257527,2.426536750015109
1234.0,19.0,6.804821377794241,10.828957,6.32518,6.7132735865239885
1234.0,24.0,8.168185270672717,3.713436,5.93995,8.076637479402466
1234.0,25.0,-4.4348745768546785,-2.724654,-3.138249,-4.526422368124931
1234.0,29.0,-9.160045834215424,-4.761381,-6.760684,-9.251593625485675
1234.0,31.0,-13.526008222974207,-12.290978,-11.819573,-13.617556014244458
1235.0,2.0,-0.0188050990140739,5.105158,3.314944,1.696840352433874
1235.0,5.0,10.80144282349941,14.043795,12.453911,12.517088274947358
1235.0,6.0,-1.8014575050536026,-0.234082,1.246846,-0.0858120536056548
1235.0,12.0,0.9605912840880978,1.963833,4.339296,2.6762367355360457
1235.0,19.0,5.438123425857676,4.486234,6.414657,7.153768877305624
1235.0,24.0,5.930142984692602,3.490625,5.855354,7.64578843614055
1235.0,25.0,-6.7993850847260875,-6.458062,-3.055933,-5.08373963327814
1235.0,29.0,-10.547013242609205,-6.997611,-6.746846,-8.831367791161258
1236.0,2.0,-0.07340117923966372,1.502333,3.316081,1.6544541925043053
1236.0,5.0,10.824515437356279,10.242135,12.483919,12.552370809100248
1236.0,6.0,-1.8055962597015194,1.147015,1.305698,-0.07774088795755052
1236.0,12.0,0.9637289137545436,3.253857,4.300001,2.6915842854985126
1236.0,19.0,5.414973272988964,5.923392,6.524497,7.1428286447329326
1236.0,24.0,5.938678863151156,7.103305,5.779212,7.666534234895125
1236.0,25.0,-6.79575650162685,-7.226145,-3.1326,-5.067901129882881
1236.0,29.0,-10.521508732121378,-7.059213,-6.863202,-8.793653360377409
1237.0,2.0,-0.020914049736393214,2.814851,3.335175,1.6338953072934395
1237.0,5.0,10.947750157287622,10.397483,12.54142,12.602559514317456
1237.0,6.0,-1.711728066237253,1.455607,1.346065,-0.05691870920742037
1237.0,12.0,0.9953776705710345,3.735628,4.302255,2.650187027600867
1237.0,19.0,5.520175650965988,5.697227,6.604333,7.17498500799582
1237.0,24.0,6.001578892189061,4.263306,5.758448,7.656388249218893
1237.0,25.0,-6.766537344068545,-5.767925,-3.173473,-5.111727987038712
1237.0,29.0,-10.546800026624156,-5.709342,-6.940509,-8.891990669594325
1238.0,2.0,-0.032324059815463824,5.673247,3.325822,1.5855755608282731
1238.0,5.0,11.0058945394289,14.069467,12.576175,12.623794160072636
1238.0,6.0,-1.7678183952833084,2.088347,1.343076,-0.1499187746395716
1238.0,12.0,1.0147675453754887,7.231143,4.293374,2.6326671660192256
1238.0,19.0,5.516880956174714,10.806741,6.633298,7.134780576818451
1238.0,24.0,6.043520557239185,-7.16638,5.766888,7.661420177882921
1238.0,25.0,-6.783839387706155,-1.780609,-3.208768,-5.165939767062418
1238.0,29.0,-10.547053986174689,-4.737984,-6.985652,-8.929154365530952
1239.0,2.0,-0.12446310223532209,5.74,3.273751,1.593756604120478
1239.0,5.0,10.951029904702052,17.556505,12.583634,12.669249611057852
1239.0,6.0,-1.9227126914665629,-1.245895,1.284358,-0.20449298511076286
1239.0,12.0,0.9900054796061529,6.396427,4.260919,2.708225185961953
1239.0,19.0,5.288201099002239,8.608639,6.604761,7.006420805358039
1239.0,24.0,6.0537262722173315,16.426729,5.807536,7.7719459785731315
1239.0,25.0,-6.795916881255308,-0.557534,-3.249938,-5.077697174899508
1239.0,29.0,-10.482621878418659,-8.795684,-7.003331,-8.764402172062859
1240.0,2.0,-0.06268190424850151,3.396582,3.291585,1.595483828084867
1240.0,5.0,11.107378797440859,12.452466,12.596259,12.765544529774228
1240.0,6.0,-1.7529481380127852,-1.533772,1.307556,-0.09478240567941665
1240.0,12.0,1.0312087265166205,2.441098,4.273182,2.689374458849989
1240.0,19.0,5.409184442990043,2.520306,6.630452,7.067350175323411
1240.0,24.0,6.227684907686305,11.953362,5.795267,7.885850640019673
1240.0,25.0,-6.8013590576726335,-4.752851,-3.246104,-5.143193325339265
1240.0,29.0,-10.531119718256017,-6.272759,-7.015607,-8.87295398592265
1241.0,2.0,2.213081924305463,6.273799,3.351044,2.128901471940205
1241.0,5.0,13.456131623839005,13.395605,12.574845,13.371951171473746
1241.0,6.0,-0.11284478140023702,1.56296,1.325812,-0.1970252337654953
1241.0,12.0,2.702052444246033,5.475044,4.351409,2.617871991880775
1241.0,19.0,7.093334724382924,7.593111,6.581617,7.009154272017666
1241.0,24.0,8.212248092452686,9.462955,5.818944,8.128067640087428
1241.0,25.0,-4.434809296683164,-4.916072,-3.135235,-4.518989749048422
1241.0,29.0,-9.070638694337083,-5.284732,-6.907363,-9.15481914670234
1241.0,31.0,-13.31559295266023,-18.238136,-11.889791,-13.399773405025488
1242.0,2.0,0.001219537181530117,2.723045,3.382183,1.6290998089712208
1242.0,5.0,10.989951890347749,10.952929,12.526393,12.61783216213744
1242.0,6.0,-1.761510425471088,-4.158516,1.287745,-0.13363015368139752
1242.0,12.0,1.0426764338268102,2.649911,4.428288,2.6705567056165007
1242.0,19.0,5.4690574394471705,8.959697,6.458997,7.096937711236861
1242.0,24.0,5.922086550617439,6.686544,5.889863,7.5499668224071295
1242.0,25.0,-6.820419849729664,-7.020938,-3.002193,-5.192539577939973
1242.0,29.0,-10.457178211439878,-6.453466,-6.742636,-8.829297939650187
1243.0,2.0,2.2205265045201665,1.412154,3.384964,2.0627395147532495
1243.0,5.0,13.552669843398473,14.171794,12.484999,13.394882853631556
1243.0,6.0,-0.10562502097634596,1.130865,1.269439,-0.26341201074326326
1243.0,12.0,2.749375916920889,2.575917,4.447607,2.591588927153972
1243.0,19.0,7.167930901551104,6.487496,6.401938,7.010143911784187
1243.0,24.0,8.291907523869037,-8.8246,5.905776,8.13412053410212
1243.0,25.0,-4.4493834459860375,-6.430702,-2.948726,-4.607170435752955
1243.0,29.0,-9.07021837120929,-7.634442,-6.670833,-9.228005360976207
1243.0,31.0,-13.310495815438351,-9.567416,-11.731034,-13.468282805205268
1244.0,2.0,0.1219621084074064,2.426259,3.425079,1.642123172222016
1244.0,5.0,11.345077140493883,12.087895,12.457675,12.865238204308493
1244.0,6.0,-1.6785208407671943,1.274207,1.292252,-0.15835977695258485
1244.0,12.0,1.1394908697710777,1.815174,4.492968,2.659651933585687
1244.0,19.0,5.667979052371736,4.686535,6.377089,7.188140116186346
1244.0,24.0,6.242826685452109,8.089833,5.901395,7.762987749266719
1244.0,25.0,-6.8356300748908,-0.041421,-2.875837,-5.315469011076191
1244.0,29.0,-10.564783280101953,-8.662118,-6.602314,-9.044622216287344
1245.0,2.0,2.349010578522467,7.769147,3.595574,2.0696756086051677
1245.0,5.0,13.727564966437463,13.590117,12.522827,13.448229996520164
1245.0,6.0,0.10680023470959277,1.253804,1.431744,-0.17253473520770657
1245.0,12.0,2.8797044078047564,8.895717,4.650385,2.600369437887457
1245.0,19.0,7.326452233377084,6.809412,6.451383,7.047117263459784
1245.0,24.0,8.40179856412661,15.294416,5.882292,8.12246359420931
1245.0,25.0,-4.472067367140061,-0.322683,-2.735106,-4.75140233705736
1245.0,29.0,-9.098995280616741,-4.362829,-6.542812,-9.37833025053404
1245.0,31.0,-13.349270550804937,-6.476278,-11.620482,-13.628605520722235
1246.0,2.0,0.09732359646675526,3.877404,3.671005,1.6735089678902462
1246.0,5.0,11.343627068236172,13.865994,12.54085,12.919812439659662
1246.0,6.0,-1.8951447280674456,0.425716,1.444482,-0.3189593566439548
1246.0,12.0,1.1521545550062529,1.332928,4.757713,2.7283399264297437
1246.0,19.0,5.530144760682813,1.628355,6.402322,7.1063301321063035
1246.0,24.0,6.269205399688416,6.020497,5.943867,7.845390771111907
1246.0,25.0,-6.853391355537127,-9.316048,-2.613407,-5.277205984113636
1246.0,29.0,-10.548049877479185,-7.809803,-6.430348,-8.971864506055695
1247.0,2.0,0.05551606153184874,5.018569,3.673059,1.6707813551840136
1247.0,5.0,11.361045986877246,13.009311,12.527608,12.97631128052941
1247.0,6.0,-1.7521031703126875,-1.382419,1.380086,-0.13683787666052272
1247.0,12.0,1.12818401031691,3.250377,4.811028,2.743449303969075
1247.0,19.0,5.178612122806252,16.301939,6.293269,6.793877416458416
1247.0,24.0,6.484880169138951,15.968556,6.038435,8.100145462791115
1247.0,25.0,-6.901664794074136,-10.413543,-2.531363,-5.286399500421971
1247.0,29.0,-10.440916614430664,-8.99593,-6.313872,-8.8256513207785
1248.0,2.0,2.541058302839433,3.965981,3.685828,2.0684491603457364
1248.0,5.0,13.85510988459053,10.410895,12.488423,13.382500742096832
1248.0,6.0,0.327963331784649,2.480118,1.389302,-0.1446458107090477
1248.0,12.0,2.973804701366454,3.220623,4.824849,2.5011955588727575
1248.0,19.0,7.173903041934483,-1.016972,6.26921,6.7012938994407865
1248.0,24.0,8.534728678221219,13.310101,6.023336,8.062119535727522
1248.0,25.0,-4.3012290289540696,-2.761666,-2.488956,-4.773838171447766
1248.0,29.0,-9.067345926280785,-7.120883,-6.267174,-9.539955068774482
1248.0,31.0,-13.287416627506923,-14.099852,-11.474865,-13.76002577000062
1249.0,2.0,2.4572209714542543,4.151733,3.703972,2.0048584872177466
1249.0,5.0,13.948226978675978,9.782358,12.442324,13.49586449443947
1249.0,6.0,0.20727943968542284,1.288511,1.404064,-0.2450830445510851
1249.0,12.0,2.9487446068917373,1.396289,4.842468,2.4963821226552296
1249.0,19.0,7.319426249910083,0.102971,6.243396,6.867063765673575
1249.0,24.0,8.612167817695573,5.428135,6.002623,8.159805333459065
1249.0,25.0,-4.404412601325448,-4.15319,-2.437574,-4.856775085561956
1249.0,29.0,-9.103356325298721,-5.539705,-6.212227,-9.555718809535229
1249.0,31.0,-13.311866550281042,-16.841645,-11.407303,-13.76422903451755
1250.0,2.0,-1.3782269915012995,-0.239023,3.788551,1.7502375828439405
1250.0,5.0,9.959250432985609,12.496082,12.396762,13.08771500733085
1250.0,6.0,-3.1231989342449546,-2.969199,1.465392,0.005265640100285296
1250.0,12.0,0.19446233981279615,-1.435262,4.925724,3.322926914158036
1250.0,19.0,4.391604623725763,-1.129408,6.217991,7.520069198071003
1250.0,24.0,5.326477572133464,2.972355,5.976869,8.454942146478704
1250.0,25.0,-7.611970409490053,-7.216371,-2.307906,-4.483505835144813
1250.0,29.0,-11.670595610675749,-9.210009,-6.099417,-8.54213103633051
1251.0,2.0,-1.4029375182052561,0.581122,3.840106,1.4310651954578821
1251.0,5.0,10.008447737788916,13.713371,12.390808,12.842450451452056
1251.0,6.0,-3.0039431092848288,-2.055296,1.453149,-0.1699403956216905
1251.0,12.0,0.2170997925053867,0.340011,5.015034,3.051102506168525
1251.0,24.0,6.042882141083784,-0.61824,6.043804,8.876884854746923
1251.0,25.0,-6.9933796455718165,-6.948555,-2.190218,-4.159376931908678
1251.0,29.0,-11.395142907756295,-8.860957,-5.973215,-8.561140194093156
1252.0,2.0,0.162038564833212,6.110858,3.832996,0.9541766007496956
1252.0,5.0,12.094974441968377,12.813477,12.374119,12.88711247788486
1252.0,6.0,-2.0915009626413577,1.51084,1.427189,-1.299362926724874
1252.0,12.0,1.3932027574500756,6.14125,5.025589,2.185340793366559
1252.0,24.0,7.775155992765184,-2.46709,6.070239,8.567294028681667
1252.0,25.0,-5.76784889903698,-4.799085,-2.163702,-4.975710863120496
1252.0,29.0,-9.565432159674069,-5.393855,-5.931378,-8.773294123757585
1252.0,31.0,-14.106139389052078,-0.785672,-11.205244,-13.314001353135595
1253.0,2.0,0.26091305953400645,6.842053,3.871952,1.0018068404498068
1253.0,5.0,12.112404478312403,12.483214,12.321868,12.853298259228204
1253.0,6.0,-2.0121528507215096,2.753069,1.464666,-1.2712590698057094
1253.0,12.0,1.413686211943065,6.158057,5.057435,2.1545799928588654
1253.0,24.0,7.801889809511084,6.97637,6.0333,8.542783590426884
1253.0,25.0,-5.742065206572264,-3.961026,-2.092233,-5.001171425656464
1253.0,29.0,-9.528889439402025,-4.722718,-5.865149,-8.787995658486224
1253.0,31.0,-14.106522574080559,-12.894862,-11.117342,-13.36562879316476
1254.0,2.0,-1.3955292408692275,3.162127,3.902755,1.498394371832953
1254.0,5.0,10.154732736743814,11.113389,12.254746,13.048656349445995
1254.0,6.0,-3.106383813541379,-3.395706,1.468308,-0.21246020083919825
1254.0,12.0,0.2444859746581426,-0.394959,5.101922,3.1384095873603233
1254.0,24.0,6.276059070250649,13.889031,6.033857,9.16998268295283
1254.0,25.0,-7.1488312285689455,-9.395907,-1.991334,-4.254907615866765
1254.0,29.0,-11.454788250370266,-9.058076,-5.74882,-8.560864637668086
1255.0,2.0,0.02040537996143932,1.143497,3.87434,0.9687176477876086
1255.0,5.0,11.814821585922246,13.918847,12.125325,12.763133853748416
1255.0,6.0,-2.527154341260375,-1.571117,1.429259,-1.5788420734342057
1255.0,12.0,1.4598882514449372,5.181584,5.087269,2.4082005192711065
1255.0,24.0,7.7123963767782495,1.916407,6.018308,8.66070864460442
1255.0,25.0,-5.785421065867816,-3.645687,-1.918959,-4.837108798041646
1255.0,29.0,-9.483496306976852,-6.968516,-5.626005,-8.535184039150682
1255.0,31.0,-14.15983987332923,-6.214784,-10.870999,-13.21152760550306
1256.0,2.0,1.2833729724362195,-28.620151,3.342327,1.7564817468060037
1256.0,5.0,11.626287642383206,9.244951,11.900051,12.09939641675299
1256.0,12.0,1.7561752292800508,-0.206156,4.866754,2.229284003649835
1256.0,24.0,6.945505246438017,15.529463,6.59675,7.4186140208078015
1256.0,25.0,-5.829122782794763,0.359735,-1.970423,-5.356014008424979
1256.0,29.0,-9.41351794251957,-6.207343,-5.250023,-8.940409168149786
1256.0,31.0,-13.568339471095022,-12.569526,-10.869335,-13.095230696725238
1257.0,2.0,1.1091877341501197,-1.634392,2.634571,1.3460764228804267
1257.0,5.0,12.754784300716286,11.393165,11.735174,12.991672989446593
1257.0,6.0,-1.6527182862521093,-0.896133,-0.153637,-1.4158295975218023
1257.0,12.0,1.5006499895131133,1.074857,4.394045,1.7375386782434203
1257.0,24.0,7.27014408517524,18.317028,7.050398,7.507032773905547
1257.0,29.0,-9.891550682786681,-9.822192,-5.250269,-9.654661994056374
1257.0,31.0,-14.232548580909624,-17.181867,-11.108948,-13.995659892179317
1258.0,2.0,1.2935767777883882,-1.240264,2.412697,2.4325219239031375
1258.0,5.0,12.117654527991728,10.99666,11.674877,13.256599674106479
1258.0,6.0,-1.4060104729299718,-0.607952,-0.301445,-0.26706532681522255
1258.0,12.0,1.7589289824310477,0.637726,4.170202,2.897874128545797
1258.0,19.0,5.505715790002737,17.290403,4.519968,6.644660936117487
1258.0,24.0,6.667505687018594,-0.517885,7.035477,7.8064508331333435
1258.0,25.0,-5.7467008262739006,-9.170807,-2.610894,-4.607755680159151
1258.0,29.0,-9.876107253937958,-7.899063,-5.402347,-8.73716210782321
1258.0,31.0,-14.496997631845115,-16.969241,-11.208989,-13.358052485730365
1259.0,2.0,0.9916847972428967,-2.764475,2.475296,2.1067769970678802
1259.0,5.0,12.25713932741577,9.365028,11.665759,13.372231527240753
1259.0,6.0,-1.7802469709220041,-3.421487,-0.1536,-0.6651547710970207
1259.0,12.0,1.1177244496276684,0.356312,4.156124,2.232816649452652
1259.0,19.0,6.362678187110778,7.760863,4.67517,7.477770386935761
1259.0,25.0,-6.357997314322785,-8.482673,-2.637762,-5.242905114497802
1259.0,29.0,-10.694381049456721,-8.386428,-5.500559,-9.579288849631737
1259.0,31.0,-14.746488643188096,-12.102689,-11.186031,-13.631396443363112
1260.0,2.0,1.1134456970124917,3.661923,2.52199,1.9663449641725048
1260.0,5.0,12.397116497027797,12.47192,11.626036,13.250015764187811
1260.0,6.0,-1.4653655528322203,2.577763,-0.003861,-0.6124662856722072
1260.0,12.0,1.0907846744920953,8.039253,4.115712,1.9436839416521083
1260.0,19.0,6.748935309120319,5.014702,4.830543,7.601834576280332
1260.0,25.0,-6.232038967644841,-3.090744,-2.677395,-5.379139700484828
1260.0,29.0,-10.583799963082877,-3.420473,-5.605181,-9.730900695922863
1260.0,31.0,-14.631247359499266,-9.695469,-11.1437,-13.778348092339254
1261.0,2.0,1.4210899339065017,1.965248,2.593112,2.3793984154149896
1261.0,5.0,12.610536337061333,10.938866,11.589584,13.568844818569822
1261.0,6.0,-0.7550704552279833,0.000859,0.205363,0.20323802628050458
1261.0,12.0,1.345604070054649,2.338424,4.06758,2.303912551563137
1261.0,19.0,7.68356178458923,12.289448,5.053254,8.641870266097719
1261.0,25.0,-6.056331659276057,-4.457932,-2.734743,-5.098023177767569
1261.0,29.0,-11.063004518843467,-8.289875,-5.757149,-10.104696037334978
1261.0,31.0,-14.956797105180955,-14.489683,-11.101247,-13.998488623672468
1262.0,2.0,1.4666774685480597,6.648596,2.706734,1.8096745939853922
1262.0,5.0,13.251942009582422,10.373167,11.500332,13.594939135019754
1262.0,6.0,-0.15950394278793845,3.884395,0.600309,0.18349318264939407
1262.0,12.0,1.1249231885150346,7.392935,3.942714,1.467920313952367
1262.0,19.0,8.171585868801975,17.403693,5.481725,8.514582994239307
1262.0,29.0,-11.544320210304114,-2.919655,-6.066138,-11.201323084866782
1262.0,31.0,-14.584258744278065,-12.747672,-11.018103,-14.241261618840733
1263.0,2.0,1.6355026561775352,0.503709,2.885791,1.6986569720777216
1263.0,5.0,13.478460301057924,9.167141,11.368201,13.54161461695811
1263.0,6.0,0.2684232751438421,-0.75611,1.253434,0.3315775910440285
1263.0,12.0,1.2793154643722948,2.634812,3.72147,1.3424697802724812
1263.0,19.0,9.205788829011935,8.114567,6.209189,9.268943144912122
1263.0,29.0,-11.745266558896565,-8.273124,-6.60865,-11.682112242996379
1263.0,31.0,-14.122448239833135,-8.648598,-10.90801,-14.059293923932948
1264.0,2.0,1.3823759670434805,8.021207,3.120396,1.123392313922782
1264.0,5.0,12.91340747814786,13.154672,11.260699,12.654423825027163
1264.0,6.0,0.4673257368382425,4.64555,1.88683,0.20834208371754392
1264.0,12.0,1.2421801476842527,6.453365,3.599452,0.9831964945635541
1264.0,19.0,10.342982833690463,8.429173,6.862214,10.083999180569766
1264.0,25.0,-6.204945290714545,1.297813,-3.269293,-6.463928943835244
1264.0,29.0,-11.900806372618575,-5.201559,-7.033414,-12.159790025739273
1264.0,31.0,-13.977786920070157,-9.783477,-10.764564,-14.236770573190856
1265.0,2.0,1.6268651774747607,6.66206,3.427083,0.6089441465920498
1265.0,5.0,13.421748796832906,11.05201,11.195285,12.403827765950195
1265.0,6.0,1.3724467944816157,3.442989,2.448826,0.35452576359890475
1265.0,12.0,1.255206665083799,6.303248,3.64102,0.23728563420108806
1265.0,19.0,10.68563397208821,16.993501,7.354721,9.6677129412055
1265.0,29.0,-12.138154846354517,-2.619773,-7.243374,-13.156075877237228
1265.0,31.0,-13.173642044902675,-10.381388,-10.573784,-14.191563075785385
1266.0,2.0,2.984742789140155,1.017281,3.712589,1.9558098704370552
1266.0,5.0,13.138730022380571,11.156435,11.103278,12.109797103677472
1266.0,6.0,3.5760581843687618,-0.05901,2.880092,2.547125265665662
1266.0,12.0,2.2382121663089034,0.149843,3.747922,1.2092792476058039
1266.0,19.0,10.213121462115044,24.124255,7.651377,9.184188543411945
1266.0,24.0,3.265183252306035,-0.189786,3.314657,2.2362503336029356
1266.0,29.0,-11.912421512183334,-8.766354,-7.267496,-12.941354430886435
1266.0,31.0,-11.797627296030074,-12.989106,-10.327882,-12.826560214733174
1267.0,2.0,3.3705099470675126,5.834056,3.954229,2.557304412660905
1267.0,5.0,13.169395590652398,9.282227,10.82446,12.35619005624579
1267.0,6.0,4.251873787935923,0.314433,3.238061,3.4386682535293156
1267.0,12.0,2.4208541115362587,2.358723,3.838352,1.607648577129651
1267.0,19.0,10.766892051446185,5.789443,7.760848,9.953686517039577
1267.0,24.0,2.5685323107175,10.603329,2.910112,1.7553267763108922
1267.0,29.0,-11.825451022067151,-8.580017,-7.093999,-12.638656556473759
1267.0,31.0,-11.576802224146482,-11.408936,-9.88094,-12.39000775855309
1268.0,2.0,3.9001410662828393,4.491085,4.296678,3.3900227566459664
1268.0,5.0,12.513722392959924,7.464314,10.637236,12.00360408332305
1268.0,6.0,5.0222198103893225,2.622513,3.661194,4.51210150075245
1268.0,12.0,2.6918060360685274,1.370485,4.034484,2.1816877264316545
1268.0,19.0,11.635322428070232,19.404334,7.921261,11.12520411843336
1268.0,24.0,2.2760796609671816,3.60094,2.5385,1.7659613513303087
1268.0,25.0,-5.026722272999984,-1.296268,-2.465141,-5.536840582636857
1268.0,29.0,-11.60830405756197,-7.376627,-6.906463,-12.118422367198843
1268.0,31.0,-11.40047036632763,-10.074849,-9.462959,-11.910588675964503
1269.0,2.0,3.3698941858630063,3.75764,4.438841,3.178309148459142
1269.0,5.0,12.791563253665036,9.821883,10.353253,12.59997821626117
1269.0,6.0,3.9979100962826646,3.379844,4.114066,3.8063250588788002
1269.0,12.0,1.9515753128885027,2.270575,3.902312,1.7599902754846384
1269.0,19.0,13.671986842516686,15.928192,8.280753,13.480401805112821
1269.0,25.0,-5.9326200851744755,-6.311899,-2.483324,-6.12420512257834
1269.0,29.0,-12.246530889658906,-8.395092,-7.071721,-12.438115927062771
1269.0,31.0,-11.908186411211002,-11.713291,-9.142761,-12.099771448614867
1270.0,2.0,3.9919033151240044,9.982014,4.62161,3.7645763584188554
1270.0,5.0,12.043525446779324,15.432263,10.184995,11.816198490074175
1270.0,6.0,5.892623049112365,4.166049,4.542756,5.665296092407216
1270.0,12.0,2.6305275807774837,6.006811,3.852684,2.4032006240723347
1270.0,19.0,12.144486458394672,10.056715,8.634389,11.917159501689524
1270.0,24.0,1.1244530053944937,-7.467984,1.365214,0.8971260486893446
1270.0,25.0,-4.801215021913925,0.945474,-2.473012,-5.028541978619074
1270.0,29.0,-11.625525773436646,-6.325677,-7.22462,-11.852852730141795
1270.0,31.0,-10.902020936341343,-8.589058,-8.909603,-11.129347893046491
1271.0,2.0,4.1185661470204025,3.227116,4.836298,4.168895183353023
1271.0,5.0,11.69856669953813,10.569966,10.071411,11.74889573587075
1271.0,6.0,6.158653610158383,1.740898,4.98348,6.208982646491003
1271.0,12.0,2.59020089279427,0.10962,3.843565,2.64052992912689
1271.0,19.0,12.200306661173766,0.603411,9.007585,12.250635697506386
1271.0,24.0,0.5550327297937753,-0.554916,0.870074,0.6053617661263954
1271.0,25.0,-4.8765116176524925,-5.388919,-2.449494,-4.826182581319872
1271.0,29.0,-11.937361085360925,-9.966363,-7.383026,-11.887032049028305
1271.0,31.0,-10.847477970743656,-9.819953,-8.712909,-10.797148934411036
1272.0,2.0,4.17517378914259,10.869131,5.056306,3.983049335895715
1272.0,5.0,11.235759525712833,8.983971,9.957687,11.043635072465957
1272.0,6.0,6.600552780596682,2.570691,5.441228,6.408428327349807
1272.0,12.0,2.6746648440818133,7.155969,3.829444,2.482540390834938
1272.0,24.0,0.3028245589152626,-4.01295,0.354394,0.11070010566838728
1272.0,25.0,-4.0385044208392324,-3.319964,-2.43373,-4.230628874086108
1272.0,29.0,-10.934583848311139,-2.102576,-7.557229,-11.126708301558015
1272.0,31.0,-9.97405914491748,-7.127541,-8.516668,-10.166183598164356
1273.0,2.0,4.396166446130275,4.281987,5.255015,4.319446132526133
1273.0,5.0,11.284202273273655,6.74898,9.806631,11.207481959669513
1273.0,6.0,7.0274576574236125,1.976534,5.908782,6.950737343819471
1273.0,12.0,2.6468987807144737,-0.837571,3.774429,2.570178467110332
1273.0,24.0,-0.05041368021500958,1.945137,-0.210281,-0.12713399381915125
1273.0,25.0,-3.9412533925458026,-9.758817,-2.4453,-4.017973706149944
1273.0,29.0,-10.959946164822568,-12.227822,-7.754632,-11.03666647842671
1273.0,31.0,-10.045687011623079,-9.329914,-8.301429,-10.12240732522722
1274.0,2.0,4.34449893760488,5.055007,5.489822,4.827435388467839
1274.0,5.0,10.687084257262903,6.609445,9.631813,11.170020708125861
1274.0,6.0,7.1809570446869415,4.737078,6.34877,7.6638934955499005
1274.0,12.0,2.220052906316778,1.333261,3.793878,2.702989357179737
1274.0,19.0,12.283575638074304,18.121822,10.118411,12.766512088937262
1274.0,24.0,-1.2515794902950539,5.953309,-0.707514,-0.7686430394320949
1274.0,25.0,-4.781073075761445,-6.767257,-2.34333,-4.298136624898486
1274.0,29.0,-11.97527745531181,-7.108398,-7.816319,-11.49234100444885
1274.0,31.0,-10.509904709729637,-13.568751,-8.012346,-10.026968258866678
1275.0,2.0,4.5218036227084415,12.960491,5.780571,4.258629366797692
1275.0,5.0,10.99844082764366,8.537319,9.448443,10.735266571732911
1275.0,6.0,7.501268692054967,10.666335,6.825217,7.238094436144218
1275.0,12.0,2.4113365400669586,5.539731,3.86997,2.1481622841562094
1275.0,24.0,-0.9531651227024646,-8.028787,-1.208719,-1.2163393786132137
1275.0,25.0,-3.760701153737087,1.483719,-2.166863,-4.023875409647836
1275.0,29.0,-10.585459399005808,-5.084638,-7.816562,-10.848633654916558
1275.0,31.0,-9.925017743842666,-5.404865,-7.669539,-10.188191999753416
1276.0,2.0,4.594079393165661,4.559125,6.035639,4.447342654455483
1276.0,5.0,10.788165070414369,7.519143,9.264753,10.64142833170419
1276.0,6.0,7.742605930118237,2.952731,7.25506,7.595869191408059
1276.0,12.0,2.428804474436207,1.012664,3.926951,2.282067735726029
1276.0,24.0,-2.0640005777468,14.329245,-1.674709,-2.210737316456978
1276.0,25.0,-3.791381501723258,-3.972624,-2.009879,-3.938118240433436
1276.0,29.0,-10.632287158856066,-6.546224,-7.814311,-10.779023897566244
1276.0,31.0,-9.872871143826982,-12.816617,-7.346108,-10.01960788253716
1277.0,2.0,-4.010790649881161,7.207764,6.299017,0.5146606929430382
1277.0,5.0,2.9416333570215842,6.86949,9.041632,7.467084699845784
1277.0,6.0,-2.422699757366611,5.663135,7.712426,2.1027515854575887
1277.0,12.0,-3.7953475305570255,6.326721,3.974348,0.7301038122671741
1277.0,25.0,-6.898580459320098,-1.553667,-1.840647,-2.3731291164958987
1277.0,29.0,-11.594762461788259,-4.60641,-7.802511,-7.069311118964059
1277.0,31.0,-10.213519662773725,3.495656,-6.977494,-5.688068319949526
1278.0,2.0,-2.6895930137515176,6.456941,6.542982,1.314483327026732
1278.0,5.0,2.6554237579997455,9.676525,8.817635,6.659500098777995
1278.0,6.0,-0.7015535633536346,4.930543,8.154804,3.302522777424615
1278.0,12.0,-3.281702573444354,1.695052,4.003385,0.7223737673338957
1278.0,19.0,5.589208201394988,24.86856,11.230777,9.593284542173237
1278.0,25.0,-6.812593317043839,-1.164521,-1.692568,-2.8085169762655893
1278.0,29.0,-12.072645694814504,-6.473303,-7.80481,-8.068569354036255
1278.0,31.0,-9.508359842654604,-13.173751,-6.622227,-5.504283501876355
1279.0,2.0,2.21897486290748,4.480805,6.793528,3.9571385663315573
1279.0,5.0,5.863944035003439,9.054488,8.594686,7.602107738427517
1279.0,6.0,4.677110038862181,5.690943,8.591156,6.415273742286258
1279.0,12.0,0.7146961737544036,0.667765,4.046683,2.452859877178481
1279.0,19.0,7.926613875973586,0.860074,11.486371,9.664777579397663
1279.0,24.0,-3.8419037124359674,-2.184529,-3.193967,-2.10374000901189
1279.0,25.0,-5.155444159894803,-4.893318,-1.52634,-3.417280456470726
1279.0,29.0,-9.454589903542573,-7.670257,-7.785641,-7.716426200118495
1280.0,2.0,2.984470884168954,8.353954,6.969553,5.364728539857353
1280.0,5.0,6.065155417280499,5.752086,8.413544,8.445413072968897
1280.0,6.0,5.048989233483031,6.605635,8.931867,7.429246889171429
1280.0,12.0,1.5140688960130495,4.240557,4.05043,3.894326551701448
1280.0,19.0,8.087194117764291,15.418235,11.702468,10.467451773452689
1280.0,24.0,-4.205474871400651,11.281783,-3.602057,-1.8252172157122524
1280.0,25.0,-5.21222098930748,-3.287885,-1.429735,-2.8319633336190813
1280.0,29.0,-9.585406165076622,-8.314156,-7.802696,-7.2051485093882235
1281.0,2.0,2.8138485344627364,13.612101,6.782665,4.6834009568311075
1281.0,5.0,6.007212950252295,11.245819,8.269265,7.876765372620666
1281.0,6.0,4.930518644034078,11.44123,8.806778,6.800071066402449
1281.0,12.0,1.3763026155373206,10.022566,3.85782,3.245855037905692
1281.0,19.0,8.057990036035221,12.209466,11.617928,9.927542458403593
1281.0,24.0,-3.9015172600798893,-1.145738,-3.647612,-2.031964837711518
1281.0,25.0,-4.981857853577082,0.983443,-1.563994,-3.11230543120871
1281.0,29.0,-9.251046113441591,-2.181265,-7.844691,-7.381493691073219
1282.0,2.0,2.8183080021625724,11.227326,6.834544,4.601518102544077
1282.0,5.0,5.964278377693682,8.486279,8.289837,7.747488478075187
1282.0,6.0,4.92096542288808,5.907831,8.781514,6.704175523269585
1282.0,12.0,1.3908396860240604,10.522772,3.955933,3.1740497864055652
1282.0,19.0,8.029994759720557,19.681005,11.536342,9.813204860102061
1282.0,24.0,-4.054542974094734,-3.765254,-3.552703,-2.2713328737132294
1282.0,25.0,-4.95985417996568,1.786447,-1.450427,-3.176644079584175
1282.0,29.0,-9.254820206551274,-2.735587,-7.721062,-7.47161010616977
1283.0,2.0,3.1263413697459894,4.044007,7.096886,3.817399869855543
1283.0,5.0,7.023287008204257,4.888671,8.411889,7.71434550831381
1283.0,6.0,5.131726080875756,6.466136,8.959687,5.82278458098531
1283.0,12.0,1.5725270350098004,-0.155269,4.221798,2.263585535119354
1283.0,19.0,8.475488785919445,7.834281,11.606486,9.166547286029
1283.0,24.0,-3.582844282606671,2.026708,-3.523255,-2.8917857824971174
1283.0,25.0,-4.032317133629237,-6.492405,-1.211833,-3.3412586335196837
1283.0,29.0,-8.978215552697149,-10.554395,-7.590999,-8.287157052587595
1283.0,31.0,-7.439636557091537,-2.65393,-5.867513,-6.748578056981983
1284.0,2.0,3.0600824670260716,7.47619,7.096449,3.8829150471772484
1284.0,5.0,6.967944015528343,6.437293,8.357169,7.79077659567952
1284.0,6.0,5.134661450522516,8.409836,8.935455,5.9574940306736925
1284.0,12.0,1.4848459972589936,6.258396,4.237709,2.3076785774101705
1284.0,19.0,8.533209630283185,12.704551,11.533929,9.356042210434362
1284.0,24.0,-3.424187151509197,-15.977364,-3.50791,-2.60135457135802
1284.0,25.0,-3.878849927240812,-3.144176,-1.151471,-3.056017347089635
1284.0,29.0,-8.945582447742046,-3.788955,-7.503589,-8.12274986759087
1284.0,31.0,-7.38938660969113,-5.88532,-5.795215,-6.566554029539953
1285.0,2.0,3.371278939629114,2.911633,7.084315,4.301062362075223
1285.0,5.0,6.9837464770556945,3.816965,8.27827,7.913529899501803
1285.0,6.0,5.324213867835275,4.322919,8.944354,6.253997290281385
1285.0,12.0,1.7382003782640538,-2.374662,4.210132,2.667983800710163
1285.0,19.0,8.710645957824488,8.913922,11.509246,9.640429380270596
1285.0,24.0,-3.75052703457997,6.324298,-3.562335,-2.8207436121338607
1285.0,25.0,-3.9048650805063927,-7.363884,-1.133019,-2.9750816580602835
1285.0,29.0,-9.085895945078331,-7.0503,-7.468765,-8.156112522632222
1285.0,31.0,-7.452259605359392,-10.991393,-5.717902,-6.522476182913282
1286.0,2.0,3.2307432964833005,9.247407,6.936648,4.385525583131983
1286.0,5.0,6.6662802613848084,8.289009,8.007595,7.82106254803349
1286.0,6.0,5.253204236685228,5.159329,8.914853,6.407986523333911
1286.0,12.0,1.5906508623763544,4.925761,4.000617,2.7454331490250365
1286.0,19.0,8.604370246231161,7.161165,11.446897,9.759152532879844
1286.0,24.0,-3.7857256243180784,3.25094,-3.759718,-2.6309433376693963
1286.0,25.0,-3.6594168312294633,-1.753012,-1.211505,-2.504634544580781
1286.0,29.0,-8.932693476635963,-7.374665,-7.467051,-7.777911189987281
1286.0,31.0,-7.431599099220672,1.484222,-5.538521,-6.27681681257199
1287.0,2.0,3.491708873487522,2.433995,6.685727,4.529409554526647
1287.0,5.0,7.108303132933907,-1.411227,7.636033,8.146003813973032
1287.0,6.0,5.473500504410397,-0.6051,8.821927,6.511201185449522
1287.0,12.0,1.8256453565791562,-4.786857,3.679654,2.8633460376182813
1287.0,19.0,8.822424928441315,5.216799,11.332753,9.86012560948044
1287.0,24.0,-3.763195846426524,-2.788806,-3.998146,-2.725495165387399
1287.0,25.0,-3.8289748502263263,-9.621176,-1.356977,-2.791274169187201
1287.0,29.0,-9.125093553502815,-16.311308,-7.478625,-8.08739287246369
1287.0,31.0,-7.548774767599602,12.359745,-5.322702,-6.511074086560477
1288.0,2.0,3.4294086090731666,6.701377,6.608047,4.50756515591353
1288.0,5.0,7.314103128843096,3.891241,7.562634,8.392259675683459
1288.0,6.0,5.502318434285268,5.922967,8.788671,6.580474981125631
1288.0,12.0,1.8264370319491041,-1.656847,3.584828,2.9045935787894672
1288.0,19.0,8.90719945501883,7.479695,11.317668,9.985356001859193
1288.0,24.0,-3.7484774757038517,8.703608,-4.050214,-2.6703209288634886
1288.0,25.0,-3.629967537016343,-6.386965,-1.423906,-2.55181099017598
1288.0,29.0,-9.094141136918081,-8.331984,-7.512638,-8.015984590077718
1288.0,31.0,-7.69041544236586,-13.608755,-5.303572,-6.612258895525497
1289.0,2.0,3.498922077096245,9.919378,6.580534,4.58215949466771
1289.0,5.0,7.407113064012156,5.179945,7.634052,8.490350481583622
1289.0,6.0,5.571190600001187,6.923581,8.742807,6.654428017572653
1289.0,12.0,1.8581211762070486,2.239177,3.579976,2.9413585937785145
1289.0,19.0,9.001867329229837,9.36091,11.323469,10.085104746801303
1289.0,24.0,-3.95733927147839,3.720685,-3.982057,-2.8741018539069243
1289.0,25.0,-3.620452531473261,-4.165419,-1.474094,-2.5372151139017953
1289.0,29.0,-9.197085108593704,-7.557892,-7.559906,-8.113847691022238
1289.0,31.0,-7.806746853088204,17.296553,-5.399734,-6.723509435516738
1290.0,2.0,3.3336310101248885,12.36412,6.59127,5.337333910821879
1290.0,5.0,6.361188345423213,16.506477,7.776632,8.364891246120205
1290.0,6.0,5.419106419683257,11.607381,8.700739,7.4228093203802485
1290.0,12.0,1.7067751508604259,5.636476,3.632411,3.710478051557417
1290.0,19.0,8.655738033385429,12.5461,11.340216,10.65944093408242
1290.0,24.0,-4.5265572621311625,-0.616874,-3.856744,-2.522854361434171
1290.0,25.0,-4.812085094422723,0.612625,-1.500367,-2.8083821937257314
1290.0,29.0,-9.804621956497543,-9.493455,-7.602387,-7.800919055800552
1291.0,2.0,3.515411813439686,10.81398,6.642913,4.627798532000634
1291.0,5.0,7.448899677877981,8.246904,7.934778,8.561286396438929
1291.0,6.0,5.585663192971669,9.278969,8.722506,6.698049911532617
1291.0,12.0,1.8204309224923874,4.171025,3.698968,2.932817641053335
1291.0,19.0,9.03377503165281,13.535131,11.42115,10.146161750213757
1291.0,24.0,-4.127087373707009,0.561654,-3.782107,-3.0147006551460613
1291.0,25.0,-3.627767960537848,1.790118,-1.525269,-2.5153812419769004
1291.0,29.0,-9.273339700019976,-6.806657,-7.677577,-8.16095298145903
1291.0,31.0,-7.803097482655571,-3.01476,-5.684125,-6.690710764094623
1292.0,2.0,3.0473663873307224,17.966757,6.678566,4.724004429867731
1292.0,5.0,6.236139173562926,11.641021,8.017741,7.912777216099935
1292.0,6.0,5.259354016336302,15.362592,8.768709,6.93599205887331
1292.0,12.0,1.528619437015874,10.49739,3.720479,3.2052574795528823
1292.0,19.0,8.62407767706225,17.485519,11.507901,10.300715719599257
1292.0,24.0,-4.432223934175139,-22.370621,-3.787017,-2.7555858916381304
1292.0,25.0,-4.6858813169456655,7.257622,-1.558422,-3.0092432744086572
1292.0,29.0,-9.715717362432036,-1.173164,-7.753865,-8.039079319895027
1293.0,2.0,3.0902836133323293,11.431474,6.683514,4.806096278275532
1293.0,5.0,6.29174084667002,2.13567,8.030022,8.007553511613223
1293.0,6.0,5.335412545167336,12.81311,8.81133,7.051225210110538
1293.0,12.0,1.5486123524551187,7.010092,3.695987,3.264425017398321
1293.0,19.0,8.712389812918076,11.286977,11.576197,10.428202477861278
1293.0,24.0,-4.411443394428967,5.553364,-3.841951,-2.6956307294857647
1293.0,25.0,-4.722911065397894,1.220746,-1.601501,-3.0070984004546917
1293.0,29.0,-9.774492702589031,-3.043427,-7.820836,-8.058680037645829
1294.0,2.0,3.574384075153029,9.113886,6.701264,4.475991282030076
1294.0,5.0,7.446633502356921,7.003438,8.025073,8.348240709233968
1294.0,6.0,5.728645936805536,11.501045,8.864762,6.630253143682584
1294.0,12.0,1.924221161989772,6.246908,3.682092,2.8258283688668198
1294.0,19.0,9.25951853164978,8.380298,11.636003,10.161125738526827
1294.0,24.0,-4.043119905404702,-6.520984,-3.90716,-3.1415126985276545
1294.0,25.0,-3.724045689785913,0.372438,-1.620306,-2.8224384829088653
1294.0,29.0,-9.402902185276865,-5.875326,-7.863656,-8.501294978399818
1294.0,31.0,-7.617349385950658,-1.079209,-5.782448,-6.71574217907361
1295.0,2.0,3.6363274707268354,12.836582,6.707815,4.470524731865486
1295.0,5.0,7.568883265956032,7.120902,8.050285,8.403080527094682
1295.0,6.0,5.77567947696758,10.800556,8.907701,6.60987673810623
1295.0,12.0,1.9716262697390068,4.325535,3.660181,2.805823530877657
1295.0,19.0,9.347648581507185,12.70911,11.711506,10.181845842645835
1295.0,24.0,-4.029164076492011,-1.247799,-3.956255,-3.1949668153533604
1295.0,25.0,-3.799511839333042,3.230208,-1.668967,-2.9653145781943917
1295.0,29.0,-9.506763350705391,-3.968676,-7.939728,-8.672566089566741
1295.0,31.0,-7.667866323449943,-1.123602,-5.821026,-6.833669062311293
1296.0,2.0,3.5545359789535595,12.360107,6.694641,4.343485947170919
1296.0,5.0,7.551584681019568,10.484152,8.086908,8.340534649236927
1296.0,6.0,5.7497399886889875,11.270655,8.928267,6.538689956906348
1296.0,12.0,1.9135590755435006,5.994974,3.625769,2.7025090437608603
1296.0,19.0,9.4185415301052,10.976958,11.781403,10.20749149832256
1296.0,24.0,-4.109591979764997,-6.290046,-3.986488,-3.3206420115476374
1296.0,25.0,-3.7917312643135483,-0.41583,-1.739293,-3.0027812960961886
1296.0,29.0,-9.548440400084122,-7.821271,-8.03034,-8.759490431866762
1296.0,31.0,-7.644870721038989,-3.419034,-5.885206,-6.855920752821628
1297.0,2.0,3.7369180872223575,9.883982,6.735655,4.764825888997422
1297.0,5.0,7.613186611281013,3.039373,8.105175,8.641094413056077
1297.0,6.0,5.904650767493437,11.856215,9.003042,6.932558569268502
1297.0,12.0,1.9928847337239262,5.358189,3.631604,3.020792535498991
1297.0,19.0,9.488405844454308,17.687486,11.864039,10.516313646229372
1297.0,24.0,-4.111120964680472,-4.544388,-4.052837,-3.083213162905407
1297.0,25.0,-3.743592421688799,0.960197,-1.75081,-2.715684619913734
1297.0,29.0,-9.562112810447587,-4.730232,-8.08155,-8.534205008672522
1297.0,31.0,-7.782607487316594,-4.542773,-5.891879,-6.754699685541529
1298.0,2.0,3.351877107702808,5.510797,6.77855,5.020987191549981
1298.0,5.0,6.716198458248042,1.778893,8.194941,8.385308542095213
1298.0,6.0,5.6753058245888335,9.316513,9.061325,7.344415908436006
1298.0,12.0,1.7044142132682163,-3.185894,3.655161,3.373524297115389
1298.0,19.0,9.142743841005963,9.586231,11.966024,10.811853924853136
1298.0,24.0,-4.493002785682346,-3.259411,-4.06635,-2.823892701835173
1298.0,25.0,-4.722354304682395,-5.787344,-1.787143,-3.0532442208352224
1298.0,29.0,-10.103501970194637,-8.974823,-8.168498,-8.434391886347465
1299.0,2.0,3.3734882306365024,4.56613,6.727836,4.992871503720043
1299.0,5.0,6.8143615783878255,3.617733,8.247813,8.433744851471367
1299.0,6.0,5.776517331669106,7.508954,9.012338,7.395900604752646
1299.0,12.0,1.7169696513841792,-0.169882,3.61729,3.33635292446772
1299.0,19.0,9.254665372029597,12.086704,11.980183,10.874048645113138
1299.0,24.0,-4.356739592549765,-1.579541,-4.022274,-2.7373563194662243
1299.0,25.0,-4.681997173001071,-5.367707,-1.866613,-3.0626138999175305
1299.0,29.0,-10.10348773597317,-8.880114,-8.239876,-8.48410446288963
1300.0,2.0,3.368141992275398,12.830846,6.599305,5.040144105787816
1300.0,5.0,6.6366218727651995,9.165772,8.192256,8.308623986277617
1300.0,6.0,5.775696130495466,7.959159,8.892906,7.447698244007883
1300.0,12.0,1.6889017255968133,6.656166,3.511548,3.3609038391092305
1300.0,19.0,9.283876544328649,15.904442,11.8993,10.955878657841065
1300.0,24.0,-4.556592734897101,6.713441,-3.986997,-2.8845906213846835
1300.0,25.0,-4.629484995094899,0.752878,-1.951899,-2.9574828815824814
1300.0,29.0,-10.123526350663806,-5.670603,-8.256666,-8.45152423715139
1301.0,2.0,3.418627288059975,7.320435,6.533016,5.111181901267385
1301.0,5.0,6.693031298964644,2.148836,8.153671,8.385585912172054
1301.0,6.0,5.839034601438205,7.254492,8.834717,7.531589214645615
1301.0,12.0,1.706944753690168,0.579506,3.454061,3.3994993668975786
1301.0,19.0,9.371353404465701,25.74883,11.856354,11.06390801767311
1301.0,24.0,-4.591467659219984,-2.549295,-3.977679,-2.8989130460125736
1301.0,25.0,-4.664369123384105,-2.376599,-1.992977,-2.971814510176695
1301.0,29.0,-10.196759445673246,-11.65424,-8.261251,-8.504204832465835
1302.0,2.0,3.866578420219821,11.984002,6.49835,4.7843533454333125
1302.0,5.0,7.958976995693061,9.214115,8.140883,8.876751920906553
1302.0,6.0,6.186063183064993,10.715234,8.812299,7.1038381082784845
1302.0,12.0,2.0780642838669703,2.252766,3.418137,2.995839209080462
1302.0,19.0,10.005697399306813,13.728211,11.851091,10.923472324520304
1302.0,24.0,-4.238572475593979,-0.389186,-3.982178,-3.320797550380487
1302.0,25.0,-3.7335154327588205,-3.180172,-2.027542,-2.815740507545329
1302.0,29.0,-9.83535011132741,-5.023483,-8.282514,-8.917575186113918
1302.0,31.0,-8.034118174686922,-9.665868,-6.109768,-7.116343249473431
1303.0,2.0,3.8976817962920194,8.507671,6.513686,4.867009270300459
1303.0,5.0,7.974759383764404,9.628755,8.172246,8.944086857772843
1303.0,6.0,6.255260127383324,7.836681,8.82773,7.224587601391764
1303.0,12.0,2.1060097475681774,3.534562,3.430615,3.075337221576617
1303.0,19.0,10.067708523814911,15.788305,11.878795,11.03703599782335
1303.0,24.0,-4.323366362106566,0.587357,-3.979329,-3.3540388880981267
1303.0,25.0,-3.6848671863792486,-1.052202,-2.034129,-2.715539712370809
1303.0,29.0,-9.86828134268173,-6.524399,-8.304083,-8.89895386867329
1303.0,31.0,-8.02616131471912,-10.224244,-6.137004,-7.056833840710681
1304.0,2.0,3.9134613021160196,11.059584,6.538636,4.788977958515369
1304.0,5.0,8.079077592124492,12.759077,8.211221,8.954594248523842
1304.0,6.0,6.294987150521997,9.203843,8.854002,7.170503806921348
1304.0,12.0,2.106663149374471,3.013192,3.449669,2.9821798057738214
1304.0,19.0,10.164336778320179,21.810467,11.917751,11.039853434719529
1304.0,24.0,-4.29568628283386,-15.990153,-3.980726,-3.42016962643451
1304.0,25.0,-3.7642655625729615,0.780461,-2.038542,-2.8887489061736114
1304.0,29.0,-9.951238740982555,-6.406552,-8.330449,-9.075722084583205
1304.0,31.0,-8.099495445871016,-5.083066,-6.167271,-7.223978789471666
1305.0,2.0,3.8072697797584976,11.91553,6.568856,4.660292234797816
1305.0,5.0,8.019720739305553,10.241759,8.216108,8.87274319434487
1305.0,6.0,6.292041746841758,9.802878,8.895081,7.145064201881077
1305.0,12.0,2.0421842932869643,4.351211,3.464257,2.8952067483262827
1305.0,19.0,10.246669541878738,15.976218,11.951458,11.099691996918057
1305.0,24.0,-4.291320261732855,-8.485745,-4.011859,-3.4382978066935364
1305.0,25.0,-3.629759006854658,-1.454841,-2.026642,-2.7767365518153397
1305.0,29.0,-9.859529118052862,-9.113387,-8.33838,-9.006506663013543
1305.0,31.0,-8.090173229470716,-3.959558,-6.157259,-7.237150774431398
1306.0,2.0,3.9186141120174494,4.039627,6.607444,4.906626259695504
1306.0,5.0,8.08489278567531,4.62019,8.204597,9.072904933353364
1306.0,6.0,6.364975040144007,4.116443,8.948806,7.352987187822062
1306.0,12.0,2.09964317146762,-0.095003,3.481299,3.087655319145675
1306.0,19.0,10.309780908124159,12.845712,11.984805,11.297793055802213
1306.0,24.0,-4.3550689881535645,-13.894047,-4.060021,-3.3670568404755095
1306.0,25.0,-3.682161430488673,-5.232309,-2.00152,-2.694149282810618
1306.0,29.0,-9.9684909330764,-8.484766,-8.334501,-8.980478785398343
1306.0,31.0,-8.147133446482497,-1.325036,-6.123886,-7.159121298804442
1307.0,2.0,3.993802325652368,11.473534,6.639338,4.935175055487392
1307.0,5.0,8.342286329313621,9.238139,8.246938,9.283659059148645
1307.0,6.0,6.485282627679664,9.839414,8.97642,7.426655357514688
1307.0,12.0,2.1751995276786937,1.769267,3.509939,3.116572257513718
1307.0,19.0,10.486483549936043,11.55915,12.020494,11.427856279771067
1307.0,24.0,-4.311779028410374,-8.929633,-4.055596,-3.37040629857535
1307.0,25.0,-3.6843541010114453,-0.885558,-1.996117,-2.742981371176421
1307.0,29.0,-10.07701896979932,-6.537509,-8.352279,-9.135646239964297
1307.0,31.0,-8.31791839577315,-1.370291,-6.151506,-7.376545665938126
1308.0,2.0,3.890814499998334,11.6915,6.667274,4.798943582046359
1308.0,5.0,8.234904714690886,17.367376,8.284219,9.14303379673891
1308.0,6.0,6.455845394650168,6.250391,9.003222,7.363974476698193
1308.0,12.0,2.0709129599781635,4.765752,3.533038,2.979042042026188
1308.0,19.0,10.56186822530726,9.636572,12.055912,11.469997307355284
1308.0,24.0,-4.287680224196197,-13.529424,-4.055599,-3.379551142148172
1308.0,25.0,-3.608719329066578,-0.451476,-1.994236,-2.7005902470185537
1308.0,29.0,-9.979472128702925,-3.919362,-8.372,-9.071343046654901
1308.0,31.0,-8.364999480863853,-3.526542,-6.17691,-7.456870398815829
1309.0,2.0,4.012587070975771,2.32832,6.692628,4.931707805545164
1309.0,5.0,8.382980941459271,8.62935,8.297777,9.302101676028665
1309.0,6.0,6.567336908367882,4.776133,9.02343,7.4864576429372764
1309.0,12.0,2.165961955397629,-3.369714,3.556398,3.0850826899670225
1309.0,19.0,10.66812587902639,8.616216,12.068432,11.587246613595783
1309.0,24.0,-4.341783441474145,-0.423308,-4.056993,-3.422662706904751
1309.0,25.0,-3.6083391791340764,-7.177327,-1.975151,-2.6892184445646827
1309.0,29.0,-10.11577078187742,-8.389775,-8.364956,-9.196650047308026
1309.0,31.0,-8.388481621833707,-11.029746,-6.174614,-7.469360887264314
1310.0,2.0,4.0191060270138745,7.281945,6.710662,4.883542730044528
1310.0,5.0,8.370396124490878,2.807596,8.31859,9.234832827521531
1310.0,6.0,6.619409687059426,7.159836,9.032553,7.48384639009008
1310.0,12.0,2.171566979819665,3.365198,3.577379,3.0360036828503185
1310.0,19.0,10.755502541682663,12.374739,12.076583,11.619939244713317
1310.0,24.0,-4.395524446880823,-0.816016,-4.046089,-3.5310877438501693
1310.0,25.0,-3.586368404433517,-3.502508,-1.963061,-2.7219317014028634
1310.0,29.0,-10.162591759403702,-7.766084,-8.361741,-9.298155056373048
1310.0,31.0,-8.326815172555836,-4.191117,-6.184379,-7.4623784695251825
1311.0,2.0,4.074244882016508,8.421594,6.779367,4.875295264912627
1311.0,5.0,8.587255914643954,5.457104,8.364164,9.388306297540073
1311.0,6.0,6.734189277162846,8.733222,9.088027,7.5352396600589655
1311.0,12.0,2.2470275796564847,3.884916,3.640609,3.048077962552604
1311.0,19.0,10.956929180348018,9.350808,12.117335,11.757979563244138
1311.0,24.0,-4.382933208180968,-14.821109,-4.047203,-3.5818828252848487
1311.0,25.0,-3.578769741998854,-1.531012,-1.918256,-2.7777193591027345
1311.0,29.0,-10.29788072425944,-5.769527,-8.353013,-9.49683034136332
1311.0,31.0,-8.397002595057103,-0.547083,-6.188116,-7.5959522121609835
1312.0,2.0,4.037789475351728,9.913943,6.787525,4.695557286851245
1312.0,5.0,8.775066745003736,9.693212,8.419288,9.432834556503252
1312.0,6.0,6.806662064789497,8.574247,9.087316,7.464429876289014
1312.0,12.0,2.235404984699091,5.021263,3.655398,2.8931727961986082
1312.0,19.0,11.154373408554793,18.413928,12.143565,11.812141220054311
1312.0,24.0,-4.394174238927211,-2.224932,-4.018269,-3.736406427427694
1312.0,25.0,-3.529793942533966,-0.403823,-1.936706,-2.872026131034449
1312.0,29.0,-10.355295715121445,-6.919145,-8.385262,-9.697527903621928
1312.0,31.0,-8.565928908978602,-8.550317,-6.244908,-7.908161097479085
1313.0,2.0,4.313430739281211,12.41155,6.765329,4.991132710763308
1313.0,5.0,8.84921500893178,10.734578,8.473993,9.526916980413878
1313.0,6.0,7.065061782298385,12.418038,9.028186,7.7427637537804825
1313.0,12.0,2.42819153508656,6.836388,3.668758,3.1058935065686573
1313.0,19.0,11.26745576547406,12.053928,12.11255,11.945157736956157
1313.0,24.0,-4.388277074662578,5.197064,-3.930975,-3.7105751031804806
1313.0,25.0,-3.428590371651154,-0.66799,-1.951408,-2.750888400169057
1313.0,29.0,-10.480180890550491,-3.985076,-8.386276,-9.802478919068394
1313.0,31.0,-8.518912800274975,-9.228475,-6.311292,-7.841210828792878
1314.0,2.0,4.236386767668117,11.803225,6.767673,4.907418460500559
1314.0,5.0,8.859493089888314,11.701612,8.512859,9.530524782720757
1314.0,6.0,7.052240011785258,11.712721,8.986348,7.723271704617701
1314.0,12.0,2.357747174571415,6.719602,3.705511,3.028778867403857
1314.0,19.0,11.341840468418916,10.77408,12.071142,12.012872161251359
1314.0,24.0,-4.362851027133668,-10.19712,-3.852125,-3.6918193343012256
1314.0,25.0,-3.3684023466424935,0.43362,-1.926967,-2.6973706538100513
1314.0,29.0,-10.396528365082245,-5.612499,-8.351252,-9.725496672249804
1314.0,31.0,-8.745768910149039,-1.023775,-6.340058,-8.074737217316596
1315.0,2.0,3.916202512133718,7.527412,6.874563,5.482225868479806
1315.0,5.0,7.716244449061633,7.192166,8.552307,9.28226780540772
1315.0,6.0,6.827914889068235,3.503751,9.081389,8.393938245414322
1315.0,12.0,2.0371627522485447,0.14961,3.796149,3.603186108594633
1315.0,19.0,10.903364218605326,16.41278,12.127324,12.469387574951414
1315.0,24.0,-4.8710676836857045,-4.050988,-3.878516,-3.3050443273396164
1315.0,25.0,-4.591287712729719,-4.880966,-1.846519,-3.025264356383631
1315.0,29.0,-11.233863521879911,-5.793138,-8.322947,-9.667840165533823
1316.0,2.0,4.365411254767654,3.457886,6.991752,5.14824335448667
1316.0,5.0,8.997176231414393,4.647514,8.623665,9.78000833113341
1316.0,6.0,7.238188360151983,3.324846,9.190543,8.021020459871
1316.0,12.0,2.3159182722821834,-2.98017,3.892775,3.0987503720011995
1316.0,19.0,11.542132458385705,5.252236,12.214971,12.324964558104721
1316.0,24.0,-4.217595879026368,1.424465,-3.904433,-3.434763779307352
1316.0,25.0,-3.3351067955474876,-9.429375,-1.781574,-2.5522746958284714
1316.0,29.0,-10.49928887502963,-12.029388,-8.32527,-9.716456775310613
1316.0,31.0,-9.059412365420089,-2.820509,-6.315295,-8.276580265701073
1317.0,2.0,4.392957588543001,7.924234,7.069287,5.21976913782199
1317.0,5.0,8.950840261242844,7.093552,8.70736,9.777651810521833
1317.0,6.0,7.255474962464091,7.560378,9.27003,8.08228651174308
1317.0,12.0,2.479211198770807,4.196924,3.952507,3.3060227480497963
1317.0,19.0,11.548862124079708,12.365203,12.308096,12.375673673358698
1317.0,24.0,-4.346755183998467,-10.505047,-3.919024,-3.519943634719478
1317.0,25.0,-3.3922787048424135,-6.362082,-1.769504,-2.5654671555634243
1317.0,29.0,-10.608977537954436,-3.961381,-8.371072,-9.782165988675446
1317.0,31.0,-8.775392238082096,-3.581244,-6.363502,-7.948580688803107
1318.0,2.0,4.395810310753194,2.94055,7.162374,5.2714026001063745
1318.0,5.0,8.950214277782669,1.360354,8.769763,9.82580656713585
1318.0,6.0,7.252664474227092,5.639522,9.358665,8.128256763580271
1318.0,12.0,2.4487624115061735,-0.797087,4.027972,3.324354700859354
1318.0,19.0,11.702475593906032,13.672223,12.384433,12.578067883259212
1318.0,24.0,-4.446954090696171,-5.019467,-3.940503,-3.5713618013429906
1318.0,25.0,-3.5307648404100975,-7.95521,-1.723526,-2.655172551056917
1318.0,29.0,-10.837494929116044,-13.618505,-8.380933,-9.961902639762863
1318.0,31.0,-8.649360199791754,-4.17912,-6.373917,-7.773767910438574
1319.0,2.0,4.3608922498736895,6.642845,7.227751,5.206422508288917
1319.0,5.0,8.950574091523242,11.510393,8.815017,9.796104349938469
1319.0,6.0,7.274544059555594,7.933916,9.420595,8.120074317970822
1319.0,12.0,2.4296496137541093,1.076511,4.08124,3.275179872169337
1319.0,19.0,11.653585883237191,10.841005,12.43849,12.499116141652419
1319.0,24.0,-4.350088634778032,-15.872294,-3.954716,-3.5045583763628048
1319.0,25.0,-3.6962450097140094,-5.335671,-1.691686,-2.850714751298782
1319.0,29.0,-10.889425468307511,-4.578181,-8.388414,-10.043895209892284
1319.0,31.0,-8.701423639467178,-7.447295,-6.382886,-7.855893381051951
1320.0,2.0,4.486161889652797,10.974881,7.26813,5.3352748615063685
1320.0,5.0,9.067362126293716,5.208247,8.833427,9.916475098147288
1320.0,6.0,7.374357896362168,8.777822,9.448667,8.22347086821574
1320.0,12.0,2.5333160566838284,5.943157,4.121495,3.3824290285374
1320.0,19.0,11.830668043851968,12.58979,12.449951,12.67978101570554
1320.0,24.0,-4.378819828852298,-5.300091,-3.952014,-3.529706856998726
1320.0,25.0,-3.461754987855257,-2.377029,-1.654961,-2.6126420160016854
1320.0,29.0,-10.946533700811626,-4.109799,-8.368207,-10.097420728958054
1320.0,31.0,-8.836375063113131,-3.16645,-6.373606,-7.987262091259559
1321.0,2.0,4.515309632204942,9.991229,7.22206,5.414822774350363
1321.0,5.0,9.064564716319428,11.002011,8.791976,9.964077858464849
1321.0,6.0,7.40219907351208,4.931158,9.401459,8.301712215657503
1321.0,12.0,2.5421890846353117,3.948492,4.086179,3.441702226780733
1321.0,19.0,11.88806971740247,15.38415,12.400127,12.787582859547891
1321.0,24.0,-4.422673993106803,-3.881678,-3.940878,-3.523160850961381
1321.0,25.0,-3.5066020296158777,-2.972939,-1.666862,-2.6070888874704563
1321.0,29.0,-11.034912452614815,-7.129228,-8.347358,-10.135399310469394
1321.0,31.0,-8.819646814189298,-7.210134,-6.355278,-7.920133672043876
1322.0,2.0,4.500586335558483,11.377124,7.180859,5.372402938142002
1322.0,5.0,9.130063392587852,9.227696,8.714444,10.001879995171372
1322.0,6.0,7.4355789813055,9.813394,9.397568,8.307395583889019
1322.0,12.0,2.553997581643909,5.720869,4.023804,3.425814184227428
1322.0,19.0,11.98100818511364,17.366968,12.387989,12.852824787697159
1322.0,24.0,-4.394663233884404,-0.507298,-4.003221,-3.522846631300885
1322.0,25.0,-3.4549824779249887,2.255811,-1.69242,-2.5831658753414697
1322.0,29.0,-11.10573773364341,-4.640153,-8.351388,-10.23392113105989
1322.0,31.0,-8.922770090900393,-6.645652,-6.305069,-8.050953488316875
1323.0,2.0,4.517748557981261,9.460844,7.113432,5.485270006536244
1323.0,5.0,9.170381621623905,7.509567,8.649983,10.137903070178888
1323.0,6.0,7.464860517996091,9.06796,9.335579,8.432381966551073
1323.0,12.0,2.5843075413522065,8.616709,3.966582,3.5518289899071895
1323.0,19.0,12.054446140680865,13.228818,12.3235,13.021967589235848
1323.0,24.0,-4.470090911667234,-4.052812,-3.998718,-3.502569463112251
1323.0,25.0,-3.4575592372761266,-2.858179,-1.715181,-2.4900377887211436
1323.0,29.0,-11.17173536111415,-7.369996,-8.328852,-10.204213912559167
1323.0,31.0,-9.02969370628084,-5.93725,-6.276218,-8.062172257725857
1324.0,2.0,4.530268515440851,15.597446,7.08686,5.559283495326684
1324.0,5.0,9.203546712579245,13.528677,8.597433,10.232561692465078
1324.0,6.0,7.513591393886801,14.071034,9.295149,8.542606373772635
1324.0,12.0,2.608104696352769,10.471522,3.955114,3.637119676238602
1324.0,19.0,12.067291219943192,17.597301,12.255632,13.096306199829025
1324.0,24.0,-4.351424207266057,-7.46029,-3.983405,-3.3224092273802244
1324.0,25.0,-3.32012446764824,7.768651,-1.689603,-2.291109487762407
1324.0,29.0,-11.156338579296044,-6.077071,-8.269895,-10.12732359941021
1324.0,31.0,-9.160450538453832,-0.277585,-6.227213,-8.131435558567999
1325.0,2.0,4.522642977937259,12.859864,7.086044,5.447775165649264
1325.0,5.0,9.11389182663755,11.265923,8.585243,10.039024014349556
1325.0,6.0,7.587711287737047,12.959139,9.278066,8.512843475449053
1325.0,12.0,2.5828582376472564,8.739022,3.966337,3.507990425359262
1325.0,19.0,12.087099697594578,8.721039,12.222226,13.012231885306583
1325.0,24.0,-4.139391013544498,-7.530698,-3.963605,-3.2142588258324922
1325.0,25.0,-3.102757913647259,1.281343,-1.664873,-2.1776257259352536
1325.0,29.0,-10.900957995840564,-1.19767,-8.233067,-9.975825808128558
1325.0,31.0,-9.265659108404643,-3.361656,-6.207799,-8.340526920692637
1326.0,2.0,4.504005926289944,6.819679,6.986199,5.245713318802416
1326.0,5.0,9.246798395977011,1.335886,8.534368,9.988505788489483
1326.0,6.0,7.621673547139264,10.402512,9.180314,8.363380939651737
1326.0,12.0,2.5791062675506558,2.167869,3.887951,3.3208136600631284
1326.0,19.0,12.200748645038495,9.314952,12.146861,12.942456037550967
1326.0,24.0,-4.1820272411392585,-2.403097,-3.931184,-3.440319848626786
1326.0,25.0,-3.0277654302979813,-4.714698,-1.720868,-2.2860580377855086
1326.0,29.0,-10.974326995388031,-8.380772,-8.231463,-10.232619602875559
1326.0,31.0,-9.529079127817816,-1.455613,-6.215391,-8.787371735305344
1327.0,2.0,4.581642543693269,3.721133,6.88351,5.504547610936783
1327.0,5.0,9.286393839360104,8.941247,8.441881,10.209298906603617
1327.0,6.0,7.653266105420433,4.830539,9.109417,8.576171172663946
1327.0,12.0,2.6557001851864666,-0.060825,3.783137,3.57860525242998
1327.0,19.0,12.205036319993509,11.693229,12.088579,13.127941387237023
1327.0,24.0,-4.215583689306881,-3.121271,-3.956986,-3.292678622063368
1327.0,25.0,-3.084440808991731,-8.437503,-1.784436,-2.1615357417482173
1327.0,29.0,-11.114649804194249,-13.584245,-8.239368,-10.191744736950735
1327.0,31.0,-9.443876226773778,-6.555167,-6.186588,-8.520971159530264
1328.0,2.0,4.547730878340387,8.086943,6.84719,5.5484384179689865
1328.0,5.0,9.288297948013197,6.927657,8.486641,10.289005487641797
1328.0,6.0,7.627259477846929,7.969612,9.066699,8.627967017475529
1328.0,12.0,2.6282831228773285,0.665126,3.762565,3.6289906625059287
1328.0,19.0,12.327535796069824,6.333803,12.091769,13.328243335698424
1328.0,24.0,-4.29784320452739,3.704586,-3.911078,-3.2971356648987897
1328.0,25.0,-3.4679094671313138,-1.098354,-1.837295,-2.4672019275027135
1328.0,29.0,-11.511679744468855,-7.930818,-8.284842,-10.510972204840256
1328.0,31.0,-9.169034884886292,-2.9644,-6.26168,-8.168327345257692
1329.0,2.0,4.5615271346049004,14.966958,6.833238,5.783959544778693
1329.0,5.0,9.319475906538718,10.695073,8.56487,10.541908316712512
1329.0,6.0,7.649524174165078,10.931302,9.023573,8.871956584338871
1329.0,12.0,2.6383288479671885,6.244568,3.777481,3.860761258140981
1329.0,19.0,12.26323003557724,22.688146,12.092042,13.485662445751034
1329.0,24.0,-4.1648264474091805,0.241047,-3.830989,-2.942394037235388
1329.0,25.0,-3.438237046319334,0.961863,-1.867809,-2.2158046361455415
1329.0,29.0,-11.367758885911845,-5.971765,-8.315924,-10.145326475738052
1329.0,31.0,-9.443001372205115,-5.542504,-6.353078,-8.220568962031322
1330.0,2.0,4.486411683107887,8.416539,6.880433,5.5893989652446345
1330.0,5.0,9.375313058399172,4.497472,8.624155,10.47830034053592
1330.0,6.0,7.633394913056228,10.980767,9.048271,8.736382195192975
1330.0,12.0,2.5960650814826387,0.743591,3.832264,3.699052363619386
1330.0,19.0,12.24351868856315,3.699383,12.117777,13.346505970699898
1330.0,24.0,-4.137506171388542,-2.910979,-3.801605,-3.0345188892517942
1330.0,25.0,-3.471547973266123,-1.988911,-1.840341,-2.3685606911293755
1330.0,29.0,-11.401871848833993,-8.054872,-8.314222,-10.298884566697247
1330.0,31.0,-9.54927658040711,-1.380143,-6.383754,-8.446289298270361
1331.0,2.0,4.5375780707657,12.649704,6.896843,5.9207934471638435
1331.0,5.0,9.44369337065317,11.426856,8.638469,10.826908747051313
1331.0,6.0,7.669048504152687,10.140661,9.066635,9.05226388055083
1331.0,12.0,2.668513451427236,6.608411,3.843562,4.05172882782538
1331.0,19.0,12.408941472756258,20.11316,12.137656,13.792156849154402
1331.0,24.0,-4.15725841560518,-11.041955,-3.80853,-2.7740430392070365
1331.0,25.0,-3.35352371140036,0.500204,-1.836949,-1.9703083350022164
1331.0,29.0,-11.442307066273615,-3.96728,-8.32261,-10.059091689875473
1331.0,31.0,-9.630996144943458,-7.59189,-6.390781,-8.247780768545315
1332.0,2.0,4.514385137673776,11.455655,6.952564,5.643870085851833
1332.0,5.0,9.285915280352596,10.073353,8.606149,10.415400228530652
1332.0,6.0,7.742353363436291,10.193998,9.15455,8.871838311614347
1332.0,12.0,2.6601023266233073,6.978241,3.859199,3.789587274801364
1332.0,19.0,12.504608539020184,11.536375,12.191143,13.63409348719824
1332.0,24.0,-3.9803774625590638,-3.045831,-3.899664,-2.850892514381007
1332.0,25.0,-3.393502105849381,-1.479023,-1.802038,-2.2640171576713244
1332.0,29.0,-11.489000411901,-6.357511,-8.318867,-10.359515463722943
1332.0,31.0,-9.508337582936857,-6.515354,-6.327564,-8.3788526347588
1333.0,2.0,2.3647058683634326,7.207003,7.034604,4.11871648793595
1333.0,5.0,5.766859258556189,14.251976,8.600576,7.520869878128707
1333.0,6.0,4.041200789741336,6.593206,9.266185,5.795211409313854
1333.0,12.0,0.9885792159260384,2.185403,3.897515,2.7425898354985567
1333.0,19.0,7.134106932753384,8.878554,12.27009,8.888117552325902
1333.0,24.0,-4.157642936608997,-8.449838,-3.991472,-2.4036323170364784
1333.0,25.0,-4.264822687436829,-3.10779,-1.758606,-2.5108120678643107
1333.0,29.0,-9.054724404142437,-8.856815,-8.324273,-7.300713784569918
1333.0,31.0,-7.6682457660768035,-6.214667,-6.277415,-5.914235146504286
1334.0,2.0,2.3027863810587474,12.903323,7.06233,3.9245146822681267
1334.0,5.0,5.915824010842157,5.385207,8.633183,7.537552312051536
1334.0,6.0,4.031966826906604,10.470079,9.302802,5.6536951281159835
1334.0,12.0,0.9776888829119689,6.47582,3.912654,2.5994171841213483
1334.0,19.0,7.210788420496319,22.402751,12.317767,8.832516721705698
1334.0,24.0,-4.10109950013871,-1.497856,-4.008181,-2.4793711989293303
1334.0,25.0,-4.220545086913805,1.071771,-1.764475,-2.5988167857044253
1334.0,29.0,-9.066647763347484,-8.078596,-8.355293,-7.444919462138105
1334.0,31.0,-7.752465543790406,0.464974,-6.301029,-6.130737242581027
1335.0,2.0,2.3297319302846082,11.438553,7.046934,4.014776345955032
1335.0,5.0,5.899622172637032,10.341044,8.623594,7.5846665883074555
1335.0,6.0,4.088516063822639,8.955292,9.313583,5.773560479493063
1335.0,12.0,0.9751190493689704,6.911294,3.880654,2.6601634650393944
1335.0,19.0,7.221599453362951,13.464823,12.344819,8.906643869033376
1335.0,24.0,-4.072326332803546,3.60451,-4.042634,-2.387281917133122
1335.0,25.0,-4.176877615193165,-2.117115,-1.799296,-2.491833199522741
1335.0,29.0,-9.006390314546197,-9.459979,-8.393046,-7.321345898875773
1335.0,31.0,-7.705681705179347,-1.102559,-6.309937,-6.020637289508923
1336.0,2.0,2.4436494343603057,1.007996,7.020183,4.068383541017118
1336.0,5.0,5.979969288346085,-1.226262,8.570059,7.604703395002897
1336.0,6.0,4.195418844695102,4.158472,9.341946,5.820152951351915
1336.0,12.0,1.0656391716471614,-2.226167,3.816217,2.6903732783039733
1336.0,19.0,7.346398498577256,0.631629,12.382349,8.971132605234068
1336.0,24.0,-4.121014031468237,-5.814176,-4.130374,-2.4962799248114247
1336.0,25.0,-4.2444964543214585,-9.720331,-1.846885,-2.6197623476646466
1336.0,29.0,-9.124367341622072,-11.223439,-8.440583,-7.499633234965261
1336.0,31.0,-7.709722584602978,9.152619,-6.285154,-6.084988477946165
1337.0,2.0,2.5981386643556874,8.375256,6.984753,3.750586374577641
1337.0,5.0,5.9760095876152155,8.323692,8.544384,7.128457297837169
1337.0,6.0,4.311565999984501,10.254675,9.342776,5.464013710206455
1337.0,12.0,1.1739947803995383,2.556434,3.760867,2.326442490621492
1337.0,19.0,7.282774722450018,14.270542,12.405289,8.43522243267197
1337.0,24.0,-3.9516646728894482,-17.604513,-4.174766,-2.7992169626674945
1337.0,25.0,-4.318758804694989,-1.554051,-1.899629,-3.166311094473035
1337.0,29.0,-9.11329269903573,-3.993685,-8.487876,-7.9608449888137764
1337.0,31.0,-7.518809470006313,-4.709352,-6.292189,-6.366361759784359
1338.0,2.0,2.689982945238577,10.452638,6.985663,3.8677400440704144
1338.0,5.0,6.092984046635432,7.46813,8.52586,7.2707411454672695
1338.0,6.0,4.40876564300258,14.616931,9.346388,5.586522741834417
1338.0,12.0,1.2553657188654714,4.461555,3.758577,2.433122817697309
1338.0,19.0,7.40611691631359,12.971775,12.397677,8.583874015145428
1338.0,24.0,-3.8169099877427533,-12.952955,-4.186562,-2.6391528889109157
1338.0,25.0,-4.116170502841778,1.981372,-1.889644,-2.9384134040099408
1338.0,29.0,-8.864055845266403,-1.870865,-8.474061,-7.686298746434566
1338.0,31.0,-7.3882668330123265,-3.426814,-6.271097,-6.210509734180489
1339.0,2.0,2.8570686094811295,6.492894,6.983484,4.201601015776346
1339.0,5.0,6.32710973282665,13.442581,8.526741,7.671642139121866
1339.0,6.0,4.580616954574545,7.522065,9.341038,5.92514936086976
1339.0,12.0,1.3991373881120497,1.782993,3.759291,2.7436697944072654
1339.0,19.0,7.571584462756828,4.743079,12.39241,8.916116869052043
1339.0,24.0,-3.8631810207614734,-13.594816,-4.180626,-2.5186486144662577
1339.0,25.0,-4.13212179038633,-3.510021,-1.888405,-2.7875893840911146
1339.0,29.0,-8.973212245475962,-8.693075,-8.470107,-7.628679839180746
1339.0,31.0,-7.504493293495471,-3.684752,-6.272831,-6.1599608872002545
1340.0,2.0,1.765461068673055,17.984371,7.000138,3.402491405753824
1340.0,5.0,5.44135947625793,9.035728,8.560878,7.078389813338699
1340.0,6.0,3.5882984721644164,16.81755,9.331419,5.225328809245185
1340.0,12.0,0.3778821726677498,11.842738,3.793137,2.0149125097485183
1340.0,24.0,-4.302547370754652,1.267033,-4.138234,-2.6655170336738836
1340.0,25.0,-3.9719958458810645,6.508411,-1.86732,-2.3349655088002956
1340.0,29.0,-8.471876531880671,-3.192305,-8.452524,-6.834846194799902
1340.0,31.0,-7.377700532637408,-5.749934,-6.292768,-5.740670195556639
1341.0,2.0,1.793564881586704,9.557408,7.0612,3.493441076284727
1341.0,5.0,5.501378450956957,9.179526,8.670882,7.201254645654981
1341.0,6.0,3.632084462159974,7.135003,9.317201,5.331960656857998
1341.0,12.0,0.382927615432365,4.614479,3.900838,2.0828038101303883
1341.0,24.0,-4.347024472783124,-5.279257,-4.018997,-2.647148278085101
1341.0,25.0,-4.0314529137018384,-1.581315,-1.803616,-2.3315767190038152
1341.0,29.0,-8.649219747970717,-6.124254,-8.408973,-6.949343553272694
1341.0,31.0,-7.419140073445196,-2.783058,-6.354592,-5.719263878747173
1342.0,2.0,2.770701064515089,11.246556,7.042074,3.8290973287953083
1342.0,5.0,6.742362274889735,4.257231,8.74544,7.800758539169954
1342.0,6.0,4.617313712121931,11.588224,9.261284,5.675709976402151
1342.0,12.0,1.3232946105307102,5.574264,3.917885,2.3816908748109293
1342.0,19.0,7.800893915848383,11.212933,12.350072,8.859290180128603
1342.0,24.0,-3.5258389793079035,3.814087,-3.925953,-2.4674427150276843
1342.0,25.0,-4.35251267193548,1.019101,-1.827895,-3.2941164076552605
1342.0,29.0,-9.27063583393144,-9.082802,-8.427078,-8.21223956965122
1342.0,31.0,-7.729102047943276,1.475481,-6.442285,-6.670705783663057
1343.0,2.0,2.21719224247148,10.915376,6.986189,3.3863992693538387
1343.0,5.0,6.798826934673703,8.911184,8.853072,7.968033961556062
1343.0,6.0,4.311459879491408,9.670669,9.119113,5.4806669063737665
1343.0,12.0,0.919546940864408,6.704152,3.946973,2.088753967746767
1343.0,19.0,8.014100825567178,18.146547,12.263108,9.183307852449538
1343.0,24.0,-3.5454064548285578,11.56151,-3.726377,-2.376199427946199
1343.0,25.0,-4.241343637496097,-1.77169,-1.852082,-3.0721366106137387
1343.0,29.0,-9.364191941761872,-9.089422,-8.413992,-8.194984914879512
1343.0,31.0,-7.850605010366668,-4.612873,-6.575378,-6.68139798348431
1344.0,2.0,2.4035189228097087,9.678874,6.887245,3.59538122855265
1344.0,5.0,7.123200548217453,9.12776,9.065651,8.315062853960395
1344.0,6.0,4.461700901268492,7.685246,8.82614,5.653563207011434
1344.0,12.0,1.0774791028966755,6.952027,4.031238,2.2693414086396166
1344.0,19.0,8.20901822057438,7.150913,12.060187,9.400880526317321
1344.0,24.0,-3.1610407643939005,-15.92972,-3.303022,-1.9691784586509593
1344.0,25.0,-4.211170912867244,-2.005095,-1.864958,-3.019308607124303
1344.0,29.0,-9.503847505321659,-5.401505,-8.347322,-8.311985199578718
1344.0,31.0,-8.038637517536982,0.222255,-6.821487,-6.846775211794041
1345.0,2.0,-3.004639348333184,1.3748,6.805893,0.6252897831204214
1345.0,5.0,6.019098587836141,6.11499,9.28975,9.649027719289746
1345.0,6.0,-1.410544086005955,0.743823,8.550193,2.2193850454476505
1345.0,12.0,-0.771509527295768,-2.625743,4.129729,2.8584196041578376
1345.0,19.0,6.1695749136025695,20.051384,11.871978,9.799504045056175
1345.0,25.0,-6.812502585756369,-8.844694,-1.869144,-3.1825734543027635
1345.0,29.0,-12.066299110835905,-10.860309,-8.282808,-8.436369979382299
1345.0,31.0,-10.562945659549653,-6.048006,-7.069166,-6.933016528096047
1346.0,2.0,-4.159753081257861,11.534253,6.746452,0.5342158875769512
1346.0,5.0,6.725454984395511,5.673631,9.511117,11.419423953230323
1346.0,6.0,-3.142888140510346,12.231151,8.335058,1.5510808283244661
1346.0,12.0,-0.8630142289872583,5.938031,4.214765,3.830954739847554
1346.0,25.0,-6.919559747861098,0.248684,-1.894062,-2.2255907790262857
1346.0,29.0,-11.931835289664225,-5.840237,-8.267013,-7.237866320829412
1346.0,31.0,-11.504159433564912,-1.459387,-7.313276,-6.810190464730099
1347.0,2.0,2.147775439623377,9.570749,6.641749,3.3401675405248668
1347.0,5.0,7.387718417139738,7.241593,9.646088,8.580110518041227
1347.0,6.0,3.936402390301985,5.85154,8.155279,5.128794491203474
1347.0,12.0,0.7921427706433412,1.502966,4.200707,1.9845348715448305
1347.0,24.0,-2.956582803590388,13.426314,-2.315969,-1.7641907026888985
1347.0,25.0,-4.24994471772965,-2.545347,-1.989421,-3.0575526168281604
1347.0,29.0,-9.114377977765027,-7.358376,-8.317168,-7.921985876863538
1347.0,31.0,-8.45986977778505,-3.957861,-7.515351,-7.26747767688356
1348.0,2.0,3.449750910681264,8.071839,6.460738,4.204246680735936
1348.0,5.0,8.718176863516737,4.373091,9.69776,9.47267263357141
1348.0,6.0,5.113444177365073,9.101195,7.973901,5.867939947419745
1348.0,12.0,1.5766815573918187,2.738268,4.069079,2.3311773274464906
1348.0,19.0,8.646327522701577,-11.525807,11.630694,9.40082329275625
1348.0,24.0,-2.125944269944015,1.801063,-2.195513,-1.3714484998893433
1348.0,25.0,-4.582848147036516,-1.639462,-2.177829,-3.8283523769818437
1348.0,29.0,-10.066320813058788,-6.073825,-8.440156,-9.311825043004117
1348.0,31.0,-8.839377055112104,-11.246403,-7.69772,-8.084881285057431
1349.0,2.0,2.9489442494917544,8.583133,6.401441,3.7466193492737916
1349.0,5.0,8.454560193463061,5.165288,9.888166,9.252235293245098
1349.0,6.0,4.611821998551513,6.720417,7.773153,5.409497098333551
1349.0,12.0,1.2256767928137773,4.236044,4.142388,2.0233518925958145
1349.0,24.0,-1.909912983624543,-2.954251,-1.880488,-1.1122378838425058
1349.0,25.0,-4.2516975535011765,-3.8708,-2.197877,-3.4540224537191393
1349.0,29.0,-9.2838501635314,-7.649173,-8.418312,-8.486175063749362
1349.0,31.0,-8.707663373158974,-8.256222,-7.910345,-7.909988273376937
1350.0,2.0,3.1949262203007,4.06863,6.326744,3.9475962439202426
1350.0,5.0,8.967763009297963,6.472058,10.138261,9.720433032917505
1350.0,6.0,4.987759974437776,9.553257,7.445828,5.740429998057319
1350.0,12.0,1.7082138340913673,7.549266,4.292396,2.46088385771091
1350.0,19.0,8.934761169058378,17.699426,11.255199,9.68743119267792
1350.0,24.0,-1.5976619887174301,3.011486,-1.368947,-0.8449919650978877
1350.0,25.0,-4.593704265915742,0.443708,-2.149996,-3.841034242296199
1350.0,29.0,-10.38618191880443,-4.875717,-8.284536,-9.633511895184888
1350.0,31.0,-9.209200665057194,-10.627288,-8.162553,-8.456530641437652
1351.0,2.0,3.0750342166132567,10.732158,5.846933,4.062799615947635
1351.0,5.0,9.046844918503814,7.415846,10.223107,10.034610317838192
1351.0,6.0,4.637166905914605,11.608628,6.976396,5.624932305248984
1351.0,12.0,1.9186034261792715,9.041911,3.932531,2.90636882551365
1351.0,19.0,9.018509956263719,3.926381,11.111968,10.006275355598097
1351.0,24.0,-1.357646297443278,7.042724,-1.085285,-0.36988089810889946
1351.0,25.0,-4.433578491225817,2.897682,-2.629314,-3.4458130918914387
1351.0,29.0,-10.438417232675265,-2.882138,-8.582067,-9.450651833340887
1351.0,31.0,-9.365588534082073,-6.073545,-8.588279,-8.377823134747695
1352.0,2.0,2.965279954071983,0.872937,5.217652,3.8574609171819163
1352.0,5.0,9.075345852426219,10.458369,10.229586,9.967526815536152
1352.0,6.0,4.5520235529809945,1.607573,6.470231,5.444204516090927
1352.0,12.0,1.864544506943842,0.297586,3.371863,2.7567254700537753
1352.0,19.0,9.134225293437344,7.586809,11.023518,10.026406256547277
1352.0,24.0,-1.1453312733100667,-0.861264,-0.915271,-0.25315031020013334
1352.0,25.0,-4.584805378766599,-5.625002,-3.308955,-3.6926244156566654
1352.0,29.0,-10.645548483105111,-9.544438,-9.047438,-9.753367519995178
1352.0,31.0,-9.458241989981572,-10.70506,-9.063517,-8.566061026871639
1353.0,2.0,2.738302219203172,6.737486,5.135707,3.3268946254975234
1353.0,5.0,9.724470611752507,8.662287,10.331053,10.313063018046858
1353.0,6.0,4.060596290878542,9.035243,6.285019,4.649188697172893
1353.0,12.0,1.9722925123498811,1.009017,3.39576,2.5608849186442324
1353.0,19.0,9.183261861619757,22.836379,10.895256,9.771854267914108
1353.0,24.0,-0.1753741471936464,-27.893433,-0.67747,0.41321825910070487
1353.0,25.0,-4.705718119271377,-9.629736,-3.332679,-4.117125712977026
1353.0,29.0,-10.986261357037643,-12.05195,-9.013795,-10.397668950743292
1353.0,31.0,-9.754706167349694,-8.793203,-9.200398,-9.166113761055342
1354.0,2.0,2.8354843281996676,5.551393,5.246339,3.5185201220653903
1354.0,5.0,9.754031838566402,10.061422,10.537074,10.437067632432125
1354.0,6.0,3.775436235832956,2.766039,6.217389,4.458472029698679
1354.0,12.0,2.098186462474718,5.468099,3.625003,2.781222256340441
1354.0,19.0,9.363836972520023,12.810539,10.807096,10.046872766385746
1354.0,24.0,-0.03105620909188833,18.455595,-0.396072,0.6519795847738344
1354.0,25.0,-4.634777350874766,-6.119162,-3.175579,-3.9517415570090435
1354.0,29.0,-10.976867047895743,-6.21521,-8.876606,-10.293831254030021
1354.0,31.0,-9.780929325363784,-10.478744,-9.303906,-9.097893531498062
1355.0,2.0,2.935781541100641,-1.032842,5.068613,3.6607201140914167
1355.0,5.0,9.835822553031397,9.735136,10.708778,10.560761126022172
1355.0,6.0,3.8487283279108175,3.341854,5.901411,4.573666900901593
1355.0,12.0,2.197665343636606,0.950162,3.608174,2.9226039166273816
1355.0,19.0,9.581066753596971,10.666717,10.628499,10.306005326587748
1355.0,24.0,0.02489123811804006,5.961314,-0.026255,0.7498298111088156
1355.0,25.0,-4.656964289307635,-5.999613,-3.288989,-3.9320257163168595
1355.0,29.0,-10.966011793391248,-10.414231,-8.89351,-10.241073220400473
1355.0,31.0,-9.932639933532391,-12.593554,-9.574904,-9.207701360541616
1356.0,2.0,2.7416667401015538,10.121661,4.826003,3.571866604456995
1356.0,5.0,10.169340858277195,11.775684,10.80287,10.999540722632636
1356.0,6.0,3.7010251157927714,1.566421,5.570431,4.531224980148213
1356.0,12.0,1.9380530593128356,3.295959,3.501541,2.768252923668277
1356.0,19.0,9.701525271395798,9.246056,10.446376,10.53172513575124
1356.0,24.0,0.576118781652604,-0.933063,0.276431,1.4063186460080455
1356.0,25.0,-4.8189114243535816,-0.6155,-3.462713,-3.98871155999814
1356.0,29.0,-10.871743666469124,-8.583312,-8.945023,-10.041543802113683
1356.0,31.0,-10.345809150383248,-1.633736,-9.816206,-9.515609286027807
1357.0,2.0,1.6701804097926622,4.669481,4.54085,3.775210070205876
1357.0,5.0,9.487250818032184,11.289794,10.834782,11.592280478445398
1357.0,6.0,3.006583884100891,4.172699,5.227313,5.111613544514105
1357.0,12.0,1.4797009056956396,4.314023,3.337316,3.5847305661088535
1357.0,19.0,8.677498983649462,17.105445,10.250967,10.782528644062676
1357.0,24.0,-1.016789576357608,1.063228,0.534336,1.088240084055606
1357.0,29.0,-11.597847846394929,-9.481457,-9.005391,-9.492818185981715
1358.0,2.0,1.5612134129791464,1.624818,4.175701,3.9099107647547475
1358.0,5.0,8.903989067964178,8.458011,10.897203,11.252686419739778
1358.0,6.0,2.4935092279569604,5.261027,4.747513,4.8422065797325615
1358.0,12.0,1.549905780718145,5.594039,3.158968,3.8986031324937462
1358.0,19.0,8.741300261590967,17.866076,9.952713,11.089997613366567
1358.0,24.0,0.09789124318156606,3.413095,0.9329,2.4465885949571673
1358.0,25.0,-6.325051019961811,-12.707099,-3.897706,-3.97635366818621
1358.0,29.0,-11.335461012681177,-7.645039,-9.039671,-8.986763660905577
1359.0,2.0,1.528837984927475,-0.119393,3.773599,3.677694123283353
1359.0,5.0,8.94598902884056,10.298481,11.003394,11.094845167196437
1359.0,6.0,2.7026435842945693,0.181663,4.170784,4.8514997226504475
1359.0,12.0,1.3572669962045145,0.316205,3.001632,3.5061231345603927
1359.0,19.0,8.815053389648547,13.552039,9.574647,10.963909528004425
1359.0,24.0,0.496983003887033,0.445947,1.458009,2.6458391422429113
1359.0,25.0,-6.399703907186562,-0.688402,-4.124277,-4.250847768830684
1359.0,29.0,-11.532077235178834,-10.293782,-9.036461,-9.383221096822956
1360.0,2.0,1.4645433123073222,1.658892,3.546772,3.332606732463204
1360.0,5.0,9.035694129116536,5.812079,11.01224,10.903757549272417
1360.0,6.0,2.5014837263239293,4.367579,3.816727,4.369547146479811
1360.0,12.0,1.2484049585560042,0.562182,2.933377,3.116468378711886
1360.0,19.0,8.646257581977371,11.475211,9.283816,10.514321002133254
1360.0,24.0,0.9303899671078594,1.132697,1.778003,2.7984533872637414
1360.0,25.0,-6.412306014374997,-1.645652,-4.188331,-4.544242594219115
1360.0,29.0,-11.506601996922493,-9.290385,-8.943353,-9.63853857676661
1361.0,2.0,1.152579176186003,11.354454,3.389028,2.7634729202113117
1361.0,5.0,9.269380104747622,15.625631,11.081271,10.88027384877293
1361.0,6.0,2.13417771038157,7.487384,3.516045,3.7450714544068786
1361.0,12.0,1.1103378897241676,8.648497,2.931325,2.7212316337494764
1361.0,19.0,8.22931004739352,12.430396,9.03961,9.84020379141883
1361.0,24.0,1.5315326980067256,-2.330299,2.105519,3.1424264420320345
1361.0,25.0,-6.333383343596156,3.532991,-4.213763,-4.722489599570848
1361.0,29.0,-11.489959938846978,-5.35121,-8.851185,-9.879066194821668
1362.0,2.0,0.19257455838771864,2.686329,3.320301,1.8320242891990226
1362.0,5.0,10.102983289091044,10.21474,11.279721,11.742433019902348
1362.0,6.0,0.7142247785434338,2.448998,3.245274,2.3536745093547378
1362.0,12.0,0.7094000510375159,1.604443,3.046897,2.34884978184882
1362.0,19.0,7.1285774257828445,9.367381,8.829942,8.768027156594147
1362.0,24.0,1.4045310636785011,-4.421459,2.520041,3.043980794489805
1362.0,29.0,-11.509114705397575,-7.995694,-8.747009,-9.869664974586271
1363.0,2.0,1.1286202307348479,0.512581,2.968808,0.9954170810043923
1363.0,5.0,12.061784824937368,5.388537,11.299867,11.928581675206912
1363.0,6.0,1.080351664391074,-2.33747,2.803333,0.9471485146606184
1363.0,12.0,1.249529815438506,-2.015824,2.859084,1.1163266657080504
1363.0,19.0,8.196284741573654,10.015963,8.547571,8.063081591843199
1363.0,24.0,3.7393795659922016,8.314535,2.859745,3.606176416261746
1363.0,29.0,-11.100492044605287,-5.770204,-8.774954,-11.233695194335743
1363.0,31.0,-11.154465107156625,-11.782747,-11.312155,-11.28766825688708
1364.0,2.0,1.600717706673212,5.86093,2.599247,0.5139043372745666
1364.0,5.0,12.382045903081998,11.883133,11.260991,11.295232533683354
1364.0,6.0,1.4210027748297573,4.495432,2.401676,0.3341894054311121
1364.0,12.0,1.8778207736087795,4.919174,2.610365,0.7910074042101343
1364.0,19.0,8.525086960543776,12.009896,8.307955,7.438273591145131
1364.0,24.0,3.854496065035524,-4.158116,3.100719,2.767682695636879
1364.0,29.0,-11.157794923931318,0.105161,-8.847683,-12.244608293329964
1364.0,31.0,-11.388358563780228,-11.279425,-11.502595,-12.475171933178874
1365.0,2.0,0.025138470366011023,-1.562037,2.333995,-1.135971115295816
1365.0,5.0,12.723675817124798,7.604586,11.281222,11.56256623146297
1365.0,6.0,-0.6187789457277529,-3.87486,2.10591,-1.77988853138958
1365.0,12.0,0.996501158243717,-0.938396,2.440543,-0.16460842741811021
1365.0,19.0,10.000403743999344,54.472918,8.156628,8.839294158337516
1365.0,29.0,-11.736771316677082,-9.163407,-8.932177,-12.897880902338908
1365.0,31.0,-12.827042211137398,-13.317412,-11.693581,-13.988151796799226
1366.0,2.0,-0.35696372544723964,11.236494,2.2781,-0.9243149517220833
1366.0,5.0,12.386360331898498,17.069611,11.358385,11.819009105623653
1366.0,6.0,-1.587447794297157,9.101743,1.943406,-2.1547990205720007
1366.0,12.0,0.8613565969102276,8.641466,2.486975,0.2940053706353839
1366.0,19.0,8.9631097452194,8.135718,8.019584,8.395758518944557
1366.0,29.0,-11.371937978892223,-1.536282,-8.860551,-11.939289205167068
1366.0,31.0,-13.100571053804158,-15.260859,-11.782761,-13.667922280079
1367.0,2.0,-0.45005097639776726,1.292948,2.007332,-0.4795941833192351
1367.0,5.0,12.899006650311193,12.149521,11.32084,12.869463443389726
1367.0,6.0,-1.9120748133402463,-1.625322,1.610322,-1.9416180202617142
1367.0,12.0,0.84224390967411,-1.184145,2.335046,0.8127007027526422
1367.0,19.0,7.989728060355811,7.866885,7.778748,7.960184853434344
1367.0,29.0,-11.114077638461294,-12.774413,-8.845365,-11.143620845382763
1367.0,31.0,-13.404525706133432,-6.719909,-11.897186,-13.434068913054901
1368.0,2.0,0.5949843818674275,4.605489,1.829805,1.4089894418508297
1368.0,5.0,12.390921587295074,11.565814,11.31214,13.204926647278477
1368.0,6.0,-1.4812891255700684,3.079898,1.371749,-0.6672840655866663
1368.0,12.0,1.6675405436283528,6.570361,2.252548,2.481545603611755
1368.0,19.0,9.106450064894602,20.264697,7.600693,9.920455124878004
1368.0,25.0,-5.628954398184869,-11.701002,-5.069278,-4.814949338201467
1368.0,29.0,-10.835119710343973,-3.935782,-8.818539,-10.02111465036057
1368.0,31.0,-13.46283266910873,-13.879833,-11.983596,-12.648827609125327
1369.0,2.0,1.3704175076693126,1.946319,1.639605,2.445998728028269
1369.0,5.0,12.627449768038803,11.297855,11.231648,13.703030988397758
1369.0,6.0,-1.311943997620073,1.860505,1.257953,-0.23636277726111676
1369.0,12.0,1.7915166565863494,2.333286,2.051343,2.867097876945306
1369.0,25.0,-5.215729251720018,-9.019922,-5.263352,-4.140148031361061
1369.0,29.0,-10.195899717648926,-11.393844,-8.945553,-9.12031849728997
1369.0,31.0,-13.00358063399649,-3.371736,-12.045365,-11.927999413637535
1370.0,2.0,1.7139161146922985,0.54261,1.244004,2.5974878232791285
1370.0,5.0,12.857724303065208,8.641664,11.019199,13.741296011652038
1370.0,6.0,-0.6860126508274808,-0.711831,1.043388,0.19755905775934945
1370.0,12.0,2.322834683839023,-0.455109,1.611378,3.206406392425853
1370.0,24.0,6.5529395540999635,-4.312984,3.781071,7.4365112626867935
1370.0,25.0,-4.838700228248192,-9.944367,-5.664195,-3.955128519661362
1370.0,29.0,-9.878814065757728,-9.489092,-9.203191,-8.995242357170898
1370.0,31.0,-12.193290457636133,6.027968,-12.128575,-11.309718749049303
1371.0,2.0,-0.902281204185707,3.087598,0.966534,2.6556732565126495
1371.0,5.0,9.33303004594702,12.809263,10.840383,12.890984506645376
1371.0,6.0,-2.622611394605441,3.669943,0.948329,0.9353430660929156
1371.0,12.0,0.5985128857999519,6.61114,1.259219,4.156467346498308
1371.0,25.0,-6.15666801415487,-9.086602,-5.985733,-2.5987135534565136
1371.0,29.0,-11.239715262517176,-7.874378,-9.443035,-7.68176080181882
1372.0,2.0,-0.720792752789925,7.965125,0.804383,-0.6160834223628885
1372.0,5.0,11.842309145509722,16.791129,10.805233,11.947018475936758
1372.0,6.0,-2.0824009175666918,8.280386,0.964061,-1.9776915871396552
1372.0,12.0,0.7711525473337754,7.291589,1.00271,0.8758618777608119
1372.0,19.0,8.585074445047983,-8.759503,7.76164,8.68978377547502
1372.0,25.0,-5.552249406672424,-8.566712,-6.293476,-5.447540076245388
1372.0,29.0,-10.406578893557686,-10.464867,-9.757413,-10.30186956313065
1372.0,31.0,-13.47199116568823,-13.101265,-12.308119,-13.367281835261194
1373.0,2.0,2.3662756789800037,-5.781791,0.746444,4.136595962062651
1373.0,12.0,1.9243521741870309,-4.985626,1.010547,3.694672457269678
1373.0,25.0,-5.206721932813426,-13.45631,-6.366488,-3.4364016497307794
1373.0,29.0,-10.217316242859336,-15.662089,-9.817679,-8.44699595977669
1373.0,31.0,-12.265525635578182,-16.467314,-12.482859,-10.495205352495535
1374.0,2.0,1.9350298263945689,-0.352967,0.439277,2.068603443723985
1374.0,5.0,13.380109271555034,10.410662,11.014065,13.51368288888445
1374.0,6.0,0.16290262311005577,-1.765534,0.497422,0.29647624043947196
1374.0,12.0,2.2772969362149196,2.741527,0.826362,2.4108705535443358
1374.0,24.0,6.226011650037575,26.600359,3.853657,6.359585267366991
1374.0,29.0,-10.819807965030362,-11.09901,-9.946983,-10.686234347700946
1374.0,31.0,-12.598528935964346,-8.244304,-12.763888,-12.46495531863493
1375.0,2.0,2.2498311031859783,3.333384,0.288022,2.764978251567323
1375.0,5.0,13.261084588480356,10.62961,11.106469,13.776231736861702
1375.0,6.0,0.30864666735371393,1.445724,0.353431,0.8237938157350587
1375.0,12.0,2.714102986513492,3.241854,0.716084,3.2292501348948366
1375.0,19.0,8.441620757458212,26.795645,7.58911,8.956767905839557
1375.0,24.0,6.273079555271089,5.908971,3.964833,6.788226703652434
1375.0,25.0,-5.1276030590768995,-13.041168,-6.823717,-4.612455910695555
1375.0,29.0,-10.633849455483139,-7.097551,-10.107718,-10.118702307101794
1375.0,31.0,-12.801579813130362,-14.96992,-12.978514,-12.286432664749016
1376.0,2.0,1.3121990212474008,2.169947,0.185759,2.1336198135740028
1376.0,5.0,13.232108784161012,11.554736,11.121985,14.053529576487614
1376.0,6.0,-1.1510831676118478,-0.104773,0.284667,-0.3296623752852459
1376.0,12.0,1.926827755011634,2.968469,0.61791,2.748248547338236
1376.0,19.0,9.500474560008778,16.9698,7.606507,10.32189535233538
1376.0,25.0,-5.624878400437093,-6.909907,-6.956338,-4.803457608110492
1376.0,29.0,-10.877530964561892,-9.414741,-10.218123,-10.05611017223529
1376.0,31.0,-13.747772441528348,-7.87903,-13.079147,-12.926351649201745
1377.0,2.0,1.293489719814457,5.704489,0.146875,2.269183569342588
1377.0,5.0,13.343359677986559,8.985231,11.116711,14.31905352751469
1377.0,6.0,-1.3666207586272758,0.065929,0.278645,-0.3909269090991446
1377.0,12.0,1.8923176580767809,3.171771,0.565925,2.868011507604912
1377.0,19.0,9.441874509111319,21.104736,7.637426,10.41756835863945
1377.0,25.0,-5.607932487287152,-8.00874,-7.02041,-4.632238637759021
1377.0,29.0,-10.77371200527618,-4.980992,-10.281345,-9.798018155748048
1377.0,31.0,-13.82665525358017,-4.321141,-13.112317,-12.85096140405204
1378.0,2.0,-0.2912430145034196,6.324234,0.224869,2.1537585169641575
1378.0,5.0,11.434607290716444,11.783931,11.215041,13.879608822184021
1378.0,6.0,-2.2554222173844236,3.020769,0.343532,0.18957931408315343
1378.0,12.0,1.0546690405290091,6.402923,0.640781,3.499670571996586
1378.0,19.0,6.789809343503353,7.312298,7.718409,9.234810874970929
1378.0,25.0,-7.143250294140363,-10.443681,-6.999293,-4.698248762672786
1378.0,29.0,-11.895846866340895,-5.092222,-10.317282,-9.450845334873318
1379.0,2.0,-0.415998448874901,7.149852,0.302818,1.9221262760836586
1379.0,5.0,11.302419164944087,16.101446,11.313138,13.640543889902647
1379.0,6.0,-2.3254278910728647,-0.972713,0.410343,0.012696833885694758
1379.0,12.0,1.0440569832700515,4.674391,0.714084,3.382181708228611
1379.0,19.0,6.394312991904975,14.94364,7.802249,8.732437716863535
1379.0,25.0,-7.052825861837184,-8.744541,-6.980163,-4.714701136878625
1379.0,29.0,-11.754805723156936,-9.392848,-10.356073,-9.416680998198377
1380.0,2.0,-0.4144409023380754,2.087611,0.162164,1.8774812213689236
1380.0,5.0,11.282119214078167,11.727652,11.292491,13.574041337785165
1380.0,6.0,-2.3228804041504167,0.226768,0.307736,-0.030958280443417863
1380.0,12.0,1.0555831184336846,1.816915,0.582403,3.3475052421406835
1380.0,19.0,6.357770971905191,3.452368,7.785637,8.64969309561219
1380.0,25.0,-7.018134409335141,-4.185112,-7.128053,-4.726212285628142
1380.0,29.0,-11.728083413702223,-7.062802,-10.457151,-9.436161289995223
1381.0,2.0,-0.3033852867540824,3.65966,0.088804,1.914957952947388
1381.0,5.0,11.322953681081144,12.376572,11.276346,13.541296920782614
1381.0,6.0,-2.20412680408025,2.642923,0.277631,0.014216435621220214
1381.0,12.0,1.0906038186580416,5.27866,0.496493,3.3089470583595118
1381.0,19.0,6.749898753980658,10.19324,7.810022,8.968241993682128
1381.0,25.0,-7.097469528309722,-4.873896,-7.226269,-4.879126288608252
1381.0,29.0,-11.73536327776694,-8.052022,-10.541501,-9.51702003806547
1382.0,2.0,-0.40255481652850034,8.17047,0.171326,1.8637902898359462
1382.0,5.0,11.438020499133785,16.757191,11.30017,13.704365605498232
1382.0,6.0,-2.2782264145212734,6.210538,0.342637,-0.011881308156826975
1382.0,12.0,1.098584402907071,5.931911,0.574323,3.3649295092715175
1382.0,19.0,6.9022032470405,11.152675,7.836834,9.168548353404947
1382.0,25.0,-7.1193510971127365,-3.491872,-7.149527,-4.85300599074829
1382.0,29.0,-11.733319875669478,-10.203895,-10.500641,-9.466974769305033
1383.0,2.0,-0.23036291015283805,6.762492,0.31456,1.9645211970453325
1383.0,5.0,11.705138059205318,12.509058,11.337088,13.900022166403488
1383.0,6.0,-2.183572914072589,3.282842,0.414795,0.011311193125581376
1383.0,12.0,1.0879010388534072,3.326714,0.738882,3.2827851460515776
1383.0,19.0,7.146504239708956,7.717079,7.816939,9.341388346907127
1383.0,25.0,-7.174254228642417,-1.172353,-6.970852,-4.979370121444247
1383.0,29.0,-11.895383270163412,-7.109337,-10.362221,-9.700499162965242
1384.0,2.0,-0.24638260650862798,4.312138,0.389926,1.9127007092044241
1384.0,5.0,11.563617092158397,11.779936,11.293328,13.72270040787145
1384.0,6.0,-2.155364360266292,4.401517,0.410859,0.0037189554467600416
1384.0,12.0,1.1296833582435335,4.130245,0.855699,3.2887666739565855
1384.0,19.0,6.971532891516353,5.711965,7.700621,9.130616207229405
1384.0,25.0,-7.107539224374416,-1.151328,-6.791131,-4.948455908661364
1384.0,29.0,-11.679489038753719,-7.499709,-10.166615,-9.520405723040668
1385.0,2.0,-0.13114195829612296,2.790642,0.314608,1.8230075684222493
1385.0,5.0,11.729746895400066,9.189352,11.098344,13.683896422118437
1385.0,6.0,-2.0435319318369096,-0.658273,0.330624,-0.08938240511853746
1385.0,12.0,1.1995502699485563,1.856692,0.796309,3.1536997966669285
1385.0,19.0,7.183687303516013,10.915158,7.531314,9.137836830234384
1385.0,25.0,-7.115470470227209,-9.170502,-6.726611,-5.161320943508837
1385.0,29.0,-11.728805293537988,-7.551043,-10.013722,-9.774655766819617
1386.0,2.0,1.7239562353254616,3.764333,0.305489,1.3641518655445792
1386.0,5.0,13.658467572334427,12.991793,10.909326,13.298663202553545
1386.0,6.0,-0.2502478517070347,3.148551,0.350701,-0.610052221487917
1386.0,12.0,2.4881431863260204,5.593921,0.759429,2.128338816545138
1386.0,19.0,10.757633680997417,8.771157,7.447865,10.397829311216535
1386.0,25.0,-5.476914702602941,-7.541565,-6.645524,-5.836719072383824
1386.0,29.0,-10.91494449568946,-9.141334,-9.890814,-11.274748865470341
1386.0,31.0,-13.602006878332537,-10.293804,-12.73382,-13.961811248113419
1387.0,2.0,1.8983444386323107,4.419789,0.31226,1.622657386665082
1387.0,5.0,13.685368621218137,10.604135,10.806251,13.409681569250909
1387.0,6.0,-0.033888186788042174,3.067953,0.346494,-0.30957523875527093
1387.0,12.0,2.5914086374058796,7.220271,0.769742,2.315721585438651
1387.0,19.0,10.687405082265103,5.732583,7.366698,10.411718030297875
1387.0,25.0,-5.431735820609672,-5.597728,-6.561475,-5.707422872576901
1387.0,29.0,-10.786122620284305,-2.64211,-9.776945,-11.061809672251533
1387.0,31.0,-13.574215433532741,-11.736238,-12.603689,-13.84990248549997
1388.0,2.0,2.8169260839035557,-6.584162,0.342259,2.4153516166917246
1388.0,5.0,13.758016717684432,-1.942998,10.75145,13.3564422504726
1388.0,6.0,1.278172933595914,-8.010296,0.359312,0.8765984663840829
1388.0,12.0,3.2462730712164527,-7.712718,0.804415,2.8446986040046216
1388.0,19.0,10.21999907537621,1.282718,7.318346,9.818424608164378
1388.0,24.0,6.284423448081667,134.340966,3.890716,5.882848980869836
1388.0,25.0,-4.852418389027938,-16.432385,-6.481047,-5.253992856239769
1388.0,29.0,-10.424649604863816,-14.875778,-9.687438,-10.826224072075647
1388.0,31.0,-12.636716350086505,-21.164224,-12.512685,-13.038290817298336
1389.0,2.0,1.8309297944685552,4.794868,0.601277,1.2893541208339063
1389.0,5.0,13.740120330758316,8.957786,10.718663,13.198544657123668
1389.0,6.0,0.35748567609053505,1.952669,0.625808,-0.18408999754411381
1389.0,12.0,2.3827010757168052,3.27489,0.989273,1.8411254020821564
1389.0,19.0,11.640048851597466,13.214189,7.424285,11.098473177962818
1389.0,25.0,-5.863432942194829,-4.148575,-6.243366,-6.405008615829479
1389.0,29.0,-11.612082588602997,-7.842431,-9.557517,-12.153658262237645
1389.0,31.0,-13.689866094110284,-9.834326,-12.302694,-14.231441767744933
1390.0,2.0,2.7903849534255256,-4.279519,1.095256,1.9730940149116507
1390.0,5.0,13.749633258234603,4.894213,10.678157,12.932342319720728
1390.0,6.0,1.0564654488009015,27.128525,1.184111,0.23917451028702663
1390.0,12.0,3.348470891754231,-1.173992,1.302017,2.5311799532403563
1390.0,19.0,10.199566545805842,-0.907365,7.716836,9.382275607291968
1390.0,24.0,6.428130886708296,77.098679,3.331649,5.610839948194421
1390.0,25.0,-4.650085262314483,-5.874355,-5.859417,-5.467376200828358
1390.0,29.0,-10.403985081201283,-12.75618,-9.407479,-11.221276019715157
1390.0,31.0,-12.411257734442948,-15.037338,-11.946757,-13.228548672956823
1391.0,2.0,-6.681758472423019,-24.521037,1.532296,-3.3955809243672714
1391.0,5.0,-1.3022704718849587,-13.835171,10.895655,1.983907076170789
1391.0,6.0,-5.477118924670903,-8.950314,1.376959,-2.1909413766151555
1391.0,12.0,-5.5155552772155945,-22.211584,1.825499,-2.2293777291598467
1391.0,19.0,0.654275910190785,127.980368,7.68076,3.940453458246533
1391.0,24.0,-3.885846949049794,25.982775,3.529472,-0.5996694009940464
1391.0,25.0,-7.421816360992895,-36.581383,-5.353641,-4.135638812937147
1391.0,29.0,-7.903023304090767,-34.8926,-9.037276,-4.616845756035019
1391.0,31.0,-7.801100001419795,-40.02077,-11.816509,-4.514922453364047
1392.0,2.0,2.351206316427586,-10.416789,9.334263,2.3092626615166587
1392.0,5.0,12.697218873861136,-3.27057,14.127468,12.655275218950209
1392.0,6.0,2.9852478677724195,-13.674721,4.605223,2.9433042128614924
1392.0,12.0,1.9881908414920773,-12.842454,11.267838,1.9462471865811501
1392.0,19.0,11.195185906355807,125.488031,6.25643,11.15324225144488
1392.0,24.0,3.091007809195019,54.555482,7.104734,3.0490641542840917
1392.0,25.0,-5.594092926369715,-21.595649,4.292303,-5.636036581280642
1392.0,29.0,-12.245459604452629,-23.606686,-1.498898,-12.287403259363556
1392.0,31.0,-12.68743942794861,-25.996247,-8.624852,-12.729383082859536
1393.0,2.0,-2.7648315655602334,7.089415,8.920648,2.7475813355655534
1393.0,5.0,1.4766262084121182,11.918211,13.440383,6.989039109537905
1393.0,6.0,-4.5311893415191395,5.421464,6.54532,0.9812235596066472
1393.0,12.0,-2.2146104455037685,3.49444,9.105012,3.2978024556220182
1393.0,29.0,-8.335549306795032,-5.503543,-4.711923,-2.8231364056692456
1393.0,31.0,-11.469658332652026,-15.081011,-8.992557,-5.957245431526239
1394.0,2.0,0.1723218273272903,6.104609,1.895655,0.7078074029680982
1394.0,5.0,9.768065166389817,12.970635,11.66588,10.303550742030625
1394.0,6.0,-1.2585989393490138,3.6882,1.388708,-0.7231133637082059
1394.0,12.0,1.6714109013505958,4.842654,2.412053,2.2068964769914037
1394.0,24.0,5.203848007747329,33.047666,4.141874,5.739333583388136
1394.0,25.0,-4.062588774820917,1.755146,-5.139033,-3.5271031991801087
1394.0,29.0,-8.524928784184981,-7.349269,-9.035883,-7.989443208544174
1394.0,31.0,-10.513492770921838,-11.846886,-12.350313,-9.97800719528103
1395.0,2.0,-1.0558388675392898,7.026245,1.947393,2.7745693824133904
1395.0,5.0,5.141766589772515,13.493049,11.691964,8.972174839725195
1395.0,6.0,-2.6700685847208527,4.423252,1.442082,1.1603396652318274
1395.0,12.0,0.12527224606531007,6.86072,2.452269,3.9556804960179903
1395.0,25.0,-3.8769528764973646,-11.17744,-5.110824,-0.0465446265446845
1395.0,29.0,-8.133760588234889,-7.253289,-9.039819,-4.303352338282209
1395.0,31.0,-11.630733722843033,-10.38239,-12.347335,-7.800325472890353
1396.0,2.0,-0.8664570946372222,-1.111053,1.934963,0.7443434484510226
1396.0,5.0,8.08093283173269,7.671786,11.683178,9.691733374820934
1396.0,6.0,-2.263841201051574,-1.748031,1.457292,-0.653040657963329
1396.0,12.0,0.8915817643565392,-3.504564,2.423395,2.502382307444784
1396.0,24.0,4.770272448312709,35.239459,4.085034,6.381072991400954
1396.0,25.0,-4.120566809120015,-10.086855,-5.144217,-2.50976626603177
1396.0,29.0,-8.035685605759385,-13.114397,-9.080143,-6.42488506267114
1396.0,31.0,-10.716975540677643,-5.311141,-12.356377,-9.106174997589399
1397.0,2.0,0.12501651231031363,-5.549779,1.897893,2.022708506250822
1397.0,5.0,10.65098201179286,10.027983,11.653282,12.54867400573337
1397.0,6.0,-1.843045151342988,-4.250257,1.410793,0.05464684259752017
1397.0,12.0,2.0244208885671195,-2.72287,2.404072,3.9221128825076277
1397.0,19.0,8.497809130071822,-11.549543,7.842307,10.39550112401233
1397.0,25.0,-4.467240709286698,-8.578895,-5.145562,-2.56954871534619
1397.0,29.0,-9.901139811383276,-10.060932,-9.054191,-8.003447817442767
1397.0,31.0,-12.758496970233095,-18.724076,-12.342773,-10.860804976292586
1398.0,2.0,0.16679920556451833,3.172043,1.918921,1.3938353628341478
1398.0,5.0,10.84416932922755,11.708125,11.624338,12.071205486497178
1398.0,6.0,-1.7147510004903914,3.459057,1.425304,-0.4877148432207621
1398.0,12.0,2.13468427652934,3.063488,2.425087,3.3617204337989692
1398.0,19.0,7.2463065907424715,5.919788,7.823385,8.4733427480121
1398.0,25.0,-4.772934770859812,-8.967485,-5.10053,-3.5458986135901824
1398.0,29.0,-10.567799100357025,-6.756024,-9.008503,-9.340762943087395
1398.0,31.0,-12.738029634461173,-14.232363,-12.292166,-11.510993477191544
1399.0,2.0,0.14748591043843884,7.476478,1.944461,1.8342934064504433
1399.0,5.0,11.048017106373312,13.206421,11.614346,12.734824602385316
1399.0,6.0,-1.8377901504321636,5.885087,1.437199,-0.15098265442015935
1399.0,12.0,2.144615364956185,7.669159,2.455962,3.8314228609681895
1399.0,19.0,8.07410479744287,9.790687,7.808091,9.760912293454874
1399.0,25.0,-4.638790754250436,-1.854042,-5.055783,-2.9519832582384313
1399.0,29.0,-10.257190115346885,-7.891704,-8.967055,-8.57038261933488
1399.0,31.0,-12.94074405131125,-6.749151,-12.258208,-11.253936555299246
1400.0,2.0,0.34630974294437233,7.461294,1.981874,2.1882261062541017
1400.0,5.0,10.785990247224953,12.790896,11.639616,12.627906610534684
1400.0,6.0,-1.649233872635591,2.526756,1.437196,0.19268249067413823
1400.0,12.0,2.2597246909877606,7.283104,2.515916,4.10164105429749
1400.0,25.0,-4.109613554100383,-4.532666,-4.997178,-2.2676971907906536
1400.0,29.0,-9.81489261986434,-4.669528,-8.915648,-7.9729762565546105
1400.0,31.0,-12.500952197716058,-7.865363,-12.248829,-10.659035834406328
1401.0,2.0,0.40006752618886743,8.651869,2.024728,2.136455532073732
1401.0,5.0,10.953876709510372,13.022927,11.665606,12.690264715395235
1401.0,6.0,-1.706830262012243,2.54485,1.45622,0.029557743872621334
1401.0,12.0,2.165220491782895,6.535634,2.569349,3.9016084976677594
1401.0,19.0,8.299670014389102,20.285619,7.785581,10.036058020273966
1401.0,25.0,-4.611082548189392,-1.005153,-4.949013,-2.874694542304528
1401.0,29.0,-9.860048403048122,-5.986265,-8.883669,-8.123660397163258
1401.0,31.0,-12.890062562205104,-5.135619,-12.241848,-11.15367455632024
1402.0,2.0,0.5454602242992815,0.315445,2.074809,1.9761527531034528
1402.0,5.0,11.170537898033553,8.491329,11.708294,12.601230426837724
1402.0,6.0,-1.4277394577362328,2.0779,1.501186,0.0029530710679384065
1402.0,12.0,2.293908040603883,2.466337,2.614458,3.724600569408054
1402.0,19.0,8.236991808340376,8.533997,7.829319,9.667684337144546
1402.0,25.0,-4.749256904130777,-0.781437,-4.925322,-3.318564375326606
1402.0,29.0,-10.369448263089511,-4.567029,-8.892911,-8.93875573428534
1402.0,31.0,-12.823563672317421,-15.021413,-12.257003,-11.39287114351325
1403.0,2.0,0.5133846531806733,10.705018,2.143417,2.0198241893751283
1403.0,5.0,11.311339981127459,14.270653,11.765965,12.817779517321913
1403.0,6.0,-1.426788933992304,5.97152,1.564677,0.07965060220215081
1403.0,12.0,2.2581355542098214,6.279429,2.673951,3.7645750904042763
1403.0,19.0,8.635839875336552,7.151224,7.891221,10.142279411531007
1403.0,25.0,-4.74133132912221,-1.971371,-4.895024,-3.234891792927755
1403.0,29.0,-10.4445787923382,-5.990172,-8.907776,-8.938139256143746
1403.0,31.0,-12.893530805964446,-10.369517,-12.277381,-11.387091269769991
1404.0,2.0,0.6191332863767592,10.919447,2.168244,1.9167018004923104
1404.0,5.0,11.121175074198494,12.874662,11.78918,12.418743588314044
1404.0,6.0,-1.4764143322057794,6.594338,1.571398,-0.17884581809022837
1404.0,12.0,2.309187096117663,8.278381,2.709602,3.606755610233214
1404.0,19.0,7.819625821573964,8.817334,7.890827,9.117194335689515
1404.0,25.0,-4.701834880954864,-2.228703,-4.86683,-3.4042663668393125
1404.0,29.0,-10.093479300070955,-2.460983,-8.889954,-8.795910785955403
1404.0,31.0,-12.871779427000732,-9.8838,-12.28147,-11.574210912885182
1405.0,2.0,0.4769852193867282,3.326128,2.219499,1.9759253269854589
1405.0,5.0,10.898858060855618,13.531239,11.801323,12.397798168454349
1405.0,6.0,-1.5955508843423845,1.853366,1.584794,-0.09661077674365393
1405.0,12.0,2.1075050052935165,1.822355,2.779297,3.606445112892247
1405.0,19.0,7.7794218710132625,16.808906,7.86436,9.278361978611994
1405.0,25.0,-4.6896044005259165,-0.69305,-4.787505,-3.190664292927186
1405.0,29.0,-9.926445308905372,-10.271117,-8.81982,-8.42750520130664
1405.0,31.0,-12.762654242956605,-16.574261,-12.24687,-11.263714135357874
1406.0,2.0,0.7044101480786472,2.978072,2.287788,1.865218870627705
1406.0,5.0,11.26133439571706,13.884367,11.844267,12.422143118266119
1406.0,6.0,-1.4521403192403461,3.435988,1.601269,-0.2913315966912884
1406.0,12.0,2.314478014365859,0.459114,2.874019,3.4752867369149167
1406.0,19.0,7.749085695619518,9.531068,7.844464,8.909894418168577
1406.0,25.0,-4.744387253595071,-4.52761,-4.69764,-3.583578531046013
1406.0,29.0,-10.15354168640879,-10.749386,-8.748679,-8.992732963859732
1406.0,31.0,-12.85419659923452,-19.013111,-12.23182,-11.693387876685462
1407.0,2.0,0.8577553934840062,4.279684,2.31372,1.9379148164018498
1407.0,5.0,11.31067073601455,11.912137,11.880088,12.390830158932394
1407.0,6.0,-1.2864106520592502,3.727052,1.634641,-0.2062512291414067
1407.0,12.0,2.3853818391805746,4.856243,2.891338,3.465541262098418
1407.0,19.0,7.90680538484941,0.076784,7.892244,8.986964807767254
1407.0,25.0,-4.702550474949827,-10.618497,-4.704017,-3.622391052031983
1407.0,29.0,-10.151118437151416,-5.623024,-8.781606,-9.070959014233573
1407.0,31.0,-12.840573976758769,-9.553332,-12.259972,-11.760414553840926
1408.0,2.0,0.843414128184733,3.22512,2.376251,1.7103305805029612
1408.0,5.0,11.43004148340141,9.911071,11.935369,12.29695793571964
1408.0,6.0,-1.361198350083284,1.692646,1.6922,-0.49428189776505604
1408.0,12.0,2.330093722303878,2.676099,2.946138,3.197010174622106
1408.0,19.0,7.578329201478272,8.636108,7.950068,8.445245653796501
1408.0,25.0,-4.5739049830503005,-7.656717,-4.677558,-3.7069885307320725
1408.0,29.0,-10.030167997767599,-6.916995,-8.797083,-9.16325154544937
1408.0,31.0,-12.887949599199398,-11.981057,-12.281604,-12.02103314688117
1409.0,2.0,0.7792196774725716,-0.395796,2.417441,1.629162961279163
1409.0,5.0,11.346843834174917,8.577249,11.988003,12.196787117981508
1409.0,6.0,-1.402124448302267,-0.500609,1.70046,-0.5521811644956758
1409.0,12.0,2.31982851667797,3.879103,3.006959,3.169771800484561
1409.0,19.0,7.635334492350575,5.341146,7.953691,8.485277776157165
1409.0,25.0,-4.716787333648953,-10.797293,-4.637523,-3.8668440498423617
1409.0,29.0,-10.149525216823074,-3.980921,-8.775893,-9.299581933016484
1409.0,31.0,-12.803289551116565,-15.922765,-12.303655,-11.953346267309975
1410.0,2.0,1.0004377426334825,3.195572,2.405618,2.048900241780752
1410.0,5.0,11.458330861956119,12.573354,12.027396,12.506793361103389
1410.0,6.0,-1.2692497360451904,1.842651,1.660597,-0.2207872368979209
1410.0,12.0,2.369208440975914,4.14211,3.024554,3.4176709401231835
1410.0,19.0,7.867117224613813,9.857118,7.932604,8.915579723761082
1410.0,25.0,-4.760624575343812,-3.103955,-4.640186,-3.712162076196542
1410.0,29.0,-10.103251554754788,-9.904599,-8.77325,-9.054789055607518
1410.0,31.0,-12.819639291303234,-8.972548,-12.347781,-11.771176792155964
1411.0,2.0,0.9861354509156061,4.028535,2.40023,1.8250972489253288
1411.0,5.0,11.536071738405086,11.561999,12.027034,12.375033536414808
1411.0,6.0,-1.138469475153344,-0.620707,1.662579,-0.29950767714362136
1411.0,12.0,2.370066258903388,1.536242,3.017028,3.2090280569131107
1411.0,19.0,8.052989825866842,11.02815,7.942336,8.891951623876565
1411.0,25.0,-4.742749362596326,-0.61255,-4.65082,-3.9037875645866036
1411.0,29.0,-10.170889802620234,-7.772897,-8.786629,-9.33192800461051
1411.0,31.0,-12.751250132942667,-13.761425,-12.354183,-11.912288334932946
1412.0,2.0,0.978833011665558,3.743156,2.432633,1.738180614315202
1412.0,5.0,11.811365466685448,12.095433,12.076145,12.570713069335092
1412.0,6.0,-1.1767390170797274,6.61255,1.698442,-0.41739141443008343
1412.0,12.0,2.4351455792021532,4.989957,3.042957,3.194493181851797
1412.0,19.0,8.343668135926823,10.200413,7.995719,9.103015738576467
1412.0,25.0,-4.808687261896626,-3.165132,-4.655569,-4.049339659246982
1412.0,29.0,-10.360571976556272,-6.162453,-8.822656,-9.601224373906629
1412.0,31.0,-12.883720140688082,-20.02713,-12.392157,-12.124372538038438
1413.0,2.0,0.899703901852403,8.481008,2.379805,1.6175750609318467
1413.0,5.0,11.342219506747544,13.127251,12.096851,12.060090665826987
1413.0,6.0,-1.2512551215059737,5.365517,1.64386,-0.5333839624265302
1413.0,12.0,2.247346528109187,9.799389,3.00918,2.9652176871886304
1413.0,19.0,7.777140532991781,7.493345,7.984538,8.495011692071223
1413.0,25.0,-4.788189017822105,-3.092746,-4.710359,-4.070317858742661
1413.0,29.0,-9.975732536139951,-2.078457,-8.861695,-9.257861377060507
1413.0,31.0,-12.70538625800749,-11.940916,-12.452145,-11.987515098928046
1414.0,2.0,1.1857761843911243,-0.488202,2.330168,1.9976721905321857
1414.0,5.0,11.73802635330732,5.509313,12.075969,12.549922359448383
1414.0,6.0,-1.0282106210796433,-0.531943,1.614826,-0.21631461493858195
1414.0,12.0,2.4484949951957846,-0.639868,2.957929,3.260391001336846
1414.0,19.0,8.3308044652155,13.937235,7.981435,9.142700471356562
1414.0,25.0,-4.791694384007745,-8.332503,-4.760662,-3.979798377866684
1414.0,29.0,-10.198678719117774,-8.644949,-8.89619,-9.386782712976713
1414.0,31.0,-12.766271227917635,-13.593805,-12.469378,-11.954375221776573
1415.0,2.0,1.090271566994483,1.043068,2.361224,1.860129801807564
1415.0,5.0,11.826318667667438,9.815022,12.111762,12.596176902480519
1415.0,6.0,-1.0963874559253703,1.682658,1.646216,-0.3265292211122892
1415.0,12.0,2.413290465542998,2.636036,2.984564,3.183148700356079
1415.0,19.0,8.477020806415302,5.112378,8.020549,9.246879041228382
1415.0,25.0,-4.711733645082134,-9.682904,-4.754839,-3.941875410269053
1415.0,29.0,-10.226371927571526,-5.858129,-8.915781,-9.456513692758445
1415.0,31.0,-12.769431896390168,-14.967584,-12.49126,-11.999573661577088
1416.0,2.0,1.2479581583595598,3.738265,2.320888,1.9426296708532527
1416.0,5.0,11.894561308281792,9.2741,12.1305,12.589232820775486
1416.0,6.0,-0.9585461719489691,1.195553,1.596308,-0.2638746594552762
1416.0,12.0,2.4530278014822002,4.649947,2.965931,3.147699313975893
1416.0,19.0,8.5289714563438,14.575013,8.001575,9.223642968837494
1416.0,25.0,-4.792313315280162,-5.386989,-4.789122,-4.09764180278647
1416.0,29.0,-10.198919014563646,-7.487642,-8.935451,-9.504247502069953
1416.0,31.0,-12.750253404594456,-9.706653,-12.537425,-12.055581892100763
1417.0,2.0,1.2616724931327123,1.483438,2.279894,1.8654304498073944
1417.0,5.0,12.01234663319903,13.340468,12.118256,12.616104589873713
1417.0,6.0,-0.9272008056522153,0.907297,1.562705,-0.3234428489775333
1417.0,12.0,2.479020436876171,1.343883,2.931805,3.082778393550853
1417.0,19.0,8.697753032660348,3.582892,7.987744,9.30151098933503
1417.0,25.0,-4.749336780124636,-7.245411,-4.823032,-4.145578823449954
1417.0,29.0,-10.222659506320278,-7.675297,-8.953535,-9.618901549645596
1417.0,31.0,-12.775291911634932,-17.730443,-12.553921,-12.17153395496025
1418.0,2.0,1.3558623064774746,1.654907,2.297348,2.0867555343495896
1418.0,5.0,12.01842090537523,13.464744,12.121606,12.749314133247346
1418.0,6.0,-0.8704435312211355,1.269216,1.560557,-0.13955030334902052
1418.0,12.0,2.4844528484995942,4.303355,2.962187,3.215346076371709
1418.0,19.0,8.721629162242246,5.769617,7.968561,9.45252239011436
1418.0,25.0,-4.795720916401899,-8.195384,-4.787004,-4.064827688529784
1418.0,29.0,-10.242578579866422,-8.409852,-8.918406,-9.511685351994306
1418.0,31.0,-12.677204104277147,-15.258516,-12.538715,-11.946310876405033
1419.0,2.0,1.1754025634953278,4.227488,2.318469,1.6255145723048074
1419.0,5.0,11.919698892166762,11.713184,12.094552,12.369810900976242
1419.0,6.0,-1.0266066430306644,4.34407,1.591398,-0.5764946342211847
1419.0,12.0,2.3414325138732694,4.169094,2.970573,2.791544522682749
1419.0,19.0,8.232269767762151,8.613677,7.975795,8.682381776571631
1419.0,25.0,-4.728124537584584,-12.505012,-4.76069,-4.278012528775104
1419.0,29.0,-10.007198880400358,-10.026071,-8.899551,-9.557086871590878
1419.0,31.0,-12.716674254850245,-7.718551,-12.496427,-12.266562246040765
1420.0,2.0,1.3172987123899729,-3.169164,2.353839,1.7189506849929126
1420.0,5.0,12.140436763699832,9.833262,12.091253,12.542088736302771
1420.0,6.0,-0.9110917809007609,-4.308197,1.621187,-0.5094398082978212
1420.0,12.0,2.4627987359350865,-0.582771,3.002645,2.864450708538026
1420.0,19.0,8.623918644557593,3.91431,7.981616,9.025570617160533
1420.0,25.0,-4.756765073459202,-9.138518,-4.720311,-4.355113100856262
1420.0,29.0,-10.24963015878093,-9.041105,-8.872353,-9.84797818617799
1420.0,31.0,-12.681496286844313,-12.906454,-12.466655,-12.279844314241373
1421.0,2.0,1.2136486679276137,8.610613,2.288452,1.6079111752408575
1421.0,5.0,11.987833684541105,13.341835,12.048503,12.382096191854348
1421.0,6.0,-0.9419332230104916,4.74146,1.576429,-0.5476707156972479
1421.0,12.0,2.3333740704718533,5.678921,2.93864,2.727636577785097
1421.0,19.0,8.513613759075314,10.955148,7.957049,8.907876266388557
1421.0,25.0,-4.860250980110687,0.768686,-4.770603,-4.465988472797443
1421.0,29.0,-10.044088156424822,-5.354326,-8.893839,-9.649825649111579
1421.0,31.0,-12.628344428897504,-13.673138,-12.468713,-12.234081921584261
1422.0,2.0,1.8538683387696393,1.109891,2.307744,1.913209468700987
1422.0,5.0,12.184192853958127,11.921613,12.029666,12.243533983889474
1422.0,6.0,-0.19034146354162573,0.229709,1.612976,-0.13100033361027796
1422.0,12.0,2.8043388020879894,1.301816,2.940255,2.863679932019337
1422.0,19.0,7.86595331507989,4.755488,7.980532,7.925294445011238
1422.0,24.0,6.416262451743096,-18.257288,4.353721,6.475603581674443
1422.0,25.0,-4.2366605848194485,-6.284802,-4.759219,-4.177319454888101
1422.0,29.0,-9.663426213987568,-8.691703,-8.894999,-9.604085084056221
1422.0,31.0,-11.586806116271267,-9.511416,-12.440383,-11.52746498633992
1423.0,2.0,2.149593523650563,1.688067,2.414929,2.543101442892786
1423.0,5.0,12.530617953304722,8.695326,12.066924,12.924125872546945
1423.0,6.0,-0.2006699605467689,-0.752792,1.672019,0.19283795869545395
1423.0,12.0,2.9909746512045574,0.463453,3.060125,3.3844825704467802
1423.0,19.0,8.005949095035868,9.005741,7.97955,8.399457014278092
1423.0,24.0,6.627518705097551,-13.934379,4.378341,7.021026624339774
1423.0,25.0,-4.221201375419589,-6.504939,-4.636016,-3.8276934561773666
1423.0,29.0,-9.730176574949901,-8.443922,-8.807254,-9.336668655707678
1423.0,31.0,-11.75403483549942,-8.534528,-12.393244,-11.360526916257196
1424.0,2.0,1.4798796250184116,6.70335,2.372896,1.973531219992608
1424.0,5.0,12.353984591410484,11.517599,12.032425,12.84763618638468
1424.0,6.0,-0.7527024832212482,4.637997,1.669291,-0.2590508882470518
1424.0,12.0,2.4799388318009816,7.904152,2.998994,2.973590426775178
1424.0,19.0,8.863659093266602,9.54657,7.999492,9.357310688240798
1424.0,25.0,-4.830276728320533,0.633513,-4.691677,-4.336625133346336
1424.0,29.0,-10.132376367095715,-3.765619,-8.855165,-9.638724772121519
1424.0,31.0,-12.643390633245264,-11.185153,-12.396621,-12.149739038271068
1425.0,2.0,1.498483509803476,-0.453526,2.428914,2.344284205438009
1425.0,5.0,12.480505172906067,12.982858,11.993599,13.3263058685406
1425.0,6.0,-0.5614424528872527,-2.116867,1.773025,0.28435824274728005
1425.0,12.0,2.5629850856872824,0.968442,3.002229,3.408785781321815
1425.0,25.0,-4.446091114100888,-9.019732,-4.669379,-3.600290418466355
1425.0,29.0,-9.99319857019624,-9.510207,-8.869433,-9.147397874561708
1425.0,31.0,-12.359216345877002,-18.030347,-12.331625,-11.513415650242468
1426.0,2.0,1.5479426035381065,2.978174,2.34673,2.064153170904181
1426.0,5.0,12.56374546781482,11.056895,11.958919,13.079956035180896
1426.0,6.0,-0.589000677817393,1.14997,1.726834,-0.07279011045131834
1426.0,12.0,2.5175494716554256,3.703381,2.914479,3.0337600390215003
1426.0,19.0,9.367733579016148,9.517233,8.069663,9.883944146382223
1426.0,25.0,-4.8383971660121725,-4.226442,-4.755954,-4.322186598646098
1426.0,29.0,-10.21055874740266,-7.6388,-8.929563,-9.694348180036584
1426.0,31.0,-12.606292991760997,-10.14182,-12.360802,-12.090082424394922
1427.0,2.0,1.5783119784933186,3.226044,2.153264,1.8044114699099079
1427.0,5.0,12.696626026830259,9.580771,11.93135,12.922725518246848
1427.0,6.0,-0.5719097371096994,2.749025,1.560009,-0.34581024569311014
1427.0,12.0,2.541963870947302,3.214337,2.753717,2.768063362363891
1427.0,19.0,9.307139532083895,7.684914,8.008215,9.533239023500483
1427.0,25.0,-4.796917511880856,0.321988,-4.932608,-4.570818020464266
1427.0,29.0,-10.327342565527912,-5.326376,-9.030244,-10.101243074111323
1427.0,31.0,-12.605327853795314,-13.888302,-12.470361,-12.379228362378726
1428.0,2.0,1.60601469030496,9.17193,2.151828,1.7438732716187224
1428.0,5.0,12.87153614739922,11.983625,11.942862,13.009394728712984
1428.0,6.0,-0.3330790066788226,6.208285,1.579692,-0.19522042536506012
1428.0,12.0,2.595272650352613,6.240897,2.739048,2.7331312316663756
1428.0,19.0,9.844115886251819,14.364064,8.048799,9.981974467565582
1428.0,25.0,-4.821884067835126,-5.397542,-4.96226,-4.684025486521364
1428.0,29.0,-10.405889747255118,-7.224501,-9.074184,-10.268031165941355
1428.0,31.0,-12.636913956694842,-8.995728,-12.493737,-12.49905537538108
1429.0,2.0,2.134740309805391,6.022248,2.236218,2.1360374002178735
1429.0,5.0,12.81585111090751,9.224701,12.02185,12.817148201319991
1429.0,6.0,-0.08195946163631096,7.466153,1.641523,-0.08066237122382847
1429.0,12.0,3.0261030377217875,8.530137,2.824902,3.02740012813427
1429.0,19.0,8.437800808264026,12.004975,8.10501,8.439097898676508
1429.0,24.0,6.724742092163427,0.089615,4.251805,6.72603918257591
1429.0,25.0,-4.268286913577447,0.443385,-4.91249,-4.266989823164964
1429.0,29.0,-9.781645460645196,-3.217729,-9.074255,-9.780348370232714
1429.0,31.0,-11.803755464325627,-12.660311,-12.521662,-11.802458373913145
1430.0,2.0,2.349309112990152,-2.903211,2.295074,2.31421791155424
1430.0,5.0,13.195295412537742,9.687056,12.08479,13.16020421110183
1430.0,6.0,0.30363397199591524,-2.085083,1.698139,0.26854277056000286
1430.0,12.0,3.1252702716825516,1.384421,2.875376,3.090179070246639
1430.0,19.0,8.887915756448985,9.030027,8.170526,8.852824555013072
1430.0,24.0,6.762354584851162,10.44485,4.246541,6.72726338341525
1430.0,25.0,-4.248426762485887,-13.337642,-4.896814,-4.283517963921799
1430.0,29.0,-10.07994831442179,-10.324769,-9.102437,-10.115039515857703
1430.0,31.0,-12.029548008908867,-16.11928,-12.555901,-12.06463921034478
1431.0,2.0,2.407340332647647,5.080056,2.274223,2.1021251096489424
1431.0,5.0,13.245523755768179,12.682573,12.106621,12.940308532769475
1431.0,6.0,0.5575726110460274,4.375139,1.647854,0.252357388047323
1431.0,12.0,3.1718700728678346,6.324322,2.886792,2.86665484986913
1431.0,19.0,9.003724797369632,10.720444,8.131741,8.698509574370927
1431.0,24.0,6.7510507842951,7.608544,4.311562,6.445835561296396
1431.0,25.0,-4.298563392545417,-4.800141,-4.894534,-4.603778615544122
1431.0,29.0,-10.039313465436985,-6.696491,-9.085597,-10.34452868843569
1431.0,31.0,-11.948431374580329,-14.600682,-12.584724,-12.253646597579033
1432.0,2.0,1.8625526353516477,1.247937,2.166157,1.6255479197804759
1432.0,5.0,13.155741135848263,12.18873,12.023418,12.918736420277092
1432.0,6.0,-0.054916873888610884,2.147551,1.598861,-0.29192158945978275
1432.0,12.0,2.730130458161346,5.634124,2.759313,2.4931257425901743
1432.0,19.0,10.023382558140552,8.867653,8.120565,9.78637784256938
1432.0,25.0,-4.819496682444771,-3.589854,-4.998366,-5.056501398015943
1432.0,29.0,-10.364891970642669,-7.886473,-9.148742,-10.601896686213841
1432.0,31.0,-12.612855897806785,-14.232738,-12.583165,-12.849860613377956
1433.0,2.0,1.7215723057256458,-0.57873,2.11666,1.3392947322499253
1433.0,5.0,13.104537074895974,8.535542,11.974049,12.722259501420254
1433.0,6.0,-0.06540706148724873,1.573146,1.582511,-0.4476846349629692
1433.0,12.0,2.6921387536242802,4.512181,2.696636,2.30986118014856
1433.0,19.0,10.126978032156996,7.442584,8.117851,9.744700458681276
1433.0,25.0,-4.797172275405262,-7.885585,-5.04463,-5.179449848880982
1433.0,29.0,-10.331053772641651,-3.997493,-9.17684,-10.713331346117371
1433.0,31.0,-12.557339955865624,-16.098892,-12.571734,-12.939617529341344
1434.0,2.0,-0.08265597613969622,0.887522,2.157283,0.8456290564752601
1434.0,5.0,11.487120420410738,12.641395,11.964115,12.415405453025695
1434.0,6.0,-1.3035962572746183,1.318768,1.614922,-0.37531122465966194
1434.0,12.0,1.6435087084094846,4.56606,2.734034,2.571793741024441
1434.0,19.0,6.971489657561173,6.91363,8.117431,7.8997746901761285
1434.0,24.0,5.116245137743136,-6.433665,4.203404,6.044530170358092
1434.0,25.0,-5.486266830451631,-1.716625,-4.992804,-4.557981797836675
1434.0,29.0,-10.736681022517791,-8.192401,-9.137147,-9.808395989902834
1434.0,31.0,-13.154281488869215,-10.559942,-12.529452,-12.225996456254258
1435.0,2.0,0.26489662853207807,9.373488,2.227076,1.1534191753723353
1435.0,5.0,11.501837931096524,11.743064,11.949868,12.390360477936781
1435.0,6.0,-0.9642667590186865,6.297496,1.67128,-0.07574421217842942
1435.0,12.0,1.8678938952970272,9.432877,2.796345,2.7564164421372843
1435.0,19.0,6.993191928751931,15.248776,8.118869,7.881714475592188
1435.0,24.0,5.128595426012706,1.432233,4.178212,6.017117972852963
1435.0,25.0,-5.363405622294642,4.202637,-4.907509,-4.474883075454384
1435.0,29.0,-10.550659061896846,-5.718793,-9.072609,-9.66213651505659
1435.0,31.0,-13.145021274900065,-5.580189,-12.460113,-12.256498728059809
1436.0,2.0,-0.16506946511640852,-0.255793,2.281858,0.7617892856539469
1436.0,5.0,11.505690155034879,11.612179,11.907589,12.432548905805234
1436.0,6.0,-1.4723808671945378,1.926594,1.76328,-0.5455221164241824
1436.0,12.0,1.7592848513815715,1.207563,2.806352,2.686143602151927
1436.0,19.0,6.947638051122907,8.012596,8.172846,7.874496801893263
1436.0,24.0,5.29501665415253,-30.090006,4.07616,6.221875404922885
1436.0,25.0,-5.393933471495592,-5.394629,-4.872944,-4.467074720725237
1436.0,29.0,-10.51899397748229,-7.292248,-9.067862,-9.592135226711935
1436.0,31.0,-13.254623046170124,-16.975242,-12.3878,-12.327764295399769
1437.0,2.0,-0.3520369099865369,3.614188,2.33862,0.41463207316730644
1437.0,5.0,11.510146849382657,11.307903,11.946244,12.276815832536501
1437.0,6.0,-1.5859665525941642,-0.679783,1.806756,-0.8192975694403208
1437.0,12.0,1.5781853386372813,3.195914,2.862381,2.3448543217911246
1437.0,19.0,6.96143640588267,10.08236,8.204175,7.728105389036513
1437.0,24.0,5.386920500072608,31.221239,4.078851,6.153589483226451
1437.0,25.0,-5.305739863397496,-5.418629,-4.831926,-4.539070880243653
1437.0,29.0,-10.311224966340495,-7.329855,-9.057537,-9.544555983186651
1437.0,31.0,-13.154413191314715,-22.804056,-12.390201,-12.387744208160871
1438.0,2.0,0.3325685974758067,3.632129,2.301336,1.0788136547210847
1438.0,5.0,11.585420006606114,12.043143,11.953535,12.331665063851393
1438.0,6.0,-0.7728662289791225,5.454853,1.773561,-0.026621171733844595
1438.0,12.0,1.8419108810405387,6.716634,2.834793,2.5881559382858166
1438.0,19.0,7.265334589996866,5.376262,8.200029,8.011579647242144
1438.0,24.0,5.186251422871936,-9.426603,4.098399,5.932496480117214
1438.0,25.0,-5.3625877264359865,-3.021761,-4.871275,-4.616342669190709
1438.0,29.0,-10.59521851624977,-4.862618,-9.086805,-9.84897345900449
1438.0,31.0,-13.1293407623234,-8.563812,-12.426255,-12.383095705078123
1439.0,2.0,0.03387898564993097,0.53448,2.319817,0.5697604482139206
1439.0,5.0,11.558649524794498,11.173428,11.978862,12.094530987358489
1439.0,6.0,-1.182567012678934,-0.80881,1.806002,-0.6466855501149444
1439.0,12.0,1.8666030034658307,5.88734,2.840958,2.4024844660298204
1439.0,19.0,7.370366677218265,7.800803,8.247572,7.906248139782255
1439.0,24.0,5.171292684985091,21.530021,4.07802,5.707174147549081
1439.0,25.0,-5.358896098441908,-11.584188,-4.884622,-4.823014635877918
1439.0,29.0,-10.638249790405164,-8.468462,-9.12348,-10.102368327841173
1439.0,31.0,-13.149810235557903,-13.090244,-12.449725,-12.613928772993912
1440.0,2.0,0.382052256625263,3.641106,2.42245,0.9515622042308459
1440.0,5.0,11.81033675704551,13.19293,11.96476,12.379846704651094
1440.0,6.0,-1.0543103982795126,3.933633,1.913924,-0.48480045067392963
1440.0,12.0,2.1339766696650466,3.391073,2.912229,2.7034866172706296
1440.0,19.0,7.662188726752988,7.470605,8.292205,8.23169867435857
1440.0,24.0,5.1403183730897295,-2.350533,4.00604,5.709828320695312
1440.0,25.0,-5.376497317995119,-8.557813,-4.791632,-4.806987370389535
1440.0,29.0,-10.656289409552338,-8.463898,-9.073748,-10.086779461946755
1440.0,31.0,-13.164314441539394,-13.761411,-12.365586,-12.594804493933811
1441.0,2.0,0.1696982562529329,3.210075,2.398597,0.7177688014876703
1441.0,5.0,11.792610369471696,14.30039,11.964491,12.340680914706432
1441.0,6.0,-1.3372024435022745,2.825992,1.937854,-0.789131898267537
1441.0,12.0,2.09533392408031,2.667707,2.859633,2.6434044693150476
1441.0,19.0,7.459287765134397,8.781829,8.356081,8.007358310369135
1441.0,24.0,5.373938513011887,-6.216158,3.950507,5.9220090582466245
1441.0,25.0,-5.34394469690015,-7.035952,-4.862434,-4.795874151665412
1441.0,29.0,-10.577064593668817,-11.45848,-9.158238,-10.028994048434079
1441.0,31.0,-13.303536689541007,-13.206938,-12.400972,-12.755466144306268
1442.0,2.0,0.17958339403877666,4.002975,2.218252,0.735189412029034
1442.0,5.0,11.71470600722021,11.260694,12.057768,12.270312025210467
1442.0,6.0,-1.0558047608725545,4.717149,1.716286,-0.5001987428822972
1442.0,12.0,1.9501103086812188,4.981475,2.769745,2.505716326671476
1442.0,19.0,7.438574285410812,11.028533,8.277289,7.99418030340107
1442.0,24.0,5.3674385838433185,0.303712,4.15374,5.923044601833576
1442.0,25.0,-5.313070490969483,-1.572756,-5.028733,-4.757464472979225
1442.0,29.0,-10.53334189708505,-8.900203,-9.258283,-9.977735879094793
1442.0,31.0,-13.133106155499648,-9.654976,-12.618603,-12.577500137509391
1443.0,2.0,0.2162110747866154,0.340815,2.066109,0.9656140937527092
1443.0,5.0,11.919711754691864,7.924509,12.035302,12.669114773657958
1443.0,6.0,-1.1955776166602927,1.317928,1.583306,-0.44617459769419887
1443.0,12.0,1.957547545073819,1.840864,2.64557,2.7069505640399125
1443.0,19.0,7.4356715202651165,5.90643,8.226208,8.185074539231211
1443.0,24.0,5.51579025055916,12.370513,4.206563,6.265193269525254
1443.0,25.0,-5.333378777587562,-8.06943,-5.164827,-4.583975758621468
1443.0,29.0,-10.48440407760677,-7.659598,-9.334283,-9.735001058640677
1443.0,31.0,-13.133483386648056,-11.290993,-12.703637,-12.384080367681962
1444.0,2.0,0.15125344561963583,5.416726,2.092855,0.8665526260199853
1444.0,5.0,12.0471650106279,11.412876,12.055089,12.762464191028249
1444.0,6.0,-1.5065017434269983,4.864548,1.595911,-0.7912025630266488
1444.0,12.0,2.110186305514686,1.989735,2.679435,2.825485485915036
1444.0,19.0,7.543010703059052,10.069307,8.230474,8.2583098834594
1444.0,24.0,5.615581234599241,33.416632,4.220648,6.330880414999591
1444.0,25.0,-5.338199964386894,-12.425984,-5.13692,-4.622900783986545
1444.0,29.0,-10.476183064680102,-11.429041,-9.318551,-9.760883884279753
1444.0,31.0,-13.29302895268392,-13.23703,-12.703711,-12.577729772283572
1445.0,2.0,0.14348133355672654,4.343297,2.054721,0.6390190968844774
1445.0,5.0,12.001623615684025,12.022643,12.007468,12.497161379011775
1445.0,6.0,-1.632633935719797,3.830515,1.627436,-1.137096172392046
1445.0,12.0,2.263764610327298,7.300701,2.596385,2.759302373655049
1445.0,19.0,7.520638755446162,9.108755,8.290072,8.016176518773912
1445.0,24.0,5.629932554846989,12.691198,4.122921,6.12547031817474
1445.0,25.0,-5.334307752485786,-0.809818,-5.214538,-4.838769989158035
1445.0,29.0,-10.286041184743482,-3.30805,-9.400175,-9.790503421415732
1445.0,31.0,-13.279267058315368,-20.663921,-12.701429,-12.783729294987616
1446.0,2.0,0.1753434599926108,0.28578,2.039603,0.7850090193296196
1446.0,5.0,12.050597981470334,13.284842,11.984211,12.660263540807343
1446.0,6.0,-1.4894033736570522,-0.770032,1.632816,-0.8797378143200434
1446.0,12.0,2.243419264552842,0.917838,2.570063,2.853084823889851
1446.0,19.0,7.603979491126914,6.108512,8.300453,8.213645050463922
1446.0,24.0,5.669296933312934,1.044095,4.093649,6.278962492649942
1446.0,25.0,-5.301322331447697,-8.974494,-5.233793,-4.691656772110688
1446.0,29.0,-10.39885141207226,-11.35361,-9.417427,-9.789185852735251
1446.0,31.0,-13.257048521355701,-12.272738,-12.692762,-12.647382962018693
1447.0,2.0,-0.8750066041533594,1.73903,2.088309,0.09763189128103356
1447.0,5.0,11.983025431955317,9.555577,11.995581,12.955663927389711
1447.0,6.0,-2.9962237708605532,1.620025,1.628056,-2.0235852754261603
1447.0,12.0,1.3463641906995294,2.375573,2.650055,2.3190026861339224
1447.0,19.0,7.644934762340304,1.121047,8.248183,8.617573257774698
1447.0,25.0,-6.101358166441561,-7.219789,-5.138816,-5.128719671007168
1447.0,29.0,-10.936242888964978,-6.401632,-9.32314,-9.963604393530584
1447.0,31.0,-13.942949187998234,-8.9946,-12.652091,-12.970310692563842
1448.0,2.0,-0.9321097297601649,4.588741,2.121913,1.6924119403626543
1448.0,5.0,10.545090307717695,9.361218,12.003206,13.169611977840514
1448.0,6.0,-2.0012816256894252,3.02503,1.608387,0.6232400444333939
1448.0,12.0,1.3984621954504135,1.87572,2.718764,4.022983865573233
1448.0,19.0,6.043105788762424,10.845506,8.187094,8.667627458885242
1448.0,24.0,4.237952257454542,-1.661801,4.212301,6.862473927577361
1448.0,25.0,-6.572247175576531,-4.153829,-5.054689,-3.947725505453712
1448.0,29.0,-11.470374891645386,-7.328343,-9.232355,-8.845853221522567
1449.0,2.0,0.1570867183791681,4.387262,2.139476,0.42616974376407757
1449.0,5.0,11.882065938886608,9.565568,12.091981,12.151148964271517
1449.0,6.0,-0.8815754857305321,3.264583,1.507914,-0.6124924603456227
1449.0,12.0,1.7038374984152682,3.049909,2.832084,1.9729205238001777
1449.0,19.0,7.650566350012581,20.718762,8.073831,7.919649375397491
1449.0,24.0,5.67348072104234,13.775762,4.411508,5.94256374642725
1449.0,25.0,-5.586134614286195,-7.903302,-4.963798,-5.317051588901285
1449.0,29.0,-11.019139336228337,-7.218928,-9.121927,-10.750056310843426
1449.0,31.0,-13.331359330664595,-12.449284,-12.66387,-13.062276305279685
1450.0,2.0,1.551011153506911,-1.235099,2.10703,4.301557159832704
1450.0,5.0,12.940524989511696,24.08906,12.108864,15.691070995837489
1450.0,6.0,-0.7288275130298577,-7.404442,1.353344,2.0217184932959356
1450.0,12.0,2.1206091322053853,-1.178009,2.90791,4.871155138531178
1450.0,25.0,-5.395633269034728,-13.696458,-4.866802,-2.645087262708935
1450.0,29.0,-10.496403513003306,-13.541123,-8.961452,-7.745857506677513
1450.0,31.0,-13.325697222999631,-17.748799,-12.657366,-10.575151216673838
1451.0,2.0,0.8846008785787561,0.245206,2.033062,1.6218573032093762
1451.0,5.0,12.33747316908611,13.792795,12.037272,13.074729593716729
1451.0,6.0,-0.8698273184201827,0.487166,1.242035,-0.13257089378956277
1451.0,12.0,2.544451690950054,1.927486,2.881462,3.281708115580674
1451.0,19.0,7.88056200354733,6.500316,7.747567,8.61781842817795
1451.0,24.0,5.873373903487092,2.223836,4.68905,6.610630328117712
1451.0,25.0,-5.328722417404742,-6.968552,-4.843372,-4.591465992774122
1451.0,29.0,-10.559870151815966,-8.752973,-8.870402,-9.822613727185345
1451.0,31.0,-13.317712778164157,-18.834065,-12.608035,-12.580456353533538
1452.0,2.0,0.9537385879286394,4.203489,2.064004,1.436641224604331
1452.0,5.0,12.285984491619669,9.745505,12.057746,12.76888712829536
1452.0,6.0,-0.5476435296403414,0.473944,1.307052,-0.06474089296464991
1452.0,12.0,2.563133685972681,6.142281,2.880589,3.0460363226483724
1452.0,19.0,8.401818051463545,16.049008,7.828271,8.884720688139236
1452.0,24.0,5.707333127476439,10.987845,4.629956,6.190235764152131
1452.0,25.0,-5.3513142112309415,-8.9402,-4.864931,-4.86841157455525
1452.0,29.0,-10.614648416546688,-5.110212,-8.92848,-10.131745779870997
1452.0,31.0,-13.093995770877882,-14.66585,-12.625338,-12.611093134202191
1453.0,2.0,0.3555341196471725,3.975924,2.146956,0.8994130250190725
1453.0,5.0,12.332218229905832,10.16782,12.103708,12.876097135277732
1453.0,6.0,-1.4471290747204186,2.321586,1.395025,-0.9032501693485187
1453.0,12.0,2.0797936722634507,2.545079,2.941662,2.6236725776353507
1453.0,19.0,8.316790642050028,6.164263,7.904078,8.860669547421928
1453.0,24.0,5.663101232323527,26.174098,4.593097,6.206980137695426
1453.0,25.0,-5.716010982753782,-4.869628,-4.825793,-5.172132077381882
1453.0,29.0,-11.087123863275185,-5.796127,-8.941719,-10.543244957903285
1453.0,31.0,-13.435107404247573,-13.078108,-12.625763,-12.891228498875673
1454.0,2.0,0.7414773353306109,8.680411,2.469498,1.287546645180984
1454.0,5.0,12.365017226050565,11.222603,12.220986,12.911086535900939
1454.0,6.0,-1.074052841145579,3.714889,1.545485,-0.5279835312952059
1454.0,12.0,2.516061338015972,9.824488,3.319074,3.0621306478663453
1454.0,19.0,8.505522713805547,9.860763,7.859833,9.051592023655921
1454.0,24.0,5.788761053506842,37.637066,4.704074,6.334830363357215
1454.0,25.0,-5.489783563449184,-3.94731,-4.431049,-4.943714253598811
1454.0,29.0,-10.708928061310386,-2.608476,-8.638903,-10.162858751460014
1454.0,31.0,-13.29746524690357,-11.278894,-12.476007,-12.751395937053196
1455.0,2.0,0.9447320805463856,-0.785439,2.70222,1.0518289301635555
1455.0,5.0,12.42169774960722,10.628422,12.362774,12.52879459922439
1455.0,6.0,-0.7525197561739595,-0.979071,1.732503,-0.6454229065567897
1455.0,12.0,2.649910816568144,1.969363,3.534138,2.757007666185314
1455.0,19.0,8.8437000248217,8.095901,7.987197,8.95079687443887
1455.0,24.0,5.738835159162515,1.084485,4.69139,5.845932008779685
1455.0,25.0,-5.358588949147971,-13.892833,-4.266947,-5.251492099530801
1455.0,29.0,-10.605887006831573,-9.620647,-8.594685,-10.498790157214403
1455.0,31.0,-13.066884189431386,-14.337155,-12.46757,-12.959787339814216
1456.0,2.0,1.0526050816506274,6.898319,2.699015,1.2607579282634367
1456.0,5.0,12.475347003433916,15.41448,12.445642,12.683499850046726
1456.0,6.0,-0.7162005124030887,2.817915,1.857254,-0.5080476657902794
1456.0,12.0,2.756824161536353,3.726823,3.439004,2.9649770081491624
1456.0,19.0,8.852343686652446,9.6553,8.239241,9.060496533265255
1456.0,24.0,5.727989445393752,4.824119,4.53869,5.936142292006561
1456.0,25.0,-5.272416195828706,-3.065234,-4.459244,-5.064263349215897
1456.0,29.0,-10.467073619967469,-5.926931,-8.87086,-10.25892077335466
1456.0,31.0,-13.005140444784802,-17.526607,-12.62025,-12.796987598171992
1457.0,2.0,0.9416573338271731,3.084655,2.760544,1.1425957881532942
1457.0,5.0,12.504041178229798,13.393465,12.521894,12.704979632555919
1457.0,6.0,-0.9443217818346731,4.711299,1.900043,-0.7433833275085521
1457.0,12.0,2.738027866190646,4.456899,3.505314,2.938966320516767
1457.0,19.0,8.83758698515819,9.581423,8.28946,9.03852543948431
1457.0,24.0,5.826366813753837,5.22093,4.561017,6.027305268079958
1457.0,25.0,-5.207114249335876,-2.183026,-4.431182,-5.006175795009755
1457.0,29.0,-10.370629690908594,-10.262757,-8.884103,-10.169691236582473
1457.0,31.0,-12.927663160878817,-13.847821,-12.661634,-12.726724706552696
1458.0,2.0,1.0815871392292733,4.30664,2.813625,1.2520380356735545
1458.0,5.0,12.584318727871667,10.91203,12.630773,12.754769624315948
1458.0,6.0,-0.7604027405289512,5.014973,1.91358,-0.5899518440846699
1458.0,12.0,2.7683076266017856,4.471781,3.584132,2.938758523046067
1458.0,19.0,8.803000602217821,14.139351,8.325925,8.973451498662103
1458.0,24.0,5.959413217411878,-12.981866,4.631667,6.12986411385616
1458.0,25.0,-5.340745088868399,-8.206204,-4.407735,-5.170294192424118
1458.0,29.0,-10.581925684438172,-5.82429,-8.898476,-10.41147478799389
1458.0,31.0,-13.161438299464907,-15.578866,-12.739167,-12.990987403020625
1459.0,2.0,1.4991777864192493,6.127626,2.853262,1.8437167008419828
1459.0,5.0,12.771398738906248,13.364939,12.719967,13.11593765332898
1459.0,6.0,-0.44169824620388465,4.794312,1.889255,-0.0971593317811511
1459.0,12.0,3.0143900574708855,7.093824,3.6712,3.358928971893619
1459.0,19.0,8.94253359092264,6.46877,8.305776,9.287072505345373
1459.0,24.0,5.987425096700892,7.926976,4.738338,6.331964011123626
1459.0,25.0,-5.305118725316934,0.113286,-4.356868,-4.960579810894201
1459.0,29.0,-10.436394245699976,-4.098332,-8.862773,-10.091855331277243
1459.0,31.0,-13.111705177893636,-13.982844,-12.792561,-12.767166263470903
1460.0,2.0,1.024212386573927,0.84452,2.803427,1.3127416815044044
1460.0,5.0,12.703941627163172,12.814522,12.68579,12.992470922093649
1460.0,6.0,-1.0829578782130556,2.745643,1.91293,-0.7944285832825781
1460.0,12.0,2.864693628573008,2.441769,3.577476,3.153222923503485
1460.0,19.0,8.73772585788194,6.273152,8.375203,9.026255152812418
1460.0,24.0,6.079838039301803,0.104678,4.647165,6.36836733423228
1460.0,25.0,-5.21299534682135,-9.20198,-4.457221,-4.924466051890873
1460.0,29.0,-10.338368718928303,-9.359526,-8.967815,-10.049839423997826
1460.0,31.0,-13.122930039000229,-16.517876,-12.815988,-12.834400744069752
1461.0,2.0,0.9141306020794201,0.018285,2.820981,1.2676292347836808
1461.0,5.0,12.896070574439804,12.178957,12.750573,13.249569207144065
1461.0,6.0,-1.396026209132068,-0.308703,1.933631,-1.0425275764278075
1461.0,12.0,2.73767551768385,3.764078,3.594258,3.0911741503881105
1461.0,19.0,8.565857504637846,12.531886,8.432256,8.919356137342106
1461.0,24.0,6.194570457089368,8.916681,4.65866,6.5480690897936285
1461.0,25.0,-5.170877045728086,-8.27541,-4.483748,-4.8173784130238255
1461.0,29.0,-10.136507775032888,-10.853541,-9.024016,-9.783009142328627
1461.0,31.0,-12.947315389423299,-16.358963,-12.882616,-12.593816756719038
1462.0,2.0,0.4451585011342213,12.558829,2.786437,0.1331448842174926
1462.0,5.0,12.687516512071545,15.544321,12.763024,12.375502895154817
1462.0,6.0,-1.6667308372736995,8.209922,1.924189,-1.9787444541904282
1462.0,12.0,2.208149046605971,8.536424,3.552793,1.8961354296892425
1462.0,19.0,10.018904561284979,12.039815,8.465247,9.70689094436825
1462.0,25.0,-6.072500132512023,3.978023,-4.546745,-6.384513749428752
1462.0,29.0,-11.026137468717897,-3.57075,-9.089572,-11.338151085634625
1462.0,31.0,-13.705009353198884,-12.297496,-12.931511,-14.017022970115612
1463.0,2.0,-1.620687980821895,3.848033,2.811251,-1.1377880233175781
1463.0,5.0,8.451147998425485,11.95382,12.803716,8.934047955929802
1463.0,6.0,-2.1602419165867435,4.724182,1.979217,-1.6773419590824266
1463.0,12.0,0.20270784680304732,6.733837,3.551851,0.6856078043073642
1463.0,19.0,4.752344398734062,13.874819,8.550904,5.235244356238379
1463.0,24.0,4.551274392883412,62.388836,4.606021,5.03417435038773
1463.0,25.0,-4.77692133230039,-1.355092,-4.581825,-4.294021374796072
1463.0,29.0,-8.711062742658536,-8.960482,-9.162698,-8.228162785154218
1463.0,31.0,-10.252730531820234,-14.719649,-12.975526,-9.769830574315916
1464.0,2.0,-2.1398533605514487,3.523423,2.77871,0.036655378346501344
1464.0,5.0,8.143154498896545,12.206828,12.790995,10.319663237794494
1464.0,6.0,-2.9222359302653143,2.753764,1.972074,-0.7457271913673642
1464.0,12.0,-0.09712499476962588,1.586382,3.509872,2.0793837441283243
1464.0,19.0,3.856233603117459,16.023645,8.568312,6.032742342015409
1464.0,25.0,-5.654358658769705,-6.643717,-4.627891,-3.4778499198717547
1464.0,29.0,-10.522867758795197,-9.938943,-9.204843,-8.346359019897246
1464.0,31.0,-12.48214475218243,-18.191432,-12.993264,-10.30563601328448
1465.0,2.0,-1.5387216518212297,0.721324,2.875889,-0.988981640739452
1465.0,5.0,8.607177804035237,12.504157,12.831808,9.156917815117014
1465.0,6.0,-2.049432540247394,0.42229,2.065959,-1.4996925291656162
1465.0,12.0,0.2146628152592419,-0.720722,3.587227,0.7644028263410195
1465.0,19.0,4.946648554258327,5.743501,8.63397,5.496388565340105
1465.0,24.0,4.635652368186764,12.2335,4.548532,5.185392379268542
1465.0,25.0,-4.83218528844112,-6.94374,-4.564162,-4.282445277359342
1465.0,29.0,-8.85002412505323,-11.060843,-9.193943,-8.300284113971452
1465.0,31.0,-10.350008198708458,-17.053689,-12.974335,-9.800268187626681
1466.0,2.0,-0.7258611754063199,2.345906,2.931567,-0.07076020575068409
1466.0,5.0,8.785503484496918,11.767692,12.884553,9.440604454152552
1466.0,6.0,-1.4324113292121412,2.517094,2.107467,-0.7773103595565054
1466.0,12.0,0.6382727790612285,3.107011,3.644198,1.2933737487168644
1466.0,19.0,5.238458602613219,8.855901,8.672887,5.893559572268855
1466.0,24.0,4.35196533346352,2.386869,4.55827,5.007066303119156
1466.0,25.0,-4.792995063429454,-8.573448,-4.531489,-4.137894093773818
1466.0,29.0,-9.00056183127455,-8.005279,-9.195327,-8.345460861618914
1466.0,31.0,-10.430411672287502,-15.081404,-12.993551,-9.775310702631867
1467.0,2.0,-1.8389215018674507,8.137647,2.872019,0.21160305379433142
1467.0,5.0,8.844601532160853,14.891135,12.855157,10.895126087822636
1467.0,6.0,-2.837127639459287,4.079652,2.095668,-0.7866030837975049
1467.0,12.0,0.6612899341944035,5.361273,3.564078,2.711814489856186
1467.0,19.0,4.581941502471468,5.510127,8.70172,6.63246605813325
1467.0,25.0,-5.584751097656663,-3.289196,-4.615,-3.534226541994881
1467.0,29.0,-10.621372729359,-3.906199,-9.268968,-8.570848173697218
1467.0,31.0,-12.597928767213245,-16.578697,-13.019056,-10.547404211551463
1468.0,2.0,-1.7600257559898544,3.051629,2.748263,-1.3694619763318614
1468.0,5.0,8.91586147975344,12.159019,12.764674,9.306425259411434
1468.0,6.0,-2.2598693103130927,2.596755,2.069257,-1.8693055306550996
1468.0,12.0,0.4215941575656633,2.965176,3.394594,0.8121579372236564
1468.0,19.0,4.810696808885608,10.490952,8.737853,5.201260588543601
1468.0,24.0,5.096870618226149,7.764928,4.408194,5.487434397884142
1468.0,25.0,-4.882751185418746,-4.41937,-4.770421,-4.4921874057607525
1468.0,29.0,-8.82800873007785,-9.713039,-9.392412,-8.437444950419856
1468.0,31.0,-10.402904534887524,-12.974659,-13.036057,-10.01234075522953
1469.0,2.0,-1.6273027221540772,0.617863,2.632396,-1.0647686488907762
1469.0,5.0,8.807366097246174,10.249643,12.692911,9.369900170509474
1469.0,6.0,-2.1230988902502963,0.711333,2.007065,-1.5605648169869952
1469.0,12.0,0.3293868877985381,2.026127,3.266487,0.8919209610618392
1469.0,19.0,5.042654108573106,1.528465,8.722865,5.605188181836407
1469.0,24.0,4.823998371320578,32.52636,4.370566,5.38653244458388
1469.0,25.0,-4.863466463861491,-9.135729,-4.882711,-4.30093239059819
1469.0,29.0,-9.001517813751672,-7.009622,-9.461513,-8.438983740488371
1469.0,31.0,-10.378907473711772,-14.257217,-13.052199,-9.816373400448471
1470.0,2.0,-1.9284185179065103,4.117165,2.689383,-0.12178307255638776
1470.0,5.0,8.933314673830685,10.910906,12.745288,10.739950119180808
1470.0,6.0,-2.942983450227017,3.489652,2.039599,-1.1363480048768944
1470.0,12.0,0.39737374380800616,6.702725,3.332477,2.204009189158129
1470.0,19.0,4.260201318345165,18.482845,8.746298,6.066836763695287
1470.0,25.0,-5.568475227471676,-5.520068,-4.83741,-3.761839782121553
1470.0,29.0,-10.606395212607351,-8.246432,-9.445976,-8.799759767257228
1470.0,31.0,-12.764672478551331,-14.223482,-13.065929,-10.958037033201208
1471.0,2.0,-1.2665613352561627,4.064266,2.692677,-0.7878797008318545
1471.0,5.0,9.170101080657359,10.988012,12.796326,9.648782715081667
1471.0,6.0,-1.9709475488844026,3.988069,2.000927,-1.4922659144600945
1471.0,12.0,0.7346971615895014,6.23073,3.373759,1.2133787960138096
1471.0,19.0,5.240768184815268,5.920579,8.718609,5.719449819239577
1471.0,24.0,4.902043331863437,19.099084,4.475321,5.380724966287746
1471.0,25.0,-4.820537044300996,-8.50407,-4.8181,-4.341855409876688
1471.0,29.0,-9.158146025874796,-4.879891,-9.425696,-8.679464391450487
1471.0,31.0,-10.525616060391089,-12.563943,-13.107651,-10.04693442596678
1472.0,2.0,-1.159601167560763,2.064906,2.677305,-0.692652284469089
1472.0,5.0,9.309112089663397,12.367941,12.815939,9.776060972755072
1472.0,6.0,-1.929953041987397,-0.349187,1.995772,-1.463004158895723
1472.0,12.0,0.869489602902476,3.135121,3.358327,1.33643848599415
1472.0,19.0,5.323423781094945,14.927971,8.741924,5.790372664186619
1472.0,24.0,4.822302394115662,24.303509,4.478219,5.289251277207336
1472.0,25.0,-4.842458207035665,-8.95114,-4.852753,-4.375509323943991
1472.0,29.0,-9.25318581260259,-11.160147,-9.46621,-8.786236929510917
1472.0,31.0,-10.572781382657096,-18.737793,-13.146069,-10.105832499565423
1473.0,2.0,-1.11610683261679,1.598464,2.677109,-0.6726171017545508
1473.0,5.0,9.441836089055279,10.108839,12.848209,9.885325819917519
1473.0,6.0,-1.8967776828147054,4.335097,1.993149,-1.4532879519524662
1473.0,12.0,1.0187052469087945,8.991773,3.364638,1.4621949777710337
1473.0,19.0,5.428372673488327,9.579665,8.760906,5.871862404350566
1473.0,24.0,4.916225553057002,53.864847,4.4957,5.3597152839192415
1473.0,25.0,-4.865094546638007,-6.68147,-4.868282,-4.421604815775767
1473.0,29.0,-9.3250297908298,-6.79782,-9.491889,-8.881540059967561
1473.0,31.0,-10.65496042843444,-12.823626,-13.183997,-10.211470697572201
1474.0,2.0,-0.9202400710350737,4.670802,2.701611,-0.3861336918317667
1474.0,5.0,9.524519577356822,11.64704,12.891371,10.058625956560128
1474.0,6.0,-1.8023215426995831,-0.571231,1.983849,-1.2682151634962762
1474.0,12.0,1.1967353650360497,5.464559,3.414165,1.7308417442393567
1474.0,19.0,5.473343985818313,16.195661,8.749687,6.00745036502162
1474.0,24.0,4.930120674643017,-18.201551,4.548885,5.464227053846324
1474.0,25.0,-4.858275210311834,-6.547784,-4.834825,-4.324168831108526
1474.0,29.0,-9.306589807754685,-7.498356,-9.467732,-8.772483428551379
1474.0,31.0,-10.65267667974976,-13.499005,-13.205125,-10.118570300546454
1475.0,2.0,-0.7691720993909926,0.014748,2.763633,-0.17481140154924513
1475.0,5.0,9.615598322811746,8.584273,12.899709,10.209959020653493
1475.0,6.0,-1.677023679697058,1.254988,2.061395,-1.0826629818553104
1475.0,12.0,1.2686109728587764,-0.225871,3.449111,1.862971670700524
1475.0,19.0,5.659838178155267,7.629409,8.807113,6.254198875997014
1475.0,24.0,4.833008473199656,13.958703,4.493759,5.427369171041404
1475.0,25.0,-4.900629255833061,-12.702977,-4.801946,-4.306268557991313
1475.0,29.0,-9.467292546197422,-9.346053,-9.471918,-8.872931848355675
1475.0,31.0,-10.727714231677536,-14.410241,-13.179277,-10.13335353383579
1476.0,2.0,-0.8655907038559666,1.783583,2.765779,-0.267974655619145
1476.0,5.0,9.80262214373271,11.891673,12.874491,10.400238191969532
1476.0,6.0,-1.811227881052905,4.093335,2.047225,-1.2136118328160834
1476.0,12.0,1.3708286498870645,3.756492,3.463981,1.9684446981238861
1476.0,19.0,5.687422370407465,5.459869,8.767027,6.285038418644287
1476.0,24.0,4.971174159094532,3.446272,4.507475,5.568790207331354
1476.0,25.0,-4.876949347442694,-5.542068,-4.764762,-4.279333299205872
1476.0,29.0,-9.505279090072262,-7.058726,-9.42238,-8.907663041835441
1476.0,31.0,-10.780781452209812,-14.852489,-13.141436,-10.18316540397299
1477.0,2.0,-0.5206595845773531,6.77314,2.785769,-0.030857181067534545
1477.0,5.0,9.693522214782757,13.883308,12.828823,10.183324618292575
1477.0,6.0,-1.46466990265358,4.818059,2.067427,-0.9748674991437616
1477.0,12.0,1.3507132959646455,6.395847,3.477071,1.840515699474464
1477.0,19.0,5.818304784799698,8.971123,8.746296,6.308107188309516
1477.0,24.0,4.843363863016594,5.733939,4.478282,5.333166266526413
1477.0,25.0,-4.911324963185476,-2.411584,-4.717867,-4.421522559675657
1477.0,29.0,-9.430392179296016,-6.95383,-9.371975,-8.940589775786197
1477.0,31.0,-10.812352912819906,-11.82475,-13.073782,-10.322550509310087
1478.0,2.0,-0.9207049776627524,2.396113,2.810853,-0.5998082116728952
1478.0,5.0,9.887044568617004,12.880109,12.811269,10.207941334606861
1478.0,6.0,-1.8548561343973393,0.988886,2.127902,-1.5339593684074821
1478.0,12.0,1.218567254122508,5.046075,3.468,1.5394640201123653
1478.0,19.0,5.762575178205258,13.101308,8.800795,6.083471944195114
1478.0,24.0,4.965155069764395,2.694572,4.405617,5.286051835754252
1478.0,25.0,-4.911300447165671,-9.553213,-4.722631,-4.590403681175815
1478.0,29.0,-9.51748010483391,-8.356088,-9.399776,-9.196583338844052
1478.0,31.0,-10.84913888864686,-20.885067,-13.050564,-10.528242122657002
1479.0,2.0,-1.478043012621992,5.140041,2.922938,-0.16079135287884405
1479.0,5.0,10.024804328501121,13.638332,12.865429,11.342055988244269
1479.0,6.0,-2.9000767432309686,0.645552,2.238148,-1.5828250834878208
1479.0,12.0,1.1188149694463636,2.081759,3.555606,2.4360666291895114
1479.0,19.0,5.09404028993892,9.968502,8.884019,6.4112919496820675
1479.0,25.0,-5.479258094867302,-4.543122,-4.655955,-4.162006435124154
1479.0,29.0,-10.67359507792959,-8.592523,-9.396553,-9.356343418186443
1479.0,31.0,-13.056313029823587,-15.134183,-13.037809,-11.739061370080439
1480.0,2.0,-0.7729634411764926,6.824331,2.922677,-0.35961623015771293
1480.0,5.0,10.151096859890423,13.419504,12.831921,10.564444070909202
1480.0,6.0,-1.7824927815650327,5.024478,2.241134,-1.369145570546253
1480.0,12.0,1.505014498345587,6.989299,3.552636,1.9183617093643668
1480.0,19.0,5.950180157932682,11.674494,8.867348,6.363527368951461
1480.0,24.0,5.147412927155572,-12.812863,4.347413,5.560760138174352
1480.0,25.0,-4.882627361524732,-6.019304,-4.637292,-4.469280150505952
1480.0,29.0,-9.591721943135834,-4.425367,-9.370943,-9.178374732117055
1480.0,31.0,-11.000726269437969,-16.970251,-12.999752,-10.58737905841919
1481.0,2.0,-0.6944204750311559,-0.409322,2.927419,-0.11362540832953327
1481.0,5.0,10.203075522748701,11.189839,12.80048,10.783870589450324
1481.0,6.0,-1.6872651301449624,1.169968,2.232104,-1.1064700634433398
1481.0,12.0,1.3789820237050998,2.311601,3.566825,1.9597770904067224
1481.0,19.0,6.024891535492693,13.313464,8.828058,6.605686602194316
1481.0,24.0,5.201167423041819,-7.89552,4.353305,5.781962489743442
1481.0,25.0,-5.032309064015117,-5.142481,-4.59688,-4.451513997313494
1481.0,29.0,-9.637159507991626,-10.422973,-9.318499,-9.056364441290004
1481.0,31.0,-11.055339616734317,-15.793759,-12.953712,-10.474544550032695
1482.0,2.0,-0.6258592096658574,3.026428,3.043498,-0.5492570977477783
1482.0,5.0,10.343983793501813,9.146134,12.835289,10.420585905419893
1482.0,6.0,-1.6566063666955753,2.915583,2.335121,-1.5800042547774962
1482.0,12.0,1.3577327990109982,3.39183,3.664676,1.4343349109290773
1482.0,19.0,6.249807655331829,15.784922,8.88266,6.326409767249908
1482.0,24.0,5.124753892564754,18.387343,4.318268,5.201356004482832
1482.0,25.0,-5.063089538051591,-0.322512,-4.502527,-4.986487426133511
1482.0,29.0,-9.811106734800711,-7.998815,-9.278284,-9.734504622882632
1482.0,31.0,-11.184348892946213,-15.567063,-12.91049,-11.107746781028133
1483.0,2.0,-0.6475792696453296,9.144194,3.072912,-0.1987909494324157
1483.0,5.0,10.346301316863748,14.976367,12.790121,10.795089637076662
1483.0,6.0,-1.7146670810875033,4.026052,2.344403,-1.2658787608745894
1483.0,12.0,1.6644569371391942,7.464737,3.700453,2.113245257352108
1483.0,19.0,6.046966036334797,8.120514,8.83497,6.49575435654771
1483.0,24.0,5.4403884204325115,29.194377,4.313313,5.889176740645425
1483.0,25.0,-4.863409571717486,-3.970146,-4.425524,-4.414621251504572
1483.0,29.0,-9.527175835174683,-6.521422,-9.192411,-9.078387514961769
1483.0,31.0,-11.175530243498104,-11.930732,-12.828506,-10.72674192328519
1484.0,2.0,-0.15759588345309983,3.702782,2.997757,0.29498552401330247
1484.0,5.0,10.17809058502953,11.099704,12.589608,10.630671992495932
1484.0,6.0,-1.1319302531536604,2.607884,2.362321,-0.6793488456872581
1484.0,12.0,1.4388399733224748,6.195361,3.560746,1.8914213807888771
1484.0,19.0,6.227616857736016,10.884343,8.811352,6.680198265202418
1484.0,24.0,5.086987482110518,9.856528,4.14308,5.539568889576921
1484.0,25.0,-4.999619330320198,-3.741423,-4.467428,-4.547037922853796
1484.0,29.0,-9.558130303464532,-8.64577,-9.187258,-9.10554889599813
1484.0,31.0,-11.173951573138089,-8.97794,-12.679916,-10.721370165671686
1485.0,2.0,-0.5841537234959323,-1.362159,2.780627,0.15219858481284765
1485.0,5.0,10.515249538898392,8.703889,12.340121,11.251601847207171
1485.0,6.0,-1.66454608987031,-1.735785,2.30465,-0.92819378156153
1485.0,12.0,1.660861820729921,2.868802,3.26366,2.397214129038701
1485.0,19.0,6.109202669278978,12.393867,8.795425,6.845554977587758
1485.0,24.0,5.9645431736202905,8.456696,3.940674,6.70089548192907
1485.0,25.0,-4.89816909899375,-16.479244,-4.674205,-4.16181679068497
1485.0,29.0,-9.531301433008018,-8.721253,-9.303825,-8.794949124699238
1485.0,31.0,-11.350780752932186,-9.210908,-12.597911,-10.614428444623407
1486.0,2.0,-0.8760675587447421,6.354835,2.527262,-0.37503776133583255
1486.0,5.0,10.820119935214121,14.574726,12.026894,11.32114973262303
1486.0,6.0,-1.8672715458320654,5.81525,2.166177,-1.366241748423156
1486.0,12.0,1.6216360192794843,8.714594,2.971278,2.122665816688394
1486.0,24.0,6.0573070908554785,-13.626141,3.799881,6.558336888264388
1486.0,25.0,-4.721674905664293,-1.995985,-4.823879,-4.2206451082553835
1486.0,29.0,-9.123120441943565,-5.314283,-9.308883,-8.622090644534655
1486.0,31.0,-11.095083268945425,-15.73306,-12.446522,-10.594053471536515
1487.0,2.0,-0.6625730619871782,2.185004,2.400881,-0.18402724605946885
1487.0,5.0,11.069720294554005,8.324611,11.762148,11.548266110481714
1487.0,6.0,-1.7446729308906779,2.71371,2.132621,-1.2661271149629685
1487.0,12.0,1.7533238684444203,3.199467,2.790317,2.2318696843721297
1487.0,24.0,6.083577640520189,26.786172,3.635129,6.562123456447898
1487.0,25.0,-4.73261321394456,-7.56841,-4.87027,-4.254067398016851
1487.0,29.0,-9.266145919338388,-8.890399,-9.26749,-8.787600103410679
1487.0,31.0,-11.163485393547296,-7.517927,-12.256666,-10.684939577619586
1488.0,2.0,-1.3021556912156411,4.657097,2.317686,0.18815133220291136
1488.0,5.0,10.711425525730263,10.046043,11.662144,12.201732549148815
1488.0,6.0,-3.0220781719489827,2.458402,2.146815,-1.5317711485304302
1488.0,12.0,1.2557009902490393,5.455862,2.648594,2.7460080136675917
1488.0,19.0,7.924444887024052,25.584533,8.610114,9.414751910442604
1488.0,25.0,-5.442556971744014,0.715987,-4.985941,-3.9522499483254614
1488.0,29.0,-10.319196675585243,-6.443046,-9.364631,-8.82888965216669
1488.0,31.0,-13.143792900566128,-2.645602,-12.235419,-11.653485877147576
1489.0,2.0,-0.6817431050723101,8.325833,2.246345,0.2920048528233219
1489.0,5.0,10.97448635326748,12.590273,11.60909,11.948234311163112
1489.0,6.0,-1.9591716998447106,5.526615,2.081089,-0.9854237419490787
1489.0,12.0,1.8282164271647208,5.027532,2.591432,2.801964385060353
1489.0,19.0,6.04836359855165,7.36997,8.553136,7.022111556447282
1489.0,24.0,6.103851009694581,-9.918253,3.517746,7.0775989675902125
1489.0,25.0,-4.813251765955684,-7.620378,-5.019115,-3.839503808060052
1489.0,29.0,-9.632077909261382,-6.127927,-9.356527,-8.658329951365749
1489.0,31.0,-11.610579039710888,-13.849271,-12.224017,-10.636831081815256
1490.0,2.0,-0.055632717474299764,7.134079,2.172254,0.8220404150752135
1490.0,5.0,10.927121435048337,10.330549,11.573986,11.804794567597849
1490.0,6.0,-1.2426642411913882,1.382819,2.018927,-0.3649911086418749
1490.0,12.0,1.7420682653152246,7.131808,2.528656,2.619741397864738
1490.0,19.0,6.522732637852459,22.517932,8.516808,7.400405770401973
1490.0,24.0,5.660465572347962,-5.236532,3.531601,6.5381387048974755
1490.0,25.0,-5.033467216517939,0.056495,-5.072634,-4.155794083968425
1490.0,29.0,-9.799320759724118,-3.566689,-9.375907,-8.921647627174604
1490.0,31.0,-11.578857594990078,-1.861381,-12.23853,-10.701184462440565
1491.0,2.0,-0.4789295931931675,0.57641,2.155418,0.27406526117014063
1491.0,5.0,11.063026619532701,10.219299,11.573904,11.81602147389601
1491.0,6.0,-1.7514801406944214,2.989578,1.99982,-0.9984852863311132
1491.0,12.0,1.7902822819860074,2.31523,2.520483,2.5432771363493156
1491.0,19.0,6.188781772966397,7.8008,8.506997,6.9417766273297055
1491.0,24.0,6.03344016360638,19.247794,3.546044,6.786435017969688
1491.0,25.0,-4.8019938828943,-7.924167,-5.082921,-4.048999028530992
1491.0,29.0,-9.66275267472749,-10.038736,-9.379722,-8.909757820364181
1491.0,31.0,-11.611051009303267,-16.347519,-12.249571,-10.858056154939959
1492.0,2.0,-2.056433416179625,0.653334,2.190499,1.6173438400300224
1492.0,5.0,8.820431403131241,8.353247,11.534692,12.494208659340888
1492.0,6.0,-3.4588358035824776,0.210426,2.050092,0.21494145262717002
1492.0,12.0,0.8935583230717902,3.4717,2.532464,4.567335579281438
1492.0,19.0,3.7205357932161394,15.09464,8.519978,7.3943130494257865
1492.0,25.0,-6.59116226190342,-10.247805,-5.043992,-2.917385005693772
1492.0,29.0,-11.107921761300203,-7.775476,-9.351837,-7.434144505090555
1493.0,2.0,-1.8015969179919828,8.564109,2.298856,0.8947412907071097
1493.0,5.0,8.699576532021334,14.903206,11.514465,11.395914740720427
1493.0,6.0,-2.489056046324267,4.956955,2.190105,0.20728216237482577
1493.0,12.0,1.1166500848365644,7.585095,2.584867,3.812988293535657
1493.0,19.0,4.488028281526166,5.373997,8.602653,7.184366490225258
1493.0,24.0,4.218601161135897,49.832395,3.370433,6.91493936983499
1493.0,25.0,-5.741483790031563,-4.800792,-4.972128,-3.045145581332471
1493.0,29.0,-10.230130019195647,-6.713028,-9.334296,-7.533791810496554
1494.0,2.0,-2.4317296145619087,1.688531,2.342312,1.278112880806824
1494.0,5.0,8.302213847220623,10.349024,11.515064,12.012056342589355
1494.0,6.0,-3.715253302872793,-2.405829,2.27308,-0.005410807504060422
1494.0,12.0,0.6097537431411445,0.515925,2.586418,4.319596238509877
1494.0,19.0,3.171993682232671,12.394941,8.683506,6.881836177601404
1494.0,25.0,-6.646273054834295,-3.939602,-4.977351,-2.9364305594655624
1494.0,29.0,-10.98348026597807,-8.602123,-9.376938,-7.273637770609337
1495.0,2.0,-1.702284209994569,-1.24454,2.358938,0.8048146149313373
1495.0,5.0,8.728211259414108,3.786055,11.49307,11.235310084340014
1495.0,6.0,-2.2846212360725042,1.39156,2.306686,0.22247758885340208
1495.0,12.0,1.0853067817382618,1.287641,2.585044,3.592405606664168
1495.0,19.0,4.834282808012134,11.733869,8.702872,7.34138163293804
1495.0,24.0,4.054114454427987,-1.186737,3.245519,6.561213279353893
1495.0,25.0,-5.704040394481033,-9.054563,-4.966838,-3.1969415695551264
1495.0,29.0,-10.25125552919741,-5.586523,-9.37577,-7.744156704271504
1496.0,2.0,-1.8826329494317298,4.844778,2.60044,1.429809189401829
1496.0,5.0,8.103105125438606,10.657488,11.628739,11.415547264272165
1496.0,6.0,-2.5571147473080886,5.201788,2.34608,0.7553273915254701
1496.0,12.0,1.0888500407410158,5.683882,2.929035,4.4012921795745745
1496.0,24.0,3.63573489541731,-18.76737,3.451776,6.948177034250868
1496.0,25.0,-5.269564155400604,-4.581189,-4.618341,-1.9571220165670455
1496.0,29.0,-10.254405298904349,-6.095664,-9.077288,-6.94196316007079
1497.0,2.0,-9.443364984780782,3.561591,5.774256,-12.738430360130046
1497.0,5.0,-7.800296287302662,9.768612,13.588902,-11.095361662651925
1497.0,6.0,-4.84052670218126,3.739752,3.837065,-8.135592077530525
1497.0,12.0,-11.823997674681795,5.678062,6.667813,-15.119063050031059
1497.0,25.0,-6.9821573858810435,-6.179272,-1.240225,-10.277222761230307
1497.0,29.0,-0.7433390234898899,-5.746897,-6.833109,-4.038404398839154
1498.0,2.0,-4.875413552895044,-82.943735,24.507072,-0.9624842375006852
1498.0,5.0,-3.043604696326502,-78.822643,23.003089,0.8693246190678572
1498.0,6.0,-4.864468990768162,-83.831179,12.668912,-0.951539675373803
1498.0,12.0,-4.681879710612708,-78.691232,28.536327,-0.7689503952183485
1498.0,19.0,-1.467556134903183,317.315859,7.895043,2.4453731804911762
1498.0,24.0,-2.5962986095432026,-76.349721,11.812754,1.3166307058511566
1498.0,25.0,-5.485702745814739,-93.748946,19.979206,-1.5727734304203795
1498.0,29.0,-5.9190272450320345,-90.773638,8.33654,-2.0060979296376753
1499.0,2.0,-5.1401488603261045,-28.053696,-8.274548,-0.3049547846550089
1499.0,5.0,-2.965165100544827,-21.803572,8.611999,1.8700289751262686
1499.0,6.0,-5.690213798716809,-28.460586,-2.595791,-0.8550197230457135
1499.0,12.0,-4.726573069523954,-31.551886,-9.719093,0.10862100614714176
1499.0,19.0,-1.4536061904289523,314.801767,10.996907,3.3815878852421433
1499.0,24.0,-2.593036644286954,-38.513304,0.090762,2.2421574313841415
1499.0,25.0,-5.557038970501867,-35.295406,-18.636635,-0.7218448948307712
1499.0,29.0,-6.359371887706371,-34.235138,-20.412003,-1.5241778120352754
1500.0,2.0,-9.030614309408874,-54.244497,-1.568544,-13.663073802115807
1500.0,5.0,-7.991318010336706,-48.02313,11.302952,-12.62377750304364
1500.0,6.0,-4.54774910309168,-57.515702,-0.728371,-9.180208595798613
1500.0,12.0,-10.59757376021297,-52.618935,-0.913558,-15.230033252919903
1500.0,19.0,0.826417471478372,265.31771,8.262695,-3.806042021228561
1500.0,24.0,-3.2704737580473173,-40.274773,4.223626,-7.90293325075425
1500.0,25.0,-6.124464396694283,-64.722536,-9.192267,-10.756923889401216
1500.0,29.0,2.036634980438013,-62.907019,-12.344624,-2.59582451226892
1500.0,31.0,3.5707895456271705,-59.131573,-14.910309,-1.0616699470797624
1501.0,2.0,-4.329877868034948,4.583178,0.354361,-1.6866226796189143
1501.0,5.0,-0.4038586138600505,10.40936,11.042192,2.239396574555983
1501.0,6.0,-1.7106684498202211,3.914842,-0.338486,0.9325867385958122
1501.0,12.0,-5.06823770136815,3.465048,1.649479,-2.4249825129521168
1501.0,24.0,-4.148134080086682,22.712251,5.209478,-1.5048788916706486
1501.0,25.0,-6.465856486614544,-1.593895,-5.689489,-3.8226012981985105
1501.0,29.0,-8.1903779930056,-7.142423,-8.860325,-5.547122804589566
1501.0,31.0,-7.972845897379238,-12.588572,-12.635672,-5.329590708963204
1502.0,2.0,-6.439358812089947,3.646366,0.317627,-3.0105382465817496
1502.0,5.0,-0.21410963540911265,10.287905,10.911902,3.2147109300990846
1502.0,6.0,-4.918984984981164,2.323248,-0.386144,-1.490164419472967
1502.0,12.0,-5.857653147433194,5.152617,1.624489,-2.4288325819249965
1502.0,19.0,-0.48946316531074185,14.443584,6.437586,2.9393574001974554
1502.0,24.0,-3.5414110195417994,32.941571,5.196862,-0.11259045403360224
1502.0,25.0,-8.467618588479072,-0.553424,-5.627363,-5.038798022970875
1502.0,29.0,-9.37100683169809,-6.911888,-8.740725,-5.942186266189893
1502.0,31.0,-9.872659481041884,-13.446514,-12.501515,-6.4438389155336875
1503.0,2.0,-4.516283458452933,3.13357,0.22335,-1.5420833063724988
1503.0,5.0,7.648960880704743,9.893925,10.787439,10.623161032785177
1503.0,6.0,-5.0904555380473875,3.032426,-0.477028,-2.1162553859669533
1503.0,12.0,-2.9760201002587716,5.644873,1.547774,-0.001819948178337416
1503.0,19.0,4.523889536970455,-0.304147,6.319247,7.4980896890508895
1503.0,25.0,-8.64796046755753,-0.580931,-5.633926,-5.673760315477096
1503.0,29.0,-13.622603566488019,-3.916429,-8.674467,-10.648403414407586
1503.0,31.0,-14.011623957626924,-9.439693,-12.419916,-11.037423805546489
1504.0,2.0,-2.3935230084987005,9.084051,0.143846,0.23641039326515312
1504.0,5.0,10.923960142954558,11.265656,10.751549,13.553893544718411
1504.0,6.0,-4.657889299569865,3.436452,-0.604503,-2.0279558978060113
1504.0,12.0,-0.4737183702597224,7.367202,1.52918,2.1562150315041313
1504.0,19.0,8.347881233240818,28.567085,6.188227,10.977814635004671
1504.0,25.0,-7.250798578289996,0.77465,-5.625211,-4.620865176526142
1504.0,29.0,-12.550473100219442,-3.211014,-8.60263,-9.920539698455588
1504.0,31.0,-13.584877148447111,5.496225,-12.412269,-10.954943746683258
1505.0,2.0,-2.6123272805938305,2.575381,0.140357,0.24212874143491447
1505.0,5.0,6.088926689099334,7.038448,10.805028,8.943382711128079
1505.0,6.0,-4.094512575258546,3.478565,-0.648613,-1.2400565532298007
1505.0,12.0,-0.3475398462660505,6.107019,1.565543,2.5069161757626945
1505.0,19.0,2.4284301971089315,8.86506,6.16165,5.282886219137676
1505.0,24.0,1.888182102309977,7.028842,5.389303,4.742638124338722
1505.0,25.0,-5.944668198649446,-5.094307,-5.614199,-3.0902121766207014
1505.0,29.0,-8.712381702299734,-3.444178,-8.590005,-5.857925680270989
1505.0,31.0,-11.413875073894603,-8.370156,-12.461938,-8.55941905186586
1506.0,2.0,-0.9222465878823255,-21.424952,0.170137,1.5281581030184492
1506.0,5.0,10.341788564134074,-10.667987,10.885459,12.79219325503485
1506.0,6.0,-1.7918918874280116,-19.886058,-0.664727,0.658512803472763
1506.0,12.0,1.5779635034627288,-19.679409,1.631785,4.0283681943635035
1506.0,19.0,5.84659407974649,-28.274556,6.159503,8.296998770647264
1506.0,24.0,4.588700159475568,140.904576,5.472062,7.039104850376343
1506.0,25.0,-6.180572149884889,-30.023866,-5.585317,-3.7301674589841145
1506.0,29.0,-10.952528460141195,-25.086796,-8.578938,-8.50212376924042
1507.0,2.0,-0.5142371953807175,-1.706057,0.159733,0.9131452293823418
1507.0,5.0,12.438971422348974,6.341766,10.938117,13.866353847112034
1507.0,6.0,-2.332732119202932,-0.91359,-0.683272,-0.9053496944398727
1507.0,12.0,1.5528509526947607,-3.440425,1.637447,2.98023337745782
1507.0,19.0,6.823654826141259,-11.488988,6.179365,8.251037250904318
1507.0,24.0,6.862186332431487,18.304108,5.512723,8.289568757194546
1507.0,25.0,-5.784895931890978,-10.418389,-5.61561,-4.357513507127919
1507.0,29.0,-11.089813254454311,-9.656573,-8.619243,-9.662430829691251
1507.0,31.0,-12.739612353736403,-32.019321,-12.58567,-11.312229928973343
1508.0,2.0,-0.13690584410376438,2.267955,-0.000515,0.46211443750880743
1508.0,5.0,12.909441427291831,12.644404,10.924436,13.508461708904402
1508.0,6.0,-1.9828329921520886,-2.615717,-0.850768,-1.3838127105395168
1508.0,12.0,1.7380100320964713,5.550297,1.531243,2.337030313709043
1508.0,19.0,6.951669819367843,24.342962,6.091422,7.550690100980415
1508.0,24.0,7.207449177126004,-2.956221,5.615646,7.806469458738576
1508.0,25.0,-6.306580037657096,-2.991527,-5.734551,-5.707559756044525
1508.0,29.0,-11.581960671409897,-5.192562,-8.667324,-10.982940389797324
1508.0,31.0,-13.338601738385057,-13.557836,-12.677238,-12.739581456772484
1509.0,2.0,1.0438884228714977,6.322646,-0.299132,0.5762197586744824
1509.0,5.0,12.775178299948934,14.931415,10.929148,12.307509635751918
1509.0,6.0,-0.8728292257661502,-4.933778,-1.245557,-1.3404978899631654
1509.0,12.0,2.9874913461780395,10.714919,1.399442,2.519822681981024
1509.0,19.0,7.200069657719861,15.645538,5.819937,6.7324009935228455
1509.0,24.0,7.471380061509167,19.225722,5.939082,7.003711397312151
1509.0,25.0,-5.0634826231526535,0.159021,-5.88459,-5.531151287349669
1509.0,29.0,-9.725987057302499,-0.867008,-8.655694,-10.193655721499514
1509.0,31.0,-12.211594487638033,-14.144027,-12.848749,-12.679263151835048
1510.0,2.0,0.8959622548850835,-1.615487,-0.699879,0.6976223470588597
1510.0,5.0,13.141227679058622,11.331818,10.80747,12.942887771232398
1510.0,6.0,-0.9486109452879844,0.514454,-1.60634,-1.146950853114208
1510.0,12.0,2.6665481953617816,0.559778,1.077368,2.4682082875355578
1510.0,19.0,7.598265218772236,-5.526611,5.628433,7.399925310946013
1510.0,24.0,7.527572245757511,5.196936,6.074773,7.329232337931288
1510.0,25.0,-5.292596614812944,-10.421346,-6.195557,-5.490936522639168
1510.0,29.0,-10.320778267556665,-6.114026,-8.786318,-10.51911817538289
1510.0,31.0,-12.555183341152032,-16.797654,-12.9972,-12.753523248978256
1511.0,2.0,0.49117723074592934,5.809551,-1.0489,0.5419333619082182
1511.0,5.0,13.167300055309022,16.389004,10.621407,13.218056186471312
1511.0,6.0,-1.2976729271171843,17.06992,-1.744502,-1.2469167959548955
1511.0,12.0,2.908535978441013,10.856103,0.6509,2.959292109603302
1511.0,24.0,8.729784447625011,8.540254,5.904296,8.7805405787873
1511.0,25.0,-5.097407416782161,1.678235,-6.612346,-5.046651285619872
1511.0,29.0,-9.772658089470479,-0.793234,-9.101182,-9.721901958308191
1511.0,31.0,-12.444931978705714,-18.767877,-13.105279,-12.394175847543426
1512.0,2.0,-1.8724608979161408,-0.960767,-1.1556,1.3455249847315445
1512.0,5.0,10.686626867354459,10.173998,10.694539,13.904612750002144
1512.0,6.0,-3.367619313234979,-1.413386,-2.012494,-0.14963343058729395
1512.0,12.0,1.5465824712165261,1.607487,0.712323,4.764568353864211
1512.0,24.0,6.960265114155396,11.228996,6.235048,10.178250996803081
1512.0,25.0,-6.443722943366921,-10.478041,-6.567683,-3.2257370607192355
1512.0,29.0,-11.138641572622898,-8.616066,-8.964971,-7.920655689975213
1513.0,2.0,-1.7537981653571109,4.876668,-1.119195,1.5562058339127232
1513.0,5.0,10.172377953860941,13.199055,10.900583,13.482381953130776
1513.0,6.0,-3.5299735915009762,1.04668,-2.215184,-0.2199695922311422
1513.0,12.0,1.915416237734176,7.401255,0.947428,5.22542023700401
1513.0,24.0,7.04942804957608,8.816135,6.646402,10.359432048845914
1513.0,25.0,-6.364295383126266,-3.886204,-6.395364,-3.054291383856432
1513.0,29.0,-10.47322003730792,-4.672674,-8.765032,-7.163216038038086
1514.0,2.0,-1.8044850799229257,1.035371,-1.216278,0.9107179567083836
1514.0,5.0,10.803115982418825,10.0029,11.00985,13.518319019050136
1514.0,6.0,-3.620897642024234,-6.494066,-2.477021,-0.9056946053929247
1514.0,12.0,1.8209040390680373,-1.63344,1.021555,4.536107075699347
1514.0,19.0,3.9818176979322746,35.492267,5.005058,6.6970207345635835
1514.0,24.0,7.403805407863607,8.001969,6.990915,10.119008444494916
1514.0,25.0,-6.867254454789132,-8.390275,-6.360433,-4.152051418157822
1514.0,29.0,-10.534129950264182,-8.834743,-8.652204,-7.818926913632873
1515.0,2.0,-0.36227477933323204,0.341025,-1.301397,0.32739054729231787
1515.0,5.0,12.379017625048112,13.00302,11.073751,13.068682951673662
1515.0,6.0,-2.314172649183135,-2.1451,-2.631943,-1.624507322557585
1515.0,12.0,2.8780449051527768,4.066251,1.025035,3.5677102317783267
1515.0,24.0,9.747334865306376,9.075782,7.171518,10.437000191931926
1515.0,25.0,-5.21384613905894,-2.535109,-6.392784,-4.524180812433389
1515.0,29.0,-9.245990967537656,-6.064961,-8.640442,-8.556325640912107
1515.0,31.0,-13.05266712569231,-15.273903,-13.553688,-12.36300179906676
1516.0,2.0,0.01687095978348363,6.693184,-1.527043,-0.19128428814203435
1516.0,5.0,12.935632706607432,17.193567,11.032052,12.727477458681914
1516.0,6.0,-1.8203440349845295,-2.741889,-2.727989,-2.0284992829100474
1516.0,12.0,3.200442327937103,10.155561,0.76218,2.992287080011585
1516.0,24.0,9.804416307141205,10.681952,7.103743,9.596261059215687
1516.0,25.0,-5.195085092736476,0.540907,-6.702054,-5.403240340661994
1516.0,29.0,-9.24798103683575,-2.529857,-8.905753,-9.456136284761268
1516.0,31.0,-13.3669564559335,-14.166233,-13.715002,-13.575111703859019
1517.0,2.0,-0.9026458649746659,2.298842,-1.11926,-1.234850115615731
1517.0,5.0,11.846823923303184,10.671994,11.209765,11.514619672662118
1517.0,6.0,-2.4283929148383727,-1.015554,-2.414697,-2.760597165479438
1517.0,12.0,1.761099142079508,2.465437,1.14224,1.4288948914384427
1517.0,19.0,5.599133896465589,-5.90736,5.132963,5.266929645824524
1517.0,24.0,9.235704907732895,13.869734,7.068559,8.90350065709183
1517.0,25.0,-5.2698457409143815,-0.450519,-6.354878,-5.602049991555447
1517.0,29.0,-8.861261917245178,-4.968711,-8.738556,-9.193466167886243
1517.0,31.0,-13.722406938091272,-14.296533,-13.606238,-14.054611188732338
1518.0,2.0,-0.6429172916668123,0.954949,-0.334811,-0.7887988194754537
1518.0,5.0,12.81902165449151,16.297981,11.487006,12.673140126682867
1518.0,6.0,-2.5198484549005062,-7.63015,-2.319737,-2.6657299827091476
1518.0,12.0,2.500444522509339,4.378949,2.269941,2.3545629947006974
1518.0,19.0,4.939680635858209,3.606873,4.597802,4.793799108049567
1518.0,24.0,9.47971014470831,9.303665,7.713189,9.33382861689967
1518.0,25.0,-5.216209982486422,-4.629596,-5.085908,-5.3620915102950635
1518.0,29.0,-8.736664578811641,-5.324738,-7.566379,-8.882546106620282
1518.0,31.0,-13.52366390267405,-18.27149,-13.103989,-13.669545430482692
1519.0,2.0,-0.49399471301826037,6.217941,-0.115372,-0.5366167512729413
1519.0,5.0,12.293583877492596,12.893315,11.475325,12.250961839237915
1519.0,6.0,-2.6938191497141233,1.958713,-2.831185,-2.736441187968804
1519.0,12.0,3.015763470766305,6.509213,3.009111,2.973141432511624
1519.0,19.0,5.33643669716989,5.945119,3.561332,5.293814658915209
1519.0,24.0,9.71341439482523,10.727454,8.642918,9.67079235657055
1519.0,25.0,-4.961518907637731,2.482283,-4.077623,-5.004140945892412
1519.0,29.0,-8.129566563996077,-3.288435,-6.318838,-8.172188602250758
1519.0,31.0,-13.329262754734657,-13.212472,-12.628811,-13.371884792989338
1520.0,2.0,-0.951491176039034,3.831622,-0.256168,-0.6994218519620007
1520.0,5.0,11.99742096250142,14.414079,11.391378,12.249490286578453
1520.0,6.0,-3.5198044835248607,3.92587,-3.069245,-3.2677351594478274
1520.0,12.0,2.8364459349526436,8.406188,2.98362,3.088515259029677
1520.0,19.0,4.157107994853958,4.765553,3.295973,4.4091773189309915
1520.0,24.0,9.81585744593761,2.535676,8.837348,10.067926770014644
1520.0,25.0,-5.1046124849254815,3.130861,-4.036492,-4.852543160848448
1520.0,29.0,-7.69948254795039,-1.996768,-6.153937,-7.447413223873356
1520.0,31.0,-13.099860686651201,-16.434859,-12.584511,-12.847791362574167
1521.0,2.0,-1.4175975639927554,-1.040811,-0.292638,-1.1176715006728832
1521.0,5.0,11.477245029770314,11.873525,11.376836,11.777171093090185
1521.0,6.0,-3.8053199406472213,-7.488201,-3.30667,-3.505393877327349
1521.0,12.0,2.2411502962161824,3.639084,3.119986,2.5410763595360546
1521.0,19.0,4.228542407934952,9.811171,2.962888,4.528468471254824
1521.0,25.0,-5.852828918912045,-4.324119,-3.833262,-5.552902855592173
1521.0,29.0,-8.08082940273847,-6.350858,-5.844161,-7.780903339418598
1521.0,31.0,-13.20917702704042,-11.995006,-12.50694,-12.909250963720549
1522.0,2.0,-1.3146468720228475,-7.871905,-0.299376,-0.8394927476088286
1522.0,5.0,11.506826350330225,11.380304,11.260184,11.981980474744244
1522.0,6.0,-4.113969119573752,-6.239709,-3.514079,-3.638814995159733
1522.0,12.0,2.4921415351451417,-0.050941,3.268834,2.9672956595591606
1522.0,19.0,3.0247864553801413,1.469083,2.573632,3.4999405797941603
1522.0,24.0,9.669599334004802,8.800069,9.398561,10.14475345841882
1522.0,25.0,-4.923845504896121,-1.393785,-3.542652,-4.448691380482103
1522.0,29.0,-7.305439103525294,-6.394241,-5.428055,-6.830284979111275
1522.0,31.0,-12.807383064182059,-20.715273,-12.286891,-12.33222893976804
1523.0,2.0,-1.7220871683608774,3.422583,-0.327052,-1.2485605275602847
1523.0,5.0,11.199171526992124,9.464127,11.138628,11.672698167792717
1523.0,6.0,-4.464741530700242,-4.029292,-3.615755,-3.9912148898996493
1523.0,12.0,2.3054133994007966,3.258333,3.301514,2.7789400402013893
1523.0,19.0,2.793675485736326,0.323842,2.366826,3.267202126536919
1523.0,24.0,9.790981430989582,14.265629,9.475395,10.264508071790175
1523.0,25.0,-4.987718385690295,-2.597648,-3.40763,-4.514191744889702
1523.0,29.0,-7.134451672432219,-3.618445,-5.214199,-6.660925031631626
1523.0,31.0,-12.751405713104068,-18.880711,-12.129187,-12.277879072303476
1524.0,2.0,-1.755002398141725,0.619625,-0.358128,-1.4258955534771536
1524.0,5.0,11.352589222434943,8.444706,11.154341,11.681696067099516
1524.0,6.0,-4.428989079744494,-6.969024,-3.736232,-4.099882235079923
1524.0,12.0,2.4492492455241113,3.818799,3.355299,2.778356090188683
1524.0,19.0,3.124639800283683,11.406566,2.228086,3.4537466449482546
1524.0,24.0,9.973858596742128,8.695772,9.631971,10.302965441406698
1524.0,25.0,-5.029300694202232,-3.325929,-3.341953,-4.70019384953766
1524.0,29.0,-7.142734833958667,-1.137539,-5.103465,-6.813627989294096
1524.0,31.0,-12.89357700250803,-12.89292,-12.131156,-12.56447015784346
1525.0,2.0,-2.0355428134153435,1.563467,-0.582965,-1.7960315909728273
1525.0,5.0,11.258879899071957,12.145053,11.031045,11.498391121514473
1525.0,6.0,-4.625104868382571,-4.614028,-3.995451,-4.385593645940054
1525.0,12.0,2.3049322031818624,6.261395,3.217539,2.5444434256243786
1525.0,19.0,2.9553620753883374,20.647884,1.996872,3.1948732978308536
1525.0,24.0,10.1090514559064,13.228329,9.769811,10.348562678348916
1525.0,25.0,-5.064506380744578,-1.222808,-3.418352,-4.824995158302062
1525.0,29.0,-7.004106265827745,-4.257305,-5.038413,-6.764595043385229
1525.0,31.0,-12.872879899856779,-16.621711,-12.12443,-12.633368677414262
1526.0,2.0,-2.215857643654192,0.469381,-0.756381,-2.1028403823352537
1526.0,5.0,11.42453504656079,12.881325,10.925641,11.537552307879729
1526.0,6.0,-4.501056529809394,2.344613,-4.176611,-4.388039268490456
1526.0,12.0,2.1944620842938543,3.902542,3.096206,2.3074793456127924
1526.0,19.0,3.274443629672017,1.814323,1.840725,3.387460890990955
1526.0,24.0,10.479479346989484,3.461624,9.844956,10.592496608308423
1526.0,25.0,-5.422315948071941,-4.224787,-3.491303,-5.309298686753003
1526.0,29.0,-7.3435515278689385,-4.84835,-5.008149,-7.23053426655
1526.0,31.0,-13.369102556521158,-13.575996,-12.114889,-13.256085295202219
1527.0,2.0,-2.6509709312934993,2.195699,-0.52606,-2.962179317780841
1527.0,5.0,9.952239511029493,3.171566,11.053872,9.64103112454215
1527.0,6.0,-4.891173068794708,-3.800695,-4.068991,-5.202381455282049
1527.0,12.0,1.2577091845046562,4.600125,3.369748,0.9465007980173143
1527.0,24.0,9.976031129006046,9.4736,9.936862,9.664822742518703
1527.0,25.0,-4.685853850306203,2.721064,-3.233607,-4.997062236793544
1527.0,29.0,-5.557518567918621,-4.911403,-4.830909,-5.868726954405963
1527.0,31.0,-12.723269334217543,0.187174,-12.056217,-13.034477720704885
1528.0,2.0,-3.183508029955119,-0.769619,-0.508557,-2.851818645495597
1528.0,5.0,10.34600503305317,15.954468,11.166992,10.677694417512694
1528.0,6.0,-6.256610372705977,-2.63285,-4.1835,-5.9249209882464555
1528.0,12.0,1.6215998545067967,4.682055,3.499917,1.9532892389663186
1528.0,19.0,1.183926163019672,21.006343,1.721426,1.515615547479194
1528.0,24.0,10.38518600467883,3.478991,10.165269,10.716875389138352
1528.0,25.0,-5.010493302604124,-6.255272,-3.138109,-4.678803918144602
1528.0,29.0,-5.8592804448121205,-6.466493,-4.72108,-5.527591060352599
1528.0,31.0,-12.184888323866838,-14.155746,-12.122596,-11.853198939407317
1529.0,2.0,-3.7281710451605905,-1.102165,-1.134776,-3.525706040833371
1529.0,5.0,10.11518230525443,11.51616,11.144827,10.31764730958165
1529.0,6.0,-6.722824392116919,-6.528454,-4.931571,-6.520359387789699
1529.0,12.0,1.2942687944761637,3.344293,3.158661,1.4967337988033833
1529.0,19.0,0.7502931290704041,35.631541,1.253527,0.9527581333976237
1529.0,24.0,10.980871958063862,32.256632,10.715169,11.183336962391081
1529.0,25.0,-5.6607645946728065,-4.145381,-3.521434,-5.458299590345587
1529.0,29.0,-5.854871492611244,-5.894164,-4.793136,-5.652406488284025
1529.0,31.0,-12.639456394577055,-14.845296,-12.476916,-12.436991390249835
1530.0,2.0,-3.7576999693830695,-2.784015,-1.331681,-3.7594978392182226
1530.0,5.0,10.191794198947013,13.139191,11.104254,10.18999632911186
1530.0,6.0,-6.527270327235922,-4.161915,-5.309151,-6.529068197071075
1530.0,12.0,1.3366504662983907,6.717367,3.164676,1.3348525964632376
1530.0,24.0,10.754050162477721,4.788697,11.082749,10.752252292642568
1530.0,25.0,-5.666323959235997,-0.124153,-3.461281,-5.66812182907115
1530.0,29.0,-5.948911415221706,0.782038,-4.563497,-5.950709285056859
1530.0,31.0,-12.85004748882845,-11.694936,-12.487131,-12.851845358663603
1531.0,2.0,-3.988850873566376,-1.447417,-1.583226,-4.298579074837596
1531.0,5.0,10.336174175146553,15.095733,11.054059,10.026445973875333
1531.0,6.0,-6.692391217845247,-7.044508,-5.714311,-7.002119419116467
1531.0,12.0,1.2063414678403213,1.546144,3.110043,0.8966132665691013
1531.0,24.0,10.938400887042413,6.278352,11.440291,10.628672685771193
1531.0,25.0,-5.76828328744219,-2.920362,-3.471963,-6.07801148871341
1531.0,29.0,-5.598744668977526,-6.480833,-4.391877,-5.908472870248746
1531.0,31.0,-13.076210609061704,-14.211131,-12.535163,-13.385938810332924
1532.0,2.0,-6.282135247943584,-3.862882,-1.80402,-4.88450583631109
1532.0,5.0,7.748446233646836,7.560202,11.001181,9.14607564527933
1532.0,6.0,-8.233110240647118,-3.34172,-6.029123,-6.835480829014624
1532.0,12.0,-1.8525400424327794,4.45843,3.029279,-0.4549106308002848
1532.0,24.0,8.522268810528502,18.192992,11.691374,9.919898222160995
1532.0,25.0,-7.187741857872729,-3.732718,-3.521003,-5.790112446240235
1532.0,29.0,-7.262643642533789,-2.463653,-4.296853,-5.865014230901294
1532.0,31.0,-14.334530024175665,-12.788267,-12.58418,-12.93690061254317
1533.0,2.0,-5.703439728478426,-1.636214,-1.87134,-4.102599509955118
1533.0,5.0,8.161163466476717,7.091065,10.869375,9.762003685000025
1533.0,6.0,-7.87089821415253,-9.766193,-6.129769,-6.270057995629221
1533.0,12.0,-0.7864612542379473,3.249029,3.001169,0.8143789642853613
1533.0,19.0,-1.520756316745798,9.574566,0.048692,0.08008390177751057
1533.0,24.0,8.315580175538937,20.763392,11.72893,9.916420394062246
1533.0,25.0,-6.902490206589536,-4.830837,-3.458564,-5.301649988066227
1533.0,29.0,-7.460340519727107,-4.624119,-4.155032,-5.8595003012037985
1533.0,31.0,-14.25684099828608,-11.000465,-12.458637,-12.65600077976277
1534.0,2.0,-5.418882541748704,-3.31346,-1.836317,-3.72518073514295
1534.0,5.0,8.210938491093335,10.328958,10.778902,9.904640297699089
1534.0,6.0,-7.630696840603506,-7.444712,-6.085908,-5.936995033997753
1534.0,12.0,-0.44739903364061206,3.437595,3.014571,1.2463027729651417
1534.0,19.0,-1.5181370044395157,-15.096273,0.017118,0.17556480216623793
1534.0,24.0,8.183211409321643,14.688792,11.659537,9.876913215927397
1534.0,25.0,-6.477383610486086,-3.570861,-3.380813,-4.783681803880333
1534.0,29.0,-7.075429573861604,-5.741307,-4.07059,-5.381727767255851
1534.0,31.0,-14.097273895468177,-10.678597,-12.32969,-12.403572088862424
1535.0,2.0,-5.428545375504773,-3.824858,-1.836908,-3.8544002165274946
1535.0,5.0,8.439814562923477,8.433308,10.75568,10.013959721900754
1535.0,6.0,-7.657229082750885,-3.975907,-6.056826,-6.083083923773607
1535.0,12.0,-0.48421656319550543,1.190476,2.991938,1.0899285957817728
1535.0,19.0,-1.278111256501906,-0.073105,0.048147,0.2960339024753722
1535.0,24.0,8.351575508657605,11.842852,11.608673,9.925720667634884
1535.0,25.0,-6.709180090270087,-0.083356,-3.397541,-5.135034931292809
1535.0,29.0,-7.3832857304105595,-1.652774,-4.096206,-5.809140571433281
1535.0,31.0,-14.317865808507582,-11.339601,-12.314702,-12.743720649530303
1536.0,2.0,-5.2476994022155115,-1.163407,-1.928077,-3.6032370759742243
1536.0,5.0,8.46876435309153,10.789306,10.775628,10.113226679332817
1536.0,6.0,-7.520248153073234,-3.609408,-6.092418,-5.8757858268319465
1536.0,12.0,-0.2590367979578706,5.694583,2.888721,1.3854255282834167
1536.0,19.0,-1.2672127243502613,-2.697473,0.109855,0.37724960189102585
1536.0,24.0,8.32398479610076,10.342756,11.592779,9.968447122342047
1536.0,25.0,-6.46941882326049,-3.702845,-3.546684,-4.824956497019203
1536.0,29.0,-7.156028448882675,-4.546342,-4.24256,-5.511566122641388
1536.0,31.0,-14.210400354028371,-11.618638,-12.425183,-12.565938027787084
1537.0,2.0,-5.402657539022524,-2.442648,-2.006404,-3.876663045711207
1537.0,5.0,8.525493962894213,12.392201,10.794807,10.05148845620553
1537.0,6.0,-7.7088129434451895,-10.509661,-6.135191,-6.1828184501338725
1537.0,12.0,-0.37702716709286854,2.003876,2.810493,1.1489673262184485
1537.0,19.0,-1.2431723177349543,4.173812,0.145742,0.2828221755763627
1537.0,24.0,8.493528180382905,14.848459,11.59795,10.019522673694222
1537.0,25.0,-6.472584035923469,-4.644171,-3.662088,-4.946589542612152
1537.0,29.0,-7.026599698817091,-7.339009,-4.35124,-5.500605205505774
1537.0,31.0,-14.183103764609585,-13.660733,-12.517301,-12.657109271298268
1538.0,2.0,-5.600533115244347,0.858548,-2.056879,-4.20745061949459
1538.0,5.0,8.42456131966202,10.033858,10.746335,9.817643815411778
1538.0,6.0,-7.9411053360123764,-1.116071,-6.209809,-6.54802284026262
1538.0,12.0,-0.5163193253328694,4.950746,2.793846,0.8767631704168871
1538.0,19.0,-1.4475104422126437,6.844952,0.055674,-0.05442794646288718
1538.0,24.0,8.572235325823069,13.446389,11.645629,9.965317821572825
1538.0,25.0,-6.3608426965382465,2.658875,-3.646134,-4.96776020078849
1538.0,29.0,-6.739171059677038,-3.856691,-4.29244,-5.346088563927282
1538.0,31.0,-14.047322487994338,-11.314686,-12.483626,-12.65423999224458
1539.0,2.0,-5.333672144980041,-6.317493,-2.027355,-3.877190735057669
1539.0,5.0,8.472367322495293,11.545102,10.704921,9.928848732417665
1539.0,6.0,-7.715162313709677,-3.937023,-6.162328,-6.258680903787305
1539.0,12.0,-0.2793613939405494,4.505521,2.800119,1.177120015981823
1539.0,19.0,-1.3163842787959847,-5.056469,0.069116,0.14009713112638744
1539.0,24.0,8.517774341017725,8.592236,11.586143,9.974255750940097
1539.0,25.0,-6.249475194748402,-0.977425,-3.613117,-4.792993784826029
1539.0,29.0,-6.738522932490786,-5.350751,-4.269582,-5.282041522568413
1539.0,31.0,-13.985142133823222,-9.450802,-12.421066,-12.52866072390085
1540.0,2.0,-5.167248502908726,-2.067934,-1.915305,-3.644710669419024
1540.0,5.0,8.717491062131991,9.845029,10.72888,10.240028895621693
1540.0,6.0,-7.557944873549096,-1.116443,-6.075948,-6.035407040059394
1540.0,12.0,-0.10559925891816946,4.051497,2.904613,1.4169385745715326
1540.0,19.0,-1.157120028061077,-1.968558,0.095025,0.365417805428625
1540.0,24.0,8.544317493940445,4.446036,11.566188,10.066855327430147
1540.0,25.0,-6.2322771667143035,-1.057836,-3.500687,-4.709739333224602
1540.0,29.0,-6.855103031350123,-4.186471,-4.201287,-5.332565197860421
1540.0,31.0,-14.1198855500275,-7.530279,-12.360664,-12.597347716537797
1541.0,2.0,-5.525165700682332,-1.894326,-1.790285,-4.155267376304605
1541.0,5.0,8.591978258089497,9.937801,10.719712,9.961876582467225
1541.0,6.0,-7.82484350819938,-6.509321,-5.969131,-6.4549451838216525
1541.0,12.0,-0.6879163624798476,0.724266,3.009341,0.6819819618978799
1541.0,24.0,8.861412099499494,14.216955,11.513965,10.231310423877222
1541.0,25.0,-6.594768867608557,-6.460433,-3.36543,-5.224870543230829
1541.0,29.0,-6.931492518520128,-7.286202,-4.108415,-5.5615941941424
1541.0,31.0,-14.270845946372228,-13.868957,-12.254846,-12.9009476219945
1542.0,2.0,-5.546229961571512,0.128549,-1.635464,-4.21438944616059
1542.0,5.0,8.539909528328243,14.117077,10.775078,9.871750043739166
1542.0,6.0,-7.886863580018926,-7.620989,-5.865636,-6.5550230646080045
1542.0,12.0,-0.7108575411993537,1.914733,3.166912,0.6209829742115679
1542.0,24.0,8.822413243714108,17.9845,11.517773,10.15425375912503
1542.0,25.0,-6.5980880088631215,-2.863892,-3.206918,-5.2662474934522
1542.0,29.0,-6.902332545002162,-8.165162,-4.009491,-5.57049202959124
1542.0,31.0,-14.173860773314372,-13.290921,-12.19119,-12.84202025790345
1543.0,2.0,-5.097920518985107,-4.577641,-1.612835,-3.6662371773426274
1543.0,5.0,8.86330966996968,5.885309,10.794943,10.29499301161216
1543.0,6.0,-7.503241390805415,-5.491591,-5.860966,-6.0715580491629355
1543.0,12.0,-0.10525781897981379,-0.4016,3.202245,1.3264255226626656
1543.0,19.0,-1.0448904694421062,5.601522,0.138248,0.38679287220037306
1543.0,24.0,8.662663656796285,17.21761,11.539387,10.094346998438764
1543.0,25.0,-6.437432011223945,-6.634814,-3.176893,-5.0057486695814655
1543.0,29.0,-7.151959547654328,-8.822745,-3.989795,-5.720276206011849
1543.0,31.0,-14.207125460542262,-14.883702,-12.191095,-12.775442118899782
1544.0,2.0,-5.174297653307991,1.070749,-1.608076,-3.6837325264522347
1544.0,5.0,8.799172043453078,18.703392,10.816942,10.289737170308834
1544.0,6.0,-7.623705410508124,-0.770369,-5.854245,-6.133140283652367
1544.0,12.0,-0.04581584917828263,5.435639,3.209311,1.4447492776774737
1544.0,19.0,-1.1157493234076377,-5.009402,0.159701,0.3748158034481186
1544.0,24.0,8.71247833332078,3.076292,11.543832,10.203043460176536
1544.0,25.0,-6.326356499673701,-0.420473,-3.185628,-4.835791372817945
1544.0,29.0,-6.946325735051803,-2.718085,-4.011169,-5.455760608196047
1544.0,31.0,-14.15525308635154,-12.769791,-12.214537,-12.664687959495783
1545.0,2.0,-5.094769999247269,-2.553012,-1.655839,-3.620720955915604
1545.0,5.0,8.843513238495744,10.790421,10.790962,10.31756228182741
1545.0,6.0,-7.5537015297766255,-5.888809,-5.897658,-6.07965248644496
1545.0,12.0,0.021493815791516435,3.137119,3.173632,1.4955428591231819
1545.0,19.0,-1.0250488202395989,-10.1952,0.12987,0.44900022309206644
1545.0,24.0,8.726319935722561,16.537971,11.557463,10.200368979054225
1545.0,25.0,-6.343081943606385,-4.076795,-3.212771,-4.8690329002747195
1545.0,29.0,-7.02173024627261,-3.976215,-4.016112,-5.547681202940945
1545.0,31.0,-14.156919878061455,-15.677792,-12.218076,-12.68287083472979
1546.0,2.0,-5.157444079110124,0.857432,-1.691016,-3.7822722661282606
1546.0,5.0,8.89940311954346,13.108295,10.728655,10.274574932525324
1546.0,6.0,-7.681887667602086,0.573326,-5.893317,-6.306715854620223
1546.0,12.0,0.03515491602355503,5.67288,3.11542,1.4103267290054182
1546.0,19.0,-1.0943693343512129,5.797539,0.134687,0.2808024786306502
1546.0,24.0,8.83137654215784,3.689054,11.497562,10.206548355139702
1546.0,25.0,-6.279347198070851,-0.495661,-3.246451,-4.904175385088988
1546.0,29.0,-6.846923570272202,-0.036576,-4.036921,-5.471751757290339
1546.0,31.0,-14.093369354001943,-12.787607,-12.184668,-12.71819754102008
1547.0,2.0,-5.595035730147703,-2.2416,-1.691208,-4.401902863929861
1547.0,5.0,8.735829268532836,16.129793,10.694748,9.928962134750678
1547.0,6.0,-7.918843698661845,-7.532532,-5.868826,-6.725710832444002
1547.0,12.0,-0.6571466274862995,3.147076,3.09597,0.5359862387315432
1547.0,24.0,9.069163176467612,15.231051,11.449346,10.262296042685454
1547.0,25.0,-6.317831670673116,-1.942599,-3.250949,-5.1246988044552735
1547.0,29.0,-6.541850823147917,-5.882852,-4.044781,-5.3487179569300745
1547.0,31.0,-14.034613517993108,-14.980933,-12.154552,-12.841480651775266
1548.0,2.0,-5.346777165913736,-1.544987,-1.696221,-3.9808433848032942
1548.0,5.0,8.660841265959323,13.066042,10.682888,10.026775047069766
1548.0,6.0,-7.802478647805478,-3.200313,-5.878222,-6.436544866695036
1548.0,12.0,-0.38527542676966864,5.595238,3.098359,0.9806583543407735
1548.0,24.0,8.92163422257141,6.127833,11.455259,10.287568003681852
1548.0,25.0,-6.217625259455862,-1.137688,-3.240454,-4.85169147834542
1548.0,29.0,-6.5982639591935675,-7.000285,-4.029709,-5.232330178083125
1548.0,31.0,-13.996310373547155,-7.75363,-12.141561,-12.630376592436713
1549.0,2.0,-5.616956961683242,-0.971262,-1.701907,-4.381689149068528
1549.0,5.0,8.784894940223786,9.894622,10.693347,10.020162752838502
1549.0,6.0,-8.007406130979323,-8.840226,-5.872859,-6.7721383183646084
1549.0,12.0,-0.5143895707356158,3.338326,3.089844,0.7208782418790988
1549.0,24.0,9.156104317372591,13.403151,11.448245,10.391372129987307
1549.0,25.0,-6.410030567340199,-5.045609,-3.261279,-5.174762754725484
1549.0,29.0,-6.6564667577515975,-1.661829,-4.05942,-5.421198945136883
1549.0,31.0,-14.110286985432278,-13.974508,-12.162423,-12.875019172817563
1550.0,2.0,-5.951241673214174,2.847105,-1.696206,-5.041062615649983
1550.0,5.0,8.817428494351386,13.316227,10.740382,9.727607551915577
1550.0,6.0,-8.385215996079326,-7.619768,-5.879678,-7.475036938515135
1550.0,12.0,-0.5484212574347894,5.802739,3.111379,0.3617578001294016
1550.0,24.0,9.305138183291104,15.062972,11.483361,10.215317240855295
1550.0,25.0,-6.844669147462509,-0.33846,-3.268182,-5.934490089898318
1550.0,29.0,-6.909838220040533,4.274379,-4.080727,-5.999659162476342
1550.0,31.0,-14.091243146073632,-14.290012,-12.208911,-13.18106408850944
1551.0,2.0,-5.2063335067266925,1.728209,-1.686654,-4.2815635396124545
1551.0,5.0,9.17764329284027,11.398009,10.7885,10.102413259954506
1551.0,6.0,-7.887674157073598,-2.053997,-5.902747,-6.96290418995936
1551.0,12.0,-0.016015295407611707,5.665093,3.151848,0.9087546717066263
1551.0,19.0,-0.830688731901491,47.947174,0.163325,0.09408123521274703
1551.0,24.0,9.310546030236985,13.606801,11.545745,10.235315997351222
1551.0,25.0,-6.3453884798288405,-1.182709,-3.24997,-5.4206185127146025
1551.0,29.0,-6.655773239488902,-0.961117,-4.069954,-5.7310032723746644
1551.0,31.0,-14.008577371679477,-14.450069,-12.245286,-13.083807404565238
1552.0,2.0,-5.198337568940124,7.28968,-1.699382,-4.0849004323402625
1552.0,5.0,6.499362015121808,11.947439,10.81161,7.612799151721671
1552.0,6.0,-6.31530130295775,0.337402,-5.949109,-5.201864166357888
1552.0,12.0,-1.3163436437621039,8.523983,3.175431,-0.202906507162242
1552.0,24.0,6.413661780846367,12.291511,11.61309,7.52709891744623
1552.0,25.0,-5.389444044942601,4.638013,-3.23447,-4.2760069083427386
1552.0,29.0,-5.7578431094051705,1.497936,-4.044807,-4.644405972805309
1552.0,31.0,-11.467064806171049,-8.752536,-12.266758,-10.353627669571187
1553.0,2.0,-4.928257555258745,-4.844009,-1.678377,-3.9024413175302435
1553.0,5.0,6.9063582733326765,6.99814,10.841527,7.932174511061178
1553.0,6.0,-6.166008354443561,-9.191215,-5.95656,-5.14019211671506
1553.0,12.0,-0.9594584631399067,1.117529,3.21899,0.06635777458859493
1553.0,19.0,-1.208455139444541,4.364232,0.110441,-0.18263890171603947
1553.0,24.0,6.564975354002786,18.131951,11.654978,7.590791591731287
1553.0,25.0,-5.269664522254416,-6.99301,-3.200094,-4.243848284525915
1553.0,29.0,-5.821101473851323,-12.531393,-4.018668,-4.7952852361228215
1553.0,31.0,-11.56461676747539,-8.155752,-12.275181,-10.53880052974689
1554.0,2.0,-4.967781977236465,2.551622,-1.640096,-3.5919889469211803
1554.0,5.0,6.445064959103527,10.394952,10.88877,7.820857989418811
1554.0,6.0,-6.192996864084167,-4.514981,-5.913359,-4.8172038337688825
1554.0,12.0,-1.12588711880369,5.016653,3.249322,0.24990591151159425
1554.0,24.0,6.314341776013179,9.189583,11.64486,7.690134806328463
1554.0,25.0,-5.454404976122235,-0.984352,-3.198774,-4.0786119458069505
1554.0,29.0,-5.8918359844968125,-5.852823,-4.052564,-4.516042954181528
1554.0,31.0,-11.570017204515052,-6.356838,-12.306844,-10.194224174199768
1555.0,2.0,-5.211232404615771,-0.91493,-1.684114,-4.020786629003775
1555.0,5.0,6.367067708049604,13.608363,10.893457,7.557513483661601
1555.0,6.0,-6.308948070437624,-4.964039,-5.941482,-5.118502294825627
1555.0,12.0,-1.3032972907428109,3.652801,3.209767,-0.11285151513081448
1555.0,24.0,6.509617367473343,4.660347,11.652047,7.700063143085339
1555.0,25.0,-5.368337991460209,-3.1385,-3.254159,-4.177892215848213
1555.0,29.0,-5.829612748372979,0.549104,-4.101937,-4.639166972760982
1555.0,31.0,-11.469735247498106,-15.318116,-12.349554,-10.27928947188611
1556.0,2.0,-4.841683309547334,-5.038252,-1.713041,-3.5221467836615092
1556.0,5.0,6.5942549794455925,10.036487,10.902781,7.913791505331417
1556.0,6.0,-6.109103200755617,-8.428126,-5.947235,-4.789566674869792
1556.0,12.0,-0.979351844264775,-0.552862,3.175297,0.34018468162105
1556.0,24.0,6.475801321462014,9.877981,11.641317,7.795337847347839
1556.0,25.0,-5.235534371372606,-5.07627,-3.307627,-3.915997845486781
1556.0,29.0,-5.706425806867633,-11.071886,-4.160062,-4.386889280981808
1556.0,31.0,-11.505074442100439,-9.947308,-12.390518,-10.185537916214614
1557.0,2.0,-5.022120570265974,-7.054455,-1.700522,-3.892761640916481
1557.0,5.0,6.607911580058834,11.156178,10.931185,7.737270509408328
1557.0,6.0,-6.22024103121315,-7.068046,-5.932512,-5.090882101863657
1557.0,12.0,-1.0940588669296307,1.466011,3.188227,0.0353000624198625
1557.0,24.0,6.587899834864984,9.980472,11.643322,7.717258764214478
1557.0,25.0,-5.3383774330484615,-7.332663,-3.313833,-4.209018503698968
1557.0,29.0,-5.728375312639711,-9.13317,-4.184167,-4.599016383290218
1557.0,31.0,-11.556855240265966,-14.478991,-12.416381,-10.427496310916473
1558.0,2.0,-5.20663886356775,5.215965,-1.691515,-4.184202854361207
1558.0,5.0,6.615087698744889,13.305748,10.958754,7.637523707951432
1558.0,6.0,-6.343590566800459,-4.014108,-5.953079,-5.321154557593916
1558.0,12.0,-1.3016065243877746,9.941061,3.224184,-0.2791705151812316
1558.0,24.0,6.707158258037693,4.343239,11.693245,7.729594267244236
1558.0,25.0,-5.450162107842751,3.841076,-3.286947,-4.427726098636208
1558.0,29.0,-5.837531429608359,5.156976,-4.159571,-4.815095420401816
1558.0,31.0,-11.475637094591294,-8.527295,-12.429812,-10.453201085384752
1559.0,2.0,-5.0942897421254045,1.770257,-1.649327,-4.109925416250994
1559.0,5.0,6.643059519869774,16.106022,11.006554,7.627423845744184
1559.0,6.0,-6.273583059411904,-1.366402,-5.978711,-5.289218733537494
1559.0,12.0,-1.1403599571824623,9.501319,3.315786,-0.15599563130805194
1559.0,24.0,6.710646557249187,10.265259,11.786457,7.695010883123597
1559.0,25.0,-5.2778345821284995,3.479361,-3.201156,-4.293470256254089
1559.0,29.0,-5.659676322672166,-3.688783,-4.078811,-4.675311996797755
1559.0,31.0,-11.387935308312032,-11.065425,-12.427654,-10.403570982437621
1560.0,2.0,-4.816441593239117,-3.835117,-1.60046,-3.9182364848939963
1560.0,5.0,7.003422501874723,10.977053,11.073233,7.901627610219843
1560.0,6.0,-6.114114120971586,-6.766445,-5.940021,-5.215909012626466
1560.0,12.0,-0.7607524997314253,-0.10897,3.367396,0.13745260861369502
1560.0,19.0,-1.1489472107960284,-20.458883,0.217363,-0.250742102450908
1560.0,24.0,6.842374836833036,18.689085,11.799635,7.7405799451781565
1560.0,25.0,-5.155493420674801,-4.851093,-3.185583,-4.25728831232968
1560.0,29.0,-5.615723509983247,-6.977328,-4.102134,-4.717518401638126
1560.0,31.0,-11.534204782812457,-15.818156,-12.468609,-10.635999674467337
1561.0,2.0,-4.684634648505849,-2.217431,-1.596436,-3.7793060616979295
1561.0,5.0,7.154135992347344,9.107652,11.106305,8.059464579155264
1561.0,6.0,-6.031895188438916,-9.739333,-5.935473,-5.126566601630996
1561.0,12.0,-0.6217755797663483,-0.778154,3.37623,0.28355300704157116
1561.0,19.0,-1.0269314970058891,-10.954776,0.243922,-0.12160291019796965
1561.0,24.0,6.850701166504135,15.476914,11.811195,7.756029753312054
1561.0,25.0,-5.0387344916100005,-5.38363,-3.199906,-4.133405904802081
1561.0,29.0,-5.610884045625476,-3.846878,-4.131737,-4.705555458817557
1561.0,31.0,-11.537713282982802,-11.505812,-12.505202,-10.632384696174881
1562.0,2.0,-4.316201729072004,-4.376091,-1.605286,-3.201886903222121
1562.0,5.0,7.406784079968561,9.965042,11.119675,8.521098905818445
1562.0,6.0,-5.842986259023104,-2.96851,-5.954499,-4.728671433173221
1562.0,12.0,-0.28086579901296116,3.423046,3.382968,0.8334490268369218
1562.0,19.0,-0.9066787872056495,-16.631559,0.235147,0.2076360386442334
1562.0,24.0,6.811983518384832,14.515924,11.838163,7.926298344234715
1562.0,25.0,-4.914020869944824,-3.381423,-3.201313,-3.7997060440949406
1562.0,29.0,-5.637008659682789,-1.681717,-4.132474,-4.522693833832906
1562.0,31.0,-11.529832848150923,-16.025107,-12.522484,-10.41551802230104
1563.0,2.0,-4.748792071277584,1.55796,-1.639424,-3.8937087964238843
1563.0,5.0,7.289996384854973,11.646376,11.076531,8.145079659708673
1563.0,6.0,-6.05927314269413,-6.050144,-5.979414,-5.204189867840431
1563.0,12.0,-0.621262511292228,4.534605,3.351456,0.2338207635614714
1563.0,19.0,-1.097044396917016,33.197943,0.206918,-0.24196112206331666
1563.0,24.0,6.9552529479519665,5.152516,11.829514,7.810336222805666
1563.0,25.0,-5.035172893454452,0.385834,-3.21191,-4.180089618600753
1563.0,29.0,-5.56446861103944,-6.383573,-4.123205,-4.709385336185741
1563.0,31.0,-11.48794661603377,-5.853311,-12.498208,-10.632863341180071
1564.0,2.0,-5.102382483486166,1.045332,-1.663904,-4.169571725690779
1564.0,5.0,6.797009366004898,14.620075,11.018806,7.729820123800285
1564.0,6.0,-6.254723747604566,-8.6256,-5.955898,-5.321912989809179
1564.0,12.0,-1.0636005821160408,4.194729,3.294123,-0.13078982432065356
1564.0,24.0,7.010129513048718,4.871278,11.752757,7.9429402708441055
1564.0,25.0,-5.274927786209547,-0.887907,-3.248963,-4.34211702841416
1564.0,29.0,-5.619955439358053,1.662669,-4.156633,-4.687144681562666
1564.0,31.0,-11.43922736962302,-12.338427,-12.466768,-10.506416611827632
1565.0,2.0,-5.0491832036129916,1.983985,-1.685514,-4.118886733256477
1565.0,5.0,6.770704015980243,17.831123,10.939922,7.701000486336758
1565.0,6.0,-6.264076753488793,-2.239079,-5.948632,-5.3337802831322785
1565.0,12.0,-1.0798309956700045,10.369323,3.252229,-0.14953452531348965
1565.0,24.0,6.985326450636898,7.919757,11.693296,7.915622920993413
1565.0,25.0,-5.233916163123319,2.897499,-3.249418,-4.303619692766804
1565.0,29.0,-5.539141403726801,0.721776,-4.139582,-4.608844933370286
1565.0,31.0,-11.420106765925595,-13.186571,-12.399634,-10.48981029556908
1566.0,2.0,-4.504624199186094,4.670838,-1.709315,-3.5329412639859052
1566.0,5.0,7.285321255753938,11.420245,10.875253,8.257004190954127
1566.0,6.0,-5.955968365116243,-3.376232,-5.95168,-4.984285429916055
1566.0,12.0,-0.4090757362553178,6.52812,3.216609,0.562607198944871
1566.0,19.0,-1.0198219514409672,45.11635,0.194335,-0.04813901624077843
1566.0,24.0,6.9628971594280555,19.094027,11.652774,7.934580094628244
1566.0,25.0,-4.87348938603918,0.250159,-3.251231,-3.9018064508389916
1566.0,29.0,-5.418508512270512,-6.556797,-4.12389,-4.4468255770703236
1566.0,31.0,-11.373780522139924,-12.059226,-12.347491,-10.402097586939735
1567.0,2.0,-4.651082706000115,-11.811728,-1.680277,-3.8428923475764565
1567.0,5.0,7.453636141658161,7.17969,10.870141,8.26182650008182
1567.0,6.0,-6.042129348599799,-7.17097,-5.932446,-5.23393899017614
1567.0,12.0,-0.4696781157510782,-1.530034,3.247638,0.3385122426725803
1567.0,19.0,-1.046568057357077,-9.047974,0.189449,-0.23837769893341854
1567.0,24.0,7.104044370162735,13.281936,11.648252,7.912234728586394
1567.0,25.0,-4.933879217772248,-12.352378,-3.209684,-4.12568885934859
1567.0,29.0,-5.528774239244102,-9.041716,-4.091049,-4.720583880820444
1567.0,31.0,-11.454160373268406,-17.626015,-12.316447,-10.645970014844748
1568.0,2.0,-4.231274432528704,1.190913,-1.590623,-3.179837736146718
1568.0,5.0,7.543229613629626,14.199094,10.890958,8.594666310011613
1568.0,6.0,-5.8198800651737335,-6.664875,-5.848186,-4.768443368791747
1568.0,12.0,-0.10846605602664117,3.634306,3.319493,0.9429706403553454
1568.0,19.0,-0.8381845785639622,12.218958,0.234584,0.21325211781802433
1568.0,24.0,7.022072855176932,10.932342,11.610461,8.073509551558917
1568.0,25.0,-4.787210609112392,-3.386756,-3.137097,-3.735773912730405
1568.0,29.0,-5.402827248212614,-4.888435,-4.061212,-4.351390551830628
1568.0,31.0,-11.502784660776049,-14.583304,-12.27617,-10.451347964394063
1569.0,2.0,-4.156426544053002,0.649665,-1.485383,-3.15665088787689
1569.0,5.0,7.605889427405816,9.984555,10.828555,8.605665083581929
1569.0,6.0,-5.783976734620304,-6.494256,-5.709759,-4.784201078444192
1569.0,12.0,-0.0698209585471582,3.666985,3.363434,0.929954697628954
1569.0,19.0,-0.7860761315850794,16.193169,0.288634,0.2136995245910328
1569.0,24.0,7.078165758010994,11.829333,11.473016,8.077941414187105
1569.0,25.0,-4.844935765649052,-2.604677,-3.044427,-3.84516010947294
1569.0,29.0,-5.491392065436858,-3.74241,-4.008178,-4.491616409260746
1569.0,31.0,-11.492663007224786,-11.998529,-12.14234,-10.492887351048674
1570.0,2.0,-4.251247914271588,-2.82665,-1.414971,-3.281338133832138
1570.0,5.0,7.717596799582496,3.85238,10.677399,8.687506580021946
1570.0,6.0,-5.858160450791138,-5.455796,-5.633001,-4.888250670351687
1570.0,12.0,-0.06987897547073729,2.980573,3.396649,0.900030804968713
1570.0,19.0,-0.8731942313004898,0.573956,0.226012,0.09671554913896052
1570.0,24.0,7.058193306244023,11.016456,11.359558,8.028103086683473
1570.0,25.0,-4.857871148000542,-4.788182,-2.897903,-3.8879613675610916
1570.0,29.0,-5.520443669860293,-3.954129,-3.847869,-4.5505338894208425
1570.0,31.0,-11.506787537672842,-9.586268,-11.914642,-10.536877757233391
1571.0,2.0,-4.199012095837355,-3.036971,-1.475183,-3.3271389878906943
1571.0,5.0,7.809826025208598,13.47147,10.464843,8.68169913315526
1571.0,6.0,-5.859670686328832,-8.720456,-5.647739,-4.987797578382172
1571.0,12.0,0.01244323542273118,2.614699,3.302118,0.8843163433693916
1571.0,19.0,-0.9261665720525506,-9.41314,0.126541,-0.0542934641058902
1571.0,24.0,7.108331935951621,8.605742,11.24505,7.980205043898281
1571.0,25.0,-4.735184967789409,-3.596643,-2.869586,-3.8633118598427485
1571.0,29.0,-5.306542142577681,-2.52387,-3.751847,-4.43466903463102
1571.0,31.0,-11.397845115750792,-11.231934,-11.721631,-10.525972007804132
1572.0,2.0,-4.234725733270024,-3.14517,-1.471724,-3.2041836499404486
1572.0,5.0,7.733925604176739,14.824516,10.373398,8.764467687506315
1572.0,6.0,-5.895985814079137,-5.930644,-5.638021,-4.865443730749561
1572.0,12.0,0.009506137419830085,5.102215,3.294353,1.040048220749406
1572.0,19.0,-0.9281741929410822,-5.335963,0.076409,0.10236789038849359
1572.0,24.0,7.086840516888267,9.881688,11.197538,8.117382600217843
1572.0,25.0,-4.764306524417923,-3.377732,-2.815995,-3.733764441088347
1572.0,29.0,-5.3588949483126695,-2.965317,-3.676585,-4.328352864983094
1572.0,31.0,-11.467243992461293,-13.503355,-11.612022,-10.436701909131717
1573.0,2.0,-4.238009188065271,-2.49218,-1.547005,-3.1937610538373518
1573.0,5.0,7.722350880691721,9.638669,10.311473,8.76659901491964
1573.0,6.0,-5.920040669054319,-7.757192,-5.736699,-4.8757925348264
1573.0,12.0,0.02531996439272255,3.531522,3.25868,1.0695680986206417
1573.0,19.0,-0.986026069155809,-3.627618,-0.032214,0.05822206507211003
1573.0,24.0,7.018031723332865,15.44246,11.253828,8.062279857560785
1573.0,25.0,-4.740766608723501,-0.9878,-2.813892,-3.6965184744955817
1573.0,29.0,-5.350762650080052,-3.863961,-3.61804,-4.3065145158521325
1573.0,31.0,-11.383183992299573,-9.469569,-11.579546,-10.338935858071654
1574.0,2.0,-5.071194916874665,-2.198159,-1.670774,-4.246162372051063
1574.0,5.0,7.294911605661889,13.679793,10.222217,8.119944150485491
1574.0,6.0,-6.4387651064966525,-6.825104,-5.895989,-5.61373256167305
1574.0,12.0,-0.6785969398547308,2.063877,3.196722,0.14643560496887165
1574.0,24.0,7.4700889927424585,-0.19622,11.346521,8.295121537566061
1574.0,25.0,-5.077476407330607,-1.861496,-2.822988,-4.252443862507005
1574.0,29.0,-5.336054406905208,-2.346245,-3.537701,-4.511021862081606
1574.0,31.0,-11.3738229287508,-9.884257,-11.542764,-10.548790383927198
1575.0,2.0,-5.08719283361047,-14.248204,-1.718835,-4.118841662834292
1575.0,5.0,7.300628308426474,6.443157,10.145934,8.268979479202653
1575.0,6.0,-6.472114306499392,-18.951136,-6.022369,-5.503763135723213
1575.0,12.0,-0.6836205922647177,-4.521889,3.222885,0.28473057851146055
1575.0,24.0,7.461536375547615,52.907207,11.459554,8.429887546323794
1575.0,25.0,-5.064366753896967,-10.889836,-2.727376,-4.0960155831207885
1575.0,29.0,-5.336583830297098,-10.573895,-3.368002,-4.3682326595209195
1575.0,31.0,-11.490560157278866,-20.205343,-11.449809,-10.522208986502687
1576.0,2.0,-4.793437149533467,-3.953736,-1.67534,-3.740397515846376
1576.0,5.0,7.817646614993754,7.936678,10.064711,8.870686248680844
1576.0,6.0,-6.574884815131586,-8.197668,-6.061243,-5.521845181444495
1576.0,12.0,-0.3794613517462945,3.489121,3.315177,0.6735782819407968
1576.0,19.0,-0.7923136954488729,11.143823,-0.552576,0.26072593823821844
1576.0,25.0,-5.994197029713928,-3.617844,-2.54633,-4.941157396026837
1576.0,29.0,-6.912922525227669,-1.420029,-3.145675,-5.859882891540578
1576.0,31.0,-12.157204074130354,-13.283374,-11.285251,-11.104164440443263
1577.0,2.0,-4.993102158747447,-4.979456,-1.695422,-3.952524538826291
1577.0,5.0,6.933282994904794,6.333509,9.934104,7.97386061482595
1577.0,6.0,-6.494226086055637,-9.14245,-6.219818,-5.4536484661344815
1577.0,12.0,-0.36202760864804706,-0.742829,3.404185,0.6785500112731085
1577.0,19.0,-1.7304213001802768,-5.486058,-0.861984,-0.6898436802591212
1577.0,24.0,7.266794416408011,25.605112,11.679912,8.307372036329166
1577.0,25.0,-4.966671193194039,-7.750504,-2.326596,-3.9260935732728837
1577.0,29.0,-5.250269087992174,-4.393854,-2.819633,-4.209691468071018
1577.0,31.0,-11.24255362137484,-21.574741,-11.080931,-10.201976001453685
1578.0,2.0,-5.321516836848761,3.500373,-1.692692,-4.356321812757473
1578.0,5.0,6.496968017168917,10.212373,9.829314,7.4621630412602045
1578.0,6.0,-6.698634936920478,-2.034224,-6.229676,-5.733439912829191
1578.0,12.0,-0.8000829265889228,6.253491,3.40975,0.16511209750236533
1578.0,24.0,7.202015820380471,9.053741,11.654461,8.167210844471759
1578.0,25.0,-5.167218701739167,-0.583531,-2.244485,-4.20202367764788
1578.0,29.0,-5.1576813745527055,-0.851734,-2.703095,-4.192486350461417
1578.0,31.0,-11.265997304120035,-11.062019,-10.947328,-10.300802280028746
1579.0,2.0,-5.210304836064675,2.288517,-1.677107,-4.202407305494668
1579.0,5.0,6.530922390126398,10.271716,9.671814,7.5388199206964055
1579.0,6.0,-6.683523700698305,-6.266337,-6.209484,-5.6756261701282975
1579.0,12.0,-0.5911488330727225,4.870986,3.405338,0.4167486974972848
1579.0,19.0,-2.2167542875781523,28.628093,-1.043583,-1.208856757008145
1579.0,24.0,7.102624440610991,15.609981,11.574439,8.110521971180997
1579.0,25.0,-4.9949779070193,1.307392,-2.139142,-3.987080376449293
1579.0,29.0,-4.905712731726653,-1.496798,-2.559207,-3.8978152011566456
1579.0,31.0,-11.123099340365078,-10.728333,-10.749199,-10.11520180979507
1580.0,2.0,-5.890266180808418,2.826059,-1.817102,-5.29941182962602
1580.0,5.0,5.827355814158055,11.199745,9.369431,6.418210165340453
1580.0,6.0,-7.077450791461444,-5.139931,-6.378026,-6.486596440279046
1580.0,12.0,-1.297123516888444,7.007792,3.306604,-0.7062691657060465
1580.0,24.0,7.361448127665193,12.727126,11.579426,7.9523024788475905
1580.0,25.0,-5.18645626382209,2.921394,-2.041872,-4.595601912639692
1580.0,29.0,-4.594071096451688,3.266732,-2.30202,-4.00321674526929
1580.0,31.0,-10.880581497205402,-14.130064,-10.471269,-10.289727146023004
1581.0,2.0,-6.064733497850484,-1.08532,-1.891499,-5.560524394093562
1581.0,5.0,5.723353006505728,7.119765,9.152239,6.2275621102626495
1581.0,6.0,-7.201133793001973,-7.695246,-6.416705,-6.696924689245051
1581.0,12.0,-1.574250924083886,1.821807,3.209203,-1.0700418203269644
1581.0,19.0,-2.6030006206891674,-14.823885,-1.475903,-2.0987915169322457
1581.0,24.0,7.374806754734748,18.640726,11.485715,7.87901585849167
1581.0,25.0,-5.193570943836394,-4.980365,-2.012314,-4.6893618400794725
1581.0,29.0,-4.531570217150928,-2.936637,-2.193093,-4.027361113394006
1581.0,31.0,-10.741442667720259,-11.156981,-10.278168,-10.237233563963336
1582.0,2.0,-6.300995091009976,-2.876848,-1.973577,-5.876266564017197
1582.0,5.0,5.210731050666564,8.069263,9.024212,5.6354595776593435
1582.0,6.0,-7.385965080967478,-7.147534,-6.497328,-6.9612365539746985
1582.0,12.0,-2.126912169508577,-0.160035,3.142511,-1.7021836425157977
1582.0,19.0,-2.5696181626477985,-1.440415,-1.594537,-2.1448896356550193
1582.0,24.0,7.266589401077204,2.065836,11.483013,7.691317928069983
1582.0,25.0,-5.3961672623885875,-4.474408,-2.004317,-4.971438735395808
1582.0,29.0,-4.576179034101721,-3.478459,-2.115947,-4.151450507108942
1582.0,31.0,-10.625864917063735,-8.285622,-10.182067,-10.201136390070957
1583.0,2.0,-6.252540899070184,-2.326513,-2.108329,-5.611657302128951
1583.0,5.0,5.2019256354717625,8.766266,8.87829,5.842809232412995
1583.0,6.0,-7.331683355225468,-8.614632,-6.59826,-6.690799758284235
1583.0,12.0,-1.9456261190681161,2.169138,3.011627,-1.3047425221268834
1583.0,19.0,-2.6676480222749195,0.170831,-1.697763,-2.0267644253336865
1583.0,24.0,7.2072074021531085,14.972794,11.458945,7.8480909990943415
1583.0,25.0,-5.251571995866536,-2.189028,-2.066821,-4.610688398925303
1583.0,29.0,-4.603286334269915,-3.508255,-2.096984,-3.9624027373286816
1583.0,31.0,-10.617478038253456,-12.084966,-10.115691,-9.976594441312223
1584.0,2.0,-6.288969863843119,-4.468414,-2.092212,-5.679021295902817
1584.0,5.0,5.2415813345009825,6.1706,8.899965,5.851529902441285
1584.0,6.0,-7.37198959765744,-8.572565,-6.592298,-6.762041029717138
1584.0,12.0,-2.0118909557129454,0.484628,3.036165,-1.4019423877726434
1584.0,19.0,-2.596541765037645,1.849758,-1.690474,-1.986593197097343
1584.0,24.0,7.298950554340823,9.67872,11.473575,7.908899122281125
1584.0,25.0,-5.309391812239385,-1.038825,-2.052142,-4.699443244299083
1584.0,29.0,-4.660164348067576,-2.964148,-2.093981,-4.050215780127274
1584.0,31.0,-10.721132848778133,-10.333543,-10.125317,-10.111184280837831
1585.0,2.0,-6.247816727928991,1.122624,-2.124267,-5.683334793077353
1585.0,5.0,5.3386478433860205,7.695289,8.929304,5.903129778237659
1585.0,6.0,-7.351741949367818,-5.540907,-6.632545,-6.787260014516179
1585.0,12.0,-1.855590488310745,4.056345,3.026642,-1.2911085534591065
1585.0,19.0,-2.6704088908203056,-7.820267,-1.695079,-2.105926955968667
1585.0,24.0,7.322746872213701,13.36483,11.51853,7.887228807065339
1585.0,25.0,-5.219243127390027,-4.209552,-2.085209,-4.6547611925383885
1585.0,29.0,-4.547801438826702,1.166697,-2.123104,-3.9833195039750633
1585.0,31.0,-10.651448065971989,-7.679826,-10.178635,-10.08696613112035
1586.0,2.0,-6.262916509607928,-0.966464,-2.131429,-5.716078610362463
1586.0,5.0,5.352288028848254,7.426837,8.955185,5.899125928093719
1586.0,6.0,-7.350612805152369,-6.808048,-6.651355,-6.803774905906904
1586.0,12.0,-1.8452941737149953,-0.457488,3.036769,-1.2984562744695305
1586.0,19.0,-2.6118272116936234,-6.523943,-1.696934,-2.0649893124481586
1586.0,24.0,7.428017738931314,16.50074,11.551562,7.974855638176779
1586.0,25.0,-5.230495676630812,2.900229,-2.091135,-4.683657777385347
1586.0,29.0,-4.521200738953036,-2.037815,-2.132284,-3.974362839707571
1586.0,31.0,-10.634757933568016,-9.096588,-10.208889,-10.08792003432255
1587.0,2.0,-6.26314696168528,-1.012154,-2.152199,-6.110431664499574
1587.0,5.0,5.413381538515874,7.20964,8.906818,5.566096835701579
1587.0,6.0,-7.398973219175095,-13.16989,-6.641778,-7.24625792198939
1587.0,12.0,-1.9158204123508247,1.456855,2.996506,-1.7631051151651191
1587.0,19.0,-2.607637608272012,0.694312,-1.690863,-2.4549223110863063
1587.0,24.0,7.504627440791435,17.923686,11.501789,7.657342737977141
1587.0,25.0,-5.130712946714137,-2.09097,-2.111407,-4.977997649528431
1587.0,29.0,-4.379957999019887,-1.685289,-2.145157,-4.227242701834182
1587.0,31.0,-10.292850712774287,-15.629045,-10.178369,-10.140135415588581
1588.0,2.0,-8.062541266463901,2.452985,-2.239654,-5.1327987110930575
1588.0,5.0,1.9323774151260888,14.405991,8.703979,4.8621199704969325
1588.0,6.0,-9.23037163964235,-8.512655,-6.620428,-6.300629084271506
1588.0,12.0,-3.7556488186989094,8.943226,2.832098,-0.8259062633280658
1588.0,19.0,-3.893458433381416,-4.126175,-1.698083,-0.9637158780105723
1588.0,24.0,6.358488271615641,15.477119,11.316556,9.288230826986485
1588.0,25.0,-6.9906811699804665,-2.353565,-2.184192,-4.060938614609623
1588.0,29.0,-6.6486846705420835,1.383181,-2.1694,-3.71894211517124
1589.0,2.0,-6.296120237327843,-1.234019,-2.214919,-6.134071690693482
1589.0,5.0,5.402690314240044,5.058576,8.56755,5.564738860874407
1589.0,6.0,-7.418413241234362,-7.185464,-6.562298,-7.2563646946
1589.0,12.0,-1.9162563100753518,1.207145,2.812192,-1.75420776344099
1589.0,19.0,-2.635422217552132,1.646844,-1.728753,-2.4733736709177703
1589.0,24.0,7.557876560235353,8.965682,11.197667,7.719925106869715
1589.0,25.0,-5.191363714322736,2.465954,-2.116553,-5.029315167688374
1589.0,29.0,-4.38896039692189,-1.102485,-2.085513,-4.226911850287529
1589.0,31.0,-10.208448210710015,-11.523979,-9.877803,-10.046399664075654
1590.0,2.0,-6.219104484190608,-0.348817,-2.146594,-5.966838752206341
1590.0,5.0,5.406277449551564,7.270525,8.497198,5.658543181535832
1590.0,6.0,-7.3376857155283846,-0.129202,-6.490586,-7.085419983544117
1590.0,12.0,-2.003297542313386,0.829311,2.852819,-1.7510318103291191
1590.0,19.0,-2.2793283338109847,-2.794526,-1.742014,-2.0270626018267177
1590.0,24.0,7.429564217636066,3.241333,11.12214,7.681829949620333
1590.0,25.0,-5.319579880520824,-2.03213,-2.017693,-5.067314148536557
1590.0,29.0,-4.337556953788608,-1.506771,-1.995379,-4.085291221804342
1590.0,31.0,-10.751905396900526,-8.894855,-9.746661,-10.499639664916259
1591.0,2.0,-4.0691366306593055,20.995841,-1.801368,-2.254904336768221
1591.0,5.0,5.596254258759292,12.827376,8.648878,7.410486552650377
1591.0,6.0,-6.476323004627922,37.205362,-6.226097,-4.6620907107368375
1591.0,12.0,-0.0842747393217459,5.948859,3.173285,1.7299575545693386
1591.0,19.0,-2.2519542322766615,-9.478718,-1.616486,-0.43772193838557705
1591.0,24.0,6.625351472751567,12.664699,11.086762,8.439583766642652
1591.0,25.0,-2.177651965868817,22.819062,-1.721742,-0.3634196719777325
1591.0,29.0,-2.5745682444313243,2.041507,-1.850515,-0.7603359505402398
1591.0,31.0,-10.819901497268917,-5.88102,-9.650537,-9.005669203377833
1592.0,2.0,-5.5324893757437925,-3.253801,-1.472624,-5.667814699864291
1592.0,5.0,6.896327604945047,8.648775,8.856025,6.761002280824549
1592.0,6.0,-7.034000307155494,-9.415877,-6.003587,-7.169325631275992
1592.0,12.0,-1.3220613447755163,-0.014079,3.508329,-1.457386668896015
1592.0,29.0,-5.657812675225723,-2.987751,-1.724182,-5.7931379993462215
1592.0,31.0,-11.407149296735156,-10.388279,-9.620924,-11.542474620855655
1593.0,2.0,-6.475002105029072,-0.63744,-1.321795,-6.475561262398925
1593.0,5.0,5.2845504094844395,6.419378,8.848723,5.2839912521145855
1593.0,6.0,-7.495700242321518,-4.27441,-5.854923,-7.496259399691372
1593.0,12.0,-2.1082918255537813,5.225104,3.616076,-2.108850982923635
1593.0,19.0,-2.4888586200084974,3.06585,-1.443171,-2.489417777378351
1593.0,24.0,8.026862465317242,8.718832,11.027908,8.026303307947389
1593.0,25.0,-5.420541353790717,-2.021281,-1.306776,-5.421100511160571
1593.0,29.0,-4.258293947281417,-0.307835,-1.64518,-4.258853104651271
1593.0,31.0,-10.409862169638544,-5.454457,-9.505054,-10.410421327008397
1594.0,2.0,-6.1952895903352845,0.31321,-1.242894,-6.37235207067536
1594.0,5.0,5.716938922142949,11.764874,8.887438,5.539876441802874
1594.0,6.0,-7.326725183986876,-8.535802,-5.756022,-7.503787664326952
1594.0,12.0,-1.6433685544877825,4.808644,3.660827,-1.8204310348278578
1594.0,19.0,-2.6421696042779708,-0.362505,-1.351727,-2.8192320846180463
1594.0,24.0,7.969691082641913,13.415598,10.966513,7.792628602301837
1594.0,25.0,-4.950990378278854,0.506807,-1.282991,-5.128052858618929
1594.0,29.0,-4.056495370535306,-2.007448,-1.675871,-4.233557850875382
1594.0,31.0,-10.198265782131905,-10.314386,-9.504582,-10.37532826247198
1595.0,2.0,-6.093103366384189,-3.516131,-1.083069,-6.019972679464505
1595.0,5.0,5.868328313672946,6.654814,9.043892,5.94145900059263
1595.0,6.0,-7.241379875913067,-11.591693,-5.680697,-7.168249188993383
1595.0,12.0,-1.4153707399305748,-1.350007,3.857199,-1.342240053010891
1595.0,19.0,-2.501919272277954,-0.775836,-1.306267,-2.4287885853582702
1595.0,24.0,7.9797600259120065,15.19784,11.053972,8.05289071283169
1595.0,25.0,-4.937945736119228,-4.167736,-1.143021,-4.864815049199544
1595.0,29.0,-4.071068364087668,-3.950186,-1.614325,-3.997937677167984
1595.0,31.0,-10.343595247453534,-10.446364,-9.541829,-10.27046456053385
1596.0,2.0,-5.920590577896682,1.267388,-0.837796,-5.573011079493494
1596.0,5.0,6.076238234697275,7.960839,9.317147,6.423817733100464
1596.0,6.0,-7.086713543388138,-5.718389,-5.613167,-6.739134044984949
1596.0,12.0,-1.022156585273601,3.763299,4.199163,-0.6745770868704128
1596.0,19.0,-2.3522121334906414,-2.179644,-1.288243,-2.0046326350874533
1596.0,24.0,7.981123387878031,13.60238,11.270748,8.328702886281219
1596.0,25.0,-4.916018134316752,-3.240194,-0.895053,-4.568438635913564
1596.0,29.0,-4.316593437825785,-0.509287,-1.475118,-3.9690139394225965
1596.0,31.0,-10.340920732919644,-11.237241,-9.617451,-9.993341234516455
1597.0,2.0,-5.7126559528583245,1.365866,-1.386648,-5.144453874257033
1597.0,5.0,5.946385099498138,11.004543,8.955446,6.514587178099429
1597.0,6.0,-6.5333355359103855,0.917611,-5.784734,-5.965133457309094
1597.0,12.0,-0.9374688484546551,4.70674,3.484458,-0.36926676985336393
1597.0,19.0,-2.3467138953925275,1.577311,-1.184607,-1.7785118167912364
1597.0,24.0,8.007544558573384,9.355076,10.921127,8.575746637174674
1597.0,25.0,-4.890483321900981,-2.771012,-1.568106,-4.32228124329969
1597.0,29.0,-4.313214791216613,-1.903197,-1.98431,-3.7450127126153223
1597.0,31.0,-10.021408463536726,-16.592084,-9.73638,-9.453206384935434
1598.0,2.0,-5.983225313228167,8.169552,-2.081093,-3.0015471530253075
1598.0,5.0,4.1264693860957955,14.229724,8.859086,7.108147546298655
1598.0,6.0,-8.091343548451968,-20.798735,-6.068252,-5.109665388249109
1598.0,12.0,-1.5151708028075985,5.355988,2.668474,1.466507357395261
1598.0,19.0,-3.3160910830739483,-1.817926,-0.907533,-0.3344129228710888
1598.0,24.0,6.0800028769416015,17.746873,10.724408,9.06168103714446
1598.0,25.0,-6.034254431524257,-2.766577,-2.561595,-3.0525762713213975
1598.0,29.0,-6.369537750769228,-2.453478,-2.856142,-3.387859590566369
1599.0,2.0,-4.479001612170198,-8.741201,-2.39647,-3.754196732879106
1599.0,5.0,6.774869150851289,8.220947,8.873233,7.499674030142381
1599.0,6.0,-6.335501083517214,-7.178113,-6.30648,-5.610696204226122
1599.0,12.0,0.512216239474962,-1.573909,2.394053,1.2370211187660538
1599.0,19.0,-1.939026895672689,-1.181374,-0.909388,-1.214222016381597
1599.0,24.0,7.683216412702275,8.740553,10.817829,8.408021291993366
1599.0,25.0,-3.0466295748790047,0.623796,-2.922496,-2.321824695587913
1599.0,29.0,-3.476149282717289,-6.323043,-3.13471,-2.751344403426197
1599.0,31.0,-10.07581959376001,-10.689945,-10.562995,-9.351014714468917
1600.0,2.0,-7.554119745484219,-5.298775,-2.544845,-5.014711015018538
1600.0,5.0,3.441418896151984,10.972464,8.931924,5.980827626617666
1600.0,6.0,-8.185985381054687,-10.386498,-6.583411,-5.6465766505890045
1600.0,12.0,-4.159031540717598,2.553536,2.405429,-1.6196228102519163
1600.0,19.0,-2.7375261049956796,0.122122,-1.127134,-0.19811737452999756
1600.0,24.0,6.20972141192416,-1.533809,11.121871,8.749130142389841
1600.0,25.0,-7.4624451463754715,-3.222058,-2.93588,-4.92303641590979
1600.0,29.0,-7.4562785758018295,-2.747406,-3.056618,-4.916869845336148
1600.0,31.0,-12.639256646500174,-16.899713,-10.679021,-10.099847916034491
1601.0,2.0,-6.912844920090316,-0.222156,-2.488864,-3.1988131887877578
1601.0,5.0,3.0042636204111295,9.042855,9.011291,6.718295351713687
1601.0,6.0,-7.863771877951286,1.701359,-6.373314,-4.149740146648728
1601.0,12.0,-3.5407233208025497,4.224134,2.329837,0.17330841050000823
1601.0,19.0,-3.085173490094027,-1.313794,-0.811009,0.6288582412085311
1601.0,25.0,-8.263879492616997,-1.601889,-3.107401,-4.549847761314439
1601.0,29.0,-8.682279834522864,-2.13864,-3.344368,-4.968248103220306
1601.0,31.0,-12.449087916445198,-9.505368,-10.804138,-8.73505618514264
1602.0,2.0,-6.621317071611292,-2.069581,-2.531021,-4.2079933163221845
1602.0,5.0,4.652840119552974,7.391748,9.09232,7.066163874842082
1602.0,6.0,-7.453887885875296,-7.675122,-6.366613,-5.040564130586188
1602.0,12.0,-2.6455275543491217,-0.042964,2.272489,-0.23220379906001387
1602.0,19.0,-2.4075469164244225,-1.473214,-0.696389,0.005776838864685274
1602.0,24.0,5.645982400139489,17.068936,10.88957,8.059306155428597
1602.0,25.0,-6.879541051025012,-3.371771,-3.244326,-4.4662172957359045
1602.0,29.0,-7.231767015571452,-4.091271,-3.514622,-4.818443260282344
1602.0,31.0,-12.359737354767356,-10.596851,-10.952596,-9.946413599478248
1603.0,2.0,-6.397211423865051,1.420436,-2.733481,-3.730712436160754
1603.0,5.0,4.524963197097256,11.773491,9.097938,7.191462184801553
1603.0,6.0,-7.3342883227067555,-5.042503,-6.526966,-4.667789335002459
1603.0,12.0,-2.2990476835130496,0.969777,2.103399,0.3674513041912473
1603.0,19.0,-2.439146775849675,-2.339259,-0.710712,0.22735221185462162
1603.0,24.0,5.478394908726026,11.162005,10.959674,8.144893896430322
1603.0,25.0,-6.801637695866232,-4.188173,-3.464632,-4.135138708161935
1603.0,29.0,-7.270197031429176,-3.980645,-3.679013,-4.603698043724879
1603.0,31.0,-12.323784151328557,-16.238442,-11.119848,-9.657285163624259
1604.0,2.0,-7.43388212107831,3.475007,-2.812126,-2.8368728710019857
1604.0,5.0,2.360912927907333,12.012795,9.178776,6.957922177983657
1604.0,6.0,-8.353476064710916,-13.767221,-6.589532,-3.7564668146345923
1604.0,12.0,-3.480662539989332,8.521724,2.047745,1.116346710086992
1604.0,19.0,-2.8979030110717243,0.838302,-0.661717,1.6991062390045997
1604.0,24.0,4.67431382463712,14.920176,11.020849,9.271323074713443
1604.0,25.0,-8.401933062455916,2.871001,-3.595333,-3.8049238123795917
1604.0,29.0,-9.38318595375558,2.244305,-3.814817,-4.786176703679256
1605.0,2.0,-6.276710560059263,2.687007,-2.801466,-3.8759803950452523
1605.0,5.0,4.976898660504035,8.904301,9.315245,7.377628825518046
1605.0,6.0,-7.169283225283853,-5.800674,-6.501716,-4.768553060269841
1605.0,12.0,-2.50079305971434,3.536494,2.009238,-0.10006289470032881
1605.0,19.0,-2.163505596754332,5.34175,-0.44338,0.2372245682596792
1605.0,24.0,5.9445824796362245,18.230128,10.961024,8.345312644650235
1605.0,25.0,-6.797521296381772,-3.347076,-3.75249,-4.3967911313677615
1605.0,29.0,-7.593601130156144,-4.32864,-4.055772,-5.1928709651421325
1605.0,31.0,-12.243990339883897,-13.719457,-11.469896,-9.843260174869886
1606.0,2.0,-7.095434635762392,0.327328,-2.74637,-4.984096503746759
1606.0,5.0,4.89337528012701,14.136199,9.484206,7.004713412142643
1606.0,6.0,-7.776001315776866,-6.067463,-6.33471,-5.664663183761233
1606.0,12.0,-3.3613666565191336,6.606614,1.976186,-1.2500285245035005
1606.0,24.0,6.306417564327009,2.831391,10.83673,8.417755696342642
1606.0,25.0,-7.290198711022913,1.467224,-3.930635,-5.17886057900728
1606.0,29.0,-7.823573570774866,1.020814,-4.360251,-5.712235438759233
1606.0,31.0,-12.032294136058471,-16.323363,-11.684491,-9.92095600404284
1607.0,2.0,-6.842001406203342,-5.045884,-2.60545,-2.7629806104780714
1607.0,5.0,2.490346272359398,7.982104,9.708074,6.569367068084668
1607.0,6.0,-7.766602850515063,-10.128655,-6.020782,-3.687582054789792
1607.0,12.0,-2.9874436655551166,-2.224194,1.957714,1.0915771301701538
1607.0,24.0,4.655376716084819,13.993869,10.593275,8.73439751181009
1607.0,25.0,-7.640820284040349,-7.604083,-4.137849,-3.5617994883150788
1607.0,29.0,-8.8124559068718,-7.402543,-4.770806,-4.73343511114653
1608.0,2.0,-6.432212808210799,-6.478499,-2.465144,-2.524071312207513
1608.0,5.0,3.0460388933794835,10.315044,9.880519,6.9541803893827705
1608.0,6.0,-7.43885122017893,-8.962335,-5.692591,-3.5307097241756433
1608.0,12.0,-2.805862235020623,-3.316284,1.921579,1.1022792609826637
1608.0,24.0,4.737768140963804,5.536942,10.307462,8.64590963696709
1608.0,25.0,-7.7742995823550585,-9.397215,-4.33179,-3.866158086351772
1608.0,29.0,-9.253624560540738,-7.73924,-5.157699,-5.345483064537451
1609.0,2.0,-5.252638825591128,0.960871,-2.290422,-3.6324879079217514
1609.0,5.0,5.514734486011439,11.112464,10.063767,7.134885403680816
1609.0,6.0,-6.504908643910054,-1.238709,-5.430965,-4.884757726240677
1609.0,12.0,-1.7156323611216786,5.544093,1.99202,-0.09548144345230192
1609.0,24.0,5.922129103598668,5.100834,10.149984,7.542280021268045
1609.0,25.0,-6.114826543163697,-4.776633,-4.38876,-4.49467562549432
1609.0,29.0,-6.845236202678396,-6.029685,-5.381107,-5.225085285009019
1609.0,31.0,-12.030470093897202,-1.894907,-12.26306,-10.410319176227826
1610.0,2.0,-6.3065462731923985,-0.96565,-2.144072,-6.041697368612531
1610.0,5.0,5.470031525568823,6.29297,10.248184,5.73488043014869
1610.0,6.0,-6.988901527934861,-12.598563,-5.456235,-6.724052623354994
1610.0,12.0,-3.4292492078265306,-3.551498,2.253191,-3.164400303246663
1610.0,24.0,6.6860949476063185,26.639784,10.383223,6.950943852186186
1610.0,25.0,-6.629870302935051,-10.64452,-4.177874,-6.365021398355183
1610.0,29.0,-6.161226295133837,-3.694173,-5.215404,-5.896377390553969
1610.0,31.0,-12.359877338579578,-12.334927,-12.303932,-12.09502843399971
1611.0,2.0,-6.55732314746061,2.8277,-0.885654,-0.20246500999318684
1611.0,5.0,-0.74027421970938,7.990174,10.814722,5.614583917758043
1611.0,6.0,-6.642756702686285,-17.248595,-5.065225,-0.28789856521886126
1611.0,12.0,-6.047756924942,3.091403,3.877882,0.30710121252542333
1611.0,25.0,-9.96923127060626,-5.894386,-2.463747,-3.6143731331388365
1611.0,29.0,-10.054912918294908,-2.609984,-3.801794,-3.700054780827485
1611.0,31.0,-13.76368962219044,-11.426974,-11.707598,-7.4088314847230174
1612.0,2.0,-2.936257974105664,-8.50222,1.454711,-1.4135124486493131
1612.0,5.0,8.717433573513487,-2.810543,11.10333,10.240179098969838
1612.0,6.0,-5.301984153108003,-7.772077,-3.498034,-3.779238627651652
1612.0,12.0,0.5436684965007864,-1.019039,6.136762,2.0664140219571374
1612.0,19.0,-0.528242560809984,12.596604,0.639594,0.9945029646463669
1612.0,24.0,7.11522090866007,7.038736,10.835304,8.637966434116422
1612.0,25.0,-5.052622334795429,-11.664899,0.227102,-3.529876809339078
1612.0,29.0,-6.646817810373034,-9.335077,-1.780959,-5.124072284916683
1612.0,31.0,-12.211119617576143,-17.973634,-10.060652,-10.688374092119792
1613.0,2.0,-3.151764234884778,-2.438175,1.229295,-1.5487164685219814
1613.0,5.0,7.780010029653806,2.53253,11.148025,9.383057796016603
1613.0,6.0,-4.92707098997774,-5.374586,-3.317677,-3.324023223614944
1613.0,12.0,-0.6260551475203214,6.065594,5.660404,0.976992618842475
1613.0,19.0,-0.4020236643481755,13.721686,1.201605,1.201024102014621
1613.0,24.0,5.882814861387269,14.033114,10.412201,7.485862627750065
1613.0,25.0,-5.667887185949199,2.678707,-0.447525,-4.064839419586402
1613.0,29.0,-7.59175372889793,0.158867,-2.558767,-5.988705962535134
1613.0,31.0,-11.775996347726634,-11.273081,-10.455983,-10.172948581363837
1614.0,2.0,-3.912602696650609,5.194155,-0.23537,-1.9766040084744838
1614.0,5.0,6.855676007077671,10.021556,10.940444,8.791674695253796
1614.0,6.0,-5.341658180796074,15.276783,-3.967094,-3.405659492619949
1614.0,12.0,-0.6160639667585964,7.588225,3.979929,1.3199347214175288
1614.0,19.0,-0.3197949781809576,8.166155,1.705242,1.6162037099951676
1614.0,24.0,5.986211972517076,0.787092,10.076954,7.922210660693201
1614.0,25.0,-5.7960718731007,-2.527807,-2.486622,-3.8600731849245746
1614.0,29.0,-7.550078380468535,-2.179406,-4.316124,-5.61407969229241
1614.0,31.0,-12.101292072485728,-10.568703,-11.604599,-10.165293384309603
1615.0,2.0,-3.9590800511199298,4.160626,-0.050284,-2.2371282963849985
1615.0,5.0,7.01728206152938,12.808616,11.075062,8.73923381626431
1615.0,6.0,-5.427897559430124,-6.20584,-3.826733,-3.705945804695193
1615.0,12.0,-0.72304328593214,3.965497,4.159239,0.9989084688027913
1615.0,19.0,-0.03824797612548736,-2.142852,1.807276,1.683703778609444
1615.0,24.0,6.299215169710843,13.537321,10.081548,8.021166924445774
1615.0,25.0,-5.967034416950212,-1.878418,-2.356644,-4.245082662215281
1615.0,29.0,-7.8849485037550275,-5.772428,-4.284455,-6.162996749020096
1615.0,31.0,-12.360187879609141,-8.502274,-11.615599,-10.63823612487421
1616.0,2.0,-4.339624363060271,4.689898,-0.060081,-2.683108366634605
1616.0,5.0,6.489958693179756,14.494272,10.981993,8.146474689605423
1616.0,6.0,-5.56860041495478,-3.677454,-3.78206,-3.9120844185291137
1616.0,12.0,-0.9368900829482475,9.439219,4.101831,0.7196259134774187
1616.0,19.0,-0.31941938495787003,-7.615684,1.824037,1.3370966114677962
1616.0,24.0,6.236337506788205,15.791845,9.971509,7.892853503213871
1616.0,25.0,-5.9489680899304,-1.576398,-2.368738,-4.292452093504734
1616.0,29.0,-7.572922087897399,-1.341642,-4.288761,-5.916406091471733
1616.0,31.0,-11.737859520620868,-10.497603,-11.535097,-10.081343524195201
1617.0,2.0,-4.107380190832341,-3.88325,-0.323648,-2.4919229120698208
1617.0,5.0,7.05671607960441,10.281964,10.671147,8.67217335836693
1617.0,6.0,-5.380109448678331,-6.362565,-3.882832,-3.7646521699158106
1617.0,12.0,-0.7068656328886834,1.050304,3.761086,0.9085916458738369
1617.0,19.0,0.0817421381577147,-1.409424,1.751993,1.6971994169202351
1617.0,24.0,6.535648382160112,7.434921,9.775162,8.151105660922632
1617.0,25.0,-5.888035368787313,-5.63399,-2.58919,-4.272578090024792
1617.0,29.0,-7.828409232939536,-3.861352,-4.379646,-6.212951954177015
1617.0,31.0,-12.134146270942557,-16.338838,-11.420615,-10.518688992180037
1618.0,2.0,-4.487271396874211,2.081763,-0.438172,-3.224361499326653
1618.0,5.0,6.3155855009173125,9.790409,10.441409,7.57849539846487
1618.0,6.0,-5.582217412443801,-1.135268,-3.884805,-4.319307514896243
1618.0,12.0,-1.336779792698776,6.261721,3.571,-0.07386989515121822
1618.0,24.0,6.301120388398221,8.122216,9.590822,7.564030285945779
1618.0,25.0,-5.992601995645228,-2.273143,-2.674737,-4.72969209809767
1618.0,29.0,-7.481309612544799,-4.069661,-4.397699,-6.218399714997242
1618.0,31.0,-11.747032394023396,-5.984658,-11.276096,-10.484122496475837
1619.0,2.0,-4.442718559895119,0.994672,-0.472911,-2.9506004054053125
1619.0,5.0,6.443638350635847,8.34419,10.246942,7.935756505125653
1619.0,6.0,-5.66900684659949,-4.493497,-3.84829,-4.176888692109683
1619.0,12.0,-0.9878426777883461,-0.323946,3.472399,0.5042754767014602
1619.0,24.0,6.500628780521516,10.845586,9.430181,7.992746935011322
1619.0,25.0,-5.957726566900926,-5.514068,-2.666918,-4.46560841241112
1619.0,29.0,-7.477086801094614,-7.578168,-4.346811,-5.984968646604807
1619.0,31.0,-12.11431856586995,-11.760659,-11.099119,-10.622200411380145
1620.0,2.0,-4.364967631315081,0.043573,-0.430667,-3.024226847972573
1620.0,5.0,6.77329317297718,11.038818,10.079647,8.114033956319687
1620.0,6.0,-5.621111723029526,-4.793347,-3.833674,-4.2803709396870175
1620.0,12.0,-0.8956213525964732,8.625015,3.50941,0.44511943074603477
1620.0,19.0,0.007656310066315508,15.433769,1.543489,1.3483970934088236
1620.0,24.0,6.617785101403123,18.310893,9.374383,7.958525884745631
1620.0,25.0,-5.922474899519858,1.430212,-2.497946,-4.5817341161773495
1620.0,29.0,-7.554568453557375,-2.096073,-4.130992,-6.213827670214867
1620.0,31.0,-11.99676265417127,-7.383233,-10.85555,-10.656021870828763
1621.0,2.0,-4.933255821900425,-0.402429,-0.377845,-3.8915617227870776
1621.0,5.0,6.888748241645699,7.7305,9.866596,7.930442340759046
1621.0,6.0,-5.967604793001301,-6.383351,-3.890705,-4.925910693887953
1621.0,12.0,-1.3642042110964487,-1.462661,3.615795,-0.3225101119831013
1621.0,19.0,-0.3870435442912471,14.517395,1.250719,0.6546505548221003
1621.0,24.0,7.007411604458177,9.658985,9.410949,8.049105703571524
1621.0,25.0,-6.013007052055483,-6.451643,-2.199564,-4.971312952942135
1621.0,29.0,-7.440907529904188,-6.734415,-3.740042,-6.399213430790841
1621.0,31.0,-12.129792697683012,-17.176579,-10.511924,-11.088098598569665
1622.0,2.0,-4.9917040958873455,1.600253,-0.223951,-3.612010390489681
1622.0,5.0,6.901844514980813,10.241388,9.767605,8.281538220378478
1622.0,6.0,-6.069643336814626,-6.888727,-3.822345,-4.689949631416962
1622.0,12.0,-1.2267314183362608,3.982176,3.782799,0.15296228706140358
1622.0,19.0,-0.6266992501149212,0.613623,1.115775,0.7529944552827431
1622.0,24.0,7.08005612196448,10.624628,9.396035,8.459749827362145
1622.0,25.0,-6.057778289405367,0.877501,-1.910958,-4.678084584007703
1622.0,29.0,-7.426602158559617,-2.009268,-3.444814,-6.046908453161953
1622.0,31.0,-12.255282556647218,-9.34776,-10.245329,-10.875588851249553
1623.0,2.0,-4.745616081568563,-1.040148,-0.251525,-3.479511325150079
1623.0,5.0,7.171790751723149,7.884057,9.48896,8.437895508141633
1623.0,6.0,-5.983587249699906,-1.778986,-3.90168,-4.717482493281422
1623.0,12.0,-0.8129917519798903,6.195698,3.780249,0.4531130044385935
1623.0,19.0,-0.635364655906881,-4.310416,0.833657,0.6307401005116028
1623.0,24.0,7.154165652199335,11.187079,9.372327,8.420270408617819
1623.0,25.0,-5.843075590201352,2.539662,-1.70768,-4.576970833782868
1623.0,29.0,-7.129708321891474,1.741928,-3.121492,-5.8636035654729906
1623.0,31.0,-12.081566747161501,-7.654083,-9.905768,-10.815461990743017
1624.0,2.0,-4.785242473445829,3.080327,-0.379097,-3.606969542466387
1624.0,5.0,7.171190494068418,6.992053,9.0983,8.349463425047862
1624.0,6.0,-6.085994440474351,-2.920135,-3.949481,-4.907721509494908
1624.0,12.0,-0.7547459012625347,4.819283,3.590875,0.4235270297169079
1624.0,19.0,-0.7148166036395668,11.293583,0.634999,0.46345632733987585
1624.0,24.0,7.151668711271536,11.495583,9.17601,8.32994164225098
1624.0,25.0,-5.823202599388794,-2.46144,-1.671947,-4.644929668409351
1624.0,29.0,-6.9754884139107025,-1.970069,-2.946953,-5.79721548293126
1624.0,31.0,-11.991104043239533,-9.886683,-9.562113,-10.81283111226009
1625.0,2.0,-4.931807668300881,-0.220182,-0.465719,-3.837597899948209
1625.0,5.0,7.132682987381734,10.121463,8.806403,8.226892755734406
1625.0,6.0,-6.220552738074708,-7.199727,-3.953615,-5.126342969722035
1625.0,12.0,-0.8201005333829886,0.487455,3.437211,0.27410923496968376
1625.0,19.0,-0.9016443407866489,15.24041,0.525565,0.19256542756602346
1625.0,24.0,7.317812276742393,-4.71389,8.991099,8.412022045095066
1625.0,25.0,-5.809916298585855,-4.315275,-1.6634,-4.715706530233183
1625.0,29.0,-6.76080092834135,-3.938901,-2.848265,-5.666591159988678
1625.0,31.0,-11.973999040831966,-8.504422,-9.309618,-10.879789272479293
1626.0,2.0,-4.553775596664045,-7.92398,-0.497021,-3.358926559424564
1626.0,5.0,7.5354299634902535,4.82369,8.657134,8.730279000729734
1626.0,6.0,-6.0520096211907495,-9.571979,-3.993689,-4.857160583951268
1626.0,12.0,-0.4128725628485609,-4.08334,3.410202,0.7819764743909204
1626.0,19.0,-0.7844010767082806,17.281955,0.397147,0.4104479605312007
1626.0,24.0,7.405326701855042,9.064123,8.961898,8.600175739094524
1626.0,25.0,-5.5934089344354865,-9.426837,-1.589145,-4.398559897196005
1626.0,29.0,-6.681098184308478,-6.264136,-2.712365,-5.486249147068997
1626.0,31.0,-12.173967249527168,-15.449004,-9.14777,-10.979118212287688
1627.0,2.0,-4.327636287226867,-0.465794,-0.501619,-2.985369683173886
1627.0,5.0,7.647590486023437,11.36187,8.523356,8.989857090076418
1627.0,6.0,-5.951333300038872,-9.568128,-4.021093,-4.609066695985891
1627.0,12.0,-0.2316159350042436,1.316482,3.414337,1.1106506690487379
1627.0,19.0,-0.7583110115431603,13.567921,0.268858,0.5839555925098211
1627.0,24.0,7.261770059204396,5.351732,8.942364,8.604036663257379
1627.0,25.0,-5.560230261877522,-1.204767,-1.485563,-4.217963657824541
1627.0,29.0,-6.670742787884373,-5.523342,-2.556404,-5.328476183831391
1627.0,31.0,-12.287127416880608,-8.901967,-8.979294,-10.944860812827628
1628.0,2.0,-4.428734826100469,2.067465,-0.558362,-3.0201513930853894
1628.0,5.0,7.523698165208321,9.289293,8.363384,8.932281598223401
1628.0,6.0,-6.0755303581324585,0.894959,-4.084542,-4.6669469251173785
1628.0,12.0,-0.28409719910019426,2.870169,3.367159,1.1244862339148858
1628.0,19.0,-0.9554921371234714,-1.30648,0.125668,0.45309129589160857
1628.0,24.0,7.2099707177969306,9.835007,8.921797,8.61855415081201
1628.0,25.0,-5.5084412265927005,-1.274091,-1.42891,-4.099857793577621
1628.0,29.0,-6.409975744573793,-2.939915,-2.425703,-5.001392311558713
1628.0,31.0,-12.21780553972995,-9.873694,-8.823376,-10.80922210671487
1629.0,2.0,-4.658098695071717,-0.885252,-0.58175,-3.2454388083317514
1629.0,5.0,7.293549924607597,7.643505,8.228652,8.706209811347563
1629.0,6.0,-6.2757173500754915,-3.91904,-4.109054,-4.863057463335526
1629.0,12.0,-0.4909440875050005,2.122836,3.340664,0.9217157992349655
1629.0,19.0,-1.1610948923881912,2.043017,0.022237,0.2515649943517748
1629.0,24.0,7.233180873668613,8.441826,8.882572,8.645840760408579
1629.0,25.0,-5.617311894229565,-2.94611,-1.365372,-4.204652007489599
1629.0,29.0,-6.447834102195711,-3.602258,-2.311402,-5.035174215455745
1629.0,31.0,-12.080754674742144,-10.865924,-8.676885,-10.668094788002177
1630.0,2.0,-5.367663363463206,-2.568562,-0.656927,-3.9670147885743607
1630.0,5.0,7.192748074840011,3.0048,8.080497,8.593396649728856
1630.0,6.0,-6.78622279222549,-4.379842,-4.235377,-5.385574217336645
1630.0,12.0,-1.0276647874671356,2.839353,3.318383,0.37298378742170923
1630.0,19.0,-1.5519028898140652,8.740936,-0.188743,-0.15125431492522035
1630.0,24.0,7.400805748895694,-5.73311,8.942459,8.801454323784538
1630.0,25.0,-5.800843902518907,-3.645872,-1.280886,-4.400195327630062
1630.0,29.0,-6.423940178327391,-2.430038,-2.130761,-5.023291603438546
1630.0,31.0,-12.086729889495924,-12.181785,-8.527654,-10.68608131460708
1631.0,2.0,-5.8001548504355425,-2.906322,-1.005764,-4.536348475814512
1631.0,5.0,6.78839971368651,8.962402,7.80347,8.05220608830754
1631.0,6.0,-7.113285559302768,-7.222748,-4.529886,-5.849479184681737
1631.0,12.0,-1.3141581970838878,1.765033,3.010902,-0.050351822462856966
1631.0,19.0,-1.874108706714539,-5.181092,-0.439542,-0.6103023320935081
1631.0,24.0,7.359349715005728,22.692284,8.970846,8.62315608962676
1631.0,25.0,-5.895034208428008,-1.302639,-1.471559,-4.631227833806977
1631.0,29.0,-6.162506894161844,-1.898349,-2.123461,-4.898700519540813
1631.0,31.0,-11.836583041476109,-9.646989,-8.464618,-10.572776666855077
1632.0,2.0,-5.400669297603808,-9.055009,-1.126754,-3.957034145424422
1632.0,5.0,6.992406050379213,1.472784,7.632438,8.436041202558599
1632.0,6.0,-6.867434439576536,-7.701397,-4.640951,-5.42379928739715
1632.0,12.0,-0.9651731403145184,-0.784472,2.905315,0.4784620118648676
1632.0,19.0,-1.705345335660291,-3.979245,-0.59136,-0.261710183480905
1632.0,24.0,7.185445459519494,23.50337,8.962621,8.62908061169888
1632.0,25.0,-5.690096508492061,-6.977527,-1.481775,-4.246461356312675
1632.0,29.0,-6.214949933286834,-5.068529,-2.038445,-4.771314781107448
1632.0,31.0,-11.978479981502637,-11.46891,-8.348258,-10.534844829323252
1633.0,2.0,-5.292625372247444,-4.528907,-0.990253,-3.665878212105577
1633.0,5.0,6.809719570199094,7.61641,7.603103,8.43646673034096
1633.0,6.0,-6.818645359319708,-4.630388,-4.60749,-5.1918981991778415
1633.0,12.0,-0.8337218001228069,0.406258,3.081359,0.7930253600190599
1633.0,19.0,-1.6434177271955104,-4.693928,-0.712734,-0.01667056705364356
1633.0,24.0,7.0505272254018285,10.995029,9.012155,8.677274385543695
1633.0,25.0,-5.820914564770242,-6.159971,-1.229596,-4.1941674046283755
1633.0,29.0,-6.377431602607131,-4.547551,-1.787631,-4.750684442465264
1633.0,31.0,-12.213744477425434,-11.224688,-8.168903,-10.586997317283569
1634.0,2.0,-5.414774424658783,1.658042,-0.945167,-3.7993360867504653
1634.0,5.0,6.557016516561078,8.487679,7.529253,8.172454854469397
1634.0,6.0,-6.8836745399911505,-2.805774,-4.615437,-5.268236202082832
1634.0,12.0,-0.8504271913229725,4.290263,3.149897,0.7650111465853454
1634.0,19.0,-1.6574498357185385,0.241812,-0.825732,-0.04201149781022062
1634.0,24.0,7.035116850766084,12.426841,9.029304,8.650555188674401
1634.0,25.0,-5.890538400633575,2.839706,-1.085273,-4.275100062725256
1634.0,29.0,-6.373278105096517,-0.127267,-1.616419,-4.7578397671882
1634.0,31.0,-12.099740700921176,-8.325838,-8.023366,-10.484302363012858
1635.0,2.0,-5.6143100322397945,0.411966,-1.013261,-3.91319871531867
1635.0,5.0,6.251534104612791,10.250133,7.513914,7.952645421533916
1635.0,6.0,-7.088998966739415,-4.690918,-4.719229,-5.387887649818291
1635.0,12.0,-0.9053209576170912,3.988483,3.133766,0.7957903593040333
1635.0,19.0,-1.922611224205788,3.178863,-0.918283,-0.2214999072846635
1635.0,24.0,6.833787081547833,10.412765,9.118152,8.534898398468957
1635.0,25.0,-5.749521880925877,-0.332467,-1.091103,-4.048410564004753
1635.0,29.0,-6.050173894872908,-4.876926,-1.578449,-4.349062577951784
1635.0,31.0,-11.87823802853015,-8.972764,-8.035821,-10.177126711609025
1636.0,2.0,-5.731322965806536,-4.487099,-1.071823,-4.14295951752397
1636.0,5.0,6.300124206027314,6.761888,7.568778,7.888487654309879
1636.0,6.0,-7.1457181331984545,-7.144627,-4.825016,-5.5573546849158895
1636.0,12.0,-0.9527656834961685,0.757448,3.140972,0.635597764786397
1636.0,19.0,-1.9378810060326792,2.280153,-0.976062,-0.3495175577501137
1636.0,24.0,6.9350416987342385,1.748242,9.246958,8.523405147016804
1636.0,25.0,-5.76975596604576,-3.14515,-1.117302,-4.181392517763195
1636.0,29.0,-5.972857386912115,-3.020354,-1.582463,-4.38449393862955
1636.0,31.0,-11.95703266917526,-6.279188,-8.120639,-10.368669220892695
1637.0,2.0,-6.28837876424577,2.18681,-1.200267,-4.812855547665757
1637.0,5.0,5.74597418214364,5.841507,7.517999,7.221497398723653
1637.0,6.0,-7.382807239099191,-4.461845,-5.005971,-5.907284022519178
1637.0,12.0,-1.3971459679740876,3.782396,3.094056,0.07837724860592488
1637.0,19.0,-2.1541866140359387,0.72011,-1.143771,-0.6786633974559262
1637.0,24.0,7.0662051731858115,10.848841,9.383562,8.541728389765824
1637.0,25.0,-5.854414310861598,-1.438006,-1.134006,-4.3788910942815855
1637.0,29.0,-5.780539738008005,-0.506554,-1.51383,-4.3050165214279925
1637.0,31.0,-11.742867599151007,-9.360594,-8.125185,-10.267344382570993
1638.0,2.0,-6.863522305808142,1.81758,-1.249396,-5.651809399859486
1638.0,5.0,5.390015769492966,9.634627,7.483035,6.601728675441622
1638.0,6.0,-7.7772792478085515,-11.005695,-5.084953,-6.5655663418598955
1638.0,12.0,-2.1647859379626224,5.155989,3.084032,-0.9530730320139664
1638.0,19.0,-2.2664736624153496,1.633945,-1.233053,-1.0547607564666936
1638.0,24.0,7.270903662833164,10.165207,9.443751,8.48261656878182
1638.0,25.0,-6.336641184821176,-0.791455,-1.118747,-5.12492827887252
1638.0,29.0,-5.832573075479012,-0.980935,-1.458222,-4.620860169530356
1638.0,31.0,-11.86510107194659,-6.261689,-8.103353,-10.653388165997935
1639.0,2.0,-7.636528617197777,1.271914,-1.234662,-6.378054642136936
1639.0,5.0,4.294627648557291,6.623046,7.317401,5.553101623618131
1639.0,6.0,-8.418163187751768,-2.563157,-5.041268,-7.159689212690927
1639.0,12.0,-3.4945635048496255,6.452835,3.055247,-2.236089529788785
1639.0,24.0,7.621511576053774,-5.434137,9.323918,8.879985551114615
1639.0,25.0,-6.986970268445956,-0.619479,-1.039104,-5.728496293385115
1639.0,29.0,-5.730880144732679,-0.20344,-1.344856,-4.472406169671839
1639.0,31.0,-12.184019285077268,-3.021008,-7.906603,-10.925545310016428
1640.0,2.0,-7.623164322571111,-0.219287,-1.251482,-6.245118707166738
1640.0,5.0,3.915817395082157,7.070934,7.079807,5.29386301048653
1640.0,6.0,-8.324754675691151,-5.735211,-4.913285,-6.9467090602867785
1640.0,12.0,-3.442193902470777,3.630485,2.902658,-2.064148287066404
1640.0,24.0,7.408768545074194,10.502497,9.027756,8.786814160478567
1640.0,25.0,-6.4809210419182595,-2.436252,-1.075616,-5.1028754265138865
1640.0,29.0,-5.228041403613254,-0.071722,-1.360945,-3.849995788208881
1640.0,31.0,-11.815725942386104,-7.944764,-7.699247,-10.43768032698173
1641.0,2.0,-7.686138704194172,-2.354422,-1.353505,-6.361193004497531
1641.0,5.0,4.033949450190298,2.976398,6.856929,5.358895149886939
1641.0,6.0,-8.38830981459467,-6.526934,-4.885541,-7.06336411489803
1641.0,12.0,-3.4996892522964043,0.73256,2.706209,-2.1747435525997636
1641.0,24.0,7.401002549609283,18.76654,8.813759,8.725948249305922
1641.0,25.0,-6.703792583000269,-5.430045,-1.175888,-5.378846883303629
1641.0,29.0,-5.548818122639447,1.830391,-1.4067,-4.223872422942806
1641.0,31.0,-12.076010326126145,-10.054513,-7.562728,-10.751064626429503
1642.0,2.0,-7.535890165925831,2.006943,-1.346531,-6.297646820860934
1642.0,5.0,4.083389868474422,6.856894,6.758772,5.321633213539318
1642.0,6.0,-8.265358242817465,-2.631799,-4.863664,-7.027114897752568
1642.0,12.0,-3.2015849439069575,7.364602,2.690605,-1.963341598842061
1642.0,24.0,7.4141982903915435,9.561081,8.747341,8.65244163545644
1642.0,25.0,-6.329425120457858,2.456275,-1.126954,-5.091181775392962
1642.0,29.0,-5.1704889818759385,0.885274,-1.336907,-3.932245636811042
1642.0,31.0,-11.735468651628896,-2.624208,-7.446147,-10.497225306564
1643.0,2.0,-7.63095856080565,-7.340852,-1.240001,-6.327054610393521
1643.0,5.0,4.018588152827863,3.293507,6.771738,5.322492103239991
1643.0,6.0,-8.395134265120907,-12.436142,-4.767134,-7.0912303147087785
1643.0,12.0,-3.515131667300219,-1.807397,2.774495,-2.2112277168880903
1643.0,24.0,7.425880498063457,17.813433,8.699735,8.729784448475586
1643.0,25.0,-6.441356923784277,-8.022766,-1.031189,-5.137452973372149
1643.0,29.0,-5.052821908077319,-6.087747,-1.28383,-3.7489179576651903
1643.0,31.0,-11.970622237770204,-7.08086,-7.381473,-10.666718287358076
1644.0,2.0,-7.924745788491678,-3.572978,-0.998383,-6.967965568558607
1644.0,5.0,3.5881941353463214,3.477775,6.79602,4.544974355279392
1644.0,6.0,-8.615616638589852,-7.960619,-4.667507,-7.658836418656781
1644.0,12.0,-3.9650638783372836,1.575075,3.058742,-3.0082836584042125
1644.0,24.0,7.252671239923804,4.783259,8.759657,8.209451459856876
1644.0,25.0,-6.829121803395727,-0.301588,-0.67743,-5.872341583462656
1644.0,29.0,-5.200390253550179,0.434507,-0.97223,-4.243610033617108
1644.0,31.0,-12.000601856705947,-0.988281,-7.173759,-11.043821636772876
1645.0,2.0,-7.629119879887484,-0.29462,-1.151743,-4.990790278468818
1645.0,5.0,-0.058317806869601196,6.419449,6.551849,2.580011794549064
1645.0,6.0,-8.935987916504887,-7.891711,-4.913522,-6.297658315086222
1645.0,12.0,-5.035909559076694,5.653306,3.007035,-2.3975799576580283
1645.0,19.0,-3.7065089782216587,3.871763,-1.717371,-1.0681793768029935
1645.0,24.0,7.602155382027001,28.615015,8.888297,10.240484983445667
1645.0,25.0,-6.672118075129142,1.039371,-0.555165,-4.0337884737104766
1645.0,29.0,-4.5555061230980725,4.168685,-0.675261,-1.9171765216794072
1645.0,31.0,-10.516789178242869,-5.316874,-6.94444,-7.878459576824204
1646.0,2.0,-7.8541545090240765,-0.430818,-2.064624,-5.296988238805486
1646.0,5.0,0.40897021812748224,7.021536,6.109924,2.9661364883460726
1646.0,6.0,-9.044386592939674,-4.09305,-5.631804,-6.487220322721083
1646.0,12.0,-4.807823145918638,1.543491,2.186442,-2.250656875700048
1646.0,19.0,-3.965304677465073,-0.884055,-2.098156,-1.4081384072464829
1646.0,24.0,7.49050430417777,26.669872,9.008046,10.04767057439636
1646.0,25.0,-6.756138679460983,-1.047161,-1.285709,-4.198972409242392
1646.0,29.0,-4.061691909579362,0.331649,-0.999033,-1.5045256393607715
1646.0,31.0,-10.850712510706607,-10.238495,-7.146612,-8.293546240488016
1647.0,2.0,-7.106214983664166,-4.881476,-2.564915,-4.679084283202551
1647.0,5.0,1.4014728706201556,6.329903,6.222891,3.8286035710817705
1647.0,6.0,-8.31749780100232,-7.981804,-5.975884,-5.890367100540705
1647.0,12.0,-4.290079197633049,1.234729,1.735794,-1.862948497171434
1647.0,19.0,-3.2908079379754476,-0.820064,-1.984105,-0.8636772375138326
1647.0,25.0,-7.005419082213218,-3.515209,-1.951531,-4.578288381751603
1647.0,29.0,-5.457078120740393,-4.88134,-1.579864,-3.029947420278778
1647.0,31.0,-10.991756401445025,-6.13135,-7.707767,-8.56462570098341
1648.0,2.0,-7.0095624663728,-5.506933,-2.511492,-4.608384767729989
1648.0,5.0,1.7592406032156074,3.221749,6.424551,4.160418301858418
1648.0,6.0,-8.10707433029018,-7.690002,-5.887628,-5.705896631647369
1648.0,12.0,-4.1343269763260375,-0.507571,1.767697,-1.7331492776832267
1648.0,19.0,-3.048772392530971,24.12986,-1.767887,-0.64759469388816
1648.0,25.0,-6.995617454579425,-2.865202,-2.063238,-4.594439755936614
1648.0,29.0,-5.575675125813421,-4.674111,-1.794679,-3.1744974271706106
1648.0,31.0,-10.9917540693776,-10.869505,-7.928588,-8.59057637073479
1649.0,2.0,-7.830512324777952,-0.732862,-2.578844,-5.545256671904459
1649.0,5.0,2.050693649835848,6.660897,6.457565,4.3359493027093405
1649.0,6.0,-8.96103853762082,-8.898884,-5.96179,-6.675782884747327
1649.0,12.0,-4.353217121140431,3.931863,1.734022,-2.0679614682669385
1649.0,19.0,-3.024234081752477,56.053042,-1.782031,-0.7389784288789847
1649.0,24.0,8.43851723613731,-20.568651,9.222675,10.723772889010803
1649.0,25.0,-7.123495463597632,-2.394005,-2.129893,-4.83823981072414
1649.0,29.0,-5.2478188227748515,2.43305,-1.846107,-2.962563169901359
1649.0,31.0,-11.736067890681069,-9.638151,-8.012305,-9.450812237807575
1650.0,2.0,-8.18289817034629,5.147272,-2.553671,-5.632338288280882
1650.0,5.0,1.827722438717605,8.733385,6.449069,4.378282320783013
1650.0,6.0,-9.106682881104303,-4.709374,-5.927237,-6.556122999038895
1650.0,12.0,-4.841576655821879,5.824302,1.744951,-2.2910167737564713
1650.0,24.0,7.968634435132694,35.876521,9.190531,10.519194317198103
1650.0,25.0,-7.235554218453525,-0.523321,-2.112333,-4.684994336388117
1650.0,29.0,-5.186222314773499,-3.022158,-1.841595,-2.6356624327080906
1650.0,31.0,-12.040547537035101,-5.045595,-7.988336,-9.489987654969692
1651.0,2.0,-7.2617839041709695,-1.257665,-2.424106,-4.298097366337986
1651.0,5.0,1.520620042918937,6.352932,6.436606,4.484306580751921
1651.0,6.0,-8.398411536741579,-8.277859,-5.797351,-5.434724998908594
1651.0,12.0,-4.523469318130695,4.054999,1.833154,-1.5597827802977107
1651.0,25.0,-7.194965943498502,-2.575145,-1.993904,-4.231279405665518
1651.0,29.0,-5.713171358371387,-1.224059,-1.770599,-2.749484820538403
1651.0,31.0,-11.698678622015974,-4.372895,-7.881666,-8.73499208418299
1652.0,2.0,-8.038373227662623,2.836032,-2.448227,-5.641994259322365
1652.0,5.0,1.5572178401999173,9.534715,6.346986,3.953596808540176
1652.0,6.0,-9.175202535975398,-7.033023,-5.770702,-6.77882356763514
1652.0,12.0,-4.700206645785054,6.782766,1.768052,-2.303827677444796
1652.0,24.0,8.197150383694659,4.302916,9.008622,10.593529352034917
1652.0,25.0,-7.084274676756516,1.924502,-2.017432,-4.687895708416258
1652.0,29.0,-4.860151920704787,-0.850378,-1.779239,-2.4637729523645286
1652.0,31.0,-11.676609405712272,-4.369261,-7.814195,-9.280230437372014
1653.0,2.0,-7.87539203584996,-5.29665,-2.480073,-6.558657588062477
1653.0,5.0,3.080612987950416,5.144421,6.288459,4.397347435737899
1653.0,6.0,-8.745955120223483,-8.75949,-5.75432,-7.429220672436
1653.0,12.0,-4.093740535098514,3.32911,1.703197,-2.7770060873110314
1653.0,24.0,7.8871393468177216,22.586533,8.936271,9.203873794605204
1653.0,25.0,-6.577999105070103,-6.13675,-2.062963,-5.26126465728262
1653.0,29.0,-4.788950108287874,-3.064843,-1.816048,-3.4722156605003907
1653.0,31.0,-11.660020903704515,-5.63203,-7.788443,-10.343286455917031
1654.0,2.0,-7.591016466372204,-0.768032,-2.488896,-5.707921051606432
1654.0,5.0,2.400684616368995,5.428076,6.231976,4.283780031134766
1654.0,6.0,-8.749147236165287,-4.811071,-5.735972,-6.866051821399516
1654.0,12.0,-3.938831354054793,3.575851,1.671288,-2.0557359392890215
1654.0,19.0,-3.073228142148587,23.455398,-1.68746,-1.1901327273828155
1654.0,24.0,8.751797519940052,-10.879889,8.880157,10.634892934705823
1654.0,25.0,-6.541167539534569,-1.180255,-2.066233,-4.658072124768797
1654.0,29.0,-4.618087042264343,-2.621606,-1.811126,-2.7349916274985717
1654.0,31.0,-11.193133642126076,-3.86306,-7.739061,-9.310038227360305
1655.0,2.0,-7.853346419611582,-4.289061,-2.413772,-5.647037051044332
1655.0,5.0,2.3604682093553064,3.164818,6.212794,4.566777577922556
1655.0,6.0,-9.006571759113696,-9.571307,-5.651901,-6.800262390546445
1655.0,12.0,-4.101425974467575,-2.993276,1.71485,-1.8951166059003248
1655.0,24.0,8.191614147981523,-5.369635,8.811955,10.397923516548774
1655.0,25.0,-6.829153610011544,-6.695615,-1.999793,-4.6228442414442945
1655.0,29.0,-5.1768943981792965,-1.177351,-1.772773,-2.9705850296120464
1655.0,31.0,-11.613172906069297,-7.582819,-7.666755,-9.406863537502046
1656.0,2.0,-7.723675132067446,-7.369541,-2.397027,-5.9436874525379935
1656.0,5.0,2.1712942106588127,2.734347,6.068701,3.9512818901882656
1656.0,6.0,-8.949470864780068,-10.311896,-5.560821,-7.1694831852506145
1656.0,12.0,-3.92923510799388,-0.098209,1.651732,-2.149247428464427
1656.0,19.0,-3.142868716319035,6.608802,-1.633074,-1.3628810367895823
1656.0,24.0,8.640337455710261,14.04822,8.634837,10.420325135239715
1656.0,25.0,-6.862316850139018,-7.008025,-1.983812,-5.082329170609565
1656.0,29.0,-5.066005102572556,-3.441495,-1.749141,-3.2860174230431034
1656.0,31.0,-11.09845369736687,-2.023144,-7.515964,-9.318466017837416
1657.0,2.0,-7.6741598867922685,-0.813699,-2.152145,-6.213386986750786
1657.0,5.0,3.0569476179657897,5.42206,5.799835,4.517720518007272
1657.0,6.0,-8.730528280969535,-6.291271,-5.18635,-7.269755380928053
1657.0,12.0,-3.673350986735511,1.994687,1.682737,-2.2125780866940286
1657.0,19.0,-2.914217873402547,-0.729818,-1.519309,-1.4534449733610644
1657.0,24.0,8.113372684527471,13.222671,8.179137,9.574145584568953
1657.0,25.0,-6.713590154868691,-2.667414,-1.764947,-5.2528172548272085
1657.0,29.0,-5.101432305506492,3.485342,-1.590664,-3.6406594054650094
1657.0,31.0,-11.5307047824936,-9.136661,-7.079698,-10.069931882452117
1658.0,2.0,-7.636268368892085,-2.210241,-1.915873,-6.3560363563334885
1658.0,5.0,3.6759640346475924,6.759847,5.428303,4.9561960472061894
1658.0,6.0,-8.528265923485097,-2.103664,-4.783601,-7.248033910926501
1658.0,12.0,-3.5417799753070813,2.286078,1.666061,-2.2615479627484847
1658.0,19.0,-2.6067071002779754,-1.553457,-1.423741,-1.3264750877193787
1658.0,24.0,7.825717504299669,15.399996,7.632586,9.105949516858265
1658.0,25.0,-6.705324774058418,0.333287,-1.535252,-5.425092761499822
1658.0,29.0,-5.121400007475002,-1.279569,-1.39953,-3.8411679949164057
1658.0,31.0,-11.766158317802928,-9.190619,-6.543216,-10.48592630524433
1659.0,2.0,-7.46163599440531,0.185439,-1.675908,-5.616780212089876
1659.0,5.0,2.856068004309681,5.632158,4.883403,4.700923786625116
1659.0,6.0,-8.686449632519185,-4.793132,-4.226474,-6.8415938502037505
1659.0,12.0,-3.6200259161714685,3.100526,1.508676,-1.775170133856034
1659.0,19.0,-3.178756067188357,7.411872,-1.215543,-1.3339002848729224
1659.0,24.0,8.304165996559401,31.254592,6.794541,10.149021778874836
1659.0,25.0,-6.321980363138347,-0.66554,-1.372935,-4.477124580822912
1659.0,29.0,-4.548699750281142,1.826309,-1.282753,-2.7038439679657076
1659.0,31.0,-11.185269126217994,-8.991603,-5.866184,-9.34041334390256
1660.0,2.0,-7.93099342803377,-1.223566,-1.705679,-6.167131263726869
1660.0,5.0,2.444003060916507,2.804207,3.979478,4.207865225223408
1660.0,6.0,-9.05219190892432,-4.905542,-3.954597,-7.2883297446174184
1660.0,12.0,-4.416487840052848,4.422075,1.142623,-2.6526256757459468
1660.0,19.0,-3.3630266940367965,13.317005,-1.390815,-1.5991645297298955
1660.0,24.0,7.647933717993346,18.975245,6.000165,9.411795882300247
1660.0,25.0,-6.485926058800964,-0.706164,-1.209571,-4.722063894494063
1660.0,29.0,-4.411126659203508,4.221725,-0.938428,-2.647264494896607
1660.0,31.0,-11.568143228975869,-4.651187,-4.940285,-9.804281064668967
1661.0,2.0,-8.322150728622306,1.07009,-1.741306,-5.709592880959145
1661.0,5.0,0.7632452070090227,5.564782,2.987336,3.3758030546721836
1661.0,6.0,-9.421238605966307,-4.671307,-3.756561,-6.808680758303146
1661.0,12.0,-4.9633974906608715,4.721727,0.818151,-2.3508396429977108
1661.0,19.0,-3.9195062603552087,33.42303,-1.734415,-1.3069484126920479
1661.0,24.0,7.516941620331392,5.175132,5.269272,10.129499467994552
1661.0,25.0,-6.143114680980292,4.899344,-0.921855,-3.5305568333171315
1661.0,29.0,-4.054631891161866,10.403408,-0.409764,-1.442074043498705
1661.0,31.0,-11.402920520378094,-6.359971,-3.880368,-8.790362672714934
1662.0,2.0,-8.76081603158535,0.422664,-1.843064,-5.088290915816092
1662.0,5.0,-1.3653418727894264,4.099206,2.171556,2.307183242979831
1662.0,6.0,-9.9148757420708,-1.141313,-3.713639,-6.242350626301542
1662.0,12.0,-5.477971527332692,3.505407,0.54155,-1.8054464115634348
1662.0,24.0,6.307198341488012,-7.855564,4.782787,9.979723457257268
1662.0,25.0,-5.554303327279599,-4.954716,-0.692278,-1.8817782115103414
1662.0,29.0,-3.9539221449457873,0.968242,0.065055,-0.28139702917652976
1662.0,31.0,-11.363078647403785,-1.002221,-3.03773,-7.690553531634528
1663.0,2.0,-8.690179362150175,1.285116,-1.948375,-3.3628572664437195
1663.0,5.0,-2.745206110265533,4.45717,1.30746,2.5821159854409226
1663.0,6.0,-10.191338935886414,-3.967407,-3.738987,-4.864016840179958
1663.0,12.0,-4.923362060346078,2.243489,0.309962,0.4039600353603774
1663.0,19.0,-6.221505309164653,8.431098,-2.639264,-0.8941832134581968
1663.0,24.0,4.288535493083715,3.864735,4.3705,9.61585758879017
1663.0,25.0,-5.115292840500799,3.629704,-0.363492,0.21202925520565685
1663.0,29.0,-3.496994135285359,-6.621554,0.683573,1.830327960421097
1663.0,31.0,-11.314476454785407,-0.64932,-2.10891,-5.987154359078951
1664.0,2.0,-9.215866371562347,7.309,-2.31157,-2.869979292428183
1664.0,5.0,-5.514112862003083,2.462458,0.000855,0.8317742171310814
1664.0,6.0,-11.228944457165998,-4.567955,-3.781578,-4.883057378031833
1664.0,12.0,-7.5675027086332,3.243656,-0.342014,-1.221615629499036
1664.0,19.0,-8.677536787409709,6.785252,-3.201913,-2.3316497082755445
1664.0,24.0,1.746870824370184,-26.208012,3.592744,8.09275790350435
1664.0,25.0,-6.969370829796789,3.895393,-0.26788,-0.6234837506626247
1664.0,29.0,-4.30908130324129,1.919335,1.211723,2.0368057758928746
1664.0,31.0,-11.190520505936428,1.594047,-0.942958,-4.844633426802264
1665.0,2.0,-9.573332271060544,-2.803845,-2.701464,-1.8068123918144972
1665.0,5.0,-7.686179751309617,3.404288,-1.291747,0.08034012793642908
1665.0,6.0,-12.420703898580905,-3.324788,-3.851104,-4.654184019334859
1665.0,12.0,-7.82653904394837,3.861046,-1.01061,-0.06001916470232338
1665.0,19.0,-10.267965843200653,-7.390384,-3.766277,-2.5014459639546063
1665.0,24.0,-1.3837988734497824,5.717022,2.838432,6.382721005796264
1665.0,25.0,-7.6508302989653645,4.064445,-0.20324,0.11568958028068188
1665.0,29.0,-4.843721050063862,-0.262925,1.714823,2.9227988291821845
1665.0,31.0,-9.827191850934174,-1.477413,0.187242,-2.0606719716881274
1666.0,2.0,-11.30688274622384,2.600368,-3.116335,-5.8795732625997275
1666.0,5.0,-8.799127615048453,1.029265,-2.872903,-3.371818131424341
1666.0,6.0,-13.785576601087257,-2.526584,-3.715693,-8.358267117463145
1666.0,12.0,-10.892536851518836,3.976985,-1.917745,-5.465227367894723
1666.0,19.0,-12.107652985943458,-10.144833,-4.188141,-6.680343502319346
1666.0,24.0,-0.5663487483417075,10.513292,1.649186,4.860960735282405
1666.0,25.0,-5.477205349632999,1.498036,-0.253893,-0.04989586600888618
1666.0,29.0,-2.8164062196695205,0.058734,2.112006,2.610903263954592
1666.0,31.0,-7.231489591709884,1.831951,1.538676,-1.8041801080857711
1667.0,2.0,-11.574466527865704,5.067761,-3.128067,-6.17738397676497
1667.0,5.0,-8.117428413273762,-0.060828,-4.09789,-2.720345862173028
1667.0,6.0,-11.789578164147994,-1.664597,-3.236672,-6.392495613047259
1667.0,12.0,-8.799504683918258,4.670585,-2.466587,-3.4024221328175237
1667.0,24.0,-2.8472151206784932,0.867007,0.435799,2.549867430422241
1667.0,25.0,-3.7740943835076983,0.261359,-0.106243,1.6229881675930358
1667.0,29.0,-3.181169085629511,2.741917,2.464128,2.215913465471223
1667.0,31.0,-5.14812105356564,6.845317,2.774253,0.24896149753509444
1668.0,2.0,-14.668255598454344,-0.899268,-3.15651,-8.309294771457987
1668.0,5.0,-11.185697892693689,-4.27003,-4.750828,-4.826737065697332
1668.0,6.0,-15.063873715157039,0.924122,-2.701985,-8.704912888160681
1668.0,12.0,-12.569712111328089,-3.677662,-3.022264,-6.210751284331732
1668.0,19.0,-12.367751102037339,27.745964,-3.889846,-6.008790275040981
1668.0,24.0,-4.947412737398907,-4.65213,-0.627394,1.4115480895974502
1668.0,25.0,-8.573366078165114,-1.733874,-0.392272,-2.214405251168756
1668.0,29.0,-5.253737202492711,-2.534431,2.17048,1.1052236245036466
1668.0,31.0,-5.484217866522978,2.872801,3.274421,0.8747429604733794
1669.0,2.0,-12.817962686072455,-4.325952,-2.975514,-3.4864931375791475
1669.0,5.0,-11.126924704146047,-9.518237,-4.861847,-1.7954551556527392
1669.0,6.0,-14.162196617569242,-9.35577,-1.862869,-4.830727069075934
1669.0,12.0,-9.120352060576748,-6.101427,-3.455114,0.21111748791656026
1669.0,24.0,-6.72044189506827,3.272478,-1.731378,2.6110276534250376
1669.0,25.0,-7.3165204458037545,-5.822862,-0.929276,2.0149491026895534
1669.0,29.0,-4.033109668543476,-3.858357,1.329401,5.298359879949832
1669.0,31.0,-4.14220433346715,2.501239,3.224684,5.189265215026158
1670.0,2.0,-7.538156918476473,-3.919753,-2.299852,-1.0523815659464226
1670.0,5.0,-8.501100386422046,-7.626304,-4.716637,-2.015325033891995
1670.0,6.0,-5.1036102035369195,-15.968454,-1.434866,1.3821651489931313
1670.0,12.0,-9.024707925181037,-9.19109,-2.783609,-2.538932572650986
1670.0,24.0,-9.425823732791264,9.790632,-1.752612,-2.9400483802612127
1670.0,25.0,-8.20362519850893,-7.743505,-0.161603,-1.71784984597888
1670.0,29.0,-8.355799254565566,-5.567257,1.899377,-1.8700239020355154
1670.0,31.0,-5.696823420126825,5.093994,3.645085,0.7889519324032257
1671.0,2.0,-5.571464816163036,-4.167866,-0.920795,0.5060633537924675
1671.0,5.0,-10.154575525823295,-5.507667,-4.077366,-4.077047355867792
1671.0,6.0,-4.405237554764274,0.373617,-0.489186,1.672290615191229
1671.0,12.0,-6.731657010651683,-3.696124,-1.433198,-0.6541288406961803
1671.0,24.0,-11.230950932186028,-8.883608,-1.754127,-5.153422762230525
1671.0,25.0,-3.7255872420112857,-2.083702,1.122145,2.3519409279442174
1671.0,29.0,-2.7445165987207183,0.223827,2.636092,3.3330115712347848
1671.0,31.0,1.65754938790597,16.46005,4.056598,7.735077557861473
1672.0,2.0,-6.980455510225997,-5.224456,0.184525,0.8048389344512508
1672.0,5.0,-11.238846813265772,-3.03741,-3.244023,-3.4535523685885243
1672.0,6.0,-4.9275475982967425,1.712525,0.493459,2.857746846380505
1672.0,12.0,-9.580356830025604,-2.01782,-0.499534,-1.7950623853483565
1672.0,24.0,-12.241567253178212,1.09529,-1.940279,-4.456272808500965
1672.0,25.0,-7.473097753390081,-3.827166,1.705051,0.3121966912871663
1672.0,29.0,-8.026872961371936,-3.280366,2.581491,-0.24157851669468844
1672.0,31.0,-4.027015144507543,2.616468,3.893496,3.758279300169704
1673.0,2.0,-4.424250615865081,-1.202611,0.624303,5.802942710870751
1673.0,5.0,-12.324412778336974,-7.214235,-3.158587,-2.0972194516011413
1673.0,6.0,-1.127325150207283,2.909925,2.69562,9.099868176528549
1673.0,12.0,-7.919305556325738,-3.660288,-1.646872,2.307887770410095
1673.0,19.0,-6.987902252240068,2.268382,1.240262,3.239291074495765
1673.0,24.0,-17.08188394838028,-7.911146,-4.705148,-6.854690621644448
1673.0,25.0,-7.014441993432912,-0.452259,0.00346,3.212751333302921
1673.0,29.0,-9.436732409887453,-0.794833,-0.042107,0.7904609168483798
1673.0,31.0,-1.2825815154885625,13.219561,3.26577,8.94461181124727
1674.0,2.0,-3.7460526734055835,1.862115,1.153024,6.4528653459943355
1674.0,5.0,-11.914196281015961,-3.215708,-2.854209,-1.7152782616160422
1674.0,6.0,-1.02758587406512,-0.231977,3.268592,9.171332145334798
1674.0,12.0,-7.2313152271861645,-0.497627,-1.296615,2.9676027922137544
1674.0,19.0,-7.028700438025167,1.389438,1.734617,3.170217581374752
1674.0,24.0,-16.612903369409285,-10.951792,-4.981524,-6.413985350009366
1674.0,25.0,-6.002650311832434,2.565271,0.218811,4.196267707567485
1674.0,29.0,-8.780074544052406,0.365266,-0.142198,1.4188434753475132
1674.0,31.0,-0.5763308958376127,23.753297,3.252137,9.622587123562306
1675.0,2.0,-4.241447261870417,0.38435,1.34021,4.6664510799652605
1675.0,5.0,-11.146205772337675,-6.494933,-3.04993,-2.2383074305019974
1675.0,6.0,-2.1546421884868856,4.837192,3.466836,6.753256153348792
1675.0,12.0,-7.085016382052863,-5.488757,-1.204364,1.8228819597828148
1675.0,19.0,-8.451325956484173,10.983516,1.691032,0.4565723853515049
1675.0,24.0,-15.255888246840408,-4.536749,-5.202283,-6.347989905004731
1675.0,25.0,-5.036222600742836,-0.49011,0.477631,3.871675741092841
1675.0,29.0,-7.054554742658291,-3.882943,0.108247,1.8533435991773866
1675.0,31.0,0.8164714895945354,2.017607,3.615068,9.724369831430213
1676.0,2.0,-5.758706282992941,-6.284936,0.961988,0.656574754003465
1676.0,5.0,-9.679045831415673,-13.139882,-3.937309,-3.2637647944192665
1676.0,6.0,-2.981121572468034,0.078656,3.313791,3.434159464528372
1676.0,12.0,-7.50919841385559,-9.160171,-1.745135,-1.093917376859184
1676.0,24.0,-11.615075737522892,-13.238139,-5.656718,-5.1997947005264855
1676.0,25.0,-5.420622275675756,-3.692317,0.419571,0.9946587613206503
1676.0,29.0,-5.9105766025618935,-5.054402,0.3936,0.5047044344345126
1676.0,31.0,0.4888796629051936,121.381548,4.309192,6.9041606999016
1677.0,2.0,-4.424003526078986,-6.005837,0.858167,1.5373174796461226
1677.0,5.0,-10.622096760177902,-13.025382,-3.967414,-4.660775754452794
1677.0,6.0,-2.2794866233709623,-4.861363,3.144705,3.681834382354146
1677.0,12.0,-7.257163386894091,-12.168563,-1.76558,-1.295842381168983
1677.0,24.0,-11.975516106183575,-8.368989,-5.509463,-6.014195100458466
1677.0,25.0,-3.7452027216148425,-7.661588,0.423423,2.216118284110266
1677.0,29.0,-4.3128432148313545,-6.409354,0.474493,1.6484777908937538
1677.0,31.0,1.6960901770260568,87.480002,4.302564,7.657411182751165
1678.0,2.0,-4.933168890060589,8.385661,0.82407,0.7737925864030979
1678.0,5.0,-10.772757314347446,0.129349,-3.523234,-5.065795837883759
1678.0,6.0,-1.9545147190462693,-3.918113,3.001261,3.7524467574174176
1678.0,12.0,-8.619716120133107,4.684312,-1.648637,-2.9127546436694205
1678.0,24.0,-11.96151442138547,19.949903,-5.142393,-6.254552944921783
1678.0,25.0,-4.8900253245698275,4.871293,0.258768,0.8169361518938594
1678.0,29.0,-5.811084937011938,3.196713,0.221635,-0.1041234605482515
1678.0,31.0,0.3079364521015736,23.630488,3.794625,6.014897928565261
1679.0,2.0,-3.5854000941111916,13.481713,0.807934,6.384533483490548
1679.0,5.0,-10.053855732416359,0.230995,-2.837893,-0.08392215481461918
1679.0,6.0,0.05460639478433904,2.813844,2.957899,10.024539972386078
1679.0,12.0,-7.077798320217261,5.954236,-1.559349,2.8921352573844787
1679.0,19.0,-5.015506620919752,2.640395,1.656395,4.954426956681988
1679.0,24.0,-16.698399006430524,-1.214744,-4.801185,-6.728465428828784
1679.0,25.0,-7.739273142972693,5.73596,-0.126158,2.230660434629047
1679.0,29.0,-10.451433665764482,2.720571,-0.372393,-0.4815000881627416
1679.0,31.0,-2.8316516559675433,16.615527,2.96954,7.138281921634197
1680.0,2.0,-2.4400575618879827,0.717716,0.175432,4.265372548266945
1680.0,5.0,-4.592412617285827,-2.011985,-1.993723,2.1130174928691003
1680.0,6.0,-0.4459522220398623,2.755847,2.322894,6.2594778881150654
1680.0,12.0,-3.678727289741447,-1.322341,-1.882541,3.0267028204134805
1680.0,19.0,-0.15739198309971514,6.401309,1.983366,6.548038127055213
1680.0,24.0,-9.060775420409206,-5.592344,-4.026933,-2.355345310254278
1680.0,25.0,-5.364232181252871,0.790704,-1.151536,1.3411979289020568
1680.0,29.0,-8.716517749162895,-5.815689,-1.440773,-2.0110876390079673
1680.0,31.0,-4.835371755136602,46.118943,1.503943,1.870058355018326
1681.0,2.0,-0.8377285484402118,-5.25613,-0.644753,1.8133947612386727
1681.0,5.0,-1.931897067275722,-5.357341,-1.87325,0.7192262424031624
1681.0,6.0,1.4140883636808148,0.244518,1.678242,4.065211673359699
1681.0,12.0,-2.1935174381901925,-6.317187,-2.560473,0.4576058714886919
1681.0,19.0,2.576770023953018,17.591311,2.004105,5.2278933336319025
1681.0,24.0,-6.213298475926201,-7.648552,-3.692777,-3.5621751662473162
1681.0,25.0,-3.93926613418766,-5.059201,-2.115483,-1.2881428245087756
1681.0,29.0,-5.479404934104541,-6.542213,-2.211369,-2.8282816244256566
1681.0,31.0,-2.0890394834639343,2.406211,0.692569,0.5620838262149501
1682.0,2.0,-2.1856213721935704,-5.680507,-0.857315,1.6689915565367128
1682.0,5.0,-2.0839641340272843,-0.818401,-1.624675,1.770648794702999
1682.0,6.0,0.0395351087541308,-7.55051,1.560047,3.894148037484414
1682.0,12.0,-3.7113913112451167,-11.860825,-2.75164,0.1432216174851666
1682.0,24.0,-5.840385019001228,-5.965567,-3.582661,-1.9857720902709444
1682.0,25.0,-3.644704154252053,-8.986049,-2.549263,0.20990877447823042
1682.0,29.0,-6.624636441009799,-14.257043,-2.687071,-2.770023512279516
1682.0,31.0,-5.91211945443086,2.173103,0.196248,-2.0575065257005765
1683.0,2.0,-1.1242177238603706,-2.553007,-1.033829,2.1528997906549536
1683.0,5.0,-0.8832667008279574,-6.749545,-1.550518,2.393850813687367
1683.0,6.0,0.8151537072994327,-1.464218,1.46549,4.092271221814757
1683.0,12.0,-2.6804677063303535,-4.169962,-2.92864,0.5966498081849707
1683.0,19.0,2.777918445804607,29.400559,2.342027,6.055035960319931
1683.0,24.0,-4.783036998341616,-0.879205,-3.55254,-1.5059194838262915
1683.0,25.0,-3.452374474051412,-4.854884,-2.836284,-0.175256959536088
1683.0,29.0,-6.7772620655574976,-6.734136,-2.966383,-3.5001445510421734
1683.0,31.0,-5.894990089124868,-4.711837,-0.058383,-2.617872574609544
1684.0,2.0,-0.6535021715360579,-3.292473,-0.996906,2.3041329950633287
1684.0,5.0,-0.6234874444127928,-0.830364,-1.508124,2.334147722186594
1684.0,6.0,1.3230135994159733,-6.093226,1.671801,4.28064876601536
1684.0,12.0,-2.3346735213220047,-6.22474,-3.039306,0.6229616452773818
1684.0,19.0,3.4355165591843075,66.808649,2.646861,6.393151725783694
1684.0,24.0,-5.132537899759574,-10.736438,-3.799319,-2.174902733160187
1684.0,25.0,-3.603349194195446,-7.521535,-3.025497,-0.6457140275960596
1684.0,29.0,-6.956787043881629,-8.709439,-3.252619,-3.9991518772822428
1684.0,31.0,-6.009626030596709,6.655912,-0.165162,-3.0519908639973226
1685.0,2.0,1.3380263881339785,-4.743677,-0.92082,4.37373242883349
1685.0,5.0,2.7450915449387567,-8.065158,-1.602685,5.780797585638268
1685.0,6.0,2.8849591098456973,-6.573666,2.022664,5.92066515054521
1685.0,12.0,-0.2523895182208059,-7.541989,-3.22685,2.783316522478706
1685.0,19.0,5.324252333273486,34.968576,3.03409,8.359958373972997
1685.0,24.0,-5.575099954921087,-9.101277,-4.280241,-2.539393914221575
1685.0,25.0,-3.6199791296573514,-7.603918,-3.222898,-0.5842730889578394
1685.0,29.0,-7.869836875973619,-4.885708,-3.559267,-4.834130835274108
1685.0,31.0,-6.644970158241001,28.013933,-0.129523,-3.6092641175414886
1686.0,2.0,-1.2277860579509694,0.034158,-0.976436,1.9253015660635957
1686.0,5.0,-0.7814327584901398,2.522791,-1.651976,2.3716548655244254
1686.0,6.0,0.8334271671913224,-3.447707,2.104522,3.9865147912058876
1686.0,12.0,-2.773817350916177,-2.68635,-3.383587,0.3792702730983879
1686.0,19.0,3.002406752110401,19.029026,3.188456,6.155494376124967
1686.0,24.0,-5.911348131537102,-4.517568,-4.460359,-2.7582605075225373
1686.0,25.0,-4.1671302693926675,0.113824,-3.399897,-1.0140426453781024
1686.0,29.0,-6.5778069470592895,-8.849696,-3.75509,-3.4247193230447244
1686.0,31.0,-6.43466699279777,9.727216,-0.176369,-3.281579368783205
1687.0,2.0,-0.23919656150270374,-6.927605,-0.994599,3.2966300488858917
1687.0,5.0,0.33283226700222623,-7.672027,-1.743859,3.8686588773908217
1687.0,6.0,1.7523299488358024,-3.121385,2.074091,5.288156559224397
1687.0,12.0,-1.9045102103124911,-8.088597,-3.396898,1.6313164000761042
1687.0,19.0,4.138068091477412,17.373559,3.098135,7.673894701866008
1687.0,24.0,-6.529999871407884,-4.941167,-4.469678,-2.9941732610192884
1687.0,25.0,-4.216798200722833,-6.560595,-3.348263,-0.6809715903342375
1687.0,29.0,-7.708834367828712,-6.100309,-3.660321,-4.173007757440116
1687.0,31.0,-6.660007157108501,5.222635,-0.073575,-3.1241805467199053
1688.0,2.0,-2.0780642856350307,-4.874025,-0.916786,2.5032577601811665
1688.0,5.0,-2.576152162290538,-5.786811,-1.869859,2.0051698835256593
1688.0,6.0,-0.21237327414136875,2.117329,1.973461,4.3689487716748285
1688.0,12.0,-1.3753337477975949,-7.827539,-3.213327,3.2059882980186023
1688.0,19.0,1.5499595968705169,-1.167897,2.767436,6.131281642686714
1688.0,24.0,-4.999239251896118,0.325809,-4.319454,-0.4179172060799212
1688.0,25.0,-3.810347004186423,-7.667325,-3.0047,0.7709750416297743
1688.0,29.0,-4.6605846933450925,-8.001762,-3.229457,-0.07926264752889534
1688.0,31.0,-4.9981267328231676,-3.663072,0.218247,-0.4168046870069704
1689.0,2.0,-3.5349572288649567,-8.510437,0.122108,0.6929061831235694
1689.0,5.0,-6.834535193862093,1.276167,-1.456094,-2.606671781873567
1689.0,6.0,0.3928793788623385,6.552118,2.025988,4.620742790850865
1689.0,12.0,-4.033842399956832,-10.975423,-1.661233,0.19402101203169408
1689.0,19.0,-0.021531139503180197,32.02344,1.960181,4.206332272485346
1689.0,24.0,-9.087101845587396,-14.514748,-3.414362,-4.85923843359887
1689.0,25.0,-6.862331938295317,-9.814516,-1.237689,-2.634468526306791
1689.0,29.0,-6.1617905278234755,-11.101949,-1.579067,-1.9339271158349494
1689.0,31.0,-1.8980909374567254,-12.978064,0.92946,2.3297724745318007
1690.0,2.0,-5.448507143294931,-0.370038,0.647674,5.314555046540704
1690.0,5.0,-9.807094344360845,-1.772674,-1.183514,0.95596784547479
1690.0,6.0,-0.18987920042877537,10.129046,2.408293,10.57318298940686
1690.0,12.0,-8.050867658457525,-3.311622,-1.162617,2.7121945313781097
1690.0,19.0,-3.084858829133328,-1.722801,2.142517,7.678203360702307
1690.0,24.0,-17.613753388252576,-0.080397,-3.436362,-6.850691198416941
1690.0,25.0,-11.345679582308243,-3.050619,-0.790376,-0.5826173924726081
1690.0,29.0,-13.747910905389263,-1.529996,-1.35767,-2.9848487155536283
1690.0,31.0,-9.930539548680242,-4.717994,1.042243,0.8325226411553928
1691.0,2.0,-4.14885930376586,4.607752,-0.780986,5.7463294424494915
1691.0,5.0,-6.924855442814201,2.314054,-3.767163,2.9703333034011505
1691.0,6.0,-2.3484052405130296,2.817765,1.862411,7.546783505702322
1691.0,12.0,-5.764110564921951,2.98451,-3.144769,4.131078181293401
1691.0,19.0,-4.031221435091144,4.553951,1.11897,5.863967311124208
1691.0,24.0,-16.44674970942125,-2.880309,-4.867332,-6.551560963205899
1691.0,25.0,-8.754920909834697,6.073268,-1.500808,1.140267836380655
1691.0,29.0,-11.756691333346893,2.554137,-1.038342,-1.8615025871315414
1691.0,31.0,-7.452452952146108,-0.11711,2.719645,2.442735794069244
1692.0,2.0,-6.9861457663959365,1.08456,-1.064706,2.9441095345836183
1692.0,5.0,-9.89816794761303,-3.637914,-4.020678,0.03208735336652424
1692.0,6.0,-5.794959542841476,13.1537,1.568135,4.135295758138079
1692.0,12.0,-7.811414271139385,-1.368698,-3.355257,2.11884102984017
1692.0,19.0,-8.074283313912366,3.078714,0.810861,1.8559719870671891
1692.0,24.0,-14.38272599822828,-1.983309,-4.775475,-4.4524706972487245
1692.0,25.0,-7.707621808986489,-0.128862,-1.580492,2.222633491993066
1692.0,29.0,-9.726048369623394,-3.975486,-0.923104,0.2042069313561612
1692.0,31.0,-3.7620258903138595,4.216135,2.828303,6.168229410665695
1693.0,2.0,-6.28074192550532,-2.004124,-1.04126,3.987855816845534
1693.0,5.0,-16.289526751179885,-5.184498,-4.119368,-6.020929008829031
1693.0,6.0,-4.6744885157920875,-1.268506,1.450985,5.594109226558767
1693.0,12.0,-8.59131814713722,-5.056587,-3.23627,1.6772795952136335
1693.0,19.0,-11.633834402566345,-0.308036,0.535055,-1.3652366602154906
1693.0,24.0,-15.34317162489309,1.532437,-4.632716,-5.074573882542236
1693.0,25.0,-4.961429784390261,-0.323482,-1.342346,5.307167957960593
1693.0,29.0,-4.7566556626681065,-2.615367,-0.601957,5.511942079682748
1693.0,31.0,2.0329470527017195,13.716836,3.031014,12.301544795052575
1694.0,2.0,-9.373101926825813,1.47066,-1.246282,-0.14996229982105547
1694.0,5.0,-16.14274517917531,-1.968657,-4.326529,-6.9196055521705535
1694.0,6.0,-10.413874816292298,-1.715625,1.020533,-1.1907351892875404
1694.0,12.0,-9.889771377848877,0.300357,-3.211514,-0.66663175084412
1694.0,19.0,-17.414751711745613,2.282963,-0.039169,-8.191612084740855
1694.0,24.0,-10.303189851734649,0.27621,-4.266527,-1.0800502247298915
1694.0,25.0,-4.663540643540464,0.946916,-1.135319,4.559598983464293
1694.0,29.0,-2.0889502437116194,0.021242,-0.156581,7.134189383293138
1694.0,31.0,2.4898285862675644,7.746489,3.243197,11.712968213272323
1695.0,2.0,-12.381535254378251,-2.107939,-1.78673,-2.4952698140721754
1695.0,5.0,-9.963922611864087,-3.638283,-4.742121,-0.07765717155801077
1695.0,6.0,-15.129306640682552,9.326804,0.450252,-5.243041200376476
1695.0,12.0,-8.171675482298012,1.549846,-3.595338,1.7145899580080641
1695.0,19.0,-17.21341733765305,-0.201228,-0.593689,-7.3271518973469725
1695.0,24.0,-5.156730450698633,-0.510867,-4.048833,4.729534989607443
1695.0,25.0,-6.84344857430165,-3.826215,-1.314162,3.0428168660044257
1695.0,29.0,-4.14976975845705,-2.23201,0.016177,5.736495681849026
1695.0,31.0,-3.318371561891809,21.072407,3.374314,6.567893878414267
1696.0,2.0,-14.676688499909543,-1.20518,-2.040253,-3.263339305061672
1696.0,5.0,-13.531217995560057,-5.494128,-4.575744,-2.117868800712186
1696.0,6.0,-17.82502531555908,-1.233504,0.093727,-6.41167612071121
1696.0,12.0,-10.174789302547222,0.122787,-3.659333,1.2385598923006498
1696.0,19.0,-21.917775629779438,-0.888632,-0.738451,-10.504426434931567
1696.0,24.0,-5.139163170894082,3.308461,-3.664865,6.274186023953789
1696.0,25.0,-7.457637292053328,-2.161526,-1.506809,3.955711902794543
1696.0,29.0,-3.3567742625794237,-1.804236,-0.09571,8.056574932268447
1696.0,31.0,-1.5255997141912845,13.641891,3.042341,9.887749480656588
1697.0,2.0,-12.198500683355919,2.487955,-2.116505,-6.0351136601721915
1697.0,5.0,-10.594329132794952,-2.437416,-4.461733,-4.430942109611225
1697.0,6.0,-12.158129069477848,-6.741389,-0.102844,-5.994742046294121
1697.0,12.0,-11.69745153843083,2.04447,-3.597621,-5.534064515247103
1697.0,19.0,-13.070801721947847,6.161174,-0.874765,-6.90741469876412
1697.0,24.0,-4.814159099532429,-3.989603,-3.394567,1.3492279236512985
1697.0,25.0,-7.733803574578878,4.523155,-1.499728,-1.5704165513951507
1697.0,29.0,-5.051092925847589,0.148968,-0.048744,1.1122940973361377
1697.0,31.0,-5.671921757586676,8.032084,2.907978,0.49146526559705084
1698.0,2.0,-13.09684246472304,-8.612049,-1.999481,-3.605763414444235
1698.0,5.0,-12.144378536119037,-8.821316,-4.653558,-2.6532994858402326
1698.0,6.0,-15.995169825259863,-1.996343,0.118367,-6.504090774981059
1698.0,12.0,-9.888147032559806,-4.485251,-3.629956,-0.39706798228100126
1698.0,19.0,-18.21428999715687,-5.378348,-0.80161,-8.723210946878067
1698.0,24.0,-6.919866836541667,-0.625619,-3.701378,2.5712122137371374
1698.0,25.0,-6.458023195430402,-6.497623,-1.410604,3.033055854848402
1698.0,29.0,-3.1706402589717717,-0.683437,0.019733,6.320438791307033
1698.0,31.0,-0.8493705353724953,42.982444,3.171839,8.641708514906309
1699.0,2.0,-8.991888928293685,-2.906599,-1.74306,0.6956704517231742
1699.0,5.0,-15.20450002986336,-9.705103,-4.867813,-5.5169406498465
1699.0,6.0,-10.566885652088875,-5.567211,0.676369,-0.8793262720720154
1699.0,12.0,-8.31253315378087,-2.56963,-3.73615,1.3750262262359882
1699.0,19.0,-17.54433033932527,2.085123,-0.384583,-7.856770959308411
1699.0,24.0,-9.919018038927147,-2.349741,-4.389918,-0.23145865891028805
1699.0,25.0,-4.534271072917132,-0.887453,-1.418996,5.153288307099727
1699.0,29.0,-1.5319922099607162,0.024375,-0.133584,8.155567170056143
1699.0,31.0,3.1588442176735745,66.038681,3.466516,12.846403597690433
1700.0,2.0,-7.490729751297109,-4.08842,-1.326149,-0.7777769687487082
1700.0,5.0,-8.327022069921538,-6.232205,-4.666987,-1.6140692873731375
1700.0,6.0,-5.302559417391142,0.002184,1.443844,1.410393365157259
1700.0,12.0,-8.198402285297336,-3.940646,-3.727317,-1.485449502748935
1700.0,19.0,-3.7466017671837557,-8.987905,0.462321,2.966351015364645
1700.0,24.0,-10.655012148397224,-4.497052,-5.07502,-3.9420593658488237
1700.0,25.0,-7.8078145424723475,-0.656409,-1.591079,-1.0948617599239467
1700.0,29.0,-7.563938881856488,-0.537957,-0.668614,-0.8509860993080869
1700.0,31.0,-4.0816088149692105,75.032106,3.350508,2.6313439675791903
1701.0,2.0,-8.01557515848862,-12.888735,-1.858448,-2.2613260382177955
1701.0,5.0,-9.488985266373637,-10.229702,-4.556586,-3.7347361461028132
1701.0,6.0,-5.708819293444633,0.388622,1.45484,0.04542982682619101
1701.0,12.0,-10.174605828282958,-7.47025,-4.516688,-4.420356708012134
1701.0,19.0,-4.218935940889522,-0.691387,1.159728,1.5353131793813022
1701.0,24.0,-9.9968137736931,-10.973641,-5.450936,-4.242564653422276
1701.0,25.0,-8.304146048729462,-10.047992,-2.73101,-2.5498969284586384
1701.0,29.0,-8.00719372199059,-6.686949,-1.870755,-2.2529446017197667
1701.0,31.0,-3.7967743421500026,65.65716,2.574767,1.9574747781208215
1702.0,2.0,-5.379684948519945,2.092957,-2.68754,0.8344573200016887
1702.0,5.0,-10.700184471614035,-13.549975,-4.558878,-4.486042203092401
1702.0,6.0,-3.4611475755469145,2.540181,0.540909,2.7529946929747195
1702.0,12.0,-7.677427621692613,-9.596041,-4.995859,-1.4632853531709786
1702.0,24.0,-11.475052462328776,-17.211444,-4.787199,-5.260910193807142
1702.0,25.0,-4.5150301944840185,-11.678695,-3.329989,1.6991120740376155
1702.0,29.0,-4.718165059019664,-9.807583,-2.1288,1.4959772095019703
1702.0,31.0,0.5537955853306239,58.28742,2.027579,6.767937853852258
1703.0,2.0,-1.9109107512385934,2.697874,-2.778309,0.19072676128208643
1703.0,5.0,-3.0849724946456694,-3.343397,-4.416598,-0.9833349821249895
1703.0,6.0,-0.051554603580468705,-5.323799,0.441398,2.0500829089402113
1703.0,12.0,-3.709756387044436,-3.011322,-5.032319,-1.6081188745237562
1703.0,24.0,-5.601196625776034,-2.792914,-4.653321,-3.4995591132553545
1703.0,25.0,-1.7811268648954997,1.659474,-3.480256,0.3205106476251802
1703.0,29.0,-3.538671781473595,-0.267851,-2.289148,-1.4370342689529152
1703.0,31.0,-1.9006039281388514,26.021686,1.794374,0.2010335843818285
1704.0,2.0,-3.6222314029082137,-2.842007,-2.723561,-1.7102239534883599
1704.0,5.0,-3.3841560389287095,0.524069,-4.331226,-1.4721485895088557
1704.0,6.0,-2.1259981008816773,5.442104,0.489983,-0.2139906514618235
1704.0,12.0,-5.204058930742762,-5.254558,-4.981553,-3.292051481322908
1704.0,24.0,-2.6421543809451356,-16.22269,-4.64299,-0.7301469315252818
1704.0,25.0,-4.887983447164799,-0.633371,-3.478024,-2.975975997744945
1704.0,29.0,-4.67116629320571,-8.346082,-2.332378,-2.759158843785856
1704.0,31.0,-2.190945102677129,16.331499,1.73219,-0.2789376532572754
1705.0,2.0,-2.7894361899913163,-13.99847,-2.769719,-1.7970213779997277
1705.0,5.0,-2.5809666718889783,-6.585433,-4.396237,-1.5885518598973898
1705.0,6.0,0.09084739842077105,0.502396,0.457067,1.0832622104123595
1705.0,12.0,-4.634770947756846,-13.319118,-5.031634,-3.642356135765257
1705.0,24.0,-5.056956367782161,-3.011784,-4.658711,-4.064541555790572
1705.0,25.0,-4.8786886088168355,-3.627974,-3.495459,-3.8862737968252468
1705.0,29.0,-4.549555337682631,-13.679535,-2.315596,-3.557140525691042
1705.0,31.0,-3.265175572940211,40.12749,1.770336,-2.2727607609486222
1706.0,2.0,-4.159762814000058,2.14835,-2.721397,-1.8528023948364556
1706.0,5.0,-4.410048456214412,-0.835896,-4.384152,-2.103088037050809
1706.0,6.0,-2.424297232879634,-0.523694,0.488458,-0.11733681371603133
1706.0,12.0,-5.970966755966274,-7.95382,-4.985047,-3.6640063368026716
1706.0,24.0,-3.2547449608707115,-20.343669,-4.660415,-0.9477845417071089
1706.0,25.0,-5.2830945300601515,2.341768,-3.443529,-2.976134110896549
1706.0,29.0,-4.986903574146398,-11.178076,-2.277725,-2.6799431549827952
1706.0,31.0,-2.125243869698517,68.693695,1.797309,0.18171654946508564
1707.0,2.0,-3.3644290883388726,-7.562495,-2.683059,-1.057248555753477
1707.0,5.0,-4.448549312085757,-8.669177,-4.371083,-2.1413687795003615
1707.0,6.0,-0.6004494182491272,-3.06781,0.511899,1.7067311143362685
1707.0,12.0,-5.517889052946452,-14.990129,-4.946625,-3.2107085203610564
1707.0,24.0,-5.355314186893637,-15.159292,-4.658054,-3.048133654308242
1707.0,25.0,-4.558007466479779,-10.083356,-3.402906,-2.2508269338943836
1707.0,29.0,-5.038398885430021,-14.101596,-2.248654,-2.731218352844625
1707.0,31.0,-1.4583248118294536,33.311661,1.815014,0.848855720755942
1708.0,2.0,-3.9070713961675265,2.250459,-2.642676,-0.3359332330110316
1708.0,5.0,-1.9082978872598506,-7.445834,-4.330156,1.6628402758966443
1708.0,6.0,-2.9782816956429934,5.538151,0.527595,0.5928564675135015
1708.0,12.0,-3.2674255777278844,-10.030929,-4.895369,0.30371258542861046
1708.0,24.0,-3.2307711768473557,-21.574596,-4.631156,0.3403669863091392
1708.0,25.0,-4.547246546745281,-3.919542,-3.365448,-0.9761083835887865
1708.0,29.0,-5.397584076063217,-8.858534,-2.228895,-1.8264459129067223
1708.0,31.0,-3.131567209155385,41.978634,1.805308,0.4395709540011099
1709.0,2.0,-2.827663235523687,4.46701,-2.598155,1.2601571516703274
1709.0,5.0,-1.6414620889881242,-0.68376,-4.317845,2.4463582982058902
1709.0,6.0,-2.9770942155085085,3.282603,0.550953,1.110726171685506
1709.0,12.0,-3.0652401523915698,-7.319672,-4.847779,1.0225802348024446
1709.0,24.0,-3.2579371402914825,-23.830981,-4.624333,0.8298832469025319
1709.0,25.0,-4.78089872452486,-10.771942,-3.311933,-0.6930783373308458
1709.0,29.0,-5.874992183225793,-10.568573,-2.186385,-1.787171796031779
1710.0,2.0,-3.5148531337258113,1.378557,-2.550827,1.111062603750253
1710.0,5.0,-2.698818950805583,-1.955661,-4.307089,1.9270967866704813
1710.0,6.0,-4.5668866414081,5.034912,0.576766,0.059029096067964026
1710.0,12.0,-3.8917856723322783,-4.905782,-4.798248,0.7341300651437859
1710.0,24.0,-2.9988232230990066,7.907692,-4.619559,1.6270925143770576
1710.0,25.0,-5.7220093584913885,-10.700717,-3.254743,-1.0960936210153243
1710.0,29.0,-5.88551237222954,-7.970616,-2.140551,-1.2595966347534757
1711.0,2.0,-1.3315766558450122,-5.68743,-2.508754,2.6623395309268343
1711.0,5.0,-3.79072021318662,0.264182,-4.300118,0.20319597358522667
1711.0,6.0,0.4934284094638749,2.26682,0.600035,4.4873445962357215
1711.0,12.0,-4.059519200927882,-1.095438,-4.754899,-0.06560301415603575
1711.0,24.0,-7.137577679399647,14.146962,-4.616839,-3.1436614926278006
1711.0,25.0,-4.0114301173291835,-9.831183,-3.202897,-0.017513930557337076
1711.0,29.0,-6.209446512768378,-4.203331,-2.097959,-2.2155303259965313
1712.0,2.0,-4.1760191531900315,-16.305649,-2.457454,-1.3797443137383505
1712.0,5.0,-4.892689757602313,-6.48549,-4.287232,-2.096414918150632
1712.0,6.0,-2.6731689638667273,2.829114,0.627631,0.12310587558495367
1712.0,12.0,-6.366213321114472,-9.002676,-4.7007,-3.569938481662791
1712.0,24.0,-5.344267218031293,-8.2959,-4.610716,-2.547992378579612
1712.0,25.0,-5.125759208541896,-11.383776,-3.141069,-2.329484369090215
1712.0,29.0,-5.25887003153496,-10.869399,-2.048752,-2.4625951920832794
1712.0,31.0,-1.6041086585764557,131.059586,1.922864,1.1921661808752253
1713.0,2.0,-4.044758610833295,-4.654172,-2.421074,-1.2171940308461604
1713.0,5.0,-4.839204876488274,-10.479196,-4.272206,-2.011640296501139
1713.0,6.0,-2.9871222184226243,2.324106,0.640081,-0.15955763843548976
1713.0,12.0,-6.005007618876779,-11.776253,-4.655884,-3.1774430388896446
1713.0,24.0,-4.392430074871782,-10.802876,-4.593554,-1.5648654948846472
1713.0,25.0,-5.318020072324823,-10.163268,-3.092741,-2.4904554923376887
1713.0,29.0,-4.995646117891235,-9.927054,-2.008226,-2.1680815379041007
1713.0,31.0,-2.6597200027138364,70.391326,1.941332,0.16784457727329816
1714.0,2.0,-4.193361953550931,-20.441869,-2.409543,-0.9708422058766759
1714.0,5.0,-6.435345481163226,-13.753313,-4.254582,-3.2128257334889705
1714.0,6.0,-4.232233436089733,0.497521,0.628158,-1.009713688415478
1714.0,12.0,-6.279119079169585,-17.768748,-4.627499,-3.05659933149533
1714.0,24.0,-5.22436708083928,-19.125971,-4.559598,-2.001847333165025
1714.0,25.0,-4.960252954933737,-13.038424,-3.067324,-1.737733207259482
1714.0,29.0,-3.4729605662556855,-15.085687,-1.982621,-0.2504408185814304
1714.0,31.0,-1.4573527444197838,86.550861,1.938732,1.7651670032544713
1715.0,2.0,-3.2968207585863563,-23.354253,-2.403786,-0.416429820999797
1715.0,5.0,-4.121704848838962,-11.6615,-4.236541,-1.2413139112524028
1715.0,6.0,-3.3531280256487794,-4.321808,0.610494,-0.47273708806222015
1715.0,12.0,-4.732216451961587,-15.126661,-4.602879,-1.8518255143750273
1715.0,24.0,-4.256749466192561,6.771161,-4.521711,-1.3763585286060018
1715.0,25.0,-4.455724428587909,-7.283059,-3.047021,-1.57533349100135
1715.0,29.0,-3.8454863313943592,-12.152927,-1.960192,-0.9650953938078
1715.0,31.0,-1.9317657738375207,80.199253,1.931509,0.9486251637490386
1716.0,2.0,-4.435531374815221,-28.042795,-2.399939,-0.6949031633307432
1716.0,5.0,-4.712221268895447,-10.775177,-4.217321,-0.9715930574109692
1716.0,6.0,-4.751552876360464,-15.373048,0.589874,-1.0109246648759869
1716.0,12.0,-5.394072910183092,-19.705219,-4.578489,-1.6534446986986144
1716.0,24.0,-3.949938995329485,1.893991,-4.480579,-0.20931078384500745
1716.0,25.0,-5.1811009552874925,-15.331353,-3.027778,-1.440472743803015
1716.0,29.0,-4.581487014186181,-16.949236,-1.938117,-0.8408588027017037
1716.0,31.0,-3.2803938699065416,82.526592,1.922025,0.46023434157793597
1717.0,2.0,-3.963831772234294,-13.381987,-2.4021,-0.7534341001628349
1717.0,5.0,-4.2481699703893545,-2.550888,-4.196013,-1.0377722983178952
1717.0,6.0,-3.985254532027837,-0.152976,0.562545,-0.7748568599563779
1717.0,12.0,-5.086160874085627,-4.672992,-4.557193,-1.8757632020141672
1717.0,24.0,-4.070280241560991,2.61881,-4.43359,-0.8598825694895318
1717.0,25.0,-4.817411061616675,-4.680496,-3.013958,-1.6070133895452159
1717.0,29.0,-4.304716414147642,-3.864758,-1.919716,-1.094318742076183
1718.0,2.0,-4.442818921763311,-22.710881,-2.411814,-1.5511697136843803
1718.0,5.0,-4.888406426841514,-21.933528,-4.173057,-1.9967572187625833
1718.0,6.0,-2.8578881067867954,-26.902388,0.527535,0.033761101292135276
1718.0,12.0,-5.338271971073059,-32.284741,-4.540532,-2.4466227629941284
1718.0,19.0,-0.6287786924667139,-10.791071,0.627785,2.262870515612217
1718.0,24.0,-4.93054738545798,-13.10305,-4.380727,-2.0388981773790493
1718.0,25.0,-5.107080893234849,-27.342176,-3.007268,-2.215431685155918
1718.0,29.0,-4.592629224889913,-27.319174,-1.906224,-1.7009800168109828
1718.0,31.0,-2.7288760146501474,102.385063,1.88285,0.16277319342878327
1719.0,2.0,-4.6531357007111,-32.952044,-2.409349,-1.0735491113648088
1719.0,5.0,-6.395292555166329,-24.573339,-4.125063,-2.8157059658200385
1719.0,6.0,-4.211699289906728,-26.629558,0.505214,-0.6321127005604374
1719.0,12.0,-5.90965387605362,-29.992328,-4.51317,-2.3300672867073295
1719.0,19.0,-1.7578860509015195,-24.773353,0.624181,1.8217005384447713
1719.0,24.0,-5.31343527262707,-24.877858,-4.325798,-1.7338486832807796
1719.0,25.0,-5.490899869337178,-29.369716,-3.005446,-1.9113132799908872
1719.0,29.0,-4.4229520322856155,-27.693055,-1.91074,-0.8433654429393247
1719.0,31.0,-2.4304899094129047,102.671626,1.837802,1.1490966799333862
1720.0,2.0,-5.481591221328821,-24.106094,-2.562402,-1.727678803486731
1720.0,5.0,-7.789539833346624,-20.416915,-4.114216,-4.035627415504534
1720.0,6.0,-5.560616520952884,-23.43583,0.342771,-1.806704103110794
1720.0,12.0,-6.979739814420038,-20.932597,-4.605281,-3.2258273965779485
1720.0,19.0,-3.6112104677228283,-18.73133,0.555952,0.14270195011926168
1720.0,24.0,-5.887095705144828,-6.413344,-4.206019,-2.1331832873027383
1720.0,25.0,-5.949064170964832,-21.63307,-3.130378,-2.1951517531227425
1720.0,29.0,-3.670275577647126,-22.716609,-1.979173,0.08363684019496409
1720.0,31.0,-2.6226916417697037,75.847885,1.719118,1.1312207760723862
1721.0,2.0,-8.200175878708825,-34.322703,-2.643784,-2.783890925338765
1721.0,5.0,-10.562263565767152,-15.28046,-4.163105,-5.1459786123970925
1721.0,6.0,-7.0333071509455,-15.303421,0.254413,-1.6170221975754409
1721.0,12.0,-11.185520677520694,-12.123687,-4.659699,-5.769235724150635
1721.0,19.0,-2.465269812416178,-12.548717,0.478285,2.9510151409538814
1721.0,24.0,-7.610555899453311,-8.167821,-4.162802,-2.1942709460832512
1721.0,25.0,-8.82270440218756,-14.117078,-3.163328,-3.4064194488175
1721.0,29.0,-7.2688915688876845,-12.499744,-1.962431,-1.852606615517625
1721.0,31.0,-3.740252503683174,71.571841,1.722584,1.6760324496868853
1722.0,2.0,-9.475969212791064,-18.25963,-2.509752,1.2792162530736118
1722.0,5.0,-14.576171362255488,-11.177805,-4.144203,-3.8209858963908125
1722.0,6.0,-11.25334321487376,-6.039929,0.362531,-0.49815774900908494
1722.0,12.0,-12.572715780047567,-12.163026,-4.548598,-1.817530314182891
1722.0,19.0,-8.782780467337085,-20.772248,0.505232,1.9724049985275904
1722.0,24.0,-11.267066397847525,-20.469966,-4.205804,-0.5118809319828497
1722.0,25.0,-13.034106833513432,-10.357966,-3.032909,-2.2789213676487563
1722.0,29.0,-11.326931785152988,-11.044089,-1.875859,-0.5717463192883123
1722.0,31.0,-8.600306436828253,69.550838,1.807188,2.1548790290364224
1723.0,2.0,-5.3814072257845185,-18.159116,-2.458493,-1.669894143978413
1723.0,5.0,-7.586061135113341,-8.350067,-4.11551,-3.8745480533072354
1723.0,6.0,-6.086382039710249,-10.005063,0.395468,-2.3748689579041433
1723.0,12.0,-7.275795843244129,-6.631538,-4.496916,-3.5642827614380237
1723.0,19.0,-3.503513861704646,-8.918512,0.517579,0.20799922010145933
1723.0,24.0,-5.378525974370176,-12.97454,-4.200647,-1.6670128925640708
1723.0,25.0,-6.138436523794684,-7.593577,-2.986392,-2.426923441988578
1723.0,29.0,-4.004040422064517,-4.229126,-1.849522,-0.29252734025841187
1723.0,31.0,-3.3018963489008955,73.750049,1.817167,0.40961673290521006
1724.0,2.0,-15.975436856816684,-39.978807,-2.427397,-4.044618541398316
1724.0,5.0,-15.876076356959137,-8.584421,-4.121961,-3.94525804154077
1724.0,6.0,-19.706536728747935,-11.273949,0.418781,-7.775718413329567
1724.0,12.0,-14.138340926639113,-17.069966,-4.471611,-2.207522611220746
1724.0,19.0,-19.240938288250813,-15.333784,0.513409,-7.310119972832446
1724.0,24.0,-5.777814081609267,-11.759987,-4.212335,6.1530042338091
1724.0,25.0,-10.579755469690925,-8.518524,-2.948645,1.3510628457274425
1724.0,29.0,-7.400198793638412,-7.017158,-1.816956,4.530619521779955
1724.0,31.0,-5.335763982735281,41.582423,1.85007,6.595054332683087
1725.0,2.0,-5.023356909127934,-1.628583,-2.398232,-2.086170491535571
1725.0,5.0,-7.300534516243058,-6.257712,-4.135318,-4.363348098650695
1725.0,6.0,-5.676670548901001,-4.240967,0.445962,-2.7394841313086373
1725.0,12.0,-6.75352892017069,-13.564434,-4.453269,-3.8163425025783266
1725.0,19.0,-3.408455759179109,-8.010656,0.512525,-0.4712693415867455
1725.0,24.0,-5.282486098187408,-0.401348,-4.233975,-2.3452996805950446
1725.0,25.0,-5.866882720020475,-1.1752,-2.915246,-2.9296963024281113
1725.0,29.0,-3.199539926854496,-0.575171,-1.788019,-0.2623535092621325
1726.0,2.0,-7.093913685369567,-21.035481,-2.356952,1.6329959211432348
1726.0,5.0,-13.078293590525998,-7.126685,-4.132713,-4.3513839840131965
1726.0,6.0,-6.618857547139991,-11.136035,0.481304,2.1080520593728105
1726.0,12.0,-11.046984864218329,-23.195944,-4.421722,-2.3200752577055272
1726.0,19.0,-5.511958950308412,-4.10069,0.521591,3.2149506562043895
1726.0,24.0,-12.449936421465646,-19.765125,-4.251138,-3.723026814952844
1726.0,25.0,-12.070465797204614,-6.64183,-2.876348,-3.343556190691812
1726.0,29.0,-10.674435992145161,-7.778747,-1.761784,-1.9475263856323597
1726.0,31.0,-6.054793027811082,74.229643,1.915449,2.6721165787017194
1727.0,2.0,-5.0984068340115,-0.209898,-2.314532,1.7344029498937168
1727.0,5.0,-10.952586451536488,-2.861471,-4.130488,-4.119776667631272
1727.0,6.0,-4.3960843099090665,-0.262927,0.515633,2.43672547399615
1727.0,12.0,-8.98267411583895,-10.638906,-4.387703,-2.149864331933734
1727.0,19.0,-2.6661487438576366,-7.576416,0.527526,4.16666104004758
1727.0,24.0,-10.56036557677456,-7.809751,-4.266197,-3.7275557928693432
1727.0,25.0,-10.689238264042732,1.088903,-2.833782,-3.8564284801375157
1727.0,29.0,-9.362348056985809,-0.788301,-1.731283,-2.5295382730805924
1728.0,2.0,-6.286064496020547,-0.236994,-2.272019,1.6545601045832807
1728.0,5.0,-12.342694142188519,-0.870121,-4.128358,-4.402069541584691
1728.0,6.0,-5.544854285270289,8.981794,0.550366,2.3957703153335386
1728.0,12.0,-10.46573696514389,-2.775932,-4.353913,-2.525112364540062
1728.0,19.0,-4.5355804832892614,-19.563585,0.533901,3.4050441173145662
1728.0,24.0,-12.299684916475309,17.220278,-4.281826,-4.359060315871481
1728.0,25.0,-11.494941763047757,8.919958,-2.791448,-3.5543171624439296
1728.0,29.0,-10.22585281714176,3.058744,-1.701126,-2.2852282165379325
1729.0,2.0,-6.035414444418927,1.062371,-2.244141,1.32678331016995
1729.0,5.0,-11.196693285621503,-0.001305,-4.12581,-3.8344955310326263
1729.0,6.0,-5.5669353160615795,8.186988,0.571225,1.7952624385272973
1729.0,12.0,-9.37164340417698,-1.456916,-4.330295,-2.0094456495881037
1729.0,19.0,-3.2736026496834434,-21.757261,0.535885,4.088595104905433
1729.0,24.0,-10.81694898203135,-14.528661,-4.288672,-3.4547512274424736
1729.0,25.0,-11.31466695609332,7.253691,-2.762508,-3.952469201504444
1729.0,29.0,-9.668543752398714,4.373178,-1.679509,-2.306345997809837
1730.0,2.0,-14.106714217485086,-4.680622,-2.226143,-0.36429593997444165
1730.0,5.0,-19.048659286021277,0.119131,-4.122746,-5.306241008510632
1730.0,6.0,-12.904712921867317,1.87958,0.58284,0.8377053556433278
1730.0,12.0,-14.792811762207942,-7.82626,-4.313613,-1.050393484697297
1730.0,19.0,-13.293726563021375,-20.763614,0.535259,0.4486917144892697
1730.0,24.0,-15.79943396388141,-0.197369,-4.289655,-2.0570156863707663
1730.0,25.0,-13.415946641095298,7.492051,-2.742885,0.3264716364153468
1730.0,29.0,-12.109809810837136,1.678548,-1.664065,1.6326084666735081
1730.0,31.0,-7.650265134096398,97.825392,2.007704,6.092153143414246
1731.0,2.0,-6.071152081862411,3.591235,-2.212166,1.3564662758953387
1731.0,5.0,-9.009327879119963,-9.169522,-4.119436,-1.5817095213622139
1731.0,6.0,-5.393250560408613,-7.485309,0.590486,2.0343677973491365
1731.0,12.0,-7.745072461132554,-5.939552,-4.299579,-0.3174541033748044
1731.0,24.0,-10.413633200477431,-0.884005,-4.287948,-2.9860148427196815
1731.0,25.0,-8.528096170272567,1.009794,-2.726835,-1.1004778125148178
1731.0,29.0,-8.574935432033154,-3.773315,-1.650845,-1.1473170742754046
1731.0,31.0,-4.936082955757679,87.421199,2.015932,2.4915354020000704
1732.0,2.0,-4.843290141340094,2.092106,-2.210265,0.3215153893787477
1732.0,5.0,-7.199152286456779,-11.448013,-4.115803,-2.0343467557379373
1732.0,6.0,-3.3350617545843564,-6.489406,0.586939,1.8297437761344852
1732.0,12.0,-6.43229852910494,-9.671148,-4.294134,-1.267492998386098
1732.0,24.0,-9.19475494430032,-5.282645,-4.279341,-4.029949413581478
1732.0,25.0,-7.174398154139444,0.317229,-2.722114,-2.0095926234206027
1732.0,29.0,-6.7702960735244,-4.567752,-1.645061,-1.6054905428055584
1732.0,31.0,-2.7884922810492627,82.219864,2.014705,2.376313249669579
1733.0,2.0,-6.537284236295104,-3.738712,-2.212818,-2.581799720367572
1733.0,5.0,-8.233845987407378,-11.485335,-4.112193,-4.278361471479846
1733.0,6.0,-5.443136100979218,-7.405485,0.579218,-1.4876515850516858
1733.0,12.0,-8.628993418378302,-12.674255,-4.291833,-4.67350890245077
1733.0,19.0,-0.8604556868701413,-14.544547,0.521492,3.095028829057391
1733.0,24.0,-6.156844307536658,-31.057813,-4.268185,-2.201359791609126
1733.0,25.0,-7.938416890542039,-5.043418,-2.721433,-3.9829323746145073
1733.0,29.0,-6.187675434598275,-8.457666,-1.64182,-2.232190918670743
1733.0,31.0,-2.9092458480471755,98.445151,2.010187,1.0462386678803566
1734.0,2.0,-3.1844208187882965,-6.706283,-2.215395,1.597784573895472
1734.0,5.0,-4.978902502175763,-11.405064,-4.108349,-0.19669710949199448
1734.0,6.0,-2.65896329720473,-6.633397,0.57108,2.1232420954790383
1734.0,12.0,-4.132673135249775,-18.293861,-4.289185,0.649532257433993
1734.0,24.0,-4.838611593783416,-8.647303,-4.256353,-0.056406201099648
1734.0,25.0,-5.651589534240068,-5.207284,-2.720446,-0.8693841415562993
1734.0,29.0,-6.259373996969921,-9.469517,-1.638192,-1.4771686042861525
1734.0,31.0,-3.947344902516023,98.881329,2.005564,0.8348604901677454
1735.0,2.0,-0.8840605355300505,25.490836,-2.218038,2.182150345077159
1735.0,5.0,-3.1575262456289783,1.340604,-4.104431,-0.09131536502176907
1735.0,6.0,-0.16870768359831,2.651041,0.56257,2.8975031970088994
1735.0,12.0,-2.1053714330758213,-0.772485,-4.286312,0.960839447531388
1735.0,24.0,-3.4075245297239327,14.519929,-4.244012,-0.34131364911672346
1735.0,25.0,-4.215977280813496,7.888448,-2.719198,-1.1497664002062864
1735.0,29.0,-5.0621613777826875,4.03668,-1.634186,-1.9959504971754782
1736.0,2.0,-0.2785533208724812,13.640191,-2.236608,1.8079327293002132
1736.0,5.0,-0.9969518869558823,4.810843,-4.098671,1.089534163216812
1736.0,6.0,1.0770401053324914,3.602519,0.538853,3.1635261555051857
1736.0,12.0,-1.299737000061973,0.219723,-4.294191,0.7867490501107213
1736.0,24.0,-2.78312318896997,11.093719,-4.221294,-0.6966371387972758
1736.0,25.0,-3.0284274028831413,8.080174,-2.733185,-0.941941352710447
1736.0,29.0,-4.5682811860960735,1.726828,-1.640609,-2.481795135923379
1737.0,2.0,-4.40459298006176,14.25362,-2.262251,0.7694686977506322
1737.0,5.0,-9.040178911229269,2.4164,-4.090109,-3.866117233416877
1737.0,6.0,-3.052392886992583,5.041362,0.507588,2.121668790819809
1737.0,12.0,-7.619819767852543,-0.773299,-4.305916,-2.445758090040151
1737.0,19.0,-0.8731384727453683,-10.026522,0.482629,4.300923205067024
1737.0,24.0,-9.613896941486173,8.478785,-4.191969,-4.439835263673781
1737.0,25.0,-10.506444948132566,7.486152,-2.754153,-5.332383270320174
1737.0,29.0,-8.9615529028772,-1.89022,-1.652252,-3.787491225064808
1737.0,31.0,-4.035700105797415,147.303173,1.955576,1.1383615720149773
1738.0,2.0,-1.4695140053119546,17.090431,-2.258857,1.8916352227040178
1738.0,5.0,-3.5364274731479517,3.129198,-4.082404,-0.1752782451319792
1738.0,6.0,-0.6999466645631581,6.65593,0.502709,2.6612025634528145
1738.0,12.0,-2.677199962353659,2.219153,-4.29659,0.6839492656623136
1738.0,24.0,-4.511672288555542,6.974745,-4.178583,-1.1505230605395695
1738.0,25.0,-3.909082514990634,15.392823,-2.747219,-0.5479332869746614
1738.0,29.0,-4.751132762338972,4.548766,-1.645086,-1.3899835343229991
1739.0,2.0,-6.080490512932021,11.105229,-2.204537,-0.4217612679786633
1739.0,5.0,-10.111087832293085,5.780742,-4.079083,-4.452358587339728
1739.0,6.0,-6.069042282688703,6.649686,0.545886,-0.4103130377353459
1739.0,12.0,-9.374603650480795,-1.865966,-4.252234,-3.7158744055274378
1739.0,19.0,-2.878753094455686,-14.611475,0.483215,2.779976150497671
1739.0,24.0,-8.76927789589424,9.565697,-4.196966,-3.110548650940882
1739.0,25.0,-10.867625585118189,17.421334,-2.69177,-5.208896340164832
1739.0,29.0,-8.58175282164945,4.588111,-1.605046,-2.9230235766960933
1739.0,31.0,-3.774229261684103,-21.064535,1.991428,1.8844999832692544
1740.0,2.0,-5.371121037328257,60.572636,-2.148827,-0.005995007262662
1740.0,5.0,-10.071731674327516,3.902227,-4.073917,-4.706605644261921
1740.0,6.0,-6.347511666922521,6.074862,0.589466,-0.9823856368569253
1740.0,12.0,-8.944050650252855,-5.728975,-4.205935,-3.5789246201872595
1740.0,19.0,-2.9277886990663675,-21.994351,0.490208,2.437337330999228
1740.0,24.0,-9.36539340735258,14.617037,-4.214109,-4.000267377286984
1740.0,25.0,-11.218142576143327,12.216243,-2.635078,-5.853016546077732
1740.0,29.0,-8.471014641072626,1.043187,-1.564479,-3.105888611007031
1740.0,31.0,-4.1415066793558415,-13.04826,2.03022,1.223619350709754
